name,output_center_sample,output_second,input_second,births_50ms,deaths_50ms,short_tracks_50ms,churn_50ms,active_tracks,output_rms_50ms,primary_rms_50ms,estimated_f0_hz,phase9c_harmonic_magnitude_variation_db,phase9c_spectral_envelope_variation,phase53_harmonic_magnitude_variation_db,phase53_spectral_envelope_variation,harmonic_variation_delta_db,envelope_variation_delta,selection
female_1,3600,0.075,0.0375,2,0,2,4,8,0.0821046016224677,0.08481004660923118,264.0,2.9309627112696277,0.18720005803274117,2.729167148347366,0.16326365475200272,0.20179556292226186,0.023936403280738455,
female_1,6000,0.125,0.0625,1,3,0,4,10,0.09096567558044695,0.08737331154284834,264.0,2.329842488090062,0.18356882249045486,1.1813219979957406,0.15664820166162288,1.1485204900943213,0.02692062082883198,
female_1,8400,0.175,0.0875,0,2,0,2,5,0.05464720759161149,0.06565241283268523,265.7265625,2.6457786403161934,0.18520299660925352,2.313303872111535,0.17944962508921392,0.3324747682046585,0.005753371520039602,
female_1,10800,0.225,0.1125,3,0,3,6,5,0.05621402933335144,0.05011712090287575,285.6484375,2.0586202921886487,0.1965840603477277,2.3565129348540497,0.1857483365750011,-0.29789264266540094,0.010835723772726624,
female_1,13200,0.275,0.1375,6,7,5,18,13,0.05802054269761988,0.057749393466875985,289.5390625,2.054491171749632,0.1844298143980938,3.437830744586512,0.16393501136511482,-1.38333957283688,0.020494803032978987,
female_1,15600,0.325,0.1625,1,2,1,4,7,0.04489205535755543,0.05490005979168412,267.2734375,3.3819958563215367,0.19980168095538328,2.6547081568197406,0.18630065804545218,0.7272876995017961,0.013501022909931104,
female_1,18000,0.375,0.1875,1,2,0,3,5,0.059759654529161835,0.07060814546852469,257.6328125,2.483933521296002,0.20475368835788618,2.9248011946131482,0.24029539281114506,-0.4408676733171464,-0.03554170445325888,
female_1,20400,0.425,0.2125,1,0,0,1,6,0.11290160549161374,0.10097528266121793,254.1171875,2.9431762895560993,0.18203918239675335,2.574623006795916,0.22961421355734427,0.3685532827601832,-0.04757503116059092,
female_1,22800,0.475,0.2375,3,1,0,4,6,0.07125629908312958,0.08800284943019912,254.0,2.553891679876624,0.19458631205846383,2.6965043851725636,0.20562416735937597,-0.1426127052959396,-0.011037855300912142,
female_1,25200,0.525,0.2625,3,0,2,5,10,0.04388735225308846,0.054617895370301525,259.7890625,3.376048087136998,0.17352830958351584,2.753831178294327,0.18092216343244077,0.6222169088426708,-0.007393853848924936,
female_1,27600,0.575,0.2875,3,3,2,8,12,0.05683813320305565,0.049193422865872076,282.0546875,1.8999270971252282,0.16722850359091432,3.1569090217499602,0.17211470565616183,-1.256981924624732,-0.004886202065247508,
female_1,30000,0.625,0.3125,1,2,1,4,10,0.04041054834832061,0.053828218101155276,289.40625,2.6098979230237664,0.17007246464859987,3.2121508883607457,0.1842902708337429,-0.6022529653369793,-0.014217806185143012,
female_1,32400,0.675,0.3375,1,7,1,9,8,0.03799032668144306,0.05182764386979403,284.71875,3.7306493159996434,0.20017516309078534,2.633322861227552,0.1678502929848066,1.0973264547720913,0.03232487010597873,
female_1,34800,0.725,0.3625,6,3,4,13,5,0.06095504842675252,0.06443505840008706,269.1171875,2.5607384592159645,0.1913557822553374,2.9082206109856346,0.17135281545563522,-0.34748215176967,0.020002966799702177,
female_1,37200,0.775,0.3875,0,2,0,2,7,0.08464349833335079,0.07720725508832936,254.0,2.8169398435826905,0.16522724013373954,2.710994868690607,0.17766383105901898,0.10594497489208354,-0.012436590925279434,
female_1,39600,0.825,0.4125,1,1,0,2,5,0.04575749104371417,0.04955203422047797,254.0,3.1339151239940826,0.18037994596658438,2.6277615680600053,0.16079274404711197,0.5061535559340773,0.019587201919472413,
female_1,42000,0.875,0.4375,7,3,6,16,7,0.03259071550195636,0.028109285488841857,265.171875,2.8331526640898814,0.17291186153430058,2.801955176618556,0.15445624794291243,0.031197487471325225,0.018455613591388143,
female_1,44400,0.925,0.4625,1,4,1,6,9,0.029337736700026554,0.030671743232979172,290.953125,2.9077921161627422,0.16930289470789006,2.2721780668687623,0.17546060010900794,0.6356140492939799,-0.0061577054011178745,
female_1,46800,0.975,0.4875,1,1,0,2,6,0.01480806354673121,0.028353682521742446,282.671875,2.5966398028196647,0.18557539319254612,3.2795226563274147,0.1859436411326655,-0.68288285350775,-0.0003682479401193872,
female_1,49200,1.025,0.5125,4,3,3,10,5,0.025218826934388153,0.027515992501803786,262.0,3.612835828556689,0.23172784574740132,4.071347920257589,0.26410563613522087,-0.45851209170089957,-0.032377790387819544,
female_1,51600,1.075,0.5375,0,2,0,2,6,0.03869731034010654,0.03616922622552487,262.0,3.3573585832272324,0.21874013356465147,3.31624720474044,0.26763860903104963,0.04111137848679247,-0.04889847546639817,
female_1,54000,1.125,0.5625,3,1,2,6,6,0.02653094939953374,0.030378049947795988,262.0,3.4307501347913294,0.18085348509880741,3.437514277378439,0.21036751681406055,-0.006764142587109667,-0.02951403171525313,
female_1,56400,1.175,0.5875,8,3,6,17,10,0.01686432281171894,0.021904843968688453,262.0,2.2336695629812087,0.18901956990269655,2.7954431532128052,0.23474922285030803,-0.5617735902315966,-0.04572965294761147,high
female_1,58800,1.225,0.6125,1,5,0,6,8,0.019391024201723988,0.019028933463275676,269.8203125,2.7154212599107392,0.18584703294018304,3.416226609099944,0.19504837213348036,-0.7008053491892046,-0.009201339193297325,
female_1,61200,1.275,0.6375,2,0,0,2,8,0.019760372235283447,0.021697110106694822,282.7109375,3.2242048901289513,0.20520124569815676,2.328068376329501,0.16068328255343234,0.8961365137994504,0.04451796314472442,
female_1,63600,1.325,0.6625,5,4,4,13,11,0.02053731603323324,0.023881937906600745,267.125,2.5208303900934093,0.1744691258059444,2.5105064454318837,0.17753155577416968,0.01032394466152553,-0.003062429968225283,
female_1,66000,1.375,0.6875,0,3,0,3,10,0.029961817748172095,0.028886716601307472,252.0,2.749344949967431,0.1939033225200522,2.7569932348567305,0.2109706238879588,-0.007648284889299362,-0.0170673013679066,
female_1,68400,1.425,0.7125,2,4,2,8,7,0.047195105297868765,0.04401711539865389,252.0,4.347886910261587,0.18694127753599357,3.218743179521885,0.24850820311875194,1.129143730739702,-0.061566925582758364,
female_1,70800,1.475,0.7375,3,3,1,7,5,0.03248809026449697,0.04058220421245506,253.140625,3.3580678671764854,0.2009680242086158,3.0081094039030254,0.19599638186254914,0.34995846327346003,0.004971642346066646,
female_1,73200,1.525,0.7625,2,0,2,4,7,0.014795893858244688,0.024525200484025542,255.484375,3.380615633485768,0.17250573599688374,2.816700499273532,0.17110174979367446,0.5639151342122362,0.0014039862032092787,
female_1,75600,1.575,0.7875,2,3,2,7,8,0.02428216697071087,0.023418380257394834,270.625,2.4207460030035213,0.17854210350986957,2.125059884973418,0.1567114573386222,0.29568611803010336,0.02183064617124736,
female_1,78000,1.625,0.8125,0,1,0,1,6,0.022738400193787124,0.024948036599954225,286.5390625,2.7501600107528086,0.18304818022364439,2.209730841985952,0.1679176370358418,0.5404291687668565,0.015130543187802575,
female_1,80400,1.675,0.8375,1,2,1,4,6,0.015119267077860269,0.024703122062704037,266.6171875,4.101835924055292,0.19514771472569767,5.2178606057368775,0.21630850501929388,-1.1160246816815853,-0.021160790293596216,
female_1,82800,1.725,0.8625,1,4,0,5,3,0.027541578672654384,0.03154743648201702,254.4296875,4.1777046125128035,0.23651472785173455,6.818178508230153,0.28390006551636765,-2.6404738957173493,-0.0473853376646331,
female_1,85200,1.775,0.8875,1,0,0,1,3,0.03570041610712023,0.036278054269588834,255.6015625,3.4065464096930436,0.19242193625907625,5.133810517375134,0.2663009134413408,-1.7272641076820907,-0.07387897718226458,
female_1,87600,1.825,0.9125,0,0,0,0,3,0.02608554609807788,0.03140471754699779,256.0,2.7111873450706,0.20293470338480782,2.662341774489487,0.21243372521564957,0.04884557058111305,-0.009499021830841753,control
female_1,90000,1.875,0.9375,3,2,1,6,4,0.012555441155343582,0.01914886615418062,256.0,2.788849807926336,0.19701486871108925,2.009863124986515,0.1605114757937582,0.7789866829398209,0.03650339291733104,
female_1,92400,1.925,0.9625,3,2,2,7,6,0.0185771677805679,0.018432514066283653,273.875,2.2612267175292464,0.17661299594980345,1.8109109476095502,0.1765981931109772,0.45031576991969624,1.4802838826266651e-05,
female_1,94800,1.975,0.9875,1,1,0,2,5,0.019521331748938955,0.019111772816774352,288.2890625,2.7500600366318637,0.19014922308347365,2.1467688966775365,0.19033648660353547,0.6032911399543273,-0.00018726352006182,
female_1,97200,2.025,1.0125,2,3,1,6,5,0.018389051442933454,0.016796826977169887,289.4609375,3.1861657639471272,0.18257221846314048,3.2721941092371063,0.2237032143196401,-0.08602834528997905,-0.041130995856499625,
female_1,99600,2.075,1.0375,3,1,1,5,6,0.013944879005171442,0.013165981834363296,281.140625,2.9405618207804025,0.20427125922628667,2.619715266577156,0.2469903830185189,0.32084655420324637,-0.04271912379223222,
female_1,102000,2.125,1.0625,1,2,0,3,6,0.014074125617804236,0.01641999896028755,264.734375,2.710249303857758,0.2236143150748506,2.5564218099086795,0.21524430172569237,0.1538274939490787,0.00837001334915824,
female_1,104400,2.175,1.0875,2,1,0,3,5,0.018668552379276757,0.016780754358262324,264.9296875,2.9929442086148677,0.1857622068589837,3.694601577644212,0.3091388306126421,-0.7016573690293444,-0.12337662375365838,
female_1,106800,2.225,1.1125,4,3,3,10,9,0.014383225620257388,0.013326555869273529,268.7421875,3.1384550721117987,0.19806807885958824,2.8868904506677513,0.22212802901661224,0.25156462144404745,-0.024059950157024,
female_1,109200,2.275,1.1375,5,1,4,10,10,0.008470909772176854,0.008351007124678452,274.6015625,2.8019783192604883,0.20001945838083054,6.70567877447059,0.22103188477876248,-3.9037004552101013,-0.021012426397931938,
female_1,111600,2.325,1.1625,6,9,6,21,10,0.00424811832618183,0.004212773956101535,301.1328125,4.082401684973919,0.19718451184581245,3.836501887954893,0.22803027588538974,0.24589979701902642,-0.030845764039577284,
female_1,114000,2.375,1.1875,3,4,1,8,6,0.0025829793719460733,0.0020958733716847045,356.2109375,4.4884902497938155,0.2055420410806237,3.5771012069408745,0.22752263378311752,0.911389042852941,-0.021980592702493806,
female_1,116400,2.425,1.2125,0,2,0,2,6,0.00246640288483291,0.002037960421632988,372.0,3.7189465990679995,0.21718963954653048,1.822343323808049,0.19015898524491126,1.8966032752599504,0.027030654301619217,
female_1,118800,2.475,1.2375,3,1,2,6,6,0.0040536920732165225,0.003959850301215182,372.015625,2.530204376750823,0.17460199282294392,2.1487845152684435,0.19502756878064337,0.3814198614823794,-0.02042557595769945,
female_1,121200,2.525,1.2625,1,2,1,4,6,0.003577102714935065,0.0058359639963286285,374.359375,3.446696729606839,0.20055117916104764,1.9808374969145954,0.1847999906779107,1.4658592326922437,0.015751188483136946,
female_1,123600,2.575,1.2875,1,1,1,3,5,0.006498822347324647,0.007298623519834826,376.0,2.284632481638864,0.19114757628192283,2.2104770110509016,0.17959912049268595,0.07415547058796257,0.011548455789236883,
female_1,126000,2.625,1.3125,4,2,2,8,8,0.0063138672305980085,0.006849536886089248,376.0,1.9467764562143657,0.18822468571105816,3.3794690581994065,0.19499658107531845,-1.4326926019850408,-0.006771895364260289,
female_1,128400,2.675,1.3375,1,3,1,5,7,0.006424854576585517,0.00609309505319893,373.9140625,3.967504060709229,0.19715136692475288,2.8836092683786685,0.18815376201708725,1.0838947923305606,0.00899760490766563,
female_1,130800,2.725,1.3625,4,0,0,4,8,0.006360326946562326,0.005624935582280046,370.3984375,3.310511601112818,0.21767863880230984,2.571876556007533,0.18233937841601586,0.7386350451052852,0.03533926038629398,
female_1,133200,2.775,1.3875,7,0,4,11,15,0.005391209760825289,0.005522660987402167,365.84375,2.974964783679839,0.19177845531809629,1.8941426553196803,0.18159339158690893,1.080822128360159,0.010185063731187355,
female_1,135600,2.825,1.4125,3,5,1,9,16,0.0065049814839656635,0.00515851895642458,363.4765625,2.3211443178561635,0.17370076783319968,2.2110326831250187,0.1816893580054178,0.11011163473114483,-0.007988590172218119,
female_1,138000,2.875,1.4375,2,6,1,9,11,0.003790079954167992,0.005815854653834496,371.6796875,2.186534003294499,0.19252458383134805,1.5130910896658767,0.17635720643703617,0.6734429136286222,0.01616737739431187,
female_1,140400,2.925,1.4625,0,3,0,3,9,0.007223005984567652,0.007314841527384415,376.5546875,2.253148635762276,0.17217098528628302,1.659151564345583,0.1540874698146401,0.5939970714166931,0.018083515471642914,
female_1,142800,2.975,1.4875,0,3,0,3,6,0.006471469226063776,0.006838049546380022,377.7265625,2.6521859075265466,0.20383192064033281,2.8751762771628964,0.23010034951685757,-0.22299036963634977,-0.026268428876524752,
female_1,145200,3.025,1.5125,1,1,1,3,6,0.005824610317885416,0.005451188634256477,377.1015625,1.880749529065206,0.22003494484801517,2.1609507854726058,0.2732807100266593,-0.2802012564073997,-0.053245765178644155,
female_1,147600,3.075,1.5375,4,3,3,10,5,0.004081856539767341,0.004000790786473893,375.5078125,2.527273493636697,0.23688447673349147,2.376775853143397,0.24259833839131803,0.15049764049329983,-0.005713861657826558,
female_1,150000,3.125,1.5625,5,1,1,7,10,0.0028848574333758888,0.0025200246955566032,367.3046875,2.7118619313578693,0.20698984864851486,2.0838113029852314,0.19841547757395733,0.6280506283726379,0.008574371074557524,
female_1,152400,3.175,1.5875,8,4,5,17,13,0.002067048610466393,0.0018921581002112218,365.7265625,3.1754206379315706,0.18362133152493507,3.015092340556997,0.1678256446356854,0.16032829737457366,0.015795686889249677,
female_1,154800,3.225,1.6125,3,4,1,8,15,0.0016311938919773127,0.0018186902863186688,376.2734375,2.7641537110385554,0.18542561193024013,2.555791353669776,0.17390593634030577,0.20836235736877962,0.011519675589934358,
female_1,157200,3.275,1.6375,19,2,10,31,22,0.0014636590321854262,0.001470457830444673,378.484375,3.281474717351074,0.18274533677287977,1.9634699277239405,0.16270743441476124,1.3180047896271334,0.02003790235811853,
female_1,159600,3.325,1.6625,6,13,3,22,26,0.0010571123242521844,0.0010900480774997836,376.140625,2.234574661224471,0.17354751941172752,3.144079753709365,0.178254322227483,-0.9095050924848942,-0.004706802815755473,
female_1,162000,3.375,1.6875,5,6,3,14,26,0.0007191061796656042,0.000615926971406968,376.0,2.176992453457519,0.1768507208890984,2.374293055634576,0.19465305430997554,-0.19730060217705692,-0.017802333420877142,
female_1,164400,3.425,1.7125,11,7,6,24,23,0.0005801373069027981,0.000434369962197506,376.0,2.1582430694220935,0.17186668094382043,1.7002646962251735,0.16889512441231785,0.45797837319692003,0.0029715565315025783,
female_1,166800,3.475,1.7375,8,11,5,24,25,0.0007167659402963574,0.000573634011977762,376.0,2.540724584309952,0.17074563339221482,1.8660727117717573,0.17522843993947784,0.6746518725381947,-0.0044828065472630185,
female_1,169200,3.525,1.7625,2,7,1,10,21,0.0007575027253313307,0.0005579379686132425,338.3515625,2.8524936054426697,0.16732533317797477,1.9663039169091923,0.15710693947434887,0.8861896885334775,0.0102183937036259,
female_1,171600,3.575,1.7875,7,6,5,18,22,0.0007337491825188145,0.0005368886555573162,266.8671875,3.162168671092104,0.17908043833395867,2.7490573610415137,0.15364735032714008,0.4131113100505903,0.025433088006818594,
female_1,174000,3.625,1.8125,5,10,2,17,18,0.00042333130887534505,0.00025551712426128087,303.96875,3.9481344661149125,0.17127682647135517,4.384662606731061,0.1664649336118669,-0.4365281406161481,0.00481189285948827,
female_1,176400,3.675,1.8375,6,3,3,12,15,0.00013877169818866735,6.364279105155083e-05,355.609375,5.330152315927061,0.17949130415101175,6.770532342371312,0.19706507514194507,-1.4403800264442506,-0.017573770990933324,
female_1,178800,3.725,1.8625,11,8,7,26,16,2.6167073560137218e-05,1.3994031954453735e-05,334.515625,5.796161910253941,0.22362449845308574,2.552407168559414,0.21655244535228305,3.243754741694527,0.007072053100802694,
female_1,181200,3.775,1.8875,8,10,5,23,20,1.5403389806961972e-05,9.233820214614733e-06,277.6796875,2.275435776170464,0.18956775857403385,2.228531694352621,0.17910889998623514,0.046904081817843224,0.010458858587798714,
female_1,183600,3.825,1.9125,3,7,3,13,17,1.473474299472404e-05,7.985312376116587e-06,168.6953125,3.0701005750286736,0.1720229699257617,2.8258195245205844,0.15593485906087176,0.24428105050808924,0.016088110864889926,
female_1,186000,3.875,1.9375,6,6,4,16,17,2.9878253483576855e-05,2.6791365940927508e-05,145.84375,2.2052829477757925,0.16737294096666516,3.038825103279127,0.18779778577073447,-0.8335421555033347,-0.02042484480406931,
female_1,188400,3.925,1.9625,6,9,4,19,12,8.387737376801724e-05,7.61774136878371e-05,159.90625,2.5637317668502906,0.19602098374402657,2.944526366650502,0.20213413893937043,-0.3807945998002116,-0.006113155195343861,
female_1,190800,3.975,1.9875,1,1,0,2,11,0.00013252624153549316,0.0001298018039239727,160.0,2.550341479455146,0.1754471875886206,2.6200247235388483,0.16064760968241762,-0.06968324408370208,0.014799577906202982,
female_1,193200,4.025,2.0125,11,3,9,23,15,0.00011711574943265908,9.04288930617711e-05,193.9296875,3.1974666027073164,0.19145650360374458,2.09314397710662,0.15891692967032006,1.1043226256006964,0.03253957393342452,
female_1,195600,4.075,2.0375,15,20,12,47,18,0.00012459474382836428,8.622273942494529e-05,312.2890625,2.2365468869212943,0.18312846007333822,2.236592509109931,0.1670041304270451,-4.562218863668477e-05,0.016124329646293123,
female_1,198000,4.125,2.0625,3,3,2,8,12,0.00023271243369873355,0.00022558863116604668,362.0,3.2147363632884915,0.1891554395334447,2.4173694775554866,0.17796934418847785,0.797366885733005,0.011186095344966868,
female_1,200400,4.175,2.0875,6,3,6,15,13,0.00025739875090951853,0.00029111757326999395,362.0,2.973710297788933,0.17004187710880408,4.042650391533956,0.20153054316531577,-1.0689400937450224,-0.03148866605651168,
female_1,202800,4.225,2.1125,18,21,15,54,24,0.00039866833757397596,0.00022576889905616464,358.9296875,8.60989650589333,0.22007691941208354,9.009846576423104,0.2973781957948862,-0.3999500705297745,-0.07730127638280268,
female_1,205200,4.275,2.1375,2,7,0,9,8,0.004236016350000944,0.003306801782318047,355.8046875,7.244481297917546,0.2326884023798785,5.25631138467916,0.24077311569870855,1.9881699132383863,-0.008084713318830039,
female_1,207600,4.325,2.1625,3,0,0,3,12,0.019929662477007084,0.018051054125163696,354.6328125,5.0498510016199285,0.2400730367691367,2.7146497269891823,0.22838268639572393,2.3352012746307462,0.011690350373412761,
female_1,210000,4.375,2.1875,2,1,0,3,13,0.03344407014792672,0.03356115499039024,354.5390625,3.1824627556750493,0.20956930343120833,1.4603597023623736,0.1884661036000647,1.7221030533126758,0.021103199831143643,
female_1,212400,4.425,2.2125,4,1,2,7,16,0.04653045551006094,0.04260613555141217,355.7109375,2.756046770964803,0.21827689329372513,1.6197293835356397,0.15877036135094305,1.1363173874291634,0.059506531942782076,
female_1,214800,4.475,2.2375,4,2,3,9,18,0.055766130127960695,0.052181368419726405,356.0,0.7597656918565878,0.1731546244799405,0.5051454560371954,0.14449047520737776,0.2546202358193924,0.02866414927256275,
female_1,217200,4.525,2.2625,2,4,1,7,16,0.059544254659867527,0.05893976508476327,355.9453125,1.1209728221639268,0.17209259350246633,0.6319391566831035,0.1485633354924604,0.4890336654808233,0.023529258010005938,
female_1,219600,4.575,2.2875,5,3,3,11,16,0.06443062909124826,0.05956912201451505,354.7734375,0.6914325113034494,0.15569332100910938,0.442952718377895,0.1353179311368503,0.2484797929255544,0.020375389872259064,
female_1,222000,4.625,2.3125,4,3,1,8,17,0.06095456043143139,0.05877778494327069,354.0,1.0584310367619478,0.1616537798396219,0.8654110588592926,0.13291856412598543,0.19301997790265524,0.028735215713636464,
female_1,224400,4.675,2.3375,2,2,1,5,19,0.06151755764101116,0.05719065567885753,354.0,1.1014626014160607,0.17198832019153595,1.0054960025709678,0.14849424436756292,0.09596659884509284,0.023494075823973032,
female_1,226800,4.725,2.3625,2,2,2,6,19,0.060147517043130046,0.057166760435529256,354.0,1.306522981629786,0.17999617212908944,2.3490050295768365,0.1796779163811118,-1.0424820479470505,0.00031825574797764156,
female_1,229200,4.775,2.3875,1,4,1,6,17,0.052664212021658934,0.0516698263603081,354.0,2.3988944142514605,0.19362070297139572,4.304721713071683,0.1848144451342368,-1.9058272988202227,0.00880625783715891,
female_1,231600,4.825,2.4125,4,3,0,7,14,0.043726487996847356,0.041131807270958144,338.796875,2.321425941781858,0.19161091342325756,2.9027236081835968,0.17679269972779416,-0.5812976664017389,0.014818213695463406,
female_1,234000,4.875,2.4375,4,3,3,10,17,0.04301646717118252,0.04086720766549442,326.0,2.2066229669757114,0.193170623071745,1.436330847189962,0.15890503989044144,0.7702921197857493,0.03426558318130357,
female_1,236400,4.925,2.4625,9,8,7,24,18,0.04015277757520176,0.041940651074169666,326.0,1.7066174400111649,0.1761869527480737,2.4037699804492028,0.15604170224406347,-0.6971525404380379,0.020145250504010226,high
female_1,238800,4.975,2.4875,0,3,0,3,19,0.03884750377174954,0.03672594272443957,325.3984375,3.575603716052216,0.16886696636782025,4.273558923368028,0.2940984887887333,-0.697955207315812,-0.12523152242091304,
female_1,241200,5.025,2.5125,3,10,3,16,13,0.0450316132667264,0.026007501271209467,324.2265625,4.608068010148665,0.21965138855659366,3.6897218614263254,0.26543137755547186,0.9183461487223399,-0.045779988998878196,
female_1,243600,5.075,2.5375,3,2,1,6,9,0.03784351373954509,0.02661383285834335,352.359375,3.7068898871385505,0.23834150657624426,3.3518229206125727,0.22358596652587764,0.3550669665259778,0.014755540050366611,
female_1,246000,5.125,2.5625,5,3,4,12,12,0.049539402075519955,0.041629721940543575,384.0,4.446480312470865,0.21341911436847663,1.649412942478417,0.18460156071840478,2.7970673699924484,0.028817553650071853,
female_1,248400,5.175,2.5875,0,6,0,6,10,0.04948088823204444,0.04681221611799069,384.0,2.9161090439998905,0.22108745618734735,4.329290767164633,0.1940672626787543,-1.413181723164742,0.027020193508593054,
female_1,250800,5.225,2.6125,0,1,0,1,6,0.04907326719666136,0.03762252738014893,377.0859375,3.1535416865752093,0.2100579851977509,4.638204106816966,0.2194154421004846,-1.4846624202417567,-0.009357456902733707,
female_1,253200,5.275,2.6375,8,1,6,15,8,0.0339635701753799,0.032671609742911015,359.5078125,2.8578040313158724,0.20779493123391585,1.9557402440970235,0.1977281706770764,0.9020637872188488,0.010066760556839444,
female_1,255600,5.325,2.6625,6,6,3,15,15,0.03399849812163439,0.02700392857638038,362.8515625,2.3350188591170347,0.1797365984925301,2.3335985887971376,0.1993766275035,0.00142027031989711,-0.019640029010969895,
female_1,258000,5.375,2.6875,1,3,0,4,9,0.019878793892548475,0.026484314498359408,375.7421875,3.80319126605711,0.19404562893119093,2.742971475948022,0.19626801655578813,1.060219790109088,-0.0022223876245971996,
female_1,260400,5.425,2.7125,3,2,1,6,10,0.04295370676631106,0.034205459251546944,384.0390625,3.564495901796325,0.1964468477760859,2.6476041474103793,0.18100297400260673,0.9168917543859458,0.015443873773479166,
female_1,262800,5.475,2.7375,3,5,2,10,13,0.026827957782567476,0.031437387875349665,389.359375,3.1325261368613884,0.19109419141210485,2.868852128262138,0.18373527019429986,0.26367400859925016,0.007358921217804987,
female_1,265200,5.525,2.7625,5,3,2,10,7,0.02586805193008303,0.019371821663807343,387.015625,3.3759692977149776,0.19036424329540955,2.917115120687848,0.1809049167265367,0.4588541770271295,0.009459326568872856,
female_1,267600,5.575,2.7875,3,4,2,9,12,0.013378054746268646,0.012470785568050721,374.7109375,3.9139790065043285,0.18910255224414138,2.396048950922339,0.16563413162152782,1.5179300555819895,0.02346842062261356,
female_1,270000,5.625,2.8125,6,5,4,15,13,0.014237233156850425,0.009734546622790378,354.7890625,3.918320736848977,0.1993739426561157,2.417413890622804,0.19251366968605238,1.5009068462261728,0.006860272970063308,
female_1,272400,5.675,2.8375,3,5,2,10,8,0.009318200633808895,0.008021813684300534,362.078125,3.500111538569495,0.20898664249017226,2.752706431542144,0.27225741086552413,0.7474051070273511,-0.06327076837535187,
female_1,274800,5.725,2.8625,8,2,2,12,12,0.008092940077228663,0.007247486019434368,372.0,3.1520321061933534,0.2244052114688126,2.940580661204999,0.24841899976758963,0.21145144498835444,-0.02401378829877704,
female_1,277200,5.775,2.8875,4,0,0,4,18,0.006153633103381493,0.004700425515256048,372.0,3.360652224980312,0.21087390193428326,2.1216363831786653,0.23276576332832488,1.2390158418016468,-0.021891861394041617,
female_1,279600,5.825,2.9125,10,7,4,21,22,0.0038795641364375295,0.0035582130362635557,375.140625,3.433133768804553,0.2141790576153684,2.539259144970222,0.19050280054918295,0.8938746238343311,0.023676257066185452,
female_1,282000,5.875,2.9375,2,7,2,11,18,0.00312897796072303,0.0029831669305172316,382.171875,3.058051546200567,0.1980931527933675,2.4188899789378215,0.16630307599643238,0.6391615672627453,0.03179007679693513,
female_1,284400,5.925,2.9625,3,4,3,10,15,0.002762941459711834,0.002280328523211951,383.1328125,1.9336215088571778,0.17087841983277943,2.582089221432168,0.17465576032581004,-0.6484677125749903,-0.0037773404930306065,
female_1,286800,5.975,2.9875,14,6,4,24,23,0.0018154830152193918,0.0017174375241651612,382.0,3.2498761462390906,0.17013448898038494,2.1583059802227815,0.16138421756576057,1.091570166016309,0.008750271414624367,
female_1,289200,6.025,3.0125,7,8,4,19,21,0.002171829616430072,0.002035632438556398,382.0,3.0610695782568342,0.1802187601799223,3.3921612748053622,0.16817824511376728,-0.331091696548528,0.012040515066155028,
female_1,291600,6.075,3.0375,3,5,2,10,22,0.0034505236485492833,0.002712760941665759,380.8515625,2.4439826749553317,0.1571820673027016,2.138564661079262,0.16162940153307237,0.3054180138760696,-0.004447334230370775,
female_1,294000,6.125,3.0625,10,10,7,27,24,0.0021148875603090376,0.0019366872931692808,377.3359375,3.7748374989603835,0.17356924131845483,3.55076374683905,0.1717110981764056,0.2240737521213334,0.00185814314204924,
female_1,296400,6.175,3.0875,13,12,8,33,21,0.0012227944649395664,0.0010977757575147387,376.0,2.6652138044756297,0.16653295486138278,2.7637320712553963,0.16061803489645907,-0.0985182667797666,0.005914919964923715,
female_1,298800,6.225,3.1125,1,3,1,5,21,0.0013791622203442814,0.0010251001685009425,376.0,2.2348858970309378,0.165813856231895,1.9430228430757408,0.14914095149341725,0.29186305395519696,0.016672904738477767,
female_1,301200,6.275,3.1375,12,15,10,37,20,0.0014605293942332271,0.0010431828314462657,373.859375,2.665128347125151,0.1823969446543816,3.1225570259851843,0.1591483765893733,-0.45742867886003324,0.0232485680650083,
female_1,303600,6.325,3.1625,4,13,2,19,9,0.001002829887167927,0.000662498966502104,374.421875,4.151459213527033,0.20326918934444452,3.5338808089872895,0.20111710044219858,0.6175784045397439,0.002152088902245941,
female_1,306000,6.375,3.1875,3,4,2,9,7,0.000643167506132632,0.0004903295112059539,386.140625,4.327156911135813,0.22485008985295948,4.252077029383452,0.22778213998313543,0.07507988175236058,-0.002932050130175945,
female_1,308400,6.425,3.2125,8,5,4,17,9,0.0005659406927664481,0.0004686663714320376,387.8984375,4.2379507451129586,0.20216832111791344,3.2224009562753833,0.22063400892894788,1.0155497888375753,-0.018465687811034442,
female_1,310800,6.475,3.2375,1,2,0,3,9,0.0010289045616600316,0.000852500521720731,379.6953125,2.6647653291119084,0.1718468624558496,2.840370977642599,0.19181197258803007,-0.1756056485306905,-0.01996511013218047,
female_1,313200,6.525,3.2625,8,3,4,15,8,0.0013276533757547201,0.0013267321408200374,379.859375,3.0337218241096457,0.19264553240001772,2.44811235242142,0.17914568353687024,0.5856094716882256,0.013499848863147479,
female_1,315600,6.575,3.2875,4,4,2,10,13,0.001077090609027265,0.0011281650899279154,380.578125,2.7301388701676155,0.197440483701837,2.4252608283963912,0.18787374118446923,0.30487804177122424,0.009566742517367777,
female_1,318000,6.625,3.3125,10,4,5,19,14,0.0010639064459646845,0.001037523149021098,364.171875,3.374663453866155,0.1788665848236847,2.0810096032941043,0.1654738727948947,1.2936538505720505,0.01339271202879,
female_1,320400,6.675,3.3375,3,5,2,10,19,0.0008696007289233684,0.0007228916398843105,353.5546875,1.979999231592102,0.16895814314915678,3.0778868433887374,0.164839763427492,-1.0978876117966354,0.004118379721664789,
female_1,322800,6.725,3.3625,6,11,4,21,16,0.0008872576108360104,0.0006167456126220498,352.3828125,3.404197867186424,0.17940182352209694,3.5453936889300075,0.17215796551353219,-0.14119582174358358,0.007243858008564752,
female_1,325200,6.775,3.3875,0,5,0,5,10,0.0004592908047377519,0.0004143973081837213,360.6796875,4.031419726322599,0.19295218480089193,5.7843662829321065,0.19130029965252437,-1.7529465566095075,0.00165188514836756,
female_1,327600,6.825,3.4125,5,2,3,10,10,0.00027954470866798525,0.0002570367624770434,373.5703125,2.506392023076501,0.19211183120339928,3.5477276322883595,0.2477413273537996,-1.0413356092118584,-0.05562949615040033,
female_1,330000,6.875,3.4375,13,12,12,37,12,0.00037676731491783207,0.00020868914572133332,387.59375,5.4954423273933966,0.21223852893944484,3.7548544790038036,0.19878442551869188,1.740587848389593,0.013454103420752955,
female_1,332400,6.925,3.4625,3,11,2,16,4,0.0020635025348970507,0.0005892152934051265,397.6953125,7.4301400196100555,0.22851721870920874,6.062979176294605,0.235924222880616,1.3671608433154505,-0.007407004171407272,
female_1,334800,6.975,3.4875,8,1,0,9,3,0.01765843544850591,0.017552921945721483,396.5234375,8.455167420229017,0.23242691024347512,16.602545963599596,0.43427968837431336,-8.147378543370579,-0.20185277813083824,
female_1,337200,7.025,3.5125,3,2,2,7,12,0.05231438321820427,0.04937445276452169,392.7578125,3.795826095919636,0.2203021822076488,3.047244265817149,0.28919809796151025,0.7485818301024874,-0.06889591575386145,
female_1,339600,7.075,3.5375,0,1,0,1,12,0.0567345897850322,0.06831730420340307,386.8984375,2.0848382022801943,0.21187154047642828,0.5733060510697311,0.19912519844340323,1.5115321512104631,0.012746342033025049,
female_1,342000,7.125,3.5625,1,1,1,3,11,0.06739270316006009,0.07402721986575737,386.9921875,1.66277552339526,0.21538734938032533,4.321133146705957,0.21095727353309535,-2.6583576233106974,0.004430075847229986,
female_1,344400,7.175,3.5875,0,6,0,6,6,0.055763287649459495,0.07292113570143104,388.984375,2.111396844992134,0.2259567862062665,4.177584971527329,0.2170753082520057,-2.066188126535195,0.008881477954260808,
female_1,346800,7.225,3.6125,0,0,0,0,5,0.04582166248013674,0.07593920355673378,396.015625,4.328436740698945,0.22482565046599284,2.407416966463682,0.17071437722493443,1.9210197742352628,0.05411127324105841,control
female_1,349200,7.275,3.6375,4,0,0,4,7,0.04103416046305525,0.0833395828808455,351.25,4.789475389780197,0.2096702969636016,3.6693166298349063,0.1926486246174808,1.1201587599452907,0.017021672346120786,
female_1,351600,7.325,3.6625,4,1,3,8,9,0.054459507164835615,0.08090053280523236,238.75,3.557917214248822,0.21632336498786572,5.506859572685095,0.2261650927603124,-1.9489423584362733,-0.009841727772446685,
female_1,354000,7.375,3.6875,1,4,1,6,9,0.059689745320330716,0.05555987151883331,208.0,3.3193256109744755,0.2386982015171367,4.497988739209358,0.22565889111401877,-1.1786631282348825,0.013039310403117926,
female_1,356400,7.425,3.7125,4,2,2,8,9,0.037331472558903664,0.029103092573867628,207.9296875,3.132189346083028,0.2015668803088386,4.30910639350701,0.288191276713835,-1.176917047423982,-0.08662439640499639,
female_1,358800,7.475,3.7375,5,5,4,14,11,0.013019312313470666,0.012392227147079582,204.4140625,4.5267675649467165,0.19797886064994627,2.7599339464139803,0.2053435926108771,1.7668336185327362,-0.00736473196093082,
female_1,361200,7.525,3.7625,10,4,6,20,16,0.008056264743350701,0.005641453682110533,233.578125,3.51286606759977,0.22370831341739908,2.802468536661717,0.1716595364735916,0.710397530938053,0.05204877694380747,
female_1,363600,7.575,3.7875,3,11,3,17,11,0.005066023491323766,0.005208098720497326,334.359375,2.86976669534184,0.20529100369526374,4.185000155565761,0.17562453989977667,-1.3152334602239208,0.02966646379548707,
female_1,366000,7.625,3.8125,5,4,2,11,10,0.00901286795669839,0.007332568689109757,376.84375,4.869121845787523,0.2092262027618844,2.954303748005617,0.23819496298556272,1.9148180977819065,-0.028968760223678336,
female_1,368400,7.675,3.8375,0,3,0,3,9,0.019777568354722035,0.018929578911534427,381.53125,3.587007952167796,0.21677926527094193,2.640019878652587,0.21476811806742194,0.9469880735152092,0.0020111472035199973,
female_1,370800,7.725,3.8625,3,2,3,8,8,0.03566258257523396,0.03661588403434772,382.0,2.713628968755919,0.21753872976865327,2.316663769733462,0.21282193933488408,0.39696519902245697,0.004716790433769186,
female_1,373200,7.775,3.8875,3,6,1,10,8,0.04152678131878816,0.0432026062022207,378.6015625,2.729015499978676,0.21008647853952422,5.2825186496310295,0.24164801958332238,-2.5535031496523533,-0.03156154104379816,
female_1,375600,7.825,3.9125,1,0,1,2,6,0.03802975309252798,0.029296259930297972,361.0234375,2.4891558256103603,0.21334899711068916,4.808447929266913,0.20761074971865665,-2.319292103656553,0.0057382473920325194,
female_1,378000,7.875,3.9375,8,1,8,17,12,0.021957830151056013,0.024894011293384977,349.1484375,2.94625324813282,0.20027034662110096,2.148430056723778,0.18052972938195405,0.7978231914090421,0.019740617239146913,
female_1,380400,7.925,3.9625,2,9,2,13,8,0.027495819720230314,0.023208109581965262,343.2890625,3.6334088918795935,0.21052608102260242,3.7983675494185336,0.1867482018840909,-0.16495865753894012,0.023777879138511537,
female_1,382800,7.975,3.9875,2,3,2,7,5,0.022376218098196326,0.02221969259435574,358.453125,2.5365301240164144,0.19258046266761827,4.169757802337858,0.1825455606220163,-1.6332276783214437,0.010034902045601979,
female_1,385200,8.025,4.0125,10,3,6,19,7,0.031296003529679636,0.02651989142376114,378.0,2.857034306745822,0.20902156530784524,1.1924650894986142,0.17026929008654376,1.664569217247208,0.03875227522130148,high
female_1,387600,8.075,4.0375,1,4,1,6,12,0.02577803048442335,0.028604238612539024,378.0,3.3295648663763115,0.21209485078992335,3.7903409064554525,0.21457875292851797,-0.46077604007914097,-0.002483902138594618,
female_1,390000,8.125,4.0625,2,5,2,9,7,0.02532074712180506,0.018886433260930303,372.84375,3.4053405454687975,0.20079107859388232,5.178623321641008,0.19125354234088485,-1.7732827761722105,0.00953753625299747,
female_1,392400,8.175,4.0875,6,2,6,14,9,0.015709568140657094,0.01563463785521055,358.78125,2.954544124491387,0.17622846478240056,2.7453915708767527,0.18684358705609938,0.20915255361463414,-0.010615122273698818,
female_1,394800,8.225,4.1125,5,8,2,15,6,0.017099829510651435,0.013996112699189427,361.734375,4.346918797054736,0.18955410597055708,2.406564792520731,0.21591016047349562,1.9403540045340044,-0.026356054502938542,
female_1,397200,8.275,4.1375,0,3,0,3,6,0.011982353433006961,0.013808923908007332,373.453125,3.4187477802202855,0.1820852738686072,2.0617834598290825,0.19203650765405383,1.356964320391203,-0.009951233785446628,
female_1,399600,8.325,4.1625,5,0,2,7,6,0.017235434628390757,0.01439953045022222,375.1171875,2.5843512995335693,0.2028009536444742,2.598895972747211,0.16245124275375603,-0.014544673213641612,0.04034971089071818,
female_1,402000,8.375,4.1875,3,2,1,6,9,0.011442855715341581,0.012262751972746917,375.1328125,3.305468270420948,0.19626922369798658,3.8531074984288995,0.1937690219998446,-0.5476392280079514,0.0025002016981419684,
female_1,404400,8.425,4.2125,5,2,3,10,12,0.009461646291274597,0.008200077839281469,371.6171875,2.309117122612688,0.19512131853004036,2.266477907734827,0.17411205546059097,0.042639214877861153,0.02100926306944939,
female_1,406800,8.475,4.2375,2,2,1,5,12,0.004896132737465687,0.0041808551056048944,373.1640625,2.556393944591565,0.19342268255036116,2.2542116674411616,0.1846862388874025,0.30218227715040324,0.00873644366295867,
female_1,409200,8.525,4.2625,1,6,0,7,11,0.0032473456174950564,0.0024207938237544952,379.0234375,2.9961881394292877,0.2036924099615507,1.7391419684885712,0.1797215354259524,1.2570461709407166,0.02397087453559829,
female_1,411600,8.575,4.2875,8,3,3,14,7,0.002460062276814609,0.0023407590876099596,380.0,1.9757759621702866,0.19589548562270323,1.9354709987702567,0.1692198775982283,0.04030496340002987,0.02667560802447494,
female_1,414000,8.625,4.3125,5,2,2,9,16,0.001914147888943752,0.0015465159311039128,381.1875,2.0606178328133407,0.1725387267696949,1.641954214105376,0.1804438477377463,0.41866361870796465,-0.007905120968051405,
female_1,416400,8.675,4.3375,2,3,1,6,15,0.0019626623200994595,0.0015598297292517317,390.5625,1.8830088788737194,0.17706681618543232,2.6289865462793722,0.17472650609319357,-0.7459776674056529,0.0023403100922387565,
female_1,418800,8.725,4.3625,3,5,1,9,14,0.0016305370155273611,0.0016403639451566159,393.5390625,2.8116165298252502,0.18549104041625325,2.414435498033312,0.1558167393953899,0.3971810317919382,0.029674301020863353,
female_1,421200,8.775,4.3875,4,3,3,10,14,0.002076640503002099,0.001707815592069266,387.6796875,2.676110145809492,0.16235344717858569,2.5077289032020373,0.15852033418365355,0.16838124260745468,0.0038331129949321363,
female_1,423600,8.825,4.4125,4,5,2,11,15,0.0022510352985375694,0.0016671974736838712,386.0,3.154329847637934,0.18131963175508872,3.119043476172906,0.17802517736071102,0.03528637146502778,0.0032944543943776994,
female_1,426000,8.875,4.4375,4,7,3,14,10,0.001877398978169601,0.0019473854864858456,386.0,3.4469766457752984,0.18014581969552768,2.315701867666408,0.18024424829666782,1.1312747781088905,-9.842860114014917e-05,
female_1,428400,8.925,4.4625,0,4,0,4,8,0.002025432878609871,0.0019213188584227792,386.0,2.0666019956731363,0.17993721337586682,2.7693699073941564,0.16714649442959215,-0.7027679117210202,0.012790718946274676,
female_1,430800,8.975,4.4875,6,1,2,9,8,0.0014993389761174085,0.0013210106343803105,386.0,2.5282579861306638,0.18494272478898094,2.9187434922609583,0.1988235437668757,-0.39048550613029454,-0.013880818977894754,
female_1,433200,9.025,4.5125,6,5,5,16,12,0.0012571771586490684,0.001098331922276159,386.0,2.414201227739075,0.17666767706546868,2.4658199286057982,0.16303562826655355,-0.051618700866723266,0.013632048798915136,
female_1,435600,9.075,4.5375,5,7,5,17,11,0.0014425890503804433,0.0012494162712227469,383.9140625,2.9490432090926717,0.19276208554337776,2.5613378604406796,0.16091588013323538,0.38770534865199213,0.03184620541014238,
female_1,438000,9.125,4.5625,2,4,2,8,8,0.00128593790808229,0.001140886430571795,380.3984375,3.589174585643193,0.18378510850128207,1.831922145825136,0.17854143941952483,1.757252439818057,0.005243669081757246,
female_1,440400,9.175,4.5875,5,6,3,14,6,0.0009721482786723602,0.0007888463616424214,288.5625,2.1177287137334413,0.19907262433222125,2.4182655159330224,0.19449703898944254,-0.3005368021995811,0.004575585342778715,
female_1,442800,9.225,4.6125,7,3,4,14,8,0.0007493384293220038,0.0005859418051026217,204.0,2.9663732493935764,0.1874418622270331,2.0449228762066656,0.16829050114232366,0.9214503731869108,0.01915136108470944,
female_1,445200,9.275,4.6375,1,2,1,4,10,0.0007475089366088509,0.0005851845029590935,204.0,2.4240275488882848,0.19554837270537082,2.254313216674156,0.17700077513769052,0.16971433221412857,0.01854759756768029,
female_1,447600,9.325,4.6625,8,11,3,22,9,0.000733619711877819,0.000766650893475934,250.0390625,3.28403335675482,0.18784158063093695,2.623970526800841,0.18581911155498188,0.6600628299539788,0.0020224690759550745,
female_1,450000,9.375,4.6875,2,1,1,4,8,0.0009754246764255447,0.0009198631980758092,347.3046875,2.391057459402688,0.201632265082106,2.6622258782216086,0.17995269619663784,-0.27116841881892073,0.021679568885468153,
female_1,452400,9.425,4.7125,4,1,2,7,7,0.0008579295361708376,0.0008102028401495104,374.4921875,2.5958473987893678,0.19295555491839417,1.6035575377283475,0.1494406469019133,0.9922898610610202,0.04351490801648086,
female_1,454800,9.475,4.7375,7,6,3,16,12,0.0006280397679152634,0.0005055575074111005,379.859375,2.1219317077427267,0.19351691779581776,2.3706861362879694,0.17970164052944962,-0.24875442854524277,0.013815277266368137,
female_1,457200,9.525,4.7625,3,5,2,10,12,0.0006486757046926671,0.0005137008518287932,377.515625,3.096822216961032,0.19284646818302506,2.601118429564119,0.1964782631487731,0.49570378739691323,-0.003631794965748031,
female_1,459600,9.575,4.7875,3,2,1,6,12,0.0006664932508883969,0.0006533288373886964,376.0,2.0810527939953185,0.19117674891532552,2.2193637459609867,0.18165060520271867,-0.13831095196566823,0.00952614371260685,
female_1,462000,9.625,4.8125,5,5,2,12,11,0.0006234640551122046,0.0004880406149622142,376.0,2.511218833848873,0.19345510263424678,2.4648391374938057,0.1777565893279883,0.046379696355067335,0.015698513306258488,
female_1,464400,9.675,4.8375,5,6,4,15,10,0.0005785170147346687,0.00040696200371743394,379.03125,2.599815470664246,0.19276826782932416,2.316952355346431,0.18643024912067238,0.2828631153178147,0.006338018708651777,
female_1,466800,9.725,4.8625,6,3,4,13,11,0.00040051350040820437,0.00036366650614168044,383.71875,2.13081930760554,0.17858242876968428,2.2370961087704893,0.16889499781235393,-0.10627680116494931,0.00968743095733035,
female_1,469200,9.775,4.8875,0,2,0,2,11,0.0004604849077717249,0.0003524446453698948,381.796875,2.454333091790275,0.18128917717819112,2.080600441567285,0.16972560944333584,0.37373265022299007,0.011563567734855285,
female_1,471600,9.825,4.9125,5,6,4,15,9,0.00036678887167094956,0.00031427848601548017,380.2734375,1.9415762713839584,0.16570349726250888,1.87106036636782,0.1631417213239988,0.07051590501613836,0.0025617759385100913,
female_1,474000,9.875,4.9375,2,4,2,8,10,0.0003777746331495935,0.0004200396059094154,381.4453125,2.592534056725681,0.1723704806130074,2.2922145510567096,0.17556961487081324,0.3003195056689716,-0.0031991342578058524,
female_1,476400,9.925,4.9625,2,2,0,4,7,0.0004965267198454622,0.0005022816126448896,380.765625,2.4487427446059815,0.18775482562553344,1.8263146541209787,0.16153952236983524,0.6224280904850028,0.026215303255698208,
female_1,478800,9.975,4.9875,4,2,1,7,11,0.00037481437274151317,0.000409094829169063,378.421875,1.964647706194901,0.17637070848167377,2.115789066410808,0.15338613379196592,-0.15114136021590685,0.022984574689707854,
female_1,481200,10.025,5.0125,5,4,4,13,10,0.00029884727279747063,0.0002487495826688216,375.1171875,2.4937460253738504,0.1775768641482424,3.1661661650282173,0.16854780048048598,-0.672420139654367,0.00902906366775641,
female_1,483600,10.075,5.0375,4,4,2,10,10,0.00016488533312401593,9.414525396435009e-05,371.46875,3.132483970788777,0.19032123820208202,3.7901045894509515,0.20416155724913257,-0.6576206186621745,-0.013840319047050548,
female_1,486000,10.125,5.0625,12,6,10,28,10,6.867337243822627e-05,6.228026718437923e-05,366.78125,3.2561898475855156,0.19657695352157104,3.8066849528666475,0.18636305032447723,-0.550495105281132,0.01021390319709381,
female_1,488400,10.175,5.0875,4,10,2,16,13,5.5002778915082064e-05,5.020576705630154e-05,370.671875,3.0968660702474233,0.17673397798030163,2.9818025260420256,0.17497644312362956,0.11506354420539777,0.0017575348566720717,
female_1,490800,10.225,5.1125,8,3,4,15,12,6.301274701740624e-05,4.602624977425101e-05,387.078125,3.434489211807085,0.1783951723781558,2.309568280318469,0.17211275942242868,1.124920931488616,0.0062824129557271235,
female_1,493200,10.275,5.1375,8,4,4,16,14,6.209644110530037e-05,4.526756455371534e-05,390.359375,3.02186156540113,0.17760234372039965,2.2579620476531694,0.1636681841918553,0.7638995177479604,0.013934159528544349,
female_1,495600,10.325,5.1625,14,10,8,32,20,3.788484962293971e-05,2.743523732220708e-05,388.015625,3.4489542087701617,0.18363926053666504,2.289053109130834,0.16205802926916743,1.1599010996393275,0.021581231267497614,
female_1,498000,10.375,5.1875,3,7,0,10,25,2.7857577706553393e-05,2.5861909722558384e-05,384.5078125,2.946844314201787,0.18846116959172843,2.4782258498488923,0.18400674180443352,0.46861846435289456,0.004454427787294907,
female_1,500400,10.425,5.2125,3,5,2,10,18,5.7777140009185444e-05,3.8081355746075376e-05,381.6640625,2.355340660980861,0.1739143684413326,2.9473973744656785,0.20390421264164255,-0.5920567134848174,-0.02998984420030995,
female_1,502800,10.475,5.2375,12,11,11,34,20,5.5311744350679265e-05,4.6368756944155685e-05,380.4921875,2.97246147602724,0.1777676216295993,2.725410496979765,0.17250460427802392,0.24705097904747486,0.005263017351575389,
female_1,505200,10.525,5.2625,4,12,3,19,15,6.77037274879703e-05,5.74718496617122e-05,380.0,2.4520610471706963,0.1854615831349267,3.091592827201609,0.1898821253340734,-0.6395317800309126,-0.004420542199146699,
female_1,507600,10.575,5.2875,3,7,3,13,9,9.534509012829745e-05,7.484784405412935e-05,380.0,2.821864304151142,0.19487390525186615,2.6820621543167347,0.16127407119350648,0.13980214983440753,0.03359983405835967,
female_1,510000,10.625,5.3125,4,2,2,8,9,0.0001412315111973489,0.00012040269851952132,381.0234375,3.232444559952025,0.1808778174704821,2.0617661557385283,0.1633773486654916,1.1706784042134966,0.017500468804990482,
female_1,512400,10.675,5.3375,2,3,1,6,7,0.0001457977909560216,0.0001465472496041232,365.203125,2.2331966132551453,0.16369745163741348,2.400219904953166,0.15749659602942498,-0.16702329169802077,0.006200855607988498,
female_1,514800,10.725,5.3625,2,4,1,7,5,0.00016014541242806,0.00015453921551037675,264.421875,1.9746796745033128,0.17340406576892997,1.6399951387128626,0.15399415759887078,0.3346845357904502,0.019409908170059192,
female_1,517200,10.775,5.3875,2,0,1,3,7,0.00014073927952689146,0.00013495106340120897,209.4609375,2.277674120008353,0.16391637781404755,1.9708917163858175,0.16869077151741366,0.3067824036225353,-0.004774393703366103,
female_1,519600,10.825,5.4125,10,4,4,18,11,0.00011958082444808577,0.00010105315371817691,208.2890625,2.9873052846099855,0.16010624597725537,2.2998958913920973,0.16590372118408725,0.6874093932178882,-0.005797475206831881,
female_1,522000,10.875,5.4375,3,4,2,9,13,0.00010436946390208984,8.904555683130887e-05,284.8046875,3.098476503555114,0.19034725616942727,1.6337748820052984,0.1714648887664334,1.4647016215498154,0.01888236740299387,
female_1,524400,10.925,5.4625,5,8,5,18,12,0.000131474115090693,8.394327675096098e-05,381.5625,4.9992497966825535,0.24384114425198608,2.16644658073847,0.18858717029100297,2.8328032159440837,0.05525397396098311,
female_1,526800,10.975,5.4875,6,5,3,14,9,0.0016577259580060004,0.0004145954933171654,372.1875,9.065531172202157,0.2646449099216775,4.107895441873717,0.23240812422561216,4.957635730328439,0.032236785696065334,
female_1,529200,11.025,5.5125,2,5,1,8,7,0.012137241923029143,0.006481413820208934,365.6015625,5.182942165713756,0.2108919297708616,20.489588356406443,0.42037307725974493,-15.306646190692687,-0.20948114748888333,
female_1,531600,11.075,5.5375,8,4,5,17,11,0.05833570539709795,0.050596273361202225,364.4296875,6.763761715926539,0.20263055263487212,2.939768111974277,0.21849228301636409,3.823993603952262,-0.015861730381491967,high
female_1,534000,11.125,5.5625,2,2,1,5,10,0.1112969453426632,0.1226600203559675,364.0,1.9169382650637166,0.1997120764475908,1.1160649371618363,0.18500949967630764,0.8008733279018803,0.014702576771283143,
female_1,536400,11.175,5.5875,3,0,0,3,12,0.14596582816792003,0.15190300579112015,364.0,1.3944390160730806,0.20788348780270316,0.729233142488129,0.1551198009607154,0.6652058735849516,0.05276368684198776,
female_1,538800,11.225,5.6125,2,2,1,5,15,0.1532243773162371,0.15316897877881014,360.7421875,2.0459937772804437,0.18604716475431984,0.6431864536299958,0.15300257431671369,1.402807323650448,0.03304459043760616,
female_1,541200,11.275,5.6375,0,1,0,1,15,0.18364646196423914,0.15468158500107704,358.0,0.659069736569668,0.16337688252113663,0.657906438973966,0.1550418625787944,0.0011632975957021063,0.008335019942342231,
female_1,543600,11.325,5.6625,4,4,3,11,16,0.16891869034806828,0.14833461613675425,358.0,0.8572300596378132,0.15937351213111237,0.5075180610189051,0.1643319793559703,0.3497119986189081,-0.004958467224857932,
female_1,546000,11.375,5.6875,0,1,0,1,13,0.15254647084376874,0.14223227851364445,358.0,1.09671639457528,0.17760466348163773,0.6852581587536168,0.16329963331191188,0.4114582358216632,0.01430503016972584,
female_1,548400,11.425,5.7125,0,2,0,2,12,0.13789650167718642,0.1381212734390399,358.0,1.6812830787364639,0.18256633076677536,1.9194611671088049,0.19922334685047743,-0.238178088372341,-0.01665701608370207,
female_1,550800,11.475,5.7375,1,7,1,9,10,0.1359328082951733,0.12742413371239153,356.109375,2.6901939203570575,0.2487346037500306,3.8037044162449094,0.21857893146935062,-1.113510495887852,0.030155672280679974,
female_1,553200,11.525,5.7625,0,2,0,2,5,0.14002083049398342,0.0962086918986087,352.125,3.8148060051119246,0.21521176856930307,2.985028747946597,0.19767375265862744,0.8297772571653277,0.017538015910675636,
female_1,555600,11.575,5.7875,4,3,4,11,4,0.08579073569152272,0.03174656557351999,333.375,3.770069162686824,0.2078182666598261,4.2421068316509825,0.18261322024888163,-0.47203766896415855,0.02520504641094448,
female_1,558000,11.625,5.8125,7,6,5,18,7,0.05858413827843575,0.018677217310739895,297.109375,4.480120955594605,0.18536136775799256,4.54403159400306,0.20026372213061236,-0.0639106384084549,-0.014902354372619803,
female_1,560400,11.675,5.8375,2,2,2,6,5,0.04007156557451554,0.02490361637303783,233.828125,4.256276966893683,0.20788285395863393,5.272252333974306,0.2491907640467264,-1.0159753670806229,-0.04130791008809248,
female_1,562800,11.725,5.8625,2,3,1,6,4,0.018552903725199545,0.011972173993178561,271.9375,3.862908738428322,0.21581377987487851,4.122820258842881,0.21735930296143188,-0.2599115204145592,-0.0015455230865533687,
female_1,565200,11.775,5.8875,3,1,1,5,4,0.010380621475080079,0.007956127091402752,356.3125,2.605535076730023,0.18959463968994358,1.552017036575942,0.17164046366597446,1.053518040154081,0.01795417602396912,
female_1,567600,11.825,5.9125,1,1,1,3,6,0.010007183964899025,0.008796079810152754,358.0,2.0072518066309972,0.1829936720007124,1.8283245959862024,0.188846858302142,0.17892721064479478,-0.005853186301429614,
female_1,570000,11.875,5.9375,3,1,2,6,7,0.011213026901843727,0.008720114893588496,357.6796875,2.6406326628981094,0.1850230170418115,2.486356719411035,0.1923910921737593,0.1542759434870744,-0.007368075131947788,
female_1,572400,11.925,5.9625,2,2,1,5,8,0.012266917596182796,0.009873706817629098,356.5078125,3.4822897814023297,0.20070267267906566,2.0637084919946913,0.18865625357425206,1.4185812894076384,0.012046419104813605,
female_1,574800,11.975,5.9875,0,1,0,1,7,0.011740631720659518,0.01203135015187542,356.0,2.5012863161946752,0.18417321073278506,1.9965357512487902,0.17267362171764522,0.504750564945885,0.011499589015139838,
female_1,577200,12.025,6.0125,1,2,1,4,6,0.011612889846736923,0.011641016662591966,356.0,2.125414443949562,0.1779886676705242,2.1430009277762374,0.16678463822366116,-0.01758648382667527,0.01120402944686305,
female_1,579600,12.075,6.0375,2,1,0,3,5,0.008431645327166821,0.008805871723933248,357.0078125,1.8662244880219594,0.188802986619516,2.2558610543664024,0.18551250426805854,-0.389636566344443,0.0032904823514574577,
female_1,582000,12.125,6.0625,9,0,2,11,11,0.005352270259739926,0.005250887385429846,358.1796875,2.1598621553235517,0.19226500955648307,2.3047782284590377,0.1682757738450575,-0.14491607313548593,0.023989235711425555,
female_1,584400,12.175,6.0875,4,4,2,10,16,0.004756611523359836,0.0040773078758921015,359.3515625,3.45392938594172,0.2045721541393488,2.239093227319465,0.155863986815246,1.214836158622255,0.0487081673241028,
female_1,586800,12.225,6.1125,11,5,5,21,20,0.005574870095151619,0.005156025102257427,360.0,3.8572993761531085,0.18322472522392202,4.041875178818375,0.20851167283058775,-0.18457580266526685,-0.02528694760666572,
female_1,589200,12.275,6.1375,4,5,3,12,24,0.006128198138884236,0.004956988873927355,360.0,2.5054057870065902,0.17773252511806503,3.4004455898099875,0.22734284846165456,-0.8950398028033972,-0.04961032334358953,
female_1,591600,12.325,6.1625,5,8,4,17,19,0.005798965183595859,0.004867023543019247,360.0,2.8405654194280476,0.20027869768751136,1.9834478926607164,0.19536205479139895,0.8571175267673312,0.004916642896112405,
female_1,594000,12.375,6.1875,8,2,4,14,18,0.007073194421708953,0.00583507068200393,359.9609375,3.1196128341126115,0.1925938083312357,1.921078784480714,0.19573699162636965,1.1985340496318975,-0.003143183295133939,
female_1,596400,12.425,6.2125,7,5,5,17,28,0.007104080090694616,0.0062614431844424156,358.7890625,2.393652000272802,0.1728509803332526,1.7335865786232372,0.18200951918979474,0.6600654216495649,-0.009158538856542137,
female_1,598800,12.475,6.2375,6,11,2,19,22,0.006754525354452031,0.005441224171065373,358.0,2.7756536257540287,0.17555089637786558,2.1815880142414374,0.17996885549014602,0.5940656115125913,-0.004417959112280434,
female_1,601200,12.525,6.2625,10,7,4,21,23,0.0051614390372876524,0.004200424556860676,358.0,1.7422557886173566,0.17510567504408572,2.6112725946555897,0.19514543558515124,-0.8690168060382331,-0.020039760541065516,
female_1,603600,12.575,6.2875,3,4,2,9,24,0.004931352892138975,0.004379583255766266,358.0,2.6915029723472297,0.18466910832585137,2.4307910536344304,0.1829298428677824,0.2607119187127993,0.0017392654580689615,
female_1,606000,12.625,6.3125,7,7,4,18,25,0.005259679197623842,0.00398315737714274,358.0,2.8281466580968733,0.19087631223844723,3.0712709484683685,0.19366860631135557,-0.2431242903714952,-0.0027922940729083467,
female_1,608400,12.675,6.3375,3,13,3,19,19,0.003211041022179663,0.002961363053465407,358.0,2.8994937145208324,0.18019019525626628,2.315252276071659,0.16835958209691482,0.5842414384491734,0.011830613159351466,
female_1,610800,12.725,6.3625,2,7,2,11,10,0.003026257701895062,0.002785925182119394,357.515625,3.3331162229516256,0.1783091692310424,2.827271643646325,0.187791933649671,0.5058445793053004,-0.009482764418628609,
female_1,613200,12.775,6.3875,1,4,1,6,6,0.0028068008921710227,0.002842996147884999,355.171875,2.847779250019816,0.17672028955378208,2.3862225910090182,0.21582671629755953,0.4615566590107978,-0.039106426743777456,
female_1,615600,12.825,6.4125,1,0,1,2,5,0.002344278779239985,0.0021302125331958918,354.5859375,2.20579343193539,0.1923677787759784,2.4186983121816574,0.21206244639988858,-0.21290488024626741,-0.019694667623910173,
female_1,618000,12.875,6.4375,3,1,3,7,7,0.002078830161452305,0.0018157252336376962,355.7578125,2.322811911530939,0.193916304663237,2.702772890751478,0.20297085065169101,-0.37996097922053895,-0.00905454598845401,
female_1,620400,12.925,6.4625,5,11,4,20,9,0.004365443298187195,0.001652102726684774,346.703125,6.383340192129231,0.2275563683206781,2.242039642215189,0.17797323125039194,4.1413005499140425,0.049583137070286165,
female_1,622800,12.975,6.4875,2,1,0,3,2,0.03485391942406219,0.02185855663166134,336.3046875,7.145305280496542,0.20625966638318913,19.092703404589084,0.404365687653894,-11.947398124092542,-0.1981060212707049,
female_1,625200,13.025,6.5125,4,0,1,5,5,0.1251389459007269,0.10178404549333907,339.8203125,7.636553245420857,0.21786178815478588,4.780034951235532,0.2993074855310033,2.8565182941853253,-0.0814456973762174,
female_1,627600,13.075,6.5375,4,1,2,7,10,0.2333482836488748,0.19061629939965136,342.0,2.7072307715097508,0.2254380312596911,1.030293934247387,0.1692453685390589,1.6769368372623639,0.056192662720632225,
female_1,630000,13.125,6.5625,0,1,0,1,10,0.26101937202292935,0.25619426198001394,342.0,1.3171123615230578,0.21183588142525503,1.7250926702027587,0.1915175170906996,-0.4079803086797009,0.020318364334555417,
female_1,632400,13.175,6.5875,2,2,1,5,9,0.2610403079716156,0.25416033589240167,341.2109375,1.961016478524368,0.21522238192103282,0.9247674563579764,0.17035059556005305,1.0362490221663916,0.04487178636097977,
female_1,634800,13.225,6.6125,2,2,2,6,9,0.3315008147564701,0.3095066798287158,340.0390625,1.0966922311175273,0.1821442784434753,0.8430956724510847,0.1660495103671968,0.2535965586664426,0.016094768076278493,
female_1,637200,13.275,6.6375,0,0,0,0,9,0.3571823559964157,0.3199635344230638,340.0,0.8974359094441977,0.1776693697892486,3.0162273772523296,0.19204802815975608,-2.1187914678081317,-0.014378658370507474,
female_1,639600,13.325,6.6625,1,2,1,4,10,0.31213798469793735,0.24881389540586296,343.046875,2.374794521217294,0.1892223531874698,3.358689659279034,0.19519402545496528,-0.9838951380617402,-0.005971672267495481,
female_1,642000,13.375,6.6875,1,2,1,4,7,0.23271221578907336,0.18412710016815706,354.765625,2.9839609771929076,0.20658035505806077,2.403549358201874,0.18192608556179543,0.5804116189910338,0.02465426949626534,
female_1,644400,13.425,6.7125,2,1,1,4,8,0.18567961393191515,0.2384866945585901,360.6484375,2.1272223287040726,0.20301843795056257,0.9916297781646701,0.16483251126437773,1.1355925505394024,0.03818592668618484,
female_1,646800,13.475,6.7375,0,0,0,0,8,0.2337867619341081,0.2894398510298275,361.8203125,1.2195165117883482,0.19383847187341935,0.47567625084956794,0.15172400764531022,0.7438402609387802,0.04211446422810913,
female_1,649200,13.525,6.7625,0,0,0,0,8,0.2722019851192969,0.3053343711891173,362.9921875,0.9181877349850671,0.1790472102100817,0.5911662878019834,0.1563597437449571,0.3270214471830837,0.022687466465124595,
female_1,651600,13.575,6.7875,1,1,1,3,8,0.32291614812370506,0.3226362373156189,364.0,0.6201095556313121,0.16585502800904492,0.46083079351995965,0.17180307909743378,0.15927876211135245,-0.0059480510883888615,
female_1,654000,13.625,6.8125,0,0,0,0,8,0.3259428695014644,0.3136388331452695,364.0,1.1110938555239662,0.1786598301360988,0.9966237181812573,0.19384810073940603,0.11447013734270894,-0.015188270603307241,
female_1,656400,13.675,6.8375,0,1,0,1,8,0.2342125023813665,0.2668417636383784,364.0,2.1800133117841782,0.1984743063052892,3.271678777080328,0.2254533746641278,-1.09166546529615,-0.026979068358838593,
female_1,658800,13.725,6.8625,1,0,0,1,7,0.18385958339911287,0.17701697839511735,364.0,4.719092574116017,0.21507391883649968,5.322702459516792,0.206236191075687,-0.6036098854007754,0.00883772776081268,
female_1,661200,13.775,6.8875,3,1,2,6,9,0.1644434829656739,0.18726448463761572,354.6328125,3.6343291831282247,0.2172816203160964,5.10563515289847,0.19015917565024268,-1.4713059697702455,0.02712244466585373,
female_1,663600,13.825,6.9125,0,3,0,3,8,0.31835575649250947,0.225565812130961,342.2109375,2.5722683573555534,0.19852838120592425,3.6467969842248755,0.1881482575893092,-1.0745286268693222,0.010380123616615056,
female_1,666000,13.875,6.9375,1,2,1,4,6,0.20459833155877638,0.16737900208197623,352.7578125,3.045323584547141,0.2318572829049285,3.0990619693722694,0.20073217843436236,-0.05373838482512827,0.03112510447056613,
female_1,668400,13.925,6.9625,1,0,0,1,7,0.24423873547123892,0.1761069131475873,362.5703125,3.399874842260202,0.227964470568606,2.4676507316773058,0.20023725258026642,0.9322241105828963,0.027727217988339575,
female_1,670800,13.975,6.9875,2,0,0,2,8,0.3591153400326254,0.21762410403757412,370.7734375,1.4195059803192638,0.2504795727039229,0.8114427053568946,0.194868402339381,0.6080632749623692,0.05561117036454191,
female_1,673200,14.025,7.0125,1,1,1,3,9,0.28059409559630144,0.27342163020797167,373.2890625,1.4315071032543267,0.19148645967338943,0.5212857355967788,0.17827707118018585,0.9102213676575479,0.013209388493203578,
female_1,675600,14.075,7.0375,0,0,0,0,9,0.3077654649690257,0.31067368582106497,372.1171875,1.2326381189919702,0.20290871788644665,0.5333137695540742,0.17381957838673157,0.699324349437896,0.02908913949971509,
female_1,678000,14.125,7.0625,0,0,0,0,9,0.31485656178307614,0.2998170328602922,372.0,0.7120674297901721,0.1833898165294159,0.489123267372617,0.1602053025726127,0.2229441624175551,0.02318451395680321,
female_1,680400,14.175,7.0875,0,0,0,0,9,0.26085996811090834,0.2539300554462682,371.546875,1.0186355495845545,0.18047949226244153,0.5106258753536593,0.17657823913459697,0.5080096742308952,0.0039012531278445617,
female_1,682800,14.225,7.1125,2,1,1,4,10,0.2276382765772546,0.21396691618959507,369.203125,2.041583668171814,0.2136473385333119,0.8267184878726026,0.16910736645653618,1.2148651802992114,0.04453997207677571,
female_1,685200,14.275,7.1375,0,1,0,1,10,0.21481269633054453,0.22132675121412024,368.0,1.5677774603974362,0.17863258456259962,0.6057567450790183,0.1747084962596623,0.9620207153184178,0.003924088302937306,
female_1,687600,14.325,7.1625,1,0,1,2,9,0.28411098562703746,0.23275364799195528,368.0,1.4712855183193052,0.2065106864206276,0.5701398515474018,0.1760372285054164,0.9011456667719034,0.030473457915211194,
female_1,690000,14.375,7.1875,0,2,0,2,8,0.2646203087245517,0.22528962163943056,369.828125,1.990461625036748,0.2060537448034721,1.1058611066363104,0.20622365578080823,0.8846005184004375,-0.00016991097733612404,
female_1,692400,14.425,7.2125,1,1,1,3,8,0.22967014036978173,0.22237269092874432,372.0,1.0626517761638832,0.20156163083916256,0.874381195053452,0.21260082075399783,0.18827058111043116,-0.011039189914835268,
female_1,694800,14.475,7.2375,1,0,0,1,9,0.26064237346087954,0.23406365452184114,372.0,1.3305848957014899,0.17084024782088483,1.474584614832479,0.19750215713489358,-0.1439997191309892,-0.026661909314008747,
female_1,697200,14.525,7.2625,1,0,0,1,10,0.27689899997250544,0.2637863880989028,372.0,1.4431691573967917,0.19752249248014833,0.5359750799985417,0.20693614717196418,0.9071940773982501,-0.009413654691815848,
female_1,699600,14.575,7.2875,1,0,0,1,11,0.2712242701943163,0.2696245030331994,372.0,1.0905749503280697,0.20708726282591616,0.7257909932029922,0.1796964192780008,0.3647839571250775,0.02739084354791535,
female_1,702000,14.625,7.3125,0,0,0,0,11,0.27766075166825055,0.2590288664093694,371.2265625,0.5700421353535929,0.19181706257740624,0.2601696712314704,0.17117725502874004,0.30987246412212255,0.020639807548666206,
female_1,704400,14.675,7.3375,1,0,0,1,12,0.27144709885120166,0.26742522991050605,370.0546875,0.8984429596142723,0.17435953130282997,0.5278195814503504,0.14939427364851046,0.370623378163922,0.024965257654319506,
female_1,706800,14.725,7.3625,0,1,0,1,12,0.28260484085472576,0.27111561472647233,370.0,1.3665671590487083,0.16989883717893514,0.2082196680019912,0.14086437191282578,1.158347491046717,0.029034465266109366,
female_1,709200,14.775,7.3875,0,0,0,0,11,0.26267068330123045,0.2616999955004581,370.0,1.24579286910627,0.190536751417636,0.20496793102221617,0.15907582546196247,1.040824938084054,0.03146092595567354,
female_1,711600,14.825,7.4125,0,0,0,0,11,0.2586946097607608,0.27441643066667404,370.0,0.48408893552064314,0.15008075662888756,0.3506633395677332,0.1426040895766627,0.13342559595290993,0.007476667052224856,
female_1,714000,14.875,7.4375,0,0,0,0,11,0.2687848696861259,0.26921433763452324,370.0,1.2015716436462789,0.1949730868883444,0.3644436864321836,0.14908538027669677,0.8371279572140953,0.04588770661164762,
female_1,716400,14.925,7.4625,0,0,0,0,11,0.250023852000371,0.24836018164381735,370.0,1.1747614778721376,0.19975790585486328,0.5319973381273327,0.16875602086449457,0.6427641397448048,0.03100188499036871,
female_1,718800,14.975,7.4875,0,0,0,0,11,0.20512927051628507,0.22439793413898085,370.0,0.6767468630457723,0.1800968032280502,0.2900906087985987,0.14722462518419738,0.38665625424717354,0.03287217804385281,control
female_1,721200,15.025,7.5125,0,0,0,0,11,0.21453562599006706,0.22323351023909777,370.0,0.5037697107877483,0.16327858713130375,0.3837086048244686,0.1653542859672433,0.12006110596327974,-0.0020756988359395545,
female_1,723600,15.075,7.5375,0,0,0,0,11,0.2468886366397368,0.24499629070852452,370.0,0.21818802177993118,0.17463254123385355,0.3132931282405699,0.17175816315151501,-0.09510510646063869,0.0028743780823385356,
female_1,726000,15.125,7.5625,0,0,0,0,11,0.25857916890823557,0.26195439153068234,370.0,0.3585886086088015,0.16415170065342238,0.737415506017437,0.1748846697399614,-0.3788268974086355,-0.010732969086539007,
female_1,728400,15.175,7.5875,0,0,0,0,11,0.25897226215774827,0.2705165160644313,370.0,0.5466832315519594,0.15296195311040503,0.8952448559025125,0.204193997898054,-0.34856162435055305,-0.05123204478764898,
female_1,730800,15.225,7.6125,0,0,0,0,11,0.2843476417245272,0.27996706300497726,370.0,0.5658655615811908,0.18011522370583535,0.5389671048403621,0.19815798720150357,0.02689845674082869,-0.018042763495668218,
female_1,733200,15.275,7.6375,0,0,0,0,11,0.29043516972350036,0.27145303349842986,369.9921875,1.5704036005934272,0.21251405341436183,0.5297980245983172,0.1880872813223257,1.04060557599511,0.024426772092036142,
female_1,735600,15.325,7.6625,1,1,1,3,11,0.2498929754893055,0.2442278679357681,368.8203125,1.2718751877794516,0.20324511270469134,0.27686718912635067,0.1493980695241093,0.995007998653101,0.05384704318058203,
female_1,738000,15.375,7.6875,0,0,0,0,11,0.24859628768868222,0.25270555793588184,368.0,1.4611226327436047,0.17822829270654955,0.4066335476761357,0.1555751436175711,1.0544890850674689,0.022653149088978447,
female_1,740400,15.425,7.7125,0,0,0,0,11,0.26886744777362837,0.25195948502725946,368.0,0.6499390786472228,0.17212480438634878,0.24512064569018818,0.14838736489862275,0.40481843295703457,0.023737439487726025,
female_1,742800,15.475,7.7375,0,0,0,0,11,0.24860942298857683,0.23829745415459783,368.6953125,0.5304779090586866,0.1512759314835302,0.3679851425243208,0.1526998429072108,0.16249276653436584,-0.0014239114236806183,
female_1,745200,15.525,7.7625,1,0,0,1,12,0.245232767491697,0.22448108372144499,369.8671875,0.49809239496530155,0.17836919875291282,0.40200358520841173,0.14589869267439998,0.09608880975688983,0.032470506078512845,
female_1,747600,15.575,7.7875,1,0,0,1,13,0.22920546107064044,0.2138042784414896,370.0,0.3326986201046781,0.15540233065970938,0.4913913425932488,0.16781470955661718,-0.1586927224885707,-0.0124123788969078,
female_1,750000,15.625,7.8125,0,1,0,1,13,0.2227519381292627,0.19517712677333127,370.2109375,0.4418075169680096,0.16451059900073095,0.9844353299999911,0.17703211250624631,-0.5426278130319815,-0.012521513505515364,
female_1,752400,15.675,7.8375,0,1,0,1,12,0.194394099462937,0.1700262429248796,371.3828125,1.2670542979818042,0.19610200581028275,1.0342961671120958,0.21344876027348422,0.23275813086970842,-0.01734675446320147,
female_1,754800,15.725,7.8625,0,0,0,0,11,0.15434988515985928,0.1616353826868142,372.5546875,1.142241251818903,0.21003651002553617,0.7923359566952867,0.2007275610547381,0.34990529512361623,0.009308948970798064,control
female_1,757200,15.775,7.8875,1,0,0,1,12,0.20001276938198886,0.19759564562534754,373.7265625,0.8128477061671724,0.18113428781813287,0.5383705119774586,0.17975879708056183,0.27447719418971384,0.001375490737571039,
female_1,759600,15.825,7.9125,0,0,0,0,12,0.2118047439833263,0.22072059083354362,373.1015625,0.576007627944914,0.18338377096220942,0.6488882591191572,0.17733397642971518,-0.07288063117424315,0.00604979453249424,
female_1,762000,15.875,7.9375,1,0,0,1,13,0.21309852727634024,0.19516241983045027,371.9296875,0.9445078080753895,0.1804014184939675,0.5394971035089227,0.13972382486018559,0.4050107045664668,0.04067759363378193,
female_1,764400,15.925,7.9625,0,0,0,0,13,0.17054880177299914,0.16669327210540721,370.7578125,0.96196990033817,0.15345017900942626,0.3204386441448597,0.14465415522387048,0.6415312561933103,0.008796023785555773,
female_1,766800,15.975,7.9875,4,1,3,8,15,0.1553491636956609,0.1568782462126002,370.4140625,0.7360227567671309,0.1643513721741952,0.6239144946871713,0.1597888970312261,0.11210826207995961,0.004562475142969119,
female_1,769200,16.025,8.0125,3,3,2,8,15,0.18824584394284452,0.1683834647292308,371.5859375,0.8880772973003929,0.18559417486613078,0.8516333603901272,0.15744106237999028,0.036443936910265706,0.028153112486140497,
female_1,771600,16.075,8.0375,1,2,0,3,15,0.18644326946699658,0.1842397529115877,372.0,0.7862035595266188,0.1472323841849313,0.6184958245012611,0.147211796597164,0.16770773502535774,2.0587587767295634e-05,
female_1,774000,16.125,8.0625,6,3,5,14,16,0.1921114236821249,0.1850585707465431,372.0,0.4497075297564891,0.13115076512255425,0.42852453320523926,0.1257100749049247,0.021182996551249833,0.005440690217629551,
female_1,776400,16.175,8.0875,0,1,0,1,18,0.18791049132866863,0.18148841296730567,372.0,0.5031851795164627,0.1374807674080949,0.3668956805710315,0.12926832608056063,0.1362894989454312,0.008212441327534264,
female_1,778800,16.225,8.1125,1,2,1,4,16,0.17740643006123646,0.1750132850416096,371.7265625,0.4084258557853704,0.12480263097634399,0.3562852403392667,0.11397443283410547,0.05214061544610371,0.010828198142238524,
female_1,781200,16.275,8.1375,0,2,0,2,16,0.1721492183178863,0.16917397322807481,370.5546875,0.3707507293010872,0.11793203116249432,0.3169603144498301,0.11021496197578971,0.05379041485125713,0.007717069186704603,
female_1,783600,16.325,8.1625,2,0,2,4,15,0.17176128758776912,0.16635011284342602,370.0,0.4256847432529369,0.15519912691105994,0.3725892570895256,0.11360240321319337,0.05309548616341131,0.04159672369786657,
female_1,786000,16.375,8.1875,0,2,0,2,15,0.15060875170579618,0.14502194018162842,370.0,1.6450271916500094,0.1837275456618286,0.9073918071992295,0.19101130190634205,0.7376353844507799,-0.00728375624451344,
female_1,788400,16.425,8.2125,4,5,4,13,12,0.12631254637346406,0.12526453031887444,371.921875,1.776397204365849,0.21694994352462235,1.746571101910636,0.24578501104706157,0.02982610245521289,-0.028835067522439223,
female_1,790800,16.475,8.2375,1,2,0,3,12,0.13603042875224347,0.12381277266651229,373.8671875,1.5056597441616568,0.20928400557997717,1.8438313866502016,0.21367334336787866,-0.3381716424885448,-0.004389337787901487,
female_1,793200,16.525,8.2625,2,0,0,2,12,0.1380095916081079,0.12408159558032175,372.6953125,0.8197794144684669,0.21680535230603745,1.6218210622806417,0.2060297356949061,-0.8020416478121748,0.010775616611131356,
female_1,795600,16.575,8.2875,6,3,5,14,15,0.13180915678556265,0.12267476529927478,372.0,1.02646452318207,0.21621060029141384,0.5943480063571036,0.16359608616003782,0.4321165168249663,0.05261451413137602,
female_1,798000,16.625,8.3125,1,2,0,3,16,0.11879418705984923,0.11056427106052952,372.0,1.145682454392114,0.2178907881989354,0.7564808134849506,0.15110917592308823,0.38920164090716347,0.06678161227584717,
female_1,800400,16.675,8.3375,3,2,3,8,18,0.12534769342185312,0.11043514178492925,373.640625,1.0097461543785538,0.18446756678801535,1.2565944297758023,0.1542785201754986,-0.24684827539724852,0.030189046612516757,
female_1,802800,16.725,8.3625,3,3,2,8,18,0.11139976351190854,0.09929924366134782,375.984375,1.5574180714089991,0.170421211263981,2.395392142417189,0.23098703782027327,-0.8379740710081898,-0.06056582655629228,
female_1,805200,16.775,8.3875,0,3,0,3,16,0.07653068287636677,0.07525061827105796,374.8359375,2.797003370089212,0.22229587245372096,4.188231907086148,0.2723783660676531,-1.3912285369969357,-0.05008249361393213,
female_1,807600,16.825,8.4125,4,2,1,7,15,0.051172672864619656,0.037222169218230315,364.59375,3.215673664739011,0.22634333960054204,3.870468583797027,0.24870314082979678,-0.6547949190580158,-0.02235980122925474,
female_1,810000,16.875,8.4375,3,4,2,9,17,0.03665507678845685,0.029677885472479987,331.78125,4.424457819648044,0.19701924394699794,3.898498736065441,0.2173331554878781,0.5259590835826029,-0.020313911540880164,
female_1,812400,16.925,8.4625,7,6,5,18,17,0.020331305204391577,0.01737442388688972,336.3515625,3.224474164523113,0.19046520654822968,3.2917261784363205,0.21433317575415095,-0.06725201391320734,-0.02386796920592127,high
female_1,814800,16.975,8.4875,1,4,1,6,15,0.023391732162740264,0.018537742810011436,367.9921875,2.5429127036120454,0.213499193059093,2.2178577714814964,0.22520593202038489,0.3250549321305489,-0.011706738961291874,
female_1,817200,17.025,8.5125,5,7,3,15,14,0.04725091668283956,0.03592409370710708,373.0234375,3.1315441602729552,0.21326216638839707,3.0361914656877453,0.25959013418140775,0.0953526945852099,-0.04632796779301068,
female_1,819600,17.075,8.5375,0,1,0,1,10,0.183705885958363,0.14186156799340607,374.1953125,4.355707305663184,0.22810015883232912,10.68921021316486,0.3133539180457893,-6.333502907501675,-0.0852537592134602,
female_1,822000,17.125,8.5625,1,0,1,2,11,0.2695360066227018,0.22599464458423882,375.3671875,2.4129473721341155,0.2114424860237207,4.601202085541642,0.2979133727449615,-2.1882547134075265,-0.08647088672124079,
female_1,824400,17.175,8.5875,0,7,0,7,5,0.21666949536887795,0.19888826260617554,380.8515625,3.397896759124407,0.2304104563291291,4.836754516710345,0.230544653772115,-1.4388577575859376,-0.00013419744298590053,
female_1,826800,17.225,8.6125,1,1,0,2,3,0.1685769392538776,0.17745621522584554,391.3984375,3.845573194681753,0.2399894691427805,4.5095390184137045,0.2117511122863372,-0.6639658237319517,0.028238356856443297,
female_1,829200,17.275,8.6375,6,1,2,9,7,0.1856634964682025,0.16682440932415146,311.8984375,5.62758546042188,0.24547437348876439,2.537011670360937,0.18712979150785816,3.090573790060943,0.058344581980906224,
female_1,831600,17.325,8.6625,5,2,1,8,12,0.18542012863608176,0.18599922301221417,207.9453125,2.6549996832171807,0.18789027141428288,1.7641974627118318,0.19390465070830515,0.890802220505349,-0.006014379294022265,
female_1,834000,17.375,8.6875,2,1,1,4,13,0.16237687729000677,0.17829658144391283,206.7734375,2.27912733250606,0.19930905147993724,2.00113088511902,0.20740609022318393,0.27799644738703977,-0.008097038743246687,
female_1,836400,17.425,8.7125,0,1,0,1,12,0.18868014083914042,0.18459472966207024,206.0,2.4852858483717957,0.21527691097912002,1.5488141891646177,0.19561431503846055,0.936471659207178,0.019662595940659472,
female_1,838800,17.475,8.7375,1,2,0,3,12,0.19549511935541652,0.19978515132900784,206.0,1.3866753580574567,0.18719811646118575,1.6035711158552766,0.1965383102016407,-0.2168957577978199,-0.009340193740454944,
female_1,841200,17.525,8.7625,3,1,2,6,11,0.18717689931816692,0.191060825590846,206.7421875,1.9088145949619937,0.2076327488613232,1.6340869846664208,0.19365109738803435,0.2747276102955729,0.013981651473288864,
female_1,843600,17.575,8.7875,2,1,1,4,14,0.1780786895591532,0.17679546379071995,207.9140625,1.7382859209461654,0.20624310044759933,1.5477958046800842,0.1679452422728982,0.19049011626608126,0.03829785817470113,
female_1,846000,17.625,8.8125,0,2,0,2,13,0.17641191962025013,0.17671897996045788,208.0,1.3857640094924208,0.18020974574165521,1.3983952969206408,0.1530291526528668,-0.01263128742821995,0.027180593088788424,
female_1,848400,17.675,8.8375,1,4,1,6,11,0.17214896671349408,0.17751553495011685,232.75,3.7780184067723157,0.21259923685031318,3.479223893548609,0.1914461310723113,0.29879451322370665,0.02115310577800189,
female_1,850800,17.725,8.8625,0,3,0,3,8,0.16984233765606202,0.1652858244459939,345.25,4.074318519365792,0.23739352418932005,3.703517564611644,0.2313779696479075,0.3708009547541482,0.00601555454141256,
female_1,853200,17.775,8.8875,0,1,0,1,5,0.2468717780350129,0.14657859796886274,394.5859375,4.268964135109484,0.24155385816508707,7.466139941192831,0.3305273452518542,-3.1971758060833473,-0.08897348708676711,
female_1,855600,17.825,8.9125,3,0,0,3,6,0.25858089028353065,0.14969896436707603,384.0390625,4.219228147165584,0.2222976476288344,3.0728154089148916,0.2614507119435982,1.1464127382506923,-0.039153064314763814,
female_1,858000,17.875,8.9375,10,2,2,14,15,0.2547651425763998,0.18477827166433192,381.0546875,1.7203722311850758,0.20776801800087227,0.6653096652103567,0.1336561946289223,1.055062565974719,0.07411182337194996,
female_1,860400,17.925,8.9625,3,0,1,4,18,0.2503476226240089,0.2088579079253588,380.0,0.9994697023877839,0.16398156637941663,0.48139907623883627,0.11720319229803709,0.5180706261489476,0.04677837408137954,
female_1,862800,17.975,8.9875,1,1,1,3,19,0.25920143012295227,0.21520049301323402,380.0,0.5130473434349272,0.13101915532130806,0.3916807859055287,0.12437768048134461,0.12136655752939851,0.006641474839963454,
female_1,865200,18.025,9.0125,4,7,4,15,19,0.2523118816806905,0.2045499834299056,379.5390625,0.45872639917967084,0.13082830242317375,0.3167916899345484,0.1277495668242787,0.14193470924512241,0.0030787355988950438,
female_1,867600,18.075,9.0375,1,0,0,1,17,0.24461960667570357,0.1978202919473867,378.3671875,0.501205143205852,0.15043929356243219,0.5108543844773742,0.1447585927742925,-0.009649241271522224,0.005680700788139675,
female_1,870000,18.125,9.0625,1,2,1,4,17,0.24108393642001072,0.19750176590954552,378.8046875,0.7125349048879557,0.1539339337161175,0.3232406284572181,0.1571611882563601,0.38929427643073755,-0.0032272545402426134,
female_1,872400,18.175,9.0875,3,3,2,8,15,0.22427778625772501,0.19265256393052163,379.9765625,0.6006885359118779,0.15567265777168496,0.2555837630666007,0.14722137959116785,0.3451047728452772,0.008451278180517108,
female_1,874800,18.225,9.1125,2,2,2,6,16,0.22686117888938645,0.19422208101963473,380.0,0.4740174995655168,0.1483919873622627,0.4362697299630556,0.1286452578297468,0.037747769602461234,0.019746729532515883,
female_1,877200,18.275,9.1375,2,1,2,5,16,0.2398733947923376,0.19897207631837835,380.0,0.652693055354756,0.17123243480265876,0.7946054050785106,0.15213461968999273,-0.14191234972375466,0.019097815112666033,
female_1,879600,18.325,9.1625,3,9,3,15,14,0.2218976767433906,0.1814732662468513,380.0,1.4609512955525812,0.18564060911385755,4.687148714397104,0.26939847180675863,-3.2261974188445226,-0.08375786269290109,
female_1,882000,18.375,9.1875,1,4,1,6,9,0.1497056284236405,0.12990355276958707,386.640625,5.212464537768415,0.23722108124771926,5.043981099353422,0.2901714585012594,0.16848343841499336,-0.052950377253540154,
female_1,884400,18.425,9.2125,2,3,0,5,7,0.108176982037127,0.10320647225147557,398.359375,3.598358570061535,0.25168520470682526,5.534399113714467,0.242942031476826,-1.9360405436529318,0.008743173229999263,
female_1,886800,18.475,9.2375,6,2,2,10,9,0.14944574171889272,0.13790177137426618,303.25,4.087929834874121,0.1938989545507191,2.2850110921908535,0.1913181927582715,1.8029187426832674,0.0025807617924475945,
female_1,889200,18.525,9.2625,1,1,0,2,10,0.16024328460269277,0.16484145439461104,208.0,1.637782904931054,0.1925014577050392,1.1222258983929705,0.17954903839248976,0.5155570065380835,0.012952419312549451,
female_1,891600,18.575,9.2875,1,1,1,3,12,0.16763661947803538,0.16976302950754688,208.0,1.246702076325209,0.16433332047562793,0.9178943334893286,0.15556482928228496,0.32880774283588043,0.00876849119334297,
female_1,894000,18.625,9.3125,1,0,1,2,12,0.17019202172405196,0.17245705838844821,207.4765625,1.2961295856896564,0.1739222822248586,0.9810710963027853,0.1417913775789671,0.3150584893868711,0.032130904645891495,
female_1,896400,18.675,9.3375,2,2,1,5,11,0.17962887325431814,0.17659757159259373,206.3046875,0.8064650511871325,0.1765287397937732,0.8138997840979595,0.12481431807323783,-0.007434732910826969,0.05171442172053538,
female_1,898800,18.725,9.3625,1,0,1,2,12,0.1817233410744796,0.17940231842169563,206.0,0.7663702435304915,0.16875646621409152,0.9059741680484654,0.12910635146659982,-0.13960392451797388,0.039650114747491694,
female_1,901200,18.775,9.3875,1,2,1,4,12,0.16537127597777118,0.1771562154671911,206.0390625,1.0615197840961914,0.16029481628574174,1.0309862441884967,0.13785371478084354,0.030533539907694696,0.022441101504898198,
female_1,903600,18.825,9.4125,1,1,0,2,13,0.17073571392718492,0.17834367898316061,207.2109375,0.8841237022299703,0.1434687465253046,0.8528524315846764,0.13292828579662483,0.03127127064529389,0.010540460728679785,
female_1,906000,18.875,9.4375,2,1,2,5,12,0.1751684657142256,0.18291131494340312,208.0,1.5271328674422429,0.1534022310362728,1.1795632550342292,0.13467583517756296,0.34756961240801365,0.018726395858709832,
female_1,908400,18.925,9.4625,1,1,0,2,13,0.17734509372414894,0.1826472046999149,208.0,0.9344474429396723,0.15745652286887699,0.8674603670238527,0.12649703547264052,0.06698707591581965,0.030959487396236468,
female_1,910800,18.975,9.4875,0,1,0,1,13,0.1788179366320123,0.18179012665231567,208.0,0.9060175796240849,0.15331656683761,0.7338215825692389,0.12996747914317844,0.172195997054846,0.02334908769443156,
female_1,913200,19.025,9.5125,1,0,0,1,13,0.17880829269529377,0.18049108761863675,208.0,0.8908004620785439,0.14734166504481463,1.080533774978878,0.13906084430072868,-0.18973331290033402,0.008280820744085954,
female_1,915600,19.075,9.5375,3,1,2,6,15,0.17610537013647484,0.18229938655694689,208.0,1.0526650910000106,0.16800055338335923,0.7561575458307543,0.19636232097888442,0.29650754516925626,-0.028361767595525195,
female_1,918000,19.125,9.5625,1,2,1,4,14,0.17893597460368568,0.1855833671607924,208.0,0.9896963508691557,0.16437089527123624,1.4435727021957092,0.1981876896626377,-0.45387635132655346,-0.03381679439140145,
female_1,920400,19.175,9.5875,0,1,0,1,14,0.18035250297658173,0.18588357966481311,208.0,1.2263109203243507,0.16135885350567908,1.4660184561762057,0.18564300606841427,-0.239707535851855,-0.024284152562735195,
female_1,922800,19.225,9.6125,0,2,0,2,12,0.1778680403441782,0.18399513066604317,208.5859375,1.1130914464559365,0.17061392553513435,1.1561738394897574,0.13574218909389765,-0.04308239303382089,0.0348717364412367,
female_1,925200,19.275,9.6375,1,0,0,1,11,0.18430027425305953,0.18523564749536697,209.7578125,1.125127573553998,0.14414005936033752,0.8732219889756008,0.12416278283948977,0.2519055845783973,0.019977276520847756,
female_1,927600,19.325,9.6625,0,1,0,1,12,0.19187433419955105,0.18561786390168708,210.0,1.1247219199194718,0.1365746946958572,0.6582715286783525,0.12188804491724395,0.4664503912411193,0.014686649778613253,
female_1,930000,19.375,9.6875,2,1,2,5,12,0.20187785501148875,0.19045421870419155,209.8984375,1.3310402715601768,0.12463760227747116,0.9046089086404909,0.1423971659832469,0.42643136291968586,-0.017759563705775736,
female_1,932400,19.425,9.7125,1,1,0,2,12,0.20427466680856982,0.18918530456049834,208.7265625,1.0805276207466301,0.14650743571730923,0.8349283055729981,0.12854455117879024,0.24559931517363198,0.01796288453851899,
female_1,934800,19.475,9.7375,2,2,2,6,12,0.1748765363722486,0.18766837770646377,208.0,1.5926274187694123,0.1557861079529768,1.0074793605208836,0.13640728537525434,0.5851480582485287,0.019378822577722443,
female_1,937200,19.525,9.7625,0,1,0,1,11,0.1688128350874794,0.18138992873578397,208.0,1.4267821155467844,0.18877742542069115,0.9320735124000081,0.16289351179489167,0.4947086031467762,0.025883913625799476,
female_1,939600,19.575,9.7875,1,0,1,2,12,0.1683812438948181,0.1661507967331244,210.3671875,2.0016951968472085,0.2060526741695226,1.2312293041631979,0.20150693625477087,0.7704658926840107,0.004545737914751741,
female_1,942000,19.625,9.8125,0,2,0,2,12,0.18131733694072355,0.18241692159995673,213.8828125,2.3789964174571443,0.22238200002054764,1.1906877234325721,0.19149660104554064,1.1883086940245722,0.030885398975007,
female_1,944400,19.675,9.8375,0,0,0,0,10,0.23156212292080405,0.2144972038353646,214.0,2.203992844730016,0.20604604766837312,1.740585183923348,0.19129423038528698,0.4634076608066682,0.014751817283086138,control
female_1,946800,19.725,9.8625,0,1,0,1,9,0.22170807227138614,0.1960199940667316,212.78125,2.83011377449393,0.23454527411801726,3.360536927385156,0.27509325573549287,-0.5304231528912258,-0.04054798161747561,
female_1,949200,19.775,9.8875,0,0,0,0,9,0.19526260397292997,0.17571914332967026,208.09375,1.9371492641466097,0.23732676688571439,1.922379096340007,0.2850397998352867,0.014770167806602785,-0.047713032949572326,
female_1,951600,19.825,9.9125,1,0,1,2,10,0.18484465365477176,0.18843801827874912,206.0,1.770593963953111,0.20593939707868866,1.3341969867721732,0.2115146645330134,0.43639697718093773,-0.005575267454324739,
female_1,954000,19.875,9.9375,1,7,1,9,8,0.20864166458560882,0.16698887530325165,206.0,2.2193162893237393,0.23957958475057595,2.363920961365488,0.27683251069582554,-0.14460467204174865,-0.03725292594524959,
female_1,956400,19.925,9.9625,1,0,1,2,4,0.17375696198759352,0.14637347839751494,206.0,5.55983111316945,0.2301083671339308,6.855041586470318,0.27903094456087313,-1.2952104733008678,-0.04892257742694234,
female_2,3600,0.075,0.0375,8,2,2,12,12,0.0027440351978242003,0.002246658270134535,372.0,1.8104790520014031,0.19345518881136892,1.876584897548848,0.1724842304253153,-0.06610584554744481,0.020970958386053618,
female_2,6000,0.125,0.0625,4,6,3,13,16,0.0031068308303161623,0.002826842872702764,372.0,3.461462720730984,0.19112074083806446,2.287251092217276,0.17926726670431078,1.1742116285137079,0.011853474133753678,
female_2,8400,0.175,0.0875,1,4,0,5,12,0.004003757330669024,0.0033139704738639844,372.203125,2.346697146894325,0.19892704680029683,2.7300424604704627,0.17023659528481724,-0.38334531357613777,0.02869045151547958,
female_2,10800,0.225,0.1125,3,2,1,6,11,0.004902396918835856,0.004698490225262169,374.546875,2.817324148802596,0.19153065940720718,2.198354385247984,0.17060851192333942,0.6189697635546123,0.020922147483867753,
female_2,13200,0.275,0.1375,5,2,3,10,12,0.004956850085722405,0.004074148097899733,376.0,2.3233043496538324,0.1847501674473301,2.4538880228632736,0.17314854470266283,-0.1305836732094412,0.011601622744667278,
female_2,15600,0.325,0.1625,4,1,4,9,16,0.002444323070820588,0.0024267737505920517,376.0,2.2810502400459507,0.19057719162550332,2.085169872072373,0.17647229604634743,0.19588036797357766,0.014104895579155896,
female_2,18000,0.375,0.1875,2,8,2,12,15,0.00198063637221689,0.0018170078884521268,374.421875,2.7537397811441364,0.19804315139576395,2.848652883270963,0.17282105477433488,-0.09491310212682658,0.025222096621429074,
female_2,20400,0.425,0.2125,3,8,2,13,10,0.001957070279113869,0.001927343514824698,372.078125,3.892538613620943,0.21410947295933222,3.657542525371097,0.1945050346281965,0.23499608824984586,0.019604438331135732,
female_2,22800,0.475,0.2375,4,1,2,7,7,0.0014568333459530711,0.0016184631617008965,366.3359375,2.144920427692299,0.18576346155919163,2.1111560021592446,0.176128365970335,0.033764425533054254,0.00963509558885664,
female_2,25200,0.525,0.2625,6,4,1,11,12,0.0018898094255390186,0.0016619669375491758,363.5234375,3.021410288681788,0.19265250081626664,2.350740986536232,0.18173023367875332,0.6706693021455563,0.01092226713751332,
female_2,27600,0.575,0.2875,5,6,3,14,11,0.0018771556078230418,0.0014485715858221925,369.3828125,3.0135202642773846,0.19654057406163689,1.8775588004435675,0.17270725304186324,1.1359614638338171,0.023833321019773646,
female_2,30000,0.625,0.3125,2,2,2,6,12,0.0010595172191468754,0.00086631092874548,370.0546875,3.414382598861148,0.2151595200994926,2.369859742703504,0.17011912037609292,1.044522856157644,0.04504039972339968,
female_2,32400,0.675,0.3375,4,8,3,15,12,0.0006362175640784957,0.0006547744085290682,366.5390625,4.6746767850321485,0.23171010643658604,5.80348014019834,0.21301367065347596,-1.1288033551661911,0.018696435783110088,
female_2,34800,0.725,0.3625,4,5,3,12,7,0.0008622012145268639,0.0006853792430894244,366.9921875,2.6596295258773397,0.2186678273047465,3.7772464019246055,0.24582647357168155,-1.1176168760472658,-0.027158646266935066,
female_2,37200,0.775,0.3875,1,0,1,2,7,0.0007283816435409563,0.0005453967024191252,368.328125,2.22970048082142,0.1794991454782528,2.516603177272483,0.1789389962123547,-0.28690269645106303,0.0005601492658980911,
female_2,39600,0.825,0.4125,2,2,1,5,7,0.0008364412179218602,0.00059139191454734,370.671875,2.328414764052554,0.18134273652165875,1.8657440211025955,0.18262147329533157,0.4626707429499586,-0.0012787367736728228,
female_2,42000,0.875,0.4375,6,3,3,12,8,0.0006095640818991386,0.0005585694486903583,372.5078125,1.9396622779141652,0.18174751657786606,2.826786546672598,0.16150786596180747,-0.8871242687584329,0.02023965061605859,
female_2,44400,0.925,0.4625,1,1,0,2,11,0.0007676493098755938,0.0006308737364332357,373.6796875,2.2277098392461796,0.1728796436571609,2.9134634133699917,0.1636645809680544,-0.6857535741238121,0.009215062689106518,
female_2,46800,0.975,0.4875,1,0,0,1,10,0.0006972529191491523,0.0006503871389950284,374.0,2.5459588020448134,0.18119874136534708,3.0742742657508004,0.1829225274289167,-0.528315463705987,-0.0017237860635696267,
female_2,49200,1.025,0.5125,4,1,3,8,13,0.0005836431637021329,0.0004895347640857742,374.046875,3.285421215765074,0.20172883591621055,2.362176385296779,0.16471222746387018,0.923244830468295,0.037016608452340366,
female_2,51600,1.075,0.5375,4,5,3,12,13,0.00032093842330233036,0.00028979023247322356,376.390625,2.85811059512106,0.18625853351180668,4.502921782277042,0.19245346533276644,-1.644811187155982,-0.006194931820959759,
female_2,54000,1.125,0.5625,2,6,1,9,11,0.00032443438557931453,0.0003158713556435915,376.53125,2.928267769229926,0.1834789791191533,2.286444257565339,0.18045923374564152,0.6418235116645867,0.003019745373511795,
female_2,56400,1.175,0.5875,2,1,0,3,9,0.0007860956790634337,0.00044599517252206123,371.84375,2.9312864506410126,0.20379021608502496,2.681469089209238,0.15878507518572568,0.24981736143177447,0.04500514089929927,
female_2,58800,1.225,0.6125,0,2,0,2,10,0.00040742114866155273,0.00042002535974183195,370.0,2.7631778098117525,0.1886786745786051,2.1073996802152832,0.181073997659932,0.6557781295964693,0.007604676918673087,
female_2,61200,1.275,0.6375,1,2,1,4,7,0.00023046545586590856,0.00021181494033657984,370.0,4.14824026634809,0.18042084121537302,3.1431765142695935,0.19126363115034098,1.0050637520784962,-0.010842789934967956,
female_2,63600,1.325,0.6625,6,7,4,17,6,0.00010293818116130981,8.833160091236736e-05,373.1640625,4.279793914401997,0.20370929577472988,4.392065500645048,0.23225099313937433,-0.11227158624305034,-0.02854169736464446,
female_2,66000,1.375,0.6875,7,3,2,12,5,5.7875074395748965e-05,4.9357336847240404e-05,376.2265625,3.488963582277611,0.1923993474930379,2.5399853225271896,0.16932148207784234,0.9489782597504215,0.023077865415195548,
female_2,68400,1.425,0.7125,18,2,9,29,15,3.087884805387498e-05,2.1587755224013198e-05,377.3984375,3.7198482675650117,0.1790471262617483,2.881408422045382,0.17727535315287293,0.8384398455196296,0.0017717731088753574,
female_2,70800,1.475,0.7375,10,13,5,28,25,1.5211029786067786e-05,1.099163338500851e-05,378.5703125,2.621768302704043,0.1684597730328857,1.932895685257348,0.15436403491070605,0.688872617446695,0.014095738122179652,
female_2,73200,1.525,0.7625,1,4,1,6,24,1.542116931378759e-05,1.07600455081846e-05,379.7421875,2.601007703297806,0.17422992439822035,2.227281926007633,0.18610750896939596,0.373725777290173,-0.011877584571175603,
female_2,75600,1.575,0.7875,6,6,5,17,21,1.570981334688719e-05,9.743321374398323e-06,369.03125,2.419912884533953,0.16590181320479583,2.910195319587919,0.21390663482673528,-0.4902824350539663,-0.04800482162193945,
female_2,78000,1.625,0.8125,7,11,4,22,16,1.7717630479588516e-05,9.306918781658653e-06,355.9140625,2.754357393003748,0.18021873162488325,3.25897187981732,0.17286034953870527,-0.5046144868135722,0.007358382086177978,
female_2,80400,1.675,0.8375,8,5,5,18,19,2.6684978818631783e-05,1.762798484905116e-05,354.7421875,3.3671906163178265,0.17976278087189512,2.9935572624937468,0.18056528820633028,0.3736333538240797,-0.0008025073344351541,
female_2,82800,1.725,0.8625,11,12,8,31,21,1.6402069912221838e-05,1.1616289874787577e-05,358.296875,2.6045443810083864,0.18324150301911474,2.6080258398093803,0.17771783134796104,-0.0034814588009939307,0.005523671671153696,
female_2,85200,1.775,0.8875,7,4,3,14,19,1.7343330177992345e-05,1.1493349013324477e-05,370.015625,2.361164596651293,0.17857458142890298,2.3615092128900352,0.19012723611755614,-0.000344616238742379,-0.011552654688653158,
female_2,87600,1.825,0.9125,6,6,1,13,18,2.4645181970362473e-05,1.5399299971261e-05,374.0,2.8152879470380894,0.18611508943114413,2.119189400190544,0.18304918141964882,0.6960985468475456,0.0030659080114953108,
female_2,90000,1.875,0.9375,5,5,4,14,20,1.8920615239396208e-05,8.585848233151134e-06,374.0,2.739099102828054,0.17890999620995768,2.8463976058698046,0.19170381832967864,-0.10729850304175059,-0.012793822119720966,
female_2,92400,1.925,0.9625,7,7,2,16,22,1.6416066747001155e-05,6.0448387719762345e-06,384.0546875,1.5005532299668807,0.17023950782843156,2.269329175202786,0.19202624074947558,-0.7687759452359053,-0.021786732921044022,
female_2,94800,1.975,0.9875,5,9,3,17,23,1.4043614564863747e-05,8.541910957249289e-06,389.3984375,3.2251627527829454,0.1877656862058618,2.383509109758255,0.16740183835869785,0.8416536430246904,0.02036384784716394,
female_2,97200,2.025,1.0125,9,8,6,23,20,1.731081691268064e-05,7.715758414869636e-06,378.8515625,2.6299125402999888,0.1879428830072747,2.7019634502071086,0.16536046455337244,-0.07205090990711982,0.02258241845390227,
female_2,99600,2.075,1.0375,6,8,3,17,15,1.7550560599685274e-05,1.1537059964247777e-05,374.0,2.2571364541815884,0.17533620621614904,1.9717187219722592,0.1830869625547595,0.2854177322093292,-0.0077507563386104705,
female_2,102000,2.125,1.0625,3,3,0,6,14,1.8154009844255923e-05,1.3128803028946108e-05,374.0,2.236734761637543,0.18205256971402917,3.172589300668053,0.1583709620563579,-0.93585453903051,0.023681607657671272,
female_2,104400,2.175,1.0875,12,8,5,25,15,1.6852771678279332e-05,1.2163386291548167e-05,362.28125,2.5036297504370655,0.17209348645554928,1.9318872051422218,0.16715431652249732,0.5717425452948437,0.004939169933051962,
female_2,106800,2.225,1.1125,4,4,3,11,20,1.5500770440101074e-05,1.0913303959946203e-05,350.1484375,2.6487612843344506,0.17701800729721148,1.803186681314069,0.16603956564386377,0.8455746030203817,0.010978441653347715,
female_2,109200,2.275,1.1375,11,6,6,23,23,2.2866726574115456e-05,1.2292498932694549e-05,351.3203125,2.41749083304851,0.17003858886404505,2.3647367312013197,0.16161758641349475,0.05275410184719043,0.008421002450550302,
female_2,111600,2.325,1.1625,12,18,7,37,24,1.7894707068955586e-05,1.468417238956154e-05,356.921875,2.4273596515180977,0.1764893301287815,2.1217166547301574,0.15654007718751822,0.3056429967879404,0.01994925294126329,
female_2,114000,2.375,1.1875,5,9,2,16,19,2.0157833371515226e-05,1.454574969222499e-05,368.640625,3.437127893044502,0.1841694486492327,2.2602837420814943,0.16401952577445694,1.1768441509630079,0.020149922874775766,
female_2,116400,2.425,1.2125,5,4,2,11,16,1.617776911241157e-05,1.3058288814923201e-05,372.0,2.8299002939134885,0.17834421878434134,2.485279564527604,0.16615640451729538,0.3446207293858845,0.01218781426704596,
female_2,118800,2.475,1.2375,12,9,8,29,14,1.7287141521708237e-05,1.1579370397277101e-05,372.0,2.8881370384441203,0.17411867877731776,1.994301279308531,0.18996490367010502,0.8938357591355892,-0.015846224892787253,
female_2,121200,2.525,1.2625,3,11,2,16,14,1.6796876202705107e-05,1.1996197993328184e-05,372.0,3.737203148668272,0.17661681435992715,2.5145077369667526,0.18255300872379093,1.2226954117015194,-0.005936194363863778,
female_2,123600,2.575,1.2875,9,5,7,21,12,1.752859092816638e-05,1.0824673111815306e-05,375.1640625,2.9856722872845842,0.18885598481897903,1.9794599385128533,0.16882430752284897,1.006212348771731,0.020031677296130063,
female_2,126000,2.625,1.3125,8,8,3,19,15,1.3553976413795692e-05,9.026469478567245e-06,385.7109375,2.5726398011819955,0.18045606388963936,2.2792352597357204,0.15692803365868002,0.29340454144627515,0.02352803023095934,
female_2,128400,2.675,1.3375,7,8,4,19,13,1.5592321431618277e-05,7.665314275737098e-06,384.4375,3.280433225289563,0.1667795990531503,2.1308576840356936,0.15525149870826435,1.1495755412538693,0.011528100344885939,
female_2,130800,2.725,1.3625,7,5,6,18,15,1.612573636124909e-05,9.987104292094008e-06,375.0625,2.713984130838793,0.1810392924119528,2.4397917347664113,0.16436217909780118,0.27419239607238177,0.016677113314151615,
female_2,133200,2.775,1.3875,11,4,4,19,21,1.820526165806635e-05,1.1908404477856324e-05,376.078125,2.62143579864402,0.1696741515930326,2.0383618977300353,0.15186707598677746,0.5830739009139849,0.017807075606255135,
female_2,135600,2.825,1.4125,4,10,2,16,24,1.6045674456947255e-05,1.2709369019147011e-05,353.7421875,2.5058369177113993,0.1526726586031586,2.0798908210605425,0.15675948872730774,0.4259460966508568,-0.004086830124149149,
female_2,138000,2.875,1.4375,4,5,3,12,18,1.3623329082855143e-05,9.862442547120631e-06,218.9765625,2.693623940395217,0.17176152513942755,2.4654486997159784,0.14877079825409542,0.22817524067923856,0.02299072688533213,
female_2,140400,2.925,1.4625,16,9,7,32,20,1.344497132346247e-05,9.629691599396955e-06,174.0703125,2.7533579970647857,0.1681122987732642,1.6543589163310135,0.1488371645387693,1.0989990807337722,0.019275134234494895,
female_2,142800,2.975,1.4875,7,6,4,17,22,1.6013363796180356e-05,1.0484204800901359e-05,229.1484375,3.1695091942356655,0.15677028181425717,2.0895643053446706,0.14701807707180795,1.0799448888909948,0.009752204742449228,
female_2,145200,3.025,1.5125,13,14,8,35,23,1.6279972890532646e-05,9.093210667005956e-06,286.921875,2.4770187629502183,0.16831547559582924,2.477336039481686,0.14412595430335537,-0.0003172765314678472,0.02418952129247387,
female_2,147600,3.075,1.5375,5,10,2,17,19,1.6235441699446315e-05,9.892569283641745e-06,341.71875,3.8803251832766206,0.16288667553310693,3.4356008699350844,0.1663459644060645,0.44472431334153617,-0.003459288872957572,
female_2,150000,3.125,1.5625,8,4,1,13,21,1.4897376826261355e-05,9.513507719896733e-06,337.03125,2.480090395033654,0.16152493862457692,3.098472466337147,0.1843047916151823,-0.6183820713034929,-0.022779852990605365,
female_2,152400,3.175,1.5875,10,4,6,20,26,1.3798223389276684e-05,7.5253270848867835e-06,302.9453125,2.849819980786691,0.17476013449293054,2.2382452349987942,0.16554705679430143,0.6115747457878968,0.009213077698629113,
female_2,154800,3.225,1.6125,7,9,4,20,28,1.3668944808654964e-05,6.724687222511406e-06,215.0546875,3.606185825363206,0.17506914941966173,1.8105979672769914,0.14990781272406242,1.7955878580862148,0.025161336695599307,
female_2,157200,3.275,1.6375,6,11,5,22,25,1.1733257756232447e-05,6.86826376410742e-06,205.9765625,2.5402500611252727,0.1699104108853193,1.8470892638994083,0.16443256884312504,0.6931607972258644,0.005477842042194259,
female_2,159600,3.325,1.6625,7,10,3,20,18,1.2690561417041039e-05,8.657299144727381e-06,239.9609375,2.2833130134939763,0.1745509353062524,1.7202907240219607,0.1575411316637603,0.5630222894720156,0.017009803642492105,
female_2,162000,3.375,1.6875,6,8,5,19,15,1.663395830035456e-05,1.0822406280819208e-05,242.0,3.0514254878177143,0.16625235224433862,2.375684120484109,0.1580300628233375,0.6757413673336052,0.008222289421001117,
female_2,164400,3.425,1.7125,7,4,5,16,16,1.491783803891488e-05,9.392501945754024e-06,242.0,2.649328346102973,0.1673978567329259,1.897052226732454,0.17085869367517872,0.752276119370519,-0.0034608369422528262,
female_2,166800,3.475,1.7375,11,14,7,32,17,1.2660481554883957e-05,8.734276814787882e-06,242.0,2.791884159567192,0.18261779290911617,1.790620162393735,0.1502876886583088,1.001263997173457,0.03233010425080737,
female_2,169200,3.525,1.7625,9,8,4,21,19,1.2299084985722351e-05,8.380248690739086e-06,238.296875,2.2232244412478517,0.1820098313451574,1.8149088199537273,0.1581695672662939,0.40831562129412435,0.023840264078863527,
female_2,171600,3.575,1.7875,7,6,2,15,19,1.1683510550319101e-05,9.089365414441946e-06,231.265625,2.6353359475568174,0.18104382554197693,2.3822177617491267,0.1628767208389477,0.25311818580769074,0.018167104703029235,
female_2,174000,3.625,1.8125,8,2,4,14,19,1.3125155720801036e-05,9.498376540995476e-06,230.0,1.9829300744590856,0.16549796069942938,2.5687857198939845,0.16293289805948605,-0.5858556454348989,0.0025650626399433274,
female_2,176400,3.675,1.8375,4,8,4,16,22,1.5222037017397415e-05,9.939865449125063e-06,230.0,2.3060649410908303,0.15968685748669145,2.5438889537831697,0.17714371327664885,-0.23782401269233944,-0.0174568557899574,
female_2,178800,3.725,1.8625,5,10,2,17,22,1.2804573703755065e-05,7.3907163952638e-06,230.0,3.195684291269961,0.18385633627546813,2.7477521116900747,0.17856059444442884,0.4479321795798863,0.005295741831039286,
female_2,181200,3.775,1.8875,4,3,0,7,16,1.4070930833673367e-05,5.194770962450447e-06,230.0,2.1756290949902484,0.17334972688853997,2.8091521606702923,0.18093099707458274,-0.6335230656800439,-0.007581270186042766,
female_2,183600,3.825,1.9125,15,9,12,36,23,1.2481263601391596e-05,4.891866235933502e-06,230.0,2.266384535580426,0.18599729865253872,2.7847275305091177,0.19756301663201792,-0.5183429949286915,-0.011565717979479195,
female_2,186000,3.875,1.9375,6,7,2,15,20,1.6175472019498422e-05,6.945926770228468e-06,277.578125,3.121323072946538,0.18893054182493832,2.4085443192863325,0.16843117109540026,0.7127787536602055,0.020499370729538058,
female_2,188400,3.925,1.9625,8,8,3,19,20,1.9631984824182618e-05,9.857791832208572e-06,345.546875,3.42583608386889,0.17755288382047194,3.872078787662182,0.18511577807468846,-0.4462427037932919,-0.007562894254216523,
female_2,190800,3.975,1.9875,12,8,8,28,21,1.7389601229769088e-05,9.755243190665936e-06,348.328125,3.541182779285196,0.17592754985808265,3.582406289678545,0.1822174568549481,-0.04122351039334893,-0.006289906996865463,
female_2,193200,4.025,2.0125,3,7,2,12,26,1.987168122997241e-05,8.740341106729694e-06,343.953125,2.6345757097195497,0.1763556900950317,2.312119219049892,0.1644980205345277,0.32245649066965765,0.011857669560503992,
female_2,195600,4.075,2.0375,12,13,8,33,21,1.5679924297381956e-05,8.913388262505247e-06,322.859375,3.048104218261198,0.1822306623852005,1.9961604697894955,0.15701125285823728,1.0519437484717025,0.02521940952696322,
female_2,198000,4.125,2.0625,2,8,1,11,16,1.426119959402196e-05,1.046126631286582e-05,333.03125,2.822884216651313,0.17663827372327628,1.9168217373049745,0.16347655469726538,0.9060624793463385,0.013161719026010904,
female_2,200400,4.175,2.0875,11,7,5,23,11,1.4614778785048754e-05,7.5891352598127976e-06,365.84375,2.043726277680666,0.16476300838855149,2.261546587110034,0.16274556292836387,-0.21782030942936803,0.002017445460187617,
female_2,202800,4.225,2.1125,12,4,8,24,19,1.239240127999764e-05,1.012607119685001e-05,371.0234375,2.400832369368901,0.17982929118230895,1.9533677884667353,0.13830605352522346,0.4474645809021658,0.04152323765708549,
female_2,205200,4.275,2.1375,8,11,4,23,22,1.4791684487243776e-05,9.331453560404084e-06,350.125,2.254290938580659,0.1607320858028361,2.1860419477504105,0.1697942272032727,0.0682489908302486,-0.009062141400436596,
female_2,207600,4.325,2.1625,3,12,3,18,16,1.6413106498143292e-05,9.688599506829883e-06,218.875,2.2840225525308138,0.17431349047771644,2.3909620826154434,0.17588067127847348,-0.10693953008462964,-0.0015671808007570454,
female_2,210000,4.375,2.1875,7,7,4,18,14,1.4272916608777584e-05,8.823319196070922e-06,148.0,2.4765381627172394,0.16557416488507734,2.7799664479081874,0.1602296121823101,-0.303428285190948,0.005344552702767236,
female_2,212400,4.425,2.2125,9,6,6,21,18,1.2372096420746881e-05,8.46635137431142e-06,148.0,2.6126565302691347,0.17208763686089604,2.1348431771762146,0.15945449206931592,0.47781335309292006,0.01263314479158012,
female_2,214800,4.475,2.2375,4,6,2,12,16,1.6844326854376315e-05,8.580246340681956e-06,199.203125,2.6847985204130294,0.17305528511135987,2.312575826825321,0.16370679948840336,0.37222269358770843,0.00934848562295651,
female_2,217200,4.525,2.2625,8,7,2,17,15,1.30399196181305e-05,6.212088555164832e-06,265.2578125,2.8391455524520413,0.16311304977385904,2.7734986749331805,0.17308235767064506,0.06564687751886078,-0.009969307896786017,
female_2,219600,4.575,2.2875,7,4,4,15,17,1.5825784636242977e-05,6.440144978861452e-06,292.2109375,3.002459095400609,0.16396273902995423,2.005698888464605,0.16678263710473876,0.996760206936004,-0.002819898074784527,
female_2,222000,4.625,2.3125,9,9,3,21,16,1.1476267347042197e-05,6.439857206399549e-06,310.0,3.3062319045967126,0.16795766259018713,2.810895146824321,0.14832894399224775,0.4953367577723915,0.019628718597939382,
female_2,224400,4.675,2.3375,9,8,1,18,17,1.255352835618426e-05,7.573819783181822e-06,310.0,2.8399424852547694,0.17795612721409743,2.630117792643033,0.180183734624875,0.20982469261173664,-0.002227607410777571,
female_2,226800,4.725,2.3625,2,2,1,5,21,1.172581839255022e-05,8.736124768870168e-06,342.65625,2.5819361499198723,0.15692954324798966,2.8167849663937163,0.16009091789421276,-0.23484881647384404,-0.0031613746462230974,
female_2,229200,4.775,2.3875,13,6,5,24,23,1.324463555017452e-05,8.913759958467537e-06,394.21875,2.5435306479783577,0.1716146712946289,2.5362764654616665,0.15497664617747395,0.007254182516691188,0.016638025117154953,
female_2,231600,4.825,2.4125,6,10,3,19,27,1.359880613008978e-05,9.958584469235085e-06,304.609375,2.5295831261097748,0.16257545909976387,1.905483076768259,0.15706119461538562,0.6241000493415159,0.005514264484378251,
female_2,234000,4.875,2.4375,5,8,3,16,24,1.5399966086805578e-05,9.725783240218323e-06,226.0,2.5956742791381275,0.18853152066881143,2.052997847127089,0.17753043712165276,0.5426764320110387,0.011001083547158674,
female_2,236400,4.925,2.4625,10,6,6,22,18,1.51940497292639e-05,9.531041332516727e-06,226.0,2.6129383977656215,0.17321089689512598,2.240857734578631,0.17231942577218226,0.3720806631869906,0.0008914711229437156,
female_2,238800,4.975,2.4875,6,7,2,15,24,1.4906616468812485e-05,8.346012377978497e-06,226.0,2.948080591645269,0.1722057165079345,1.951910615643072,0.15130755837014526,0.9961699760021969,0.020898158137789252,
female_2,241200,5.025,2.5125,9,8,7,24,25,1.3201803008237217e-05,7.781199668204397e-06,226.0,3.492705878249769,0.17917886748840908,2.0495913810509947,0.1691375891610345,1.4431144971987742,0.010041278327374586,
female_2,243600,5.075,2.5375,4,14,2,20,19,1.2736524917233252e-05,6.109055230014292e-06,256.25,2.79952585376483,0.18193555833144792,2.932673007343819,0.17695291705247976,-0.1331471535789892,0.004982641278968164,
female_2,246000,5.125,2.5625,8,8,4,20,14,1.378567988890152e-05,5.862120033083526e-06,290.1171875,2.592183348134688,0.1825474052026351,2.578567774173006,0.17616532239397473,0.013615573961681893,0.006382082808660372,
female_2,248400,5.175,2.5875,5,5,0,10,15,1.5875372099232587e-05,6.2389832924619504e-06,291.2890625,2.7224574993970725,0.1868128647327414,2.825514109674697,0.17749532298879434,-0.10305661027762447,0.009317541743947055,
female_2,250800,5.225,2.6125,11,8,8,27,15,1.3391403352483339e-05,3.3050023924433713e-06,292.921875,2.5358176584234045,0.19227508022408446,2.320754192557379,0.16214819919163279,0.21506346586602554,0.030126881032451674,
female_2,253200,5.275,2.6375,9,10,5,24,17,1.4254696088546127e-05,2.942573464490023e-06,295.265625,2.56500483464264,0.17113374792806896,2.346667727711868,0.17443760732852517,0.2183371069307718,-0.003303859400456216,
female_2,255600,5.325,2.6625,3,5,3,11,15,1.4259915823970432e-05,4.299541418475075e-06,251.7421875,2.596507681317209,0.1861576300954128,2.7357808348458272,0.1648679526109635,-0.13927315352861802,0.02128967748444932,
female_2,258000,5.375,2.6875,15,9,13,37,17,1.30997502071559e-05,6.497835924849082e-06,187.2890625,2.284121387641203,0.16917563030898375,3.2759681697674843,0.16400672077808828,-0.9918467821262813,0.005168909530895466,
female_2,260400,5.425,2.7125,9,13,5,27,21,1.5518467968784986e-05,8.128166371446775e-06,186.0,2.2763274527048507,0.17278780978070266,2.320997799566623,0.16165175587459119,-0.04467034686177218,0.01113605390611147,
female_2,262800,5.475,2.7375,3,7,2,12,16,1.631458801724925e-05,6.320339134341968e-06,200.09375,2.6208841941843044,0.16270099098354485,1.7023231006204589,0.1626637080974545,0.9185610935638455,3.7282886090339584e-05,
female_2,265200,5.525,2.7625,10,4,6,20,12,1.567887112372199e-05,4.79272832526852e-06,251.65625,2.217115143306798,0.1725540425188433,2.3322211925082015,0.17222691996565628,-0.11510604920140333,0.0003271225531870092,
female_2,267600,5.575,2.7875,10,6,5,21,19,1.689323666300062e-05,7.689101869283004e-06,278.6484375,2.9416442497805653,0.17716529719675708,2.325757546001399,0.17146679771582593,0.6158867037791662,0.005698499480931152,
female_2,270000,5.625,2.8125,6,9,4,19,21,1.3261026567995681e-05,9.840060105617077e-06,286.8515625,2.300872821076678,0.16636808263920266,3.265729500016204,0.16442335243012454,-0.9648566789395261,0.0019447302090781216,
female_2,272400,5.675,2.8375,12,9,8,29,21,1.2308851090373036e-05,8.38456470229216e-06,290.015625,2.395750659188625,0.17756009135880021,2.176199717473146,0.15624488239620288,0.2195509417154793,0.021315208962597337,
female_2,274800,5.725,2.8625,9,9,3,21,19,1.3659459612001089e-05,7.531601902875441e-06,285.890625,2.6144786253628274,0.16766729354705895,2.902769467742825,0.17146178557110872,-0.2882908423799977,-0.0037944920240497726,
female_2,277200,5.775,2.8875,8,5,3,16,24,1.31499325639652e-05,8.128455424930375e-06,246.046875,2.3680149613905956,0.1747442849901876,2.387818330261397,0.16212217276248683,-0.019803368870801474,0.012622112227700766,
female_2,279600,5.825,2.9125,8,10,4,22,24,1.4088566007598605e-05,8.549100258592602e-06,224.0,2.077605864485493,0.16440748516732118,1.8205351364570723,0.1648728732511737,0.2570707280284208,-0.0004653880838525193,
female_2,282000,5.875,2.9375,4,3,2,9,24,1.4506625497673984e-05,7.0877860686633445e-06,224.0,3.5219187708062454,0.1818737009242259,2.426563087990791,0.17043010404059622,1.0953556828154545,0.01144359688362967,
female_2,284400,5.925,2.9625,6,9,2,17,22,1.2783815693751282e-05,5.705203920029378e-06,204.921875,2.995852489555539,0.17691170300885797,2.3069974233261705,0.17380377812668096,0.6888550662293684,0.00310792488217701,
female_2,286800,5.975,2.9875,12,12,6,30,19,1.3204858228152373e-05,5.967270585639567e-06,180.0,3.6206278154262304,0.17805152759071277,2.2595794272380187,0.1784210146783696,1.3610483881882116,-0.0003694870876568279,
female_2,289200,6.025,3.0125,5,5,3,13,22,1.7725515844017628e-05,8.807412247710194e-06,180.0,2.5036943566852834,0.17994373321045745,2.000590753639016,0.18667611088879757,0.5031036030462674,-0.006732377678340118,
female_2,291600,6.075,3.0375,4,6,2,12,17,1.1861898828773485e-05,8.559812247045452e-06,181.1484375,2.46612766158025,0.17526687397741708,2.5899972811957235,0.16387369503784935,-0.1238696196154736,0.011393178939567733,
female_2,294000,6.125,3.0625,11,13,8,32,20,1.2845230435021792e-05,7.322507751214137e-06,184.6640625,2.553078265194217,0.17031003095264266,2.5166250949523707,0.146269398423661,0.036453170241846244,0.02404063252898167,
female_2,296400,6.175,3.0875,6,5,4,15,18,1.45464795124277e-05,9.166135255273381e-06,169.2890625,2.1916635002591454,0.16218494366019773,1.9230796979230087,0.1481580188607306,0.26858380233613666,0.014026924799467128,
female_2,298800,6.225,3.1125,8,10,6,24,16,1.341481246945794e-05,8.557345781277112e-06,142.3359375,2.2887329158886804,0.1729700055409924,2.654595708144997,0.16551039670774678,-0.36586279225631646,0.007459608833245618,
female_2,301200,6.275,3.1375,11,7,8,26,17,1.4628845968499116e-05,9.208923096277728e-06,141.0703125,2.1599217529627217,0.1745613439845013,2.022953268564242,0.18204125816871722,0.13696848439847953,-0.0074799141842159245,
female_2,303600,6.325,3.1625,10,10,6,26,19,1.2825910717498903e-05,6.316465595922966e-06,141.7578125,2.513885059317179,0.17494088100120025,2.83103871684264,0.1585427316202898,-0.317153657525461,0.016398149380910443,
female_2,306000,6.375,3.1875,1,5,1,7,19,1.2698311841609155e-05,6.1614424896497415e-06,140.5859375,2.1134885151330742,0.1717399758778349,2.110125045896066,0.1750368270678944,0.003363469237008143,-0.0032968511900594855,
female_2,308400,6.425,3.2125,11,6,2,19,23,1.2997918575700878e-05,6.959499863452963e-06,169.296875,2.29692841920968,0.17742531818576301,2.567872757397227,0.17341956441916814,-0.27094433818754693,0.004005753766594872,
female_2,310800,6.475,3.2375,13,3,8,24,27,1.2997303483760064e-05,6.052478604694021e-06,227.890625,3.1106904595985716,0.15480085431282423,2.3125204449910663,0.17194456985020465,0.7981700146075053,-0.017143715537380422,
female_2,313200,6.525,3.2625,9,16,6,31,29,1.3836052701964472e-05,6.00734560455974e-06,232.5625,3.098709877098178,0.15683981913890346,2.0205635427246817,0.1637918198905331,1.0781463343734963,-0.006952000751629633,
female_2,315600,6.575,3.2875,5,5,3,13,22,1.7591784531211003e-05,8.046506715599376e-06,231.515625,3.610727592790302,0.18142045347645816,2.593872763236609,0.1762563542016691,1.0168548295536928,0.005164099274789058,
female_2,318000,6.625,3.3125,4,10,4,18,20,2.018464329069691e-05,8.557530282260058e-06,318.234375,3.402958280736672,0.1779084425819822,2.501016113337908,0.16508525230666735,0.9019421673987642,0.012823190275314866,
female_2,320400,6.675,3.3375,5,5,2,12,18,1.954643521875125e-05,7.0836954885573055e-06,339.4921875,2.766213861112425,0.2048973017074832,2.550448312048948,0.18384993598008487,0.2157655490634771,0.02104736572739832,
female_2,322800,6.725,3.3625,6,3,3,12,19,1.5843976131203205e-05,7.884190113225007e-06,253.9453125,3.551134406395962,0.1813801300502193,2.8236060118299764,0.18625419103571184,0.7275283945659856,-0.004874060985492534,
female_2,325200,6.775,3.3875,9,5,5,19,25,1.3837777144482381e-05,9.112267607750685e-06,268.609375,2.4528570064051443,0.16204637280283274,2.0781409579743957,0.1782530464616438,0.37471604843074857,-0.016206673658811066,
female_2,327600,6.825,3.4125,9,5,2,16,24,1.9448276653638143e-05,9.571888695949072e-06,331.890625,3.770301746387535,0.19151896271793004,2.1077768177617573,0.1694520611926164,1.6625249286257775,0.022066901525313626,
female_2,330000,6.875,3.4375,7,6,2,15,28,4.424005636061897e-05,3.660124172441739e-05,370.25,3.2027447173812833,0.20113147408417187,3.4233067759662363,0.20771903529891916,-0.22056205858495304,-0.006587561214747295,
female_2,332400,6.925,3.4625,7,12,3,22,31,0.00016670001915969538,0.00013538323625388038,398.0,3.729583708867526,0.20604036711334567,11.00631486790878,0.2568044861529103,-7.276731159041253,-0.050764119039564626,
female_2,334800,6.975,3.4875,7,3,3,13,26,0.0004913984041469225,0.0003909821251113632,398.0,4.696800540366669,0.18348339100054467,4.288407073526339,0.20970210662755745,0.4083934668403302,-0.02621871562701278,
female_2,337200,7.025,3.5125,6,6,2,14,29,0.0011103153156650184,0.0008129020933168405,396.703125,2.6534702769070204,0.1752715459616047,3.007582458748625,0.18720982617088952,-0.35411218184160465,-0.011938280209284807,
female_2,339600,7.075,3.5375,4,5,2,11,25,0.00124146476445222,0.0009737506752956608,394.359375,2.931292706033632,0.20148643240908584,3.2536977987863667,0.19435794396438055,-0.32240509275273466,0.007128488444705289,
female_2,342000,7.125,3.5625,8,9,5,22,27,0.001801191639913939,0.0011377912956517346,393.0078125,3.9994001312063103,0.19242011035935822,3.1420210233028225,0.17677246475906022,0.8573791079034878,0.015647645600297994,
female_2,344400,7.175,3.5875,4,12,1,17,23,0.0029109438950320186,0.0016888108612856435,383.796875,3.682947506539014,0.17120762394215808,2.5518609160841477,0.16932073603834688,1.1310865904548661,0.0018868879038111963,
female_2,346800,7.225,3.6125,7,6,3,16,20,0.004187960881754388,0.0024776433897679318,325.203125,2.5547887452131555,0.17133159538170756,2.3006369110195886,0.17693527761585615,0.2541518341935669,-0.005603682234148588,
female_2,349200,7.275,3.6375,9,9,5,23,21,0.005698109578142143,0.003407069072818515,304.1875,3.2691818600833127,0.16756451063056055,2.5594887522120913,0.173055495931448,0.7096931078712214,-0.005490985300887458,
female_2,351600,7.325,3.6625,7,7,3,17,24,0.006778606142296805,0.004788417026140282,332.3125,3.4497636190253704,0.17571423243345416,3.0109152781538473,0.21892475494405828,0.43884834087152313,-0.043210522510604116,
female_2,354000,7.375,3.6875,9,5,5,19,20,0.005504212342351292,0.0041515228995582945,345.9609375,3.2549732995258958,0.20506186480675884,2.908662720007638,0.2729271833743891,0.3463105795182577,-0.06786531856763026,
female_2,356400,7.425,3.7125,8,9,6,23,24,0.0034304198024532064,0.003147944745278686,354.0,2.800780411228026,0.2169309910720947,2.012674919057835,0.20086810694731275,0.7881054921701911,0.016062884124781962,
female_2,358800,7.475,3.7375,5,5,3,13,23,0.002703866236163205,0.002492550574065362,354.0,2.5591617599275467,0.1867709093815919,1.740764298202698,0.1787549017241816,0.8183974617248486,0.008016007657410312,
female_2,361200,7.525,3.7625,4,9,4,17,21,0.0023273476733905716,0.0018557029516386417,351.0625,2.4326669509888528,0.1914690368662481,2.573877257713842,0.1697803906290454,-0.14121030672498902,0.021688646237202708,
female_2,363600,7.575,3.7875,7,11,4,22,11,0.0023636066689614733,0.001453299311304725,341.6875,3.7642384943736453,0.17385039065585223,3.185446621299848,0.17813765160569933,0.5787918730737975,-0.004287260949847105,
female_2,366000,7.625,3.8125,3,3,1,7,14,0.0016195063625144602,0.0006700357174879934,346.53125,3.138096647208048,0.17836770762190746,4.071193935014762,0.17141352225448833,-0.9330972878067136,0.0069541853674191245,
female_2,368400,7.675,3.8375,11,11,10,32,15,0.0008491402220094466,0.0004491820980080463,360.59375,3.7762396761426382,0.21483026764969967,4.231098008821494,0.20344363632427198,-0.4548583326788558,0.011386631325427693,
female_2,370800,7.725,3.8625,15,15,5,35,17,0.0002044842222936347,0.00012547629880452817,362.0,3.125860913014262,0.1937268187785979,2.8936641487012356,0.19657179037465133,0.23219676431302627,-0.0028449715960534305,
female_2,373200,7.775,3.8875,7,1,5,13,17,9.875112670871189e-05,5.9637165298047445e-05,361.09375,3.75181182412318,0.18796400512865433,5.12705184308805,0.2004354309914959,-1.37524001896487,-0.012471425862841584,
female_2,375600,7.825,3.9125,6,9,4,19,22,0.00011964054618531239,4.202100416249225e-05,356.40625,6.47378811805614,0.256407393665555,2.4159634863884056,0.21353465296413635,4.057824631667734,0.04287274070141864,
female_2,378000,7.875,3.9375,8,17,7,32,15,0.001679306233069938,0.0006726507310617219,352.859375,10.456612765314425,0.23749764667546083,12.67341476721307,0.267432196928337,-2.2168020018986443,-0.02993455025287614,
female_2,380400,7.925,3.9625,5,6,2,13,4,0.01976136178426927,0.003922946210090997,350.515625,6.259102075483492,0.21300202600349677,17.183872707634144,0.24027631039220276,-10.924770632150652,-0.027274284388705994,
female_2,382800,7.975,3.9875,3,2,0,5,6,0.13524097482349132,0.02694196234639457,349.0859375,5.8251578370197175,0.20174855644731496,3.5879949108972,0.22217627066948806,2.2371629261225174,-0.0204277142221731,
female_2,385200,8.025,4.0125,9,3,4,16,13,0.22023682678202156,0.16474764473084486,347.7421875,2.747548962376567,0.20609300549000825,2.035424043386637,0.1977504397741587,0.7121249189899301,0.008342565715849543,
female_2,387600,8.075,4.0375,6,5,4,15,13,0.15669597764397375,0.22517428704517717,344.2265625,2.418475284785099,0.21030878293203475,1.4320620082490247,0.15463931626561417,0.9864132765360742,0.055669466666420586,
female_2,390000,8.125,4.0625,4,4,3,11,16,0.273994690741638,0.25353381791445123,342.0,1.6545162866158751,0.1978038173883379,2.0886610346273358,0.15960540658979291,-0.43414474801146063,0.038198410798544996,
female_2,392400,8.175,4.0875,2,2,1,5,14,0.30587578798830145,0.2844545297802837,342.0,1.089024670909686,0.1843755741105726,1.8414697011839563,0.17191566183889442,-0.7524450302742702,0.01245991227167817,
female_2,394800,8.225,4.1125,1,3,0,4,14,0.3028100370777581,0.2288390343311697,351.28125,2.2022295729705337,0.20728891462357407,2.2496358132716794,0.18537068378717927,-0.04740624030114571,0.021918230836394798,
female_2,397200,8.275,4.1375,6,4,2,12,13,0.32413161405313723,0.17354525713147656,365.34375,4.541690548218018,0.18864833026510652,1.387156294332593,0.17314833258422224,3.1545342538854246,0.015499997680884281,
female_2,399600,8.325,4.1625,4,2,1,7,16,0.28911139497280297,0.22257619014050378,367.1171875,1.9370274862252543,0.17165483244499688,1.1683891107989663,0.15349201693418965,0.768638375426288,0.01816281551080723,
female_2,402000,8.375,4.1875,3,3,3,9,17,0.3092020816032615,0.2891767867271107,368.2890625,1.521595087606391,0.1791023407882149,0.9533927450955317,0.15619118014129965,0.5682023425108593,0.022911160646915257,
female_2,404400,8.425,4.2125,6,5,4,15,18,0.3241312564650338,0.30722232922411413,369.4609375,0.761231771897309,0.1773252784754595,0.9894208551817099,0.15153403351553243,-0.2281890832844009,0.025791244959927073,
female_2,406800,8.475,4.2375,2,0,0,2,18,0.34076709207708666,0.31618460443483004,370.0,1.1190811282672302,0.16914548726626635,0.8068121681597413,0.14711014224941785,0.31226896010748884,0.022035345016848507,control
female_2,409200,8.525,4.2625,2,3,1,6,19,0.30130455314113613,0.30399604630772187,370.0,0.7093794865779544,0.15655086065304705,0.6452086532513401,0.13694976010986487,0.06417083332661422,0.019601100543182176,
female_2,411600,8.575,4.2875,4,4,3,11,19,0.29662732688305987,0.2964171996087363,370.0,0.8879408963718948,0.1487879693511833,1.0255581331198593,0.1669232839866836,-0.13761723674796456,-0.018135314635500305,
female_2,414000,8.625,4.3125,2,4,0,6,19,0.3231683090056696,0.2811594308920568,369.8515625,1.0205223418656497,0.18249191154608022,2.1177102596870983,0.1733380581069644,-1.0971879178214485,0.009153853439115817,
female_2,416400,8.675,4.3375,1,1,0,2,18,0.2795282371242837,0.2313080953556062,368.6796875,2.4656368677939295,0.18421842718521023,2.3652265126013896,0.18742015368004264,0.10041035519253994,-0.003201726494832413,
female_2,418800,8.725,4.3625,8,7,6,21,18,0.18375136232008454,0.19378388045093864,363.078125,3.290363381880528,0.1924714731857238,1.5903194242775671,0.17440307372621677,1.7000439576029607,0.01806839945950703,
female_2,421200,8.775,4.3875,2,2,1,5,19,0.31174997330701965,0.26951172820240255,351.359375,2.6282829755152237,0.1968012945348527,1.2856903015837702,0.16105269570350964,1.3425926739314535,0.03574859883134307,
female_2,423600,8.825,4.4125,1,4,1,6,17,0.34472925240059765,0.24954920104898115,353.8515625,4.150032370131339,0.19219664852879254,1.3709613594702048,0.1808700881727218,2.7790710106611343,0.011326560356070742,
female_2,426000,8.875,4.4375,6,5,3,14,15,0.3162460768002972,0.21480259642917235,362.0078125,2.3513166067390414,0.19613392443261923,1.6372066599179376,0.17076798670105767,0.7141099468211038,0.025365937731561566,
female_2,428400,8.925,4.4625,6,2,3,11,15,0.31020165040253295,0.2523404832296188,363.1796875,1.5036488924263876,0.19599968642038856,1.6735731107495764,0.1752603213271447,-0.16992421832318882,0.020739365093243867,
female_2,430800,8.975,4.4875,5,1,3,9,22,0.32472949281544505,0.2964561359841593,364.3515625,1.3575072503860035,0.1804281704762476,0.7608806824301579,0.1650906856612113,0.5966265679558456,0.0153374848150363,
female_2,433200,9.025,4.5125,2,7,1,10,19,0.34151425555890336,0.3291289422107773,365.5234375,1.38199262879127,0.18375748057105165,0.8559819762053578,0.15580727076331582,0.5260106525859123,0.027950209807735826,
female_2,435600,9.075,4.5375,3,1,0,4,19,0.3712889700663573,0.3483081539211597,366.6953125,0.7786186605990182,0.1922745092910729,0.5527031251860711,0.15347099762147645,0.22591553541294707,0.03880351166959645,
female_2,438000,9.125,4.5625,3,1,1,5,23,0.36535952337927957,0.3454529005195861,367.8671875,0.9086333492445804,0.15785169090130233,0.8267062083070157,0.14133657441633748,0.0819271409375647,0.016515116484964842,
female_2,440400,9.175,4.5875,1,4,0,5,23,0.3484203814287595,0.3361083464540676,369.0390625,1.2629098859003633,0.15993931235893113,0.76280802398573,0.1348273748296243,0.5001018619146333,0.02511193752930682,
female_2,442800,9.225,4.6125,1,0,0,1,21,0.3089253345175423,0.322815567343282,369.7890625,0.9255858349995654,0.16460619326677786,0.7933511151562289,0.14194367451666576,0.13223471984333646,0.022662518750112104,control
female_2,445200,9.275,4.6375,6,4,3,13,21,0.3061925509102386,0.3086014667154571,368.6171875,0.7432756999542447,0.1557267845859412,0.822616597870065,0.14601002737368093,-0.07934089791582033,0.009716757212260257,
female_2,447600,9.325,4.6625,4,4,2,10,22,0.3536304469267559,0.3288745597238499,368.0,1.166328081150135,0.16610616256721905,0.7833426580919141,0.14603874347509432,0.38298542305822103,0.020067419092124728,
female_2,450000,9.375,4.6875,0,1,0,1,22,0.309250416121106,0.32164224102307676,368.0,1.379795544960916,0.17476585402105263,0.9150810301695281,0.1535938143148307,0.4647145147913879,0.021172039706221918,
female_2,452400,9.425,4.7125,2,2,2,6,22,0.31103973629301684,0.2964084000198228,368.8984375,1.1466544276267683,0.19105214922430283,0.8099167673153723,0.13251859200032423,0.33673766031139596,0.0585335572239786,
female_2,454800,9.475,4.7375,1,3,0,4,20,0.2924320523057066,0.267231767341945,370.0703125,0.7608725809827132,0.17577738812926894,0.8151428513013523,0.14783220523005408,-0.05427027031863918,0.027945182899214854,
female_2,457200,9.525,4.7625,3,0,2,5,22,0.2762714641441559,0.2639846399267471,371.2421875,1.0986867960537392,0.17303970152643602,0.3939387095571244,0.13528131617516703,0.7047480864966148,0.03775838535126899,
female_2,459600,9.575,4.7875,2,3,2,7,22,0.2870601650164717,0.2622390656640472,371.5859375,0.7057261123679519,0.17318679992296987,0.48926379438895473,0.1397252050791908,0.21646231797899718,0.03346159484377906,
female_2,462000,9.625,4.8125,2,3,1,6,22,0.2909597788778698,0.2729674773553957,370.4140625,0.9531755512778068,0.16818023553754102,0.6139607757717609,0.1491981523269477,0.33921477550604595,0.01898208321059333,
female_2,464400,9.675,4.8375,1,1,0,2,21,0.28890811885052814,0.28689803586964224,370.0,0.7707559372734931,0.14797649556453682,0.6220476003334899,0.13918543964225832,0.14870833694000318,0.008791055922278496,
female_2,466800,9.725,4.8625,1,2,1,4,21,0.3171136131874733,0.30672384711417283,370.0,0.9809498972791508,0.1499562435626188,0.5282261780492596,0.14904415443939764,0.4527237192298912,0.0009120891232211603,
female_2,469200,9.775,4.8875,1,0,1,2,20,0.3319664428070295,0.3032225942275916,371.1015625,0.7786975119345246,0.17536929177158353,0.7415015427544014,0.1479535922294764,0.037195969180123245,0.027415699542107125,
female_2,471600,9.825,4.9125,1,1,0,2,21,0.31225773909949794,0.3074614758892513,372.0,0.964148334465339,0.15729146690799686,1.1266751506697488,0.14633266546228652,-0.16252681620440979,0.010958801445710348,
female_2,474000,9.875,4.9375,5,1,2,8,22,0.30546688941752626,0.2831434155460895,372.0,0.7795445675118141,0.15698983089223548,0.6559476637974908,0.1505723504371476,0.1235969037143233,0.006417480455087887,
female_2,476400,9.925,4.9625,3,0,2,5,27,0.2879729856826153,0.2770439891071259,372.0,0.7336545142217208,0.1673728283603191,0.6235233612295288,0.1612557554512168,0.110131152992192,0.006117072909102322,
female_2,478800,9.975,4.9875,2,5,1,8,25,0.2859025197846651,0.26343922842062023,372.0,0.8270339136494487,0.15437497886290444,0.534854336818479,0.14785769627095652,0.2921795768309696,0.0065172825919479205,
female_2,481200,10.025,5.0125,4,2,2,8,26,0.26937371533316773,0.27569897318599196,372.0,0.725050152858099,0.15746812702889465,0.6625270117064662,0.14331502475736682,0.06252314115163282,0.014153102271527829,
female_2,483600,10.075,5.0375,2,5,2,9,25,0.2953785746884433,0.29526477189272293,372.0,0.8742989933419266,0.1635018344603946,0.6809291518256091,0.16473738711773114,0.19336984151631753,-0.0012355526573365472,
female_2,486000,10.125,5.0625,2,0,0,2,25,0.31921534917650274,0.3082180136985104,372.0,0.8699757898322957,0.16201982704745374,0.7813396496940721,0.16296595987231785,0.08863614013822363,-0.0009461328248641099,
female_2,488400,10.175,5.0875,4,5,2,11,25,0.34268450650120197,0.2958475366972181,372.0,0.9268317065163127,0.16585410649041551,0.8198400208271971,0.1449331937701645,0.10699168568911566,0.02092091272025101,
female_2,490800,10.225,5.1125,0,0,0,0,25,0.2815567127795055,0.2795879191052418,372.0,1.1724778580652124,0.18009028452172063,0.684737590944787,0.14530036251577536,0.4877402671204254,0.03478992200594527,control
female_2,493200,10.275,5.1375,5,5,4,14,26,0.2748647510673574,0.26786709407592174,372.0,0.8723654335191683,0.15453074563045308,1.1794471467844443,0.133085840488078,-0.307081713265276,0.02144490514237507,
female_2,495600,10.325,5.1625,1,6,1,8,20,0.30142354379204456,0.2893246672258907,372.0,1.399649437708055,0.16234670025589965,0.57066459708292,0.1342824743165974,0.828984840625135,0.028064225939302245,
female_2,498000,10.375,5.1875,2,0,0,2,20,0.33396728361339445,0.30995204103639784,372.0,1.230181050132834,0.1619385805352938,0.5812340473340447,0.13769619821038268,0.6489470027987894,0.024242382324911133,
female_2,500400,10.425,5.2125,3,3,3,9,22,0.33408449770228155,0.32822230855371753,372.3359375,0.8250659748349538,0.15250751636263707,0.6724381065541996,0.13791570186709265,0.15262786828075425,0.01459181449554442,
female_2,502800,10.475,5.2375,5,5,4,14,22,0.35628758181093007,0.3373728413659548,373.5078125,0.9148880443829295,0.16428436846594302,0.6495754745907258,0.13588944825166868,0.26531256979220363,0.02839492021427434,
female_2,505200,10.525,5.2625,0,0,0,0,22,0.32549222569029435,0.32280868377564503,374.0,0.6651106144487613,0.16329965340747207,0.6064827814436075,0.13938871235368136,0.05862783300515384,0.023910941053790713,
female_2,507600,10.575,5.2875,3,2,2,7,23,0.32533804476398953,0.3150687985968031,374.0,0.7499661164294293,0.16819899598096283,0.6187847095649786,0.1472435348752649,0.1311814068644508,0.02095546110569793,
female_2,510000,10.625,5.3125,2,2,2,6,24,0.3133320390525831,0.3106108032758765,374.0,0.9642313214901994,0.15310326729268137,0.9387255472982575,0.1495639522787924,0.025505774191941888,0.0035393150138889606,
female_2,512400,10.675,5.3375,3,2,1,6,24,0.3048145879417064,0.2872227324453764,373.609375,0.8610402525684957,0.17974485245670727,0.9028888933782858,0.15931576110526963,-0.041848640809790116,0.02042909135143764,
female_2,514800,10.725,5.3625,3,2,3,8,24,0.23290944144684092,0.23541797204901974,371.265625,2.225772064537241,0.20333299253182852,1.8200294912709627,0.17941425206058706,0.4057425732662783,0.023918740471241456,
female_2,517200,10.775,5.3875,4,9,3,16,19,0.29209956551148686,0.21671835737828968,368.3828125,2.80381801513985,0.20561617507375698,2.808953505731422,0.18429019093881913,-0.005135490591571923,0.02132598413493786,
female_2,519600,10.825,5.4125,1,6,0,7,17,0.23985587987282347,0.19972743414099925,364.8671875,4.542464751094582,0.19717534490151964,3.0465981863766594,0.17440447816565266,1.4958665647179226,0.02277086673586698,
female_2,522000,10.875,5.4375,4,5,1,10,15,0.1343256338745891,0.12909477437794556,351.640625,2.2391721487596206,0.19157019433281172,2.307982534917136,0.1551547178839582,-0.06881038615751534,0.03641547644885351,
female_2,524400,10.925,5.4625,7,4,6,17,16,0.0916922628433398,0.06243847105892496,334.0859375,3.2937634379844267,0.1832257648268491,3.500376804397625,0.15968659293253382,-0.20661336641319838,0.023539171894315286,
female_2,526800,10.975,5.4875,11,5,4,20,22,0.06392337964423912,0.046058497020030655,293.0703125,2.1393583207792406,0.18234029556313716,2.672632109729623,0.16128034338592726,-0.5332737889503822,0.021059952177209906,
female_2,529200,11.025,5.5125,9,7,4,20,22,0.037891510282243177,0.03829296781628612,287.1171875,3.1161941677032994,0.18483085201666324,2.69429884405913,0.16922117537836318,0.4218953236441694,0.015609676638300068,
female_2,531600,11.075,5.5375,4,5,2,11,25,0.02976035521181087,0.02839719924556714,349.2265625,2.4641477004901136,0.1678694935633794,2.4441160382915212,0.17696809312706946,0.020031662198592315,-0.009098599563690052,
female_2,534000,11.125,5.5625,7,4,3,14,27,0.025671654450578056,0.02209171170913019,372.7421875,2.074629778033602,0.18313264396947826,1.6657995405907764,0.1911967539147266,0.40883023744282543,-0.008064109945248338,
female_2,536400,11.175,5.5875,4,6,2,12,27,0.023441314013089545,0.022223624139288658,373.9140625,2.938686684308946,0.18700945480536005,1.8042434511058065,0.16442858930995133,1.1344432332031396,0.02258086549540872,
female_2,538800,11.225,5.6125,4,6,2,12,22,0.028359779086137904,0.025422245049230414,374.0,2.5648071141597604,0.16983528761680786,1.6497030809046422,0.18195620941482052,0.9151040332551181,-0.012120921798012663,
female_2,541200,11.275,5.6375,6,3,3,12,24,0.02987214567124108,0.025994878361020372,373.7421875,1.8435681932501526,0.18566273429115515,1.997938416522669,0.17399723378466375,-0.15437022327251637,0.0116655005064914,
female_2,543600,11.325,5.6625,5,7,2,14,27,0.027696566507153523,0.026508753307788083,372.5703125,1.6080672571714305,0.16761275949604187,1.1983408844681094,0.1589119322124138,0.40972637270332113,0.008700827283628088,
female_2,546000,11.375,5.6875,2,4,0,6,24,0.03152481757174304,0.029693713240356773,371.3984375,1.5798133941518253,0.17584192451316114,1.9043786425487086,0.20637478419660124,-0.3245652483968833,-0.030532859683440106,
female_2,548400,11.425,5.7125,4,2,1,7,21,0.032535475173533904,0.02875670788873735,370.2265625,1.352940140335594,0.1914232996707447,1.0364473163585517,0.2226160952181165,0.31649282397704237,-0.03119279554737181,
female_2,550800,11.475,5.7375,6,9,2,17,24,0.02663902416532503,0.02425521228727095,371.890625,2.403466760949088,0.1852533619495316,1.7975438642340253,0.17708370895344555,0.6059228967150627,0.008169652996086046,
female_2,553200,11.525,5.7625,4,4,2,10,20,0.01762419257847317,0.016071031872775865,373.8828125,2.0973196831212912,0.16791992605729975,2.0506262573161287,0.17717603913119737,0.04669342580516256,-0.00925611307389762,
female_2,555600,11.575,5.7875,2,2,1,5,21,0.015700160631856228,0.014119672578070517,372.7109375,2.6033761169128224,0.1799668564991447,1.7229423818024552,0.17265466447326422,0.8804337351103673,0.007312192025880487,
female_2,558000,11.625,5.8125,7,7,3,17,20,0.015434363196951415,0.012320358780211463,372.4609375,1.973343386455451,0.1809864812147929,2.4229542853382657,0.1848427899216541,-0.4496108988828147,-0.0038563087068611834,
female_2,560400,11.675,5.8375,5,5,1,11,19,0.011889273657140577,0.0112189799748244,373.6328125,1.6298892201284092,0.16144145371745738,1.782480992532638,0.17775907403211302,-0.15259177240422872,-0.01631762031465564,
female_2,562800,11.725,5.8625,3,4,1,8,21,0.013535639504811584,0.011738066971097192,374.0,2.5304613368672975,0.16592226056837003,1.283884789449631,0.17310157839469384,1.2465765474176664,-0.0071793178263238056,
female_2,565200,11.775,5.8875,7,6,2,15,22,0.014233100396605827,0.011154136328242782,374.0,1.5620235727516096,0.17031568316260554,1.910929437691196,0.17195686665478388,-0.3489058649395864,-0.0016411834921783441,
female_2,567600,11.825,5.9125,5,4,4,13,22,0.013201720799792954,0.011699512424057859,372.8515625,2.3130327057393165,0.18841862759280517,1.6235082543885704,0.1772765120328081,0.6895244513507461,0.011142115559997084,
female_2,570000,11.875,5.9375,2,7,1,10,20,0.012119140376820006,0.011489922185238269,372.0,1.9134602747671463,0.2034343102441135,1.9523768891443307,0.16837790643540615,-0.03891661437718441,0.03505640380870734,
female_2,572400,11.925,5.9625,7,9,6,22,17,0.02323714881487743,0.017158221830635766,372.0,2.4853832113091316,0.1752246891015174,3.4163264271921587,0.26636197801790057,-0.9309432158830271,-0.09113728891638317,
female_2,574800,11.975,5.9875,3,8,1,12,12,0.09520139008869676,0.05883963606370231,377.3125,2.7890759299078987,0.1979536604758276,4.979970461826902,0.24263134676756545,-2.190894531919003,-0.04467768629173785,
female_2,577200,12.025,6.0125,3,2,1,6,9,0.23899589509714367,0.15127096881551802,386.6875,4.375970214685722,0.1914687297030779,4.061533286074765,0.19046282017292063,0.3144369286109576,0.0010059095301572785,
female_2,579600,12.075,6.0375,3,0,0,3,12,0.29101595172570566,0.19247504735278406,394.046875,3.236436930297851,0.2150036874694521,3.5567386430922197,0.16172492997751237,-0.3203017127943686,0.05327875749193972,
female_2,582000,12.125,6.0625,4,1,0,5,15,0.2603643260524886,0.22380522184517665,400.0,2.7957598309593448,0.17228988808732312,1.6179392041441725,0.1683787436665673,1.1778206268151723,0.003911144420755824,
female_2,584400,12.175,6.0875,3,2,0,5,19,0.2514829664055133,0.24059444778077932,400.0,2.510267926751368,0.18130936435374653,1.9745878456315022,0.14909114102735646,0.5356800811198656,0.03221822332639007,
female_2,586800,12.225,6.1125,6,1,2,9,21,0.2508728583729472,0.2449599326856728,348.703125,2.2979200210568957,0.16293985296730495,1.734582133606485,0.14882641480141315,0.5633378874504107,0.014113438165891806,
female_2,589200,12.275,6.1375,3,0,1,4,26,0.2207294719263361,0.23041871819462403,233.859375,1.976715287869499,0.15763835159737027,1.7565716126165496,0.1708720064787426,0.2201436752529493,-0.01323365488137232,
female_2,591600,12.325,6.1625,1,2,1,4,25,0.23119694297184956,0.22345646994190863,205.734375,2.039852974664315,0.1741018004551747,1.9394135038865237,0.16476451649031087,0.10043947077779114,0.00933728396486383,
female_2,594000,12.375,6.1875,3,3,1,7,24,0.23570054708333654,0.22384421908156144,208.0390625,1.2838502157300744,0.1667050078676426,1.2337287934535297,0.1438542317534539,0.0501214222765447,0.022850776114188703,
female_2,596400,12.425,6.2125,6,2,3,11,29,0.2415320764986974,0.23803429579550855,209.2109375,1.6179489856405231,0.15465986056640993,1.3884392809640147,0.13473152060065688,0.22950970467650844,0.01992833996575305,
female_2,598800,12.475,6.2375,4,4,3,11,28,0.27742421664222944,0.25978560333071193,210.0,1.4835604264138351,0.16429277847070214,0.9558319971706435,0.14186968113608128,0.5277284292431916,0.022423097334620862,
female_2,601200,12.525,6.2625,0,6,0,6,27,0.2983984370109329,0.27337619320253215,210.0,1.5846332171669562,0.16819830956962023,1.2394103259103044,0.14950700585498586,0.34522289125665173,0.018691303714634372,
female_2,603600,12.575,6.2875,4,10,3,17,21,0.30036444616918545,0.25907688034170856,209.2734375,2.1357080769371226,0.1687737036726395,1.366911008737738,0.15732455007053475,0.7687970681993845,0.011449153602104745,
female_2,606000,12.625,6.3125,1,3,0,4,15,0.28768337147752776,0.236921254165239,208.1015625,1.9926449736426524,0.19369695612326845,2.7391100119890712,0.1720855763053856,-0.7464650383464189,0.02161137981788286,
female_2,608400,12.675,6.3375,6,7,2,15,13,0.289216245776549,0.217097910055315,310.75,3.1008572780667123,0.21298261436831642,4.439186151439701,0.23404753046521926,-1.3383288733729888,-0.021064916096902836,
female_2,610800,12.725,6.3625,2,1,0,3,15,0.2738650744480079,0.18819873098865453,398.3046875,2.500709027935223,0.20430279683562835,5.9078908611057255,0.2107316079741441,-3.4071818331705024,-0.006428811138515733,
female_2,613200,12.775,6.3875,2,0,1,3,15,0.1691270956141396,0.17718040198189822,390.1015625,3.9423996654439417,0.19829664058026605,2.3782631326840677,0.15101557768428583,1.564136532759874,0.04728106289598022,
female_2,615600,12.825,6.4125,15,6,7,28,22,0.17559736041636942,0.1652699925860456,381.8984375,1.754496949017979,0.18886213784879852,0.7795864335608762,0.1263574398910045,0.9749105154571027,0.06250469795779401,high
female_2,618000,12.875,6.4375,4,3,1,8,26,0.1683144696501811,0.15724675663943938,373.6953125,0.8771952875659033,0.16142264091889433,0.4857622146313826,0.14243225405968774,0.3914330729345207,0.018990386859206593,
female_2,620400,12.925,6.4625,4,5,4,13,25,0.15904342956978879,0.15595281640806302,372.0,1.1391359281490594,0.14896305768677934,0.41514531971566715,0.13498393247961357,0.7239906084333922,0.013979125207165766,
female_2,622800,12.975,6.4875,5,5,3,13,28,0.16559083780694955,0.16153723598529354,372.0,0.6284821365668429,0.1580697903804629,0.572067996886586,0.13799017875987385,0.05641413968025688,0.02007961162058905,
female_2,625200,13.025,6.5125,0,3,0,3,25,0.17960385263446754,0.17205160975960643,372.0,0.5624942396490114,0.16770722975719737,0.6163657868967147,0.13387094359229426,-0.05387154724770338,0.03383628616490311,
female_2,627600,13.075,6.5375,3,1,1,5,23,0.18242722210898338,0.17550027215424793,372.4453125,0.8886459319430768,0.1537638212392816,0.39278691997289217,0.12306534221109197,0.49585901197018467,0.030698479028189618,
female_2,630000,13.125,6.5625,4,2,0,6,27,0.18168509616247241,0.17987700526592962,373.6171875,0.465961032891099,0.1412510032255388,0.34663954120855134,0.11595663870313493,0.11932149168254769,0.02529436452240387,
female_2,632400,13.175,6.5875,3,1,1,5,28,0.17649785315799904,0.17236082030196337,374.0,0.48165713008898114,0.16230058051904245,0.4422163703327385,0.13285902256077592,0.03944075975624267,0.02944155795826653,
female_2,634800,13.225,6.6125,5,7,2,14,28,0.1711812790512013,0.15786891673231018,374.0,0.7505833438733202,0.15879951704062642,0.41899725497275797,0.14842487955251135,0.3315860889005622,0.010374637488115068,
female_2,637200,13.275,6.6375,1,2,0,3,26,0.16789559842808505,0.14707373473467314,372.8671875,1.340399830830791,0.15533683350141564,0.3561019304885056,0.1282561010072995,0.9842979003422854,0.027080732494116133,
female_2,639600,13.325,6.6625,3,0,3,6,26,0.1556377030349652,0.15188732403976063,372.0,0.6776663684637507,0.14807319515800682,0.4741649757807382,0.13762593459999298,0.20350139268301254,0.010447260558013843,
female_2,642000,13.375,6.6875,3,5,2,10,28,0.1581686775584815,0.15272194064223005,372.0,0.5743323810446346,0.15569927387558016,0.6452077622166632,0.1312099359382106,-0.07087538117202863,0.02448933793736957,
female_2,644400,13.425,6.7125,1,4,1,6,26,0.16358276905110106,0.1578130847621284,372.0,0.6463812752621256,0.1450168129375303,0.6995863499733646,0.1435555403271466,-0.05320507471123892,0.0014612726103837015,
female_2,646800,13.475,6.7375,3,1,1,5,25,0.1695583400033595,0.16789297302085526,372.0,0.9700747595822765,0.14076668133514755,0.5940908010358289,0.1446000007480984,0.3759839585464476,-0.003833319412950842,
female_2,649200,13.525,6.7625,6,4,4,14,26,0.18153374189383883,0.18007508756945065,372.0,0.8071857488540248,0.13924776883919482,0.2330488129693739,0.12630865653628107,0.5741369358846509,0.012939112302913752,
female_2,651600,13.575,6.7875,1,4,1,6,25,0.1970804250635144,0.1989859247947577,372.0,0.40263048150863656,0.1482835245506284,0.41563772841156366,0.12734994671217534,-0.013007246902927094,0.020933577838453066,
female_2,654000,13.625,6.8125,4,4,2,10,26,0.2142360242448149,0.21004615769773918,372.0,0.8246539299937687,0.15459610954894565,0.32397419613269673,0.1234908901766799,0.500679733861072,0.03110521937226575,
female_2,656400,13.675,6.8375,0,4,0,4,21,0.21035979375939415,0.21092037309392017,372.5078125,0.7958641064578684,0.15585787868971288,0.5703023613560818,0.12818380129986934,0.22556174510178661,0.027674077389843538,
female_2,658800,13.725,6.8625,3,0,1,4,22,0.19954486885016406,0.19793315665431108,373.6796875,0.6545289105667474,0.15444767349214233,0.6148207890441351,0.12005015929088152,0.03970812152261238,0.03439751420126082,
female_2,661200,13.775,6.8875,2,0,1,3,25,0.18677256256441455,0.1817716513255719,374.0,0.7719653886751157,0.14926543575195922,0.768239206599836,0.12735834347932057,0.003726182075279638,0.02190709227263865,control
female_2,663600,13.825,6.9125,4,5,3,12,26,0.16606197709375778,0.16861393244677642,374.0,0.5498209898017484,0.15077068975833635,0.41248613727719763,0.13403391273332035,0.1373348525245508,0.016736777025015998,
female_2,666000,13.875,6.9375,3,3,2,8,25,0.16956573578374443,0.1663112212064584,374.0,0.605667418305811,0.13435797023974413,0.3993919748830069,0.13321391710378724,0.20627544342280407,0.0011440531359568906,
female_2,668400,13.925,6.9625,2,2,1,5,26,0.16580740835895574,0.16213160186948328,374.0,0.7720880524089331,0.17308088985741846,0.7181958878442068,0.15691829629405077,0.05389216456472623,0.01616259356336769,
female_2,670800,13.975,6.9875,4,8,3,15,23,0.15644651764449002,0.15030398249895552,374.0,1.3413538816511597,0.1744777966800051,1.8142393820607727,0.17019339736237946,-0.4728855004096131,0.004284399317625642,
female_2,673200,14.025,7.0125,2,8,2,12,18,0.15130371097028333,0.14305020044078592,375.421875,2.597066997463811,0.17899396076549307,3.419437291471739,0.1870968484916388,-0.822370294007928,-0.00810288772614573,
female_2,675600,14.075,7.0375,4,6,2,12,12,0.18888905907014614,0.13725553100905263,377.765625,4.053836393823164,0.18709790328723272,3.5616437479027785,0.18361250005533933,0.49219264592038536,0.0034854032318933914,
female_2,678000,14.125,7.0625,6,4,2,12,14,0.21356407388924734,0.14566895674839114,288.3515625,3.3053458845019175,0.18806629501301547,2.5138608611577555,0.16144671513580477,0.7914850233441619,0.026619579877210697,
female_2,680400,14.175,7.0875,6,5,1,12,18,0.18072507077829153,0.17805977250376398,208.0,2.159964102815732,0.17721734679119508,1.79269282807954,0.14767632131525474,0.3672712747361919,0.02954102547594034,
female_2,682800,14.225,7.1125,3,1,1,5,17,0.21164272381190113,0.19815315704973666,208.0,1.9234613549524924,0.1720127963509402,1.0413049038788307,0.16187429045561919,0.8821564510736617,0.010138505895321004,
female_2,685200,14.275,7.1375,6,3,5,14,22,0.22622123119663115,0.21408336642124645,207.4296875,1.5866575505896812,0.16354643702039642,1.0806139829216712,0.1467351763193996,0.50604356766801,0.01681126070099681,
female_2,687600,14.325,7.1625,0,5,0,5,20,0.23632773191226106,0.21953009694738024,206.2578125,1.3189351245815755,0.15941951395210394,1.7929903362461115,0.18310494125864918,-0.474055211664536,-0.023685427306545243,
female_2,690000,14.375,7.1875,1,2,1,4,15,0.23744663000377084,0.20458247704517366,208.7421875,1.7462366498124902,0.19418615588485325,1.4629014292282512,0.1637333634949707,0.283335220584239,0.03045279238988255,
female_2,692400,14.425,7.2125,5,3,1,9,17,0.21841364695413445,0.1975066144165059,212.0,2.170273970799155,0.1731592092170247,1.3324740848343035,0.15111440416331132,0.8377998859648517,0.022044805053713395,
female_2,694800,14.475,7.2375,3,2,1,6,19,0.22495982821568253,0.20687841653092504,212.0,1.9716873715274412,0.17589817370481672,2.276782309301013,0.17475319158874852,-0.3050949377735719,0.0011449821160681994,
female_2,697200,14.525,7.2625,1,4,0,5,18,0.19415003650189838,0.18629673779408226,210.28125,2.0529873969940304,0.18860016144255023,2.3663264119388407,0.17331826313495174,-0.3133390149448103,0.01528189830759849,
female_2,699600,14.575,7.2875,3,4,2,9,16,0.2124877705128037,0.16526604292537644,205.59375,2.244819949734673,0.20564413172111987,2.805727218777159,0.18981291394482852,-0.5609072690424863,0.015831217776291345,
female_2,702000,14.625,7.3125,3,1,1,5,15,0.18781277695760512,0.18995503159065377,279.796875,3.4466741556194886,0.18873083794933132,2.8426580229001055,0.1941786850158343,0.6040161327193831,-0.0054478470665029755,
female_2,704400,14.675,7.3375,6,4,2,12,16,0.2529900812529463,0.19806512303207677,394.640625,2.394064383176172,0.18242331168329118,1.9256590074393216,0.19484616088421908,0.46840537573685026,-0.012422849200927899,
female_2,706800,14.725,7.3625,2,4,0,6,16,0.2453014888275885,0.1814443710175028,296.1015625,4.076932628123004,0.19727913288126558,2.310713873771659,0.19313268593140673,1.7662187543513448,0.004146446949858856,
female_2,709200,14.775,7.3875,8,4,7,19,19,0.26931697771523727,0.23604651055588272,214.0,2.9582593837218187,0.1818614596216137,1.6002626221807361,0.16650193236742164,1.3579967615410826,0.015359527254192068,
female_2,711600,14.825,7.4125,3,10,0,13,18,0.24984631836476773,0.22932967116742223,214.0,3.4348668970731007,0.18433794591441138,2.475580925606615,0.17289913324718514,0.9592859714664859,0.011438812667226239,
female_2,714000,14.875,7.4375,2,0,0,2,14,0.19742069794546294,0.19024170605201696,210.8359375,1.6199438470728065,0.1883863477285918,2.8056770311338997,0.1875320452607688,-1.1857331840610932,0.0008543024678230038,
female_2,716400,14.925,7.4625,9,3,5,17,16,0.1860578751954725,0.15877415176298493,204.9765625,2.3958355391880835,0.19893082065184456,1.9178278199354308,0.16062591056175624,0.4780077192526526,0.03830491009008832,
female_2,718800,14.975,7.4875,7,8,3,18,23,0.19701926280815155,0.16364857865514978,207.90625,2.83646632438557,0.1785856294554469,1.7892838216341862,0.18960301806384097,1.047182502751384,-0.011017388608394074,
female_2,721200,15.025,7.5125,3,4,1,8,18,0.19125920275675543,0.156487292298727,212.0,2.9348901789943396,0.20306192991272706,1.7652060303496673,0.17554124352167635,1.1696841486446723,0.027520686391050708,
female_2,723600,15.075,7.5375,6,4,3,13,20,0.22229204011247544,0.18934410164052443,212.0,1.7121372163174666,0.18864605820571054,1.0530198204237289,0.1566156093393267,0.6591173958937377,0.03203044886638384,
female_2,726000,15.125,7.5625,3,5,1,9,22,0.2124283777790826,0.2156316909957949,212.0,1.8241758807457935,0.17567145948418722,2.0144361852448585,0.16272048391974867,-0.19026030449906495,0.012950975564438555,
female_2,728400,15.175,7.5875,3,1,2,6,22,0.1902825317422962,0.1793071240109325,212.0,1.8002154436276645,0.1928216557656553,2.2448840883555112,0.1793641509870207,-0.44466864472784673,0.01345750477863461,
female_2,730800,15.225,7.6125,3,0,2,5,21,0.20350730795119204,0.17878636579450638,209.4921875,2.106372540828932,0.17371857750923755,1.9937795050881337,0.15731193823040707,0.11259303574079849,0.016406639278830487,
female_2,733200,15.275,7.6375,5,8,3,16,21,0.21849498338309728,0.19985357079587798,206.0234375,1.445439278666624,0.16262404423709106,0.791697558342817,0.15583892229645363,0.653741720323807,0.006785121940637434,
female_2,735600,15.325,7.6625,3,5,1,9,18,0.2040664798963809,0.16306917782250857,209.5390625,2.968851285724174,0.19264942508230457,2.2892887034111014,0.18177151212088136,0.6795625823130726,0.010877912961423208,
female_2,738000,15.375,7.6875,3,2,1,6,18,0.2169916622293103,0.1701136127436382,212.0,2.233342573375224,0.179239218358068,1.8826081988193737,0.16763995322098602,0.35073437455585044,0.011599265137081982,
female_2,740400,15.425,7.7125,9,7,6,22,24,0.25765106978083596,0.228460349322576,212.0,2.2536506725661583,0.17133029342552422,1.8944146030575093,0.16153605912333466,0.35923606950864895,0.009794234302189564,high
female_2,742800,15.475,7.7375,3,3,1,7,21,0.24950155481393485,0.22023995429325213,211.3046875,3.1842173871875534,0.17516717085373962,3.0658747843890355,0.17045200778345532,0.11834260279851794,0.004715163070284301,
female_2,745200,15.525,7.7625,7,3,5,15,20,0.21838461444823656,0.20239724770152107,210.1328125,2.3116781123199366,0.1843415253042619,1.468090428958841,0.16202682682081562,0.8435876833610956,0.022314698483446277,
female_2,747600,15.575,7.7875,3,11,3,17,17,0.2145619146884269,0.18854325676409317,206.8828125,1.6702729767614108,0.17617671826193906,2.0294399451856306,0.16291902405836683,-0.3591669684242198,0.013257694203572229,
female_2,750000,15.625,7.8125,1,2,0,3,17,0.2288810575426019,0.2196598777673425,204.2109375,2.1570051976188243,0.15777226510748912,1.8337368279621589,0.1551935801214687,0.3232683696566654,0.0025786849860204297,
female_2,752400,15.675,7.8375,3,0,0,3,20,0.2343522399904134,0.21404809407235822,205.3828125,1.7528813783346497,0.1797988961963881,1.7877952816039615,0.16564149025103023,-0.03491390326931176,0.014157405945357887,
female_2,754800,15.725,7.8625,4,4,1,9,21,0.23349476636351713,0.22776268089561577,206.5546875,1.5485020859103482,0.16680845550262752,0.8861428127832356,0.14562382929357928,0.6623592731271126,0.021184626209048235,
female_2,757200,15.775,7.8875,3,4,3,10,19,0.24286829649830546,0.2388058129970662,207.7265625,1.0041226436923942,0.15057501002346388,1.8914568642029321,0.1356300867959356,-0.8873342205105379,0.014944923227528273,
female_2,759600,15.825,7.9125,3,2,3,8,19,0.227091529543751,0.2242686359817888,206.203125,1.9056945555403222,0.15984455543345996,1.7439842388147873,0.13983083205016153,0.16171031672553493,0.020013723383298432,
female_2,762000,15.875,7.9375,1,6,1,8,17,0.21123776830253244,0.20174692396669028,204.0,1.9628523890888796,0.16951031482559772,1.4787341826001072,0.14728525400261624,0.48411820648877235,0.02222506082298148,
female_2,764400,15.925,7.9625,0,1,0,1,14,0.19746576788432166,0.18477215377342318,204.0,2.0528339713998065,0.18353571044599867,1.2977399166460604,0.17146430133991117,0.7550940547537461,0.012071409106087505,
female_2,766800,15.975,7.9875,5,3,1,9,13,0.1465126674443502,0.1399056711025497,204.828125,2.998948503041391,0.19380864460360506,3.116924344437363,0.19374525719274233,-0.11797584139597195,6.338741086273081e-05,
female_2,769200,16.025,8.0125,9,8,2,19,18,0.1106559311962969,0.10361707818089497,207.171875,2.565607791130107,0.18963699037625062,2.887559408371678,0.2004727631442726,-0.3219516172415706,-0.010835772768021973,
female_2,771600,16.075,8.0375,5,2,3,10,17,0.10672018496717797,0.07916595535302395,210.2734375,2.2925304103087867,0.18416675081209424,2.340579306309193,0.19290466977202997,-0.048048896000406405,-0.008737918959935725,
female_2,774000,16.125,8.0625,12,14,9,35,20,0.1052688838954874,0.09046179951488818,213.7890625,1.8123478799021995,0.18395917663753744,1.8060834320370462,0.14496877165891167,0.006264447865153233,0.03899040497862577,high
female_2,776400,16.175,8.0875,1,5,1,7,15,0.10162523133191678,0.08091031925161163,210.6953125,3.0472827334718993,0.18781669130259052,1.899282825838255,0.1619404644305189,1.1479999076336442,0.02587622687207161,
female_2,778800,16.225,8.1125,4,2,1,7,15,0.0714425471303746,0.0837680737104852,224.40625,2.646631236694858,0.19727199102069112,2.17192479987981,0.1852561676076301,0.474706436815048,0.012015823413061011,
female_2,781200,16.275,8.1375,5,5,1,11,18,0.08325976285474662,0.09355866693705694,294.71875,2.887865791354338,0.18721716963856094,1.6455963954242376,0.1570728302207202,1.2422693959301006,0.030144339417840754,
female_2,783600,16.325,8.1625,2,2,1,5,17,0.0936298774405477,0.09623939286526471,289.734375,2.5677135909263247,0.17369529513321677,3.108622310310584,0.15356199644823068,-0.5409087193842592,0.02013329868498609,
female_2,786000,16.375,8.1875,2,0,1,3,17,0.08711972665163939,0.08741439808566145,217.078125,2.7677939256374207,0.1572985926582951,2.2200273290102324,0.15869258352039703,0.5477665966271883,-0.0013939908621019292,
female_2,788400,16.425,8.2125,6,4,2,12,18,0.08264904416721731,0.07553518090594996,204.0,2.381920937229836,0.1652463865785081,1.6352725523919989,0.15199501338289403,0.7466483848378371,0.013251373195614063,
female_2,790800,16.475,8.2375,4,3,3,10,21,0.07435724924661562,0.07377722333879369,204.0,1.4514181918513982,0.1592449647196176,2.3550243358190484,0.16317985981968075,-0.9036061439676502,-0.003934895100063146,
female_2,793200,16.525,8.2625,2,4,2,8,20,0.07714980596826854,0.07834741906613293,204.0,2.277388911419148,0.1594886677324248,1.5221384616835572,0.1567566359857918,0.7552504497355907,0.0027320317466330013,
female_2,795600,16.575,8.2875,4,5,2,11,19,0.07430304908429815,0.07256338288845783,204.0,2.5497601133587207,0.15803259068690215,1.8680285215527805,0.16485197825040906,0.6817315918059401,-0.006819387563506918,
female_2,798000,16.625,8.3125,6,4,3,13,19,0.05292439844238185,0.048664047498528804,204.0,2.5360234137769506,0.17637108014467223,2.2075558531381114,0.16978262067941532,0.3284675606388392,0.006588459465256907,
female_2,800400,16.675,8.3375,9,6,6,21,20,0.029074881331195353,0.020154370892348564,204.0,3.3587962470947987,0.17473098087047703,3.2917569473311645,0.17727475918072316,0.06703929976363421,-0.002543778310246131,
female_2,802800,16.725,8.3625,9,15,6,30,19,0.021004167049064104,0.016002718781360732,204.0,3.3097854809872285,0.20755011264244855,3.809460853750131,0.2071423937237274,-0.49967537276290264,0.00040771891872115607,
female_2,805200,16.775,8.3875,6,4,2,12,18,0.026361336971540267,0.019072231177170083,302.9453125,3.849269549836459,0.19306639182533947,3.040678709505542,0.22077454771267485,0.808590840330917,-0.027708155887335384,
female_2,807600,16.825,8.4125,7,2,5,14,20,0.054765163615142165,0.03985411946625676,374.0,3.2210429980294526,0.18267472543148008,6.285508484182831,0.21738918418837785,-3.064465486153378,-0.03471445875689777,
female_2,810000,16.875,8.4375,9,15,4,28,19,0.08943774338548369,0.05258414722519619,374.0,2.5505323396279005,0.19495904899487876,3.7889477756662577,0.1872241465452038,-1.2384154360383572,0.007734902449674952,
female_2,812400,16.925,8.4625,1,2,0,3,17,0.07997809634672969,0.0429888866861685,367.8828125,2.9994002375213924,0.18444751959607092,2.9088614469846057,0.16724973345533958,0.0905387905367867,0.017197786140731336,
female_2,814800,16.975,8.4875,7,5,5,17,19,0.06508678866185089,0.06061334319379863,357.3359375,1.6207029388994634,0.18629396827871783,2.305063570738132,0.18646225315815443,-0.6843606318386686,-0.00016828487943659765,
female_2,817200,17.025,8.5125,4,10,3,17,15,0.06076486547775963,0.05360101386796952,356.0,2.616421262048816,0.18656067657847286,2.684450945880006,0.21003393208022997,-0.06802968383119001,-0.023473255501757107,
female_2,819600,17.075,8.5375,3,2,3,8,13,0.057346963970944825,0.03338884531783318,359.7109375,3.2277885590297064,0.19354210851826664,3.0255203019724393,0.23781450229814774,0.20226825705726714,-0.0442723937798811,
female_2,822000,17.125,8.5625,5,6,4,15,16,0.09030883863845608,0.06031457950704153,381.9765625,3.830834101019179,0.19699013748204344,2.817195172698379,0.19225913065510625,1.0136389283208,0.004731006826937195,
female_2,824400,17.175,8.5875,3,5,3,11,11,0.07187596951501687,0.0401114764603181,392.921875,4.231075658818863,0.22618954199341987,5.5002692207123065,0.2232811201611447,-1.2691935618934433,0.00290842183227516,
female_2,826800,17.225,8.6125,11,7,8,26,12,0.03914089959923811,0.030989239817968393,390.578125,3.0694047924118406,0.21800987016414072,5.685067305643447,0.2689369410409586,-2.615662513231606,-0.05092707087681789,
female_2,829200,17.275,8.6375,10,17,8,35,15,0.07252634426016191,0.06013002073562772,394.4140625,3.9329301095941958,0.1880678624894425,4.35111557496677,0.2423119864348501,-0.4181854653725745,-0.05424412394540762,high
female_2,831600,17.325,8.6625,6,3,2,11,11,0.18783022862240809,0.10819741905040345,394.75,5.119849290691278,0.2089378225455482,6.811305576441257,0.22921399382914268,-1.6914562857499797,-0.020276171283594463,
female_2,834000,17.375,8.6875,6,3,4,13,11,0.20570392963748527,0.19368030899950725,282.25,5.052571212626353,0.20619693719002088,2.415227828850905,0.20919531918603512,2.6373433837754483,-0.0029983819960142377,
female_2,836400,17.425,8.7125,4,3,1,8,14,0.29941017482216237,0.2700229740988881,229.515625,3.176158993734103,0.19117699775690183,2.466076427552289,0.21352017655996827,0.7100825661818142,-0.022343178803066438,
female_2,838800,17.475,8.7375,2,3,0,5,14,0.2311683035271976,0.28504620848979545,292.796875,3.0137947830733793,0.21145639127256557,2.2429307500172304,0.21331425070089186,0.7708640330561489,-0.0018578594283262806,
female_2,841200,17.525,8.7625,1,0,1,2,14,0.20827365926273106,0.2936167520948009,318.96875,2.28188164424303,0.21497443617653872,2.2294006009528236,0.1857124306800326,0.05248104329020631,0.02926200549650612,
female_2,843600,17.575,8.7875,3,1,0,4,14,0.26340519902428117,0.266732283134347,323.65625,2.518548317003572,0.1893194014438301,1.6937626886369437,0.15292788800434648,0.8247856283666282,0.03639151343948363,
female_2,846000,17.625,8.8125,2,0,2,4,18,0.2393494590844751,0.2852697657095398,322.9140625,1.9918972885578428,0.16768341112235213,1.3486112553478353,0.13299420407842302,0.6432860332100074,0.03468920704392911,
female_2,848400,17.675,8.8375,1,3,1,5,19,0.30171406289853536,0.29727382431412314,322.0,2.692385451329048,0.17862999481977862,1.1902694341688638,0.13176671738920628,1.5021160171601844,0.046863277430572337,
female_2,850800,17.725,8.8625,0,0,0,0,17,0.2363223562805484,0.28954395518466464,322.0,1.9442080784592242,0.16049832693894148,1.6475872163853233,0.14943980822072508,0.2966208620739008,0.011058518718216392,
female_2,853200,17.775,8.8875,1,0,0,1,18,0.29738600862815456,0.2971969792850058,290.71875,2.4827503822973025,0.1705327438933178,1.9406643277616897,0.15383420653173469,0.5420860545356128,0.01669853736158311,
female_2,855600,17.825,8.9125,3,1,3,7,18,0.32178143537304893,0.3358239766484042,229.78125,2.4780318906007173,0.151711504767922,2.1004323738009676,0.14465309973268645,0.3775995167997497,0.007058405035235554,
female_2,858000,17.875,8.9375,1,4,1,6,19,0.32420650916855187,0.3355876844078405,218.0,1.4688794163446108,0.14613320354215273,1.5671931846399376,0.13928653759228365,-0.09831376829532679,0.006846665949869074,
female_2,860400,17.925,8.9625,0,1,0,1,17,0.32624784046850436,0.325013149697963,218.0,2.312928382631888,0.1348086898013695,1.2954043249785114,0.13010406368895397,1.0175240576533764,0.004704626112415539,control
female_2,862800,17.975,8.9875,2,2,2,6,17,0.30686364677757144,0.31396373072282563,218.0,2.0757413894137304,0.1388440150102431,2.2712771417913555,0.14062429495654818,-0.1955357523776251,-0.0017802799463050856,
female_2,865200,18.025,9.0125,2,1,1,4,17,0.32495920951711105,0.3302037481870099,218.0,2.2056820265828945,0.13890933972167746,1.6489012037432293,0.12585917236709732,0.5567808228396651,0.013050167354580144,
female_2,867600,18.075,9.0375,1,1,1,3,16,0.3295694355311762,0.33707354917164023,218.0,1.134640050455014,0.15599397493459305,0.567590915849594,0.16694713092865626,0.5670491346054201,-0.010953155994063213,
female_2,870000,18.125,9.0625,1,2,0,3,16,0.3498052343510426,0.3449233643816344,218.0,1.3339351866035312,0.13331567928423196,1.3442253210807267,0.14477306554037503,-0.010290134477195512,-0.011457386256143065,
female_2,872400,18.175,9.0875,1,1,1,3,17,0.34974200794624166,0.3578437732526953,218.0,1.1396232785148501,0.1510701070419645,2.167038122391255,0.17549623467919417,-1.027414843876405,-0.024426127637229678,
female_2,874800,18.225,9.1125,1,1,1,3,16,0.3475955247149366,0.33719302665797607,216.8515625,1.8430704462610716,0.16347897861032393,1.885236192691086,0.15169791588814813,-0.04216574643001447,0.0117810627221758,
female_2,877200,18.275,9.1375,3,2,2,7,18,0.27744285294343773,0.3067266812380362,222.7265625,2.6561478980942486,0.16786022464957082,2.0467444837048703,0.1681272440588139,0.6094034143893783,-0.0002670194092430911,
female_2,879600,18.325,9.1625,1,4,0,5,16,0.24260410634723564,0.2981885673434421,247.3359375,2.521935877433659,0.17229756945504474,3.179489895278299,0.20694769064832372,-0.6575540178446397,-0.03465012119327898,
female_2,882000,18.375,9.1875,0,1,0,1,13,0.25742027161520137,0.24319314390435715,256.671875,3.093947204917203,0.20948628132637476,3.020936671597985,0.20101102558680067,0.07301053331921814,0.008475255739574084,
female_2,884400,18.425,9.2125,5,1,3,9,14,0.28586343142184595,0.21498750592848517,254.328125,2.9809173188590297,0.19413330828237882,1.8822016826106838,0.20452129256737378,1.098715636248346,-0.010387984284994961,
female_2,886800,18.475,9.2375,6,5,3,14,17,0.23085168205585013,0.17920452478669435,327.5703125,2.9964280084666193,0.2047529862366946,2.3111882023402694,0.2093148868020891,0.6852398061263498,-0.004561900565394489,
female_2,889200,18.525,9.2625,6,3,4,13,18,0.11540904150199277,0.11984078633222445,383.46875,2.804836694254472,0.19197977777971145,3.1404338869342094,0.1950517355402495,-0.3355971926797374,-0.0030719577605380355,
female_2,891600,18.575,9.2875,2,5,0,7,18,0.11466805633438625,0.10547558447119651,275.65625,2.7267626144298087,0.18691224862772265,3.873370370329555,0.20868723008127962,-1.1466077558997463,-0.02177498145355697,
female_2,894000,18.625,9.3125,6,8,4,18,15,0.14786167177348689,0.15177688989847693,215.4765625,2.908684347585613,0.21124304262925708,4.382165885036374,0.2745916826086842,-1.4734815374507608,-0.06334863997942713,
female_2,896400,18.675,9.3375,1,3,1,5,15,0.23254096021125878,0.19805806751329194,214.3046875,2.637055415435329,0.21318371656773727,3.8404675217272786,0.22505335018677233,-1.2034121062919496,-0.011869633619035064,
female_2,898800,18.725,9.3625,1,2,0,3,13,0.2045614351201066,0.19202232017656068,213.1328125,2.6850223451333894,0.20430771582934876,3.7332632111944157,0.20117022583282299,-1.0482408660610263,0.003137489996525772,
female_2,901200,18.775,9.3875,5,5,1,11,12,0.22773873632273275,0.15664206723134635,215.671875,4.066174274400939,0.21542877223237736,2.665503169951934,0.20271015620903876,1.4006711044490046,0.012718616023338597,
female_2,903600,18.825,9.4125,2,4,0,6,11,0.20608033043871635,0.11259050851564327,325.828125,3.3964093471639316,0.19271677703267034,3.244962290583225,0.1904799822030974,0.15144705658070645,0.0022367948295729523,
female_2,906000,18.875,9.4375,6,0,2,8,13,0.14832272948285594,0.06412679810303351,394.2578125,3.298195810436052,0.19726884992264487,3.8597230934048214,0.1843366756640691,-0.5615272829687696,0.012932174258575763,
female_2,908400,18.925,9.4625,12,6,8,26,19,0.1067367667502988,0.0833234965272148,376.6796875,2.688885339175845,0.19402716709722911,2.5124072506203436,0.15844861633759164,0.1764780885555015,0.03557855075963748,high
female_2,910800,18.975,9.4875,9,3,4,16,25,0.08969973212549728,0.08533429546750831,369.2734375,2.683049561114952,0.16645052928676235,1.9747738977466154,0.1572172168476806,0.7082756633683365,0.009233312439081737,
female_2,913200,19.025,9.5125,6,6,0,12,29,0.07899389791543787,0.07772814732696019,368.1015625,2.603843236889161,0.16036974559156877,1.5015565152763055,0.16058515576224092,1.1022867216128556,-0.0002154101706721423,
female_2,915600,19.075,9.5375,5,3,3,11,30,0.06347171238181575,0.06846827764946652,366.9296875,2.4093130158121214,0.1609283339599803,1.7346260554126967,0.1507901758029515,0.6746869603994248,0.010138158157028787,
female_2,918000,19.125,9.5625,4,4,1,9,30,0.06589124382246397,0.06064986611846482,366.2421875,2.399016718029694,0.16354517683332132,1.7485927340872267,0.15169059719060313,0.6504239839424673,0.011854579642718188,
female_2,920400,19.175,9.5875,4,5,3,12,32,0.06491992194497335,0.06547636302346517,367.4140625,1.3398416157078674,0.15564730734816837,1.6065618274179925,0.1498756662438036,-0.26672021171012505,0.005771641104364761,
female_2,922800,19.225,9.6125,10,7,6,23,33,0.07559898382019081,0.06876275800844979,367.4140625,1.484300058856425,0.1586466284021153,1.3664726272772558,0.15612328228481978,0.1178274315791692,0.0025233461172955163,
female_2,925200,19.275,9.6375,2,5,2,9,31,0.07065814807057637,0.06884376917712037,366.2421875,2.060558768921477,0.1595498988141004,2.064760889422514,0.15743944674626897,-0.0042021205010369655,0.00211045206783142,
female_2,927600,19.325,9.6625,2,11,2,15,29,0.09221780678943438,0.08534291406860976,365.0703125,2.027606349551445,0.18185018475354733,2.3027500802692185,0.17352415126036952,-0.2751437307177733,0.008326033493177815,
female_2,930000,19.375,9.6875,0,0,0,0,21,0.12253518523461022,0.11883410550689057,364.0,1.95944581384476,0.18053471482078107,2.0772593515250377,0.179911172934004,-0.1178135376802778,0.0006235418867770737,
female_2,932400,19.425,9.7125,4,1,1,6,23,0.12944941943588845,0.1322598403707258,364.0,0.9359735027073031,0.16867490897838236,0.9304347591878535,0.16042924332543682,0.005538743519449607,0.008245665652945544,
female_2,934800,19.475,9.7375,2,3,1,6,24,0.12709575090968067,0.128043487210091,364.4453125,0.6781720987050113,0.16125837108626145,1.4169107673666133,0.18617127912519602,-0.738738668661602,-0.02491290803893456,
female_2,937200,19.525,9.7625,5,2,4,11,24,0.11109235772398397,0.11758745207482338,365.6171875,1.3243659752960346,0.1820601243700851,1.7392922146013188,0.17917310120644384,-0.41492623930528416,0.0028870231636412558,
female_2,939600,19.575,9.7875,3,3,1,7,25,0.11066166823004495,0.11827294059342618,366.7890625,0.8590552635792046,0.16437822204184221,0.7651590017392724,0.11947777642679872,0.09389626183993216,0.0449004456150435,
female_2,942000,19.625,9.8125,6,4,5,15,26,0.1221583379013546,0.12356227841226959,367.9609375,0.7318131400758281,0.14392365212880795,0.42788551274304415,0.12608767784086086,0.30392762733278395,0.017835974287947087,
female_2,944400,19.675,9.8375,4,5,3,12,26,0.12844572159085116,0.12475188814763104,369.1328125,0.5600443077894868,0.146912455655356,0.47850407927765704,0.13132166446431306,0.08154022851182974,0.015590791191042924,
female_2,946800,19.725,9.8625,3,3,1,7,25,0.11886499617957472,0.1214308505754204,370.0,0.9348820408131057,0.1456143324197697,0.697806943341471,0.13508350127509305,0.2370750974716347,0.01053083114467665,
female_2,949200,19.775,9.8875,2,4,1,7,28,0.12242324929142155,0.1203255034103617,370.0,1.1958462789522375,0.15366082186749974,0.47444125912791146,0.1239119811765215,0.721405019824326,0.029748840690978245,
female_2,951600,19.825,9.9125,2,3,2,7,24,0.13157743221602194,0.12344695467784458,370.0,0.8940770656220257,0.16045599370086383,0.460206862770558,0.13527683509279143,0.4338702028514677,0.025179158608072405,
female_2,954000,19.875,9.9375,3,3,3,9,25,0.1345171671299737,0.13094120451806782,370.0,1.0451770186143325,0.1545691830538174,0.655887099534874,0.12574686584221745,0.38928991907945854,0.028822317211599946,
female_2,956400,19.925,9.9625,2,8,2,12,24,0.16292066828434898,0.15373506524877595,370.0,0.818903903325215,0.13116927049867047,0.5075549226324814,0.14042995950187045,0.31134898069273365,-0.009260689003199984,
female_3,3600,0.075,0.0375,7,13,6,26,20,0.10123371958501375,0.016450499871237066,218.0,4.229320776059113,0.2101992960017772,4.0999980870931365,0.1821762343376139,0.12932268896597687,0.028023061664163296,
female_3,6000,0.125,0.0625,6,14,5,25,16,0.1768328508217092,0.11672812523628497,218.0,3.2870522308927526,0.22097935376646927,5.064849673639321,0.2610351040368695,-1.7777974427465684,-0.04005575027040026,
female_3,8400,0.175,0.0875,1,0,1,2,8,0.27497205321404755,0.254883495586219,218.1015625,2.6102004301981676,0.21261011481855938,4.525265301857455,0.2330473721037016,-1.915064871659287,-0.02043725728514223,
female_3,10800,0.225,0.1125,1,5,1,7,8,0.1817526215433568,0.20976345476493855,219.2734375,3.5993516194976216,0.22596972337157054,2.937660320423495,0.23140041615363766,0.6616912990741266,-0.00543069278206712,
female_3,13200,0.275,0.1375,1,3,0,4,3,0.16646003593980932,0.12229801876439614,253.3984375,3.9444352341376554,0.22042909386848536,3.3200244183764442,0.24492203266581086,0.6244108157612112,-0.024492938797325503,
female_3,15600,0.325,0.1625,4,0,1,5,4,0.17916722307431165,0.114613737639247,341.2890625,3.8672662719504607,0.2041481635885241,3.979994148923016,0.23920710446093915,-0.11272787697255549,-0.03505894087241504,
female_3,18000,0.375,0.1875,6,2,1,9,7,0.17395585178807496,0.14421619392592158,370.0,1.7777497441324788,0.22985282398629106,2.5812912314162912,0.2348988437727859,-0.8035414872838125,-0.005046019786494826,
female_3,20400,0.425,0.2125,1,0,0,1,12,0.17830319170915057,0.15236353120893834,370.0,1.8126134448485973,0.19877607271984624,1.2079480985485258,0.17344971139751245,0.6046653463000715,0.02532636132233379,
female_3,22800,0.475,0.2375,1,0,0,1,13,0.15693086459531444,0.1498055036952682,370.0,0.6605539601005674,0.16280084413506204,0.8271855864354387,0.14538187316322468,-0.16663162633487127,0.017418970971837366,
female_3,25200,0.525,0.2625,0,0,0,0,13,0.16048742036764965,0.15490984280512296,370.3046875,1.1463825177013791,0.1755125547338265,0.6202253669513681,0.13108944096156047,0.526157150750011,0.044423113772266015,control
female_3,27600,0.575,0.2875,3,1,3,7,12,0.18771103570594186,0.16114084999851622,371.4765625,0.9232044443097132,0.1713734877353566,0.5115187992791205,0.13991790110475674,0.4116856450305927,0.03145558663059986,
female_3,30000,0.625,0.3125,2,3,1,6,14,0.19912235239488946,0.17100930974587297,370.703125,0.9932570616711287,0.18256680615311785,0.5622540629105106,0.1563529966397256,0.4310029987606181,0.02621380951339225,
female_3,32400,0.675,0.3375,3,3,3,9,14,0.23740272760977663,0.19489384659509418,368.359375,1.885351600113874,0.17708132612711305,1.3955512354291384,0.1592423449481947,0.48980036468473553,0.017838981178918356,
female_3,34800,0.725,0.3625,2,2,2,6,15,0.2660028414848841,0.213610544625605,367.0078125,1.4643702205904408,0.17375830182901267,1.397751062563418,0.15763985360899668,0.06661915802702278,0.016118448220015985,
female_3,37200,0.775,0.3875,1,1,0,2,14,0.39000171541022494,0.25817578428178034,365.8359375,1.309238181770132,0.18089399894623903,1.194063685332842,0.15579644689527386,0.11517449643729005,0.02509755205096517,
female_3,39600,0.825,0.4125,4,3,1,8,15,0.48783933944262425,0.31102867356780395,364.6640625,2.0999539778737866,0.23411674557742204,1.660880419449239,0.18589878802454016,0.43907355842454754,0.048217957552881885,
female_3,42000,0.875,0.4375,1,3,0,4,13,0.4865381564432926,0.28232956326695274,364.0,1.6324820714784085,0.24279105088449895,1.3858207129799762,0.21059141204589507,0.2466613584984323,0.03219963883860388,
female_3,44400,0.925,0.4625,0,0,0,0,13,0.34236239016571585,0.27528462494085243,364.0,1.6418344805979332,0.1973469895950652,1.0078106890873582,0.18909414859247775,0.6340237915105751,0.008252841002587441,
female_3,46800,0.975,0.4875,0,0,0,0,13,0.3219223165418534,0.2819694357953301,365.703125,1.752739587449839,0.22180599024288533,1.3772051308251738,0.21903487598181698,0.3755344566246652,0.0027711142610683526,
female_3,49200,1.025,0.5125,2,2,2,6,13,0.33560887369865455,0.2774676168003104,368.0,1.612487350632249,0.21490877265542843,1.9909035502999615,0.22967387420648772,-0.37841619966771245,-0.014765101551059284,
female_3,51600,1.075,0.5375,1,3,1,5,11,0.3665408686803478,0.23228392083720334,368.0,2.6853658491738797,0.23429658464692465,3.7956668276975725,0.2308008887386173,-1.1103009785236928,0.003495695908307367,
female_3,54000,1.125,0.5625,0,1,0,1,11,0.2961662973592626,0.1660397492938851,367.265625,3.3056462374243556,0.1951961915977724,3.8874602159319718,0.21820977158484672,-0.5818139785076162,-0.023013579987074317,
female_3,56400,1.175,0.5875,13,5,9,27,15,0.10880940921536975,0.07759400865764828,364.921875,4.396319090566437,0.19789784770234436,2.3645270140960544,0.23470301929316625,2.0317920764703827,-0.03680517159082189,
female_3,58800,1.225,0.6125,4,6,2,12,19,0.038893282195574155,0.024965381994449733,365.421875,2.0292966559720993,0.2093322983858019,2.9023288767367736,0.23508567587178547,-0.8730322207646743,-0.02575337748598358,
female_3,61200,1.275,0.6375,4,6,4,14,17,0.024007521239564622,0.016532625207828455,367.765625,2.921228168582297,0.24469875066515143,3.1449505986237467,0.22965008530070122,-0.22372243004144954,0.015048665364450209,
female_3,63600,1.325,0.6625,7,10,7,24,13,0.022058437262606635,0.016146790451245462,283.625,4.09261794117216,0.24923461443023023,2.946737521510736,0.22042664589618655,1.1458804196614243,0.028807968534043688,
female_3,66000,1.375,0.6875,3,5,3,11,10,0.05289776306094928,0.0189940791490106,209.359375,4.578874730394787,0.19913077594061607,10.093068685664175,0.35053669111381913,-5.514193955269388,-0.15140591517320307,
female_3,68400,1.425,0.7125,6,6,3,15,9,0.12242271193360726,0.07469369421978099,216.390625,3.1075441616480974,0.20297722347801095,6.427328075863826,0.3163972885735088,-3.319783914215728,-0.11342006509549785,
female_3,70800,1.475,0.7375,8,3,4,15,12,0.18755853450291085,0.1630420872580447,219.4296875,3.1690546203583443,0.19710947481771948,2.162398512084505,0.23688338785937688,1.0066561082738392,-0.039773913041657394,
female_3,73200,1.525,0.7625,2,4,2,8,13,0.19214848331814963,0.17029490048232782,218.2578125,1.867009904576959,0.22578260556698607,4.184107030431093,0.24253141920024815,-2.317097125854134,-0.016748813633262083,
female_3,75600,1.575,0.7875,1,5,0,6,8,0.1407788364937794,0.13248962149203222,301.1796875,4.502323358832797,0.21039931752510316,3.604033724086029,0.2471075508675258,0.8982896347467677,-0.03670823334242265,
female_3,78000,1.625,0.8125,6,1,2,9,10,0.1556197177653448,0.1611969577611702,400.0,4.7436109046517565,0.21664999815949018,1.845481002123856,0.20366693825887797,2.8981299025279004,0.012983059900612215,
female_3,80400,1.675,0.8375,1,0,0,1,13,0.1997364715410134,0.20614985345896744,400.0,3.10162859286334,0.20196479687477928,3.6959980305439806,0.1956159378956896,-0.5943694376806405,0.006348858979089683,
female_3,82800,1.725,0.8625,5,6,2,13,14,0.161641143007076,0.17875759483903333,400.0,2.3720558339167317,0.18779357970392954,2.861900086257271,0.23300355024606859,-0.4898442523405393,-0.045209970542139044,
female_3,85200,1.775,0.8875,2,5,1,8,9,0.12629596111906277,0.11525935936461956,400.0,3.4894488657864544,0.23752545619408458,2.573555154438419,0.23276742492573788,0.9158937113480352,0.004758031268346702,
female_3,87600,1.825,0.9125,1,2,1,4,9,0.11715750612689609,0.08689621914417148,391.4921875,3.1298308802491506,0.22424160901462603,2.18687148342491,0.2146167139570426,0.9429593968242407,0.009624895057583432,
female_3,90000,1.875,0.9375,5,2,0,7,8,0.10304676688660061,0.06880162039593485,378.6015625,2.937345030757223,0.2238387969546796,1.486727296841007,0.2177118106059333,1.450617733916216,0.006126986348746283,
female_3,92400,1.925,0.9625,1,1,0,2,12,0.07286825140015826,0.05512468329387485,371.296875,2.7076573201758904,0.20982803285662485,1.5377607093561283,0.22214309523222178,1.1698966108197622,-0.01231506237559693,
female_3,94800,1.975,0.9875,6,2,3,11,13,0.06367589886805938,0.0532496124516073,365.7109375,2.178076915585268,0.22881873281805826,0.9734337283703687,0.21129985539827345,1.2046431872148993,0.017518877419784806,
female_3,97200,2.025,1.0125,4,4,2,10,17,0.06865716174087243,0.05985952867036351,364.5390625,2.016231384179798,0.21819638612693523,1.4496789439119615,0.19011620751218242,0.5665524402678366,0.028080178614752815,
female_3,99600,2.075,1.0375,0,2,0,2,15,0.06705751819777535,0.064163012817335,365.265625,2.089698537369963,0.1951345890695141,1.379339756633227,0.1907412374101862,0.710358780736736,0.004393351659327915,
female_3,102000,2.125,1.0625,6,7,4,17,15,0.07867401553994312,0.07138346233327665,367.609375,2.5566118070556727,0.21502003088996421,1.4043223840680157,0.16131474243232985,1.152289422987657,0.053705288457634365,
female_3,104400,2.175,1.0875,2,2,2,6,14,0.16472594189256856,0.12023894619782367,368.0,4.012772200220371,0.22712022231471557,6.914798223899927,0.28620380524182093,-2.9020260236795563,-0.05908358292710536,
female_3,106800,2.225,1.1125,3,1,1,5,14,0.22658906807515475,0.184475134725415,368.0,1.7450021429503388,0.21018532374818438,1.5268219843986444,0.2000152348760182,0.21818015855169448,0.010170088872166194,
female_3,109200,2.275,1.1375,1,1,1,3,15,0.23534565231739835,0.21544460143941274,368.0,0.7435700960532288,0.1677912483062506,0.4043958876269879,0.15708981587112378,0.33917420842624085,0.010701432435126834,
female_3,111600,2.325,1.1625,1,1,1,3,16,0.2449946555579878,0.24241862555204985,368.4921875,0.9434515300199069,0.17344921261407215,0.2684070110529812,0.13918616379810533,0.6750445189669256,0.03426304881596681,
female_3,114000,2.375,1.1875,0,1,0,1,15,0.2719376149933034,0.25901411966183013,369.6640625,0.6619321621798404,0.1471637512450558,0.3553299600301223,0.1505412694030712,0.3066022021497181,-0.0033775181580154023,
female_3,116400,2.425,1.2125,0,0,0,0,14,0.311803274834788,0.27126443047816606,370.0,0.4607226521163308,0.13119723502052363,0.6335990234533377,0.15324722693778653,-0.17287637133700695,-0.022049991917262896,
female_3,118800,2.475,1.2375,1,1,1,3,13,0.2939894852517492,0.2618159964535918,370.0078125,0.8085070834339063,0.15847581154049248,0.7518130710646775,0.15389321518373128,0.056694012369228775,0.004582596356761198,
female_3,121200,2.525,1.2625,1,1,1,3,14,0.2644922198939481,0.24047589306497952,371.1796875,1.094066789827926,0.1611813319968876,1.6411689487301444,0.18892448370814324,-0.5471021589022185,-0.02774315171125563,
female_3,123600,2.575,1.2875,3,4,3,10,14,0.20388206634529676,0.20162488704141224,371.296875,1.9232435128686305,0.19622113877821004,1.5550248895908538,0.19720954674472896,0.36821862327777666,-0.0009884079665189172,
female_3,126000,2.625,1.3125,2,2,0,4,13,0.2385268480121792,0.20038551952295428,368.953125,1.55801396860199,0.2019957369708056,0.8296838231675487,0.1709615990541309,0.7283301454344413,0.031034137916674698,
female_3,128400,2.675,1.3375,0,1,0,1,13,0.23307362234595058,0.23164975307783722,368.6953125,1.9097882824441208,0.18090957738502836,0.8520070402030768,0.1638902522087145,1.057781242241044,0.017019325176313854,
female_3,130800,2.725,1.3625,1,0,1,2,12,0.2369681432377861,0.21459976979046702,369.8671875,1.3628083024906976,0.21842688622271839,1.8580349813408723,0.20366524241680448,-0.4952266788501747,0.01476164380591391,
female_3,133200,2.775,1.3875,2,4,1,7,11,0.19122369905706,0.1666488516821376,370.0,2.0230601037200726,0.2373029308866071,1.6144856919239512,0.2148969458074026,0.4085744117961214,0.022405985079204493,
female_3,135600,2.825,1.4125,1,0,1,2,12,0.23604185537936687,0.16584546574703876,368.5234375,2.7739246427392885,0.23522598396210187,2.015120184580012,0.2743844920285833,0.7588044581592763,-0.03915850806648141,
female_3,138000,2.875,1.4375,5,2,5,12,13,0.23021549980851497,0.19654398123691402,360.3203125,3.269034125638763,0.23274394567055792,2.7503626219264046,0.2366665732594171,0.5186715037123584,-0.003922627588859168,
female_3,140400,2.925,1.4625,1,11,0,12,8,0.20473404422553163,0.14473640043605188,366.5390625,2.512554149171646,0.22563732870400457,2.7196865984131673,0.284855907011577,-0.2071324492415214,-0.059218578307572406,
female_3,142800,2.975,1.4875,0,1,0,1,4,0.16971255698347096,0.1179849453094433,388.8046875,3.8413196859175205,0.23628009319942495,8.005174473107795,0.3618442596669974,-4.1638547871902745,-0.12556416646757246,
female_3,145200,3.025,1.5125,4,0,1,5,5,0.23738364975599813,0.13762569668050267,396.6953125,3.0993536052063027,0.23274408352432147,5.220492343772051,0.25027987254598844,-2.1211387385657483,-0.01753578902166697,
female_3,147600,3.075,1.5375,8,0,0,8,14,0.23421333029591804,0.18637925287017798,393.109375,4.443504139117806,0.22292001105098103,2.55463482376949,0.16980930567853195,1.888869315348316,0.05311070537244908,
female_3,150000,3.125,1.5625,0,1,0,1,15,0.22789768651820616,0.22855806117555585,278.265625,3.3232389120630694,0.18933002674754154,3.022582538862152,0.13119445899639642,0.3006563732009173,0.05813556775114512,
female_3,152400,3.175,1.5875,0,0,0,0,15,0.2369282474132099,0.2346335854264409,204.0,1.380092991556809,0.1671246729747466,0.9611605309355941,0.12308578851469025,0.4189324606212149,0.04403888446005634,control
female_3,154800,3.225,1.6125,2,1,1,4,17,0.26384499476532675,0.2501762575433766,204.0,1.3558834016431907,0.14068461329450893,1.2809399388018448,0.14754393242669916,0.0749434628413459,-0.006859319132190234,
female_3,157200,3.275,1.6375,1,0,1,2,16,0.2586989850284446,0.2607710401688487,229.765625,2.766680746549205,0.17170632181558407,2.7124885917830586,0.17904805120414677,0.05419215476614658,-0.007341729388562701,
female_3,159600,3.325,1.6625,1,2,1,4,16,0.2714805066637709,0.26665392476133537,269.609375,3.1363706922838035,0.17584825214217875,3.645142542668464,0.2308153913173685,-0.5087718503846603,-0.05496713917518975,
female_3,162000,3.375,1.6875,6,2,2,10,19,0.2670727280149146,0.1904859846518231,342.5,4.7422843204503256,0.21074341177081685,1.8408792685034117,0.2288775390663654,2.901405051946914,-0.018134127295548558,
female_3,164400,3.425,1.7125,1,2,1,4,20,0.09383213478472237,0.09633335224423908,378.9453125,2.9568092931056755,0.19494292307158625,3.775495898198985,0.22999988335745147,-0.8186866050933093,-0.03505696028586522,
female_3,166800,3.475,1.7375,7,15,5,27,20,0.08417616076689888,0.06175040560543661,288.7109375,3.8005041817720726,0.21047584579578915,4.848719742969062,0.23490069542562458,-1.0482155611969897,-0.024424849629835432,
female_3,169200,3.525,1.7625,2,4,0,6,8,0.16721162509234686,0.10207231539634345,269.453125,3.367485874739436,0.22439388204747254,2.907352666020823,0.2205870124010109,0.46013320871861296,0.0038068696464616525,
female_3,171600,3.575,1.7875,2,2,1,5,8,0.26976822168078884,0.17057511543900464,313.984375,2.8200916443801836,0.238999329155802,2.8650623949413525,0.20575275442199173,-0.04497075056116895,0.033246574733810264,
female_3,174000,3.625,1.8125,7,2,3,12,13,0.22928288556709286,0.19470025714051534,320.078125,3.6127966776821823,0.22370700432625365,4.9514463566638565,0.24087203781423633,-1.3386496789816742,-0.017165033487982678,
female_3,176400,3.675,1.8375,2,2,1,5,16,0.24557046154506784,0.161820927873289,312.15625,2.750337585196821,0.230092276111896,3.1112069671945988,0.22332505132566846,-0.36086938199777796,0.006767224786227544,
female_3,178800,3.725,1.8625,3,1,2,6,16,0.25596410590332996,0.22172322548239243,260.59375,3.2062698764755173,0.21355827091539625,2.9090249078756676,0.20349309706356983,0.2972449685998497,0.010065173851826426,
female_3,181200,3.775,1.8875,5,3,3,11,16,0.2944532147127766,0.22748936302433537,230.0,2.438634543156253,0.21319926894936098,0.7776456566235987,0.17283436220620668,1.660988886532654,0.040364906743154294,
female_3,183600,3.825,1.9125,1,1,1,3,19,0.25616203440451973,0.23583342455927794,230.0,2.046699878186492,0.1965001180348719,0.8648637036322258,0.16632370452711107,1.181836174554266,0.030176413507760846,
female_3,186000,3.875,1.9375,1,3,1,5,18,0.2760415518536109,0.24059218469568655,230.0,1.177007915867382,0.2055714797031389,1.0841224777175753,0.14161825815941112,0.09288543814980676,0.06395322154372779,
female_3,188400,3.925,1.9625,1,5,1,7,16,0.24676096865274452,0.2395384148376338,230.0,1.1587944186881836,0.21540725390026277,1.8389991755763475,0.21336919403504398,-0.680204756888164,0.0020380598652187942,
female_3,190800,3.975,1.9875,1,3,0,4,12,0.1994514295090725,0.1725230249224677,273.0703125,4.532679976398489,0.2175184693249675,4.552496376792076,0.19599871425645105,-0.01981640039358723,0.021519755068516444,
female_3,193200,4.025,2.0125,2,3,1,6,10,0.11577133287161633,0.07221108685503462,302.3203125,3.9800994409729222,0.1899427587923837,3.345104871962235,0.18300848325010713,0.6349945690106873,0.0069342755422765745,
female_3,195600,4.075,2.0375,9,9,7,25,14,0.06148108250750486,0.025374121174026237,296.4609375,3.9054841978750248,0.19935920217412928,3.502702540883349,0.2248107608556407,0.4027816569916758,-0.025451558681511416,
female_3,198000,4.125,2.0625,4,4,3,11,10,0.08630438726773784,0.023313850708865318,279.7265625,3.019071467589642,0.21398402637401842,4.892290131334,0.25802767388454595,-1.8732186637443577,-0.04404364751052753,
female_3,200400,4.175,2.0875,2,1,0,3,9,0.13727915657562717,0.05737664567092826,255.1171875,3.7875522854792076,0.2143362817003689,4.179433810615309,0.273408380909293,-0.39188152513610097,-0.05907209920892409,
female_3,202800,4.225,2.1125,8,4,2,14,15,0.19110244909848167,0.159399618175631,253.0234375,3.805538404442762,0.22607144337733054,1.8641348812107745,0.19540681056930573,1.9414035232319873,0.03066463280802481,
female_3,205200,4.275,2.1375,2,1,1,4,14,0.22705830995029602,0.21237668383719607,254.0,1.5057577986319992,0.21645190697952463,1.3425598050492122,0.17457869135040008,0.16319799358278697,0.04187321562912455,
female_3,207600,4.325,2.1625,1,1,0,2,14,0.24382577579864403,0.19005627285734342,254.0,2.2549559207510046,0.2072944682546549,1.2653758016456305,0.21832137973101678,0.9895801191053741,-0.011026911476361895,
female_3,210000,4.375,2.1875,5,6,4,15,15,0.2254986209122127,0.1509105267928679,255.6171875,2.1595337410273623,0.23863212558358976,1.9248494442252289,0.22363885220412127,0.23468429680213343,0.014993273379468486,
female_3,212400,4.425,2.2125,0,2,0,2,14,0.2887588128717651,0.13972790332568621,259.1328125,2.6511030239591338,0.24826382700481947,2.284003186940054,0.2515937921661307,0.3670998370190799,-0.0033299651613112324,
female_3,214800,4.475,2.2375,3,3,2,8,12,0.20433536254556472,0.1380259342831374,267.0625,2.0425094419426797,0.23233589656231088,2.5666953630728724,0.2936372081061621,-0.5241859211301927,-0.06130131154385124,
female_3,217200,4.525,2.2625,6,2,2,10,13,0.22375737723336572,0.16127337384990648,276.0,2.5653219373106406,0.23215222941312388,1.2410454676211273,0.22689264999881467,1.3242764696895133,0.005259579414309212,
female_3,219600,4.575,2.2875,2,1,1,4,17,0.25456182366533286,0.238097923210006,276.0,1.9413319432305585,0.20905551763341174,1.2238856070787365,0.17112711561526098,0.717446336151822,0.03792840201815076,
female_3,222000,4.625,2.3125,5,3,4,12,16,0.20637973288037736,0.20893079348507268,275.203125,2.2344627572359226,0.18740112555271987,1.3771692259083155,0.17199010692742336,0.8572935313276071,0.015411018625296508,
female_3,224400,4.675,2.3375,0,3,0,3,17,0.2512066637520612,0.23983320785418483,272.859375,1.5047641961758784,0.16652935576229408,0.8316121742410707,0.14785767473544806,0.6731520219348077,0.01867168102684602,
female_3,226800,4.725,2.3625,2,1,1,4,16,0.27610537029342896,0.2548950483204325,272.0,2.411398659790086,0.1804097028339445,1.0876820508009246,0.15648539877188275,1.3237166089891612,0.023924304062061752,
female_3,229200,4.775,2.3875,1,1,1,3,16,0.19211743663357472,0.1890240003062804,272.0,2.349788294840222,0.23206380890984143,1.548545459093913,0.18742368259942935,0.8012428357463088,0.04464012631041209,
female_3,231600,4.825,2.4125,4,6,3,13,16,0.24080649809051063,0.19890491545298755,275.2578125,1.4043486678937191,0.19463267459861608,1.2802560094761741,0.20190150291436226,0.12409265841754502,-0.007268828315746184,
female_3,234000,4.875,2.4375,4,5,3,12,16,0.24808615169643036,0.2311457226275454,278.0,1.8958572804389855,0.18951997672612886,0.7894119269462532,0.19435487660984146,1.1064453534927323,-0.004834899883712607,
female_3,236400,4.925,2.4625,2,1,2,5,14,0.26091346605567284,0.2412338182058965,278.0,1.7021110913759594,0.18545741207146435,1.3029430427884066,0.17615976924753793,0.39916804858755284,0.009297642823926422,
female_3,238800,4.975,2.4875,2,2,1,5,15,0.25076061544267714,0.24932397109453636,278.0,1.5138274935434128,0.19028385257467664,1.1034869602220818,0.1578266880279085,0.410340533321331,0.03245716454676814,
female_3,241200,5.025,2.5125,1,3,1,5,14,0.2492500997597586,0.23616949545062776,278.0,1.4696527244193724,0.17556815332349093,0.9691472450039817,0.1643266938111371,0.5005054794153907,0.011241459512353835,
female_3,243600,5.075,2.5375,1,1,1,3,13,0.2508523415583363,0.2546429044751288,277.0546875,1.7484085109874015,0.17721739663378044,1.3004449138371823,0.14519573159705876,0.44796359715021916,0.032021665036721686,
female_3,246000,5.125,2.5625,0,2,0,2,11,0.30937720145555686,0.27730008500751335,276.0,1.2348452645812102,0.1621723743915282,0.9119095246640749,0.14468633234820813,0.3229357399171353,0.017486042043320077,
female_3,248400,5.175,2.5875,0,1,0,1,11,0.30090968077035474,0.26428762814776213,276.0,1.2753130967201556,0.16231639894381322,1.1249202939690222,0.13759230170616538,0.15039280275113343,0.024724097237647846,
female_3,250800,5.225,2.6125,5,4,4,13,10,0.26447322463984096,0.24877694266603517,276.0,0.9472542802181965,0.14270184941252156,0.714293523302585,0.13958172393142582,0.23296075691561147,0.003120125481095748,
female_3,253200,5.275,2.6375,0,1,0,1,11,0.26997035023564214,0.25810854776447945,276.0,1.0364508593509423,0.15442399672052978,0.5748397956076952,0.14224848630383435,0.4616110637432471,0.012175510416695429,
female_3,255600,5.325,2.6625,1,0,0,1,10,0.3020015036943773,0.28606174804254986,276.0,0.6730577074069267,0.163320765243477,1.0835631162120507,0.17019957771887673,-0.410505408805124,-0.0068788124753997315,
female_3,258000,5.375,2.6875,3,1,1,5,12,0.29818020473252455,0.2816485239745727,276.0,1.6650830235628804,0.19479394486948562,0.8570097401780226,0.17340947443406776,0.8080732833848578,0.021384470435417857,
female_3,260400,5.425,2.7125,1,1,1,3,13,0.28275576113428447,0.26324481701952,276.0,1.5479751444065362,0.1606074676920096,0.7420270256651326,0.15521297427506703,0.8059481187414036,0.005394493416942564,
female_3,262800,5.475,2.7375,0,2,0,2,12,0.23426427033293387,0.2439295488023809,276.0,1.5918029234702868,0.16221582715528285,1.085768851479362,0.1375772213775807,0.5060340719909249,0.02463860577770216,
female_3,265200,5.525,2.7625,1,1,1,3,12,0.2646257816299393,0.23864464578654127,276.0,1.1769750181148555,0.17603852042203247,0.9139359675570522,0.16137753765698631,0.2630390505578033,0.014660982765046154,
female_3,267600,5.575,2.7875,1,1,1,3,10,0.26716412403536427,0.24555216380812672,276.0,0.8857157999100095,0.188310969912249,0.9681382921888189,0.19283157208236032,-0.08242249227880938,-0.004520602170111326,
female_3,270000,5.625,2.8125,1,0,0,1,11,0.23750812709621189,0.24065845100911806,276.0,1.3203857344944632,0.1651779801720846,1.3519921964084807,0.2021158564612723,-0.0316064619140175,-0.03693787628918771,
female_3,272400,5.675,2.8375,2,1,1,4,12,0.23258707523692845,0.22615203931558117,276.0,1.5632674983728578,0.18424002045722462,1.0159046958080338,0.18745701826350641,0.5473628025648241,-0.0032169978062817906,
female_3,274800,5.725,2.8625,1,2,1,4,12,0.2410687504111014,0.24032296541153206,276.0,1.593279680833112,0.1857381526251491,1.22926278063733,0.15281434542630418,0.36401690019578203,0.03292380719884491,
female_3,277200,5.775,2.8875,1,2,1,4,11,0.25974477685508934,0.2502674009683063,276.0,1.658021785189386,0.17280937654108036,0.8536379218315531,0.1560257152650266,0.8043838633578329,0.01678366127605377,
female_3,279600,5.825,2.9125,2,1,1,4,11,0.23613050529131452,0.24321038615748133,276.5234375,2.0396438096809364,0.19652481867373467,0.5105099264848649,0.1381220132210172,1.5291338831960715,0.05840280545271748,
female_3,282000,5.875,2.9375,0,0,0,0,12,0.23688934895739708,0.25280164414111195,277.6953125,1.8246268497625642,0.15894523443086875,1.2210722472152846,0.16111787332314015,0.6035546025472796,-0.0021726388922714,control
female_3,284400,5.925,2.9625,2,2,1,5,11,0.2692932799887197,0.2430352887693188,278.0,1.5362836292840134,0.18026889860048212,1.093702914532349,0.1584864336872453,0.4425807147516645,0.02178246491323682,
female_3,286800,5.975,2.9875,2,4,2,8,10,0.23540119112449628,0.23984610953509997,277.9609375,0.995007809483383,0.16755883582148798,1.0679101314512853,0.14448314372599144,-0.07290232196790236,0.023075692095496536,
female_3,289200,6.025,3.0125,1,0,0,1,10,0.255229521568614,0.2649029791534145,276.7890625,1.5915217805189528,0.17373489979559806,0.9374043935404454,0.1459342101028723,0.6541173869785074,0.027800689692725755,
female_3,291600,6.075,3.0375,2,2,2,6,10,0.27285975584280964,0.2657728275950498,276.0,1.3401231021104052,0.1588969986480337,0.7363276168717433,0.14083997310938381,0.6037954852386619,0.01805702553864988,
female_3,294000,6.125,3.0625,0,0,0,0,11,0.2574340130372191,0.26642422612166783,276.0,1.2572617333979763,0.15716583039696083,0.83187831420132,0.14745960545096337,0.42538341919665634,0.00970622494599746,
female_3,296400,6.175,3.0875,1,3,1,5,9,0.27829708659205515,0.2877572653079499,276.0,1.3546312926952597,0.19460018831511272,1.0522607375135455,0.2166643761497133,0.3023705551817142,-0.022064187834600568,
female_3,298800,6.225,3.1125,1,0,1,2,9,0.28839731075719166,0.2888426397309019,276.0,1.0963105779490214,0.1895763145784945,0.637624929213169,0.19330340761668702,0.4586856487358524,-0.0037270930381925194,
female_3,301200,6.275,3.1375,0,1,0,1,9,0.26774984589900663,0.28647435526173703,276.0,1.1662929303204927,0.18795074723092636,0.9469872084908116,0.1486178752985818,0.2193057218296811,0.039332871932344554,
female_3,303600,6.325,3.1625,2,0,1,3,10,0.2696587368468926,0.27466357720215673,275.7578125,1.469566690842615,0.17434096500459598,0.836838063435023,0.14634712981071507,0.6327286274075921,0.027993835193880906,
female_3,306000,6.375,3.1875,2,1,1,4,12,0.2911423002532715,0.2760545262036057,274.5859375,0.8975749396778251,0.16603780223616438,0.9345903407038751,0.14703710935987058,-0.037015401026050054,0.0190006928762938,
female_3,308400,6.425,3.2125,0,1,0,1,11,0.28734154653072175,0.28095586913875675,274.0,0.9764255551652725,0.1504375095184682,0.6504206439812927,0.15150587300864,0.3260049111839798,-0.001068363490171781,
female_3,310800,6.475,3.2375,0,1,0,1,10,0.2757116315813178,0.28177216156667845,274.0,1.0700071640395015,0.15136271327450987,1.0162727476952063,0.14152937472341057,0.05373441634429521,0.009833338551099302,
female_3,313200,6.525,3.2625,1,0,1,2,10,0.26735504840521807,0.27245219332136006,274.9296875,1.172758074766163,0.16854583828078332,1.0209850218526202,0.1519393864008801,0.15177305291354282,0.016606451879903228,
female_3,315600,6.575,3.2875,1,0,0,1,11,0.2619564039360452,0.26727936690970777,276.0,0.8015325160851287,0.15339599331155165,0.5808384978820593,0.14427024506694583,0.22069401820306933,0.009125748244605825,
female_3,318000,6.625,3.3125,0,1,0,1,11,0.28639722907782506,0.28738506428350247,276.0,0.9820225553817563,0.1451809000787562,0.6041498580830391,0.16001382283396895,0.3778726972987172,-0.014832922755212752,
female_3,320400,6.675,3.3375,0,1,0,1,11,0.28848681330088294,0.30053066143468316,276.0,0.9997718387430534,0.14399529145615703,0.7770611300993576,0.15758565015116138,0.2227107086436958,-0.013590358695004356,
female_3,322800,6.725,3.3625,0,0,0,0,10,0.29510565296885716,0.2967179196283807,276.0,0.6361174368134983,0.13671740008230843,0.4847348192599691,0.14067049536615106,0.15138261755352922,-0.003953095283842634,
female_3,325200,6.775,3.3875,1,0,1,2,10,0.284525244496781,0.2729722724486753,276.0,0.8018088591878064,0.1374496807300781,0.6416259433617115,0.13066070814658917,0.1601829158260949,0.006788972583488928,
female_3,327600,6.825,3.4125,0,1,0,1,10,0.2675006827682059,0.2627337348606821,276.0,1.0045410142695905,0.16623063603731977,1.0884489847850745,0.1464221388078653,-0.08390797051548393,0.019808497229454464,
female_3,330000,6.875,3.4375,0,1,0,1,9,0.2509133567013199,0.2468369248796849,276.0,1.5981053561323952,0.19617570929212982,1.8842276011661996,0.1992941612638445,-0.28612224503380435,-0.0031184519717146753,
female_3,332400,6.925,3.4625,0,0,0,0,9,0.26637318565134327,0.2500587313799822,276.3046875,1.0907244316037297,0.15626279063501253,1.4131587503424206,0.1786749761353936,-0.3224343187386909,-0.02241218550038107,
female_3,334800,6.975,3.4875,1,0,0,1,10,0.24883689251802868,0.2458508941089108,277.4765625,0.8417178631692064,0.1518567392592372,1.1329277802549655,0.16929061581014856,-0.29120991708575916,-0.01743387655091136,
female_3,337200,7.025,3.5125,1,0,0,1,11,0.2706517165728974,0.2531609550513076,277.3515625,1.5729091609479608,0.15905146850592405,0.9112119378085464,0.14565194138030418,0.6616972231394145,0.01339952712561987,
female_3,339600,7.075,3.5375,2,1,2,5,11,0.31581291740550177,0.2689598086391804,276.1796875,1.0789639061906613,0.16126998295786454,1.1190538375031658,0.14671222661588454,-0.04008993131250449,0.014557756341980005,
female_3,342000,7.125,3.5625,1,2,1,4,11,0.27131015793265617,0.2666211320578284,276.0,0.8508055494698707,0.17003852133258418,0.9539735769739544,0.15358712551018092,-0.1031680275040836,0.016451395822403264,
female_3,344400,7.175,3.5875,1,0,0,1,11,0.27859039531036023,0.25612970495304777,276.0,1.501420969974733,0.18344247447332002,0.9702342602236991,0.15376965327094025,0.5311867097510339,0.029672821202379768,
female_3,346800,7.225,3.6125,1,1,0,2,12,0.2495144951828507,0.2667927352662693,276.0,1.4205863780149357,0.17247594975293404,0.6718008457206687,0.14502368091874138,0.748785532294267,0.02745226883419266,
female_3,349200,7.275,3.6375,0,0,0,0,12,0.2762415047773042,0.2813024960665427,276.0,1.158772109395989,0.17022638977044188,0.8404694528044394,0.14716267522210782,0.31830265659154966,0.023063714548334058,
female_3,351600,7.325,3.6625,0,0,0,0,12,0.25952287050412765,0.2630852243613373,276.0,1.7652476784859714,0.1891348005281647,0.7053955353360172,0.1571018984558191,1.0598521431499544,0.032032902072345604,
female_3,354000,7.375,3.6875,2,1,2,5,12,0.2317066707593271,0.24535416472677798,276.0,1.7358634099437111,0.17146906948981103,1.1082638950013763,0.14101816555432214,0.6275995149423348,0.030450903935488882,
female_3,356400,7.425,3.7125,1,3,0,4,11,0.2969739832114658,0.2701298843468078,276.0,1.7896910538187174,0.15205621119655507,1.3206601452407638,0.13408619003877692,0.4690309085779536,0.017970021157778154,
female_3,358800,7.475,3.7375,0,0,0,0,11,0.3225980632911494,0.2815958860403302,276.0,0.9517684886429163,0.14203786251336623,1.1762312266498613,0.13489540787226653,-0.22446273800694505,0.007142454641099694,
female_3,361200,7.525,3.7625,0,0,0,0,11,0.2535834770741482,0.26387102800685547,276.0,1.8742618160140065,0.1647357774697066,1.1423847747959313,0.1616749600435345,0.7318770412180753,0.003060817426172119,control
female_3,363600,7.575,3.7875,2,1,1,4,13,0.25156997362695244,0.24501138925805907,276.0,1.175586870660946,0.20960224913551004,1.0468593182156618,0.16722988433471322,0.12872755244528422,0.04237236480079681,
female_3,366000,7.625,3.8125,0,1,0,1,11,0.2817886245506002,0.27541861261808526,275.2890625,0.8727130541417256,0.17687250325896114,0.7229499175373273,0.14091182795812807,0.14976313660439833,0.03596067530083308,
female_3,368400,7.675,3.8375,0,0,0,0,11,0.2821157498477135,0.28480024183852276,274.1171875,0.7776082225798162,0.15264933328397237,1.000014637901527,0.14299953628328105,-0.22240641532171068,0.009649797000691324,
female_3,370800,7.725,3.8625,0,0,0,0,11,0.26144559494759734,0.269946759088956,275.0546875,1.2161356446068927,0.15850735197851654,0.9960783956277761,0.1566940013395897,0.2200572489791166,0.0018133506389268472,
female_3,373200,7.775,3.8875,0,0,0,0,11,0.2323558969542698,0.24989163435359654,276.0,1.0165767184512424,0.17663848508302263,1.0426274861746916,0.14803805409493176,-0.026050767723449164,0.02860043098809087,
female_3,375600,7.825,3.9125,0,1,0,1,11,0.2772961354085679,0.27140337097437706,276.0,1.0173971803795536,0.1489947112202253,0.8713630960173403,0.14251142900817987,0.14603408436221332,0.006483282212045444,
female_3,378000,7.875,3.9375,0,0,0,0,10,0.2737260978111737,0.29687570931942076,276.0,1.0807919962868744,0.1493505241836627,0.9202879364616415,0.13367233106538104,0.16050405982523286,0.01567819311828167,
female_3,380400,7.925,3.9625,0,0,0,0,10,0.2691395645317698,0.2819525638616955,276.0,0.955699349507258,0.18606417284089188,1.4738476060699552,0.162257024663065,-0.5181482565626973,0.023807148177826892,
female_3,382800,7.975,3.9875,1,0,0,1,10,0.2635857305470457,0.272619051536888,276.0,1.1357589403587809,0.16436315906351215,0.7551480176126114,0.14566041082106604,0.3806109227461695,0.01870274824244611,
female_3,385200,8.025,4.0125,2,2,2,6,12,0.25147383033204745,0.26637096127972976,276.0,0.7194094423344198,0.16171990589845775,0.6897314885948956,0.1215090000372108,0.0296779537395242,0.040210905861246954,
female_3,387600,8.075,4.0375,0,0,0,0,11,0.2677863377231601,0.2819599450551869,276.0,1.6756668687649432,0.16252387709363644,1.119035907249744,0.1457655059067143,0.5566309615151992,0.01675837118692214,
female_3,390000,8.125,4.0625,0,1,0,1,11,0.27175855830601947,0.2856510654498148,276.0,0.9846747364214337,0.16496234464900125,0.929441162927181,0.14659827942905487,0.05523357349425262,0.01836406521994638,
female_3,392400,8.175,4.0875,0,0,0,0,10,0.24454224443425912,0.24383633651164913,276.0,1.1922019557267687,0.1797676438778668,0.7533560152304561,0.1567764859027523,0.43884594049631254,0.0229911579751145,
female_3,394800,8.225,4.1125,0,0,0,0,10,0.212738755670519,0.21106876200037444,276.0,1.513147228413215,0.2013420562904074,1.1772177421998693,0.21504406219590533,0.33592948621334573,-0.013702005905497916,
female_3,397200,8.275,4.1375,0,0,0,0,10,0.19393777689858108,0.22010676345189475,276.0,1.3154556103412296,0.18979215209074576,2.0779337080503946,0.20588811693224832,-0.762478097709165,-0.016095964841502552,control
female_3,399600,8.325,4.1625,0,0,0,0,10,0.2459762857513598,0.2462282465788705,276.0,1.3359588147074817,0.14644025276945796,2.1502585445949456,0.1836199371732192,-0.8142997298874639,-0.03717968440376124,
female_3,402000,8.375,4.1875,0,0,0,0,10,0.268656438791386,0.24397862488155958,276.0,1.246538834223077,0.14762602051782278,0.7745191836178296,0.1478051850749229,0.4720196506052474,-0.00017916455710012547,
female_3,404400,8.425,4.2125,0,0,0,0,10,0.2517838839214165,0.24342742385055233,276.0,1.1884514141007854,0.1388525824223452,0.658840990089118,0.1468535698895572,0.5296104240116674,-0.008000987467212006,
female_3,406800,8.475,4.2375,0,0,0,0,10,0.25698772505047185,0.2548455079048778,276.6328125,0.9822393175308717,0.14790483318943418,0.8533513126026495,0.14147070273864082,0.12888800492822217,0.006434130450793357,
female_3,409200,8.525,4.2625,0,0,0,0,10,0.2616956938599426,0.26877305906490984,277.8046875,1.2280776650794274,0.16767399258991142,1.4249008185147747,0.15657391356758524,-0.1968231534353473,0.011100079022326181,
female_3,411600,8.575,4.2875,0,0,0,0,10,0.2763321097784259,0.2738877611282788,278.0,1.0259005362550315,0.16772082590382617,1.1677656669536667,0.1605760919470988,-0.14186513069863516,0.007144733956727378,
female_3,414000,8.625,4.3125,0,0,0,0,10,0.3161582947514083,0.2755635943961349,277.8515625,1.5824202814305255,0.15942014531313278,1.0300187903209317,0.18224487036421055,0.5524014911095938,-0.02282472505107777,
female_3,416400,8.675,4.3375,0,0,0,0,10,0.3138692468380323,0.2810885445373348,276.6796875,1.7912052216202845,0.1850723312093145,1.2356884160869075,0.18381761220682163,0.555516805533377,0.0012547190024928545,
female_3,418800,8.725,4.3625,1,1,1,3,10,0.3066407236112394,0.2652262229904888,275.5078125,1.2807386152894815,0.20122586621752855,1.2254077935345475,0.17745172938234108,0.05533082175493398,0.023774136835187476,
female_3,421200,8.775,4.3875,1,0,0,1,11,0.2578255499732692,0.2652837081456011,274.3359375,1.2039189066859783,0.19310882936722548,1.3774747263925775,0.16800567819199053,-0.17355581970659917,0.025103151175234956,
female_3,423600,8.825,4.4125,2,1,1,4,12,0.2541944542666987,0.2521869180228238,274.0,2.8686674393379246,0.21036517409766256,2.0638212653517227,0.19850306164272005,0.8048461739862018,0.011862112454942508,
female_3,426000,8.875,4.4375,4,1,1,6,14,0.22425922103675514,0.21749654156628007,274.0234375,2.2801896274718954,0.22041485159899538,3.6585770328688696,0.20947363968431318,-1.3783874053969742,0.010941211914682197,
female_3,428400,8.925,4.4625,3,3,2,8,15,0.22278758276885563,0.20637989207826793,277.5390625,2.3793900933604997,0.2115410603469983,1.32328936216787,0.19468700243899972,1.0561007311926296,0.01685405790799857,
female_3,430800,8.975,4.4875,2,3,1,6,14,0.27908405844933565,0.26679705766332096,280.0,2.4817817705125584,0.19475055529484095,1.872111299556813,0.22563435535082801,0.6096704709557454,-0.030883800055987065,
female_3,433200,9.025,4.5125,1,3,0,4,11,0.3181327057591733,0.23509946396965703,280.0,2.34369701019587,0.20310981002380335,3.015459529281327,0.2111624238056525,-0.671762519085457,-0.008052613781849155,
female_3,435600,9.075,4.5375,4,1,2,7,13,0.2331826288857688,0.1765641824511359,277.21875,2.875789165356011,0.22535626969642034,3.0324007846065415,0.17325538301293922,-0.1566116192505307,0.05210088668348112,
female_3,438000,9.125,4.5625,3,2,1,6,15,0.23579030189738537,0.20482971865738597,272.53125,2.105375434932678,0.20380428374648665,1.6504274459965125,0.18562260182990237,0.4549479889361654,0.018181681916584286,
female_3,440400,9.175,4.5875,4,5,1,10,19,0.2667446479139951,0.21185221453014091,272.0,2.672012412088786,0.221633546008329,2.2694115967458366,0.22387482954996787,0.4026008153429492,-0.002241283541638883,
female_3,442800,9.225,4.6125,1,2,1,4,14,0.2297497633911031,0.11165390832138082,273.265625,2.596880468964245,0.2353200585186503,2.848759398582495,0.23823296514982192,-0.25187892961825,-0.0029129066311716356,
female_3,445200,9.275,4.6375,4,4,2,10,14,0.2583572358834244,0.18107202895195113,280.296875,2.569740798461435,0.2212034748793033,2.943484788408436,0.2071666683300331,-0.373743989947001,0.014036806549270198,
female_3,447600,9.325,4.6625,1,6,1,8,13,0.24850437031259207,0.24993504970410674,284.0,2.8374854691028535,0.21400928106573738,2.2796119662119043,0.2521341021083272,0.5578735028909492,-0.038124821042589824,
female_3,450000,9.375,4.6875,2,5,1,8,6,0.23755483312074654,0.17027428941245926,284.0,2.721190708127166,0.24649261879257006,4.389069311388964,0.27467590899548544,-1.6678786032617978,-0.02818329020291538,
female_3,452400,9.425,4.7125,4,1,1,6,7,0.23463547702950377,0.15221582251719717,278.609375,3.117508262307309,0.24602289176088635,2.8098053097833295,0.21531441564435277,0.3077029525239796,0.030708476116533573,
female_3,454800,9.475,4.7375,8,2,3,13,15,0.22024259461667522,0.2124776160382531,272.2109375,1.8032957592925163,0.22867765651248417,3.0170185974538484,0.23659920345066188,-1.213722838161332,-0.007921546938177704,
female_3,457200,9.525,4.7625,4,2,1,7,18,0.1957935436077798,0.16962743639689296,275.7265625,2.7750651453452635,0.24167800956667343,2.3251588897352797,0.2413244278490884,0.44990625560998376,0.00035358171758503865,
female_3,459600,9.575,4.7875,2,2,2,6,17,0.20838141808396538,0.1647740272924461,278.4140625,2.3256749419287512,0.22631446802987412,1.5286483376646667,0.20563741773315353,0.7970266042640846,0.020677050296720595,
female_3,462000,9.625,4.8125,2,3,2,7,17,0.23079275804778807,0.219042166111589,279.5859375,1.6684381028256834,0.20276968450488847,1.1619875091803313,0.18674240788399815,0.506450593645352,0.01602727662089032,
female_3,464400,9.675,4.8375,2,2,2,6,17,0.268432641024643,0.23026010794964727,280.0,1.9799629844292603,0.19746802277022737,1.72268998696004,0.2103107518140803,0.2572729974692203,-0.012842729043852918,
female_3,466800,9.725,4.8625,1,5,1,7,13,0.21297860582213526,0.17985123390481195,280.0,2.484902719786266,0.22171568671693986,3.002420888427543,0.22941359369362455,-0.5175181686412769,-0.007697906976684682,
female_3,469200,9.775,4.8875,4,0,2,6,13,0.1740201195082219,0.1558912492598886,274.4921875,2.503662002189948,0.21208792455913875,2.4202988349614154,0.20613290091458808,0.08336316722853265,0.005955023644550667,
female_3,471600,9.825,4.9125,1,1,0,2,16,0.2776876007464872,0.20525361726931907,271.9140625,3.130957307425567,0.21223518627185145,2.198421444374434,0.21857075209217425,0.9325358630511333,-0.006335565820322797,
female_3,474000,9.875,4.9375,3,5,2,10,14,0.17889253108772402,0.16243943370217673,280.1171875,3.058411345310892,0.23208890602554627,2.2925572517587476,0.218730233517316,0.7658540935521443,0.01335867250823028,
female_3,476400,9.925,4.9625,4,3,2,9,14,0.2746359506155479,0.19567851994809382,284.0,3.4329838734078804,0.2099132598609276,1.6370819426738668,0.1877431950101006,1.7959019307340136,0.02217006485082701,
female_3,478800,9.975,4.9875,1,3,0,4,14,0.2958673040219838,0.24078762696961709,284.0,2.126024861285031,0.19972037661913758,2.6251338507491955,0.2172213814330864,-0.4991089894641645,-0.01750100481394881,
female_3,481200,10.025,5.0125,1,1,0,2,13,0.23027433515683168,0.14234346418164365,276.3125,3.0442108129543044,0.2108505977633513,2.595114038355942,0.25934171640222414,0.4490967745983623,-0.04849111863887284,
female_3,483600,10.075,5.0375,3,1,1,5,13,0.23769841866407024,0.15268960721837552,268.1328125,2.8364019499522737,0.20876959649065838,1.9779288797307983,0.20824465459026184,0.8584730702214753,0.0005249419003965361,
female_3,486000,10.125,5.0625,5,2,3,10,18,0.3006634770095238,0.23363770233748637,269.3046875,1.9706115984994756,0.2132563391828502,2.009378906408057,0.18945721237679097,-0.038767307908581294,0.023799126806059223,
female_3,488400,10.175,5.0875,1,3,0,4,17,0.23994113657550853,0.2349837619948709,270.0,1.7663929033332217,0.19924615400528925,2.4237221011877885,0.1742431979679052,-0.6573291978545668,0.02500295603738406,
female_3,490800,10.225,5.1125,6,4,3,13,15,0.2220225108777629,0.18478480914144307,270.0,2.5877061083795265,0.20226436643193596,3.098457600974991,0.20047319588380477,-0.5107514925954644,0.001791170548131188,
female_3,493200,10.275,5.1375,4,2,3,9,18,0.16604428011582686,0.126779712254999,268.359375,3.065290114324482,0.20571737310260016,4.585092534449838,0.20284032017157522,-1.5198024201253557,0.0028770529310249426,
female_3,495600,10.325,5.1625,8,10,5,23,17,0.06871039051073138,0.05588268512945984,266.015625,4.916717828178087,0.2058172019928461,3.847302268890597,0.21742775523388463,1.0694155592874903,-0.011610553241038546,
female_3,498000,10.375,5.1875,7,6,2,15,18,0.050554610586312596,0.03375021789070176,238.0625,2.6424590885299883,0.21348184205141915,3.248615305934493,0.18836063332103617,-0.6061562174045045,0.025121208730382982,
female_3,500400,10.425,5.2125,3,5,2,10,21,0.05710909831599096,0.04527067856756521,217.6640625,2.561187391323253,0.18869442723704624,2.4513104995960946,0.17270047529668434,0.1098768917271582,0.015993951940361906,
female_3,502800,10.475,5.2375,7,9,5,21,14,0.04645160931624604,0.029865866585305777,216.4921875,3.604167381537735,0.2029580448712471,3.0856239214404755,0.20626542046303695,0.5185434600972596,-0.0033073755917898406,
female_3,505200,10.525,5.2625,6,3,1,10,16,0.05242112773988059,0.027021211398483975,264.2578125,2.5994310803151737,0.20036815263091765,3.6202443493305814,0.1794478388470228,-1.0208132690154077,0.020920313783894834,
female_3,507600,10.575,5.2875,7,2,3,12,21,0.0800275397959536,0.050620092996099604,347.4609375,2.606458478901904,0.17908247902828442,3.2215459924561394,0.17952420803682562,-0.6150875135542355,-0.00044172900854119734,
female_3,510000,10.625,5.3125,6,9,4,19,21,0.07719718786696468,0.051482256313636614,359.0234375,2.834030624031345,0.19755543471555811,2.206637858603047,0.19702362584768895,0.627392765428298,0.0005318088678691602,
female_3,512400,10.675,5.3375,6,4,3,13,19,0.0528830760671616,0.043807489550432316,360.78125,3.3845792481672965,0.19682565955815892,3.5799237770666807,0.17791417282513208,-0.19534452889938425,0.01891148673302684,
female_3,514800,10.725,5.3625,5,2,2,9,22,0.06006903432868582,0.045793220867998335,365.46875,2.996862163813017,0.19088186313184075,1.8525241582048395,0.17130680065315743,1.1443380056081776,0.01957506247868332,
female_3,517200,10.775,5.3875,5,9,4,18,24,0.05783359413741673,0.03925637810118718,366.3828125,2.3625536016664093,0.18350922925007856,1.5767906354625272,0.17954285691999727,0.7857629662038821,0.003966372330081291,
female_3,519600,10.825,5.4125,3,4,2,9,22,0.04385714878530344,0.03619974843829276,362.8671875,1.8598232723212713,0.1922370430990422,1.2679031349472982,0.17764177653836893,0.5919201373739731,0.014595266560673253,
female_3,522000,10.875,5.4375,5,7,2,14,18,0.03957558214964648,0.026509921832429506,295.7890625,3.184129087691615,0.21511416336402525,4.534328284037534,0.18862825409268716,-1.3501991963459195,0.026485909271338093,
female_3,524400,10.925,5.4625,5,9,3,17,14,0.041394566135865264,0.02643441688978462,212.0,3.774263765767526,0.20103227999231024,3.68994921409844,0.19598527803699436,0.08431455166908641,0.005047001955315877,
female_3,526800,10.975,5.4875,8,0,4,12,18,0.053473585624302065,0.040342026013331166,212.0,3.2686713667016174,0.19776436222931584,2.7901643599519668,0.20261720695784483,0.47850700674965063,-0.004852844728528982,
female_3,529200,11.025,5.5125,6,5,3,14,23,0.05776161002681693,0.03858196946770839,211.203125,2.57560238623165,0.19079630316866375,2.4784520583637475,0.1911490460877713,0.09715032786790267,-0.00035274291910755706,
female_3,531600,11.075,5.5375,6,13,5,24,21,0.04786368677789645,0.039716263935278585,208.859375,2.7267603204058046,0.1812562684151696,2.4375167886030793,0.18820803519085513,0.28924353180272533,-0.006951766775685542,
female_3,534000,11.125,5.5625,1,4,0,5,13,0.0433293759892625,0.027191875440475306,214.6796875,3.2187640550911407,0.2171352060651564,2.682499288096807,0.21095883823779651,0.5362647669943339,0.006176367827359891,
female_3,536400,11.175,5.5875,2,2,0,4,12,0.05907054878887065,0.032831557111776925,225.2265625,3.9311199968581114,0.1989908146396828,3.789498487266641,0.20459284306068273,0.14162150959147057,-0.005602028420999938,
female_3,538800,11.225,5.6125,13,5,6,24,21,0.06127503271568651,0.06292862981869177,227.0859375,1.2646950115028708,0.16654185946750014,2.047094397402289,0.1609657420736807,-0.782399385899418,0.005576117393819441,
female_3,541200,11.275,5.6375,6,3,5,14,25,0.07348728577814288,0.07329709803901902,228.0,1.5501222003621216,0.1565696901027081,1.191930683684482,0.12668336220034182,0.3581915166776395,0.029886327902366283,
female_3,543600,11.325,5.6625,3,7,2,12,24,0.06739190792606164,0.06748354665152162,228.0,2.148621053605694,0.17969761655356883,2.047413913981741,0.162571638342522,0.10120713962395289,0.017125978211046833,
female_3,546000,11.375,5.6875,4,2,2,8,20,0.06186557319078716,0.04963724731644836,227.3984375,3.2251352952685433,0.18471098438942354,2.6163739083200204,0.19343587384655267,0.6087613869485229,-0.008724889457129126,
female_3,548400,11.425,5.7125,2,4,1,7,20,0.026442740033123555,0.020423492274048792,226.2265625,3.619415906752909,0.2014012641708203,3.3816755043173155,0.1938784651353073,0.23774040243559336,0.007522799035513006,
female_3,550800,11.475,5.7375,12,11,9,32,20,0.013436937762211188,0.007946958935453021,301.625,2.88380196465393,0.1886882003504864,3.000582610216143,0.19382117342037491,-0.1167806455622129,-0.0051329730698885245,
female_3,553200,11.525,5.7625,9,12,5,26,19,0.013303090915616069,0.007838924444732638,384.59375,2.848543097269684,0.1876483111449713,3.528912075904487,0.2278126073856273,-0.6803689786348031,-0.04016429624065601,
female_3,555600,11.575,5.7875,6,6,2,14,18,0.03100840030656806,0.011155353376134129,370.53125,3.0002649334778018,0.19215035020089513,3.347384548560126,0.20264854709243071,-0.34711961508232436,-0.010498196891535583,
female_3,558000,11.625,5.8125,9,5,4,18,18,0.0315161400964688,0.01338240111009632,367.53125,3.3272531291544074,0.1835817797230877,2.8740674104535033,0.16378946578129278,0.45318571870090407,0.019792313941794926,
female_3,560400,11.675,5.8375,9,7,6,22,25,0.03794292211115071,0.0256688962868134,381.59375,2.6931902603916997,0.19426863290658322,1.8122124197737464,0.16144353793854277,0.8809778406179534,0.03282509496804045,
female_3,562800,11.725,5.8625,7,7,6,20,24,0.04462134847602269,0.03434872710193294,384.390625,2.3778407621757314,0.21301044907424407,1.184787359748159,0.1858704679775057,1.1930534024275723,0.027139981096738375,
female_3,565200,11.775,5.8875,5,16,2,23,21,0.05155387183890406,0.03550073131861913,382.046875,2.5869815817240456,0.19494834211170511,4.417129061357046,0.19806267308226597,-1.8301474796330002,-0.0031143309705608524,
female_3,567600,11.825,5.9125,2,1,1,4,13,0.03384538736337897,0.02072168947376473,383.1484375,4.523347829870405,0.19472014908986632,3.7857141841737056,0.20465347355209088,0.737633645696699,-0.009933324462224558,
female_3,570000,11.875,5.9375,10,6,3,19,14,0.024935537518655154,0.01945557615703365,356.1328125,2.9994494883481804,0.19774255182568762,2.5496398512795806,0.1795578377714276,0.4498096370685998,0.01818471405426003,
female_3,572400,11.925,5.9625,10,8,6,24,20,0.03564194095433424,0.02916998490108047,254.1796875,3.014064007037584,0.18281011167160038,2.4645469478764523,0.1621156791087229,0.5495170591611318,0.02069443256287748,
female_3,574800,11.975,5.9875,8,6,5,19,21,0.04371778248338821,0.03010248398465688,209.3359375,2.7938721090667746,0.18476020748227717,1.8215657739540283,0.18300574359501437,0.9723063351127463,0.0017544638872628027,
female_3,577200,12.025,6.0125,2,3,1,6,22,0.04483009004133408,0.03399344814423741,208.1640625,2.07988176614308,0.16711880407273094,1.9111471497623955,0.16904401052492693,0.16873461638068443,-0.0019252064521959877,
female_3,579600,12.075,6.0375,4,11,3,18,19,0.04058540295054627,0.0307566206739881,223.1171875,4.487443573261822,0.18765015615386563,2.3393383457826262,0.1636332497116401,2.1481052274791956,0.02401690644222554,
female_3,582000,12.125,6.0625,5,5,0,10,13,0.08415885052399957,0.04021674968866997,238.0,3.1171221491722694,0.178674806794863,9.140367061640902,0.2737842165348523,-6.023244912468632,-0.0951094097399893,
female_3,584400,12.175,6.0875,6,1,2,9,17,0.12649131224432017,0.08576651970964978,238.0,3.226459879649921,0.164650375228672,2.9874860150872546,0.1808649397547525,0.23897386456266645,-0.0162145645260805,
female_3,586800,12.225,6.1125,8,4,3,15,24,0.14675524671543771,0.1233438000505456,239.046875,2.632904671790704,0.1803078340961116,2.563071338575992,0.16764205798188045,0.06983333321471186,0.012665776114231142,
female_3,589200,12.275,6.1375,6,8,3,17,24,0.1865975343063879,0.11853482269793825,241.390625,3.38068532784255,0.17666347385357323,2.22676042904582,0.17597118010749738,1.1539248987967303,0.0006922937460758505,
female_3,591600,12.325,6.1625,7,7,5,19,21,0.177523082491304,0.11163756760417494,259.34375,2.6087860580435276,0.17382346442628466,2.1114569294753656,0.15177539094293682,0.497329128568162,0.022048073483347835,
female_3,594000,12.375,6.1875,9,5,6,20,23,0.15566928774072022,0.14188275980490211,281.921875,2.8226650784642335,0.1685996679241723,1.5198811768491365,0.1503654194665717,1.302783901615097,0.018234248457600605,
female_3,596400,12.425,6.2125,3,8,2,13,24,0.1733247148580686,0.15261829882924174,279.578125,2.4177962090466174,0.19396576716489264,2.1594025327118476,0.1681826988511028,0.25839367633476984,0.025783068313789848,
female_3,598800,12.475,6.2375,6,2,3,11,23,0.17774560676271497,0.1615670002545131,276.46875,2.5869965372778787,0.1823770122819837,1.9844612852230261,0.16475946304411462,0.6025352520548526,0.017617549237869068,
female_3,601200,12.525,6.2625,9,14,7,30,19,0.1887571791274125,0.1615384486375516,271.78125,2.3227398786496263,0.18842691721843957,1.6976688525814194,0.1576196926589512,0.6250710260682069,0.030807224559488366,high
female_3,603600,12.575,6.2875,8,6,3,17,22,0.18932941989179164,0.16560891070444614,270.0,2.4957829886634864,0.18117729610073185,1.8787014246013092,0.1622575950789246,0.6170815640621772,0.01891970102180726,
female_3,606000,12.625,6.3125,4,8,4,16,21,0.17765080224700436,0.16040784697284963,270.0,2.779329353661115,0.1653502327050846,2.286055860880344,0.17525050008008766,0.49327349278077115,-0.009900267375003075,
female_3,608400,12.675,6.3375,3,6,2,11,14,0.1453556846497062,0.10793711050562069,270.0,4.230319514161941,0.1858477010414537,2.8395881537410705,0.19120866603999706,1.3907313604208706,-0.005360964998543355,
female_3,610800,12.725,6.3625,9,6,7,22,19,0.06208884175821603,0.04655771785707071,280.65625,4.068984147382353,0.19289173008294755,3.4382074213914806,0.19987218107324511,0.6307767259908723,-0.006980450990297565,
female_3,613200,12.775,6.3875,3,9,1,13,14,0.05690635406700602,0.02396448410212446,332.21875,2.656995121758646,0.2112656716452192,4.873613491779447,0.1910111376790809,-2.216618370020801,0.0202545339661383,
female_3,615600,12.825,6.4125,10,4,7,21,15,0.10164564215423273,0.04662456147111966,358.0,3.682272503116928,0.19422384928760336,4.072793908460051,0.25321620765338576,-0.3905214053431232,-0.0589923583657824,
female_3,618000,12.875,6.4375,6,6,6,18,18,0.21035835377306691,0.1435687737813825,358.0,4.262828552173896,0.19549736356094055,5.180192390903411,0.24034717343146772,-0.9173638387295151,-0.04484980987052717,
female_3,620400,12.925,6.4625,5,15,2,22,16,0.2155868703035482,0.18640649801711348,334.7578125,3.2158617780030068,0.1978870915167188,2.676079872630289,0.18287505418135624,0.5397819053727178,0.01501203733536255,
female_3,622800,12.975,6.4875,2,0,0,2,8,0.2351076004604831,0.14994020478247755,308.1015625,3.4032237183620087,0.19445474210002908,1.7815960670019213,0.18583509745688634,1.6216276513600874,0.008619644643142743,
female_3,625200,13.025,6.5125,12,2,5,19,12,0.22466289408617643,0.1820630323557652,309.2734375,1.6369497570195959,0.18792599846514238,4.075206760649758,0.18263630945434906,-2.438257003630162,0.005289689010793325,
female_3,627600,13.075,6.5375,10,10,7,27,19,0.22216351452096814,0.18656264380596085,310.0,3.296434685463642,0.1984282698288268,2.969526010892136,0.21006850563125848,0.32690867457150574,-0.011640235802431675,
female_3,630000,13.125,6.5625,4,7,1,12,18,0.21470850899205599,0.17527704113156908,310.0,2.2433667601209963,0.2064807397295239,3.2331715894797366,0.22573387951803428,-0.9898048293587403,-0.01925313978851037,
female_3,632400,13.175,6.5875,4,3,1,8,15,0.11292251042448238,0.08973547424078081,313.9453125,3.5315266733558843,0.19872096407981116,3.481012722401843,0.17887190629563934,0.05051395095404132,0.019849057784171814,
female_3,634800,13.225,6.6125,10,3,4,17,19,0.10173292412296747,0.06372693034312028,319.8046875,3.385044831883615,0.17613687463414757,2.624757245857766,0.1511471005800748,0.7602875860258491,0.024989774054072766,
female_3,637200,13.275,6.6375,6,5,4,15,25,0.11808523480762785,0.07744084173851704,265.625,3.156302457068843,0.1746139313050857,2.328130362044935,0.1618372641512075,0.8281720950239078,0.012776667153878207,
female_3,639600,13.325,6.6625,1,6,1,8,20,0.10589946072479466,0.07550366213258439,224.0,1.795427759245235,0.17960640187450352,1.5373789915280915,0.15339627872224162,0.25804876771714347,0.0262101231522619,
female_3,642000,13.375,6.6875,10,8,5,23,21,0.09901640780535328,0.07233459748851306,224.0,2.4374196949722764,0.18388749291149833,2.241486757905126,0.17423952752586042,0.19593293706715054,0.009647965385637919,
female_3,644400,13.425,6.7125,5,7,5,17,20,0.0946164199367833,0.06124523646844068,275.875,2.6118835717350417,0.1752961924389326,2.500874600595623,0.16801200751918868,0.11100897113941866,0.007284184919743919,
female_3,646800,13.475,6.7375,8,11,4,23,21,0.15194445636375323,0.09439414710785515,369.625,3.7772970296633197,0.20329097920442618,4.582029579752387,0.2364901687497765,-0.8047325500890672,-0.03319918954535031,high
female_3,649200,13.525,6.7625,3,8,3,14,12,0.20382077773646753,0.18044147210730235,383.0078125,2.762604067121815,0.21535143813793467,3.349400380431482,0.22449584839137482,-0.5867963133096672,-0.00914441025344015,
female_3,651600,13.575,6.7875,1,0,1,2,13,0.24194924018814815,0.20169700759205345,381.1796875,2.8112085156019564,0.23430724711448403,1.599518999953558,0.22834677585030597,1.2116895156483984,0.005960471264178063,
female_3,654000,13.625,6.8125,2,1,0,3,15,0.24918617253837222,0.2025560002753016,375.3203125,1.9123406377467138,0.2227414089661738,1.7420936431589267,0.22763197646301286,0.17024699458778714,-0.0048905674968390545,
female_3,656400,13.675,6.8375,5,2,2,9,17,0.22028066367094068,0.1973120877335845,372.0,1.8968006694037123,0.21133172337228756,2.0718074684573433,0.2717646876832668,-0.17500679905363103,-0.06043296431097922,
female_3,658800,13.725,6.8625,5,6,3,14,16,0.1946301608268622,0.17920374530478242,372.0,2.988206494758212,0.21187879251255573,3.8023964498232226,0.19574444722447673,-0.8141899550650105,0.016134345288079,
female_3,661200,13.775,6.8875,1,0,1,2,16,0.18358006615119715,0.15933170143417377,374.5546875,2.8574479119716383,0.20494847686963216,4.866970407307961,0.20750625289461547,-2.0095224953363227,-0.002557776024983305,
female_3,663600,13.825,6.9125,9,7,4,20,18,0.11981487120017932,0.10115525240744665,378.0234375,4.186123719137026,0.19606155978914902,2.7774260296657456,0.20863744271982462,1.4086976894712802,-0.012575882930675603,
female_3,666000,13.875,6.9375,10,9,3,22,19,0.046869449514592855,0.03539861723582565,379.1953125,3.877849207489998,0.20131116331568025,2.343221704563445,0.22026586710705187,1.5346275029265528,-0.018954703791371624,
female_3,668400,13.925,6.9625,4,1,1,6,23,0.039862077617382086,0.03191002488627263,380.734375,2.8677636748545305,0.22337374407501867,2.8790671934589938,0.20915331605102508,-0.011303518604463214,0.014220428023993592,
female_3,670800,13.975,6.9875,7,5,6,18,24,0.050534371547941694,0.04439503667936428,383.078125,1.9365502645036108,0.1848401062730677,3.0012073372042765,0.1711276862839815,-1.0646570727006657,0.013712419989086205,
female_3,673200,14.025,7.0125,0,3,0,3,23,0.05111179956629997,0.04258605704495102,343.4765625,2.9514694618792205,0.20032536267086662,2.890504191938913,0.20719297450172505,0.060965269940307376,-0.006867611830858433,
female_3,675600,14.075,7.0375,4,6,2,12,19,0.03953864040882553,0.029989254236548635,276.6796875,4.492947528041896,0.20714731309233883,2.97469026739936,0.20881092168374873,1.5182572606425357,-0.0016636085914099041,
female_3,678000,14.125,7.0625,6,12,2,20,15,0.0546203112395712,0.03309650480774434,274.21875,3.41609710716926,0.210888845760846,5.913105053703717,0.2999254275047871,-2.497007946534457,-0.08903658174394113,
female_3,680400,14.175,7.0875,2,3,0,5,14,0.2618287779165597,0.12256041816448211,278.0,5.116391695399297,0.19781972917628304,7.945376403972221,0.3110208538098927,-2.828984708572923,-0.11320112463360965,
female_3,682800,14.225,7.1125,1,3,0,4,14,0.21890956680800913,0.2259700827499177,278.0,3.423970834664605,0.2185211776159326,1.4786416951741335,0.17374874480157723,1.9453291394904717,0.04477243281435536,
female_3,685200,14.275,7.1375,4,2,2,8,13,0.2863812176758374,0.2698849043641359,278.0,2.009837153635493,0.20758339798545986,1.2223217068942798,0.15564631788106637,0.7875154467412131,0.05193708010439349,
female_3,687600,14.325,7.1625,3,1,1,5,13,0.28711000024639216,0.28020942440183005,278.0,1.9515114784163878,0.16914687605853257,1.3063168158094776,0.17491750850878618,0.6451946626069103,-0.00577063245025361,
female_3,690000,14.375,7.1875,2,2,0,4,15,0.24491224274368534,0.25392256553955256,277.0859375,2.1276045668184214,0.20764613973290272,2.456664241608128,0.22720196065680012,-0.32905967478970677,-0.019555820923897405,
female_3,692400,14.425,7.2125,2,0,1,3,15,0.2380146983736893,0.23061949100788462,276.34375,3.0526603464718938,0.2182109179173058,3.459884919151508,0.19750617434711049,-0.4072245726796142,0.020704743570195305,
female_3,694800,14.475,7.2375,1,4,1,6,15,0.26115904032748294,0.19841741927908818,281.03125,2.2952375353952386,0.2009828230024993,1.3581876319766772,0.19015237730454043,0.9370499034185613,0.01083044569795888,
female_3,697200,14.525,7.2625,1,6,1,8,12,0.26436682781482723,0.22916026163007833,284.0,1.7145699164336077,0.16848453985480433,1.3718375025095644,0.1586173447158001,0.3427324139240433,0.00986719513900422,
female_3,699600,14.575,7.2875,4,2,1,7,12,0.2639142063887142,0.23707979626183628,284.0,1.9659835319450465,0.1865923776431871,2.324479235298244,0.168452244567864,-0.3584957033531977,0.018140133075323084,
female_3,702000,14.625,7.3125,2,1,2,5,11,0.25771225331890285,0.22312475340885143,283.2265625,2.718761389383401,0.19688830224036807,4.701044967325814,0.22421336673715184,-1.9822835779424128,-0.027325064496783763,
female_3,704400,14.675,7.3375,0,5,0,5,11,0.24736838279220716,0.1664351356896703,282.0546875,3.8704170110532288,0.21957727440823266,4.348301903831498,0.23621025985772426,-0.47788489277826907,-0.0166329854494916,
female_3,706800,14.725,7.3625,1,2,0,3,5,0.15847191096744934,0.0878275704441696,250.71875,2.873801365932757,0.20724766127336106,2.7005745396651264,0.23054429693560172,0.17322682626763042,-0.02329663566224066,
female_3,709200,14.775,7.3875,3,1,2,6,6,0.18377514539764328,0.10885937322002451,225.7109375,3.7375806613294373,0.21311696024491922,2.911197680062669,0.22163526474382206,0.8263829812667685,-0.00851830449890284,
female_3,711600,14.825,7.4125,11,7,6,24,9,0.17485301866969233,0.17382679293224634,224.5390625,3.1087254175411374,0.21083732435672659,2.7499713956061624,0.2262882331821284,0.35875402193497496,-0.015450908825401816,high
female_3,714000,14.875,7.4375,3,3,2,8,11,0.1971270388447416,0.15757931527984542,219.5703125,2.8999902793415524,0.21326406331990416,3.57319409176002,0.2268891377427957,-0.6732038124184676,-0.013625074422891542,
female_3,716400,14.925,7.4625,4,3,1,8,12,0.20895154920720468,0.1475796886696905,211.3671875,3.4860438566920067,0.22779014379992507,2.7160827502195994,0.21198195696097352,0.7699611064724072,0.01580818683895155,
female_3,718800,14.975,7.4875,7,1,6,14,14,0.15192988356952775,0.15644541337939133,209.0234375,2.5058060951874475,0.2034427199938589,2.5552537734690404,0.1941243128665365,-0.04944767828159291,0.009318407127322403,
female_3,721200,15.025,7.5125,1,7,0,8,15,0.1311387232899167,0.15485914957514757,210.078125,2.8756263825547332,0.21205665836559934,3.297754247020402,0.19550745402462777,-0.42212786446566897,0.01654920434097157,
female_3,723600,15.075,7.5375,3,9,2,14,6,0.21946561043339832,0.08691644888333047,226.484375,2.767562348888416,0.21603034378143607,2.5719680642112386,0.20152325278672661,0.1955942846771772,0.014507090994709454,
female_3,726000,15.125,7.5625,11,4,3,18,9,0.1441279082448784,0.10457510323935487,236.0,4.596216679590653,0.20296650193325064,2.2185683306929502,0.20621357833676238,2.377648348897703,-0.0032470764035117394,
female_3,728400,15.175,7.5875,3,1,2,6,15,0.20100122936210418,0.20468330656576034,236.0,2.913080627551216,0.2033348591619323,0.8787784984368989,0.18438214618653306,2.0343021291143173,0.018952712975399244,
female_3,730800,15.225,7.6125,1,3,0,4,15,0.3034913033327391,0.23085222232743186,236.0,2.215713720658461,0.18194567759956629,1.8788777010378068,0.20176584988137483,0.3368360196206541,-0.019820172281808546,
female_3,733200,15.275,7.6375,0,1,0,1,14,0.33493801330223205,0.20310770572120476,235.9765625,3.309471532576058,0.20675385118555847,2.7249425008720527,0.20054608840299046,0.5845290317040055,0.006207762782568016,
female_3,735600,15.325,7.6625,1,1,1,3,14,0.253617677069872,0.20388531118543202,232.4609375,2.238054229236866,0.19582429585860697,2.2821742889144696,0.17633478710114253,-0.044120059677603685,0.01948950875746444,
female_3,738000,15.375,7.6875,5,3,2,10,15,0.1941434972020791,0.1730526519928855,232.4609375,2.855775914425123,0.20165434297095444,2.0452868503956854,0.2207963025570065,0.8104890640294378,-0.019141959586052054,
female_3,740400,15.425,7.7125,3,4,1,8,14,0.21648544307989212,0.17740774199481285,240.6640625,2.5943596642113853,0.20314177505753506,2.239016637231841,0.19503634439569995,0.35534302697954434,0.008105430661835111,
female_3,742800,15.475,7.7375,4,3,3,10,15,0.23149491647130854,0.23509224758899197,244.0,2.1749896948040175,0.2011157902924509,1.8906360003441711,0.1778701317876427,0.2843536944598464,0.023245658504808225,
female_3,745200,15.525,7.7625,1,6,1,8,15,0.22849918714322498,0.17941504875995806,244.0,3.4725582556989805,0.20837420981869278,4.832067228061637,0.21183336866700028,-1.359508972362656,-0.0034591588483074975,
female_3,747600,15.575,7.7875,3,5,1,9,8,0.15762432340228544,0.1425579585800768,228.4140625,2.735119667387139,0.2008404762197662,3.289429955876619,0.19623923892864611,-0.5543102884894799,0.0046012372911200805,
female_3,750000,15.625,7.8125,8,1,7,16,13,0.14279194243294777,0.1607788047858543,214.0,2.277348150406853,0.1970959809536612,2.2403647123510337,0.17962953390973135,0.036983438055819384,0.017466447043929856,
female_3,752400,15.675,7.8375,7,5,5,17,18,0.1698721925136802,0.14162473635696654,214.0,2.0694077546543417,0.18809536900405013,2.4474060990491067,0.1729887136217634,-0.377998344394765,0.015106655382286727,high
female_3,754800,15.725,7.8625,2,8,0,10,11,0.11963524184200756,0.10314894682304604,219.546875,2.529563151950414,0.17303591131458287,2.008948841765872,0.17626499728548886,0.5206143101845422,-0.003229085970905987,
female_3,757200,15.775,7.8875,5,3,1,9,10,0.09155530167329859,0.08728187385639755,231.265625,2.6150273707521583,0.1577897429054607,2.577187378816694,0.16597023181852635,0.03783999193546439,-0.008180488913065664,
female_3,759600,15.825,7.9125,8,2,3,13,17,0.07117523590057792,0.06588404651367229,235.796875,1.8072015008864781,0.17661718840329227,2.223470089051892,0.16370810394577992,-0.4162685881654138,0.012909084457512349,
female_3,762000,15.875,7.9375,4,6,2,12,18,0.06981795021932308,0.06422935573648263,238.0,2.1011759104277603,0.1649817311151723,1.8303422742578301,0.15836009727002873,0.27083363616993017,0.006621633845143582,
female_3,764400,15.925,7.9625,3,4,2,9,16,0.09117848381195442,0.08146081711913158,238.0,2.07551941062451,0.1840869083777829,2.200002554689065,0.1702627603239044,-0.12448314406455507,0.013824148053878521,
female_3,766800,15.975,7.9875,2,2,1,5,16,0.10614061977089377,0.09513957695140365,238.0,2.3222078932513783,0.1877229922448864,1.9785575108212599,0.14967378993144972,0.3436503824301185,0.03804920231343667,
female_3,769200,16.025,8.0125,4,3,1,8,15,0.08628476567788942,0.0879499210405095,238.0,2.5572025513666534,0.17607388644845537,2.2708641643916474,0.15554155258713193,0.286338386975006,0.020532333861323443,
female_3,771600,16.075,8.0375,5,6,5,16,16,0.098703122656668,0.09911248634666851,238.0,2.685585593454448,0.16421604760830272,1.9669465074311265,0.15111079881123682,0.7186390860233214,0.0131052487970659,
female_3,774000,16.125,8.0625,5,7,2,14,16,0.08194100007027919,0.08151327830808025,238.0,2.901796713989013,0.17978559251546347,2.1314211841028694,0.16085661310059426,0.7703755298861434,0.018928979414869207,
female_3,776400,16.175,8.0875,3,5,3,11,13,0.108727189302824,0.0852671745205806,238.0,2.1738231924249827,0.16098393296197727,2.0472770445574238,0.15663087452075827,0.1265461478675589,0.004353058441218999,
female_3,778800,16.225,8.1125,2,3,1,6,12,0.09429710440253218,0.08888470534936119,238.2734375,2.3070200376782095,0.18485248472373278,1.8304788735024795,0.18008658381939588,0.47654116417573,0.0047659009043369005,
female_3,781200,16.275,8.1375,5,3,3,11,12,0.11114745309012782,0.10208387136212152,239.4453125,2.9208653092205283,0.17693274156385685,2.7944895951088826,0.15995433645471388,0.12637571411164572,0.016978405109142974,
female_3,783600,16.325,8.1625,1,3,1,5,12,0.12675209855941258,0.11798912087501104,239.3828125,1.9280999832137615,0.1892527046609953,2.3504088247585595,0.19181365743992468,-0.422308841544798,-0.0025609527789293707,
female_3,786000,16.375,8.1875,6,2,1,9,11,0.11294074414262256,0.10522125321180453,238.2109375,3.092301187023862,0.19038052385627746,2.5157006299938107,0.1946436974825794,0.5766005570300514,-0.004263173626301936,
female_3,788400,16.425,8.2125,6,5,5,16,14,0.0933410666675007,0.09447179374772717,238.9609375,2.4261568429257103,0.18310041956347045,2.193766358779767,0.17195798472727025,0.23239048414594343,0.011142434836200199,
female_3,790800,16.475,8.2375,1,3,1,5,16,0.10302344620939732,0.09879519517853488,239.8671875,2.716670635137099,0.17157090753764037,1.7784978768103088,0.1502966027668045,0.9381727583267903,0.02127430477083586,
female_3,793200,16.525,8.2625,6,6,3,15,16,0.09165778951834962,0.09380170017556154,238.6953125,2.520415015735883,0.16327188896449216,2.7367845423694135,0.1513191294752318,-0.21636952663353037,0.011952759489260362,
female_3,795600,16.575,8.2875,3,2,1,6,15,0.11333657205952817,0.11582333022380269,238.0,2.6277786181404057,0.16595268199714017,1.8342563936260703,0.14562483327465373,0.7935222245143354,0.02032784872248644,
female_3,798000,16.625,8.3125,2,3,1,6,14,0.12768799156006078,0.14038183796620363,238.0,2.343504983376871,0.16803534513098187,2.0910662621745226,0.16530280284063606,0.2524387212023482,0.0027325422903458074,
female_3,800400,16.675,8.3375,0,0,0,0,14,0.11140737008680088,0.11498089496556566,238.8203125,2.082441727780508,0.18964624424383164,1.7158730515142748,0.1786930215707141,0.36656867626623324,0.010953222673117546,
female_3,802800,16.725,8.3625,4,3,1,8,16,0.08047629667397857,0.08362731366957747,239.9921875,2.56213059313179,0.1889602529189661,1.8556441965005763,0.17702452916358674,0.7064863966312138,0.011935723755379352,
female_3,805200,16.775,8.3875,5,3,4,12,17,0.08428940277405944,0.08485201361774264,231.8515625,2.4630661118742023,0.16787287613375135,2.0655830555515746,0.16301152071609842,0.3974830563226277,0.004861355417652924,
female_3,807600,16.825,8.4125,3,2,1,6,18,0.0993649363565108,0.08046703943135378,228.3515625,1.9565832216800567,0.1584486578329538,1.7235358625828276,0.15929620258137514,0.23304735909722907,-0.0008475447484213305,
female_3,810000,16.875,8.4375,3,8,1,12,12,0.07867718643850984,0.07254778281317743,236.5546875,2.5918701891753066,0.1720136303855973,2.170738167746152,0.1761970022623845,0.4211320214291545,-0.00418337187678719,
female_3,812400,16.925,8.4625,5,3,2,10,15,0.07624817167321911,0.07751145359565971,239.3203125,2.7185826543140506,0.16050408555164133,1.9839729522790015,0.18899548377327618,0.734609702035049,-0.02849139822163485,
female_3,814800,16.975,8.4875,1,2,0,3,14,0.0952574233338773,0.09112088190913963,238.1484375,2.1689785068908503,0.1643764815908305,3.1613150216468595,0.2038125552993574,-0.9923365147560093,-0.03943607370852692,
female_3,817200,17.025,8.5125,2,1,0,3,15,0.09991719459334038,0.08895973747663304,239.0234375,2.524578217619113,0.1613308059867586,2.3200379548875945,0.17998041062069023,0.20454026273151849,-0.018649604633931616,
female_3,819600,17.075,8.5375,4,5,3,12,16,0.06410286330999303,0.0655602153563278,240.0,2.752061720170667,0.1741358218152662,1.8376767020550848,0.15971993296404166,0.9143850181155821,0.014415888851224551,
female_3,822000,17.125,8.5625,5,1,2,8,17,0.06309105910646452,0.06814414707188393,240.0,2.472943617310268,0.16757155256454023,1.9575309175622697,0.14863568889399628,0.5154126997479984,0.01893586367054395,
female_3,824400,17.175,8.5875,3,5,2,10,19,0.07659985517279447,0.07520543377326087,239.4609375,2.366942489396113,0.16428235985495895,2.3607951655874544,0.15471301281645664,0.006147323808658456,0.009569347038502318,
female_3,826800,17.225,8.6125,2,3,1,6,14,0.09471118653937277,0.07978695739991835,238.2890625,2.4833143718196453,0.15989039913307396,2.4991400063494194,0.16108074097314432,-0.015825634529774035,-0.001190341840070358,
female_3,829200,17.275,8.6375,3,1,1,5,16,0.08710147615464565,0.08423967877682507,238.8828125,3.297798802732097,0.1856090650732806,2.055647065314958,0.16102513265818472,1.2421517374171391,0.024583932415095877,
female_3,831600,17.325,8.6625,5,6,4,15,17,0.07126149433871873,0.06873050837590296,239.9453125,2.8384335856988026,0.17745400271317974,2.0002300485651165,0.17040124383045718,0.838203537133686,0.007052758882722554,
female_3,834000,17.375,8.6875,2,3,1,6,16,0.09510645654756103,0.09112362958050746,238.7734375,2.769322603095808,0.17333544828721656,2.099990596721278,0.16088933453967308,0.6693320063745296,0.01244611374754348,
female_3,836400,17.425,8.7125,3,3,2,8,14,0.1038597657405887,0.10718157559412356,238.0,3.194476010434714,0.17717119032269643,2.2676583169503175,0.17235672795143558,0.9268176934843964,0.004814462371260847,
female_3,838800,17.475,8.7375,3,1,3,7,15,0.09887890353159982,0.09547116469699768,238.0,2.8977552618894338,0.15462278403286073,2.9813415832502264,0.18823496016873406,-0.08358632136079258,-0.033612176135873334,
female_3,841200,17.525,8.7625,6,3,2,11,17,0.06901158058932955,0.06362649620252543,238.0,2.63386091765375,0.17551837631166176,2.3705736635125754,0.20424968493690893,0.2632872541411748,-0.02873130862524717,
female_3,843600,17.575,8.7875,4,7,2,13,17,0.0610766857339341,0.05105112222317169,238.0,2.714314592521145,0.186096490550041,2.0703163796958344,0.1869851688141731,0.6439982128253106,-0.0008886782641321089,
female_3,846000,17.625,8.8125,4,5,1,10,15,0.07514174711867075,0.06428172463935773,276.0078125,2.9302512516633668,0.1609650907936658,2.0373524552167117,0.15979655123800338,0.892898796446655,0.001168539555662429,
female_3,848400,17.675,8.8375,2,1,0,3,15,0.08593691871281983,0.0757620510961225,298.9765625,3.2846239898526695,0.18189318164821583,1.9862781702680836,0.16302648647116302,1.2983458195845858,0.018866695177052806,
female_3,850800,17.725,8.8625,4,8,2,14,14,0.09184157575968387,0.08339894340764695,257.9609375,2.810713270080255,0.18321329675571887,2.375546774496395,0.15651174535442053,0.4351664955838599,0.026701551401298346,
female_3,853200,17.775,8.8875,3,1,0,4,13,0.10952571863859256,0.10761955719511569,238.6015625,2.311736614650038,0.18256566562629004,2.3177365917719266,0.1620651346374403,-0.005999977121888378,0.02050053098884974,
female_3,855600,17.825,8.9125,10,4,6,20,17,0.08567237819342309,0.0833817168426805,239.7734375,2.87807760607853,0.16511039063504698,2.128152150387364,0.1662926839533627,0.7499254556911659,-0.001182293318315708,
female_3,858000,17.875,8.9375,4,6,2,12,19,0.11351235340364674,0.09586725352930386,240.0,2.345730976944143,0.16766145146653752,2.2435057578227,0.18590017429425534,0.102225219121443,-0.018238722827717824,
female_3,860400,17.925,8.9625,7,1,3,11,22,0.1134423551826794,0.10232759499795065,239.8828125,3.2275570235279507,0.17585308236452243,2.3606500654425506,0.17798267929256384,0.8669069580854001,-0.002129596928041405,
female_3,862800,17.975,8.9875,2,5,2,9,22,0.09244562386154469,0.08078216249690136,238.7109375,1.973072327058978,0.17437569354505258,2.4946182303860622,0.16851159510378114,-0.5215459033270842,0.005864098441271448,
female_3,865200,18.025,9.0125,10,8,5,23,22,0.10166311240374357,0.09611170737078359,238.0,2.5234404423338193,0.19112654758125366,3.1716532523514616,0.1681806724505739,-0.6482128100176423,0.022945875130679777,
female_3,867600,18.075,9.0375,2,2,1,5,23,0.08452789038556785,0.09096682500620858,238.0,2.493263595352611,0.170666622217054,2.2332335573160043,0.1483308186208468,0.26003003803660674,0.02233580359620721,
female_3,870000,18.125,9.0625,1,4,1,6,23,0.08065617070399145,0.07336066207941845,238.0,2.455783616866513,0.15985839773643784,2.844293771669218,0.16458044383743967,-0.388510154802705,-0.0047220461010018255,
female_3,872400,18.175,9.0875,7,11,3,21,20,0.0730075169881435,0.07747197032897013,238.0,2.9858593286538158,0.16323871760357003,2.587889254995518,0.15268220847541808,0.3979700736582976,0.010556509128151953,
female_3,874800,18.225,9.1125,1,3,1,5,15,0.08649868952325929,0.08328013527391398,238.0,2.888613088063914,0.18214741919132063,2.7709798797322858,0.16867217640852347,0.11763320833162805,0.013475242782797159,
female_3,877200,18.275,9.1375,2,2,1,5,15,0.08639983524850167,0.07672920936546378,237.0390625,2.592215421015408,0.16853406134108062,2.288730027917388,0.17545421036578257,0.3034853930980197,-0.006920149024701949,
female_3,879600,18.325,9.1625,14,8,9,31,18,0.07367650682790501,0.06693564029928277,233.5234375,2.698859662373111,0.18669407145156053,3.432975707010023,0.17320259461391055,-0.7341160446369117,0.01349147683764998,
female_3,882000,18.375,9.1875,2,5,1,8,18,0.08857207250046384,0.0781205802411039,232.0,2.5093790528482085,0.18841950159070783,1.9980395101453285,0.15730221630429497,0.51133954270288,0.03111728528641286,
female_3,884400,18.425,9.2125,3,1,2,6,19,0.09133452173995822,0.09146668376369926,232.0,2.4213359350433894,0.16903144909048592,1.1274797828408714,0.15835936791011854,1.293856152202518,0.010672081180367388,
female_3,886800,18.475,9.2375,11,2,5,18,27,0.07051497581223334,0.0719668246837456,271.3046875,3.0996517315310284,0.16663578668190415,1.5799867597425201,0.16791907184880883,1.5196649717885082,-0.0012832851669046796,
female_3,889200,18.525,9.2625,3,8,1,12,26,0.055766866280878916,0.0467857584841782,309.1015625,2.4104687954449315,0.16716472464796858,2.3871069969448317,0.16475404621379883,0.023361798500099784,0.002410678434169755,
female_3,891600,18.575,9.2875,3,3,1,7,25,0.07955769495670349,0.05832608774485142,303.2421875,3.3647380938285925,0.19291763630037476,5.602018201250819,0.23619668261185908,-2.2372801074222264,-0.043279046311484326,
female_3,894000,18.625,9.3125,8,5,3,16,26,0.12838161821796906,0.0834399064876218,282.203125,2.3099256442547107,0.185911685240675,4.534293059939923,0.2360217993679767,-2.2243674156852125,-0.05011011412730171,
female_3,896400,18.675,9.3375,2,8,0,10,25,0.10717564411674661,0.08052188826707771,242.359375,2.882988771841734,0.1601275484562279,2.556779745003907,0.17271415237873702,0.32620902683782704,-0.012586603922509126,
female_3,898800,18.725,9.3625,9,10,6,25,22,0.0942813752594521,0.08483204556779901,232.0,2.4474215773641066,0.17168459701304323,2.70639134699248,0.15988984015399918,-0.2589697696283735,0.011794756859044048,
female_3,901200,18.775,9.3875,7,6,3,16,23,0.10857223649700895,0.10458041729096806,232.0,2.3125597042207744,0.16751088357041347,3.050448234880114,0.2072255473535563,-0.7378885306593395,-0.03971466378314284,
female_3,903600,18.825,9.4125,3,9,3,15,18,0.15124258138008656,0.10814425597527799,232.0,3.237002363567644,0.17901538973548156,3.2562495197256736,0.2924311395640093,-0.019247156158029632,-0.11341574982852773,
female_3,906000,18.875,9.4375,3,6,1,10,12,0.1891379663013612,0.18139942924305957,232.0,3.9117475709553498,0.23267033046772045,1.8952241171875368,0.22201634845310808,2.016523453767813,0.010653982014612373,
female_3,908400,18.925,9.4625,2,2,1,5,12,0.31186597581836417,0.2626560177313925,232.0,2.697199079247288,0.2244751229556521,2.189720006075049,0.1907244743526717,0.5074790731722394,0.03375064860298041,
female_3,910800,18.975,9.4875,3,1,0,4,12,0.2854804863386762,0.2765671939446882,232.0,2.250585872879744,0.20271851147992628,1.7374194356563937,0.18357153691757352,0.5131664372233504,0.01914697456235276,
female_3,913200,19.025,9.5125,7,4,3,14,18,0.26853309704253103,0.24801062558466094,232.0,2.638021997484149,0.20866972128154146,1.3477281766347171,0.16063827701262565,1.2902938208494317,0.04803144426891581,
female_3,915600,19.075,9.5375,3,2,2,7,17,0.27239906228697924,0.24153177965580586,232.0,2.5719752021980042,0.18698262152089765,1.7444552651514516,0.16749916418133864,0.8275199370465527,0.019483457339559,
female_3,918000,19.125,9.5625,3,2,1,6,17,0.2766506565179552,0.28851766060964773,232.0,1.905225543587986,0.21208567463885467,2.4027967539966424,0.2123640839260778,-0.4975712104086565,-0.0002784092872231414,
female_3,920400,19.175,9.5875,1,2,1,4,19,0.30451240838897303,0.2852650848019992,232.0,2.5756832083164998,0.2122782918188638,2.6503389663841803,0.22349837424652258,-0.07465575806768054,-0.01122008242765879,
female_3,922800,19.225,9.6125,8,6,3,17,20,0.25260497141921323,0.2280895044527117,234.34375,2.835543176953294,0.2059091885307753,2.1278986078252506,0.1879105736564281,0.7076445691280435,0.017998614874347202,
female_3,925200,19.275,9.6375,4,2,2,8,21,0.38373172771578085,0.2850487295271187,239.03125,2.232256605014556,0.18679185918579186,2.4620123712702093,0.18195953595430994,-0.22975576625565353,0.0048323232314819164,
female_3,927600,19.325,9.6625,1,5,0,6,20,0.3978144001872164,0.3107552071061406,240.0,1.6903460335999267,0.19896345799151646,2.2827327620592452,0.19379559635683702,-0.5923867284593185,0.005167861634679444,
female_3,930000,19.375,9.6875,2,1,0,3,19,0.29493117430096466,0.2278499812827802,240.3046875,1.791316191722971,0.20359414557576505,4.203137565717159,0.18919649444067388,-2.4118213739941883,0.014397651135091172,
female_3,932400,19.425,9.7125,7,5,4,16,20,0.21647118109701566,0.1648420177145429,243.8203125,2.9761835322433416,0.1905749652103307,3.067763374372155,0.20814332364101443,-0.0915798421288132,-0.017568358430683717,
female_3,934800,19.475,9.7375,6,10,5,21,20,0.1594345978727027,0.11332474889494605,247.78125,3.033738864354305,0.21097502024412743,2.6037314825512174,0.20629505639878792,0.4300073818030876,0.004679963845339502,high
female_3,937200,19.525,9.7625,3,7,1,11,16,0.30370817769667585,0.18842118459462973,252.46875,2.7642029796628167,0.22257657050003535,2.645314572301348,0.25360056707572665,0.11888840736146866,-0.0310239965756913,
female_3,939600,19.575,9.7875,5,4,0,9,13,0.2629438557975611,0.21937841874672256,250.0546875,2.7405806914174997,0.20650495512357114,2.535985784528089,0.25794157195509543,0.20459490688941084,-0.051436616831524284,
female_3,942000,19.625,9.8125,1,2,0,3,13,0.2125235512145094,0.19057600709557038,244.1953125,4.3767637636940595,0.23433060608556852,3.606050276469013,0.2608486002058824,0.7707134872250463,-0.026517994120313887,
female_3,944400,19.675,9.8375,8,2,4,14,18,0.22446356918320193,0.21262471638822,238.3359375,2.451099392036957,0.23603763602073,2.2350072352400394,0.16769061814146285,0.2160921567969174,0.06834701787926714,
female_3,946800,19.725,9.8625,3,4,2,9,19,0.31119402462300977,0.2790390881460739,234.0,1.800083867039528,0.18493167009852138,1.2779102299864507,0.14257226084464278,0.5221736370530774,0.0423594092538786,
female_3,949200,19.775,9.8875,1,2,0,3,18,0.2997601852706446,0.26944830233606454,234.0,1.5751227073823766,0.17774739623649755,2.1725482193819357,0.18039121471897435,-0.5974255119995591,-0.0026438184824768007,
female_3,951600,19.825,9.9125,4,3,1,8,18,0.19712107638196177,0.19556137041292293,234.0,3.9909747544076577,0.19213887230783527,3.498620179317716,0.19993119306236026,0.4923545750899416,-0.0077923207545249895,
female_3,954000,19.875,9.9375,3,0,3,6,20,0.13676607494934256,0.13433617448774945,234.0,3.5054537364205984,0.18399332986569356,2.192781483167492,0.1814562704987599,1.3126722532531065,0.0025370593669336583,
female_3,956400,19.925,9.9625,11,11,11,33,23,0.12349943288670516,0.10413626861788583,234.0,2.4288572145131324,0.18241136669542762,2.1332816489147994,0.15592418174130532,0.295575565598333,0.026487184954122306,
male_1,3600,0.075,0.0375,8,4,3,15,19,1.5780465682653993e-05,9.160322004717946e-06,192.0,2.6603877281772075,0.1759331215081951,2.4572975942232254,0.14819475977102842,0.20309013395398212,0.027738361737166678,
male_1,6000,0.125,0.0625,8,14,5,27,19,1.5029305948767624e-05,7.2613147476120606e-06,192.0,2.92779059225627,0.16922973678762512,1.634308868567797,0.16292804487631057,1.2934817236884733,0.00630169191131455,
male_1,8400,0.175,0.0875,6,5,4,15,14,1.6456505906146863e-05,7.363590728741322e-06,192.1015625,2.440441830385887,0.16834108871680895,1.8224932773655067,0.16511430704146673,0.6179485530203803,0.0032267816753422107,
male_1,10800,0.225,0.1125,4,9,1,14,15,1.3987218922624905e-05,9.158778809551068e-06,193.2734375,2.2441012093702355,0.16693739596882767,1.9965350638491048,0.16052187452114988,0.24756614552113065,0.006415521447677791,
male_1,13200,0.275,0.1375,11,8,8,27,9,1.5966581910401757e-05,9.544502847677697e-06,194.4453125,2.2021213066955996,0.17946837170264973,2.7203042174972407,0.168834051868107,-0.5181829108016411,0.010634319834542744,
male_1,15600,0.325,0.1625,4,8,3,15,9,1.693875295753973e-05,8.977283235947888e-06,195.6171875,2.053431773915703,0.17136202630846806,1.991509672435594,0.14911436519541904,0.06192210148010879,0.022247661113049017,
male_1,18000,0.375,0.1875,4,5,2,11,11,1.8539625017313756e-05,8.036086078540082e-06,201.5234375,2.5334309792633043,0.1782558976018404,1.9954261801507904,0.15051417692123192,0.5380047991125139,0.027741720680608484,
male_1,20400,0.425,0.2125,18,8,10,36,15,1.583543181171324e-05,6.805904217082006e-06,209.7265625,2.7406573061496866,0.16979485875510816,2.0235216993067064,0.15070937732789993,0.7171356068429802,0.01908548142720823,
male_1,22800,0.475,0.2375,6,5,3,14,17,2.0309492822553303e-05,8.335262924945627e-06,228.125,2.1343715602391224,0.17666456395162225,2.3225308361381973,0.15346347249956466,-0.18815927589907488,0.023201091452057593,
male_1,25200,0.525,0.2625,10,10,9,29,23,1.9709953298855373e-05,8.869322672904286e-06,241.6953125,2.56975061523673,0.17592422355358667,2.3889942878255557,0.1528007837666292,0.1807563274111743,0.023123439786957467,
male_1,27600,0.575,0.2875,7,14,4,25,17,1.8182099252806664e-05,4.394109882778561e-06,240.5234375,2.8152808064587713,0.16733752881231911,2.312258220899179,0.15266962642298385,0.5030225855595925,0.014667902389335269,
male_1,30000,0.625,0.3125,4,4,4,12,12,1.3192162683083135e-05,7.840542683445708e-06,244.5390625,1.9544406020720158,0.17158062466815655,2.048377481866614,0.1728657575996171,-0.0939368797945983,-0.001285132931460542,
male_1,32400,0.675,0.3375,5,8,3,16,11,2.1510799163121027e-05,8.776869731830535e-06,252.7421875,2.307653045988628,0.18428420282885677,2.0177082200934304,0.15690856162954306,0.28994482589519777,0.02737564119931371,
male_1,34800,0.725,0.3625,8,5,4,17,6,1.625853943199255e-05,1.138846441821868e-05,254.0,2.734291894907457,0.17546354784129273,1.7563528000536552,0.16221174822225118,0.9779390948538016,0.013251799619041549,
male_1,37200,0.775,0.3875,5,4,3,12,13,1.407120594884739e-05,6.158181183573396e-06,250.5546875,3.483681531349664,0.17972926775152512,2.393319809060294,0.15284792115284526,1.0903617222893702,0.026881346598679856,
male_1,39600,0.825,0.4125,9,5,6,20,18,1.3680761644973349e-05,7.516145468219902e-06,225.9453125,3.509216810509066,0.1679189794916658,2.0351116197559955,0.15951380005587976,1.4741051907530704,0.008405179435786031,
male_1,42000,0.875,0.4375,9,12,4,25,12,1.6903488339784406e-05,6.444187485645025e-06,227.7421875,2.358267273686754,0.16581881942594218,2.6735293940080975,0.16862056576836473,-0.3152621203213437,-0.0028017463424225564,
male_1,44400,0.925,0.4625,9,4,8,21,17,1.6568750874665737e-05,8.208667574084067e-06,264.0703125,2.7497903433502775,0.17374761408336709,2.0447087678304463,0.17123277635725925,0.7050815755198312,0.0025148377261078325,
male_1,46800,0.975,0.4875,5,9,4,18,16,1.756741036688908e-05,4.826773396850904e-06,263.78125,2.88827341991414,0.17164601001622046,2.1324198892397326,0.15567940226523927,0.7558535306744076,0.015966607750981188,
male_1,49200,1.025,0.5125,8,9,7,24,15,1.3606833180710285e-05,5.866318065480575e-06,250.0234375,2.6748145122220586,0.16531856737389222,2.86207680058756,0.1622439864872054,-0.1872622883655013,0.0030745808866868285,
male_1,51600,1.075,0.5375,7,8,4,19,14,1.4366218864881084e-05,8.932485672730204e-06,251.1953125,2.824517086724623,0.18600380123357912,2.202139658555493,0.17972178745282216,0.6223774281691301,0.006282013780756962,
male_1,54000,1.125,0.5625,10,3,6,19,15,2.057559995898588e-05,6.801447812867825e-06,242.0859375,2.729064941219157,0.1684897302640959,4.6777062072217515,0.21130081288586314,-1.9486412660025945,-0.04281108262176725,
male_1,56400,1.175,0.5875,14,20,9,43,20,1.7822941563647704e-05,8.52760861971282e-06,210.4453125,3.0248618053125953,0.17609262883820767,1.8228139504045817,0.1634562882837425,1.2020478549080136,0.012636340554465164,
male_1,58800,1.225,0.6125,3,3,2,8,14,1.6783945734733973e-05,8.954701071804277e-06,197.2890625,2.4832014577906074,0.1726511735239391,1.9351355932234535,0.15076911236627177,0.5480658645671539,0.021882061157667332,
male_1,61200,1.275,0.6375,8,4,5,17,16,1.8411487669603563e-05,1.0060854846470868e-05,196.1171875,2.018036967116439,0.16252424999096377,1.848757352929936,0.1705759316333777,0.16927961418650295,-0.008051681642413933,
male_1,63600,1.325,0.6625,7,13,3,23,19,1.921161166196896e-05,1.3269999529045937e-05,193.890625,2.354654385444457,0.17514150227554734,2.4320076241287225,0.16098565249351063,-0.07735323868426569,0.014155849782036711,
male_1,66000,1.375,0.6875,6,8,4,18,13,1.648208051760874e-05,1.086167926020854e-05,205.8203125,2.897401987309812,0.15939692151901402,2.089180770827798,0.15988473747495383,0.8082212164820142,-0.0004878159559398021,
male_1,68400,1.425,0.7125,6,3,5,14,12,1.4839428833155968e-05,8.654063279029639e-06,277.3046875,2.2337920033514322,0.1622873144128117,1.6412500833543482,0.16342261007248465,0.592541919997084,-0.0011352956596729635,
male_1,70800,1.475,0.7375,13,11,8,32,13,1.409024883567306e-05,8.632938998519225e-06,296.3203125,3.0075333232094916,0.151522524057774,1.9053444893686946,0.16306449671960893,1.102188833840797,-0.011541972661834932,
male_1,73200,1.525,0.7625,10,8,9,27,17,1.5807758587031485e-05,9.738172243423179e-06,259.9921875,2.1651232254960684,0.1884809450217179,2.130825233917876,0.15321883429873026,0.034297991578192466,0.03526211072298763,
male_1,75600,1.575,0.7875,5,6,2,13,19,1.3682760268544233e-05,1.0263409546524952e-05,311.4140625,2.504329214849853,0.16662185422837092,2.0067193729901516,0.15226519883581885,0.49760984185970125,0.01435665539255207,
male_1,78000,1.625,0.8125,6,7,3,16,18,1.6915087871391044e-05,1.0092803212937675e-05,381.828125,2.224717312597885,0.16239748398952566,1.7447197481723147,0.15089282583018673,0.4799975644255703,0.011504658159338932,
male_1,80400,1.675,0.8375,4,4,2,10,17,1.562009081016936e-05,1.1287842429843644e-05,379.484375,2.071863407379248,0.1671049573468998,2.5596780197728006,0.15684189986767375,-0.4878146123935525,0.010263057479226068,
male_1,82800,1.725,0.8625,12,8,9,29,19,1.6088743581541293e-05,1.0473602245348605e-05,338.8984375,3.040765524325922,0.1777003955459599,2.071263386236351,0.15952936923119787,0.9695021380895712,0.01817102631476203,
male_1,85200,1.775,0.8875,6,13,6,25,16,1.563150054099535e-05,8.348589090855591e-06,232.2578125,2.857589348037338,0.1752081152765569,2.096173433983708,0.1567056148816937,0.7614159140536301,0.018502500394863203,
male_1,87600,1.825,0.9125,4,9,1,14,9,1.69920000198851e-05,6.865574819020368e-06,215.3359375,2.7940027927578117,0.1890462585155907,1.841724974649164,0.15380304364205727,0.9522778181086478,0.035243214873533435,
male_1,90000,1.875,0.9375,7,6,3,16,7,2.073036397783572e-05,9.90952046703528e-06,244.6328125,2.482632353911913,0.17481687470059876,2.1745178979033177,0.15073296645459042,0.3081144560085951,0.02408390824600834,
male_1,92400,1.925,0.9625,7,2,4,13,13,1.9652813063403535e-05,1.2772530093445883e-05,250.46875,2.63632604570535,0.17289226491042148,1.9206581636870856,0.1361658631404053,0.7156678820182645,0.03672640177001618,
male_1,94800,1.975,0.9875,7,5,5,17,18,1.907543863103026e-05,1.4276508993413464e-05,247.0625,2.6959795360850207,0.16523086347081997,2.3500684234289695,0.15307516723847622,0.34591111265605123,0.012155696232343749,
male_1,97200,2.025,1.0125,7,10,3,20,12,1.9990122395951362e-05,1.1466153193125953e-05,218.9375,2.534242611002619,0.1758647296256455,2.147371463234666,0.16035603985453095,0.38687114776795317,0.015508689771114553,
male_1,99600,2.075,1.0375,3,6,2,11,10,1.5255651482972782e-05,7.544044247280296e-06,218.65625,2.856302415257929,0.1743772092028844,1.847591285884661,0.15541511015420145,1.0087111293732678,0.018962099048682957,
male_1,102000,2.125,1.0625,5,3,3,11,12,1.410067132248385e-05,8.620851377349063e-06,242.09375,2.224722736973844,0.15199074436281407,2.013245684669399,0.16340274283533798,0.21147705230444513,-0.011411998472523915,
male_1,104400,2.175,1.0875,8,12,6,26,10,1.560812020611669e-05,8.252945232824119e-06,222.5625,1.7940131941824018,0.16378854798193968,1.8203785100346765,0.15709325886841932,-0.02636531585227475,0.006695289113520353,
male_1,106800,2.225,1.1125,7,4,5,16,6,1.5540794091280135e-05,8.412697806884758e-06,197.2578125,2.1310493558374044,0.16168909702519024,2.1823489517949044,0.15664322006551784,-0.0512995959575,0.005045876959672402,
male_1,109200,2.275,1.1375,6,4,3,13,11,1.4004366914502045e-05,9.486690648233218e-06,191.3984375,2.375026574174374,0.16465416980451217,1.9976226379215403,0.1512272675908848,0.37740393625283364,0.013426902213627356,
male_1,111600,2.325,1.1625,11,10,4,25,15,1.2581904651212728e-05,7.53459148481871e-06,187.5078125,2.725035825306491,0.17657663248924024,3.717843241803691,0.20385377312498046,-0.9928074164972003,-0.027277140635740216,
male_1,114000,2.375,1.1875,9,6,6,21,16,1.4957765711548559e-05,6.957670474894773e-06,186.3359375,2.4741308270217512,0.18161112410114713,1.9718045920931937,0.14650492739780546,0.5023262349285575,0.03510619670334167,
male_1,116400,2.425,1.2125,10,8,7,25,19,1.5815514537234797e-05,8.705777526329029e-06,223.6171875,2.355842125957128,0.16040563853999507,2.30457168092953,0.15745131569350912,0.05127044502759803,0.002954322846485946,
male_1,118800,2.475,1.2375,8,9,5,22,19,1.5957307913842572e-05,9.441450095648308e-06,276.1328125,2.1761640430111355,0.15919695642890072,2.56899310919558,0.15064498488597441,-0.39282906618444446,0.008551971542926307,
male_1,121200,2.525,1.2625,11,9,6,26,20,1.8416721360079012e-05,8.284317921025943e-06,296.0546875,2.094975171535678,0.168104167290346,2.1371540228172945,0.15000235831498102,-0.04217885128161658,0.01810180897536498,
male_1,123600,2.575,1.2875,6,4,5,15,20,1.2404200401829946e-05,7.629487804434442e-06,309.6484375,2.467048552634872,0.17013735580232742,1.5186305154156565,0.15887879856595116,0.9484180372192157,0.011258557236376254,
male_1,126000,2.625,1.3125,8,12,4,24,17,1.251427755520751e-05,6.9929534166352216e-06,308.4765625,2.530906313415791,0.18120878128813614,2.2354932313661404,0.15043479334201687,0.29541308204965055,0.03077398794611927,
male_1,128400,2.675,1.3375,3,4,2,9,16,1.6444475111914567e-05,5.325385518541364e-06,291.3125,2.5401742382197443,0.18579136022263512,2.3951775403023263,0.15692075610926665,0.14499669791741798,0.028870604113368475,
male_1,130800,2.725,1.3625,4,5,3,12,15,1.5836716060956378e-05,7.461567085600313e-06,263.1875,2.8161110963824108,0.15633387922315653,2.6751658086862986,0.15730601790871665,0.14094528769611214,-0.00097213868556012,
male_1,133200,2.775,1.3875,8,12,4,24,15,1.672022946687367e-05,7.89309758002542e-06,225.7109375,2.5671244843255323,0.17857561710267664,2.12608004302068,0.16524396383605375,0.44104444130485243,0.01333165326662289,
male_1,135600,2.825,1.4125,6,7,4,17,16,1.515656896050576e-05,1.0551852298113061e-05,193.3671875,2.2228240633788805,0.17411183380912404,1.924426207903809,0.141740704870728,0.29839785547507147,0.03237112893839603,
male_1,138000,2.875,1.4375,8,4,5,17,13,1.6183423448911736e-05,1.2492832501537989e-05,189.8515625,2.2491752291865375,0.17008995624586148,1.9532288253866725,0.14786860685389788,0.2959464037998649,0.022221349391963602,
male_1,140400,2.925,1.4625,6,12,6,24,10,1.5879105676964502e-05,9.714146597406246e-06,185.78125,2.972297148017768,0.16735567706596524,1.9077636852423403,0.15533692431400362,1.0645334627754277,0.012018752751961626,
male_1,142800,2.975,1.4875,3,6,2,11,5,1.4157587780119251e-05,4.570622714256401e-06,181.09375,3.151978863545137,0.17542081839385348,2.4339052733602022,0.17531942396762848,0.7180735901849347,0.00010139442622500439,
male_1,145200,3.025,1.5125,5,3,3,11,8,2.2897247978552753e-05,4.0824639012580246e-06,206.0546875,2.254142103921669,0.18555337138429426,3.9154071727985347,0.20160170847354683,-1.6612650688768658,-0.016048337089252573,
male_1,147600,3.075,1.5375,11,7,4,22,12,1.6903149224730877e-05,9.322165935348578e-06,238.421875,2.3554448111344604,0.1675351350665242,2.3066799527025115,0.1630726847594818,0.04876485843194889,0.004462450307042398,
male_1,150000,3.125,1.5625,6,3,2,11,14,1.707400445909153e-05,1.1002763180088345e-05,245.453125,2.585339333875287,0.16386910688273632,2.7374238397049284,0.14461177005977013,-0.15208450582964161,0.01925733682296618,
male_1,152400,3.175,1.5875,9,9,6,24,17,1.7298464784999692e-05,9.265673714422858e-06,250.4140625,2.405700148352692,0.16476437707791008,2.708631759083513,0.15368401858526196,-0.3029316107308211,0.011080358492648129,
male_1,154800,3.225,1.6125,5,11,4,20,11,1.5828410027728785e-05,8.155853837685618e-06,251.5859375,2.275480890500676,0.16079980210430006,2.3665976956486516,0.1616313894285625,-0.09111680514797582,-0.000831587324262445,
male_1,157200,3.275,1.6375,3,2,0,5,9,1.4991924984830044e-05,1.0049789651971507e-05,251.2421875,2.635709950497078,0.16888773275579752,2.324936912618039,0.16171274517948017,0.31077303787903876,0.007174987576317349,
male_1,159600,3.325,1.6625,14,6,9,29,14,1.1692563871859467e-05,8.764677238602825e-06,250.0703125,2.7791436010905053,0.18783770913934822,2.201350565134642,0.1514317258368258,0.5777930359558634,0.03640598330252243,
male_1,162000,3.375,1.6875,7,5,5,17,18,1.7041653374480443e-05,5.862811910456722e-06,250.0,2.755243545241644,0.1811403841237178,1.985317846245212,0.1455874184421478,0.769925698996432,0.035552965681570015,
male_1,164400,3.425,1.7125,4,3,2,9,21,1.749829012533457e-05,9.69307831593014e-06,250.2734375,2.522770089779524,0.17698629599086016,2.0576071774999996,0.15465146201723387,0.46516291227952467,0.02233483397362629,
male_1,166800,3.475,1.7375,3,12,1,16,15,1.3965561165965607e-05,8.979897580778386e-06,251.4453125,3.258420857001262,0.17396678978628222,2.3167433597963702,0.15752776715036856,0.9416774972048918,0.016439022635913653,
male_1,169200,3.525,1.7625,3,4,1,8,12,1.4824178746934916e-05,9.428394888296916e-06,251.3828125,2.5184263976758596,0.18408275557586598,1.9739251215103009,0.14987606404941817,0.5445012761655588,0.03420669152644781,
male_1,171600,3.575,1.7875,9,3,5,17,12,1.509305114050404e-05,9.055096382104994e-06,250.2109375,2.8381402592221114,0.17594954593320158,2.1642271890226095,0.15502802845465835,0.673913070199502,0.020921517478543233,
male_1,174000,3.625,1.8125,11,12,9,32,17,1.9008966238112038e-05,9.976249441202654e-06,252.8828125,2.399078904187089,0.1747400101458645,2.243314686053387,0.14782272779799902,0.15576421813370223,0.026917282347865473,
male_1,176400,3.675,1.8375,3,5,2,10,14,1.63986354495264e-05,7.809882955469186e-06,252.015625,3.353071882440437,0.17490592129866828,2.463945567094667,0.15022276412874866,0.88912631534577,0.024683157169919617,
male_1,178800,3.725,1.8625,6,8,4,18,15,2.0632386555783353e-05,9.06423962957115e-06,216.859375,3.126539365697676,0.1622235097718743,2.5046583575921666,0.14945462326535033,0.6218810081055093,0.012768886506523969,
male_1,181200,3.775,1.8875,8,7,7,22,17,1.6209072112879565e-05,4.4950443166934095e-06,195.5234375,2.397809883690752,0.15977166443175572,2.630257130066928,0.14982886934273815,-0.23244724637617598,0.009942795089017575,
male_1,183600,3.825,1.9125,4,8,1,13,11,1.1973449867431376e-05,7.117102653021537e-06,194.3515625,2.751856307253104,0.16957050309597616,2.5057924046303315,0.15829677160430866,0.24606390262277245,0.011273731491667494,
male_1,186000,3.875,1.9375,8,4,4,16,11,1.4492726533176988e-05,9.96865906383172e-06,198.921875,2.7203095242935094,0.1760442746707529,2.0863521908689617,0.1552774586173989,0.6339573334245476,0.02076681605335401,
male_1,188400,3.925,1.9625,12,7,7,26,12,1.745684719871614e-05,1.139180161181855e-05,205.953125,2.0751546432050274,0.17117371661768302,2.284602609271061,0.15744533039355338,-0.20944796606603377,0.01372838622412964,
male_1,190800,3.975,1.9875,1,7,0,8,15,1.549066620378181e-05,7.221665943408058e-06,204.8359375,2.567359148286025,0.1584499894111248,2.239301210692953,0.1560113599360507,0.3280579375930719,0.002438629475074089,
male_1,193200,4.025,2.0125,5,2,3,10,14,2.236020340299827e-05,6.3091323137325e-06,211.390625,2.2736910604923013,0.15787647967046367,2.4666513281359257,0.17166136743690724,-0.1929602676436244,-0.013784887766443571,
male_1,195600,4.075,2.0375,8,6,5,19,18,1.9040693475303343e-05,8.005224463565674e-06,237.171875,2.482800165055341,0.1686884739260821,1.9705602949992462,0.15950691893634125,0.5122398700560948,0.009181554989740853,
male_1,198000,4.125,2.0625,6,6,6,18,20,1.662173216894983e-05,1.1240524778511339e-05,276.546875,2.025044500973196,0.18001444407626974,2.0216411514762034,0.16352139756193385,0.0034033494969927247,0.01649304651433589,
male_1,200400,4.175,2.0875,5,8,4,17,13,1.7965540447909615e-05,9.872028878863998e-06,325.765625,3.545039929471723,0.1609924241604264,2.0862191913861587,0.1711418879400028,1.4588207380855645,-0.010149463779576401,
male_1,202800,4.225,2.1125,5,8,4,17,12,1.1246452669708375e-05,6.243861048667366e-06,262.40625,3.0960229617292687,0.17675255760306086,2.299216548254969,0.16839432645987432,0.7968064134742998,0.00835823114318654,
male_1,205200,4.275,2.1375,6,6,3,15,10,1.7272914655227168e-05,7.258257665134481e-06,196.0,2.5081075490832787,0.18201644036591155,2.556408560955598,0.14920185594710142,-0.0483010118723195,0.03281458441881013,
male_1,207600,4.325,2.1625,5,3,2,10,12,1.651535845917533e-05,5.3671666399068824e-06,196.0,3.043792803650133,0.1920022966214094,2.460975039005265,0.1480131339091503,0.5828177646448678,0.04398916271225911,
male_1,210000,4.375,2.1875,12,4,6,22,18,1.3718292514824245e-05,8.72992317890283e-06,195.4609375,2.2251447682585903,0.1734318771861334,2.180031233584222,0.15318960739899826,0.045113534674368516,0.020242269787135142,
male_1,212400,4.425,2.2125,8,9,6,23,20,1.3734513748380357e-05,8.460626021845152e-06,194.2890625,2.501359156510452,0.17500576020971578,2.3389065304754677,0.14593851272491484,0.16245262603498434,0.02906724748480094,
male_1,214800,4.475,2.2375,4,6,2,12,19,1.6921441279002006e-05,6.768473528792611e-06,213.421875,2.6602810468714377,0.17125221026709103,1.8776890595797875,0.15427847662085514,0.7825919872916502,0.01697373364623589,
male_1,217200,4.525,2.2625,9,12,6,27,11,1.205771799841994e-05,7.473478315149303e-06,238.4375,3.0074495596776156,0.17279194938339484,1.9233462296277377,0.1621927040352443,1.084103330049878,0.010599245348150543,
male_1,219600,4.575,2.2875,8,3,4,15,15,1.533907905154276e-05,7.993088416361133e-06,247.8125,2.3674991655312536,0.17320791347291492,1.9946696570329474,0.17047270727388128,0.3728295084983062,0.0027352061990336407,
male_1,222000,4.625,2.3125,11,11,5,27,19,1.3463084753552912e-05,8.38168998630185e-06,252.8046875,2.5114032041653065,0.18394871523700632,2.6545502417617106,0.14966275606016372,-0.14314703759640413,0.0342859591768426,
male_1,224400,4.675,2.3375,8,7,6,21,18,1.5325353021637818e-05,7.808752503736385e-06,249.2890625,2.557450585116882,0.16630237586876734,2.1385894414786772,0.16251151961886157,0.4188611436382046,0.003790856249905772,
male_1,226800,4.725,2.3625,8,9,4,21,22,1.2495768946721121e-05,7.919210839033005e-06,247.2578125,2.3515041248374464,0.16065522361075263,2.3839311157034206,0.16355565935706728,-0.032426990865974226,-0.0029004357463146557,
male_1,229200,4.775,2.3875,5,8,5,18,18,1.6587320093150772e-05,9.632548197971559e-06,246.0859375,2.3853623500283367,0.1676100869032793,2.1945748946411916,0.16564350583652945,0.19078745538714514,0.0019665810667498507,
male_1,231600,4.825,2.4125,7,8,1,16,17,1.513512960017393e-05,5.416384874366648e-06,295.953125,2.692537542398502,0.15784786375664034,2.0957807217310003,0.16873766448400576,0.5967568206675016,-0.010889800727365423,
male_1,234000,4.875,2.4375,9,2,6,17,16,1.763558445398028e-05,1.0084576014705733e-05,338.0,2.5936731999107114,0.17999539985267526,2.63577012624861,0.15354489073376812,-0.042096926337898743,0.026450509118907145,
male_1,236400,4.925,2.4625,11,13,4,28,22,1.7639775570756392e-05,9.8596838651539e-06,338.0,3.1288504778478856,0.17484799100503048,2.4410454889966706,0.16674675818708348,0.687804988851215,0.008101232817947002,
male_1,238800,4.975,2.4875,4,4,2,10,19,1.708541442805031e-05,9.28018905073797e-06,297.09375,2.8440582067331555,0.18077815716498793,2.088976712348052,0.16254055426701244,0.7550814943851036,0.01823760289797549,
male_1,241200,5.025,2.5125,7,5,4,16,21,1.6272347217541366e-05,9.493872800793487e-06,217.40625,2.7621069416047233,0.17714091568424598,2.2735408313377747,0.16877160691902438,0.4885661102669485,0.0083693087652216,
male_1,243600,5.075,2.5375,6,14,4,24,20,1.4982543821093444e-05,1.1644453878229631e-05,199.1640625,2.4124063576664696,0.167016059232989,2.6688068435657524,0.16122552903908915,-0.25640048589928277,0.005790530193899857,
male_1,246000,5.125,2.5625,5,6,3,14,14,1.696376219232967e-05,1.1476876886887543e-05,194.7109375,2.1746582786887028,0.17642389544069875,2.06833311915386,0.15378040126920597,0.10632515953484267,0.02264349417149278,
male_1,248400,5.175,2.5875,7,6,4,17,14,1.6902200538405043e-05,7.908184234433129e-06,181.8203125,3.049301585193646,0.1833609956386803,2.726154490521054,0.16898687811246474,0.3231470946725916,0.014374117526215563,
male_1,250800,5.225,2.6125,13,6,4,23,16,1.5399918504853843e-05,8.988614570028092e-06,177.6875,3.0279252316758996,0.1775377874550664,2.42669417595614,0.16107509502823483,0.6012310557197598,0.01646269242683157,
male_1,253200,5.275,2.6375,7,6,4,17,26,1.721859642662287e-05,1.0077719853131177e-05,187.0625,2.1358262063243543,0.19084878037446254,2.2450603564597293,0.1654574598192188,-0.10923415013537507,0.025391320555243735,
male_1,255600,5.325,2.6625,3,6,2,11,21,1.562948572617469e-05,9.702895861610828e-06,211.7265625,2.3507839673629287,0.1800898233644365,2.066633704871931,0.15974969980734216,0.28415026249099773,0.02034012355709433,
male_1,258000,5.375,2.6875,11,14,8,33,20,1.2829305706236754e-05,7.768528467105506e-06,243.3671875,3.147852259921798,0.165259876793838,2.488925502447471,0.17185346622212574,0.6589267574743274,-0.006593589428287749,
male_1,260400,5.425,2.7125,1,5,1,7,15,1.4669748011086802e-05,7.614001245605486e-06,246.296875,2.843118799474115,0.1703939285735648,1.957349616988357,0.16481995892450702,0.8857691824857579,0.005573969649057792,
male_1,262800,5.475,2.7375,8,6,5,19,14,1.8112850413750608e-05,7.668434173676802e-06,243.515625,1.783765259375647,0.18641250355951544,2.2232090947716596,0.15964414231803503,-0.4394438353960126,0.02676836124148041,
male_1,265200,5.525,2.7625,6,12,5,23,15,1.9720806206576586e-05,1.0588465957825063e-05,227.109375,3.2995117726463796,0.17251603694729292,2.52520935242903,0.17729885757046032,0.7743024202173494,-0.0047828206231674,
male_1,267600,5.575,2.7875,6,7,4,17,9,1.977499412134588e-05,1.0405239128840797e-05,221.328125,2.8321307880865536,0.1749401961556896,2.110947973004448,0.15805388363439501,0.7211828150821056,0.016886312521294577,
male_1,270000,5.625,2.8125,4,2,0,6,8,1.447493296796924e-05,9.224726714123445e-06,223.671875,2.7787297659894263,0.16668976135203092,2.229486576516385,0.15151836762705226,0.5492431894730414,0.015171393724978666,
male_1,272400,5.675,2.8375,11,7,5,23,13,1.5203988489453226e-05,9.186759278281095e-06,211.90625,2.0495283932642128,0.17461657930265764,2.6134689355134366,0.1616264506252167,-0.5639405422492239,0.012990128677440954,
male_1,274800,5.725,2.8625,5,5,2,12,14,1.366610350362646e-05,9.437676431921526e-06,200.0,2.32601184505737,0.17405429334285927,1.9248208580092698,0.14979885070765414,0.4011909870481003,0.024255442635205127,
male_1,277200,5.775,2.8875,9,5,4,18,17,1.545987592626823e-05,1.0307850786270642e-05,200.0,2.5431393685614285,0.16430391679522088,2.247844746522804,0.14223995500966097,0.29529462203862433,0.022063961785559916,
male_1,279600,5.825,2.9125,8,8,5,21,19,1.4978033242685529e-05,9.625452208890314e-06,209.421875,2.3719536433298436,0.1675881746616632,2.629871235160633,0.15428569186489605,-0.2579175918307892,0.013302482796767157,
male_1,282000,5.875,2.9375,6,5,3,14,19,1.6115695488702085e-05,8.79986736919476e-06,230.515625,2.290466822474439,0.1693514211164853,1.9836731866722863,0.1643465348210398,0.3067936358021528,0.005004886295445488,
male_1,284400,5.925,2.9625,1,9,0,10,14,1.5099900977869726e-05,1.0388831284947434e-05,241.203125,2.7455533589846812,0.16688958119593553,2.2359648549761113,0.1588035287029744,0.5095885040085699,0.008086052492961127,
male_1,286800,5.975,2.9875,3,3,2,8,11,1.6538135334968902e-05,1.164530840644222e-05,248.0390625,2.8225040221366244,0.17709616621441468,1.75883708128787,0.1473102944702352,1.0636669408487545,0.029785871744179487,
male_1,289200,6.025,3.0125,7,6,3,16,11,1.8753539425926952e-05,1.1094442591711982e-05,249.2109375,2.242005593580806,0.16632615562329697,2.2320583105755185,0.15634975521486316,0.009947283005287577,0.009976400408433811,
male_1,291600,6.075,3.0375,6,4,3,13,17,1.4715495310848726e-05,1.0429953259192341e-05,249.6171875,2.7059259234047177,0.17367232962122547,2.191662442534023,0.16655879953340103,0.5142634808706945,0.007113530087824449,
male_1,294000,6.125,3.0625,12,6,8,26,19,1.481315583400432e-05,1.0906787823492107e-05,248.4453125,2.6206150552277037,0.15948158402575083,2.737358543227913,0.14249806256321187,-0.11674348800020917,0.016983521462538953,
male_1,296400,6.175,3.0875,9,9,6,24,19,1.5820248326891752e-05,7.628761685582835e-06,204.40625,2.878410578419577,0.1662363827073434,2.0684628051958844,0.14286115130070356,0.8099477732236924,0.02337523140663983,
male_1,298800,6.225,3.1125,4,8,3,15,18,1.3888762741941135e-05,8.455723054842446e-06,134.09375,2.24470573343109,0.1560210320812566,1.7151987794026984,0.1580322990787908,0.5295069540283914,-0.0020112669975342057,
male_1,301200,6.275,3.1375,8,9,6,23,16,1.357480468114123e-05,9.246796680016046e-06,129.0703125,2.693490464931255,0.1609123481794941,2.0078811401823384,0.16071340853596214,0.6856093247489166,0.00019893964353195903,
male_1,303600,6.325,3.1625,5,8,1,14,9,1.0694712896891091e-05,6.190691117917017e-06,129.2734375,2.698261855982319,0.16620355833853154,1.8756875984093777,0.15901679988593573,0.8225742575729411,0.0071867584525958095,
male_1,306000,6.375,3.1875,3,4,1,8,12,1.1764941380276628e-05,4.462000826528961e-06,125.7578125,3.180899691779825,0.14975688955501212,1.873799808162437,0.14993674467708668,1.3070998836173882,-0.00017985512207455145,
male_1,308400,6.425,3.2125,11,8,7,26,15,1.291591169970317e-05,5.101353359489245e-06,151.5390625,2.6056860842116487,0.16564822613805383,2.076085805593667,0.16272084630623332,0.5296002786179819,0.002927379831820509,
male_1,310800,6.475,3.2375,6,6,1,13,13,1.3128158404337006e-05,6.063199213166055e-06,206.6171875,3.3515144676744724,0.17427982620035637,2.1761228374469708,0.1530638978666065,1.1753916302275016,0.021215928333749856,
male_1,313200,6.525,3.2625,8,4,3,15,16,1.5010751612909669e-05,8.14867248235597e-06,169.65625,2.727402859330201,0.1804486631548779,2.5921080344765826,0.14352229099525862,0.13529482485361832,0.036926372159619275,
male_1,315600,6.575,3.2875,6,8,5,19,17,1.577846757732764e-05,9.438082688483775e-06,114.5078125,2.739283111247528,0.18493160296250674,2.423004686457876,0.15949611928814564,0.31627842478965196,0.025435483674361103,
male_1,318000,6.625,3.3125,1,3,1,5,13,1.6451936189118618e-05,1.00621986235708e-05,120.3671875,2.50984946978656,0.1769415862148575,1.8422703222184702,0.17533942749836193,0.6675791475680897,0.0016021587164955775,
male_1,320400,6.675,3.3375,14,11,11,36,14,1.6266649656324375e-05,9.50456573713139e-06,124.4453125,2.2974462363678514,0.18378939350768397,2.091641108574066,0.14841910022628538,0.20580512779378557,0.035370293281398596,
male_1,322800,6.725,3.3625,7,9,5,21,16,1.734939379029822e-05,8.922193488540716e-06,125.6171875,2.7847942436010853,0.16533028412849154,2.432443682619983,0.1559930693149382,0.3523505609811024,0.009337214813553346,
male_1,325200,6.775,3.3875,7,9,4,20,11,1.406169074219973e-05,5.743908276614467e-06,170.1875,2.4282689290491613,0.16727576052637055,1.8869300058714202,0.1702101025796168,0.541338923177741,-0.002934342053246247,
male_1,327600,6.825,3.4125,11,7,7,25,12,2.0513938796386944e-05,7.499536437436789e-06,235.8125,2.4628460054928065,0.17152385374334325,2.574222986913464,0.1521380191535401,-0.11137698142065755,0.01938583458980314,
male_1,330000,6.875,3.4375,6,7,5,18,14,1.836141706396602e-05,1.0596048334071585e-05,238.0,2.400907054761579,0.16344722913888304,2.131733683161117,0.1542673483614486,0.26917337160046184,0.009179880777434452,
male_1,332400,6.925,3.4625,4,8,2,14,18,2.037042607590954e-05,1.2894975832997726e-05,224.2890625,2.7803272777292927,0.18050171702447068,1.8524212552900194,0.1615245215610027,0.9279060224392732,0.01897719546346799,
male_1,334800,6.975,3.4875,8,10,4,22,10,1.6876633152486944e-05,9.645417436369449e-06,171.5546875,2.7868851360427254,0.1685446094727717,1.6723773463323228,0.15719933869868025,1.1145077897104025,0.011345270774091448,
male_1,337200,7.025,3.5125,4,4,1,9,11,1.5583443179070288e-05,1.1244966919397181e-05,148.0,2.487497260958911,0.17097592151638463,2.3801423568023963,0.15746974554580076,0.10735490415651494,0.013506175970583872,
male_1,339600,7.075,3.5375,4,3,3,10,10,2.02806266066664e-05,1.1086502787215836e-05,148.0,2.1130841121108976,0.17437609460665246,2.645767035029991,0.15653127562345093,-0.5326829229190935,0.017844818983201532,
male_1,342000,7.125,3.5625,10,7,5,22,14,1.641843779880714e-05,1.0340248161323975e-05,140.0625,2.06178668104273,0.16867681949713628,1.8125891250564958,0.1545037548613692,0.24919755598623405,0.01417306463576709,
male_1,344400,7.175,3.5875,0,1,0,1,13,1.5851985185663394e-05,9.54587154207563e-06,132.0,3.084899814545542,0.15978503546438955,1.9465732531456155,0.147790197177053,1.1383265613999267,0.011994838287336551,
male_1,346800,7.225,3.6125,7,5,6,18,13,1.4860088665010259e-05,1.0178264205778159e-05,132.0,1.99983296549998,0.16320475003970203,2.6594892241476114,0.16591573657342026,-0.6596562586476313,-0.002710986533718235,
male_1,349200,7.275,3.6375,12,10,6,28,12,1.531608200583387e-05,1.1328509659047181e-05,155.8671875,2.25380085611992,0.16348524026985004,2.5512534746867086,0.15555557955832647,-0.29745261856678873,0.007929660711523567,
male_1,351600,7.325,3.6625,4,6,0,10,15,1.4285764377610925e-05,8.154311479979752e-06,210.9453125,2.780829871390863,0.1532115729265954,2.514409174664288,0.1623607749703578,0.26642069672657476,-0.009149202043762406,
male_1,354000,7.375,3.6875,8,5,3,16,17,1.844047089195865e-05,5.740652714550452e-06,271.984375,2.7565966665891617,0.1713591439925688,2.440610291093149,0.15369024853431193,0.3159863754960126,0.017668895458256867,
male_1,356400,7.425,3.7125,8,7,3,18,17,2.081964472747976e-05,6.576174319276961e-06,333.90625,2.7730853404658777,0.17313162113523292,2.8906238166406752,0.156549536630105,-0.11753847617479751,0.01658208450512791,
male_1,358800,7.475,3.7375,9,7,7,23,19,1.6684112253665156e-05,1.0093726758641231e-05,329.21875,2.354097467308919,0.15860858666724256,2.044189889551012,0.16402003297391765,0.3099075777579068,-0.005411446306675088,
male_1,361200,7.525,3.7625,10,7,6,23,24,1.7699154417629445e-05,8.3777741879528e-06,326.3671875,2.8846910602279405,0.16712294059235858,1.998650007467621,0.15566044218589253,0.8860410527603195,0.011462498406466043,
male_1,363600,7.575,3.7875,7,13,6,26,19,2.0415078562764672e-05,8.332330544927305e-06,327.5390625,2.5765426269186795,0.16727704438395813,2.026953624436029,0.16034770773013698,0.5495890024826506,0.006929336653821144,
male_1,366000,7.625,3.8125,5,7,2,14,18,2.054013421779048e-05,1.1204341736469438e-05,254.7734375,2.706561667983154,0.16488378038483426,2.2253767405922225,0.15654809601695077,0.48118492739093144,0.008335684367883484,
male_1,368400,7.675,3.8375,3,5,2,10,14,1.4628154494366384e-05,7.270620071434484e-06,134.0703125,3.0419688543939225,0.18767420406200008,2.336133642892724,0.17339812165780216,0.7058352115011983,0.01427608240419792,
male_1,370800,7.725,3.8625,13,12,7,32,15,1.5737169493086977e-05,4.608404539612866e-06,213.7578125,3.2268703767811218,0.18412478663813742,2.254226960144972,0.14944353504584834,0.9726434166361497,0.034681251592289075,
male_1,373200,7.775,3.8875,3,4,2,9,14,1.4917548724522656e-05,6.923942614487136e-06,296.0,2.6940614632500526,0.1562680770254703,2.4733001100956455,0.13930822979696703,0.22076135315440704,0.016959847228503272,
male_1,375600,7.825,3.9125,6,5,6,17,16,1.803009648877047e-05,8.884094661738988e-06,296.0,2.650078537947479,0.1661583211272763,2.4656009417828275,0.15101716011885064,0.18447759616465165,0.015141161008425663,
male_1,378000,7.875,3.9375,12,7,3,22,15,1.6600249116839696e-05,8.933803571833636e-06,294.859375,2.9646260876645285,0.16505147051177985,2.363852224113645,0.1529149548003941,0.6007738635508835,0.012136515711385742,
male_1,380400,7.925,3.9625,4,6,3,13,19,1.3348944250539114e-05,1.048553233549062e-05,292.515625,3.038768055305665,0.179495821815223,1.8911342532379927,0.15929863535102826,1.1476338020676724,0.020197186464194744,
male_1,382800,7.975,3.9875,6,6,4,16,18,1.7362311522893172e-05,9.540098431147475e-06,292.9140625,2.4943521553470256,0.1900826383147753,2.047128179740312,0.16217720231385777,0.4472239756067138,0.027905436000917522,
male_1,385200,8.025,4.0125,11,10,7,28,21,1.6534587177579407e-05,7.612708686559721e-06,293.0546875,2.3928530033216306,0.16103497451657406,2.25270333650942,0.14778461626799905,0.14014966681221086,0.013250358248575012,
male_1,387600,8.075,4.0375,6,12,5,23,14,1.563090747871373e-05,4.184196158609247e-06,280.1640625,1.9554143296324713,0.17770120753510857,1.625750949592315,0.14397676321711947,0.3296633800401563,0.0337244443179891,
male_1,390000,8.125,4.0625,4,8,3,15,12,1.5190043673961939e-05,2.634856856600028e-06,265.5546875,2.1523898090353426,0.17371899777214247,2.1034165705151815,0.1596841608742595,0.04897323852016111,0.014034836897882985,
male_1,392400,8.175,4.0875,8,7,6,21,11,2.0463161127022054e-05,9.683753087939178e-06,247.9765625,2.9712643530863114,0.183430812579847,2.1863317517038907,0.1623447234289832,0.7849326013824207,0.021086089150863796,
male_1,394800,8.225,4.1125,1,6,0,7,7,2.0758564763115963e-05,9.578178675239555e-06,245.8671875,2.627355868211466,0.1707654653822517,2.2347026953580245,0.1509778848414541,0.3926531728534415,0.0197875805407976,
male_1,397200,8.275,4.1375,14,6,7,27,10,1.6099799464527307e-05,8.224013603789705e-06,251.7265625,2.728123740142974,0.1743410161598046,2.3171931543167683,0.1601636118680573,0.4109305858262058,0.014177404291747298,
male_1,399600,8.325,4.1625,7,6,4,17,10,1.5890118682131955e-05,7.3508023817477286e-06,206.1953125,2.991637657773813,0.1725616373866742,2.8738956239698084,0.1660275276972969,0.11774203380400472,0.006534109689377315,
male_1,402000,8.375,4.1875,10,4,7,21,16,1.4516094615854603e-05,5.1071716550807826e-06,172.0234375,2.7215290372220986,0.1702923905966649,1.9241701405709954,0.164423694629333,0.7973588966511032,0.005868695967331888,
male_1,404400,8.425,4.2125,11,12,8,31,19,1.4442178583442522e-05,6.161362969259809e-06,180.2265625,2.3143115957115796,0.18203263002937878,2.3313169734724486,0.1656109501676299,-0.017005377760868967,0.01642167986174889,
male_1,406800,8.475,4.2375,3,10,2,15,16,1.6218998918398732e-05,6.846179473386704e-06,203.6171875,2.7898999919451906,0.1690240403753289,2.552654738318167,0.15203737965629058,0.23724525362702353,0.016986660719038316,
male_1,409200,8.525,4.2625,1,5,1,7,7,1.636361664142747e-05,1.0558921342058505e-05,239.9453125,2.17143609806572,0.1619560369688386,2.3774713861288097,0.15286412814994127,-0.2060352880630898,0.00909190881889732,
male_1,411600,8.575,4.2875,5,9,3,17,6,1.7593962129436498e-05,9.098839262102489e-06,195.21875,3.29615157974333,0.1821237143033403,2.163332683254517,0.17396533684978818,1.1328188964888128,0.008158377453552107,
male_1,414000,8.625,4.3125,6,4,5,15,6,1.3843236620646804e-05,8.046257964277147e-06,149.5703125,2.6140344741641877,0.18025349758538473,2.3490768231103996,0.17224006358455599,0.2649576510537881,0.00801343400082874,
male_1,416400,8.675,4.3375,10,6,9,25,7,1.401697633401916e-05,6.951440574225608e-06,209.3359375,3.1885950647803174,0.18526092287028786,2.2505987035778814,0.15957054021529454,0.937996361202436,0.02569038265499332,
male_1,418800,8.725,4.3625,7,8,1,16,11,1.5515298788798187e-05,8.440768442727818e-06,247.9375,2.9976758720531196,0.15466710196299038,1.9577045671945834,0.155146682559778,1.0399713048585362,-0.00047958059678762655,
male_1,421200,8.775,4.3875,6,0,3,9,13,1.742907363987235e-05,9.967659940495056e-06,257.3125,3.0766920416669965,0.16095858529263132,2.152877214915928,0.1535872709707585,0.9238148267510686,0.007371314321872824,
male_1,423600,8.825,4.4125,9,6,4,19,19,1.7842865225480095e-05,9.40939651432356e-06,260.0,2.576215458813508,0.17363110448761368,2.491506400530866,0.15385394372424874,0.08470905828264197,0.019777160763364943,
male_1,426000,8.875,4.4375,4,12,1,17,12,1.9534660321534776e-05,4.719061637929419e-06,259.84375,2.344856893055594,0.17478003138280185,2.5127571884274014,0.1523065730238052,-0.1679002953718074,0.02247345835899664,
male_1,428400,8.925,4.4625,10,5,6,21,10,1.7337529508347295e-05,5.003694547951495e-06,236.40625,3.0485081884055987,0.18927341379551685,3.29420500321975,0.16559328018882755,-0.2456968148141514,0.023680133606689302,
male_1,430800,8.975,4.4875,4,4,4,12,15,1.8823826870363588e-05,1.0435813609013428e-05,220.3515625,2.724421786670898,0.17862492363339993,2.6173843078940657,0.16587309292641964,0.10703747877683245,0.0127518307069803,
male_1,433200,9.025,4.5125,10,11,8,29,15,1.660471885952018e-05,9.95575360113492e-06,221.5234375,2.9742787939341415,0.17864217335917015,1.9157506578134709,0.15804926048920012,1.0585281361206706,0.02059291286997003,
male_1,435600,9.075,4.5375,6,10,5,21,13,1.4334842582501412e-05,7.82502221444174e-06,200.4453125,2.7135515403426265,0.1828033142018112,2.356901878102964,0.14419575525537626,0.35664966223966266,0.038607558946434944,
male_1,438000,9.125,4.5625,3,8,3,14,8,1.718798219389076e-05,6.5495167250206584e-06,164.1171875,2.595715868244997,0.18038261141710654,2.621753553286718,0.17644417402727994,-0.026037685041721215,0.0039384373898266045,
male_1,440400,9.175,4.5875,14,8,9,31,9,1.9877076009724684e-05,7.11582368547698e-06,152.7265625,2.658239537378284,0.16993717250899865,2.2788178963968413,0.14885382132670685,0.3794216409814428,0.021083351182291793,
male_1,442800,9.225,4.6125,11,8,8,27,14,1.5643337021409785e-05,1.0705269808907038e-05,145.578125,2.3416162780473737,0.15667978495670867,1.8429136238290433,0.17907744071822457,0.4987026542183304,-0.022397655761515894,
male_1,445200,9.275,4.6375,5,4,3,12,13,1.8259039972784613e-05,1.2381782703086176e-05,143.234375,2.465453329676123,0.16145337952925143,1.5941657414468113,0.14640714027019977,0.8712875882293116,0.015046239259051658,
male_1,447600,9.325,4.6625,9,13,6,28,12,1.4092834844123404e-05,9.532096787820916e-06,136.453125,2.6183236517677893,0.1661445733752394,1.8510158173348321,0.14787951883105413,0.7673078344329571,0.018265054544185283,
male_1,450000,9.375,4.6875,2,6,2,10,7,1.7900826480874917e-05,9.787464682251448e-06,124.734375,2.232584184837686,0.15530860996028686,2.3176004278845346,0.15938233966779983,-0.0850162430468484,-0.004073729707512963,
male_1,452400,9.425,4.7125,6,6,3,15,11,1.3570073294749651e-05,1.2073695656542287e-05,123.796875,2.6176242974301216,0.17819262773017128,2.2620447887230997,0.16422873738072905,0.35557950870702193,0.013963890349442232,
male_1,454800,9.475,4.7375,7,4,5,16,11,1.700596953746262e-05,1.098505502220922e-05,127.0546875,2.2102238724230947,0.15913096384733555,2.3976000596059333,0.16145998063987185,-0.18737618718283855,-0.0023290167925363037,
male_1,457200,9.525,4.7625,4,9,3,16,5,1.769580808840987e-05,1.0911712819707123e-05,144.6328125,2.3862761372276458,0.16820108086161115,2.7271135911453497,0.152827501254332,-0.3408374539177039,0.015373579607279142,
male_1,459600,9.575,4.7875,6,3,4,13,8,1.4555161060110543e-05,1.112323950737871e-05,149.375,2.7098648674730113,0.17371023746942185,2.0855975705569794,0.1576048687965302,0.6242672969160319,0.01610536867289164,
male_1,462000,9.625,4.8125,13,13,10,36,7,1.6623684454890236e-05,8.555446308784308e-06,130.625,2.3771244312235345,0.17912068789894695,2.0713321851592736,0.150946184397569,0.3057922460642608,0.028174503501377957,
male_1,464400,9.675,4.8375,8,9,8,25,10,1.3334653330400974e-05,8.467983306551003e-06,155.0703125,2.891439091683727,0.17683894185274454,2.0713156768765772,0.16975915018052748,0.8201234148071497,0.007079791672217062,
male_1,466800,9.725,4.8625,8,7,5,20,6,1.331173846951699e-05,6.6707441831679186e-06,203.1171875,2.1433351784317423,0.1850998664385819,2.662650506670249,0.1757614437522193,-0.5193153282385068,0.00933842268636259,
male_1,469200,9.775,4.8875,7,4,5,16,9,1.3828058988863563e-05,9.326807731439197e-06,212.609375,2.696108873979982,0.16177006676160882,2.5585160815408097,0.16099609547514618,0.13759279243917222,0.0007739712864626436,
male_1,471600,9.825,4.9125,9,6,2,17,11,1.5367865554883335e-05,8.361334571245271e-06,211.984375,2.965291029828676,0.16821560172453107,1.8413254006631545,0.15357668143304434,1.1239656291655216,0.014638920291486723,
male_1,474000,9.875,4.9375,9,6,3,18,15,1.547830397971217e-05,1.1918178043619966e-05,186.203125,2.72575009017143,0.17816038644000695,1.8253106966961583,0.15489085692211138,0.9004393934752717,0.02326952951789557,
male_1,476400,9.925,4.9625,11,9,6,26,19,1.5113592547861032e-05,1.0687481497301604e-05,175.8515625,2.7649409686042943,0.16859553956917628,2.411298727717618,0.15140775608182275,0.3536422408866762,0.01718778348735353,
male_1,478800,9.975,4.9875,8,5,5,18,24,1.4460032580076734e-05,1.003877513323957e-05,179.3671875,2.872308307847984,0.16782026940701852,2.154542860692392,0.1478873044078167,0.7177654471555917,0.01993296499920183,
male_1,481200,10.025,5.0125,10,11,7,28,22,1.6372041921444182e-05,8.449474122054513e-06,180.0,2.4153585258566905,0.17494597764211495,2.3638954274219417,0.15959282806796654,0.05146309843474883,0.015353149574148406,
male_1,483600,10.075,5.0375,5,10,4,19,21,1.7135482153953286e-05,6.108024090342376e-06,180.0,2.7238489738059632,0.177491292973746,2.3997354531808694,0.16785288022670805,0.3241135206250938,0.009638412747037944,
male_1,486000,10.125,5.0625,7,7,4,18,14,1.807082508485908e-05,9.216499838524145e-06,180.0,2.4402297703832376,0.1661001588282524,2.204895015466551,0.16303386918016485,0.23533475491668643,0.0030662896480875557,
male_1,488400,10.175,5.0875,10,9,4,23,14,1.7084394309968447e-05,1.116827957992003e-05,181.90625,2.3143003329955114,0.1673363442658566,2.126578864466563,0.14624239427536206,0.18772146852894833,0.021093949990494548,
male_1,490800,10.225,5.1125,4,7,2,13,15,1.4526098531345436e-05,8.407184947215545e-06,186.59375,2.3899090033082597,0.1672925740032223,2.307276218714529,0.16184504413554487,0.08263278459373069,0.005447529867677436,
male_1,493200,10.275,5.1375,4,5,4,13,15,1.6519292753086678e-05,9.734204790402403e-06,188.0,2.938353479287936,0.16767082440808173,2.36869146810928,0.1763460815774385,0.5696620111786563,-0.00867525716935677,
male_1,495600,10.325,5.1625,12,10,7,29,13,2.0319687092971457e-05,1.2253577437057e-05,188.0,2.8289907114309143,0.1605221526991256,2.6047002903866083,0.15437858405533442,0.22429042104430597,0.006143568643791175,
male_1,498000,10.375,5.1875,6,7,5,18,14,1.688897859235911e-05,1.1296343963934556e-05,183.34375,2.5938705150222545,0.161208784918014,2.5446421242484396,0.16988478306395605,0.04922839077381491,-0.008675998145942054,
male_1,500400,10.425,5.2125,8,9,6,23,12,1.5749746878837773e-05,8.764621686035404e-06,205.8671875,2.3613073872782095,0.17446567371417293,2.7998589857633402,0.15572606357134094,-0.4385515984851307,0.018739610142831986,
male_1,502800,10.475,5.2375,17,13,11,41,15,1.6368516971816077e-05,7.0604269873630484e-06,296.1015625,3.018846113591138,0.17863705033809826,2.2653766499316994,0.16677657006472243,0.7534694636594388,0.011860480273375829,
male_1,505200,10.525,5.2625,5,9,3,17,17,1.466733915811962e-05,7.367066965754837e-06,305.453125,2.8099327296710506,0.1814841977078345,2.420670701559982,0.15932512008123625,0.3892620281110686,0.022159077626598245,
male_1,507600,10.575,5.2875,4,5,3,12,12,1.5072657741370164e-05,7.563435886260154e-06,256.234375,1.9970600704636272,0.17084079681846756,2.100863770594523,0.17095174456347487,-0.10380370013089557,-0.00011094774500730598,
male_1,510000,10.625,5.3125,15,11,8,34,15,1.3519280561699614e-05,5.703480374128568e-06,234.6484375,2.0947610712062366,0.1593858084926986,2.459858079753773,0.17033023125454738,-0.36509700854753646,-0.010944422761848788,
male_1,512400,10.675,5.3375,6,6,3,15,18,1.2530956659608417e-05,7.560234988534892e-06,219.0234375,2.6800126801435766,0.17064317835901616,1.762597467311632,0.14574698964748078,0.9174152128319446,0.024896188711535372,
male_1,514800,10.725,5.3625,9,4,4,17,16,1.4413235105976973e-05,7.593849117751306e-06,213.1640625,2.2289608444351376,0.17269061278361322,1.8465434864798076,0.16532002882603175,0.38241735795533005,0.0073705839575814724,
male_1,517200,10.775,5.3875,13,12,7,32,24,1.3249252542526065e-05,6.91040180368972e-06,218.625,3.3478476049417862,0.1827193317434342,2.2181665345466883,0.19311336031700627,1.129681070395098,-0.010394028573572078,
male_1,519600,10.825,5.4125,2,7,1,10,20,1.551585362701184e-05,8.103221764045556e-06,237.375,2.6360114720809036,0.16800213698887684,2.812931167428623,0.16510230484316496,-0.17691969534771923,0.002899832145711878,
male_1,522000,10.875,5.4375,8,12,6,26,13,1.3749974135826635e-05,8.429246723910935e-06,242.0,2.8747043224867603,0.17867793437422289,1.7194435494362847,0.16194110457028224,1.1552607730504756,0.016736829803940645,
male_1,524400,10.925,5.4625,6,5,3,14,16,1.5798275575685037e-05,1.2882034405405479e-05,241.78125,2.602438425978786,0.16479683629841765,2.524885238559577,0.14669302143034,0.07755318741920902,0.01810381486807766,
male_1,526800,10.975,5.4875,7,6,3,16,14,1.6345305599720185e-05,1.2063451794199418e-05,237.09375,3.048110403667822,0.1640566628628854,2.6482781650609737,0.16512070229851047,0.39983223860684847,-0.0010640394356250804,
male_1,529200,11.025,5.5125,6,5,4,15,15,1.3664432217034742e-05,8.085599966101958e-06,212.484375,2.8074174852977336,0.15951199731254853,2.0305881072935623,0.15649531653843368,0.7768293780041713,0.0030166807741148494,
male_1,531600,11.075,5.5375,14,14,8,36,18,1.4170050096014623e-05,8.356535287250375e-06,149.203125,2.798535985951015,0.17618773033914573,2.355536011987188,0.15164925278223554,0.44299997396382684,0.024538477556910188,
male_1,534000,11.125,5.5625,7,9,5,21,16,1.6273288158620624e-05,7.808614919701135e-06,177.2109375,2.7303557220133516,0.17029281356336282,2.570614748207873,0.16750690068008905,0.1597409738054787,0.002785912883273761,
male_1,536400,11.175,5.5875,6,4,4,14,13,1.7183182380420544e-05,8.339252150322502e-06,258.0703125,2.9897150162199257,0.17302478779555028,1.870241457634496,0.15131853808385415,1.1194735585854299,0.02170624971169613,
male_1,538800,11.225,5.6125,16,11,13,40,21,1.7195875049903702e-05,9.778229331946938e-06,264.0,2.553182230169301,0.1823069177260425,2.119367012491889,0.1581605407407512,0.43381521767741216,0.02414637698529129,
male_1,541200,11.275,5.6375,6,7,1,14,18,1.3910145622444896e-05,1.021480582109699e-05,262.96875,2.135047435889633,0.1797419724760821,2.412208212219343,0.1566787203905127,-0.27716077632971015,0.02306325208556939,
male_1,543600,11.325,5.6625,11,6,6,23,22,1.826588425213409e-05,1.110441213162143e-05,258.28125,3.0900444966833223,0.17812676889694593,1.9200613349407232,0.15082603858782134,1.169983161742599,0.027300730309124582,
male_1,546000,11.375,5.6875,9,9,2,20,24,1.4949382650792929e-05,8.249092675833382e-06,251.7890625,2.643534599582472,0.17971355447213405,2.191326045428472,0.14905000938311647,0.45220855415399974,0.030663545089017585,
male_1,548400,11.425,5.7125,6,5,2,13,23,1.8572213147239243e-05,7.942764677035575e-06,243.5859375,2.458467116262678,0.17030315086097358,2.067306874359449,0.15713645188337755,0.39116024190322873,0.013166698977596036,
male_1,550800,11.475,5.7375,11,12,6,29,27,1.9722921882099533e-05,8.782107843082371e-06,244.8359375,2.898083337414805,0.1777810377650221,2.7920446118589357,0.15961323269223476,0.10603872555586946,0.01816780507278734,
male_1,553200,11.525,5.7625,4,5,3,12,25,1.4474790664894236e-05,9.360849268065974e-06,243.4296875,2.7109844952058495,0.17285708550035403,2.390261862143382,0.1723698570991234,0.3207226330624673,0.00048722840123063826,
male_1,555600,11.575,5.7875,3,6,1,10,22,1.692223169683449e-05,9.628312218025398e-06,197.7265625,2.3103410605364494,0.17262650006970273,1.6711542249990212,0.16730352561189202,0.6391868355374282,0.005322974457810714,
male_1,558000,11.625,5.8125,7,7,5,19,22,2.038209081427105e-05,8.517451452933288e-06,187.515625,2.7173249709054423,0.17410455906287198,2.2007382816212195,0.17277257807739077,0.5165866892842228,0.001331980985481207,
male_1,560400,11.675,5.8375,4,10,2,16,19,1.51912560560012e-05,6.483302154833549e-06,232.046875,2.4080364937724754,0.17332163469556053,2.209933371897388,0.1841114522472655,0.1981031218750875,-0.010789817551704967,
male_1,562800,11.725,5.8625,13,3,7,23,20,1.5451340583851494e-05,7.608189890622349e-06,248.4140625,2.7095986534177214,0.17760545069449868,2.2909235901561127,0.16325773499064047,0.41867506326160875,0.014347715703858205,
male_1,565200,11.775,5.8875,3,9,2,14,21,1.6045137440351973e-05,1.1722397571914144e-05,251.9296875,3.0224059455328596,0.17615165749090508,2.340002012856032,0.1600138172482021,0.6824039326768276,0.016137840242702983,
male_1,567600,11.825,5.9125,6,5,1,12,18,1.640007678627658e-05,1.025922029723926e-05,294.4921875,2.319634639346903,0.16929621887812749,2.000709090952849,0.15504685104142996,0.3189255483940543,0.01424936783669753,
male_1,570000,11.875,5.9375,9,8,3,20,20,1.575695482156004e-05,6.654561910868259e-06,312.546875,2.3671565289284606,0.17420921807572684,2.56540853040641,0.1595187717610503,-0.1982520014779494,0.01469044631467653,
male_1,572400,11.925,5.9625,9,6,5,20,24,1.6541526745560323e-05,6.800692641440198e-06,263.328125,2.4468205959976888,0.1880448934420511,2.253220604203555,0.1721754273713756,0.19359999179413379,0.01586946607067552,
male_1,574800,11.975,5.9875,6,9,4,19,25,1.4152358924316517e-05,8.26593137198264e-06,243.328125,2.0208128947630417,0.1737516796985877,2.034593494532017,0.15561330701904383,-0.013780599768975499,0.01813837267954388,
male_1,577200,12.025,6.0125,9,7,4,20,25,1.3254289479240045e-05,7.238326032117299e-06,245.671875,2.5504493983431287,0.17346316341754156,2.0325699814472835,0.15394513766047466,0.5178794168958452,0.019518025757066904,
male_1,579600,12.075,6.0375,15,11,3,29,26,1.4005516384281007e-05,5.790920660904128e-06,253.0546875,3.2720653515792213,0.1582056152171258,2.2941968448029004,0.1574269897383247,0.9778685067763209,0.0007786254788011149,
male_1,582000,12.125,6.0625,3,0,0,3,28,1.475952272339502e-05,8.653232830632329e-06,260.0,2.6573796786941077,0.16215335521771865,2.3009965788951883,0.1561225327950099,0.35638309979891947,0.006030822422708748,
male_1,584400,12.175,6.0875,4,7,0,11,28,1.4844023226847975e-05,1.0039363740450542e-05,260.0,2.316494380950302,0.17085358669653908,2.0587806860341447,0.16442334752933668,0.25771369491615737,0.006430239167202395,
male_1,586800,12.225,6.1125,14,14,8,36,23,1.5101173471758117e-05,9.811495433886563e-06,256.859375,2.0822009675648294,0.18270923424016625,1.9895997517698958,0.1612952876625322,0.09260121579493363,0.02141394657763404,
male_1,589200,12.275,6.1375,6,9,5,20,28,1.5010601092376355e-05,7.426078216661571e-06,249.828125,2.274329446707604,0.17314437592307902,2.6958400164419736,0.184835295941028,-0.4215105697343695,-0.01169092001794897,
male_1,591600,12.325,6.1625,8,10,5,23,21,1.796111071560435e-05,8.45998967085727e-06,303.5,2.735267153205433,0.18449886177686117,2.8175681276850826,0.18172100839280755,-0.08230097447964946,0.002777853384053619,
male_1,594000,12.375,6.1875,5,10,3,18,20,1.8655695457668494e-05,1.567838590459179e-05,376.078125,3.281229472035786,0.17970791770115446,2.396513265616756,0.17155466813663892,0.8847162064190304,0.008153249564515547,
male_1,596400,12.425,6.2125,13,7,9,29,22,2.1710568908944545e-05,1.7244210708757723e-05,378.421875,2.9421311234299434,0.16348388963195157,1.7571155729635628,0.1601477914404487,1.1850155504663806,0.0033360981915028787,
male_1,598800,12.475,6.2375,11,11,7,29,24,1.4744515604795197e-05,1.1016210345365028e-05,374.2578125,2.7005710998186565,0.1771293786835937,2.206870762861958,0.16468519208323545,0.49370033695669857,0.012444186600358259,
male_1,601200,12.525,6.2625,10,11,3,24,18,1.1445552968196046e-05,7.108054100171416e-06,356.6796875,2.3676466948001313,0.15927699481007349,2.260731225918865,0.17369883498763478,0.10691546888126613,-0.01442184017756129,
male_1,603600,12.575,6.2875,5,7,3,15,18,1.607958017912022e-05,8.965284332066046e-06,347.8203125,2.286848320383524,0.1613435825971115,1.805666696488286,0.15431527633545383,0.4811816238952382,0.00702830626165768,
male_1,606000,12.625,6.3125,9,6,4,19,24,1.416095760127613e-05,8.312890981409006e-06,344.3046875,2.9293462716462653,0.16435189672967696,1.5402765169744397,0.1651829373294511,1.3890697546718256,-0.0008310405997741521,
male_1,608400,12.675,6.3375,8,7,5,20,23,1.8062601146242378e-05,9.22324115080936e-06,256.234375,2.8850539417713637,0.1494995221098085,3.022399961897496,0.1677720661229536,-0.13734602012613228,-0.018272544013145098,
male_1,610800,12.725,6.3625,5,5,2,12,24,1.593107742478506e-05,1.0485766223224214e-05,180.0,2.3099069663942817,0.164928060319671,2.3424283552569607,0.16030279543789247,-0.03252138886267897,0.004625264881778529,
male_1,613200,12.775,6.3875,13,13,9,35,27,1.4788257809170645e-05,6.511341248800246e-06,180.0,2.619088563616572,0.17374090916495272,2.421067534049333,0.15057146656234274,0.1980210295672391,0.023169442602609974,
male_1,615600,12.825,6.4125,10,14,8,32,21,1.578139202700859e-05,8.424872557833845e-06,199.3359375,2.6066702245357796,0.18117599970029333,2.2681869314753795,0.16884262995487204,0.33848329306040004,0.012333369745421291,
male_1,618000,12.875,6.4375,4,5,1,10,22,1.690780134095445e-05,9.131330904869062e-06,238.0078125,3.0842540005560757,0.17521784844128732,2.1434917426713094,0.16982259977899367,0.9407622578847663,0.005395248662293656,
male_1,620400,12.925,6.4625,13,6,6,25,21,1.5780166599742345e-05,8.894213855608403e-06,243.2109375,2.678704081508064,0.1681527544538508,1.6023245291967094,0.16940667970124448,1.0763795523113546,-0.001253925247393678,
male_1,622800,12.975,6.4875,14,12,8,34,25,1.3768877106673457e-05,7.764834087624598e-06,240.3046875,2.147144384353693,0.1615202135135992,2.089676277585065,0.16561304365128432,0.05746810676862779,-0.004092830137685133,
male_1,625200,13.025,6.5125,5,8,2,15,28,1.4677812736114155e-05,1.0210371269741742e-05,243.8203125,1.9805852905759398,0.17071870645338663,2.0191878095719162,0.15918908296625886,-0.03860251899597644,0.011529623487127771,
male_1,627600,13.075,6.5375,7,11,5,23,25,1.777007618024744e-05,1.2047086260883783e-05,245.109375,2.443912212011304,0.16560624084920414,2.063246090174217,0.14967678863289563,0.38066612183708726,0.01592945221630851,
male_1,630000,13.125,6.5625,6,8,3,17,22,1.8508409134735927e-05,1.2450733363330484e-05,242.765625,2.700342205270382,0.16712517280851566,1.7083646648259432,0.15466845632327894,0.9919775404444389,0.012456716485236718,
male_1,632400,13.175,6.5875,5,6,2,13,19,1.6769470758336425e-05,1.0398382972623713e-05,279.875,2.4585678768034525,0.16154061585972632,1.9828437181607474,0.16257122527030146,0.475724158642705,-0.001030609410575145,
male_1,634800,13.225,6.6125,5,5,3,13,18,1.819043679996115e-05,9.412157531658485e-06,336.125,2.9275834938490215,0.16071974034884118,2.1819326064708937,0.17572590749437994,0.7456508873781278,-0.015006167145538762,
male_1,637200,13.275,6.6375,5,2,1,8,23,1.5365914091033128e-05,8.667595672126066e-06,353.859375,2.1718137842081138,0.17335816835423684,1.7589484113858413,0.16243070148686625,0.4128653728222724,0.010927466867370589,
male_1,639600,13.325,6.6625,8,6,4,18,23,1.7256808583307537e-05,8.029052437622753e-06,348.6328125,3.040708232002762,0.17600043621847755,2.52016352214204,0.1529439072288199,0.5205447098607219,0.023056528989657654,
male_1,642000,13.375,6.6875,9,7,3,19,25,1.4217931165819342e-05,7.486882463880817e-06,281.8359375,2.7608927111123656,0.1760671007639489,1.9598840386203333,0.14405579841847937,0.8010086724920322,0.03201130234546953,
male_1,644400,13.425,6.7125,6,6,2,14,26,1.4495057713532239e-05,7.168387395670895e-06,249.40625,2.685929183587105,0.17237726018515756,2.2990928352491324,0.17829365799085561,0.3868363483379724,-0.005916397805698054,
male_1,646800,13.475,6.7375,8,7,3,18,24,1.6681338986913167e-05,7.716759943546466e-06,244.71875,2.9750446069773337,0.17183498622518753,1.8118850050207238,0.1565882763685454,1.16315960195661,0.015246709856642143,
male_1,649200,13.525,6.7625,8,7,4,19,25,1.444511034265618e-05,9.222922945602096e-06,240.03125,2.4126129267616108,0.17512314896107667,2.366191601759878,0.15712334417636775,0.04642132500173268,0.017999804784708917,
male_1,651600,13.575,6.7875,2,5,1,8,26,1.6658540471877514e-05,8.63905876203963e-06,237.1484375,2.660950073943699,0.16105655496483154,2.1863410377351205,0.14644467693926025,0.4746090362085784,0.01461187802557129,
male_1,654000,13.625,6.8125,1,6,1,8,21,1.421584301784487e-05,5.994861744483508e-06,245.3515625,3.059616364079524,0.1866132287542488,1.9423437333854134,0.1585057904728874,1.1172726306941105,0.02810743828136139,
male_1,656400,13.675,6.8375,11,9,11,31,22,1.8328744858402962e-05,9.121245302337367e-06,251.015625,2.477946200294115,0.16951814188810707,2.5161543282808156,0.15653226119282135,-0.03820812798670081,0.012985880695285723,
male_1,658800,13.725,6.8625,8,7,6,21,20,1.3822521158001119e-05,1.0129173623915183e-05,253.359375,3.1699330778082992,0.1818883332930545,2.7018428093432147,0.16213464778805717,0.4680902684650845,0.019753685504997343,
male_1,661200,13.775,6.8875,4,7,3,14,23,1.3378053619081099e-05,1.0554348037037249e-05,257.40625,1.991888874518585,0.15851712430866952,2.5125810207319024,0.17134738384678472,-0.5206921462133174,-0.012830259538115202,
male_1,663600,13.825,6.9125,13,9,4,26,21,1.4693463026574252e-05,5.496815102786497e-06,261.2265625,3.1646775911147125,0.15635791651538922,2.6145856237819065,0.16488097475353206,0.550091967332806,-0.008523058238142839,
male_1,666000,13.875,6.9375,1,3,1,5,22,1.5502329935365343e-05,8.457020548355205e-06,222.5546875,3.020898949410414,0.16623965150725056,2.4471049255185346,0.17358366194601094,0.5737940238918795,-0.007344010438760373,
male_1,668400,13.925,6.9625,10,7,7,24,21,1.6135441025425263e-05,7.526275432267805e-06,212.15625,2.0979860994897876,0.17193220007402218,2.461156198775292,0.22123804594585397,-0.3631700992855045,-0.04930584587183179,
male_1,670800,13.975,6.9875,9,14,7,30,19,1.3952084909993634e-05,6.7458309112502346e-06,263.71875,2.9323359635700155,0.1713328526879556,2.352040183506512,0.1681654335311015,0.5802957800635036,0.00316741915685409,
male_1,673200,14.025,7.0125,7,9,4,20,20,1.5986919210937038e-05,8.143636284499588e-06,258.40625,2.881314767192549,0.1714871670951053,2.5577973015974647,0.15906512506510764,0.32351746559508454,0.012422042029997665,
male_1,675600,14.075,7.0375,11,5,4,20,17,1.6112171609643753e-05,9.211924848700551e-06,216.21875,2.609945500408524,0.16148919473409656,2.161120911404008,0.1655458067088822,0.44882458900451594,-0.004056611974785629,
male_1,678000,14.125,7.0625,14,10,8,32,27,1.7771860897442808e-05,1.0047325263619003e-05,212.0,2.836021907603971,0.16923111744909453,2.5177856877824754,0.18014577816229063,0.31823621982149586,-0.010914660713196106,
male_1,680400,14.175,7.0875,3,8,1,12,24,1.531714594693203e-05,9.31953070728078e-06,216.984375,2.4425067745597104,0.17428730279179697,2.243004824940022,0.1566386185848688,0.19950194961968837,0.017648684206928167,
male_1,682800,14.225,7.1125,8,9,4,21,25,2.0169787807282578e-05,7.0764273364862915e-06,242.765625,2.866591566552744,0.17422733835058363,1.9662717109734396,0.1600797802674862,0.9003198555793044,0.014147558083097422,
male_1,685200,14.275,7.1375,6,6,4,16,23,1.640411816875048e-05,8.431835753694503e-06,230.90625,2.246265509971799,0.162285215288988,2.591264027446842,0.16892646877497133,-0.34499851747504273,-0.006641253485983323,
male_1,687600,14.325,7.1625,8,10,3,21,20,1.720493063063016e-05,1.1045999465255231e-05,179.34375,2.670202561378786,0.170270107825937,2.473014996774207,0.17067709166293174,0.19718756460457865,-0.00040698383699475094,
male_1,690000,14.375,7.1875,5,4,2,11,18,1.8271723463668877e-05,1.2863462594702648e-05,168.0,2.660200650016284,0.17057507312633205,2.2235336399596517,0.15847371891997816,0.43666701005663233,0.012101354206353887,
male_1,692400,14.425,7.2125,14,10,9,33,24,1.704905020211437e-05,1.2921429932227024e-05,167.828125,2.9058740323517744,0.1698456787072253,2.5859600414706283,0.16473394835069913,0.31991399088114614,0.0051117303565261785,
male_1,694800,14.475,7.2375,9,9,7,25,26,1.662089718652675e-05,1.1181100416553043e-05,165.484375,2.757857675638636,0.17473289127250294,2.5552212694796843,0.16531194727288426,0.20263640615895184,0.00942094399961868,
male_1,697200,14.525,7.2625,8,11,2,21,22,1.5188412442663302e-05,9.618860193416795e-06,158.4140625,2.1308408951231352,0.15253714799286408,3.0524606889620367,0.1701005988435944,-0.9216197938389015,-0.017563450850730328,
male_1,699600,14.575,7.2875,3,3,1,7,20,1.7539037768606025e-05,7.877930032061335e-06,143.1796875,3.0384202815458288,0.159958535968649,2.444148141518376,0.1591057230190869,0.5942721400274529,0.000852812949562104,
male_1,702000,14.625,7.3125,8,3,3,14,23,1.4426800752502353e-05,7.08838966975073e-06,161.203125,2.783544766764628,0.16833927983406644,2.007610483919275,0.15683053872383151,0.7759342828453528,0.011508741110234921,
male_1,704400,14.675,7.3375,14,11,8,33,30,1.4522574821912001e-05,6.667997670053335e-06,196.359375,2.554331292597448,0.1572711150855463,2.018147394139328,0.1547942032208043,0.5361838984581198,0.0024769118647419985,
male_1,706800,14.725,7.3625,4,5,2,11,27,1.4285841604654605e-05,5.300421529839181e-06,220.34375,3.0890010161876384,0.1761668952741028,2.5720280850700536,0.1611407368955994,0.5169729311175848,0.015026158378503407,
male_1,709200,14.775,7.3875,4,7,2,13,24,1.3591342434872556e-05,6.502518283412156e-06,240.6015625,2.2025124517239396,0.17558125624655044,2.602078499355936,0.15595728311802823,-0.3995660476319962,0.01962397312852221,
male_1,711600,14.825,7.4125,10,8,6,24,24,1.702115261130115e-05,9.149587484199326e-06,251.1484375,2.5950061767199935,0.1732935676864308,2.401338974527941,0.1703421086028226,0.19366720219205247,0.002951459083608221,
male_1,714000,14.875,7.4375,0,6,0,6,23,1.4899204434267675e-05,1.1310028982937686e-05,252.203125,2.3117497863411205,0.1589879861298066,2.1353535184924244,0.17053174895241593,0.1763962678486961,-0.011543762822609327,
male_1,716400,14.925,7.4625,4,12,2,18,15,1.798181992783423e-05,6.5215452752438576e-06,245.171875,2.4794245853071404,0.16933775554147476,2.5273310279295393,0.1600969471264793,-0.04790644262239896,0.009240808414995472,
male_1,718800,14.975,7.4875,14,5,6,25,15,1.4838273939915319e-05,9.239070091601415e-06,264.5078125,2.6704705869123657,0.16735432019638766,2.0120454598113766,0.15410794959101418,0.6584251271009891,0.013246370605373481,
male_1,721200,15.025,7.5125,2,5,1,8,21,1.665162627054969e-05,1.125272065752411e-05,286.0,2.6094558517755435,0.17671350137859962,2.4129660920272165,0.15771946229785963,0.19648975974832705,0.01899403908073999,
male_1,723600,15.075,7.5375,3,4,0,7,21,1.523440312194346e-05,8.792995542557312e-06,286.0,2.7561804208814884,0.17468276178744008,2.8694921022742754,0.1583372517961073,-0.11331168139278702,0.016345509991332774,
male_1,726000,15.125,7.5625,8,11,5,24,17,1.634590529733071e-05,8.809398762955905e-06,254.5,3.1133040794507063,0.16068526115077633,1.8460891060344016,0.1544200599813781,1.2672149734163047,0.0062652011693982435,
male_1,728400,15.175,7.5875,10,5,5,20,16,1.391327014665388e-05,6.169320499247941e-06,179.5,3.999495791214401,0.1795070817097395,1.9524335466669154,0.16134934720589425,2.0470622445474858,0.018157734503845252,
male_1,730800,15.225,7.6125,9,8,6,23,23,1.4892424444795316e-05,6.374094554957843e-06,183.078125,2.180016785371915,0.1774090290552297,2.2221881696019734,0.1592186103930735,-0.04217138423005862,0.018190418662156205,
male_1,733200,15.275,7.6375,8,9,2,19,19,1.360326239541843e-05,8.050473747189025e-06,218.0,2.809643791856039,0.16523979120075755,2.153325940258748,0.16946377567053963,0.656317851597291,-0.004223984469782088,
male_1,735600,15.325,7.6625,9,5,4,18,20,1.4740234289857722e-05,8.545088666311388e-06,218.0,2.481044204952462,0.15928373445339855,2.2531423752643454,0.17401454199783878,0.22790182968811656,-0.014730807544440228,
male_1,738000,15.375,7.6875,7,4,6,17,26,1.4878112237928741e-05,7.843432629836492e-06,214.1328125,2.807824829716811,0.17275870316414907,2.1672538126047387,0.15279299054781012,0.6405710171120722,0.01996571261633895,
male_1,740400,15.425,7.7125,8,17,4,29,21,1.2640252260121284e-05,5.2516146312675015e-06,201.2421875,2.489072162148669,0.17283530559134488,2.8841051761627767,0.15641316609952824,-0.39503301401410784,0.016422139491816645,
male_1,742800,15.475,7.7375,4,10,4,18,15,1.6636010896871904e-05,1.0623483356582681e-05,190.4375,2.914294953606376,0.1690667557561731,2.7071047859685673,0.16493772327883333,0.20719016763780873,0.0041290324773397835,
male_1,745200,15.525,7.7625,5,5,3,13,12,1.4500428794302255e-05,1.0128428670973755e-05,181.0625,3.189318781003954,0.1774624270096274,2.1926347131846855,0.1549565901946379,0.9966840678192685,0.022505836814989494,
male_1,747600,15.575,7.7875,9,6,4,19,15,1.802910660196065e-05,9.63720622965998e-06,180.0,2.397569234465294,0.17199972540220096,1.7955940086775306,0.14643767382433157,0.6019752257877635,0.025562051577869394,
male_1,750000,15.625,7.8125,4,3,3,10,15,1.5242331626644852e-05,1.0392329735209207e-05,180.421875,2.304638848263564,0.1708964553964743,1.9377691461442632,0.1459090325135299,0.3668697021193008,0.024987422882944393,
male_1,752400,15.675,7.8375,9,5,6,20,17,1.7069544617343115e-05,9.615774033168917e-06,182.765625,2.417063065684129,0.1703631020791279,2.2825954063386633,0.1636924077488558,0.13446765934546567,0.006670694330272092,
male_1,754800,15.725,7.8625,9,11,7,27,19,1.7367250711512147e-05,4.174572414423516e-06,184.5546875,3.1256935930027643,0.16020934456318053,2.2286600149749765,0.17148712720768972,0.8970335780277878,-0.011277782644509182,
male_1,757200,15.775,7.8875,8,7,6,21,18,1.4780367094106355e-05,4.705689863286511e-06,185.7265625,2.5655284948718027,0.16408943732523568,2.46335873241212,0.17797585281148162,0.1021697624596829,-0.013886415486245945,
male_1,759600,15.825,7.9125,5,10,3,18,17,1.810309170205815e-05,6.579079048888912e-06,219.2421875,2.8155624717902814,0.173156914582996,2.537958873144641,0.16238065838944987,0.2776035986456402,0.010776256193546135,
male_1,762000,15.875,7.9375,8,12,7,27,13,1.444893765870732e-05,3.917078773537142e-06,260.84375,2.876815900213934,0.17845140559532058,1.9179653589144328,0.1589855314438759,0.9588505412995014,0.019465874151444684,
male_1,764400,15.925,7.9625,8,6,8,22,14,3.985798624388292e-05,8.160041940932476e-06,274.90625,3.2378828704688303,0.19821383926786584,2.172849823802493,0.1684534192777476,1.0650330466663371,0.029760419990118248,
male_1,766800,15.975,7.9875,6,16,6,28,8,0.0004964974745658407,2.8880761181078862e-05,285.65625,3.4181305785001497,0.195182206387385,2.674141769756074,0.19348107108767745,0.7439888087440756,0.0017011352997075568,
male_1,769200,16.025,8.0125,1,1,0,2,2,0.005876434736344144,0.002710235684954628,290.34375,3.4914570880516544,0.22792605455221046,7.006814353523956,0.3748138592094917,-3.5153572654723018,-0.1468878046572812,
male_1,771600,16.075,8.0375,2,1,1,4,2,0.020075507363432686,0.012029010386932259,295.7890625,5.13128942527504,0.22821392868474,8.075467342128665,0.2785035556554956,-2.944177916853625,-0.05028962697075562,
male_1,774000,16.125,8.0625,4,1,0,5,2,0.0735115213110796,0.03360435923373443,301.6484375,5.870009211081248,0.19292219619720638,4.9443859445335585,0.17657843849377444,0.9256232665476896,0.016343757703431938,
male_1,776400,16.175,8.0875,2,0,0,2,7,0.08361902610596242,0.05387724336848818,303.1015625,3.529426123108917,0.1754064462445925,1.5519615832714089,0.1566579054061646,1.977464539837508,0.01874854083842792,
male_1,778800,16.225,8.1125,2,1,1,4,9,0.06760833236253234,0.0701445076019503,293.8828125,3.5576538198558127,0.17373424547711877,1.9373439965577737,0.14827278181278275,1.620309823298039,0.02546146366433602,
male_1,781200,16.275,8.1375,4,2,1,7,10,0.06610658841209756,0.06947841608970112,250.5234375,2.721895515075258,0.18556324939559862,1.6459038409411655,0.14664150927455277,1.0759916741340925,0.03892174012104585,
male_1,783600,16.325,8.1625,1,1,0,2,11,0.06951954428861097,0.07036517211922107,231.234375,1.7003427549035903,0.17404187021446477,2.13729026222106,0.1552091639369795,-0.4369475073174698,0.01883270627748526,control
male_1,786000,16.375,8.1875,3,0,2,5,11,0.07271869175686281,0.0629781104743624,233.578125,2.154530575905108,0.1708433769706473,2.332809672164387,0.1583685456271747,-0.17827909625927907,0.012474831343472603,
male_1,788400,16.425,8.2125,7,5,3,15,16,0.06835375024835251,0.054553366483332956,307.03125,3.068976421795771,0.17560326509758586,2.474488112087007,0.15668853149956208,0.5944883097087641,0.018914733598023786,
male_1,790800,16.475,8.2375,4,3,3,10,16,0.06095650609566009,0.055597979809002156,385.734375,1.6750656290713275,0.18029315285688488,2.1609685316585567,0.1629874606803634,-0.48590290258722924,0.017305692176521476,
male_1,793200,16.525,8.2625,1,5,0,6,14,0.05971881272292365,0.05374863769259013,383.390625,3.008960652257511,0.16136587177847805,2.8809977409447125,0.162048006919523,0.1279629113127987,-0.0006821351410449539,
male_1,795600,16.575,8.2875,3,3,0,6,13,0.05646279672743904,0.054426476754180234,383.4296875,2.5089138372808124,0.16289275999372513,1.6489802088660424,0.14874256829972995,0.8599336284147701,0.014150191693995173,
male_1,798000,16.625,8.3125,6,2,3,11,14,0.05466947737029218,0.05143687637519906,386.9453125,2.2016390639599055,0.17355823910501061,1.7300951594782936,0.1592915069721524,0.4715439044816119,0.0142667321328582,
male_1,800400,16.675,8.3375,4,0,1,5,20,0.04991753759385116,0.04874390872381547,388.0,2.2381830298337695,0.16486349647896256,2.3611798559647337,0.1755584118147136,-0.12299682613096419,-0.010694915335751037,
male_1,802800,16.725,8.3625,5,4,2,11,20,0.04667984033806758,0.047088058101777026,388.0,2.6781089439620978,0.1830999030381852,1.9270317771095544,0.15926598125542607,0.7510771668525433,0.023833921782759143,
male_1,805200,16.775,8.3875,1,1,0,2,22,0.044721280261330196,0.0436420595345781,389.1640625,2.355646636854857,0.1638872530982452,1.3763663165646292,0.1508180865589976,0.9792803202902278,0.013069166539247612,
male_1,807600,16.825,8.4125,8,4,2,14,25,0.03954722090218123,0.03726742897048833,390.0,2.061407419333395,0.17106294437250774,2.127218808985705,0.14497143954626104,-0.06581138965231004,0.026091504826246698,
male_1,810000,16.875,8.4375,7,7,5,19,27,0.03370577500097636,0.032907692555678894,390.0,2.071031777252577,0.16186313685258594,2.279712499573743,0.1778401351887548,-0.20868072232116575,-0.015976998336168863,
male_1,812400,16.925,8.4625,3,2,2,7,26,0.03292997087198864,0.03252946163592192,368.25,2.336970570341836,0.16843521486545274,2.270767298381692,0.1680708317568664,0.06620327196014397,0.0003643831085863303,
male_1,814800,16.975,8.4875,6,5,4,15,27,0.02735459735439677,0.029549983672291873,330.75,2.5818595287113104,0.17071462286698935,1.4582531654727449,0.14634033050030054,1.1236063632385656,0.02437429236668881,
male_1,817200,17.025,8.5125,7,8,2,17,27,0.03481699077917164,0.03484311752987133,326.0,2.4200284783712456,0.17628435504165285,2.4476247466058227,0.148558448770737,-0.02759626823457717,0.02772590627091584,
male_1,819600,17.075,8.5375,3,2,1,6,27,0.039895104578969144,0.04050294657769455,325.8046875,2.3422701257257574,0.15811123675964936,1.598744503546191,0.1444023534837013,0.7435256221795665,0.013708883275948047,
male_1,822000,17.125,8.5625,1,5,1,7,27,0.04116493753548553,0.040519649106882695,324.6328125,1.9546746027859485,0.16580350103902755,2.7135547116393433,0.15744776885465248,-0.7588801088533947,0.008355732184375075,
male_1,824400,17.175,8.5875,8,2,3,13,27,0.038658816783103414,0.038973188571099104,304.0546875,2.7996173800644084,0.17656158585296947,1.7252830397175367,0.1546626198166791,1.0743343403468717,0.02189896603629038,
male_1,826800,17.225,8.6125,4,7,4,15,26,0.038572154785292904,0.03719888280554504,260.6953125,2.4447904019692257,0.1748182663567752,1.6957748469319835,0.1467908058746435,0.7490155550372422,0.0280274604821317,
male_1,829200,17.275,8.6375,6,10,6,22,26,0.04087205869060004,0.04068057565894007,250.8828125,2.6227329206921612,0.15683720203493606,2.890782959144678,0.15269097770907242,-0.26805003845251685,0.0041462243258636455,high
male_1,831600,17.325,8.6625,4,11,0,15,18,0.0419702375159695,0.039994002014820354,255.609375,3.006607425718817,0.17249644391956206,3.292246066220661,0.18108965568431853,-0.28563864050184407,-0.00859321176475647,
male_1,834000,17.375,8.6875,2,4,0,6,15,0.04033431079698492,0.03801644367751692,332.953125,2.6187320852420264,0.19750958525429305,1.7898811092277405,0.17105180046852747,0.8288509760142859,0.026457784785765576,
male_1,836400,17.425,8.7125,2,3,1,6,13,0.03941782736917305,0.04182127948331516,385.9921875,3.335009950055257,0.19344683971397045,2.6839534912837557,0.15177959382998327,0.6510564587715013,0.04166724588398718,
male_1,838800,17.475,8.7375,2,3,1,6,13,0.0507940117161952,0.048212972360215524,391.8515625,2.1936361481145226,0.1654136989630924,2.2276068354856786,0.1486447068323002,-0.03397068737115605,0.01676899213079222,
male_1,841200,17.525,8.7625,1,0,0,1,12,0.04798049388041332,0.04814185370861834,394.0,2.2399619003592184,0.17171235822779746,2.1694112043422775,0.15648439574710635,0.07055069601694086,0.01522796248069111,
male_1,843600,17.575,8.7875,2,1,1,4,13,0.046817871477600775,0.04787806489259171,394.0,2.3463055941908237,0.17296629635511568,2.5243266643882003,0.15866995713617507,-0.17802107019737656,0.014296339218940607,
male_1,846000,17.625,8.8125,4,2,1,7,16,0.04649840088092071,0.04785445484140931,392.9140625,1.6943672306196902,0.17194196563268385,1.5645495391603887,0.1610681349508624,0.12981769145930144,0.010873830681821461,
male_1,848400,17.675,8.8375,3,1,1,5,16,0.04527770051174682,0.046330764974662084,373.6953125,2.400327389340621,0.17510179735796225,1.619555800776658,0.155016497516212,0.780771588563963,0.020085299841750254,
male_1,850800,17.725,8.8625,9,5,3,17,21,0.04403033455048633,0.04148213429902173,290.4921875,2.6500011376533705,0.18293088819902506,2.3715790440853266,0.154180137204974,0.2784220935680439,0.028750750994051055,
male_1,853200,17.775,8.8875,2,2,0,4,22,0.041798398886003826,0.03969970105304323,250.0,1.7777014478044033,0.1621550278074008,1.724117012434097,0.15418897566426984,0.05358443537030633,0.007966052143130953,
male_1,855600,17.825,8.9125,2,1,0,3,22,0.043472920105232175,0.04151645090951013,250.0,1.6132835206480354,0.16068207558387604,1.8220757089768553,0.13905564434603646,-0.20879218832881996,0.021626431237839583,
male_1,858000,17.875,8.9375,5,7,3,15,24,0.04474748101072815,0.044539589441856785,250.0,1.3358001536739028,0.16577538079249124,1.886520792936226,0.1394399230424786,-0.5507206392623232,0.026335457750012642,
male_1,860400,17.925,8.9625,1,2,1,4,22,0.0495517239884317,0.04765572758913173,250.0,1.6375757394357682,0.15341392285130342,1.6589210982323885,0.1444675069706511,-0.02134535879662036,0.008946415880652314,
male_1,862800,17.975,8.9875,1,6,1,8,19,0.049938647694912706,0.04710722176981611,250.0,2.303028205083739,0.17418288688090494,2.390926071822175,0.1505404349864987,-0.08789786673843603,0.023642451894406252,
male_1,865200,18.025,9.0125,2,2,1,5,14,0.04600827695093956,0.04396498941221573,250.0,2.032671041861863,0.172672536336089,1.5272395511069503,0.152461635758079,0.5054314907549127,0.020210900578010005,
male_1,867600,18.075,9.0375,0,3,0,3,13,0.043171850797251284,0.04385059799844931,250.0,1.909916252197239,0.1610190709973764,1.6663065606417418,0.1703018372895208,0.24360969155549728,-0.009282766292144418,
male_1,870000,18.125,9.0625,2,0,0,2,12,0.045753242145030924,0.04492249445937933,250.0,2.054208290927415,0.1807541036789798,1.6625136002047074,0.16538075070743916,0.3916946907227077,0.015373352971540633,control
male_1,872400,18.175,9.0875,5,4,3,12,14,0.04613988199915191,0.04559810022898794,250.0,2.0310441244410278,0.16664264543786397,1.5918906446599097,0.1437063694012077,0.4391534797811181,0.022936276036656267,
male_1,874800,18.225,9.1125,2,0,0,2,15,0.04389187832559666,0.04421873711566221,250.0,1.6083757040863464,0.14890406717823443,1.8566973326055798,0.13971218120989887,-0.24832162851923334,0.009191885968335561,
male_1,877200,18.275,9.1375,6,1,3,10,19,0.042529623367794075,0.04079179524159382,250.0,2.279097065660198,0.1647435475560095,1.6816807049860336,0.14528682120558423,0.5974163606741643,0.01945672635042528,
male_1,879600,18.325,9.1625,4,10,3,17,19,0.043715075252793285,0.04075899406154008,250.0,1.8756922584328186,0.17914305698170366,1.5161791744372615,0.15567249734744526,0.35951308399555715,0.023470559634258398,
male_1,882000,18.375,9.1875,5,2,2,9,18,0.041698800865584355,0.03752720237389684,250.0,2.0182771450943235,0.18596589057154458,1.660074685290929,0.15848973587441506,0.3582024598033946,0.027476154697129523,
male_1,884400,18.425,9.2125,3,3,3,9,20,0.0373359739909946,0.03586705151217929,250.0,1.2508519708292045,0.16158399987415809,1.6126111139205106,0.15933453986498153,-0.3617591430913061,0.002249460009176557,
male_1,886800,18.475,9.2375,2,3,1,6,18,0.03852012160252903,0.03522877837720927,250.0,1.4664846397640199,0.16711515941587315,1.7261724614462803,0.16496672074077276,-0.25968782168226046,0.0021484386751003948,
male_1,889200,18.525,9.2625,2,2,2,6,17,0.03924221240798873,0.03855802577198246,250.0,1.5481133699689824,0.17929419684938258,1.9770410981531044,0.15780510123924532,-0.42892772818412195,0.02148909561013726,
male_1,891600,18.575,9.2875,0,2,0,2,16,0.039183801444372834,0.04041552547978266,250.0,1.8434578609757497,0.19320138747793517,1.411334625720547,0.1488020905669154,0.4321232352552027,0.044399296911019764,
male_1,894000,18.625,9.3125,3,3,2,8,16,0.047315271904438926,0.04502952188626602,249.4765625,2.274246190745025,0.17208501269466178,1.804649957265843,0.17328933482915287,0.4695962334791819,-0.0012043221344910926,
male_1,896400,18.675,9.3375,3,0,1,4,18,0.05173622049411766,0.04777369613479359,248.3046875,2.369510244099393,0.1802926308301685,2.835202954876225,0.19755818950158405,-0.46569271077683183,-0.01726555867141555,
male_1,898800,18.725,9.3625,7,0,3,10,25,0.048573532436484566,0.04659018326128584,248.0,1.7891598366143762,0.18031275498905439,2.3571217027442177,0.17183969030008747,-0.5679618661298416,0.008473064688966914,
male_1,901200,18.775,9.3875,4,5,1,10,24,0.04742057527361163,0.043794889599166616,250.890625,1.7978808428047033,0.16325840753712845,2.363843010308089,0.14939617306773947,-0.5659621675033859,0.013862234469388973,
male_1,903600,18.825,9.4125,2,5,2,9,23,0.04850467174875195,0.046852668814677687,337.609375,1.8892760581492725,0.1603130041544342,1.8286612241156721,0.13740938267912015,0.06061483403360035,0.02290362147531405,
male_1,906000,18.875,9.4375,2,3,1,6,22,0.05159072078256998,0.05002180148612191,395.234375,2.217692542797537,0.15817611757552053,1.3127526079135623,0.13308359451122306,0.9049399348839748,0.02509252306429746,
male_1,908400,18.925,9.4625,3,4,3,10,22,0.051569713039030504,0.05184386976566333,392.890625,2.0654586618971527,0.15764912068909712,1.8790030512029214,0.13525057280954905,0.18645561069423122,0.022398547879548064,
male_1,910800,18.975,9.4875,1,5,0,6,18,0.055738367841099076,0.0564221708006853,392.0,2.2947914678207715,0.15935854643766567,2.1704616595875788,0.15514750586273532,0.12432980823319273,0.0042110405749303526,
male_1,913200,19.025,9.5125,1,1,1,3,16,0.05751534636685108,0.05991943036276896,392.0,2.4284061159568746,0.16994989357077905,2.0195368298707215,0.15926931937993025,0.40886928608615314,0.010680574190848807,
male_1,915600,19.075,9.5375,6,4,3,13,16,0.058456588957023575,0.05905053473340856,393.0703125,2.0293009542897,0.16381279883627603,2.1005470722085526,0.15496643404146399,-0.07124611791885282,0.008846364794812045,
male_1,918000,19.125,9.5625,2,3,2,7,18,0.060966292767562914,0.05971882305412702,393.515625,2.483575123856603,0.17257197000989236,1.9277855957415393,0.1478506811783587,0.5557895281150635,0.024721288831533655,
male_1,920400,19.175,9.5875,2,2,1,5,16,0.061051743335771666,0.060162035134483496,391.171875,1.896651348215304,0.15288830785990232,2.8786239259560418,0.17807330756161188,-0.9819725777407378,-0.025184999701709565,
male_1,922800,19.225,9.6125,3,3,1,7,16,0.05949850682909913,0.057050341721212434,391.7578125,1.9491543849180926,0.17285602878113202,2.7499396347553784,0.1624676186200966,-0.8007852498372858,0.010388410161035422,
male_1,925200,19.275,9.6375,3,3,1,7,18,0.055099401377067564,0.05518481469790374,395.2734375,2.2779625720232604,0.16351386303466312,2.416103441504954,0.14230117648393542,-0.13814086948169368,0.021212686550727694,
male_1,927600,19.325,9.6625,3,1,0,4,16,0.057453547452416515,0.05649831597031838,396.0,2.248096888951667,0.15191593645073234,1.5532999906828904,0.14654659858593908,0.6947968982687764,0.005369337864793267,
male_1,930000,19.375,9.6875,6,3,3,12,21,0.058923408532189504,0.05713479063970384,396.0,1.7845673897962104,0.14551929943541148,1.6466365408453387,0.1397852892626804,0.1379308489508717,0.005734010172731063,
male_1,932400,19.425,9.7125,2,1,0,3,22,0.060059864564573164,0.05846882857538359,396.0,2.2933330664997857,0.15337176205657851,1.9026430274135764,0.12587349838642345,0.39069003908620936,0.027498263670155065,
male_1,934800,19.475,9.7375,9,5,4,18,24,0.06565371080053603,0.06449995772850302,393.328125,2.7906316392066794,0.15977887612554748,2.050853083364594,0.15131495118390545,0.7397785558420855,0.008463924941642026,high
male_1,937200,19.525,9.7625,1,7,0,8,24,0.060778103695993756,0.060859998254761044,386.296875,2.0497172887782105,0.1576830429385297,2.071858342896987,0.14681062402539588,-0.022141054118776538,0.010872418913133813,
male_1,939600,19.575,9.7875,2,2,1,5,21,0.0642363262395824,0.0648875249318131,384.0,1.9278132624192859,0.16569125661552428,1.209154753422726,0.13520189520508902,0.7186585089965598,0.03048936141043526,
male_1,942000,19.625,9.8125,8,2,4,14,22,0.06384628725934291,0.062354669471901956,384.0,1.977590254371693,0.1551487234549626,1.114849045469065,0.14591310362028537,0.8627412089026281,0.009235619834677244,
male_1,944400,19.675,9.8375,3,4,2,9,27,0.056173370669108026,0.05826966888018202,384.0,1.7143852780056132,0.16976539986749664,2.121233764904689,0.15795503587664847,-0.4068484868990758,0.011810363990848172,
male_1,946800,19.725,9.8625,4,6,1,11,25,0.06161901790910371,0.05776088717545402,386.4375,1.7616669915583416,0.15601046583314582,2.5599880111312743,0.15881739073070542,-0.7983210195729327,-0.0028069248975595984,
male_1,949200,19.775,9.8875,1,6,0,7,21,0.054477981658660454,0.054379956568427534,395.8125,2.745351720767331,0.1614746281965565,1.7492944109266735,0.1436717275043796,0.9960573098406575,0.01780290069217691,
male_1,951600,19.825,9.9125,7,5,7,19,20,0.046697232422096877,0.04087084223216132,400.0,3.0280147746172714,0.1915996535320709,4.672477509155293,0.16957927560715805,-1.6444627345380214,0.02202037792491285,
male_1,954000,19.875,9.9375,2,7,1,10,18,0.03888213213204018,0.037652428715873765,400.0,3.486124943204582,0.17104575982486203,2.469917310969416,0.17683034096548184,1.016207632235166,-0.0057845811406198044,
male_1,956400,19.925,9.9625,3,4,2,9,16,0.03692800139603202,0.037711303122145906,400.0,2.323591069549357,0.17600291287764763,2.3572693714851116,0.15542796076866497,-0.03367830193575472,0.020574952108982664,
male_2,3600,0.075,0.0375,1,0,0,1,20,0.12777906869454422,0.13140214611933584,184.0,0.7012594463612181,0.19324533040681738,0.6285846995343642,0.21531892491483182,0.07267474682685382,-0.022073594508014438,
male_2,6000,0.125,0.0625,1,0,0,1,21,0.12914092420844878,0.1311769196062754,184.0,0.6868361660760846,0.161117677908961,0.320998280395128,0.10682043674295368,0.36583788568095654,0.05429724116600733,
male_2,8400,0.175,0.0875,0,2,0,2,20,0.13235557861048367,0.13182996040046618,184.0,0.43046710822168455,0.1351809677482563,0.2671343942131707,0.10648006444296854,0.16333271400851385,0.028700903305287767,
male_2,10800,0.225,0.1125,0,1,0,1,18,0.12828909077444536,0.12668697728255576,184.0,0.18880189327424718,0.15747875927836916,0.2419750804497675,0.15644633977682987,-0.05317318717552033,0.001032419501539289,
male_2,13200,0.275,0.1375,0,0,0,0,18,0.12799833852582618,0.1245658797630335,184.4453125,0.2506510773790626,0.14755525563985225,0.23277752796578133,0.1413288343859878,0.017873549413281287,0.006226421253864439,
male_2,15600,0.325,0.1625,0,0,0,0,18,0.12294700647997883,0.12206414614565253,185.6171875,0.2603451305209097,0.1517822344601584,0.24590374496251516,0.12917736520748813,0.014441385558394526,0.022604869252670273,
male_2,18000,0.375,0.1875,1,0,0,1,19,0.12526698390207547,0.12416004700480426,186.0,0.4197236340915933,0.1268278592862143,0.33366367578983336,0.12754048140285407,0.08605995830175994,-0.0007126221166397773,
male_2,20400,0.425,0.2125,0,0,0,0,19,0.12031091311455526,0.12322249670639839,186.0,0.44610447598049074,0.12893053906831356,0.2277795338632137,0.12523204691597697,0.21832494211727704,0.0036984921523365855,
male_2,22800,0.475,0.2375,0,1,0,1,18,0.12236618750258993,0.12468698831570671,184.8671875,0.3632747112678537,0.13735350667286977,0.27070350211502237,0.10758616574686056,0.09257120915283135,0.029767340926009217,
male_2,25200,0.525,0.2625,0,0,0,0,18,0.1195802990294375,0.12454576790503974,184.0,0.5245678915546375,0.14745689481861413,0.35216365657143983,0.1085710910208042,0.17240423498319762,0.038885803797809926,
male_2,27600,0.575,0.2875,0,2,0,2,18,0.12850149568085953,0.12590431111811148,184.0,0.7484591127771293,0.1438913962679654,0.22307449071384633,0.1239726630294231,0.525384622063283,0.019918733238542305,
male_2,30000,0.625,0.3125,1,1,0,2,16,0.11696370433413573,0.12213952686026464,184.6484375,0.8292433479056714,0.16626067435360387,0.6400546401065594,0.1391766305464028,0.189188707799112,0.027084043807201058,
male_2,32400,0.675,0.3375,2,0,0,2,18,0.1178892478987607,0.12159335216876467,185.8203125,0.9742283124405027,0.1469071032536474,0.7303580902040293,0.1380472671084687,0.24387022223647337,0.008859836145178684,
male_2,34800,0.725,0.3625,2,0,1,3,19,0.12116735730762163,0.12336694530055255,186.0,0.6156902693017392,0.1412806768778629,0.5868530010594231,0.12343355171664161,0.02883726824231614,0.017847125161221278,
male_2,37200,0.775,0.3875,0,1,0,1,19,0.1212183734620931,0.12189653223672627,186.1640625,0.6861518075515957,0.13829897255559848,0.5525173579960658,0.13746513613645003,0.13363444955552983,0.0008338364191484426,
male_2,39600,0.825,0.4125,0,7,0,7,14,0.10587960531645993,0.10538407155494413,187.3359375,3.0689317061827044,0.18345221516101748,1.1104634546820824,0.14356922673158068,1.958468251500622,0.0398829884294368,
male_2,42000,0.875,0.4375,1,5,1,7,8,0.0678939707998506,0.06606041777657902,188.5078125,3.0966076325554326,0.20754408148879072,6.825813516061466,0.1740558679100646,-3.729205883506033,0.03348821357872611,
male_2,44400,0.925,0.4625,5,0,0,5,9,0.05798157884333316,0.05135817754506595,189.6796875,3.937271045214108,0.19423691041770552,7.18594578636738,0.23187886674431155,-3.2486747411532724,-0.037641956326606024,
male_2,46800,0.975,0.4875,1,0,1,2,13,0.11133728916719678,0.09212835796679476,190.8515625,2.768770500356993,0.18289712006623535,4.950824365065598,0.14156272912471835,-2.182053864708605,0.041334390941517,
male_2,49200,1.025,0.5125,6,1,0,7,19,0.11833200213628316,0.11914988707689722,191.9765625,1.286587355802641,0.18247722858704746,0.9483513498673708,0.16200699073550348,0.33823600593527026,0.020470237851543976,
male_2,51600,1.075,0.5375,1,2,0,3,18,0.1025482560560028,0.11381851966667864,190.8046875,1.6987377875488305,0.18022976143958727,0.9595565897545093,0.16900498369061864,0.7391811977943212,0.011224777748968628,
male_2,54000,1.125,0.5625,3,5,3,11,19,0.11083870334109747,0.10569456210165018,190.0,2.2281392979419246,0.17906626109753873,0.8102496141001622,0.18044096984459573,1.4178896838417625,-0.0013747087470570019,
male_2,56400,1.175,0.5875,0,5,0,5,12,0.07761593669993172,0.09052958043013849,190.0,2.3806790554668806,0.18302404121383933,2.4359005285996913,0.16800652107436218,-0.05522147313281067,0.015017520139477158,
male_2,58800,1.225,0.6125,6,3,3,12,13,0.10058077473549006,0.09333977752505784,194.265625,3.5336854083306646,0.17813283530127344,6.923672877632567,0.21847601352632126,-3.3899874693019028,-0.04034317822504782,
male_2,61200,1.275,0.6375,3,4,3,10,12,0.10980738846368819,0.10292679950170436,201.296875,1.3955167658313767,0.16634704653261873,3.7807942249134276,0.1939358376225752,-2.385277459082051,-0.027588791089956488,
male_2,63600,1.325,0.6625,1,5,0,6,10,0.06310508837627261,0.08701580903234236,200.9453125,3.3420019483402035,0.1908538613189654,3.6855059974425934,0.17412387494172907,-0.34350404910238996,0.016729986377236328,
male_2,66000,1.375,0.6875,3,2,2,7,9,0.05174735942615099,0.06475122703010855,197.9609375,3.702773041339297,0.19451240672465117,3.8865734711543354,0.15075189057366942,-0.1838004298150384,0.043760516150981754,
male_2,68400,1.425,0.7125,4,3,1,8,11,0.08671292284238842,0.07082675508852121,187.4140625,2.5373707314470004,0.1768838901046934,2.4353452792084767,0.16397063697752498,0.10202545223852377,0.012913253127168428,
male_2,70800,1.475,0.7375,7,4,2,13,11,0.05179081588403546,0.07022933286027279,184.8515625,3.8279224199643886,0.18363084879120511,3.4662158000317227,0.15643110278625214,0.36170661993266595,0.02719974600495298,
male_2,73200,1.525,0.7625,5,2,3,10,17,0.0897617327054062,0.08263201192062669,190.7109375,2.9514059521342064,0.18916497513610672,1.8380496695368627,0.1728858633523251,1.1133562825973438,0.016279111783781636,
male_2,75600,1.575,0.7875,3,3,1,7,18,0.08691336036211525,0.09224349256656694,192.0,1.6131828829165178,0.1711381499182588,2.071293687327056,0.17533299704678232,-0.4581108044105382,-0.004194847128523527,
male_2,78000,1.625,0.8125,3,3,0,6,16,0.07985215103516632,0.08890193035068729,191.9140625,2.325676695916579,0.18285301898400202,1.6073542597473645,0.1434799363220245,0.7183224361692147,0.03937308266197753,
male_2,80400,1.675,0.8375,4,1,2,7,19,0.08860841443472336,0.09039685669621643,190.7421875,1.8220882280915678,0.16764133263918693,2.1677743806325354,0.1731376577401891,-0.3456861525409676,-0.005496325101002175,
male_2,82800,1.725,0.8625,1,4,1,6,19,0.07953810994671683,0.07789042791312875,189.5703125,2.32627200703724,0.17449352077605185,2.1541033703122343,0.17168013774301216,0.1721686367250057,0.0028133830330396847,
male_2,85200,1.775,0.8875,10,6,6,22,19,0.05876728274474408,0.06575737035854608,188.3984375,4.271188614644853,0.17878835424382103,2.2727090534360426,0.14692018839966364,1.9984795612088102,0.03186816584415739,
male_2,87600,1.825,0.9125,2,4,1,7,20,0.06418630412261007,0.06388216108970887,190.3203125,1.584697921607436,0.1482453219090179,1.6342335457828725,0.14154620947185523,-0.049535624175436554,0.006699112437162674,
male_2,90000,1.875,0.9375,1,2,0,3,19,0.06754866738236227,0.06717371546833253,193.8359375,1.1693690462956858,0.15960695489720364,0.9424433541507847,0.16407099806506828,0.2269256921449011,-0.00446404316786464,
male_2,92400,1.925,0.9625,1,3,1,5,19,0.06776585242981485,0.06854306028350567,194.0,1.7037436042573253,0.16468720346361865,2.4621828677501325,0.15579093291306048,-0.7584392634928072,0.008896270550558166,
male_2,94800,1.975,0.9875,0,4,0,4,16,0.06194774994596689,0.06767463071291895,191.9765625,2.104668321226471,0.16378092543388223,3.0389284158124665,0.17144858691871273,-0.9342600945859956,-0.007667661484830501,
male_2,97200,2.025,1.0125,5,9,2,16,12,0.05530580421579685,0.06490854484547329,183.7734375,2.636537038073163,0.17007974425410533,3.0304744424606396,0.17700275177189587,-0.3939374043874766,-0.0069230075177905415,
male_2,99600,2.075,1.0375,5,1,3,9,10,0.05756822708900046,0.06382011165832321,179.3671875,2.445161158672713,0.17858197886957633,4.2151213762273505,0.18551124560289933,-1.7699602175546376,-0.006929266733323003,
male_2,102000,2.125,1.0625,7,9,7,23,12,0.07263475397987831,0.07015223712692722,178.1953125,2.9087190723506615,0.19094164523873872,1.8222288300655232,0.15196811358537402,1.0864902422851384,0.0389735316533647,high
male_2,104400,2.175,1.0875,5,7,5,17,7,0.06346976737966774,0.06965123190846399,179.953125,2.799448954057252,0.1908303909361809,2.479500949058149,0.15677074080243839,0.3199480049991026,0.034059650133742514,
male_2,106800,2.225,1.1125,1,5,1,7,5,0.10926029360407516,0.06433216052955269,184.375,3.0384644556451774,0.17245922832650318,2.9523377582962995,0.1675576328673338,0.0861266973488779,0.004901595459169378,
male_2,109200,2.275,1.1375,2,2,1,5,3,0.13801941398143255,0.07329393281316443,203.125,2.361589402603797,0.19669949350606866,3.767811017353863,0.19970286167416143,-1.406221614750066,-0.003003368168092768,
male_2,111600,2.325,1.1625,6,0,0,6,5,0.13011558605148602,0.09174416704579429,215.96875,2.9016706664567278,0.18096784720751175,2.3939424934501283,0.17268936930986242,0.5077281730065994,0.008278477897649322,
male_2,114000,2.375,1.1875,7,0,0,7,11,0.11107971892889076,0.10835385663463167,220.65625,1.76780635059075,0.18284930731713328,0.6309952449169909,0.15469521796309746,1.136811105673759,0.02815408935403582,
male_2,116400,2.425,1.2125,4,0,3,7,20,0.1216389634684951,0.11750155734063736,221.1640625,1.3895851343465173,0.1762822859309796,0.9250356120558428,0.13056123231209765,0.4645495222906745,0.04572105361888196,
male_2,118800,2.475,1.2375,3,4,1,8,19,0.11631423761188685,0.11992675958831535,220.0,0.9128309934670379,0.14658547682923082,0.5752087444641777,0.11616791626272922,0.3376222490028602,0.030417560566501592,
male_2,121200,2.525,1.2625,1,1,0,2,20,0.12217991841352314,0.1213173116869561,220.0,0.5880813898200284,0.12748849299921713,0.3629713902200006,0.10489252070332016,0.22510999960002787,0.02259597229589698,
male_2,123600,2.575,1.2875,0,0,0,0,20,0.12163511338911592,0.1196651281258277,220.0,0.8721263304358332,0.14626356115191055,0.6252164047945241,0.10320414997875371,0.2469099256413091,0.04305941117315684,
male_2,126000,2.625,1.3125,3,2,2,7,22,0.11768882090824899,0.11792702052064617,220.0,0.6158914644402237,0.13511838422042338,0.48584777070408036,0.12647809331015655,0.13004369373614333,0.008640290910266829,
male_2,128400,2.675,1.3375,0,3,0,3,18,0.11650036852617916,0.11662990023353105,220.0,0.5091031139063951,0.13759324300938242,0.513382264104208,0.13621555962564494,-0.0042791501978128865,0.001377683383737477,
male_2,130800,2.725,1.3625,0,0,0,0,18,0.12097940523837229,0.11755600219815959,220.0,0.5943781818755725,0.16096261881951698,0.5890185427074368,0.16949613414236878,0.005359639168135644,-0.008533515322851792,
male_2,133200,2.775,1.3875,0,0,0,0,18,0.12003146238408802,0.1185668572067009,220.0,0.7635147054484999,0.16691908606157738,1.4395360489085658,0.14965546816965233,-0.6760213434600659,0.017263617891925043,
male_2,135600,2.825,1.4125,2,2,2,6,19,0.10373567908541784,0.10872599516523063,220.0,1.4892919385529289,0.15800563822327665,2.3083858833936057,0.14854625767434437,-0.8190939448406769,0.009459380548932278,
male_2,138000,2.875,1.4375,1,1,0,2,18,0.08027528662425225,0.07904568456352135,220.0,2.1128543868307137,0.17523514744544164,2.173981509786044,0.1527990128429106,-0.06112712295533029,0.02243613460253105,
male_2,140400,2.925,1.4625,3,4,1,8,18,0.06785226354150821,0.05937009363732057,219.4453125,2.137565618458724,0.17967058548879075,3.6081396111381876,0.17444622189058004,-1.4705739926794634,0.005224363598210713,
male_2,142800,2.975,1.4875,0,5,0,5,17,0.05925253516614176,0.059854508194119645,218.2734375,3.839913867844444,0.18753126120517602,3.118068079492924,0.17683186882099403,0.7218457883515201,0.010699392384181994,
male_2,145200,3.025,1.5125,2,5,1,8,8,0.05702812137721058,0.06156882358997962,209.015625,1.7216693717630593,0.18329553164491363,2.7175330295371967,0.1833957758838911,-0.9958636577741373,-0.00010024423897747603,
male_2,147600,3.075,1.5375,5,0,0,5,10,0.05654605754402333,0.06575735836641503,197.9296875,3.740339457240281,0.17604083045959287,2.883588069433638,0.21957714760567132,0.8567513878066428,-0.043536317146078446,
male_2,150000,3.125,1.5625,10,0,7,17,22,0.08443288532520488,0.08401070150337786,196.7578125,2.660586944887595,0.1776859428580153,2.2738213468789166,0.16445684364585525,0.3867655980086786,0.013229099212160061,
male_2,152400,3.175,1.5875,3,9,3,15,21,0.10662451199200462,0.10107229899490061,196.828125,2.1946226061573415,0.17142642278952022,1.176043287800346,0.16450916019102038,1.0185793183569956,0.00691726259849984,
male_2,154800,3.225,1.6125,1,8,1,10,11,0.10819624442488321,0.10147636790977402,199.171875,2.1887892536858846,0.17250471869204037,3.3216196236075923,0.17946342514152455,-1.1328303699217077,-0.006958706449484181,
male_2,157200,3.275,1.6375,1,1,1,3,11,0.10857034709618885,0.09591834010948173,205.3046875,1.7033903143493578,0.16268298647609267,1.9319335801243276,0.1605790762602583,-0.22854326577496975,0.0021039102158343648,
male_2,159600,3.325,1.6625,4,3,2,9,11,0.09494311526210614,0.09037240292729382,213.5078125,2.659532783913812,0.17802187178316262,2.5814590412590706,0.1839366793981015,0.07807374265474154,-0.005914807614938872,
male_2,162000,3.375,1.6875,8,5,3,16,13,0.0853742001666871,0.09136383073848772,217.3046875,3.065738752663698,0.19350260048931212,1.595681093452818,0.18151911999869347,1.47005765921088,0.011983480490618648,
male_2,164400,3.425,1.7125,2,2,0,4,15,0.09038851458124213,0.09464966647011916,220.2734375,1.6454227369197676,0.17749115917857625,1.421108495698134,0.16505041369889153,0.22431424122163368,0.012440745479684712,
male_2,166800,3.475,1.7375,1,0,0,1,16,0.0942143311397534,0.09512154832464058,221.4453125,1.5839124601883796,0.1835193065244829,0.9309715638559501,0.1570044678839198,0.6529408963324295,0.026514838640563088,
male_2,169200,3.525,1.7625,2,1,0,3,16,0.09417574377947531,0.09637048907714653,222.6171875,0.8355563353776628,0.16567752965633706,0.5280611609484768,0.1374584691528182,0.30749517442918606,0.028219060503518856,
male_2,171600,3.575,1.7875,0,1,0,1,16,0.09351403146155822,0.09543731999919183,223.7890625,1.270101580837448,0.16839715359382823,0.6288395586994502,0.14171887971444455,0.6412620221379979,0.02667827387938368,
male_2,174000,3.625,1.8125,2,1,0,3,17,0.09767696909610654,0.09588574190571149,224.0,1.2798157730463235,0.1666900401240409,0.6864086199462532,0.14410466646593112,0.5934071531000703,0.02258537365810978,
male_2,176400,3.675,1.8375,0,0,0,0,17,0.08483245420777732,0.0903412083109762,223.8671875,1.2631826603269747,0.1672748349807128,0.6078157824084712,0.15593396437618728,0.6553668779185035,0.011340870604525516,
male_2,178800,3.725,1.8625,2,1,1,4,18,0.08632799964971333,0.08393882787436675,222.6953125,1.3863361306547493,0.1539819099651272,1.2303119456673004,0.1572586084200221,0.15602418498744886,-0.003276698454894894,
male_2,181200,3.775,1.8875,2,0,0,2,19,0.08368159549379517,0.0832747687608727,222.0,1.527347836512877,0.1420395990360725,1.5277760185650808,0.1593459651398994,-0.0004281820522038515,-0.01730636610382691,
male_2,183600,3.825,1.9125,2,0,0,2,22,0.07993653731530892,0.08472022320098688,222.0,1.782400808811464,0.18111795045343576,1.2407027927822907,0.15839101189124202,0.5416980160291733,0.022726938562193738,
male_2,186000,3.875,1.9375,1,2,1,4,22,0.07550711677294758,0.07978610074191121,221.1796875,1.257118484604412,0.17018922781821097,1.4965818802419002,0.13663885167188985,-0.2394633956374883,0.033550376146321115,
male_2,188400,3.925,1.9625,1,11,1,13,19,0.06116570939166957,0.06665409585888067,220.0078125,2.886512294397879,0.18011700019056992,2.4528838494835403,0.16034395504701163,0.43362844491433883,0.019773045143558293,
male_2,190800,3.975,1.9875,2,6,0,8,9,0.047863496480623983,0.0636588086356244,203.703125,3.7743310985033673,0.18300590293378163,2.7591266695407892,0.19652715556191597,1.0152044289625781,-0.013521252628134334,
male_2,193200,4.025,2.0125,3,0,0,3,8,0.04157779251949128,0.07465599680832792,224.25,3.076549417891526,0.1735206537111129,2.5373125489903634,0.17286540448225435,0.5392368689011624,0.0006552492288585399,
male_2,195600,4.075,2.0375,12,0,1,13,21,0.08460962414878381,0.08914409584986202,336.75,4.466065270551187,0.18310238815881044,3.764094981409526,0.16228519586186713,0.701970289141661,0.020817192296943315,
male_2,198000,4.125,2.0625,2,4,2,8,21,0.09681071388769603,0.09710887605093019,319.4296875,3.179570986041769,0.1783889475036349,1.7993876796110537,0.14051308600333923,1.3801833064307154,0.03787586150029568,
male_2,200400,4.175,2.0875,0,0,0,0,20,0.09483734995450405,0.09342544621140422,208.1015625,1.9742451138566945,0.1787666973777951,1.7984498804380349,0.14405760109567642,0.17579523341865966,0.034709096282118684,
male_2,202800,4.225,2.1125,1,0,0,1,20,0.09028792597002303,0.08851286490260361,194.0,0.7750061678070946,0.1498306147989849,0.8987581576401957,0.12781747792943482,-0.1237519898331011,0.022013136869550087,
male_2,205200,4.275,2.1375,1,1,1,3,20,0.08736619885465254,0.08926242337657397,194.0,0.8794067048148707,0.15247463175759932,0.7186471073517888,0.13077626781315002,0.16075959746308188,0.021698363944449295,
male_2,207600,4.325,2.1625,0,1,0,1,20,0.08639162778999418,0.09149277687021276,194.0,0.8632285143541536,0.15502974722980364,1.2756259912157533,0.11200156804350307,-0.41239747686159967,0.04302817918630057,
male_2,210000,4.375,2.1875,1,0,0,1,21,0.08673473444010572,0.08912046568686947,194.5390625,0.8359487054742313,0.15005579129688248,0.8459277293886367,0.1163967829624872,-0.009979023914405416,0.03365900833439528,
male_2,212400,4.425,2.2125,0,0,0,0,21,0.08173892979441237,0.08458364346975496,195.7109375,0.8101263755526189,0.14524727877462354,1.066309309694283,0.14476095415563767,-0.25618293414166415,0.00048632461898587276,
male_2,214800,4.475,2.2375,0,1,0,1,20,0.08570014992341447,0.08584000500437614,196.0,0.9721726281363554,0.1512945964981233,0.5548189312304734,0.13451837887921653,0.417353696905882,0.01677621761890677,
male_2,217200,4.525,2.2625,2,4,2,8,20,0.08045663138203321,0.08457649060896501,196.0,1.9374963684443975,0.14586955438252297,1.1757284523972245,0.14085470770247607,0.7617679160471731,0.005014846680046897,
male_2,219600,4.575,2.2875,2,6,2,10,16,0.06460956058296195,0.06466470581502631,196.0,3.6939542369605163,0.1915770038766609,3.8916534295335,0.15576002423825927,-0.19769919257298385,0.035816979638401636,
male_2,222000,4.625,2.3125,4,7,2,13,12,0.06188503008186108,0.05323922792563278,201.1796875,4.1321155451065295,0.20898733210927214,4.479201758107858,0.25646701785632176,-0.3470862130013286,-0.04747968574704961,
male_2,224400,4.675,2.3375,11,3,5,19,13,0.07698937610640337,0.06963122465021428,216.4140625,2.5147531949261595,0.1821452625513924,4.623966864908864,0.25833151901123536,-2.1092136699827044,-0.07618625645984295,
male_2,226800,4.725,2.3625,3,6,0,9,17,0.09863412326166367,0.08260766898245246,219.7734375,2.2781193722057687,0.18734446738459476,2.819585146973532,0.1629748471776235,-0.5414657747677634,0.024369620206971254,
male_2,229200,4.775,2.3875,1,0,0,1,16,0.10380009249408621,0.08585651895858563,216.2578125,1.9013742288910305,0.1858119769332596,1.33208517908505,0.1469110849080125,0.5692890498059804,0.0389008920252471,
male_2,231600,4.825,2.4125,10,2,5,17,22,0.09440803504304811,0.08106666432951574,216.0,1.6951570992133447,0.17187183414444548,1.8053969643981556,0.17073427854850992,-0.11023986518481088,0.0011375555959355632,
male_2,234000,4.875,2.4375,2,7,0,9,24,0.07283724125969385,0.06651221653662097,215.7421875,2.434365698952102,0.16138667527929842,3.2995145906020156,0.17442745659005413,-0.8651488916499135,-0.0130407813107557,
male_2,236400,4.925,2.4625,0,2,0,2,19,0.054805129622745086,0.053291113299581874,214.5703125,4.300793839109071,0.17868829535681652,3.0127791238043953,0.1682573686634766,1.2880147153046755,0.01043092669333992,
male_2,238800,4.975,2.4875,4,3,4,11,19,0.047793728486193295,0.04519306589960443,217.0078125,2.5560962509148037,0.17418175955138246,2.327320830788014,0.1752044086191486,0.22877542012678953,-0.0010226490677661404,
male_2,241200,5.025,2.5125,3,5,1,9,18,0.04308591180052066,0.03711437860392905,222.8671875,2.8094614892217358,0.1766946518054609,1.8540745215200376,0.1624651279526657,0.9553869677016982,0.01422952385279519,
male_2,243600,5.075,2.5375,4,2,3,9,17,0.03798834380419713,0.030359081682514184,221.1640625,1.6308340981169953,0.16787431441526265,1.4992450496032097,0.16032661716267674,0.1315890485137856,0.0075476972525859165,
male_2,246000,5.125,2.5625,1,2,1,4,18,0.0300407115864473,0.028618439814620963,218.1171875,2.093904673219778,0.16669181094847169,1.28665456445747,0.15933000983930468,0.8072501087623078,0.00736180110916701,
male_2,248400,5.175,2.5875,2,6,2,10,16,0.029587374234775903,0.028436349207827987,219.2890625,2.1968207188466042,0.17390434596191634,1.4870783048418683,0.15018115828971293,0.7097424140047359,0.02372318767220341,
male_2,250800,5.225,2.6125,4,4,3,11,13,0.03208716136126385,0.03022900545643029,220.0,1.7447204548151818,0.19831154672310425,2.012513907575529,0.17082010307562193,-0.2677934527603474,0.027491443647482322,
male_2,253200,5.275,2.6375,1,4,0,5,11,0.03187195792354484,0.0300326221210168,220.0,1.9037673894582703,0.1735071397937679,1.8943322919926937,0.19514710427292967,0.00943509746557658,-0.021639964479161777,
male_2,255600,5.325,2.6625,1,1,0,2,10,0.028125149940427596,0.029021290932848318,213.5625,3.2490903907507946,0.18172544033627114,2.4544210144089047,0.16404749255117296,0.7946693763418899,0.01767794778509818,
male_2,258000,5.375,2.6875,5,4,3,12,12,0.01899686107738898,0.028574456718009806,204.1875,3.515109326199728,0.18891273719709695,4.526938277921346,0.1907702478855064,-1.011828951721618,-0.0018575106884094472,
male_2,260400,5.425,2.7125,6,1,2,9,15,0.032544045715627475,0.03034731821972316,176.4375,2.6492158825089915,0.18000408394377906,4.096593349717226,0.21632598439231204,-1.4473774672082347,-0.03632190044853298,
male_2,262800,5.475,2.7375,6,3,3,12,17,0.04429979632494929,0.04514207745861615,156.0,2.7201847992360007,0.1678816083721779,1.8781183949266511,0.16933378185653794,0.8420664043093495,-0.0014521734843600531,
male_2,265200,5.525,2.7625,6,12,5,23,20,0.04582947660750665,0.05401983642893696,156.0,1.8741945348122004,0.16990405396473726,2.017115176962072,0.18012413530970023,-0.14292064214987166,-0.010220081344962967,high
male_2,267600,5.575,2.7875,3,6,1,10,11,0.05507313288654791,0.052775112588161775,162.640625,3.095774729405383,0.19942857253919555,2.9207390942184084,0.17805271566952616,0.1750356351869744,0.02137585686966939,
male_2,270000,5.625,2.8125,1,0,1,2,12,0.0593140948256211,0.05996428343529627,174.359375,2.900289254267696,0.19351803286040514,3.0033108093277554,0.164064770337523,-0.10302155506005928,0.029453262522882134,
male_2,272400,5.675,2.8375,1,6,1,8,10,0.07056633264900392,0.06882807646895547,186.078125,2.4854108140212645,0.17255214776484104,2.8370737394536465,0.15017509509957952,-0.351662925432382,0.02237705266526152,
male_2,274800,5.725,2.8625,2,4,1,7,5,0.06948648735691845,0.06950767042706502,196.8984375,3.334966292319561,0.1616416862691406,3.373525168554656,0.15787649546651897,-0.0385588762350948,0.0037651908026216374,
male_2,277200,5.775,2.8875,2,1,0,3,7,0.06868387172578302,0.08025844410836887,202.7578125,2.205681798678223,0.16038737823402321,5.613320774712847,0.16821426767777306,-3.4076389760346237,-0.007826889443749846,
male_2,279600,5.825,2.9125,6,0,5,11,9,0.08290733908941557,0.08628315888628404,208.09375,2.334369335238516,0.18254509551838782,6.985822622862653,0.20513971025554414,-4.651453287624136,-0.02259461473715632,
male_2,282000,5.875,2.9375,2,8,0,10,7,0.08954112079672122,0.0874496221749311,212.78125,5.37538195783084,0.21120285556792312,3.381104744935734,0.16867850065884163,1.9942772128951063,0.04252435490908149,
male_2,284400,5.925,2.9625,2,0,0,2,6,0.10295577976304678,0.08890848712109573,216.6015625,3.556113939954206,0.20451222218255444,1.2721637836968287,0.14142397150787173,2.283950156257377,0.06308825067468271,
male_2,286800,5.975,2.9875,4,1,1,6,11,0.10995913728959011,0.08636775980504442,220.0390625,2.057201115408586,0.16722252691635867,2.453178720984312,0.16531594116261591,-0.39597760557572625,0.001906585753742751,
male_2,289200,6.025,3.0125,2,2,2,6,11,0.11180094605717367,0.08303465601117854,221.2109375,1.4283032487110756,0.15942738764802108,1.6703172892252,0.16573802013490413,-0.24201404051412445,-0.006310632486883044,
male_2,291600,6.075,3.0375,4,2,1,7,14,0.10000903877273357,0.08169337354393048,222.0,1.951745939209061,0.18914800851397304,1.565341687178703,0.15304145809921804,0.3864042520303581,0.036106550414754995,
male_2,294000,6.125,3.0625,1,0,0,1,14,0.10227947150618055,0.08267611033933496,222.0,1.5074090947327852,0.184386567434793,1.3771400537038239,0.13999908184180404,0.1302690410289613,0.04438748559298897,
male_2,296400,6.175,3.0875,2,5,2,9,16,0.11225396015863272,0.08584605059752314,222.0,2.4311080454432092,0.18147991126150073,2.246429460745956,0.1698079312382363,0.18467858469725318,0.011671980023264444,
male_2,298800,6.225,3.1125,0,4,0,4,7,0.1059544856536784,0.07821878999131474,222.0,3.141453707580389,0.19906057511130923,3.0965747031326614,0.21225390167409822,0.044879004447727855,-0.013193326562788987,
male_2,301200,6.275,3.1375,3,4,2,9,5,0.06263491027729925,0.055152896512428495,219.859375,3.405503656535094,0.22222052440244103,2.9522632086268574,0.23887238063447924,0.45324044790823637,-0.016651856232038215,
male_2,303600,6.325,3.1625,9,2,3,14,7,0.04410811005714974,0.034354621534307045,215.09375,3.0717069518543134,0.22015468923982753,2.5239430920069195,0.2015170746067643,0.547763859847394,0.018637614633063238,
male_2,306000,6.375,3.1875,12,2,6,20,14,0.030695239530619166,0.025957333441163202,201.03125,3.0247770896963355,0.18058321348977377,2.987169978869474,0.15576088789226142,0.03760711082686141,0.02482232559751235,
male_2,308400,6.425,3.2125,7,11,6,24,20,0.024152875349226634,0.01831910638116817,211.578125,2.3325391973798864,0.18723773274112304,3.0614278454423354,0.19591639540057376,-0.728888648062449,-0.00867866265945072,
male_2,310800,6.475,3.2375,7,18,7,32,16,0.054475064715382264,0.03538793343931936,246.734375,3.0232956461373615,0.2193909201156056,4.055109046884493,0.23453682876727636,-1.0318134007471311,-0.015145908651670759,high
male_2,313200,6.525,3.2625,2,7,2,11,4,0.1025588957743035,0.07010051265759998,259.578125,4.162423001410639,0.21380559800453458,3.1431427120686517,0.19775813390905958,1.0192802893419874,0.016047464095475,
male_2,315600,6.575,3.2875,1,1,0,2,2,0.1882046793514993,0.09322192610012825,267.421875,2.4526165246215643,0.17522288892962082,2.544734058233767,0.19794955133179395,-0.09211753361220287,-0.022726662402173137,
male_2,318000,6.625,3.3125,1,0,0,1,3,0.21911744712113537,0.09929612137922302,283.828125,2.8791318386844775,0.1839394748991663,2.8012120483877325,0.1842514093422136,0.077919790296745,-0.000311934443047307,
male_2,320400,6.675,3.3375,7,0,1,8,6,0.15513395946233963,0.12439007425440772,294.0,3.6617714434838695,0.1893237421937183,1.7295595513712883,0.18990085367372858,1.9322118921125813,-0.0005771114800102728,
male_2,322800,6.725,3.3625,7,1,2,10,18,0.14987714285453899,0.14335489767421786,294.0,1.8261198551805895,0.18229317643323523,0.959821655119574,0.13815328041882077,0.8662982000610155,0.044139896014414454,
male_2,325200,6.775,3.3875,0,2,0,2,17,0.14199951655675463,0.1319416203099633,292.421875,1.928496121431887,0.18103645382069858,1.2887727487400085,0.13961322803757442,0.6397233726918785,0.04142322578312416,
male_2,327600,6.825,3.4125,2,1,2,5,14,0.12309213879312478,0.12033447395414645,290.078125,1.5839766071187749,0.18503170669583224,1.2867608289610368,0.1460552366272779,0.29721577815773803,0.03897647006855434,
male_2,330000,6.875,3.4375,2,1,2,5,18,0.1340836840641492,0.1276242845044606,290.0,1.1393384455269886,0.16223839156262623,0.9245525523709448,0.13655535188849297,0.2147858931560438,0.025683039674133268,
male_2,332400,6.925,3.4625,1,6,1,8,13,0.12159969676467859,0.10509857139428845,290.0,2.4870526114262526,0.1939084456578985,1.1181547614530707,0.16415692878462979,1.3688978499731819,0.029751516873268713,
male_2,334800,6.975,3.4875,2,5,1,8,9,0.06308658681150135,0.05414982050725626,290.0,5.347904204631659,0.20032606499971406,5.3942408262248565,0.19499967379533764,-0.04633662159319751,0.005326391204376418,
male_2,337200,7.025,3.5125,13,7,6,26,10,0.017467753000711548,0.014880889653687411,290.0,3.661978866231185,0.1944152266222913,3.6646118430231502,0.22758605250391106,-0.0026329767919652802,-0.033170825881619764,
male_2,339600,7.075,3.5375,2,2,1,5,15,0.011170543884198213,0.010211843900098778,290.0,2.56350281249299,0.18176438350412807,2.616380974584763,0.18543050536314398,-0.052878162091773095,-0.0036661218590159084,
male_2,342000,7.125,3.5625,6,12,5,23,14,0.010910327559303741,0.010539842869698854,273.1328125,2.576529627986697,0.19987419490249045,2.6421466430702996,0.1886245990316282,-0.0656170150836024,0.011249595870862245,
male_2,344400,7.175,3.5875,4,2,1,7,9,0.012164469509034352,0.012023206885689938,256.328125,3.6789978917964703,0.20560028082434992,2.55085727245659,0.17512104048846058,1.1281406193398804,0.030479240335889335,
male_2,346800,7.225,3.6125,6,6,2,14,12,0.020823706767704304,0.01923206565455116,258.671875,3.805181728029739,0.1794902357688221,3.5294670481651993,0.21170711843429507,0.27571467986453957,-0.032216882665472985,
male_2,349200,7.275,3.6375,6,0,5,11,14,0.040970570481809514,0.044641659364914,260.5078125,3.581766059657152,0.18035308032832262,5.282327409018317,0.2385384954589143,-1.7005613493611653,-0.058185415130591694,
male_2,351600,7.325,3.6625,6,1,5,12,21,0.06720438951879379,0.06651436667235211,261.6796875,2.2864659351477665,0.168938378808717,3.6631007722825757,0.18286292982167218,-1.3766348371348092,-0.013924551012955172,
male_2,354000,7.375,3.6875,0,13,0,13,17,0.06758481541980443,0.06756791424097737,262.0,3.284946549489314,0.18031172492271094,4.289219051557679,0.19830423166038916,-1.004272502068365,-0.017992506737678216,
male_2,356400,7.425,3.7125,2,3,1,6,8,0.04248815390830171,0.06494931097387843,262.3515625,3.917790055327497,0.19279452587540177,2.3569653948796327,0.20109099631658048,1.5608246604478642,-0.008296470441178705,
male_2,358800,7.475,3.7375,1,1,1,3,9,0.04133361403296111,0.06964215698777199,279.9296875,2.0739018665691864,0.1868778882889258,2.4205762251578085,0.19873768001655007,-0.34667435858862206,-0.011859791727624275,
male_2,361200,7.525,3.7625,10,2,2,14,11,0.07981729481726929,0.08076649673617138,292.734375,2.2954512345650375,0.19811730396462554,2.084360761796393,0.19367323572202708,0.21109047276864468,0.0044440682425984646,
male_2,363600,7.575,3.7875,2,4,0,6,13,0.08421091730576247,0.08774558822357743,295.078125,2.069079702153992,0.19078412453703814,2.584377200243881,0.17166335523743312,-0.5152974980898888,0.019120769299605017,
male_2,366000,7.625,3.8125,4,0,1,5,15,0.08443715624490286,0.08616095016835813,296.0,1.8313674311134132,0.1907252811402921,0.862857753621711,0.1452796110030749,0.9685096774917021,0.0454456701372172,
male_2,368400,7.675,3.8375,1,1,1,3,18,0.08673644475418825,0.08523417139637518,296.0,1.232808982071546,0.13880357014263228,0.8074795800091351,0.13321481134490618,0.4253294020624109,0.005588758797726107,
male_2,370800,7.725,3.8625,2,2,1,5,17,0.08291500619365594,0.08423675773896623,296.0,1.19477434303317,0.180070687372623,1.0673794940271766,0.15564834113446666,0.12739484900599352,0.02442234623815634,
male_2,373200,7.775,3.8875,0,2,0,2,17,0.08868656487072325,0.08620423492832018,296.0,0.8665685245615515,0.18826579129719376,0.5462476096198086,0.17133313963530455,0.320320914941743,0.016932651661889203,
male_2,375600,7.825,3.9125,1,0,0,1,16,0.0919383108508415,0.0936906265271535,296.0,1.2411945284453942,0.1849303250474355,0.751201396732998,0.16144273737700393,0.4899931317123962,0.023487587670431576,
male_2,378000,7.875,3.9375,2,8,2,12,18,0.09592988428096844,0.09388763144951481,295.4296875,1.8262719060253358,0.18245371836895188,1.8325508436135747,0.18391929541946936,-0.006278937588238831,-0.0014655770505174748,
male_2,380400,7.925,3.9625,1,5,1,7,10,0.0750088958515939,0.07883688780021887,294.2578125,2.928681009045044,0.22437656430081881,5.716427873766046,0.2407961283964894,-2.7877468647210017,-0.01641956409567058,
male_2,382800,7.975,3.9875,2,0,0,2,8,0.051510625089802364,0.0552441127576536,281.203125,3.3267808777861845,0.2259565205999259,4.108189517317673,0.2454959501210954,-0.7814086395314881,-0.019539429521169493,
male_2,385200,8.025,4.0125,7,3,4,14,13,0.06309850375209593,0.06316990386642089,266.0859375,3.0337455043721415,0.21417166506244187,3.8534420880415006,0.2192294359158249,-0.819696583669359,-0.00505777085338302,
male_2,387600,8.075,4.0375,5,4,4,13,14,0.07122656215703228,0.06762900713959197,267.2578125,3.2469196468617305,0.18498483005237012,1.8973799940569867,0.1929881637662593,1.3495396528047439,-0.008003333713889171,
male_2,390000,8.125,4.0625,5,10,5,20,11,0.08165959241602472,0.07226667894592513,267.140625,2.498338683124943,0.20223970455134532,4.788501167824911,0.17847438485377146,-2.2901624846999686,0.023765319697573867,
male_2,392400,8.175,4.0875,2,2,1,5,8,0.07689902690403397,0.06778793614155386,264.796875,4.031184170961326,0.193235603097069,3.4408292445747617,0.16844046968545653,0.590354926386564,0.024795133411612463,
male_2,394800,8.225,4.1125,9,0,9,18,10,0.06624261014651742,0.0619013208714698,261.6796875,3.364522944624673,0.1857975240740298,2.089095282575998,0.1794594027101096,1.275427662048675,0.006338121363920202,
male_2,397200,8.275,4.1375,4,12,3,19,15,0.04850966653173771,0.05381857318386077,258.1640625,2.640558217473286,0.18826876379660937,4.117260418114718,0.178738214005796,-1.4767022006414319,0.009530549790813359,
male_2,399600,8.325,4.1625,1,5,1,7,6,0.025498305862909968,0.045219894295859236,265.8203125,3.793295142967849,0.17825773454140434,3.1099840567422192,0.21520351094966436,0.68331108622563,-0.03694577640826002,
male_2,402000,8.375,4.1875,3,4,2,9,7,0.04234004466496652,0.032448159081328164,272.0,3.2766987552022053,0.19771727456902588,2.504198212047087,0.18899406769231178,0.7725005431551182,0.008723206876714101,
male_2,404400,8.425,4.2125,9,9,7,25,7,0.0309249657924715,0.02332471243044075,272.0,2.2910153088013847,0.19167265533601166,1.9547557049792412,0.15733595222291435,0.3362596038221435,0.034336703113097305,
male_2,406800,8.475,4.2375,3,0,0,3,7,0.032172851208920925,0.027829039523138453,268.203125,2.8883200460408145,0.19523776667124965,2.0657900442747312,0.1468696784302878,0.8225300017660833,0.04836808824096184,
male_2,409200,8.525,4.2625,2,0,1,3,9,0.026252863150974463,0.026215986659069095,261.171875,2.8229075735559697,0.16826249802528162,1.7445298195709298,0.14431652577548174,1.0783777539850399,0.023945972249799885,
male_2,411600,8.575,4.2875,3,2,2,7,11,0.0198429729690241,0.019708537220051357,260.0,1.955492475186563,0.1762686924843661,1.6849093597894353,0.14800562877378945,0.27058311539712765,0.028263063710576658,
male_2,414000,8.625,4.3125,5,3,3,11,13,0.017086555919094033,0.017108187999211388,259.703125,1.876921782391466,0.1778398960590475,2.6094275569490226,0.1709310028602398,-0.7325057745575567,0.006908893198807692,
male_2,416400,8.675,4.3375,1,2,1,4,13,0.015278505581260744,0.01637767462565627,257.359375,2.248743918011178,0.17234644547670364,2.729708122859395,0.1960338388208121,-0.4809642048482172,-0.023687393344108465,
male_2,418800,8.725,4.3625,2,4,1,7,10,0.01900685556278176,0.016785557796790286,230.40625,3.338804705093553,0.17869194570985786,2.722559861151969,0.2166351736847007,0.6162448439415842,-0.03794322797484284,
male_2,421200,8.775,4.3875,1,1,0,2,9,0.02091682560346876,0.011890334838648618,169.46875,3.5513039112290645,0.18542440897597562,2.467949802853704,0.1815702184149708,1.0833541083753606,0.0038541905610048055,
male_2,423600,8.825,4.4125,6,4,4,14,12,0.018873938464489766,0.01582621851479458,152.0,3.3301803616810224,0.17869434819667318,3.198952116545007,0.1917128233643799,0.13122824513601516,-0.013018475167706711,
male_2,426000,8.875,4.4375,5,9,3,17,11,0.027386245143167,0.027707110589872647,152.0546875,3.3604286109516504,0.18610471664083097,2.925378704062102,0.18026732255902078,0.43504990688954814,0.005837394081810193,
male_2,428400,8.925,4.4625,5,5,2,12,8,0.04245860581259735,0.03489567696470778,160.2578125,3.426540908166752,0.19805940760204363,2.1960321413121386,0.15558623704960442,1.2305087668546135,0.04247317055243921,
male_2,430800,8.975,4.4875,4,2,4,10,9,0.06034146330163438,0.034147099588017225,176.1953125,3.211392461539055,0.19361878244724023,2.069636687948429,0.18233569874904385,1.141755773590626,0.011283083698196389,
male_2,433200,9.025,4.5125,3,8,3,14,7,0.046459336296487415,0.04105235393809441,210.1796875,2.9871166211617206,0.22892012465318481,2.1701516528805564,0.1890970560733121,0.8169649682811642,0.03982306857987272,
male_2,435600,9.075,4.5375,1,3,1,5,3,0.07905842915124991,0.060998605905781884,231.6484375,3.810494973958993,0.20792182036601395,3.7398010122070424,0.19796575431719815,0.07069396175195042,0.009956066048815798,
male_2,438000,9.125,4.5625,2,0,0,2,3,0.10831452886678875,0.09467826602472032,244.5390625,4.002417876766035,0.18777223833492346,2.725670003988519,0.18062504198467047,1.2767478727775163,0.007147196350252988,
male_2,440400,9.175,4.5875,7,0,0,7,12,0.12381701275776313,0.12764094963338857,246.0,2.2229630765856996,0.1675219168658185,0.8934051883555761,0.13674493508996058,1.3295578882301236,0.030776981775857915,
male_2,442800,9.225,4.6125,2,0,0,2,13,0.1080831013967233,0.12901164053704756,246.0,1.4933734095939404,0.17766120928733461,0.6855175885261221,0.12704642537265318,0.8078558210678183,0.05061478391468144,
male_2,445200,9.275,4.6375,7,0,5,12,17,0.10080968132535756,0.12438494725691912,246.0,0.5845030500941191,0.12901267615049555,0.7800408808721693,0.12794709035299837,-0.1955378307780502,0.0010655857974971872,
male_2,447600,9.325,4.6625,1,6,0,7,18,0.11016019324164673,0.12085181180484228,246.0,1.256658470317631,0.1911449674791981,1.8360609186534194,0.18121700194457446,-0.5794024483357885,0.009927965534623634,
male_2,450000,9.375,4.6875,2,2,2,6,16,0.10228040528379086,0.0934884663614134,246.0,3.062189722540808,0.21596555237843276,4.369921712794159,0.22263720863664413,-1.3077319902533513,-0.006671656258211367,
male_2,452400,9.425,4.7125,11,3,7,21,20,0.06317085152584782,0.04616482018946724,243.3046875,5.113102183506154,0.2458898131954976,5.935756982297685,0.2955949994622201,-0.8226547987915307,-0.04970518626672252,high
male_2,454800,9.475,4.7375,9,15,5,29,19,0.030382415720872327,0.016772197838211173,240.2109375,3.2952019303834392,0.21207473547006314,2.4846028153943194,0.18375494272749954,0.8105991149891199,0.028319792742563604,
male_2,457200,9.525,4.7625,4,3,2,9,18,0.026033086503279308,0.014643263921177058,243.7265625,2.04917775517254,0.15673740296137936,2.0108396246407674,0.1655065031829523,0.038338130531772485,-0.008769100221572929,
male_2,459600,9.575,4.7875,5,5,1,11,19,0.020303063265279978,0.012634488237128639,241.03125,1.69143085866041,0.1851778165153211,2.1921430312739303,0.16092603246203044,-0.5007121726135202,0.024251784053290648,
male_2,462000,9.625,4.8125,9,6,5,20,19,0.01989353412554768,0.011309839397783454,226.96875,3.3654192950960855,0.20738267141229433,2.4090420862351434,0.18425293686450733,0.9563772088609421,0.023129734547786995,
male_2,464400,9.675,4.8375,8,8,3,19,24,0.025042704217453866,0.018811715753767097,221.2421875,3.5882593231207105,0.22360043841984473,2.978445492972282,0.25122850619768883,0.6098138301484286,-0.0276280677778441,
male_2,466800,9.725,4.8625,3,9,0,12,16,0.04942140272152154,0.04301886660459905,220.0703125,4.210137244190682,0.21603175361389443,3.143909262734555,0.23794339408270807,1.0662279814561275,-0.021911640468813637,
male_2,469200,9.775,4.8875,4,0,1,5,17,0.06370199158287582,0.06381306330136663,220.0,1.7437214644875008,0.17410357005081392,1.8727454651689732,0.163056178119743,-0.12902400068147246,0.011047391931070932,
male_2,471600,9.825,4.9125,0,1,0,1,19,0.07196383239250134,0.06957892550202922,220.2734375,1.325529560765655,0.15081435519251965,0.750377250619227,0.13008381716386935,0.575152310146428,0.020730538028650297,
male_2,474000,9.875,4.9375,2,1,1,4,21,0.07275562554515974,0.06981534963380402,221.4453125,1.0716843369121025,0.175262123642721,0.7592400322840396,0.12926072896915586,0.31244430462806294,0.04600139467356515,
male_2,476400,9.925,4.9625,0,0,0,0,20,0.0741575502228805,0.06802251420741409,222.0,0.7296479955052337,0.12607292476170656,0.6398451584870223,0.13319381761998048,0.08980283701821146,-0.007120892858273914,
male_2,478800,9.975,4.9875,0,1,0,1,20,0.07008649476075622,0.06623933747985815,222.0,0.434338929661659,0.12927539612759023,0.8933494450942547,0.12519661796996615,-0.45901051543259574,0.004078778157624086,
male_2,481200,10.025,5.0125,0,2,0,2,18,0.06786464752672813,0.06318279946431261,222.9609375,1.1276670177301475,0.15235109068136304,1.4429032406813294,0.1721872239327236,-0.3152362229511818,-0.01983613325136055,
male_2,483600,10.075,5.0375,2,1,2,5,17,0.06913564514097865,0.06464951426283588,224.0,1.9371321792397473,0.16544988278664546,0.9882050610627245,0.1787792987939873,0.9489271181770228,-0.013329416007341832,
male_2,486000,10.125,5.0625,1,2,1,4,17,0.06638878070496362,0.06690759054447502,224.0,1.4148785020597092,0.15403188732739875,1.1413216379481703,0.15535904458184518,0.2735568641115389,-0.0013271572544464316,
male_2,488400,10.175,5.0875,0,3,0,3,17,0.06736818181366752,0.06627369819528904,223.5234375,1.3942739176531738,0.16257725253680486,2.696593273062896,0.20671557438784474,-1.302319355409722,-0.044138321851039886,
male_2,490800,10.225,5.1125,1,4,0,5,13,0.06703334824742434,0.06627603918199668,222.3515625,2.517534239890556,0.2057532531670539,2.8041682571257485,0.2073047323552963,-0.28663401723519266,-0.0015514791882424162,
male_2,493200,10.275,5.1375,1,2,1,4,10,0.05006732129263603,0.05689086409963969,221.1796875,3.7280463909491814,0.19234112249522253,3.1710221459241574,0.2203852350536156,0.557024245025024,-0.028044112558393064,
male_2,495600,10.325,5.1625,3,3,1,7,11,0.03273383826726886,0.03030579079638666,220.0078125,3.9484783903150324,0.18572009644814289,3.789731709297932,0.2291561038460174,0.15874668101710032,-0.04343600739787451,
male_2,498000,10.375,5.1875,7,3,3,13,14,0.008833675099024186,0.008275073963802204,221.1640625,2.2911394051519203,0.18450162604046821,2.515348698396779,0.2158830711175858,-0.22420929324485872,-0.0313814450771176,
male_2,500400,10.425,5.2125,4,2,3,9,16,0.004005094280265872,0.0038401592734291865,215.953125,3.4566241064171868,0.17652316971697188,2.4613961087046357,0.1993820494660592,0.9952279977125511,-0.02285887974908732,
male_2,502800,10.475,5.2375,9,11,7,27,16,0.006064255997764298,0.007988386679263574,194.859375,2.8412249650495864,0.18488380848684893,3.903537760814637,0.20141644001695377,-1.0623127957650507,-0.01653263153010484,
male_2,505200,10.525,5.2625,3,4,1,8,13,0.0415374369306792,0.034394685106997565,186.0,3.9614997884719085,0.19576340332338063,8.480179715173314,0.24748862923403947,-4.518679926701406,-0.05172522591065884,
male_2,507600,10.575,5.2875,0,4,0,4,11,0.07519155065448936,0.0728323523261275,186.0,3.2176680832236824,0.17245449244614133,2.7798796406851345,0.16827032997477023,0.4377884425385479,0.0041841624713711,
male_2,510000,10.625,5.3125,0,5,0,5,9,0.10457079811236407,0.09276257916629228,187.0234375,2.5634500240549793,0.16213374608180095,3.6360082128440805,0.19776911669516198,-1.0725581887891011,-0.03563537061336103,
male_2,512400,10.675,5.3375,0,1,0,1,3,0.08785085173689997,0.08957243666440164,189.3671875,3.4349675304266096,0.20288293392284143,2.2661692747190685,0.1869727182944805,1.1687982557075411,0.015910215628360924,
male_2,514800,10.725,5.3625,2,0,1,3,3,0.08844386307302238,0.07601842395842778,197.5703125,2.9416793380884103,0.1909347177380137,2.358379627409298,0.16951721121048954,0.5832997106791122,0.021417506527524166,
male_2,517200,10.775,5.3875,4,1,3,8,7,0.07440820738916161,0.07675411896817987,202.0,2.8788180726435644,0.18862764617726652,3.470395751231831,0.18423162093975248,-0.5915776785882665,0.004396025237514034,
male_2,519600,10.825,5.4125,0,4,0,4,7,0.09964703520450209,0.07852446624691345,202.0,4.057989635090818,0.1724554931765299,3.7395394945970133,0.19465389301817532,0.31845014049380493,-0.022198399841645428,
male_2,522000,10.875,5.4375,1,2,0,3,4,0.08839175763514888,0.07121435961082692,198.46875,3.1945234476751363,0.1928263941721347,2.158271531433042,0.17973490491478442,1.0362519162420942,0.013091489257350292,
male_2,524400,10.925,5.4625,0,0,0,0,3,0.0900139909571031,0.06535987986543793,194.0,2.6998901960629804,0.1928404841066332,2.3473596884524386,0.17024875134332335,0.35253050761054183,0.022591732763309863,
male_2,526800,10.975,5.4875,0,0,0,0,3,0.0708706660236316,0.0670615045787636,194.0,2.4203823805725726,0.17693159057233085,2.129792070127677,0.15872172992654332,0.29059031044489547,0.01820986064578753,
male_2,529200,11.025,5.5125,0,0,0,0,3,0.06612521115528457,0.06423388205771437,196.390625,3.073228726524537,0.1933891058290115,2.084415778636246,0.17447185973857857,0.9888129478882908,0.018917246090432938,control
male_2,531600,11.075,5.5375,4,1,2,7,6,0.05851991959121155,0.0627090428145858,203.421875,3.2952985433865045,0.1783136131552487,2.0031509873418525,0.16933459251407207,1.292147556044652,0.008979020641176644,
male_2,534000,11.125,5.5625,2,1,2,5,7,0.06239099507396045,0.050499432643617184,206.7421875,3.242956263065192,0.2001945571929398,2.7998436534448112,0.16934857343122345,0.44311260962038057,0.03084598376171635,
male_2,536400,11.175,5.5875,2,5,2,9,6,0.04092107747062045,0.03194446749668847,207.9140625,3.9414080910326907,0.18494802308833674,2.9022324488367204,0.1730011739235624,1.0391756421959704,0.011946849164774342,
male_2,538800,11.225,5.6125,0,1,0,1,4,0.02348891119105452,0.02459821405823644,194.96875,3.6173902650626295,0.18479483828015786,2.074138390407612,0.17495730010143146,1.5432518746550175,0.009837538178726402,
male_2,541200,11.275,5.6375,1,3,1,5,2,0.017970922537328172,0.015381094040899206,178.5859375,3.407358204319228,0.18478143113923395,3.2901626931997865,0.19151184148165484,0.1171955111194416,-0.006730410342420889,
male_2,543600,11.325,5.6625,2,0,0,2,3,0.01655868210350616,0.018002935011789397,153.9765625,3.178126627518137,0.1714863670933308,2.438437866872865,0.1812652724663753,0.7396887606452718,-0.009778905373044516,
male_2,546000,11.375,5.6875,1,0,1,2,3,0.026624071855015027,0.03158499939225367,145.0078125,2.9087762184815498,0.19385460128286067,2.220105361516196,0.16099732065238337,0.6886708569653539,0.0328572806304773,
male_2,548400,11.425,5.7125,2,1,0,3,3,0.03918093918043378,0.0416788262604094,150.8671875,5.500462024806389,0.2126704171638766,3.2229829211887733,0.1745462386418492,2.2774791036176154,0.0381241785220274,
male_2,550800,11.475,5.7375,13,3,4,20,8,0.05324399452180372,0.0528254083946235,153.890625,5.291226811034663,0.19382245705330234,11.760815339398391,0.26403024654772417,-6.469588528363728,-0.07020778949442183,
male_2,553200,11.525,5.7625,5,2,0,7,15,0.06210817413163023,0.06938244924173437,156.234375,3.292872796538679,0.17385829637422906,2.2717059170094718,0.19901039048760122,1.0211668795292073,-0.02515209411337216,
male_2,555600,11.575,5.7875,0,0,0,0,18,0.07434642224806451,0.08274600502961808,158.578125,1.799674883811575,0.17061734175840468,0.6556328518709309,0.15896115666984906,1.1440420319406441,0.01165618508855562,
male_2,558000,11.625,5.8125,5,0,2,7,20,0.07817718278270915,0.08777450652240207,160.0,1.3502672269530378,0.17281287848152965,0.7197431988956728,0.1440653413341224,0.630524028057365,0.028747537147407243,
male_2,560400,11.675,5.8375,0,2,0,2,21,0.08790707117520376,0.08581948107299943,160.0,1.1285514453656087,0.17042922009195663,0.7714343887523756,0.14979948100462911,0.3571170566132331,0.020629739087327514,
male_2,562800,11.725,5.8625,1,0,0,1,21,0.08721737540884891,0.07896035831370365,159.1953125,1.3674044803382421,0.17784469466437805,0.3516885695062595,0.15328853070968065,1.0157159108319826,0.024556163954697396,
male_2,565200,11.775,5.8875,1,0,0,1,23,0.08333475292588924,0.07924703284851242,158.0234375,0.938477613909039,0.1563835345856388,1.7138657535779454,0.15500674410305923,-0.7753881396689063,0.0013767904825795763,
male_2,567600,11.825,5.9125,1,8,1,10,22,0.07774894674558058,0.07946358155347516,159.1484375,1.5414693364040446,0.16500747817987285,3.0773787499842666,0.1597941795582838,-1.535909413580222,0.005213298621589063,
male_2,570000,11.875,5.9375,0,1,0,1,15,0.07891160200383661,0.07843271849767694,160.9609375,1.5413833277367908,0.17009781951493919,2.7042102309689557,0.1524063582664282,-1.162826903232165,0.01769146124851098,
male_2,572400,11.925,5.9625,7,1,7,15,15,0.08537362867408804,0.08237154965519913,164.4765625,2.088964589611539,0.16638545831688872,3.507867588996914,0.1816668576010079,-1.418902999385375,-0.015281399284119174,
male_2,574800,11.975,5.9875,2,14,2,18,17,0.06565758549820268,0.06990335840743353,166.0,3.2327213153269665,0.1798031406653811,4.93680566124445,0.19142951831260296,-1.7040843459174835,-0.011626377647221853,
male_2,577200,12.025,6.0125,2,6,1,9,7,0.042938087348134236,0.05361172673568198,166.0,5.321513371765752,0.18082395929588788,3.1655079858386643,0.20376710865541509,2.1560053859270876,-0.02294314935952721,
male_2,579600,12.075,6.0375,3,3,1,7,5,0.030670378966763043,0.04179337722341084,153.90625,3.509285334007831,0.18509204667975307,2.9164935122281763,0.2059591278986008,0.5927918217796546,-0.020867081218847727,
male_2,582000,12.125,6.0625,1,2,1,4,4,0.03844497898507375,0.03638473858011565,142.1796875,3.069982495429039,0.18677312272197236,2.161096071902052,0.16323898629962943,0.9088864235269871,0.02353413642234292,
male_2,584400,12.175,6.0875,2,1,0,3,4,0.04258138959855314,0.05322313130130136,143.3515625,3.0041086855405994,0.19014681028439745,1.7430227445513584,0.1543400420128489,1.261085940989241,0.03580676827154855,
male_2,586800,12.225,6.1125,2,1,0,3,5,0.05905021060417454,0.06667246589113685,144.5234375,3.2253188132229758,0.18328049017238465,1.5763686274516866,0.14491616615965747,1.6489501857712892,0.038364324012727186,
male_2,589200,12.275,6.1375,1,1,0,2,6,0.05988314565808987,0.06516625951690283,145.6953125,3.534947654471245,0.178443753880175,1.688702017458471,0.1447748972433343,1.846245637012774,0.03366885663684069,
male_2,591600,12.325,6.1625,3,0,2,5,7,0.05700993131601861,0.059535684964793764,146.8671875,3.432183910103226,0.17745597309855007,2.5000941186726706,0.14999632036879848,0.9320897914305553,0.027459652729751594,
male_2,594000,12.375,6.1875,0,5,0,5,6,0.05450786057771986,0.05410163326171514,148.15625,2.377230673612359,0.16802986896571026,2.215185590221613,0.14420957011432703,0.1620450833907463,0.02382029885138323,
male_2,596400,12.425,6.2125,1,1,0,2,4,0.05008690245426922,0.05129908714858468,152.84375,2.55708751425495,0.17986835233370815,2.3352591536461658,0.17242842602906724,0.22182836060878408,0.007439926304640909,
male_2,598800,12.475,6.2375,0,0,0,0,4,0.05247260184581104,0.0570117620244661,157.9140625,2.5721900470654013,0.16828966586601563,2.73691863605164,0.1633114977134136,-0.16472858898623866,0.004978168152602019,
male_2,601200,12.525,6.2625,1,0,0,1,5,0.05761455585974143,0.060737394953746006,163.7734375,2.9545765157749617,0.18103285085272658,1.8303729278167857,0.1481037564453584,1.124203587958176,0.03292909440736819,
male_2,603600,12.575,6.2875,0,0,0,0,5,0.059735749353457,0.0658263552666612,165.2734375,2.2662780546025427,0.17337917944753833,2.2516664972038236,0.1483375088440217,0.01461155739871911,0.02504167060351664,
male_2,606000,12.625,6.3125,0,0,0,0,5,0.06772589382288818,0.06912870243380873,164.1015625,3.309406726928022,0.1765137718469679,1.3660268596083531,0.15557065285232094,1.9433798673196687,0.02094311899464696,
male_2,608400,12.675,6.3375,0,1,0,1,5,0.06348524716679962,0.06760824114456121,164.0,2.630152822444005,0.16937371851000954,1.9208688549891693,0.14927470350131952,0.7092839674548359,0.02009901500869002,
male_2,610800,12.725,6.3625,0,0,0,0,4,0.06292896482105569,0.06933201916809825,163.7578125,2.1756022123479295,0.1704796604630277,2.7554498312435207,0.15600262175630267,-0.5798476188955912,0.014477038706725037,control
male_2,613200,12.775,6.3875,0,1,0,1,3,0.06408788428852222,0.07269329184189567,162.5859375,2.418052997401313,0.19512655452950306,2.5258207636140906,0.16697105466626536,-0.10776776621277762,0.028155499863237704,
male_2,615600,12.825,6.4125,1,0,0,1,3,0.07075303564477989,0.07498435763598384,162.0,2.4050297086637236,0.17998944024566468,1.9134195538084637,0.15853742829628106,0.49161015485525983,0.02145201194938362,
male_2,618000,12.875,6.4375,0,0,0,0,4,0.07122256990879558,0.07711147711056777,162.0,2.446124807071304,0.16475116781704185,1.6957692619858635,0.15027717796126192,0.7503555450854407,0.01447398985577994,
male_2,620400,12.925,6.4625,0,0,0,0,4,0.07510614122510904,0.07840556320284657,162.9296875,1.5186216663441872,0.16067880995078518,1.7902153918263464,0.14116318335385733,-0.2715937254821592,0.01951562659692785,
male_2,622800,12.975,6.4875,1,1,1,3,5,0.0718120035030276,0.07755157729712348,164.0,1.783072273924651,0.17826786556017332,2.1570241903031073,0.13839567454896473,-0.3739519163784564,0.03987219101120859,
male_2,625200,13.025,6.5125,0,1,0,1,3,0.06742375588903184,0.07749968403614349,164.0,2.356614054300822,0.16526806883331277,1.6833792092723563,0.14554763802998869,0.6732348450284658,0.019720430803324085,
male_2,627600,13.075,6.5375,0,0,0,0,3,0.07307477479254659,0.07576798611935788,164.0,1.9782388520287246,0.1739189483185162,1.2614069226127564,0.14142900057056482,0.7168319294159682,0.032489947747951387,
male_2,630000,13.125,6.5625,0,0,0,0,3,0.07021419557064851,0.0758727906757326,164.0,1.7710188809038407,0.16017554577951928,1.7747245480255123,0.14566221703098692,-0.00370566712167153,0.014513328748532367,
male_2,632400,13.175,6.5875,0,0,0,0,3,0.0719210137511268,0.0745132551254786,164.7890625,1.7443236932967934,0.15686501557705596,1.0834929100686148,0.1278284036064244,0.6608307832281786,0.029036611970631565,
male_2,634800,13.225,6.6125,0,0,0,0,3,0.06996737599762476,0.07482288366005779,165.9609375,1.2810591704038057,0.16392331274900837,1.4563236781603313,0.1480097664673549,-0.17526450775652558,0.01591354628165348,
male_2,637200,13.275,6.6375,0,0,0,0,3,0.07143615885144042,0.07582847571483063,166.0,3.0371325751487595,0.16447158520674351,1.5736148611508551,0.14554102775052022,1.4635177139979043,0.018930557456223296,
male_2,639600,13.325,6.6625,0,0,0,0,3,0.07381310972378084,0.0772481559999376,166.0,2.1136634188817265,0.15698748052399822,1.850276964156417,0.16256374829630696,0.2633864547253095,-0.005576267772308741,
male_2,642000,13.375,6.6875,1,0,0,1,3,0.07111391516137675,0.074564247827033,166.0,2.4847750299973708,0.17011218286448276,2.409632321825074,0.15746236384058496,0.07514270817229685,0.012649819023897807,
male_2,644400,13.425,6.7125,2,0,0,2,4,0.07198590013243106,0.07336192489609417,166.6484375,2.1244422846600135,0.15323428996721652,1.2241878366677352,0.13361127166900946,0.9002544479922783,0.019623018298207062,
male_2,646800,13.475,6.7375,0,0,0,0,6,0.07424934317645408,0.07446180197896968,167.8203125,1.8358305295723902,0.1467776233016396,1.401669089596816,0.12604145974803863,0.4341614399755742,0.020736163553600973,control
male_2,649200,13.525,6.7625,1,0,0,1,7,0.08022134654174969,0.07619795563954034,168.9921875,1.7379360487105973,0.15947559387900315,0.9494230880259643,0.12576043989878355,0.788512960684633,0.0337151539802196,
male_2,651600,13.575,6.7875,1,1,1,3,7,0.08304140184802364,0.07967935861340993,169.8359375,1.3288118620385168,0.16100475930254277,0.8294582651071477,0.14975557037007256,0.49935359693136905,0.011249188932470205,
male_2,654000,13.625,6.8125,0,1,0,1,6,0.0781572596308223,0.08350699916822998,168.6640625,1.9887165035412961,0.1698950377054545,0.6604180814593247,0.14380762823863344,1.3282984220819714,0.02608740946682106,
male_2,656400,13.675,6.8375,0,1,0,1,6,0.08113969532671052,0.08203301330277046,168.0,1.7339943024516842,0.16397281028756377,1.4707238202487392,0.14214850835160114,0.263270482202945,0.02182430193596263,
male_2,658800,13.725,6.8625,0,1,0,1,5,0.0785464474964007,0.0813088727471042,168.0,2.3775634786461817,0.16117628833089115,1.8083740703995916,0.14122039740067785,0.56918940824659,0.0199558909302133,
male_2,661200,13.775,6.8875,0,1,0,1,3,0.07345126023063615,0.07667234332015946,173.109375,2.449490026221571,0.18478854954746574,2.045518768606462,0.15883075025621082,0.4039712576151091,0.025957799291254913,
male_2,663600,13.825,6.9125,3,1,3,7,3,0.07825988961067717,0.08004801033705447,179.9765625,2.8211848163825373,0.17947713691951298,1.9966418207757464,0.15235673501469918,0.8245429956067909,0.027120401904813796,
male_2,666000,13.875,6.9375,0,1,0,1,5,0.09233349237360367,0.0851901589375071,178.8046875,3.0446726889348668,0.17157785116653887,1.7770221721157333,0.1464408986203798,1.2676505168191334,0.02513695254615908,
male_2,668400,13.925,6.9625,0,1,0,1,3,0.08196850574330931,0.08403293026286242,175.796875,2.183052648741194,0.16842606649446873,2.2819323471322956,0.15968722167711902,-0.09887969839110156,0.008738844817349711,
male_2,670800,13.975,6.9875,1,0,0,1,3,0.07439607725126976,0.07596229199224618,168.765625,2.7281765025859412,0.1894702727998159,1.8599731405482156,0.16744340313890405,0.8682033620377256,0.022026869660911857,
male_2,673200,14.025,7.0125,1,0,0,1,4,0.06990076462431472,0.07316841193971751,166.0,2.6285171769490248,0.17288448272612614,1.7673072938202066,0.1783628636964789,0.8612098831288182,-0.005478380970352775,
male_2,675600,14.075,7.0375,1,0,1,2,5,0.06927077418346315,0.07072523897575626,166.0,1.9692721342955142,0.17633897969964601,1.164424184240922,0.14785779163537058,0.8048479500545922,0.028481188064275437,
male_2,678000,14.125,7.0625,0,2,0,2,6,0.07309243003024374,0.07341539070750189,166.0,2.2934268424004616,0.15188876762593234,0.6122454255233865,0.12491263430941742,1.6811814168770751,0.026976133316514925,
male_2,680400,14.175,7.0875,1,0,1,2,4,0.07731280080827353,0.07890384206133515,166.0,2.515590827291044,0.15942299824311273,1.0344366108188259,0.12733326470816236,1.4811542164722182,0.03208973353495037,
male_2,682800,14.225,7.1125,0,2,0,2,3,0.07261342132064032,0.0785541287526977,166.0,1.829037916356604,0.16951618623315037,1.0198769315275964,0.1324950827902464,0.8091609848290076,0.03702110344290396,
male_2,685200,14.275,7.1375,2,0,1,3,4,0.07101424887295182,0.0755172266528928,166.0,1.3083425714708914,0.1607607011252721,1.0325987133816563,0.13404851761964123,0.27574385808923507,0.02671218350563087,
male_2,687600,14.325,7.1625,0,1,0,1,5,0.07068185707421724,0.07375479212198006,166.0,1.3927815837295083,0.16706730188495675,0.6428943232773441,0.1462963092609411,0.7498872604521643,0.02077099262401566,
male_2,690000,14.375,7.1875,0,0,0,0,4,0.06762353799317966,0.07144198444953732,166.0,2.123181726964721,0.18740709356219679,1.3207258886839952,0.16065726862277838,0.8024558382807259,0.02674982493941841,
male_2,692400,14.425,7.2125,0,0,0,0,4,0.06442742942838431,0.06786946611618673,166.0,1.4776685701479595,0.1814737844597363,2.490520649678169,0.18787272286927853,-1.0128520795302096,-0.006398938409542226,control
male_2,694800,14.475,7.2375,2,0,1,3,4,0.06380402848326203,0.06152446422935299,166.0,2.4894036622418083,0.16256876963866146,2.2544396356888985,0.16539602450013474,0.23496402655290982,-0.002827254861473283,
male_2,697200,14.525,7.2625,0,1,0,1,6,0.0580874119800126,0.05991559855237396,165.5703125,1.6387116546202125,0.18168427728327521,2.35168276173755,0.1670003790947759,-0.7129711071173377,0.0146838981884993,
male_2,699600,14.575,7.2875,0,0,0,0,5,0.052266234568807676,0.06350282587445726,164.3984375,2.2253341433503366,0.19650756164538374,3.286809804487274,0.2726738099409157,-1.0614756611369374,-0.07616624829553198,
male_2,702000,14.625,7.3125,0,1,0,1,4,0.04731412258765995,0.0584499914844637,154.71875,3.4743818257912107,0.2085364524430986,3.0096596269872147,0.22569088174488822,0.464722198803996,-0.01715442930178962,
male_2,704400,14.675,7.3375,6,3,3,12,3,0.033370348686768886,0.04975438925551689,140.65625,2.6290910271037813,0.19716802357918836,2.3513804609489135,0.16101893061540715,0.2777105661548678,0.036149092963781215,
male_2,706800,14.725,7.3625,0,0,0,0,7,0.0566995249937096,0.054439569354187,140.0,2.9192713519548312,0.20449057207898844,3.02564418428934,0.16986668343298725,-0.10637283233450878,0.03462388864600119,
male_2,709200,14.775,7.3875,0,1,0,1,6,0.05133767274626894,0.057265463743556594,141.4453125,3.2687163951889247,0.19551013759606548,1.861190830458932,0.14545026586637497,1.4075255647299927,0.05005987172969051,
male_2,711600,14.825,7.4125,2,1,2,5,6,0.0613468080023566,0.06467752937707867,147.3046875,3.012013940712123,0.19201668884972706,2.1678490645117776,0.15587322203119494,0.8441648762003453,0.036143466818532116,
male_2,714000,14.875,7.4375,0,2,0,2,5,0.05821690486161821,0.0623043839201181,146.8359375,3.011497855270387,0.16713010727101468,2.3483820111515223,0.1658030419254352,0.6631158441188645,0.00132706534557947,
male_2,716400,14.925,7.4625,1,0,1,2,5,0.040748981530654135,0.055206256495510635,140.9765625,2.3999872449710082,0.17682558902331116,1.9735939208028412,0.16420679732578608,0.426393324168167,0.012618791697525084,
male_2,718800,14.975,7.4875,1,2,1,4,7,0.05143808495838918,0.05384345076920145,139.0234375,2.4571340747893204,0.18404037822020233,2.4876762669741384,0.17941599187801086,-0.030542192184817907,0.004624386342191478,
male_2,721200,15.025,7.5125,0,0,0,0,5,0.045811089422689105,0.050420225210673485,138.890625,3.1184109777166773,0.18483681911649688,3.073635576706343,0.18060853961789006,0.04477540101033428,0.004228279498606824,
male_2,723600,15.075,7.5375,1,1,1,3,4,0.04697150262318883,0.051489476216117054,145.921875,3.099962680996237,0.18735970104908622,2.451457604017765,0.17313208523706128,0.6485050769784717,0.014227615812024946,
male_2,726000,15.125,7.5625,1,2,0,3,5,0.0481406843841721,0.05072513187655461,148.03125,2.552838968775987,0.16076733855576292,2.3130162498188476,0.18420085906107672,0.23982271895713936,-0.023433520505313804,
male_2,728400,15.175,7.5875,0,0,0,0,4,0.037941209118669564,0.05221716643322501,143.34375,3.3919547277727222,0.1918253356294489,3.060626543839499,0.17268864181111948,0.3313281839332234,0.019136693818329414,
male_2,730800,15.225,7.6125,1,0,0,1,4,0.03887818305236334,0.05174065453437819,139.4921875,3.1331730775401256,0.18292564661028404,2.584972309585093,0.18603399888864355,0.5482007679550325,-0.0031083522783595108,
male_2,733200,15.275,7.6375,1,1,1,3,5,0.050648670020417154,0.05268182540356004,136.015625,3.939804049569325,0.17967699759840425,1.6193938745768692,0.1919915267465895,2.320410174992456,-0.01231452914818526,
male_2,735600,15.325,7.6625,0,0,0,0,5,0.04884429897619669,0.05234301209139707,138.359375,2.3170135807391965,0.20087639369959706,2.679409805529109,0.15634126194036124,-0.3623962247899124,0.04453513175923582,
male_2,738000,15.375,7.6875,1,1,1,3,5,0.05003529844329484,0.053544415450838725,141.7578125,2.5408098135181394,0.17676915848586153,2.8116571680368487,0.1557521794273134,-0.27084735451870934,0.02101697905854813,
male_2,740400,15.425,7.7125,0,0,0,0,5,0.05082221339715973,0.05322126245310927,147.6171875,1.4405647279588725,0.1758329773371671,1.6296397881810285,0.14891254407128293,-0.18907506022215603,0.02692043326588417,control
male_2,742800,15.475,7.7375,2,2,2,6,4,0.04223842652525579,0.0497134511585084,147.9140625,2.456203528472516,0.17550932788427195,2.894774892551104,0.16536260674856934,-0.4385713640785882,0.010146721135702613,
male_2,745200,15.525,7.7625,2,1,2,5,5,0.030155115903171097,0.04453174112800759,144.3984375,2.708339062787325,0.17965002226527824,2.7740590147415656,0.1770319500545717,-0.06571995195424041,0.0026180722107065346,
male_2,747600,15.575,7.7875,0,2,0,2,5,0.03470075990118476,0.03924685222542531,140.8828125,2.599671276616395,0.1803606617424964,3.7945532050226443,0.17033734136808895,-1.1948819284062493,0.010023320374407452,
male_2,750000,15.625,7.8125,0,1,0,1,3,0.03809960611040396,0.036415808891485296,140.53125,2.931570026239578,0.20900242686139034,3.2699369640693146,0.21066762723680882,-0.3383669378297367,-0.0016652003754184797,
male_2,752400,15.675,7.8375,0,1,0,1,3,0.03764914745557244,0.03650586155984866,154.59375,2.9675520914438365,0.19603821816555925,2.406486179250493,0.16948359131692275,0.5610659121933437,0.026554626848636492,
male_2,754800,15.725,7.8625,1,0,0,1,3,0.04066594841662043,0.041963442123749514,161.4453125,2.4787512462319974,0.1777699424631374,2.5905985367768802,0.1748456887688338,-0.11184729054488285,0.0029242536943036024,
male_2,757200,15.775,7.8875,2,0,2,4,5,0.036739644703761974,0.04381528695217094,160.2734375,3.0329370952732937,0.17695106546037828,1.326525518896394,0.1756990413090837,1.7064115763768997,0.0012520241512945784,
male_2,759600,15.825,7.9125,1,1,0,2,5,0.02715585194234511,0.040176833965070546,159.1015625,4.09484337178287,0.2324997403883293,2.4000945335465182,0.19336705216895797,1.694748838236352,0.039132688219371325,
male_2,762000,15.875,7.9375,0,1,0,1,4,0.022003192668497356,0.03350680814784831,157.5078125,4.4774442457800046,0.20091543728936534,5.858170125016581,0.20316509842091543,-1.3807258792365769,-0.0022496611315500903,
male_2,764400,15.925,7.9625,0,0,0,0,4,0.018253920651729816,0.028917003487787588,149.3046875,1.8826419006745052,0.19183204314635138,2.5896981687033938,0.1798026750096608,-0.7070562680288885,0.012029368136690588,
male_2,766800,15.975,7.9875,0,1,0,1,3,0.019317373707557747,0.022371089874040885,143.171875,2.685564510390484,0.19950952865720373,3.149799524512476,0.17619102021304187,-0.464235014121992,0.023318508444161862,
male_2,769200,16.025,8.0125,0,1,0,1,3,0.01391945211825061,0.015296604996244773,140.828125,3.257614725217393,0.19609844399920348,1.9794580371669155,0.18090961245590334,1.2781566880504776,0.01518883154330014,
male_2,771600,16.075,8.0375,0,0,0,0,2,0.007227041906993102,0.008622548105027616,141.515625,2.376996482329872,0.18666173044452442,2.485748548091731,0.17297134464628972,-0.10875206576185903,0.0136903857982347,
male_2,774000,16.125,8.0625,5,2,4,11,2,0.0036552183246520657,0.0031406529645980484,143.859375,2.99733712818385,0.1766466394699296,2.2714699715776363,0.16608758339802263,0.7258671566062138,0.010559056071906964,
male_2,776400,16.175,8.0875,1,1,1,3,5,0.0019638281765157035,0.0016675490585674566,146.203125,2.7050672073809134,0.16328120363067677,2.247410444634322,0.1619607205895463,0.4576567627465913,0.0013204830411304713,
male_2,778800,16.225,8.1125,3,3,1,7,5,0.0013656998815444992,0.0013253501973644825,147.453125,2.673502994443856,0.1760712096666032,2.4029959195888297,0.15684687542854053,0.27050707485502645,0.019224334238062663,
male_2,781200,16.275,8.1375,1,1,1,3,5,0.002167397029070128,0.0019413748801369011,145.109375,2.8152040204379585,0.18322310237155034,3.0995739996017306,0.21411745640849095,-0.28436997916377216,-0.030894354036940602,
male_2,783600,16.325,8.1625,0,1,0,1,5,0.002937556354607459,0.002941174309339234,145.8515625,2.75535925295691,0.1922262977662357,3.3604539534882347,0.22115708698873524,-0.6050947005313247,-0.02893078922249953,
male_2,786000,16.375,8.1875,0,1,0,1,3,0.003899319336308762,0.0037424205895942465,149.3671875,2.609841547956402,0.1735451925274824,3.058759689420257,0.19609894661109933,-0.4489181414638552,-0.022553754083616928,
male_2,788400,16.425,8.2125,1,1,1,3,3,0.0031791992197341304,0.0031791760153228677,151.921875,3.2442109611349004,0.17992281013273553,4.3483361196582075,0.2021856842137852,-1.1041251585233072,-0.022262874081049655,
male_2,790800,16.475,8.2375,2,2,2,6,2,0.0017486747602987577,0.0015206657289009726,153.6015625,4.844780139689578,0.1828265977814359,3.9431024295495316,0.2086150715538695,0.9016777101400466,-0.025788473772433596,
male_2,793200,16.525,8.2625,0,1,0,1,3,0.000574916664240711,0.0004492499980358547,150.0859375,3.821002738524265,0.19448912075120342,2.6998215602311495,0.18291405463055857,1.1211811782931154,0.01157506612064485,
male_2,795600,16.575,8.2875,7,2,7,16,4,0.0001870425155410486,0.00013606246549607948,149.4296875,3.4415679187989276,0.18839808532116284,2.765189190568094,0.16083193575165047,0.6763787282308336,0.027566149569512366,
male_2,798000,16.625,8.3125,9,7,5,21,12,9.638612624517941e-05,9.92391977408114e-05,152.9453125,2.235631905389925,0.16622690952985217,2.24174557817196,0.15179427153694566,-0.006113672782035007,0.014432637992906505,
male_2,800400,16.675,8.3375,1,3,0,4,7,0.00022703574044636557,0.00015685633670274354,152.359375,2.870416352335419,0.19101475331985077,2.534393965891577,0.14928197367727486,0.3360223864438421,0.04173277964257591,
male_2,802800,16.725,8.3625,3,3,3,9,7,0.00016974592030773855,0.00015601212793317788,150.015625,2.9801177172102955,0.18640334152030127,2.2252609205398706,0.1542567380358621,0.7548567966704249,0.03214660348443918,
male_2,805200,16.775,8.3875,2,4,0,6,5,0.0002208723845032958,0.00019715050561135177,153.4921875,2.6608184034360676,0.1723037734649746,2.2149901178365745,0.16240877976593127,0.44582828559949306,0.009894993699043342,
male_2,807600,16.825,8.4125,0,0,0,0,5,0.0002536466427073925,0.00029911665460901683,156.3359375,2.87097382828115,0.16976132273691286,2.3145644884712806,0.16976452129950131,0.5564093398098695,-3.198562588457854e-06,
male_2,810000,16.875,8.4375,4,2,3,9,6,0.00020919191020123232,0.00022600173246932427,157.5078125,2.817623841557795,0.17382742632062806,2.4823491602778445,0.17401117304966135,0.33527468127995075,-0.0001837467290332906,
male_2,812400,16.925,8.4625,18,6,11,35,12,8.357225144994658e-05,6.600747604103658e-05,160.71875,2.8173091015168783,0.17932264439969445,1.7700533705011683,0.15928518160978933,1.04725573101571,0.02003746278990512,
male_2,814800,16.975,8.4875,6,7,1,14,16,2.2249712646102364e-05,1.3489677578904515e-05,165.40625,3.082765621251453,0.18857137395307585,2.3739653487173342,0.1525768634865359,0.7088002725341189,0.03599451046653995,
male_2,817200,17.025,8.5125,9,8,5,22,17,1.4970743773398213e-05,8.280008181695659e-06,234.5703125,2.3932932239083424,0.18793376329168202,2.1928048886824163,0.14992577829643844,0.20048833522592613,0.03800798499524358,
male_2,819600,17.075,8.5375,9,6,4,19,18,1.6557409863491136e-05,9.014993158289795e-06,298.4375,3.453848445914418,0.1794641510155055,2.376500476018164,0.15263401453308847,1.077347969896254,0.026830136482417027,
male_2,822000,17.125,8.5625,11,5,3,19,26,1.4498714162004986e-05,9.568164366224704e-06,289.0625,2.530540560655025,0.17169099140360164,2.728456815769154,0.15543526531876256,-0.19791625511412914,0.01625572608483908,
male_2,824400,17.175,8.5875,7,12,5,24,26,1.6193976341482646e-05,9.735669426921598e-06,251.65625,2.5764851216011597,0.1536712696783544,2.4957888833700537,0.16620290050843353,0.08069623823110605,-0.012531630830079132,
male_2,826800,17.225,8.6125,2,9,1,12,20,1.6955399178623176e-05,1.3070046735078715e-05,181.34375,2.486365137331157,0.1770461611070897,2.391992798055421,0.16046824618160116,0.09437233927573585,0.016577914925488546,
male_2,829200,17.275,8.6375,2,3,1,6,15,2.2694911553548078e-05,1.8720300677884433e-05,166.6484375,2.387997290042244,0.1467532281785082,2.50646933136521,0.1551253118182215,-0.11847204132296607,-0.008372083639713312,
male_2,831600,17.325,8.6625,9,8,7,24,17,2.9626181550645578e-05,2.1814893033457145e-05,170.546875,2.8160025131365947,0.17548228561053097,2.3609463120246694,0.16257010238959507,0.45505620111192524,0.012912183220935902,
male_2,834000,17.375,8.6875,5,10,4,19,16,3.04207581199428e-05,2.7287976799476087e-05,182.265625,2.7615604570687555,0.17585286387667648,1.9457987822646485,0.14872424335602474,0.815761674804107,0.027128620520651736,
male_2,836400,17.425,8.7125,6,8,6,20,9,1.926488199181152e-05,1.6622736685891273e-05,190.0,3.245213647972804,0.15874782781518185,2.3493850165050025,0.16994010482911434,0.8958286314678015,-0.011192277013932495,
male_2,838800,17.475,8.7375,6,6,3,15,10,2.1315752444261536e-05,1.0575568502444996e-05,190.0,2.207969144918,0.17069838757057143,2.0823847178191044,0.16431714658015475,0.12558442709889572,0.006381240990416676,
male_2,841200,17.525,8.7625,7,5,5,17,7,1.633601696841436e-05,1.123677442873407e-05,175.8984375,2.1849305572605804,0.16279971978013258,2.1167974399310236,0.1705755296864135,0.06813311732955674,-0.007775809906280934,
male_2,843600,17.575,8.7875,9,5,5,19,12,1.7069828482047643e-05,1.2407305441079903e-05,153.6328125,2.129389905761641,0.17702086505294234,1.853616377102987,0.16068872465529252,0.275773528658654,0.016332140397649825,
male_2,846000,17.625,8.8125,6,7,2,15,10,1.5913844609356722e-05,1.310286639635701e-05,229.1015625,2.746957685708682,0.1839658286254515,1.7113189029780425,0.15407855571031934,1.0356387827306395,0.029887272915132157,
male_2,848400,17.675,8.8375,6,4,5,15,15,1.5602564996915865e-05,1.0983480253801582e-05,295.546875,2.470700488197901,0.19900302267237727,1.6866639941581967,0.17482958525680312,0.7840364940397044,0.02417343741557415,
male_2,850800,17.725,8.8625,18,14,10,42,23,1.4511952689678422e-05,1.1981194565097545e-05,302.578125,2.826986398748573,0.16609706813232009,2.213681153289903,0.1896865954490651,0.6133052454586703,-0.023589527316745018,
male_2,853200,17.775,8.8875,7,5,5,17,21,1.532966696400991e-05,9.546084506096e-06,258.4765625,2.4550537712717397,0.17608340324551253,2.9968767822911864,0.21523825025088666,-0.5418230110194466,-0.03915484700537414,
male_2,855600,17.825,8.9125,6,8,4,18,25,1.4203139994894096e-05,9.372075993464545e-06,165.8984375,2.535929540596726,0.1794592784957724,3.721789082510856,0.2021921411617181,-1.1858595419141302,-0.022732862665945708,
male_2,858000,17.875,8.9375,10,16,7,33,18,1.4483928951533513e-05,1.0302568855076744e-05,225.515625,2.6928742078758154,0.20048502516008587,2.6206713120624263,0.18572152057223743,0.07220289581338912,0.014763504587848447,
male_2,860400,17.925,8.9625,2,4,2,8,12,1.682364318759882e-05,9.617819327044913e-06,312.8203125,2.577626291135421,0.18065369195691133,2.907084719042575,0.17381787398370538,-0.32945842790715396,0.006835817973205954,
male_2,862800,17.975,8.9875,6,7,2,15,10,1.3596926086120968e-05,6.491609997790947e-06,321.0234375,3.384548072632621,0.18140123027921495,2.356379558398723,0.16216638790025373,1.028168514233898,0.019234842378961226,
male_2,865200,18.025,9.0125,10,8,9,27,15,1.5618892905676025e-05,1.0571294566432179e-05,326.0,2.749418174551791,0.18051768384860406,2.8522105231554864,0.16995228064364307,-0.10279234860369524,0.010565403204960994,
male_2,867600,18.075,9.0375,3,6,1,10,13,1.4653481536463619e-05,1.1703972426335305e-05,326.0,3.2352207492056215,0.17048258161535784,2.6113202793169092,0.16052112286411374,0.6239004698887123,0.009961458751244101,
male_2,870000,18.125,9.0625,6,3,1,10,9,1.3839788490045053e-05,1.2360257638624656e-05,330.0234375,2.099422132108214,0.1814853883939807,2.4636629670923975,0.16397365851849086,-0.3642408349841837,0.01751172987548985,
male_2,872400,18.175,9.0875,6,7,4,17,13,1.63979959523916e-05,1.1757014719157196e-05,335.8828125,2.778776062284635,0.18510789876596442,2.731741631622644,0.16391424703265173,0.04703443066199098,0.021193651733312696,
male_2,874800,18.225,9.1125,8,7,4,19,13,1.8367132553980574e-05,8.892556710202625e-06,307.2890625,2.7534814772892062,0.17694628197781995,2.166591688315063,0.15838256529054356,0.5868897889741431,0.018563716687276383,
male_2,877200,18.275,9.1375,10,5,6,21,13,1.5575845590167954e-05,5.298310418222755e-06,287.28125,3.025264586304958,0.1639353655530677,2.548239162903039,0.17178196915557925,0.47702542340191867,-0.007846603602511548,
male_2,879600,18.325,9.1625,14,10,6,30,19,1.396886379719635e-05,5.163010662313459e-06,291.96875,3.151949656132617,0.17695578085609714,2.300233002357483,0.17380355628179983,0.8517166537751337,0.003152224574297313,
male_2,882000,18.375,9.1875,10,6,4,20,26,1.3911715070332092e-05,9.942363186353988e-06,294.6640625,3.055710607074897,0.17332890975077012,2.7139688019222894,0.15323618129352165,0.34174180515260755,0.020092728457248465,
male_2,884400,18.425,9.2125,4,9,3,16,24,1.191329716963457e-05,9.31250651995414e-06,295.8359375,2.7799845802581244,0.1607755383052341,1.8085370271295838,0.14900341138973058,0.9714475531285407,0.011772126915503528,
male_2,886800,18.475,9.2375,10,14,4,28,20,1.5036240391157434e-05,9.645148548515268e-06,293.984375,2.746558115042937,0.17927526384324138,1.8747996921389867,0.15468612491949085,0.8717584229039501,0.02458913892375053,
male_2,889200,18.525,9.2625,9,10,7,26,16,1.7065218813638707e-05,1.063772926064799e-05,278.8828125,2.597665131979501,0.17620361383389735,1.7928339174254566,0.15899240443938098,0.8048312145540446,0.01721120939451637,
male_2,891600,18.575,9.2875,7,8,4,19,18,1.347819493362814e-05,9.030280233468532e-06,193.3359375,2.6406254293081903,0.1744227527276915,1.8686657605512607,0.15720452202145122,0.7719596687569297,0.01721823070624029,
male_2,894000,18.625,9.3125,16,8,10,34,21,1.69062628421288e-05,5.90582472703384e-06,146.0,1.9281490677141517,0.18210663711234637,2.192678309757052,0.15906201394083472,-0.2645292420429002,0.023044623171511652,
male_2,896400,18.675,9.3375,7,5,2,14,25,1.5208407244782843e-05,9.206195660426095e-06,146.0,3.096305921454352,0.1660816899098028,2.4865375251748953,0.18276570497637046,0.6097683962794567,-0.016684015066567665,
male_2,898800,18.725,9.3625,5,10,3,18,22,1.3787476345214053e-05,9.109197255603951e-06,208.4375,2.8227338403910744,0.16504538756198422,2.5818546776558096,0.1469783457356329,0.24087916273526488,0.018067041826351327,
male_2,901200,18.775,9.3875,16,12,11,39,20,1.3887888224321464e-05,9.348552960791257e-06,290.078125,2.929727683626109,0.17042466550555102,2.4487904916716516,0.1686644090678649,0.48093719195445717,0.0017602564376861252,
male_2,903600,18.825,9.4125,6,9,4,19,23,1.5547317093320445e-05,8.599508787805044e-06,292.421875,2.479523965609779,0.16508767449952488,2.2817196410932787,0.1620996909649266,0.19780432451650043,0.002987983534598282,
male_2,906000,18.875,9.4375,8,7,7,22,20,1.546466252555089e-05,1.0001391464236855e-05,286.7265625,3.2440070317869676,0.18412754771513468,2.015926302001665,0.16709396809134017,1.2280807297853027,0.01703357962379451,
male_2,908400,18.925,9.4625,3,13,3,19,15,1.372606421640811e-05,8.463679349489491e-06,264.4609375,2.8348503933901186,0.17358428777426355,2.457554288836021,0.18509892056143437,0.3772961045540977,-0.011514632787170825,
male_2,910800,18.975,9.4875,11,4,11,26,14,1.351964265430815e-05,8.801644737159056e-06,205.140625,2.3166799619412433,0.1748168620172041,2.5014095623367085,0.17880318700338407,-0.18472960039546527,-0.003986324986179984,
male_2,913200,19.025,9.5125,5,14,4,23,16,5.994591223249503e-05,2.9851781627516016e-05,123.109375,2.9121000699423516,0.16795873326328586,2.6463501192845964,0.1615735291389456,0.2657499506577552,0.006385204124340266,
male_2,915600,19.075,9.5375,3,11,2,16,1,0.0003490209915640556,0.00024101979165724603,110.6484375,2.693064982578779,0.19133273945260804,2.8760403435614306,0.19719960627285574,-0.18297536098265166,-0.0058668668202477015,
male_2,918000,19.125,9.5625,0,0,0,0,2,0.0017425529224275164,0.0016916163798796318,105.2734375,3.2650427437452425,0.18028638871921523,6.11765990974275,0.25609832290997975,-2.8526171659975077,-0.07581193419076451,
male_2,920400,19.175,9.5875,0,0,0,0,2,0.005871620708106099,0.00511143304633476,101.7578125,3.689931410827418,0.1872987726954472,4.88389751475392,0.2374936003553967,-1.1939661039265017,-0.05019482765994951,
male_2,922800,19.225,9.6125,1,1,0,2,3,0.007102197193518637,0.007994527112308653,101.171875,2.924936215422446,0.18341002984845073,3.7534610724535975,0.17939156370749232,-0.8285248570311516,0.00401846614095841,
male_2,925200,19.275,9.6375,0,0,0,0,2,0.0088899490697595,0.009396150830247512,103.515625,3.740796875684352,0.21499577807185544,3.034145155076919,0.17022690142158362,0.7066517206074332,0.04476887665027182,
male_2,927600,19.325,9.6625,1,1,0,2,2,0.01519007455156866,0.012568835854659097,122.59375,5.829272798609695,0.19191301241771583,3.545981193684717,0.20098654859185094,2.2832916049249783,-0.009073536174135116,
male_2,930000,19.375,9.6875,0,0,0,0,2,0.02676044025086717,0.03016273648273282,145.1171875,3.628159577569605,0.180551613181474,3.7926482299547306,0.2110459315254219,-0.16448865238512544,-0.03049431834394789,
male_2,932400,19.425,9.7125,0,1,0,1,2,0.043558155742063634,0.04476406097498906,158.0078125,3.1577214818894075,0.20976899493655754,3.8561966923757476,0.19873955722406653,-0.6984752104863401,0.011029437712491014,
male_2,934800,19.475,9.7375,2,1,2,5,1,0.037286532777673284,0.04769014013610794,167.3359375,3.5352863841012727,0.19078099475038787,3.6071870714976018,0.17923376545005645,-0.07190068739632904,0.011547229300331419,
male_2,937200,19.525,9.7625,1,1,0,2,2,0.047431710325424835,0.05558442570828713,170.8515625,6.376898677676152,0.20082553208885176,6.5202340815919015,0.23439174439217486,-0.14333540391574928,-0.0335662123033231,
male_2,939600,19.575,9.7875,8,3,5,16,6,0.03982344934569358,0.05378552384975783,183.046875,5.814335516501233,0.2088141422184576,6.303238864226291,0.19706615785091972,-0.48890334772505817,0.011747984367537878,
male_2,942000,19.625,9.8125,13,4,7,24,10,0.07466219040918728,0.06553403094554312,199.453125,5.482110101196142,0.18020169148484214,3.269769749013599,0.17411321200133156,2.212340352182543,0.006088479483510573,high
male_2,944400,19.675,9.8375,4,5,1,10,15,0.10956245370210284,0.08955774310513571,201.1328125,3.966896247915367,0.1910487130961863,2.435992183566809,0.1627229870306765,1.530904064348558,0.028325726065509788,
male_2,946800,19.725,9.8625,6,6,2,14,14,0.12457519266553584,0.08934001477636726,213.8828125,2.842743652048168,0.18379973447728384,1.903697610136684,0.1682746990290711,0.9390460419114839,0.015525035448212737,
male_2,949200,19.775,9.8875,9,5,5,19,16,0.13032266694088093,0.08565375284509688,259.5859375,2.400480062778065,0.1642570592025316,3.6234087002775306,0.16949971714592296,-1.2229286374994657,-0.005242657943391349,
male_2,951600,19.825,9.9125,6,6,4,16,20,0.1421477571674637,0.10174251967989306,280.0,2.420580274145701,0.1711312232681926,2.3473846022321325,0.16321470109810748,0.07319567191356846,0.007916522170085122,
male_2,954000,19.875,9.9375,6,2,4,12,24,0.13773707475887578,0.11148389683840872,280.0,2.4426973913001886,0.17437757096214096,2.726243139041056,0.1547911915745343,-0.2835457477408676,0.019586379387606656,
male_2,956400,19.925,9.9625,8,8,6,22,24,0.14457081120971083,0.1327582131701116,280.0,2.7165784985700556,0.18628025334405354,2.2479765369547584,0.14556823265694246,0.4686019616152972,0.04071202068711108,
male_3,3600,0.075,0.0375,4,5,3,12,6,0.05794325152493736,0.025805035637076514,288.0,2.6895563163046354,0.19546015520669388,2.5652205212256223,0.20625330981720533,0.12433579507901316,-0.010793154610511446,
male_3,6000,0.125,0.0625,9,3,0,12,7,0.08223855125159998,0.05308802294330661,288.0,2.9681778906208836,0.21835601217936484,2.669432567959982,0.18908266715978753,0.29874532266090137,0.029273345019577318,
male_3,8400,0.175,0.0875,2,0,1,3,12,0.06908501570325853,0.06418074570243783,284.8515625,2.6057336735291576,0.19333615668190138,2.3444966455008553,0.16457305885511095,0.2612370280283023,0.02876309782679043,
male_3,10800,0.225,0.1125,7,4,3,14,14,0.07175817151042826,0.06804020501718881,248.5234375,2.921836790711407,0.18161571499486248,3.1239334281032107,0.17239121017111372,-0.20209663739180384,0.009224504823748758,
male_3,13200,0.275,0.1375,2,4,0,6,14,0.08358422369401435,0.07949292478528139,227.3359375,3.285647422826146,0.16703671578280474,2.244468092984605,0.15861999012366734,1.0411793298415413,0.008416725659137397,
male_3,15600,0.325,0.1625,1,3,1,5,14,0.10642884956965165,0.08582603753431028,230.8515625,2.491730870875552,0.17587272204763327,2.655238039530195,0.15017674298674086,-0.16350716865464276,0.02569597906089241,
male_3,18000,0.375,0.1875,9,2,1,12,16,0.0725186384926765,0.06425161518247689,235.15625,2.7581928491580294,0.1837936551433934,2.4876156147601467,0.15511728459654323,0.2705772343978827,0.028676370546850183,
male_3,20400,0.425,0.2125,5,3,2,10,19,0.06483360733387183,0.061034576678781816,239.84375,2.0296453573719617,0.1417936634664036,2.2799105171740743,0.14177435104970565,-0.2502651598021126,1.9312416697947477e-05,
male_3,22800,0.475,0.2375,3,5,1,9,18,0.05606570737873831,0.05727082203935314,319.296875,2.3913971620232193,0.15342305022617592,1.7561308607503143,0.14076637033095385,0.635266301272905,0.012656679895222067,
male_3,25200,0.525,0.2625,3,2,0,5,19,0.06494792076045665,0.05159424777659486,381.5234375,2.225239543725975,0.16312145447615498,3.0493886281817235,0.1500671652559115,-0.8241490844557484,0.013054289220243487,
male_3,27600,0.575,0.2875,7,7,5,19,21,0.04337075723875079,0.041924547467595774,387.3828125,3.247313934242248,0.16614044429423425,3.4840664896000124,0.1486644179541645,-0.2367525553577643,0.017476026340069756,
male_3,30000,0.625,0.3125,5,7,3,15,22,0.04028373260873533,0.040024864162191615,344.609375,3.0962473919601643,0.16293329848912688,2.6425762238589563,0.15319926635635353,0.453671168101208,0.009734032132773351,
male_3,32400,0.675,0.3375,1,4,1,6,18,0.086507298122205,0.06766106638994564,262.578125,2.7470815139458233,0.18071800145856984,2.588582089290256,0.14935847781216802,0.15849942465556754,0.03135952364640182,
male_3,34800,0.725,0.3625,1,3,1,5,14,0.08127139852335492,0.08107167149368481,250.0,1.9880953016189906,0.166589395402103,1.6269097078029104,0.1424949049379717,0.3611855938160802,0.024094490464131285,
male_3,37200,0.775,0.3875,1,0,1,2,13,0.08100342293697446,0.07203347850784422,249.34375,2.255341324896602,0.16310823018237816,2.1643063404563216,0.15835051469008884,0.09103498444028046,0.004757715492289316,
male_3,39600,0.825,0.4125,4,3,3,10,15,0.08094107085663797,0.06684536172744977,244.65625,2.3897555501106984,0.18256183599151113,2.0095158450862347,0.146548097055508,0.3802397050244637,0.036013738936003126,
male_3,42000,0.875,0.4375,5,8,3,16,15,0.07638034223644159,0.0692958625947613,281.1015625,2.7026256673276823,0.19077150786949137,2.0035474491978285,0.14672255135297765,0.6990782181298538,0.04404895651651372,
male_3,44400,0.925,0.4625,5,4,2,11,10,0.0843127195711238,0.07248241305527875,371.3359375,3.244842089699712,0.1823872425999668,3.117618550583277,0.1494969177890262,0.1272235391164349,0.03289032481094059,
male_3,46800,0.975,0.4875,7,3,5,15,14,0.09305992168563312,0.08840261464610268,396.8515625,2.711050429192829,0.17116142756229089,2.121377173346306,0.14184053780548536,0.589673255846523,0.029320889756805524,
male_3,49200,1.025,0.5125,7,9,4,20,19,0.10027639141281494,0.09111152279907161,397.90625,2.074612136592685,0.16598447885174455,1.6004953594321676,0.1276374309465787,0.47411677716051726,0.038347047905165854,high
male_3,51600,1.075,0.5375,1,2,1,4,14,0.0938432681446386,0.08823214384415214,393.21875,2.199192071806614,0.17094231535087454,2.9189980495304675,0.16099537219012205,-0.7198059777238535,0.00994694316075248,
male_3,54000,1.125,0.5625,2,2,0,4,14,0.09524909927053847,0.09205132873690276,388.8984375,2.345393688989919,0.1764506158167292,2.410843472878103,0.16137603166178557,-0.06544978388818423,0.015074584154943615,
male_3,56400,1.175,0.5875,4,2,2,8,16,0.09374068564024068,0.09017520054623537,385.3828125,3.138073963606195,0.18503178697468514,2.6325226555266923,0.1626884000685664,0.5055513080795029,0.02234338690611873,
male_3,58800,1.225,0.6125,0,1,0,1,15,0.09391439895405157,0.09321950449630612,384.0,2.0844770941775375,0.16247302357770083,1.9859672626661165,0.15939869683916089,0.09850983151142101,0.0030743267385399398,
male_3,61200,1.275,0.6375,1,5,1,7,12,0.08727181269765831,0.08086456311390011,384.0,2.8419670343349157,0.16683634200607775,3.122182214227693,0.1581240024801005,-0.2802151798927772,0.008712339525977247,
male_3,63600,1.325,0.6625,3,4,0,7,11,0.06993044591432607,0.07047501436717919,389.2734375,2.5066003960711276,0.176721765551026,3.7295864009570145,0.16256829663405067,-1.222986004885887,0.014153468916975331,
male_3,66000,1.375,0.6875,1,1,0,2,10,0.06105172807220757,0.05938527003401524,394.2265625,3.061191681023498,0.1927336637774288,3.406024328867206,0.16691066180231257,-0.3448326478437078,0.025823001975116222,
male_3,68400,1.425,0.7125,1,0,0,1,10,0.05608587337397979,0.05745605445851559,395.3984375,2.6605150931285504,0.17696633872583495,1.8922029384354175,0.14694908460950948,0.7683121546931329,0.03001725411632547,
male_3,70800,1.475,0.7375,6,1,1,8,15,0.05339244901788493,0.05571908976605938,354.9375,2.0446888071685274,0.18017182601122278,1.8582701364466665,0.1465874697089226,0.1864186707218609,0.03358435630230017,
male_3,73200,1.525,0.7625,3,0,1,4,18,0.05219991104861966,0.05728409450917425,270.5625,2.4213554882193193,0.17356282896778727,1.735677223575467,0.1619053412202747,0.6856782646438524,0.011657487747512574,
male_3,75600,1.575,0.7875,0,1,0,1,18,0.041926585065093724,0.051506093382142924,252.0,1.963521705034459,0.19337954584600878,2.0795115780836673,0.1564847881372344,-0.11598987304920816,0.03689475770877437,
male_3,78000,1.625,0.8125,6,2,1,9,22,0.036103918856985766,0.046069326187207875,251.9140625,1.8750274874288022,0.17340602706438363,1.8065543092317053,0.15818101921352937,0.06847317819709686,0.01522500785085426,
male_3,80400,1.675,0.8375,2,1,2,5,23,0.03287716543875837,0.0409818403290291,250.7421875,1.5745664401752641,0.15829883380922086,1.9913285585042526,0.15201942193229395,-0.41676211832898846,0.006279411876926905,
male_3,82800,1.725,0.8625,5,6,4,15,23,0.039004934453177896,0.04378677024238002,281.3671875,2.8960730100307943,0.15779487236329998,3.088833527751516,0.15874625659915362,-0.19276051772072167,-0.0009513842358536417,
male_3,85200,1.775,0.8875,3,5,2,10,20,0.05096063090004181,0.05089801891186199,366.9140625,2.083208884818109,0.17101196534443003,1.9938557850483907,0.144312567456426,0.08935309976971828,0.026699397888004017,
male_3,87600,1.825,0.9125,0,2,0,2,20,0.05696390348254755,0.054991780308391934,396.0,1.823722495915681,0.16970326116390796,1.649043066176233,0.14922173683343712,0.17467942973944806,0.020481524330470846,
male_3,90000,1.875,0.9375,2,4,2,8,18,0.06112614778721061,0.06160616790842224,396.0,2.8467993943286776,0.18053079219040094,1.7805438717211786,0.14115393135836524,1.066255522607499,0.039376860832035704,
male_3,92400,1.925,0.9625,1,4,1,6,14,0.06803965235589661,0.0694052421543503,397.1171875,2.5371069983333294,0.19037214007031003,1.718579129748992,0.13424596249819148,0.8185278685843373,0.056126177572118546,
male_3,94800,1.975,0.9875,0,1,0,1,13,0.07482462814392929,0.07118113929929902,398.0,1.832053141132429,0.19396208170201795,2.063754579653736,0.16033475062677066,-0.23170143852130698,0.03362733107524729,
male_3,97200,2.025,1.0125,2,2,1,5,12,0.07089389893114478,0.06921503420132358,398.0,2.018781398909828,0.15804879403617367,1.9815715946192733,0.16442501245130156,0.03720980429055465,-0.006376218415127893,
male_3,99600,2.075,1.0375,1,1,1,3,12,0.06856369390719738,0.06911672500462979,397.3671875,1.9758412935317982,0.1710832468803428,2.3627640492554227,0.1576077661661531,-0.38692275572362456,0.013475480714189692,
male_3,102000,2.125,1.0625,2,2,0,4,13,0.07181936528070099,0.06832177403077201,396.1953125,2.089766633823933,0.1676930324731311,2.057045243483393,0.14618424077747377,0.03272139034053989,0.021508791695657337,
male_3,104400,2.175,1.0875,6,1,3,10,15,0.06196106234734021,0.06303463097044182,396.0,2.0881365265256573,0.16601337535048105,1.288556201050436,0.1355820111079464,0.7995803254752214,0.030431364242534648,
male_3,106800,2.225,1.1125,2,1,0,3,18,0.059504277309972826,0.06101395619386429,396.0,1.8352775407425033,0.1505930348209823,1.8072251852190346,0.15443787983547538,0.02805235552346863,-0.003844845014493087,
male_3,109200,2.275,1.1375,1,4,0,5,16,0.05684805677808503,0.05860111319513366,396.0,2.445901616692365,0.1666365833362998,2.2196858737153495,0.13490756656393896,0.2262157429770153,0.03172901677236084,
male_3,111600,2.325,1.1625,3,2,1,6,14,0.05843538649276278,0.05565687364506657,396.0,2.90920846911919,0.17507157308137522,3.016089605875635,0.16261202206228045,-0.10688113675644484,0.012459551019094767,
male_3,114000,2.375,1.1875,0,1,0,1,16,0.05410386752395111,0.055354276163877926,396.0,3.2463394832777004,0.1703454783084251,2.9037514415261594,0.15504072541415007,0.342588041751541,0.015304752894275048,control
male_3,116400,2.425,1.2125,3,2,0,5,16,0.054339865541587776,0.05366746583498424,396.8359375,2.3321679486554387,0.16917997311869443,2.592038276289533,0.1667805881484436,-0.25987032763409434,0.0023993849702508285,
male_3,118800,2.475,1.2375,5,4,3,12,17,0.05067421840676387,0.05103886548485951,398.0,2.23036231033106,0.1625915081623505,2.387314651808339,0.14940934553021917,-0.15695234147727888,0.013182162632131317,
male_3,121200,2.525,1.2625,1,1,1,3,17,0.04773649205474448,0.04774081084897813,398.0,2.69477460980465,0.16563769311757276,2.3825768250482446,0.16082565025663567,0.31219778475640547,0.004812042860937088,
male_3,123600,2.575,1.2875,5,3,2,10,19,0.05139346416113189,0.05000051618028601,372.3359375,2.1718951823406436,0.16851876031734747,1.9855769844725513,0.15751497544506304,0.18631819786809234,0.011003784872284428,
male_3,126000,2.625,1.3125,5,1,1,7,21,0.048625797406524146,0.05274497151530735,286.7890625,2.31818391337951,0.17980930198039116,1.7171212002314131,0.14656361184023753,0.601062713148097,0.03324569014015363,
male_3,128400,2.675,1.3375,5,2,3,10,26,0.05004515228059059,0.05417720867283051,252.0,1.5643172822005025,0.173306903345901,1.0893262435004358,0.1473063161438935,0.47499103870006665,0.026000587202007486,
male_3,130800,2.725,1.3625,3,5,2,10,23,0.046845011802060785,0.04917920298631351,252.0,1.7520391056682019,0.17178189371926314,1.5372746847191068,0.14756598023700618,0.2147644209490951,0.024215913482256962,
male_3,133200,2.775,1.3875,5,6,1,12,23,0.04512862754179841,0.04695662413327321,252.0,2.438666930486235,0.1603439655927764,1.9763927755925195,0.1437751081016143,0.4622741548937157,0.016568857491162076,
male_3,135600,2.825,1.4125,3,0,1,4,25,0.04495592000897179,0.046333536467793805,252.0,1.8597432885907645,0.16610296135344652,1.7434055843858072,0.13569477090710183,0.11633770420495737,0.030408190446344685,
male_3,138000,2.875,1.4375,4,3,3,10,25,0.03899312421093536,0.04591428957342958,252.0,1.262018792363521,0.15356748215568966,0.7647547789676524,0.15084757350424574,0.4972640133958687,0.0027199086514439197,
male_3,140400,2.925,1.4625,3,6,2,11,23,0.0349329856003665,0.04234303528026191,288.609375,2.093460978017507,0.14436283838448843,1.7399220773509163,0.13826774656235594,0.35353890066659055,0.006095091822132498,
male_3,142800,2.975,1.4875,4,2,3,9,25,0.03582453324077746,0.036122472482913184,365.953125,2.8126099595867764,0.16770213158933095,1.8345182271067897,0.1650097530116256,0.9780917324799867,0.002692378577705351,
male_3,145200,3.025,1.5125,8,7,3,18,24,0.03376856959126339,0.0325939295826349,389.390625,2.3194441076350305,0.18987141552998832,2.7918360094718344,0.16111539629066757,-0.4723919018368039,0.02875601923932075,
male_3,147600,3.075,1.5375,3,6,3,12,24,0.041679889798490216,0.042438661866695614,396.0703125,1.2906780640919726,0.18529151323828943,2.0722503324673354,0.15718147468799074,-0.7815722683753628,0.0281100385502987,
male_3,150000,3.125,1.5625,0,6,0,6,22,0.051178466319881426,0.05052396363346421,397.2421875,1.8537151599762816,0.15955119162358106,1.6872625718660343,0.14423044983477706,0.1664525881102472,0.015320741788803993,
male_3,152400,3.175,1.5875,0,1,0,1,17,0.05458580247135293,0.052007706756053595,398.0,2.6991713989078865,0.17427013508625563,3.4495128857749706,0.16264897470977174,-0.7503414868670841,0.011621160376483891,
male_3,154800,3.225,1.6125,3,0,0,3,19,0.05791406794238219,0.05372128750662155,398.0,2.7225978649542677,0.17148187090369751,3.018552502299646,0.17726592645117697,-0.2959546373453783,-0.005784055547479461,
male_3,157200,3.275,1.6375,3,1,2,6,21,0.05426397472897707,0.054237594038721484,398.0,2.703282627251215,0.1743420732000366,1.959730527565152,0.16653350971672673,0.7435520996860632,0.007808563483309883,
male_3,159600,3.325,1.6625,3,5,2,10,22,0.053911610189139154,0.054434939707692497,398.0,2.4901647761126124,0.1649304371849656,2.232682112305045,0.15841752537607304,0.25748266380756757,0.006512911808892574,
male_3,162000,3.375,1.6875,3,3,3,9,22,0.06095171171154293,0.05924569099118309,398.0,2.6113959380726004,0.16550290334083484,2.123696654276859,0.1462833671359483,0.48769928379574123,0.019219536204886534,
male_3,164400,3.425,1.7125,4,4,3,11,23,0.06609203828605872,0.06595815769014382,398.0,1.4284353626633695,0.1605051743469377,1.402433391886942,0.143561487257276,0.026001970776427408,0.016943687089661708,
male_3,166800,3.475,1.7375,4,3,2,9,21,0.07009284121569073,0.06906940328043042,398.0,1.3653401020010685,0.14168866311953168,1.6652846598793354,0.14867663713153084,-0.2999445578782669,-0.00698797401199916,
male_3,169200,3.525,1.7625,2,3,2,7,19,0.06898906874117898,0.07089578923479498,398.0,2.9459487341165054,0.15950125987282332,2.3850562750513538,0.14375792054023856,0.5608924590651516,0.01574333933258476,
male_3,171600,3.575,1.7875,1,2,0,3,18,0.06444657960266173,0.06512461508297653,398.0,2.978969306164881,0.16779378229413644,2.6426798026992175,0.14845268743274542,0.33628950346566366,0.019341094861391017,
male_3,174000,3.625,1.8125,8,4,6,18,21,0.05795061172522702,0.05727787500549715,398.9609375,1.9052443576990377,0.14390545154775863,1.5141811576336843,0.14611073964943672,0.39106320006535333,-0.0022052881016780823,high
male_3,176400,3.675,1.8375,2,3,2,7,22,0.051448969577317996,0.0522379521087625,400.0,1.7865244959734363,0.15000316628531277,1.944441444700499,0.1358488273941319,-0.15791694872706263,0.014154338891180868,
male_3,178800,3.725,1.8625,1,3,1,5,21,0.05541385685432166,0.05304275036063398,400.0,2.0186234699615664,0.15590040513993045,2.3076647278090023,0.13025115838059584,-0.28904125784743595,0.02564924675933461,
male_3,181200,3.775,1.8875,4,10,3,17,18,0.05974008309399638,0.058420426312070554,400.0,3.032094337695149,0.16102540494387305,2.3991697754158117,0.14895285170977152,0.6329245622793374,0.01207255323410153,
male_3,183600,3.825,1.9125,1,2,1,4,13,0.06366307680332686,0.06386549179351361,400.0,2.917984921815302,0.19010871662254067,2.787847782325808,0.18426598990026324,0.13013713948949412,0.005842726722277425,
male_3,186000,3.875,1.9375,2,3,2,7,11,0.05775892572942536,0.05747951596525433,400.0,2.6811249556955357,0.18167700365143483,2.4260793934488536,0.1799316270727198,0.25504556224668207,0.0017453765787150133,
male_3,188400,3.925,1.9625,1,2,0,3,11,0.05603591191840497,0.052160192443911464,400.0,2.998473253055322,0.1806921572641004,2.0060073521476984,0.14849057399838012,0.9924659009076238,0.032201583265720285,
male_3,190800,3.975,1.9875,2,0,0,2,11,0.050715797687751335,0.048612682711054005,398.8359375,2.008999584703935,0.1828409361296275,1.6344710852716124,0.1535251153111812,0.37452849943232236,0.029315820818446303,
male_3,193200,4.025,2.0125,2,1,2,5,13,0.049954749334912237,0.04744191869867483,398.3359375,2.9351363516616864,0.18188863930339894,3.1097755939783918,0.16288639665867116,-0.17463924231670536,0.019002242644727774,
male_3,195600,4.075,2.0375,5,3,2,10,15,0.05335858395573014,0.049475366246770666,399.5078125,2.175923349558528,0.18953030536950893,1.6635325018649678,0.1611710140836366,0.5123908476935601,0.028359291285872334,
male_3,198000,4.125,2.0625,7,0,2,9,19,0.046744377590552444,0.041433965477729894,400.0,3.647971660311395,0.20204165688701586,2.718318362265447,0.1529491732285064,0.929653298045948,0.04909248365850946,
male_3,200400,4.175,2.0875,8,8,3,19,25,0.045791067604337196,0.04712146532627171,400.0,3.1614426755241194,0.18560437449789163,3.0242612382309844,0.15852966563353274,0.13718143729313503,0.027074708864358893,
male_3,202800,4.225,2.1125,0,1,0,1,23,0.05419418089101606,0.055225316267181745,367.25,2.7234083015385764,0.16650942459033852,3.0718597473324802,0.16720727286198997,-0.34845144579390386,-0.0006978482716514522,
male_3,205200,4.275,2.1375,3,2,0,5,23,0.0581769804591874,0.057808271926276765,336.0,2.1539553581518294,0.17524482513731046,2.5356292988351607,0.16086211191077845,-0.3816739406833314,0.014382713226532007,
male_3,207600,4.325,2.1625,5,3,1,9,27,0.046262751520999394,0.0460534816845915,336.0,1.6815222471909477,0.1637098272151267,1.4104206340473648,0.15290708412659232,0.27110161314358283,0.010802743088534378,
male_3,210000,4.375,2.1875,3,2,1,6,26,0.05157607661723877,0.04949915920503736,335.4609375,1.8126486846484422,0.15216152251209092,1.3366409033955078,0.15054610598913695,0.4760077812529344,0.0016154165229539663,
male_3,212400,4.425,2.2125,1,3,0,4,25,0.05047247518640698,0.0503538432584212,334.2890625,1.976418655145682,0.15535797583584263,1.4007609574074495,0.1305947704065338,0.5756576977382324,0.02476320542930882,
male_3,214800,4.475,2.2375,5,10,4,19,21,0.04449896744089363,0.045481662959952075,261.609375,2.0081792040011117,0.1775051827105381,1.9510993969308477,0.15280309560346955,0.057079807070264055,0.02470208710706856,
male_3,217200,4.525,2.2625,0,5,0,5,14,0.04718942534960844,0.049250125566716076,172.296875,2.791555547931841,0.17018553089159924,2.601393475296936,0.1580415128807051,0.19016207263490514,0.012144018010894153,
male_3,219600,4.575,2.2875,3,1,1,5,15,0.04306026691852874,0.05105576675200505,221.515625,1.6723306672165967,0.1703415638162075,2.7790093324140037,0.14556919090746104,-1.106678665197407,0.024772372908746454,
male_3,222000,4.625,2.3125,7,1,2,10,18,0.04395868467577802,0.04136430186386622,279.8984375,2.8015314825679325,0.168666044604112,2.9639604550021765,0.1476649726705177,-0.16242897243424403,0.021001071933594295,
male_3,224400,4.675,2.3375,3,4,3,10,22,0.038103782398110256,0.03666479643897935,356.0703125,2.4400283883004925,0.15775496051077903,2.078282985218114,0.1573566630820858,0.36174540308237857,0.0003982974286932395,
male_3,226800,4.725,2.3625,4,4,4,12,22,0.04242859004200329,0.04131849809163054,384.0,2.501052715855324,0.1814915830119479,2.076992504598013,0.16533566655963064,0.4240602112573111,0.01615591645231726,
male_3,229200,4.775,2.3875,1,4,0,5,19,0.05523981127570477,0.051794678438624675,384.0,2.123933441567407,0.16877484147142566,2.1262920745529166,0.15524621871113847,-0.0023586329855094235,0.013528622760287184,
male_3,231600,4.825,2.4125,1,5,1,7,15,0.06269115189345142,0.06066921465382972,384.0,2.205001889333463,0.18263167447759798,2.8172102648095834,0.14593699349923014,-0.6122083754761203,0.03669468097836784,
male_3,234000,4.875,2.4375,5,5,4,14,15,0.06797253816815466,0.06143920120766809,384.0,3.036738216861976,0.1771148344109276,2.2513716724895785,0.16578425672855943,0.7853665443723976,0.01133057768236817,
male_3,236400,4.925,2.4625,3,2,1,6,14,0.06476233252844994,0.06309317497742165,384.0,2.63680818930147,0.1856546675750941,2.5291726321481187,0.16080430286100697,0.10763555715335116,0.024850364714087136,
male_3,238800,4.975,2.4875,4,5,3,12,13,0.057175462644781225,0.05658286529376462,387.0078125,2.4587705044363153,0.17520265210673067,1.9477004593196972,0.14683608864233372,0.5110700451166181,0.02836656346439695,
male_3,241200,5.025,2.5125,1,4,0,5,13,0.04707343331604838,0.03775622021259167,392.8671875,2.8711568745401914,0.16468559946467506,1.8601153238662986,0.15155197169468626,1.0110415506738928,0.013133627769988804,
male_3,243600,5.075,2.5375,6,3,2,11,14,0.04610727699872568,0.03425597409474784,314.59375,2.2318986949053334,0.16533157277742003,2.8690668497476413,0.17466634537417428,-0.6371681548423078,-0.009334772596754248,
male_3,246000,5.125,2.5625,6,2,4,12,17,0.04010206483022343,0.04337175774335667,226.1171875,2.8013638560366205,0.17296612103715975,2.1064029996806015,0.15787586413338422,0.694960856356019,0.015090256903775523,
male_3,248400,5.175,2.5875,5,4,1,10,18,0.047909997864864586,0.0505092659661497,227.2890625,2.3655959562000817,0.16456020969475757,3.0210771087882016,0.16973689583306228,-0.6554811525881199,-0.005176686138304715,
male_3,250800,5.225,2.6125,3,3,1,7,19,0.05440879753904462,0.048137991499586356,229.3828125,2.8441966523359445,0.16616135141777866,2.095905525753601,0.1571602498756269,0.7482911265823438,0.009001101542151752,
male_3,253200,5.275,2.6375,5,4,2,11,17,0.05280608576308436,0.05006279304384871,232.8984375,2.207897330493695,0.16136329706093325,2.444945857347884,0.1495360751977502,-0.23704852685418887,0.011827221863183052,
male_3,255600,5.325,2.6625,1,4,1,6,19,0.06442914150470466,0.06430036108675648,234.8046875,2.069998003195418,0.15813885708014447,1.7229000051700751,0.1514590690591942,0.347097998025343,0.006679788020950261,
male_3,258000,5.375,2.6875,2,4,0,6,16,0.07472740819343132,0.07354546465338069,235.9765625,2.537300248822953,0.16099117743965435,2.0295218775222073,0.15529763584416445,0.5077783713007458,0.005693541595489904,
male_3,260400,5.425,2.7125,1,4,1,6,13,0.06508462195203925,0.06566739436082918,237.1484375,2.715487447387251,0.17829227535956127,2.632331183809323,0.14441660022616618,0.08315626357792771,0.033875675133395095,
male_3,262800,5.475,2.7375,5,2,2,9,13,0.061660726311418126,0.05790875335297441,260.421875,3.4759505862791773,0.1811802433504293,2.3289829648381866,0.15860543485780415,1.1469676214409907,0.022574808492625137,
male_3,265200,5.525,2.7625,4,7,4,15,12,0.06067425169849608,0.05642887412910418,342.453125,2.6869301638698815,0.1730522749887242,2.6524896317396762,0.16578815302027136,0.03444053213020526,0.00726412196845283,
male_3,267600,5.575,2.7875,4,1,2,7,14,0.056821697252426716,0.052908305008501084,382.6484375,2.5079302281828726,0.17700761182253255,3.065957626378777,0.17550856526714717,-0.5580273981959043,0.0014990465553853805,
male_3,270000,5.625,2.8125,7,3,5,15,16,0.046986829264756766,0.04593862587118633,390.8515625,2.399152359539457,0.18878522250786606,2.875118810312954,0.16906992674175317,-0.4759664507734973,0.01971529576611289,
male_3,272400,5.675,2.8375,7,7,4,18,24,0.042288059182764154,0.0427368137652153,392.0,2.3572573099047456,0.16219083065270692,1.8184068268047657,0.14678519412677898,0.5388504830999798,0.01540563652592794,
male_3,274800,5.725,2.8625,3,4,3,10,18,0.0517818138014838,0.048653089217603036,391.28125,1.8430878948617622,0.18135479063800092,2.1754189620561255,0.14647715733112346,-0.33233106719436334,0.03487763330687746,
male_3,277200,5.775,2.8875,0,0,0,0,18,0.059690000626286155,0.05723053542452583,386.59375,2.157283105594264,0.16993537752604143,2.2046973299115744,0.1684502364633827,-0.04741422431731035,0.0014851410626587347,control
male_3,279600,5.825,2.9125,5,3,3,11,20,0.06008385451350741,0.060404231849241125,386.6171875,3.1925020872648817,0.1603266091917481,1.8494776305066547,0.1621163406354254,1.343024456758227,-0.001789731443677306,
male_3,282000,5.875,2.9375,0,0,0,0,20,0.06052609700819941,0.06094122436537827,392.4765625,2.135918243286929,0.15840664922839878,1.699973960282902,0.15034343038030618,0.435944283004027,0.008063218848092607,
male_3,284400,5.925,2.9625,3,3,1,7,19,0.06318932697556089,0.06357098713303001,394.0,1.7719513088855101,0.1495387340474857,2.261425959682219,0.153286012552123,-0.48947465079670893,-0.0037472785046373247,
male_3,286800,5.975,2.9875,3,1,1,5,21,0.06772175872268064,0.06637999697947855,394.0390625,1.9434082537468587,0.1556411660537312,1.51616272232415,0.132228589502226,0.4272455314227086,0.02341257655150522,
male_3,289200,6.025,3.0125,3,2,2,7,23,0.06752048975928197,0.06623116993256475,395.2109375,1.626305799859754,0.16187353055840334,1.3976713870089248,0.13728801206949443,0.2286344128508293,0.024585518488908914,
male_3,291600,6.075,3.0375,7,4,3,14,25,0.061273072832171274,0.06122480362245403,396.0,2.1272665712793266,0.15984901764584197,2.29505185506972,0.13494012919764284,-0.16778528379039326,0.024908888448199135,
male_3,294000,6.125,3.0625,3,5,0,8,25,0.05467985610924341,0.05374617924781193,396.0,1.8560317271997029,0.1465943653373887,2.4920032006983943,0.14517027261307547,-0.6359714734986914,0.0014240927243132362,
male_3,296400,6.175,3.0875,4,3,1,8,24,0.04977561290018749,0.04969150665165153,396.0,1.7322827953548352,0.1527780839363536,2.0469556330158802,0.14986302179277677,-0.31467283766104504,0.002915062143576813,
male_3,298800,6.225,3.1125,3,3,1,7,26,0.05378597772013823,0.052634307803798755,396.0,2.288693257149553,0.1628666238042609,2.20693601708808,0.14151766088862797,0.081757240061473,0.02134896291563293,
male_3,301200,6.275,3.1375,1,6,1,8,23,0.05621504884968884,0.05441376212390939,389.578125,2.577365049249705,0.1816673334747474,1.6028298651785273,0.1401264400884312,0.9745351840711778,0.0415408933863162,
male_3,303600,6.325,3.1625,4,7,3,14,17,0.052140543262353616,0.04951955167792596,375.5234375,3.389369036538791,0.19180931889238437,3.0677642962582192,0.1764365434973265,0.32160474028057173,0.01537277539505788,
male_3,306000,6.375,3.1875,2,5,2,9,15,0.04218196203411157,0.04316276273308173,334.5078125,3.1030943114852105,0.16806462828553778,2.626718513460223,0.1648615238632692,0.4763757980249874,0.0032031044222685934,
male_3,308400,6.425,3.2125,2,0,1,3,14,0.04870396562403605,0.050195893205451224,295.8359375,1.614983337291941,0.15347576468994334,2.3711801495810474,0.1453392149784494,-0.7561968122891063,0.00813654971149394,
male_3,310800,6.475,3.2375,2,1,1,4,16,0.051307587038086355,0.051683814589686856,259.5078125,2.458402669158573,0.1787178247163661,3.4862357782355096,0.16104061193885108,-1.0278331090769366,0.017677212777515022,
male_3,313200,6.525,3.2625,6,4,3,13,20,0.05156427717782886,0.05075653583724353,252.0,1.738421677673796,0.16421407191988405,2.385369929004592,0.16868967415609332,-0.6469482513307963,-0.0044756022362092696,
male_3,315600,6.575,3.2875,1,4,0,5,18,0.04885970150026595,0.04769827553368762,252.0,2.077266809592775,0.17842618636084168,2.5107711069133645,0.17615997995138694,-0.4335042973205896,0.0022662064094547407,
male_3,318000,6.625,3.3125,3,1,1,5,18,0.055215014202881406,0.05087561739343565,252.0,2.3223047846612963,0.18536778398482845,1.9311091386511936,0.14739619998030756,0.3911956460101027,0.037971584004520886,
male_3,320400,6.675,3.3375,6,3,4,13,19,0.04796628274611626,0.04655625645240698,284.0625,2.041558360006267,0.1658663132115988,2.152191907806234,0.15127961481516503,-0.11063354779996715,0.014586698396433784,
male_3,322800,6.725,3.3625,3,5,1,9,19,0.04546012428116297,0.045011479654231974,368.4375,2.492129888780009,0.16495590328183754,1.6039781070231367,0.15168368072571767,0.8881517817568723,0.013272222556119873,
male_3,325200,6.775,3.3875,2,1,2,5,20,0.048256835841757446,0.04919439510396689,391.265625,1.6017886458427624,0.14751418420183576,1.1442678808152102,0.15237077378492928,0.4575207650275521,-0.004856589583093512,
male_3,327600,6.825,3.4125,4,4,2,10,17,0.05645140492476222,0.05354473537600516,384.234375,1.1780291973798034,0.16002242966074468,1.982805633118087,0.15411262321335065,-0.8047764357382836,0.005909806447394028,
male_3,330000,6.875,3.4375,2,3,1,6,18,0.0628382604631369,0.06216056129389635,384.0,2.2418927621954223,0.15911666166001748,1.6644177594361471,0.15322213334779375,0.5774750027592752,0.005894528312223729,
male_3,332400,6.925,3.4625,1,1,1,3,19,0.07534671072737632,0.0695019859022903,384.0,2.396318947217695,0.16302604551155714,3.5817005767572283,0.18204554276779356,-1.1853816295395334,-0.019019497256236417,
male_3,334800,6.975,3.4875,2,7,1,10,14,0.07741152336234479,0.07377817803470495,384.0,3.161764345710906,0.17964799710549054,3.7666162203145035,0.17340146336693055,-0.6048518746035976,0.0062465337385599895,
male_3,337200,7.025,3.5125,2,3,1,6,14,0.07640586964649967,0.07201226332483118,384.0,1.889088051871267,0.18070230475673418,2.1109192740154454,0.16297419078777065,-0.2218312221441785,0.017728113968963538,
male_3,339600,7.075,3.5375,1,0,0,1,13,0.0695025539943409,0.06950991173992746,384.0,2.219936262428395,0.18697829850909695,1.6497713195040675,0.15164915604955573,0.5701649429243276,0.03532914245954122,
male_3,342000,7.125,3.5625,5,3,1,9,14,0.0703756115111311,0.06859012605243087,384.0,2.78434324863807,0.197671673977429,2.046596600742568,0.15740976057334852,0.7377466478955017,0.040261913404080474,
male_3,344400,7.175,3.5875,2,2,1,5,17,0.0675738616161906,0.06637600723857547,384.0,2.8058781386829676,0.16997000081402192,1.9339148242729554,0.15409055387345869,0.8719633144100123,0.01587944694056323,
male_3,346800,7.225,3.6125,2,0,0,2,16,0.06539567743694527,0.06292281715655423,384.0,2.0797156994231205,0.1562557364050944,1.3162996409905383,0.15553637003161272,0.7634160584325822,0.0007193663734816891,
male_3,349200,7.275,3.6375,4,1,1,6,20,0.06033160711231242,0.056146052176344,384.0,2.0930620879136317,0.15349460515504149,2.657352973684418,0.16253109478401068,-0.5642908857707862,-0.009036489628969191,
male_3,351600,7.325,3.6625,4,2,1,7,22,0.04350367391994071,0.04245343078582138,384.0,2.225825675459626,0.15587591841017434,2.306377601368123,0.16407660926580195,-0.08055192590849725,-0.008200690855627607,
male_3,354000,7.375,3.6875,3,3,2,8,24,0.033638211938467125,0.034210744070618485,384.0,2.927359713453969,0.16649994764116155,2.239295607929936,0.18587684921946432,0.6880641055240329,-0.01937690157830277,
male_3,356400,7.425,3.7125,3,5,3,11,22,0.03334574609049541,0.03308176653546611,383.203125,2.237241510990613,0.18172282540696058,2.745029796044874,0.19680423654194082,-0.5077882850542612,-0.015081411134980238,
male_3,358800,7.475,3.7375,2,3,1,6,21,0.036972229934546436,0.036514848248365574,343.359375,2.446618501996707,0.174759119895548,2.1407493684349044,0.18975941274022734,0.30586913356180245,-0.015000292844679353,
male_3,361200,7.525,3.7625,2,2,1,5,21,0.03832128341272334,0.0378804736207805,331.0546875,2.6788528760399766,0.16650296066014594,2.7166744652917876,0.187882412308396,-0.037821589251811005,-0.02137945164825006,
male_3,363600,7.575,3.7875,7,7,3,17,23,0.040394042973539525,0.04161907568378999,379.1015625,2.00161655735537,0.17719398437539624,1.8991206982677138,0.13355647900828882,0.10249585908765635,0.04363750536710742,
male_3,366000,7.625,3.8125,3,2,2,7,21,0.044848193998228765,0.04359337845284717,398.0,2.4538581105771673,0.1676131948120855,2.1580718089919295,0.14406950706620753,0.2957863015852378,0.023543687745877978,
male_3,368400,7.675,3.8375,2,2,0,4,21,0.051588510816739666,0.050153155166445744,398.0,1.7574740447724913,0.1631552756128501,1.5876460840780076,0.13288077237330206,0.1698279606944837,0.03027450323954803,
male_3,370800,7.725,3.8625,8,5,3,16,23,0.061555655228537814,0.059439600771212554,399.0546875,1.1653624359070451,0.15770598877897354,2.088015213987236,0.14412594669365417,-0.9226527780801907,0.013580042085319377,
male_3,373200,7.775,3.8875,3,4,1,8,25,0.06795271037784294,0.06603474842144082,400.0,2.217469965185101,0.16797863529970375,2.382074240005635,0.14843048161393027,-0.16460427482053408,0.01954815368577348,
male_3,375600,7.825,3.9125,3,2,1,6,22,0.07319922586305352,0.06815393550448663,400.0,2.5056485385190492,0.17965270845621953,2.440494092730683,0.14243608870288402,0.06515444578836638,0.03721661975333551,
male_3,378000,7.875,3.9375,2,5,1,8,21,0.06878763159333197,0.06633215243738617,395.4375,2.7069398621299787,0.16245858590754417,2.473743685785297,0.14280319891160065,0.23319617634468193,0.01965538699594352,
male_3,380400,7.925,3.9625,3,4,3,10,22,0.06802003918851528,0.062111355487867836,386.0625,2.5157268389114487,0.1880527288600744,2.4132105069010104,0.15796535917107746,0.1025163320104383,0.030087369688996946,
male_3,382800,7.975,3.9875,6,2,2,10,18,0.052135415003024106,0.0518775558322646,384.0,2.249660861848075,0.1725838049893557,1.9307321463119478,0.160672343449481,0.31892871553612734,0.011911461539874685,
male_3,385200,8.025,4.0125,8,8,3,19,24,0.05386643298861854,0.052019233593509344,384.0,2.024799411812845,0.15625796484669582,1.7522198182878013,0.1584844349030874,0.2725795935250437,-0.0022264700563915663,
male_3,387600,8.075,4.0375,4,1,2,7,26,0.053117466837317176,0.0556056921902327,384.0,2.3924435300046083,0.17246488072099683,2.138591174500795,0.15844691541293718,0.25385235550381324,0.014017965308059654,
male_3,390000,8.125,4.0625,5,12,3,20,26,0.06208155751242267,0.05970335236501161,356.0703125,2.4996724732780384,0.16907038581199998,2.635832364102979,0.14466973297097394,-0.13615989082494062,0.02440065284102605,
male_3,392400,8.175,4.0875,3,5,2,10,19,0.058372362681726006,0.059687229743211404,279.8984375,3.1048891768919953,0.18153411995410945,2.882708176306285,0.1790328782272728,0.2221810005857101,0.0025012417268366616,
male_3,394800,8.225,4.1125,6,5,2,13,19,0.06346886877969492,0.059249313184668605,310.4609375,2.8704047300063857,0.16797302090417096,2.6416990650900196,0.17084096548741476,0.22870566491636612,-0.0028679445832437978,
male_3,397200,8.275,4.1375,6,3,1,10,22,0.06054544169973944,0.058306193041707984,396.0078125,2.629598078710135,0.16313678365940879,1.8409772655271046,0.1623548246148901,0.7886208131830303,0.000781959044518693,
male_3,399600,8.325,4.1625,2,1,0,3,23,0.07056534300615507,0.06686774598463588,400.0,2.3516716771427957,0.16817922032664812,1.6159033710090773,0.15903597973018826,0.7357683061337184,0.00914324059645985,
male_3,402000,8.375,4.1875,4,2,2,8,23,0.06168518608791235,0.05990844791651267,378.609375,2.8451577065128024,0.16673963711292636,2.821328344689065,0.16072325673142163,0.023829361823737294,0.006016380381504732,
male_3,404400,8.425,4.2125,3,5,3,11,23,0.0504380075846139,0.048287394249272614,291.890625,1.7191643483458012,0.16830303141298364,2.3427353921905167,0.14781995678662166,-0.6235710438447155,0.02048307462636198,
male_3,406800,8.475,4.2375,6,2,1,9,25,0.05013354156687967,0.04778510919401888,252.6328125,2.255886286988341,0.16475084037952428,1.6281000499597469,0.15017652929980535,0.627786237028594,0.014574311079718932,
male_3,409200,8.525,4.2625,7,8,5,20,24,0.05825453725020926,0.054141794053374236,253.8046875,2.6523199519440075,0.16197895882316127,2.172338018432341,0.1436937067926674,0.4799819335116666,0.01828525203049386,high
male_3,411600,8.575,4.2875,1,3,1,5,26,0.06193247398012557,0.05861584072416935,282.3203125,2.3838421103357685,0.18116326281076578,1.7987968439846114,0.16749980400402192,0.5850452663511572,0.013663458806743856,
male_3,414000,8.625,4.3125,2,3,2,7,22,0.06400361192822163,0.05944826193330636,318.3828125,3.1090145571313608,0.16574915179490132,3.055191333088124,0.15994935127322135,0.053823224043236806,0.005799800521679971,
male_3,416400,8.675,4.3375,2,5,2,9,21,0.06480485906710316,0.05935264872570501,368.7734375,2.2779673497896873,0.17587900565726894,2.0944946867308905,0.14657009502248203,0.18347266305879684,0.02930891063478691,
male_3,418800,8.725,4.3625,5,8,4,17,22,0.06187866576700443,0.0589860833029762,398.0,3.1323085226266754,0.17019801416864214,2.850008984157447,0.15830941781805952,0.2822995384692284,0.01188859635058262,
male_3,421200,8.775,4.3875,0,1,0,1,16,0.05341064906390437,0.04991657230543071,398.0,2.4472164316501424,0.1765901423696501,3.4856194850257047,0.1598457157983058,-1.0384030533755624,0.016744426571344284,
male_3,423600,8.825,4.4125,0,7,0,7,11,0.032008394368407786,0.03450713293261748,398.0,3.989936665371535,0.18873971222102728,2.764376632738739,0.1866168270753493,1.2255600326327958,0.0021228851456779885,
male_3,426000,8.875,4.4375,2,4,1,7,7,0.025982339530343783,0.02588962591670752,398.0078125,3.2316700575047386,0.19728734559637615,2.6007903169387117,0.18528340587881864,0.6308797405660269,0.012003939717557505,
male_3,428400,8.925,4.4625,1,0,0,1,8,0.021301103447148487,0.021472080320660263,399.1796875,2.315640922457435,0.17488451792956466,2.6338919965488676,0.16443529308316782,-0.3182510740914326,0.010449224846396848,
male_3,430800,8.975,4.4875,4,3,2,9,9,0.018794887446743586,0.01759732745307142,399.296875,2.4714119276138797,0.18624696629696502,2.505208775786526,0.16858852570245486,-0.033796848172646055,0.01765844059451016,
male_3,433200,9.025,4.5125,5,4,3,12,9,0.011610218130510079,0.01150154561857499,396.953125,2.6403736950928,0.19770268321457757,2.4312745990308073,0.16529293710475756,0.20909909606199273,0.032409746109820003,
male_3,435600,9.075,4.5375,6,0,4,10,12,0.007262983916696799,0.006740441875940625,391.828125,2.8408770575995774,0.17947423120217598,2.0731563995706566,0.15816591059690802,0.7677206580289209,0.021308320605267966,
male_3,438000,9.125,4.5625,6,8,4,18,18,0.005898634716010018,0.005405827551829711,384.796875,2.038053250741065,0.1951794757256276,2.2923946365768924,0.1560931770787113,-0.25434138583582744,0.03908629864691632,
male_3,440400,9.175,4.5875,2,2,0,4,13,0.006359488809733475,0.0062041476857427735,390.234375,2.7662599364597984,0.18202461496709002,2.627095407513798,0.1780527391154117,0.1391645289460004,0.003971875851678325,
male_3,442800,9.225,4.6125,1,1,0,2,13,0.005797132493601186,0.0055902439055831,396.421875,2.018706295431763,0.16991137921519892,1.96279031864752,0.19876944870628632,0.05591597678424298,-0.028858069491087407,
male_3,445200,9.275,4.6375,0,3,0,3,13,0.004831576928653472,0.004792371433645598,398.765625,1.9101238734775174,0.16642364340814167,1.9797003486097977,0.16179641606389478,-0.06957647513228027,0.0046272273442468925,
male_3,447600,9.325,4.6625,4,5,3,12,12,0.005445723813020788,0.004978018468085702,399.4453125,2.0755778192681964,0.1790235825689573,2.713072563423741,0.1589803173748802,-0.6374947441555445,0.02004326519407712,
male_3,450000,9.375,4.6875,2,0,2,4,12,0.005173336179218096,0.004837187658833994,398.2734375,2.6274822900196426,0.18996021311511332,2.2931948229189034,0.16648144402639634,0.3342874671007392,0.02347876908871699,
male_3,452400,9.425,4.7125,3,5,3,11,13,0.004753351248765424,0.0041994346615052205,398.0,2.2374617954096387,0.18985875883636125,2.5108600443527855,0.18389887318623127,-0.2733982489431468,0.005959885650129976,
male_3,454800,9.475,4.7375,3,4,3,10,9,0.003538775607690672,0.0031069721134816463,397.9296875,2.7619205713154127,0.19212909610547646,3.8139693611432746,0.19698990200900918,-1.0520487898278619,-0.004860805903532717,
male_3,457200,9.525,4.7625,1,2,0,3,7,0.003927226436878242,0.0033028759366731373,396.7578125,2.4014551330911704,0.20540442333453912,2.3997796036122443,0.18738802783477987,0.00167552947892613,0.018016395499759252,
male_3,459600,9.575,4.7875,3,3,1,7,8,0.0037574666106719814,0.0035173674294486667,394.7578125,2.503128840147226,0.18455500281957218,2.898673258954503,0.1770384763494446,-0.395544418807277,0.007516526470127571,
male_3,462000,9.625,4.8125,5,3,4,12,9,0.0031637389603893077,0.00293704135335115,391.2421875,3.3667526012846087,0.18635499624183896,1.6192527206286198,0.16717373931697846,1.747499880655989,0.0191812569248605,
male_3,464400,9.675,4.8375,7,4,5,16,11,0.002754581399487326,0.0027144154832528205,392.2734375,2.3237884479221638,0.1993275151233654,2.3364583955269245,0.16581176553277407,-0.0126699476047607,0.03351574959059134,
male_3,466800,9.725,4.8625,9,10,5,24,17,0.0025105706240681415,0.0025125215084726266,395.7890625,2.1426631772823144,0.1684379693423228,2.8886872592064576,0.15660136174734815,-0.7460240819241433,0.011836607594974652,
male_3,469200,9.775,4.8875,2,0,1,3,13,0.0021422594087637803,0.0019078680570304035,392.6953125,3.372166793758586,0.17580453555673828,2.624622028310772,0.1572241576389479,0.747544765447814,0.01858037791779038,
male_3,471600,9.825,4.9125,1,6,1,8,12,0.0013088295292919018,0.0013467418756749239,389.1796875,2.79795357737462,0.18391513278480517,3.1979132254180698,0.17032840112847894,-0.39995964804344997,0.013586731656326234,
male_3,474000,9.875,4.9375,6,5,4,15,8,0.0009821529909558395,0.0009347469083822496,385.6640625,2.350859638346761,0.18182283782724476,2.692832067732307,0.15801081347813045,-0.34197242938554595,0.023812024349114308,
male_3,476400,9.925,4.9625,7,4,4,15,13,0.0009653442698323946,0.0007099960140788386,375.9765625,2.7797020418099088,0.18766961804493884,2.1838587060074204,0.18908663648722634,0.5958433358024884,-0.0014170184422875043,
male_3,478800,9.975,4.9875,0,3,0,3,12,0.0014293224581498273,0.001133004470706251,360.7421875,3.5131895708637404,0.19198463665332602,2.818077201646172,0.18188744344734106,0.6951123692175685,0.010097193205984956,
male_3,481200,10.025,5.0125,5,7,3,15,9,0.004011184380083761,0.0024617014673583844,354.15625,3.580687193759329,0.20317946246928803,3.141955849286609,0.19597648828647363,0.43873134447272033,0.007202974182814403,
male_3,483600,10.075,5.0375,6,5,3,14,10,0.011310922875467876,0.008866264618625174,349.6015625,4.502199791461717,0.19619654012295787,7.864923158879605,0.23207514356230588,-3.362723367417888,-0.03587860343934801,
male_3,486000,10.125,5.0625,3,1,1,5,9,0.022409516321542252,0.018458027591847365,346.0859375,4.369623388137416,0.17950625076122398,4.027586645434739,0.172789476688191,0.34203674270267737,0.006716774073032977,
male_3,488400,10.175,5.0875,4,3,2,9,11,0.037290387769201606,0.033528752989237375,344.0,3.214804097212498,0.17680736660561827,1.3969243988646243,0.13854129094760012,1.8178796983478738,0.03826607565801815,
male_3,490800,10.225,5.1125,4,3,3,10,12,0.03899226893784923,0.040498401289176485,344.0,2.88931202017184,0.1773963340565701,1.5739207404474391,0.15659991564059456,1.315391279724401,0.020796418415975543,
male_3,493200,10.275,5.1375,3,2,0,5,14,0.04829603564713912,0.05027312800142426,347.28125,3.1497039322672795,0.1843688185199547,2.043721560507677,0.16243242853203468,1.1059823717596027,0.021936389987920024,
male_3,495600,10.325,5.1625,6,7,3,16,15,0.04898882205486755,0.05035497903700227,351.96875,2.533329374923999,0.18328082977269092,2.5708895228580606,0.15901599654750334,-0.03756014793406148,0.024264833225187576,
male_3,498000,10.375,5.1875,1,3,0,4,13,0.056368489752728394,0.05574096466413641,315.9140625,2.1971937907024435,0.16275780042132187,2.269242538691479,0.16478592774236286,-0.07204874798903571,-0.00202812732104099,
male_3,500400,10.425,5.2125,5,2,2,9,12,0.05442163514065518,0.056536666145541814,290.0,2.330689478167252,0.18222328258818152,2.259035682047272,0.17059345176134025,0.07165379611998013,0.01162983082684127,
male_3,502800,10.475,5.2375,6,2,3,11,18,0.06023474106120694,0.05736793120436109,290.0,2.6114502752679094,0.17479991018240296,1.6628160274337414,0.1577757208427382,0.948634247834168,0.017024189339664764,
male_3,505200,10.525,5.2625,3,5,2,10,18,0.055045387565101876,0.054574945195680256,267.5703125,2.210147509753779,0.17563788995128654,2.8599482390567794,0.15807987879770855,-0.6498007293030006,0.017558011153577996,
male_3,507600,10.575,5.2875,5,2,2,9,18,0.06337260029059606,0.060422702219660056,228.8984375,2.4386127619373497,0.16955157582017066,1.6743799321894013,0.15713918511126,0.7642328297479484,0.012412390708910676,
male_3,510000,10.625,5.3125,4,8,2,14,18,0.07688913003090818,0.06887075370387387,258.796875,2.7767985071646937,0.1689619518466777,2.1969304857162237,0.15540844634749879,0.5798680214484699,0.013553505499178914,
male_3,512400,10.675,5.3375,2,4,1,7,13,0.0724707019610813,0.0709530943858929,285.5546875,2.3943179023628445,0.16046421089104596,2.109163595019128,0.1465749684241351,0.2851543073437166,0.013889242466910867,
male_3,514800,10.725,5.3625,1,0,1,2,13,0.0631033667692883,0.06556081460470421,246.8828125,1.7870540615384098,0.17931966273861827,2.166337511162798,0.16102329899944437,-0.379283449624388,0.0182963637391739,
male_3,517200,10.775,5.3875,6,2,2,10,16,0.04807866490685425,0.04895639965901058,226.0,2.7768109431925256,0.17410490923138516,1.784391903466978,0.15704495297989268,0.9924190397255477,0.01705995625149248,
male_3,519600,10.825,5.4125,0,2,0,2,18,0.049796140370044525,0.04871858643453546,226.0,2.3757436748581755,0.18027008043663947,1.6003181946686087,0.1445212889762261,0.7754254801895668,0.035748791460413376,
male_3,522000,10.875,5.4375,1,0,1,2,16,0.057755027014764246,0.05832910731635204,256.8984375,2.455460424448437,0.1644537600605461,2.057778113611629,0.15475287128074097,0.39768231083680794,0.009700888779805128,
male_3,524400,10.925,5.4625,4,2,2,8,19,0.06944596262217971,0.07018504431061479,296.0,2.243049979608023,0.17119305862103812,2.195715559074445,0.1536744905766971,0.04733442053357839,0.017518568044341015,
male_3,526800,10.975,5.4875,3,2,2,7,20,0.07368109347391996,0.07312523130036265,296.0,2.5183648809525634,0.1616101100400205,1.5458247420771591,0.1385089128451988,0.9725401388754042,0.023101197194821677,
male_3,529200,11.025,5.5125,2,1,1,4,20,0.0728394979014866,0.07185663923822246,295.203125,2.2493788224651134,0.17805710095470006,2.120835247585379,0.16125227486777646,0.12854357487973456,0.016804826086923602,
male_3,531600,11.075,5.5375,4,4,2,10,19,0.07399363263714827,0.07438109616593344,292.859375,3.102384472718843,0.1749235927394968,1.7997073242383854,0.15783060076824565,1.3026771484804576,0.017092991971251165,
male_3,534000,11.125,5.5625,2,5,1,8,18,0.07721909932446089,0.07532653051081975,266.765625,2.0684824260850014,0.18727724972607476,2.100975808872936,0.15467910919013642,-0.032493382787934344,0.03259814053593835,
male_3,536400,11.175,5.5875,1,2,0,3,17,0.07390965797848771,0.06795306714525429,226.921875,1.6411169117433375,0.15167596243642129,1.9522204422550866,0.14712094879242255,-0.3111035305117491,0.00455501364399874,
male_3,538800,11.225,5.6125,2,5,2,9,16,0.07919542195315733,0.07123052925028248,224.0,2.4829051480787334,0.16270999269441225,2.0965455623258324,0.1379529114637992,0.38635958575290097,0.024757081230613043,
male_3,541200,11.275,5.6375,2,3,1,6,11,0.07434446215455133,0.07144522669290188,224.0,3.112416349466807,0.19461576630065447,2.85033848396585,0.15002200039993102,0.26207786550095724,0.04459376590072345,
male_3,543600,11.325,5.6625,4,3,3,10,13,0.0726741266859828,0.07539536298820072,224.0,1.9741821969651179,0.18002125622178228,2.22846051150172,0.1824743523923302,-0.2542783145366023,-0.002453096170547925,
male_3,546000,11.375,5.6875,0,1,0,1,13,0.07733308007255564,0.07573407159997056,224.0,1.6465181691598514,0.1704904887113161,1.795498798898759,0.1518373968818527,-0.14898062973890758,0.018653091829463425,
male_3,548400,11.425,5.7125,6,2,2,10,15,0.062121974874799375,0.06451944134322274,224.0,1.8661228962101242,0.16740300200934444,2.950640482567022,0.18729435431491578,-1.0845175863568977,-0.019891352305571347,
male_3,550800,11.475,5.7375,4,1,2,7,18,0.06978686762238803,0.06680637199496174,224.9453125,2.2940922043287877,0.14887442186570962,2.374173801278789,0.1812553373925445,-0.08008159695000128,-0.03238091552683489,
male_3,553200,11.525,5.7625,2,3,1,6,19,0.06526360256739203,0.06159368424479007,225.8828125,1.8108747871243365,0.1546536076752448,2.147749092488348,0.15023858540488016,-0.33687430536401175,0.004415022270364638,
male_3,555600,11.575,5.7875,3,3,0,6,20,0.0605666287768483,0.06221374070955333,224.7109375,2.523735865839765,0.17224174082236282,1.8301997058079396,0.15668989953484572,0.6935361600318255,0.015551841287517104,
male_3,558000,11.625,5.8125,4,3,3,10,18,0.06519971389800892,0.06380486260955821,240.59375,2.519423953984094,0.16542545581642762,2.9116593144905782,0.15879144348562574,-0.3922353605064841,0.006634012330801881,
male_3,560400,11.675,5.8375,2,1,0,3,19,0.06754069215590897,0.06731367595283082,282.78125,3.2789817047838685,0.17770159121323378,2.78322582157074,0.1612096700152725,0.49575588321312836,0.01649192119796128,
male_3,562800,11.725,5.8625,4,7,2,13,21,0.06902919924705503,0.06608035822443738,267.03125,2.1206490976252117,0.18061021821434103,1.7536213638503464,0.14440518237379393,0.3670277337748653,0.0362050358405471,
male_3,565200,11.775,5.8875,3,4,0,7,19,0.07241776710755865,0.0705540014119554,224.84375,2.2522771464552402,0.16582331553925767,2.049451704396043,0.15950411121944724,0.20282544205919706,0.006319204319810423,
male_3,567600,11.825,5.9125,0,0,0,0,17,0.06870662571611,0.06313856327513828,225.1484375,2.133404583086267,0.16277009600528689,1.6659251066833987,0.13855770051219268,0.46747947640286824,0.024212395493094202,control
male_3,570000,11.875,5.9375,1,0,0,1,17,0.06848994405654875,0.06816057873911707,226.0,1.8166511341030582,0.1517904897227969,2.1067977383676784,0.17550206045774264,-0.29014660426462013,-0.02371157073494573,
male_3,572400,11.925,5.9625,4,6,2,12,20,0.06401719064601205,0.06285645144288236,226.0,2.7207910722872404,0.17719257298008623,1.6389001647620778,0.17213751646919873,1.0818909075251626,0.005055056510887501,
male_3,574800,11.975,5.9875,1,2,0,3,16,0.06520847007035109,0.0582790995529274,225.3359375,2.005225464934642,0.17101996093679744,1.7832165048115762,0.15609035006286046,0.22200896012306592,0.014929610873936988,
male_3,577200,12.025,6.0125,2,3,2,7,15,0.06394739516518697,0.05544774325477917,224.1640625,1.1707393663570598,0.18069954329921775,1.4783980004838602,0.15662896354967298,-0.3076586341268004,0.024070579749544768,
male_3,579600,12.075,6.0375,1,2,0,3,13,0.05475058685258937,0.05405491431916859,224.0,1.6177503117230332,0.1843094789481647,1.5532481224662984,0.15488016831308196,0.06450218925673479,0.02942931063508275,
male_3,582000,12.125,6.0625,3,1,1,5,16,0.05205159570709517,0.053892453064175005,224.0,1.8660139731519312,0.17210303097797072,1.6298420010885875,0.14557764909442902,0.23617197206334373,0.0265253818835417,
male_3,584400,12.175,6.0875,4,0,1,5,16,0.054259898512022904,0.05054643043037927,224.0,1.87775493348829,0.15532936033040087,1.793734757093668,0.15144518306570293,0.084020176394622,0.0038841772646979467,
male_3,586800,12.225,6.1125,3,5,3,11,19,0.05265651477757544,0.04935448187060704,242.3203125,2.7160613765961936,0.16433647260990392,1.7708287699560112,0.16409185118710345,0.9452326066401824,0.00024462142280046173,
male_3,589200,12.275,6.1375,1,3,1,5,16,0.0562444781835356,0.053359618676233636,283.3359375,2.672029767858872,0.17252673837030216,1.8908685280110644,0.16103585754461086,0.7811612398478074,0.011490880825691302,
male_3,591600,12.325,6.1625,2,1,2,5,14,0.05675604987780317,0.0548216011561816,294.8671875,1.809978500363404,0.1836218610600697,1.6795324478671156,0.15954496875655153,0.13044605249628827,0.02407689230351817,
male_3,594000,12.375,6.1875,2,1,1,4,16,0.06387349835077437,0.06165626106201541,296.0,2.365068982369756,0.16797747193751622,1.1666077402642192,0.14236149884654098,1.198461242105537,0.02561597309097524,
male_3,596400,12.425,6.2125,0,3,0,3,15,0.06290810862015342,0.06055037667171228,296.0,2.387902248866382,0.18708593618019556,2.0472552561670927,0.15444188483994506,0.34064699269928944,0.0326440513402505,
male_3,598800,12.475,6.2375,1,0,0,1,15,0.0681552370571995,0.0656155572980063,295.6171875,1.8700544157050087,0.18070734324558702,2.536368215126099,0.15491643767700344,-0.6663137994210904,0.025790905568583572,
male_3,601200,12.525,6.2625,4,1,1,6,16,0.061155240403761746,0.06145684680000568,294.4453125,2.7881030504523263,0.17482888017922835,1.9639121093883296,0.16676371601681442,0.8241909410639967,0.00806516416241393,
male_3,603600,12.575,6.2875,1,1,0,2,17,0.06174492726217814,0.06062041083849059,294.7265625,2.3994756481351405,0.16985753593758313,1.998694555496799,0.1630249662538821,0.4007810926383415,0.006832569683701023,
male_3,606000,12.625,6.3125,5,0,1,6,20,0.05680983240830647,0.05676796179111495,295.8984375,1.9191292309141874,0.19517036398256557,1.9011513783751952,0.15980628338540445,0.0179778525389922,0.03536408059716112,
male_3,608400,12.675,6.3375,2,3,1,6,23,0.05730996330202279,0.057525405992145937,296.0,1.9928265771092841,0.1718586325241729,2.3859250042417837,0.1589095514467805,-0.39309842713249954,0.0129490810773924,
male_3,610800,12.725,6.3625,1,0,0,1,23,0.05666591741832597,0.05629156334883063,287.28125,1.5803108553313083,0.15440594473843627,1.1591565875649419,0.13313163077262422,0.42115426776636644,0.02127431396581206,control
male_3,613200,12.775,6.3875,3,0,1,4,24,0.0642923422914855,0.06471761126335965,245.09375,1.977464436095494,0.17226395075182852,1.8087588914953823,0.13341716353762229,0.16870554460011178,0.03884678721420623,
male_3,615600,12.825,6.4125,5,4,1,10,26,0.06464406203779141,0.06601748312156185,224.0,1.7068046130431254,0.15582321742769967,1.7506436166064012,0.13507823749037223,-0.04383900356327586,0.020744979937327435,
male_3,618000,12.875,6.4375,1,4,1,6,26,0.07636306678881075,0.07025516282115442,224.0,2.3460699640239433,0.17210189824726713,2.1832727595823584,0.15009134915642647,0.16279720444158485,0.02201054909084066,
male_3,620400,12.925,6.4625,4,8,3,15,23,0.08196556756255559,0.07651214976744386,224.9296875,2.0633868682973215,0.179695265904924,1.5546033687701262,0.15482702992704936,0.5087834995271954,0.02486823597787463,
male_3,622800,12.975,6.4875,1,2,0,3,21,0.08657437644083373,0.08718626482420662,226.0,1.6865671654106178,0.15753917418267713,1.7884171939391655,0.1520202961486245,-0.10185002852854774,0.005518878034052627,
male_3,625200,13.025,6.5125,2,3,0,5,18,0.08655843423302172,0.0875892098477708,226.0,1.957505299521776,0.16724988171318683,1.351272753247228,0.13440208860264946,0.6062325462745481,0.03284779311053737,
male_3,627600,13.075,6.5375,4,2,3,9,19,0.09078999366924702,0.08648751384057432,242.03125,2.104061372593871,0.19012329484965648,2.1971506177648705,0.14511292373675425,-0.09308924517099948,0.04501037111290224,
male_3,630000,13.125,6.5625,2,3,0,5,19,0.08331632019598893,0.07588684782248094,284.21875,2.4626095789253455,0.17342791544540168,2.0936916599950446,0.18409649191116798,0.3689179189303009,-0.0106685764657663,
male_3,632400,13.175,6.5875,1,1,0,2,19,0.07979664432816905,0.08082136237015014,298.7890625,1.8823120104787927,0.16863143159874747,2.2595835909725763,0.18043537332731366,-0.3772715804937836,-0.011803941728566192,
male_3,634800,13.225,6.6125,5,2,1,8,20,0.07269088655375162,0.07266829698809166,299.9609375,2.6681517498050877,0.18119282661568675,2.363201228812356,0.15027792951188285,0.3049505209927319,0.030914897103803907,
male_3,637200,13.275,6.6375,4,3,1,8,22,0.06489894796138997,0.0697933104076794,300.0,2.0938668536245286,0.17327507568064118,2.2743549866456068,0.1544620630747371,-0.18048813302107813,0.018813012605904095,
male_3,639600,13.325,6.6625,4,2,2,8,25,0.06991540970307708,0.06770947327574776,299.6953125,2.0835204945204175,0.1773452199308267,1.54710116724506,0.15217330211746066,0.5364193272753575,0.02517191781336603,
male_3,642000,13.375,6.6875,6,5,3,14,25,0.07118859180985262,0.06878816959000875,298.5234375,1.5595083009927027,0.16537402966531498,2.3230838172594575,0.17000086858115074,-0.7635755162667548,-0.004626838915835763,
male_3,644400,13.425,6.7125,1,2,0,3,26,0.07631303483674509,0.06996263086947138,274.65625,3.0334100380473643,0.16345235935364308,1.8750834791969706,0.14785006115841728,1.1583265588503937,0.015602298195225794,
male_3,646800,13.475,6.7375,4,3,4,11,26,0.07435492069387321,0.07268678235295314,232.46875,2.0213194474420932,0.16923688232793885,1.3784732778396185,0.14381709694599024,0.6428461696024748,0.025419785381948612,
male_3,649200,13.525,6.7625,3,9,3,15,23,0.07875863980489108,0.0739088335935484,225.0078125,1.3503549304807185,0.16462847048914878,1.2786952040226414,0.15120251494889553,0.07165972645807717,0.013425955540253248,
male_3,651600,13.575,6.7875,4,3,1,8,21,0.06882906209696453,0.06699759021896891,224.0,2.3361734558135967,0.18239915618418795,1.9032290876849403,0.15131967433352944,0.43294436812865644,0.031079481850658508,
male_3,654000,13.625,6.8125,5,6,4,15,23,0.07116601582332824,0.06451430156381244,224.0,2.2802733493075964,0.1751737407294027,1.7950613119935759,0.15364788685302416,0.4852120373140205,0.021525853876378537,
male_3,656400,13.675,6.8375,5,4,3,12,23,0.062069044518515436,0.05912356123871018,224.0,1.5984329820317318,0.15338027863285003,1.4053733633746848,0.15676064626570355,0.19305961865704702,-0.003380367632853515,
male_3,658800,13.725,6.8625,3,2,3,8,21,0.06092124123549125,0.05694514936219734,224.0,1.7245257359877466,0.1649927529012317,1.5848715790304522,0.14678275366118607,0.13965415695729444,0.018209999240045627,
male_3,661200,13.775,6.8875,3,8,2,13,19,0.05408611586993072,0.05041128819695222,289.5703125,2.3021276311831076,0.1847097416244467,2.381020308692649,0.15110045765017818,-0.07889267750954154,0.03360928397426852,
male_3,663600,13.825,6.9125,0,5,0,5,14,0.04999155391178607,0.044592938388227615,378.0,2.5697119494337555,0.18993551054856334,3.43070722052902,0.2132217216439851,-0.8609952710952644,-0.023286211095421755,
male_3,666000,13.875,6.9375,3,3,3,9,12,0.04662742907094627,0.04159071754738499,378.0,2.4010397254201896,0.17749772890182122,2.19904351084167,0.1693112208534236,0.20199621457851968,0.008186508048397628,
male_3,668400,13.925,6.9625,5,2,2,9,12,0.05093088890660486,0.05019546965623155,378.0,2.752365777607193,0.19223765484222752,2.7575617026751216,0.17528173698719107,-0.005195925067928542,0.016955917855036445,
male_3,670800,13.975,6.9875,1,1,0,2,15,0.059107435212883766,0.05699031474657828,378.0,2.1441672714402262,0.1827046264042733,3.1825508559312414,0.1874817842134104,-1.0383835844910152,-0.0047771578091371225,
male_3,673200,14.025,7.0125,5,0,1,6,17,0.06235307082247434,0.06022093397729553,347.4296875,2.8465163187990505,0.17554320452955013,2.494207718572207,0.1878630260890605,0.3523086002268436,-0.012319821559510363,
male_3,675600,14.075,7.0375,2,3,1,6,20,0.06623396695804662,0.06444417932685735,297.0390625,3.537390748053507,0.17472982498560516,1.6302204659585344,0.16875402694722325,1.9071702820949725,0.005975798038381913,
male_3,678000,14.125,7.0625,3,4,2,9,18,0.0643483779210173,0.06641313561328446,294.109375,1.805730035318526,0.18142928814292222,2.1507167863820342,0.15184914955282228,-0.3449867510635083,0.029580138590099947,
male_3,680400,14.175,7.0875,4,4,1,9,20,0.06860607331355308,0.06453604114256677,296.0,1.572746588770885,0.17200409828737648,2.0890352734594706,0.1538523369101282,-0.5162886846885857,0.018151761377248277,
male_3,682800,14.225,7.1125,2,1,1,4,18,0.06955233503339275,0.06933797871128938,296.0,1.6275689147310464,0.16399096729273183,1.9793356313994404,0.14664221598294805,-0.351766716668394,0.017348751309783778,
male_3,685200,14.275,7.1375,6,4,4,14,20,0.06753270280556244,0.06757071879495444,296.0,2.0655579643552713,0.17059570190080633,2.408808581341877,0.16653850689208888,-0.34325061698660564,0.004057195008717457,
male_3,687600,14.325,7.1625,0,2,0,2,19,0.06708938695365396,0.06884290774606444,296.0,1.719619309550181,0.16337308923755706,2.052850699202543,0.1640525474565828,-0.33323138965236176,-0.0006794582190257359,
male_3,690000,14.375,7.1875,2,4,1,7,18,0.06440779216072881,0.0652323700768614,295.0859375,2.360516882395966,0.17300800018823956,2.208261638028488,0.1534427098670493,0.15225524436747806,0.019565290321190254,
male_3,692400,14.425,7.2125,2,2,1,5,17,0.06221628938978144,0.06332100612294823,290.9921875,2.4002028551065906,0.18400901678793177,2.5279321656973748,0.1669994599682906,-0.12772931059078418,0.01700955681964117,
male_3,694800,14.475,7.2375,2,2,1,5,18,0.054989099889953645,0.05485575275111921,249.9765625,2.9758726770878106,0.18254569977202942,1.6045591757018234,0.14303595487091111,1.3713135013859872,0.039509744901118304,
male_3,697200,14.525,7.2625,5,1,3,9,18,0.06043760419690389,0.057677250038549746,224.0,1.6457732099485844,0.161148377065325,1.8444076454472356,0.14274179817581825,-0.19863443549865112,0.018406578889506753,
male_3,699600,14.575,7.2875,2,1,1,4,21,0.060306281444337966,0.05980384955147643,224.0,2.0390842552916255,0.16234365707907647,1.647595872502158,0.14276175991427995,0.3914883827894675,0.019581897164796525,
male_3,702000,14.625,7.3125,2,5,0,7,22,0.06570129281259447,0.05827866778437105,224.7734375,1.9829453388214682,0.16471010136146647,2.2674936980241034,0.1552808762517217,-0.2845483592026352,0.009429225109744754,
male_3,704400,14.675,7.3375,5,5,3,13,19,0.06639056407378593,0.06454271463967255,225.9453125,2.0751738451262303,0.16438947648743318,1.9987736786052857,0.1523065860719815,0.07640016652094461,0.012082890415451686,
male_3,706800,14.725,7.3625,2,1,0,3,19,0.07056818922486849,0.07089217833769433,224.8828125,2.390327851895367,0.1790043176250735,1.3875971673887901,0.1577125617230319,1.0027306845065767,0.021291755902041576,
male_3,709200,14.775,7.3875,3,4,3,10,19,0.06807227326040144,0.06548470264689783,224.0,2.098900833297346,0.16723141560472451,1.618287582576023,0.15395996434041762,0.48061325072132277,0.0132714512643069,
male_3,711600,14.825,7.4125,3,5,2,10,19,0.06321247705607183,0.0626870690830376,224.0,1.9632519983258128,0.1634638036524349,1.5676773226506024,0.15609287684632217,0.3955746756752103,0.007370926806112732,
male_3,714000,14.875,7.4375,2,1,2,5,17,0.06460134118547178,0.0638057655285266,224.0,2.0667596022181898,0.16121069787884,1.3959511053580258,0.159407415423613,0.670808496860164,0.0018032824552269844,
male_3,716400,14.925,7.4625,4,3,3,10,19,0.05658698887343961,0.05783456322636672,224.0,2.4486753406016346,0.1687289554831843,2.052401690332071,0.1625701775129121,0.3962736502695634,0.0061587779702722,
male_3,718800,14.975,7.4875,2,6,2,10,17,0.04885231540408783,0.05114070252496319,256.2265625,1.8314164685448775,0.1778167374478885,2.148613145458931,0.15721502013818076,-0.3171966769140533,0.02060171730970775,
male_3,721200,15.025,7.5125,4,4,2,10,16,0.04226349851267496,0.03471741591797007,285.6953125,2.365810203545358,0.1794531719337941,2.272044319857871,0.1555912231997255,0.09376588368748706,0.023861948734068605,
male_3,723600,15.075,7.5375,7,4,3,14,16,0.03971467173383996,0.022508206634721396,251.7109375,2.808632298456353,0.1725923666202213,3.4850551555467786,0.18023520060728404,-0.6764228570904254,-0.007642833987062753,
male_3,726000,15.125,7.5625,5,6,2,13,19,0.040583110775127565,0.02718892479565182,249.2265625,3.17155373179747,0.16495716380336561,2.9705789451179907,0.17679741514023642,0.20097478667947932,-0.011840251336870805,
male_3,728400,15.175,7.5875,5,4,3,12,18,0.05118409921629708,0.0453342133389964,290.2421875,2.6462536669933856,0.16959186816257285,2.786282957838591,0.15559966665036357,-0.14002929084520543,0.013992201512209285,
male_3,730800,15.225,7.6125,4,6,2,12,15,0.06589020618744125,0.05269334878454156,302.8359375,2.3579792987281496,0.17114069835290666,2.9129388237841423,0.14486745672722637,-0.5549595250559927,0.026273241625680288,
male_3,733200,15.275,7.6375,3,3,1,7,15,0.05720837707189899,0.05483555816795418,304.0,1.850346158857777,0.17539959757379608,2.8880227620248036,0.16828704175029804,-1.0376766031670266,0.00711255582349804,
male_3,735600,15.325,7.6625,6,1,3,10,20,0.04130955490321401,0.04297672927632572,304.0,2.5006440491209436,0.16858636676714528,2.2063959211869513,0.17109387708415089,0.29424812793399235,-0.0025075103170056068,
male_3,738000,15.375,7.6875,5,6,2,13,18,0.0260509658926116,0.029401546757076073,307.1640625,3.2724473970311765,0.18374169471764393,2.390654397851793,0.16281840402095135,0.8817929991793836,0.020923290696692576,
male_3,740400,15.425,7.7125,5,5,1,11,19,0.03336224481873565,0.03288389251679902,317.7109375,2.6689817235939355,0.16864637225458737,2.326245001070556,0.15317711704067666,0.3427367225233793,0.01546925521391071,
male_3,742800,15.475,7.7375,3,2,0,5,20,0.0450247557557249,0.04622762051079072,286.5390625,2.2058462636963623,0.18323434656630821,2.435521751950823,0.15400314095259032,-0.2296754882544607,0.029231205613717892,
male_3,745200,15.525,7.7625,0,2,0,2,19,0.05309312230773565,0.04908290658702956,226.7734375,2.7314898313560474,0.17438935239383638,2.5248075524727946,0.1566949756609673,0.20668227888325275,0.017694376732869083,
male_3,747600,15.575,7.7875,4,6,3,13,19,0.051533162758052004,0.04897858564149911,243.8984375,2.248227667471432,0.17626389217618615,2.5220920475338033,0.16299008471050488,-0.27386438006237146,0.01327380746568127,
male_3,750000,15.625,7.8125,2,5,1,8,16,0.06741171459472238,0.06695857192667608,266.0,2.1632873263439483,0.14815270288052731,2.5714304347432146,0.19192534868692632,-0.4081431083992664,-0.043772645806399,
male_3,752400,15.675,7.8375,2,1,0,3,14,0.06374000685639142,0.06663616631546622,266.0,3.190358798578711,0.17263078098726584,2.332293348905197,0.17549963349466857,0.8580654496735138,-0.002868852507402736,
male_3,754800,15.725,7.8625,2,2,2,6,15,0.05578896132980131,0.05477925124449885,266.5546875,2.2595513046272098,0.18325438162775562,1.8091782240548335,0.16812540009417207,0.45037308057237624,0.015128981533583552,
male_3,757200,15.775,7.8875,1,1,1,3,14,0.06472793533225536,0.06051048828209864,267.7265625,2.724876873933999,0.1783712200285157,2.166901458693962,0.16383582919714829,0.5579754152400369,0.0145353908313674,
male_3,759600,15.825,7.9125,1,2,1,4,13,0.08347160546671971,0.07367840027240356,268.0,2.7202194336502776,0.16321046517856647,1.4996892348819486,0.1674977529289781,1.220530198768329,-0.0042872877504116225,
male_3,762000,15.875,7.9375,2,1,1,4,14,0.06129762041949253,0.06247655800136519,268.0,2.5048501736041464,0.17729710630833187,1.7354356333160967,0.16472132913735213,0.7694145402880497,0.01257577717097974,
male_3,764400,15.925,7.9625,12,3,8,23,18,0.04790301574413942,0.03981591632126427,268.0,2.185540974464961,0.1761161958055431,1.3266119587078449,0.16216246387146244,0.8589290157571163,0.013953731934080671,
male_3,766800,15.975,7.9875,0,6,0,6,19,0.044893463320756256,0.04622017721374082,267.5859375,2.4735568015196425,0.15914535198566093,1.9301503566253082,0.1382272378104477,0.5434064448943343,0.02091811417521322,
male_3,769200,16.025,8.0125,2,3,2,7,19,0.06769781264157923,0.06578157485874715,266.4140625,1.9710282695265828,0.15861344378328388,1.79294206174409,0.1454899002408689,0.17808620778249273,0.013123543542414962,
male_3,771600,16.075,8.0375,2,3,1,6,16,0.07486425290557225,0.07206855480665252,266.7578125,2.670444659309897,0.16944224013695633,2.874318388267892,0.15295781835643738,-0.20387372895799505,0.016484421780518954,
male_3,774000,16.125,8.0625,1,3,0,4,16,0.0755976640065732,0.07531866324623519,267.9296875,2.2624948510912573,0.16876427313898743,2.50330244473055,0.16103666207013223,-0.2408075936392926,0.007727611068855195,
male_3,776400,16.175,8.0875,1,0,0,1,14,0.08156659428448115,0.0730653157637816,269.1015625,2.4340086958347538,0.1782806014294436,3.285388701829823,0.16217433206899745,-0.8513800059950691,0.01610626936044615,
male_3,778800,16.225,8.1125,6,2,5,13,18,0.06117578438388031,0.06340397011580622,269.7265625,2.4155946269456945,0.1761748013870365,2.486255024210024,0.1590131642487052,-0.0706603972643296,0.017161637138331298,
male_3,781200,16.275,8.1375,4,5,2,11,20,0.037569906855763266,0.03850443025334301,268.5546875,2.852157720958738,0.18974379693404456,2.97103379095986,0.18364827679678739,-0.11887607000112199,0.006095520137257171,
male_3,783600,16.325,8.1625,2,3,1,6,17,0.049479044205090306,0.045996214281281075,267.3828125,3.2585197274901176,0.179055148217477,3.205554675492845,0.1784459825120233,0.05296505199727264,0.0006091657054537181,
male_3,786000,16.375,8.1875,0,0,0,0,17,0.06828483868039328,0.06278986655533074,266.2109375,2.761214251234782,0.17589978214457463,2.08073265622234,0.1710909436015599,0.6804815950124423,0.004808838543014726,control
male_3,788400,16.425,8.2125,5,4,2,11,17,0.05902793750584677,0.05122239389507292,247.7421875,2.67575300945184,0.17534484367621203,2.0183328892339665,0.16713207409274083,0.6574201202178735,0.008212769583471197,
male_3,790800,16.475,8.2375,2,1,1,4,18,0.05187385416491547,0.04307833305556817,227.8671875,2.2756417428198743,0.17611425935545208,2.7480111618835315,0.19149297007575897,-0.47236941906365715,-0.015378710720306887,
male_3,793200,16.525,8.2625,3,3,1,7,20,0.07284958066371486,0.06946478319485573,226.6953125,1.589353454140835,0.16461001443547182,2.4010032921011017,0.16294952998456894,-0.8116498379602668,0.0016604844509028882,
male_3,795600,16.575,8.2875,2,2,1,5,19,0.08928598851309176,0.08045739336692322,226.0,2.443129879257154,0.16701109986952062,3.01480602713253,0.15785746347840016,-0.571676147875376,0.009153636391120462,
male_3,798000,16.625,8.3125,3,3,2,8,18,0.09331593863100691,0.07007510165647608,226.0,2.6515424214129673,0.1751646721777682,3.096529398678069,0.1647012955604795,-0.44498697726510184,0.010463376617288717,
male_3,800400,16.675,8.3375,4,8,3,15,19,0.06641867365990436,0.06551040411382814,244.8671875,2.876390233315742,0.18168371124202934,2.7038354970778133,0.16953939825963626,0.17255473623792872,0.012144312982393074,
male_3,802800,16.725,8.3625,1,5,0,6,13,0.061838401415699754,0.06766467751303717,271.8203125,2.723618792041404,0.18083748950225134,2.4327793926876717,0.1684162743231227,0.2908393993537324,0.012421215179128642,
male_3,805200,16.775,8.3875,3,2,2,7,12,0.0679605446896291,0.07016142103247955,242.8984375,3.889465096524662,0.1833495174304343,2.480591673027595,0.16707690184559604,1.408873423497067,0.01627261558483825,
male_3,807600,16.825,8.4125,3,2,0,5,13,0.07240453293286521,0.0754262983329108,222.3359375,2.528614040946394,0.16986795964858883,1.982168915145879,0.15686601613740594,0.546445125800515,0.01300194351118289,
male_3,810000,16.875,8.4375,6,3,3,12,15,0.06552266173967178,0.06581499435804689,223.5078125,2.0908240076010194,0.169187235170807,2.4619463567363304,0.1655700460009391,-0.37112234913531106,0.0036171891698678904,
male_3,812400,16.925,8.4625,3,2,2,7,17,0.06511138419924696,0.06197577415704995,238.953125,3.7333240023167096,0.16300121448958468,2.1018119287447994,0.15585813631624124,1.6315120735719102,0.007143078173343448,
male_3,814800,16.975,8.4875,5,4,3,12,17,0.06075364179353538,0.055152103283810414,264.734375,2.47426851714901,0.17901565794520627,2.905539329889478,0.1586138620564652,-0.43127081274046786,0.02040179588874108,
male_3,817200,17.025,8.5125,4,6,2,12,16,0.06763240800276359,0.060461144772148985,268.0,3.1941873640785845,0.17383512374988005,1.9903548912076316,0.1470965523142558,1.2038324728709529,0.026738571435624248,
male_3,819600,17.075,8.5375,3,3,0,6,15,0.07363204839964228,0.07547534054329595,267.8046875,2.1102030611792184,0.16471877349751934,1.4639875007410792,0.14938919427597197,0.6462155604381392,0.015329579221547374,
male_3,822000,17.125,8.5625,2,3,1,6,15,0.0781974593454527,0.08106669407204653,266.6328125,2.1656251671838205,0.1589269349961117,1.5602730301004548,0.15575555884535233,0.6053521370833657,0.0031713761507593807,
male_3,824400,17.175,8.5875,4,0,1,5,17,0.0790509278442786,0.07472615482621667,254.6796875,3.4676149199684834,0.1655766423812429,2.780400537031326,0.14589522648177694,0.6872143829371575,0.019681415899465954,
male_3,826800,17.225,8.6125,2,3,0,5,19,0.06458293730074585,0.060010295616584164,230.0703125,2.3030868036470995,0.14888666233161643,2.211981439264089,0.15686691687387128,0.09110536438301065,-0.007980254542254844,
male_3,829200,17.275,8.6375,5,4,3,12,19,0.0632510928345717,0.05719496628120106,244.3046875,3.1388409019420846,0.1720805557865744,3.0567020516496632,0.1496188876766343,0.0821388502924214,0.022461668109940103,
male_3,831600,17.325,8.6625,4,6,3,13,19,0.058806936018783715,0.05709990657980757,268.6328125,2.1672657085113305,0.1718731116023692,2.7531789025128948,0.15030527279923406,-0.5859131940015643,0.021567838803135148,
male_3,834000,17.375,8.6875,3,2,1,6,18,0.03974976892502943,0.04221804196032691,239.3359375,3.6205413372008017,0.17627306620188174,2.3282942293705604,0.1359589356636019,1.2922471078302413,0.04031413053827984,
male_3,836400,17.425,8.7125,0,0,0,0,18,0.0413734760019915,0.046549299708404254,220.0,1.6162442378866937,0.14822181889611866,1.98051775556567,0.15800079863621758,-0.3642735176789762,-0.00977897974009892,
male_3,838800,17.475,8.7375,2,5,1,8,16,0.04763910729324017,0.04851604952396076,220.0,2.2118767077249375,0.15138259639569368,3.7953675083794165,0.18143597951491844,-1.583490800654479,-0.030053383119224758,
male_3,841200,17.525,8.7625,0,1,0,1,14,0.038143538620844575,0.03774912838251928,222.2265625,2.791244127318084,0.19059296930984018,2.0811262783663755,0.1798160442498446,0.7101178489517084,0.010776925059995585,
male_3,843600,17.575,8.7875,5,4,1,10,12,0.02818629149594382,0.01792956265804101,225.7421875,3.1253886574241996,0.18386116435444427,2.2094891329532276,0.15320895983776955,0.915899524470972,0.03065220451667472,
male_3,846000,17.625,8.8125,7,8,2,17,13,0.02325609979849714,0.02150727567183802,258.578125,2.6090683499609555,0.18174995816397482,2.7179378139275103,0.1539850577801639,-0.10886946396655484,0.027764900383810937,
male_3,848400,17.675,8.8375,5,3,3,11,15,0.04473230827814892,0.0375096537585942,279.8125,2.3077332241209447,0.17027030328422513,2.5034122566794417,0.15798485444752638,-0.19567903255849695,0.012285448836698742,
male_3,850800,17.725,8.8625,4,4,3,11,16,0.04599102104929906,0.044331258968942654,251.6875,3.097323537070465,0.16970232948686567,2.4910211353526126,0.1596831625929715,0.6063024017178522,0.010019166893894177,
male_3,853200,17.775,8.8875,3,5,1,9,16,0.05430098394678807,0.05015407564983153,238.6015625,2.510814379495686,0.16206004912177954,2.3282736295513304,0.16442714226554558,0.18254074994435543,-0.0023670931437660414,
male_3,855600,17.825,8.9125,2,3,0,5,13,0.06265177956846937,0.06079571090173882,239.7734375,2.307007684619653,0.1650733207392274,2.297452150477417,0.16786586139933282,0.009555534142235977,-0.002792540660105425,
male_3,858000,17.875,8.9375,6,7,4,17,13,0.059617348282978676,0.06215995937439995,313.734375,2.011576086881613,0.16966570395438227,2.83960922072069,0.19079506192148157,-0.8280331338390772,-0.021129357967099305,high
male_3,860400,17.925,8.9625,0,2,0,2,11,0.041075838709791236,0.047802922934612795,381.0,3.712999241897723,0.18174682419649216,2.4174748923393885,0.17052284757119587,1.2955243495583346,0.011223976625296284,
male_3,862800,17.975,8.9875,4,1,3,8,11,0.026614307390132055,0.028560982961051088,231.0,2.3399053402373804,0.17354978582413313,2.6163809306438544,0.15905630012453859,-0.27647559040647396,0.01449348569959455,
male_3,865200,18.025,9.0125,7,8,5,20,13,0.027439568825523307,0.026802312346236718,176.875,3.307763994953242,0.18297980267594957,2.326968806122374,0.16339470524851205,0.9807951888308679,0.019585097427437526,
male_3,867600,18.075,9.0375,4,2,2,8,11,0.044401570984046325,0.03443170545678725,270.625,1.8986478520786347,0.1708083581504871,1.4298783622798572,0.16275496868589784,0.46876948979877753,0.00805338946458925,
male_3,870000,18.125,9.0625,5,3,1,9,16,0.05449430395610206,0.04415538551064746,281.4921875,2.842449235056975,0.17150538780904062,1.5317037636316315,0.15231773679980204,1.3107454714253435,0.019187651009238582,
male_3,872400,18.175,9.0875,3,1,1,5,18,0.05541164074705964,0.044492253061483744,254.5390625,2.2195581347094224,0.1741870733297848,1.8541519409839926,0.14822956074296517,0.3654061937254298,0.025957512586819637,
male_3,874800,18.225,9.1125,2,1,1,4,19,0.052904621090901466,0.040489031147405055,254.0,1.6559521718504988,0.16371048623990903,1.803333945344294,0.1524901573209878,-0.14738177349379522,0.011220328918921219,
male_3,877200,18.275,9.1375,2,4,1,7,16,0.050709108041457625,0.04494332235587317,253.6796875,2.0817334988996836,0.18278090244976788,2.2181399542732616,0.1591338400499449,-0.13640645537357798,0.023647062399822977,
male_3,879600,18.325,9.1625,4,2,4,10,17,0.0512996963768615,0.05019556986727111,252.5078125,2.4147330191779104,0.17789362959597374,1.7737062723189818,0.1361629883361874,0.6410267468589286,0.041730641259786344,
male_3,882000,18.375,9.1875,2,2,1,5,19,0.0519115817994161,0.04961819841301956,251.3359375,2.6158839170488637,0.17517929702575885,1.7322300513538935,0.1466672381358709,0.8836538656949702,0.028512058889887948,
male_3,884400,18.425,9.2125,1,4,0,5,17,0.04827909272610864,0.04481055778540855,250.1640625,1.5929264438344808,0.1782968160727171,2.1159473965959155,0.15746277062465572,-0.5230209527614347,0.02083404544806139,
male_3,886800,18.475,9.2375,7,5,4,16,15,0.04593047204842934,0.043553986419558544,247.984375,1.714979600256404,0.16899523292650157,1.7391277012226014,0.1600957961507761,-0.02414810096619746,0.008899436775725467,
male_3,889200,18.525,9.2625,4,1,4,9,18,0.047028004592251815,0.045169037118510946,245.8203125,2.536502817833294,0.1666368148788266,1.5508863110324267,0.14084966015381564,0.9856165068008673,0.025787154725010947,
male_3,891600,18.575,9.2875,4,11,4,19,18,0.044921297402768665,0.04287285048761145,244.6484375,2.3129938165378405,0.1618406916291062,1.962260026150187,0.15730909728872186,0.3507337903876535,0.004531594340384332,
male_3,894000,18.625,9.3125,3,6,1,10,13,0.058846621229055485,0.05158884009158867,241.3828125,2.3558986387449377,0.16577853088610459,2.3248875643970095,0.1605161928972206,0.031011074347928158,0.0052623379888839805,
male_3,896400,18.675,9.3375,2,3,1,6,12,0.0838660898664436,0.0671465898724176,235.5234375,3.3272684576439167,0.16540193451967142,2.1985593934922116,0.1594169328966109,1.128709064151705,0.00598500162306051,
male_3,898800,18.725,9.3625,2,2,1,5,10,0.07971387173330165,0.07156297904710812,201.9140625,4.0970763829033325,0.18704407093909764,2.46671467922961,0.19603416207456797,1.6303617036737226,-0.008990091135470335,
male_3,901200,18.775,9.3875,5,3,2,10,11,0.08763054796098203,0.06476092265016696,160.1171875,2.967696678862645,0.20585285747485235,3.9622635539769497,0.2193033569439923,-0.9945668751143049,-0.013450499469139954,
male_3,903600,18.825,9.4125,7,3,2,12,16,0.10913577471820132,0.08632576741713942,163.6328125,2.6197411654402742,0.1800491838345233,3.0658298624281253,0.18133805972071484,-0.44608869698785103,-0.0012888758861915317,
male_3,906000,18.875,9.4375,4,0,0,4,19,0.11686626303256627,0.10269199108914262,165.6171875,1.9610641434278069,0.15622293413470015,0.7443492037349219,0.14563014447261205,1.216714939692885,0.010592789662088098,
male_3,908400,18.925,9.4625,3,2,2,7,20,0.1274511705624363,0.09588272113644125,164.4453125,1.3194154216776002,0.18245111615273052,0.9725082646038188,0.14133810225700824,0.3469071570737814,0.04111301389572228,
male_3,910800,18.975,9.4875,1,1,1,3,21,0.10575466052221275,0.0960094236269433,164.0,0.9831379534091331,0.15882692382984107,0.6018990207843467,0.14109308867993053,0.3812389326247865,0.017733835149910532,
male_3,913200,19.025,9.5125,1,8,1,10,14,0.10643714819269307,0.08842583002536877,164.0,1.8998228924220455,0.1889267093297238,1.5583153057236123,0.15407858816883271,0.3415075866984332,0.03484812116089109,
male_3,915600,19.075,9.5375,5,3,1,9,14,0.11491756783500588,0.08483763282996964,170.421875,1.543191817991828,0.16470456536633873,1.4553943840233803,0.1598632084405606,0.08779743396844775,0.00484135692577814,
male_3,918000,19.125,9.5625,9,0,2,11,21,0.1109369136701346,0.09651647393782307,176.0,2.343579773656834,0.16905162511314567,0.8901838247573433,0.1762295846409267,1.4533959488994905,-0.007177959527781025,
male_3,920400,19.175,9.5875,0,2,0,2,24,0.10068159393624398,0.10432783366058312,176.0,1.257042548173184,0.15913415427422103,0.5883567221347837,0.13135967164905707,0.6686858260384002,0.027774482625163965,
male_3,922800,19.225,9.6125,0,8,0,8,18,0.09695311437179542,0.07551301387259376,167.2109375,2.7900309853003105,0.19437183818069448,3.4877260343887113,0.16422654444703402,-0.6976950490884009,0.030145293733660455,
male_3,925200,19.275,9.6375,3,1,3,7,16,0.09804785343569856,0.05636729507612456,149.6328125,2.4571693525811513,0.17470360370295007,2.6483338032128114,0.17050876090671258,-0.1911644506316601,0.004194842796237497,
male_3,927600,19.325,9.6625,10,12,8,30,21,0.08717787334520992,0.07755238719950736,146.0,1.631731851500985,0.1721531461536994,1.6325468161174959,0.1576030267188188,-0.0008149646165107605,0.014550119434880604,
male_3,930000,19.375,9.6875,5,10,2,17,11,0.08291656457494147,0.05501757360194365,147.7265625,3.7120674924236052,0.17480462426733825,2.6795316070756683,0.18348402015197054,1.032535885347937,-0.00867939588463229,
male_3,932400,19.425,9.7125,2,0,2,4,10,0.08459418502972846,0.06281920963698029,167.6484375,2.8899920152232115,0.16368725301283288,2.381484615658129,0.16807803392452408,0.5085073995650826,-0.0043907809116912055,
male_3,934800,19.475,9.7375,13,12,7,32,14,0.08462683685234414,0.06767984736020022,180.4453125,1.9114618250113216,0.17803534877814992,2.309470313993817,0.16147126339919202,-0.3980084889824953,0.0165640853789579,high
male_3,937200,19.525,9.7625,7,3,2,12,12,0.08161593054001438,0.05071440221378627,181.6171875,3.448125923117896,0.1806675698906308,2.2447576372350233,0.17122875782415217,1.2033682858828727,0.009438812066478619,
male_3,939600,19.575,9.7875,9,3,6,18,16,0.0955629036653061,0.05859154737381612,167.796875,2.4119494128589354,0.1657478753734309,2.498399798888696,0.16083864510938375,-0.08645038602976074,0.004909230264047132,
male_3,942000,19.625,9.8125,3,14,3,20,25,0.08686719108802098,0.07275354891064656,146.703125,2.176637312697445,0.18526133912686094,1.1549551219371887,0.1931810709731588,1.0216821907602565,-0.007919731846297878,
male_3,944400,19.675,9.8375,3,1,0,4,13,0.07725230222409346,0.0688631420286492,158.4609375,2.3497940276031066,0.18330856923945818,2.3589835355446356,0.1874435160775512,-0.009189507941528952,-0.004134946838093012,
male_3,946800,19.725,9.8625,5,1,0,6,15,0.0686898354967273,0.06685331005000349,168.3046875,3.0257881054933162,0.17393176030609833,2.3644475982197033,0.1762422122443878,0.6613405072736129,-0.002310451938289465,
male_3,949200,19.775,9.8875,9,4,6,19,20,0.03338845279521507,0.0313820248337706,169.4765625,2.8878354586939814,0.23009787319516933,3.4548875257679557,0.19376628744428118,-0.5670520670739743,0.03633158575088816,
male_3,951600,19.825,9.9125,11,9,5,25,26,0.012564784390037026,0.009219564023159625,170.0,2.3218340972514095,0.24616525266248604,2.318384345123408,0.3876567079592145,0.003449752128001471,-0.14149145529672844,
male_3,954000,19.875,9.9375,3,9,3,15,22,0.020661993794557246,0.008697264489198409,170.0,2.5746931789219065,0.18686123264964252,2.6798167479033546,0.22770132663214568,-0.10512356898144803,-0.040840093982503156,
male_3,956400,19.925,9.9625,9,13,9,31,15,0.024017517500184292,0.008741225055738619,170.0,2.2978259950135635,0.17153507558654177,2.0889816975874633,0.17036248669893492,0.20884429742610022,0.0011725888876068513,
