offsetMs,input,phase2,phase3,phase35
-150,-2.43118e-15,0.018492,0.018492,0.0189262
-149.977,-0.00125374,0.0172699,0.0172699,0.0177057
-149.955,-0.00250716,0.0160436,0.0160436,0.0164809
-149.932,-0.00375998,0.0148134,0.0148134,0.015252
-149.909,-0.00501187,0.0135795,0.0135795,0.0140194
-149.887,-0.00626252,0.0123423,0.0123423,0.0127834
-149.864,-0.00751164,0.011102,0.011102,0.0115442
-149.841,-0.00875892,0.00985908,0.00985908,0.0103021
-149.819,-0.010004,0.00861368,0.00861368,0.00905754
-149.796,-0.0112467,0.00736617,0.00736617,0.00781074
-149.773,-0.0124866,0.00611684,0.00611684,0.00656202
-149.751,-0.0137234,0.00486602,0.00486602,0.00531168
-149.728,-0.0149569,0.003614,0.003614,0.00406003
-149.705,-0.0161867,0.00236109,0.00236109,0.0028074
-149.683,-0.0174125,0.0011076,0.0011076,0.00155407
-149.66,-0.0186341,-0.00014615,-0.00014615,0.000300355
-149.637,-0.019851,-0.00139987,-0.00139987,-0.000953443
-149.615,-0.0210631,-0.00265325,-0.00265325,-0.002207
-149.592,-0.02227,-0.00390598,-0.00390598,-0.00346002
-149.569,-0.0234715,-0.00515776,-0.00515776,-0.00471219
-149.546,-0.0246672,-0.00640825,-0.00640825,-0.00596321
-149.524,-0.0258568,-0.00765718,-0.00765718,-0.00721277
-149.501,-0.02704,-0.00890423,-0.00890423,-0.00846055
-149.478,-0.0282167,-0.0101491,-0.0101491,-0.00970626
-149.456,-0.0293864,-0.0113915,-0.0113915,-0.0109496
-149.433,-0.0305488,-0.012631,-0.012631,-0.0121902
-149.41,-0.0317038,-0.0138675,-0.0138675,-0.0134279
-149.388,-0.032851,-0.0151005,-0.0151005,-0.0146622
-149.365,-0.0339901,-0.0163299,-0.0163299,-0.015893
-149.342,-0.0351209,-0.0175552,-0.0175552,-0.0171199
-149.32,-0.0362431,-0.0187763,-0.0187763,-0.0183425
-149.297,-0.0373563,-0.0199927,-0.0199927,-0.0195606
-149.274,-0.0384604,-0.0212042,-0.0212042,-0.020774
-149.252,-0.039555,-0.0224105,-0.0224105,-0.0219822
-149.229,-0.0406399,-0.0236113,-0.0236113,-0.0231851
-149.206,-0.0417148,-0.0248063,-0.0248063,-0.0243822
-149.184,-0.0427795,-0.0259952,-0.0259952,-0.0255734
-149.161,-0.0438337,-0.0271777,-0.0271777,-0.0267583
-149.138,-0.0448771,-0.0283535,-0.0283535,-0.0279366
-149.116,-0.0459095,-0.0295224,-0.0295224,-0.0291081
-149.093,-0.0469306,-0.030684,-0.030684,-0.0302724
-149.07,-0.0479401,-0.0318381,-0.0318381,-0.0314293
-149.048,-0.0489379,-0.0329844,-0.0329844,-0.0325785
-149.025,-0.0499237,-0.0341226,-0.0341226,-0.0337196
-149.002,-0.0508973,-0.0352524,-0.0352524,-0.0348525
-148.98,-0.0518583,-0.0363735,-0.0363735,-0.0359769
-148.957,-0.0528066,-0.0374857,-0.0374857,-0.0370923
-148.934,-0.0537419,-0.0385887,-0.0385887,-0.0381987
-148.912,-0.054664,-0.0396822,-0.0396822,-0.0392958
-148.889,-0.0555727,-0.0407659,-0.0407659,-0.0403831
-148.866,-0.0564677,-0.0418397,-0.0418397,-0.0414605
-148.844,-0.0573489,-0.0429032,-0.0429032,-0.0425278
-148.821,-0.058216,-0.0439561,-0.0439561,-0.0435846
-148.798,-0.0590687,-0.0449983,-0.0449983,-0.0446308
-148.776,-0.059907,-0.0460293,-0.0460293,-0.0456659
-148.753,-0.0607306,-0.0470491,-0.0470491,-0.0466898
-148.73,-0.0615392,-0.0480574,-0.0480574,-0.0477023
-148.707,-0.0623327,-0.0490538,-0.0490538,-0.0487031
-148.685,-0.063111,-0.0500381,-0.0500381,-0.0496919
-148.662,-0.0638737,-0.0510102,-0.0510102,-0.0506685
-148.639,-0.0646207,-0.0519698,-0.0519698,-0.0516327
-148.617,-0.0653519,-0.0529166,-0.0529166,-0.0525842
-148.594,-0.066067,-0.0538504,-0.0538504,-0.0535227
-148.571,-0.0667659,-0.0547709,-0.0547709,-0.0544481
-148.549,-0.0674483,-0.055678,-0.055678,-0.0553602
-148.526,-0.0681143,-0.0565715,-0.0565715,-0.0562586
-148.503,-0.0687634,-0.057451,-0.057451,-0.0571433
-148.481,-0.0693957,-0.0583165,-0.0583165,-0.0580139
-148.458,-0.070011,-0.0591676,-0.0591676,-0.0588703
-148.435,-0.070609,-0.0600041,-0.0600041,-0.0597122
-148.413,-0.0711897,-0.060826,-0.060826,-0.0605394
-148.39,-0.071753,-0.0616329,-0.0616329,-0.0613518
-148.367,-0.0722986,-0.0624246,-0.0624246,-0.0621491
-148.345,-0.0728264,-0.0632011,-0.0632011,-0.0629312
-148.322,-0.0733364,-0.063962,-0.063962,-0.0636977
-148.299,-0.0738283,-0.0647072,-0.0647072,-0.0644487
-148.277,-0.0743021,-0.0654365,-0.0654365,-0.0651838
-148.254,-0.0747577,-0.0661497,-0.0661497,-0.0659029
-148.231,-0.0751949,-0.0668467,-0.0668467,-0.0666059
-148.209,-0.0756136,-0.0675273,-0.0675273,-0.0672924
-148.186,-0.0760138,-0.0681912,-0.0681912,-0.0679625
-148.163,-0.0763953,-0.0688385,-0.0688385,-0.0686159
-148.141,-0.076758,-0.0694688,-0.0694688,-0.0692524
-148.118,-0.0771018,-0.070082,-0.070082,-0.0698719
-148.095,-0.0774268,-0.0706781,-0.0706781,-0.0704742
-148.073,-0.0777327,-0.0712568,-0.0712568,-0.0710592
-148.05,-0.0780195,-0.071818,-0.071818,-0.0716268
-148.027,-0.0782872,-0.0723615,-0.0723615,-0.0721768
-148.005,-0.0785356,-0.0728873,-0.0728873,-0.0727091
-147.982,-0.0787647,-0.0733952,-0.0733952,-0.0732235
-147.959,-0.0789745,-0.073885,-0.073885,-0.0737199
-147.937,-0.0791649,-0.0743567,-0.0743567,-0.0741983
-147.914,-0.0793359,-0.0748101,-0.0748101,-0.0746584
-147.891,-0.0794874,-0.0752452,-0.0752452,-0.0751001
-147.868,-0.0796193,-0.0756617,-0.0756617,-0.0755235
-147.846,-0.0797317,-0.0760597,-0.0760597,-0.0759282
-147.823,-0.0798245,-0.076439,-0.076439,-0.0763144
-147.8,-0.0798977,-0.0767996,-0.0767996,-0.0766818
-147.778,-0.0799513,-0.0771413,-0.0771413,-0.0770304
-147.755,-0.0799852,-0.077464,-0.077464,-0.07736
-147.732,-0.0799995,-0.0777677,-0.0777677,-0.0776707
-147.71,-0.0799941,-0.0780523,-0.0780523,-0.0779622
-147.687,-0.0799691,-0.0783177,-0.0783177,-0.0782346
-147.664,-0.0799245,-0.0785639,-0.0785639,-0.0784879
-147.642,-0.0798602,-0.0787908,-0.0787908,-0.0787218
-147.619,-0.0797763,-0.0789984,-0.0789984,-0.0789364
-147.596,-0.0796728,-0.0791865,-0.0791865,-0.0791316
-147.574,-0.0795498,-0.0793552,-0.0793552,-0.0793074
-147.551,-0.0794072,-0.0795044,-0.0795044,-0.0794638
-147.528,-0.0792451,-0.0796341,-0.0796341,-0.0796005
-147.506,-0.0790635,-0.0797442,-0.0797442,-0.0797178
-147.483,-0.0788625,-0.0798347,-0.0798347,-0.0798155
-147.46,-0.0786422,-0.0799056,-0.0799056,-0.0798935
-147.438,-0.0784025,-0.0799569,-0.0799569,-0.079952
-147.415,-0.0781436,-0.0799885,-0.0799885,-0.0799908
-147.392,-0.0778654,-0.0800006,-0.0800006,-0.08001
-147.37,-0.0775682,-0.0799929,-0.0799929,-0.0800095
-147.347,-0.0772519,-0.0799656,-0.0799656,-0.0799894
-147.324,-0.0769166,-0.0799187,-0.0799187,-0.0799496
-147.302,-0.0765625,-0.0798521,-0.0798521,-0.0798902
-147.279,-0.0761895,-0.079766,-0.079766,-0.0798112
-147.256,-0.0757978,-0.0796602,-0.0796602,-0.0797126
-147.234,-0.0753875,-0.0795349,-0.0795349,-0.0795944
-147.211,-0.0749587,-0.07939,-0.07939,-0.0794566
-147.188,-0.0745115,-0.0792256,-0.0792256,-0.0792994
-147.166,-0.0740459,-0.0790418,-0.0790418,-0.0791226
-147.143,-0.0735622,-0.0788386,-0.0788386,-0.0789265
-147.12,-0.0730604,-0.078616,-0.078616,-0.0787109
-147.098,-0.0725407,-0.078374,-0.078374,-0.078476
-147.075,-0.0720032,-0.0781129,-0.0781129,-0.0782219
-147.052,-0.0714479,-0.0778325,-0.0778325,-0.0779485
-147.029,-0.0708752,-0.0775331,-0.0775331,-0.077656
-147.007,-0.070285,-0.0772146,-0.0772146,-0.0773445
-146.984,-0.0696775,-0.0768771,-0.0768771,-0.0770139
-146.961,-0.0690529,-0.0765207,-0.0765207,-0.0766644
-146.939,-0.0684114,-0.0761456,-0.0761456,-0.0762961
-146.916,-0.0677531,-0.0757517,-0.0757517,-0.0759091
-146.893,-0.0670781,-0.0753393,-0.0753393,-0.0755034
-146.871,-0.0663867,-0.0749083,-0.0749083,-0.0750792
-146.848,-0.0656789,-0.074459,-0.074459,-0.0746365
-146.825,-0.064955,-0.0739913,-0.0739913,-0.0741755
-146.803,-0.0642152,-0.0735055,-0.0735055,-0.0736963
-146.78,-0.0634596,-0.0730016,-0.0730016,-0.073199
-146.757,-0.0626884,-0.0724798,-0.0724798,-0.0726837
-146.735,-0.0619018,-0.0719402,-0.0719402,-0.0721506
-146.712,-0.0611,-0.0713829,-0.0713829,-0.0715998
-146.689,-0.0602832,-0.0708081,-0.0708081,-0.0710313
-146.667,-0.0594516,-0.0702159,-0.0702159,-0.0704454
-146.644,-0.0586054,-0.0696065,-0.0696065,-0.0698423
-146.621,-0.0577448,-0.0689799,-0.0689799,-0.069222
-146.599,-0.05687,-0.0683364,-0.0683364,-0.0685846
-146.576,-0.0559812,-0.0676762,-0.0676762,-0.0679305
-146.553,-0.0550787,-0.0669993,-0.0669993,-0.0672596
-146.531,-0.0541627,-0.0663059,-0.0663059,-0.0665723
-146.508,-0.0532333,-0.0655963,-0.0655963,-0.0658685
-146.485,-0.0522909,-0.0648706,-0.0648706,-0.0651487
-146.463,-0.0513356,-0.0641289,-0.0641289,-0.0644128
-146.44,-0.0503678,-0.0633714,-0.0633714,-0.0636611
-146.417,-0.0493875,-0.0625984,-0.0625984,-0.0628937
-146.395,-0.0483952,-0.0618101,-0.0618101,-0.062111
-146.372,-0.0473909,-0.0610065,-0.0610065,-0.0613129
-146.349,-0.046375,-0.060188,-0.060188,-0.0604998
-146.327,-0.0453477,-0.0593547,-0.0593547,-0.0596719
-146.304,-0.0443093,-0.0585068,-0.0585068,-0.0588293
-146.281,-0.04326,-0.0576445,-0.0576445,-0.0579722
-146.259,-0.0422,-0.0567681,-0.0567681,-0.0571009
-146.236,-0.0411297,-0.0558777,-0.0558777,-0.0562156
-146.213,-0.0400493,-0.0549736,-0.0549736,-0.0553165
-146.19,-0.0389591,-0.054056,-0.054056,-0.0544038
-146.168,-0.0378593,-0.0531251,-0.0531251,-0.0534778
-146.145,-0.0367502,-0.0521812,-0.0521812,-0.0525386
-146.122,-0.0356321,-0.0512245,-0.0512245,-0.0515865
-146.1,-0.0345052,-0.0502552,-0.0502552,-0.0506218
-146.077,-0.0333698,-0.0492735,-0.0492735,-0.0496446
-146.054,-0.0322263,-0.0482797,-0.0482797,-0.0486552
-146.032,-0.0310748,-0.0472741,-0.0472741,-0.0476539
-146.009,-0.0299157,-0.0462569,-0.0462569,-0.0466409
-145.986,-0.0287492,-0.0452283,-0.0452283,-0.0456164
-145.964,-0.0275757,-0.0441886,-0.0441886,-0.0445808
-145.941,-0.0263954,-0.043138,-0.043138,-0.0435341
-145.918,-0.0252087,-0.0420769,-0.0420769,-0.0424768
-145.896,-0.0240157,-0.0410054,-0.0410054,-0.0414091
-145.873,-0.0228168,-0.0399238,-0.0399238,-0.0403312
-145.85,-0.0216124,-0.0388325,-0.0388325,-0.0392434
-145.828,-0.0204026,-0.0377316,-0.0377316,-0.0381459
-145.805,-0.0191878,-0.0366214,-0.0366214,-0.0370391
-145.782,-0.0179683,-0.0355022,-0.0355022,-0.0359232
-145.76,-0.0167444,-0.0343744,-0.0343744,-0.0347985
-145.737,-0.0155164,-0.033238,-0.033238,-0.0336652
-145.714,-0.0142846,-0.0320936,-0.0320936,-0.0325237
-145.692,-0.0130492,-0.0309412,-0.0309412,-0.0313742
-145.669,-0.0118107,-0.0297812,-0.0297812,-0.030217
-145.646,-0.0105692,-0.0286139,-0.0286139,-0.0290523
-145.624,-0.00932517,-0.0274396,-0.0274396,-0.0278806
-145.601,-0.00807883,-0.0262586,-0.0262586,-0.0267019
-145.578,-0.00683051,-0.0250711,-0.0250711,-0.0255168
-145.556,-0.00558052,-0.0238774,-0.0238774,-0.0243254
-145.533,-0.00432915,-0.0226779,-0.0226779,-0.0231279
-145.51,-0.00307672,-0.0214728,-0.0214728,-0.0219249
-145.488,-0.00182353,-0.0202624,-0.0202624,-0.0207164
-145.465,-0.000569899,-0.0190471,-0.0190471,-0.0195028
-145.442,0.000683876,-0.017827,-0.017827,-0.0182845
-145.42,0.00193748,-0.0166027,-0.0166027,-0.0170617
-145.397,0.00319061,-0.0153742,-0.0153742,-0.0158347
-145.374,0.00444296,-0.0141419,-0.0141419,-0.0146038
-145.351,0.00569422,-0.0129062,-0.0129062,-0.0133693
-145.329,0.00694407,-0.0116673,-0.0116673,-0.0121316
-145.306,0.00819222,-0.0104255,-0.0104255,-0.0108908
-145.283,0.00943836,-0.00918121,-0.00918121,-0.0096474
-145.261,0.0106822,-0.00793464,-0.00793464,-0.00840164
-145.238,0.0119234,-0.00668611,-0.00668611,-0.0071538
-145.215,0.0131616,-0.00543594,-0.00543594,-0.00590421
-145.193,0.0143967,-0.00418444,-0.00418444,-0.00465319
-145.17,0.0156282,-0.00293192,-0.00293192,-0.00340101
-145.147,0.0168558,-0.00167866,-0.00167866,-0.002148
-145.125,0.0180794,-0.000424996,-0.000424996,-0.000894472
-145.102,0.0192984,0.00082877,0.00082877,0.000359258
-145.079,0.0205128,0.00208233,0.00208233,0.00161292
-145.057,0.0217221,0.00333538,0.00333538,0.00286617
-145.034,0.0229261,0.0045876,0.0045876,0.00411871
-145.011,0.0241244,0.00583872,0.00583872,0.00537024
-144.989,0.0253168,0.00708838,0.00708838,0.00662045
-144.966,0.026503,0.00833631,0.00833631,0.00786904
-144.943,0.0276827,0.00958219,0.00958219,0.00911566
-144.921,0.0288556,0.0108257,0.0108257,0.0103601
-144.898,0.0300214,0.0120666,0.0120666,0.0116019
-144.875,0.0311798,0.0133045,0.0133045,0.0128409
-144.853,0.0323305,0.0145391,0.0145391,0.0140767
-144.83,0.0334734,0.0157702,0.0157702,0.0153091
-144.807,0.034608,0.0169974,0.0169974,0.0165377
-144.785,0.0357341,0.0182204,0.0182204,0.0177623
-144.762,0.0368514,0.0194389,0.0194389,0.0189825
-144.739,0.0379597,0.0206527,0.0206527,0.020198
-144.717,0.0390586,0.0218614,0.0218614,0.0214085
-144.694,0.040148,0.0230647,0.0230647,0.0226138
-144.671,0.0412275,0.0242624,0.0242624,0.0238135
-144.649,0.0422968,0.0254541,0.0254541,0.0250074
-144.626,0.0433558,0.0266395,0.0266395,0.0261952
-144.603,0.0444041,0.0278184,0.0278184,0.0273765
-144.58,0.0454416,0.0289905,0.0289905,0.028551
-144.558,0.0464678,0.0301554,0.0301554,0.0297186
-144.535,0.0474827,0.031313,0.031313,0.0308788
-144.512,0.0484859,0.0324628,0.0324628,0.0320315
-144.49,0.0494771,0.0336047,0.0336047,0.0331763
-144.467,0.0504563,0.0347383,0.0347383,0.0343129
-144.444,0.051423,0.0358634,0.0358634,0.0354411
-144.422,0.0523771,0.0369797,0.0369797,0.0365606
-144.399,0.0533183,0.0380869,0.0380869,0.0376711
-144.376,0.0542465,0.0391847,0.0391847,0.0387724
-144.354,0.0551613,0.0402729,0.0402729,0.0398641
-144.331,0.0560626,0.0413512,0.0413512,0.040946
-144.308,0.0569501,0.0424194,0.0424194,0.0420179
-144.286,0.0578236,0.0434772,0.0434772,0.0430795
-144.263,0.0586829,0.0445242,0.0445242,0.0441304
-144.24,0.0595278,0.0455604,0.0455604,0.0451705
-144.218,0.0603581,0.0465853,0.0465853,0.0461995
-144.195,0.0611735,0.0475988,0.0475988,0.0472172
-144.172,0.0619739,0.0486006,0.0486006,0.0482233
-144.15,0.0627591,0.0495905,0.0495905,0.0492175
-144.127,0.0635289,0.0505682,0.0505682,0.0501996
-144.104,0.0642831,0.0515334,0.0515334,0.0511694
-144.082,0.0650215,0.052486,0.052486,0.0521266
-144.059,0.0657439,0.0534258,0.0534258,0.0530711
-144.036,0.0664502,0.0543524,0.0543524,0.0540024
-144.014,0.0671402,0.0552656,0.0552656,0.0549206
-143.991,0.0678136,0.0561653,0.0561653,0.0558252
-143.968,0.0684704,0.0570512,0.0570512,0.0567161
-143.946,0.0691104,0.057923,0.057923,0.057593
-143.923,0.0697334,0.0587807,0.0587807,0.0584558
-143.9,0.0703393,0.0596239,0.0596239,0.0593043
-143.878,0.0709279,0.0604524,0.0604524,0.0601382
-143.855,0.0714991,0.0612661,0.0612661,0.0609573
-143.832,0.0720528,0.0620648,0.0620648,0.0617614
-143.81,0.0725887,0.0628482,0.0628482,0.0625504
-143.787,0.0731068,0.0636162,0.0636162,0.063324
-143.764,0.0736069,0.0643685,0.0643685,0.064082
-143.741,0.074089,0.0651051,0.0651051,0.0648243
-143.719,0.0745529,0.0658256,0.0658256,0.0655507
-143.696,0.0749984,0.06653,0.06653,0.0662609
-143.673,0.0754256,0.067218,0.067218,0.0669549
-143.651,0.0758342,0.0678895,0.0678895,0.0676325
-143.628,0.0762242,0.0685444,0.0685444,0.0682934
-143.605,0.0765954,0.0691824,0.0691824,0.0689375
-143.583,0.0769479,0.0698034,0.0698034,0.0695647
-143.56,0.0772814,0.0704073,0.0704073,0.0701748
-143.537,0.077596,0.0709939,0.0709939,0.0707677
-143.515,0.0778915,0.071563,0.071563,0.0713432
-143.492,0.0781679,0.0721146,0.0721146,0.0719012
-143.469,0.0784251,0.0726485,0.0726485,0.0724414
-143.447,0.078663,0.0731645,0.0731645,0.0729639
-143.424,0.0788816,0.0736625,0.0736625,0.0734685
-143.401,0.0790808,0.0741425,0.0741425,0.073955
-143.379,0.0792606,0.0746042,0.0746042,0.0744234
-143.356,0.0794209,0.0750476,0.0750476,0.0748735
-143.333,0.0795618,0.0754726,0.0754726,0.0753051
-143.311,0.079683,0.075879,0.075879,0.0757183
-143.288,0.0797847,0.0762668,0.0762668,0.0761129
-143.265,0.0798669,0.0766359,0.0766359,0.0764888
-143.243,0.0799294,0.0769862,0.0769862,0.0768459
-143.22,0.0799722,0.0773175,0.0773175,0.0771841
-143.197,0.0799954,0.0776299,0.0776299,0.0775033
-143.175,0.079999,0.0779231,0.0779231,0.0778035
-143.152,0.0799829,0.0781973,0.0781973,0.0780846
-143.129,0.0799472,0.0784522,0.0784522,0.0783465
-143.107,0.0798918,0.0786879,0.0786879,0.0785892
-143.084,0.0798169,0.0789042,0.0789042,0.0788125
-143.061,0.0797223,0.0791012,0.0791012,0.0790165
-143.039,0.0796081,0.0792787,0.0792787,0.0792011
-143.016,0.0794744,0.0794367,0.0794367,0.0793662
-142.993,0.0793212,0.0795753,0.0795753,0.0795119
-142.971,0.0791484,0.0796943,0.0796943,0.0796379
-142.948,0.0789563,0.0797937,0.0797937,0.0797445
-142.925,0.0787447,0.0798735,0.0798735,0.0798314
-142.902,0.0785138,0.0799337,0.0799337,0.0798987
-142.88,0.0782636,0.0799743,0.0799743,0.0799464
-142.857,0.0779942,0.0799952,0.0799952,0.0799745
-142.834,0.0777057,0.0799965,0.0799965,0.0799829
-142.812,0.077398,0.0799781,0.0799781,0.0799716
-142.789,0.0770714,0.0799401,0.0799401,0.0799408
-142.766,0.0767258,0.0798825,0.0798825,0.0798902
-142.744,0.0763614,0.0798052,0.0798052,0.0798201
-142.721,0.0759782,0.0797083,0.0797083,0.0797303
-142.698,0.0755763,0.0795919,0.0795919,0.079621
-142.676,0.0751559,0.0794559,0.0794559,0.0794921
-142.653,0.074717,0.0793004,0.0793004,0.0793436
-142.63,0.0742598,0.0791254,0.0791254,0.0791757
-142.608,0.0737843,0.0789309,0.0789309,0.0789883
-142.585,0.0732908,0.0787171,0.0787171,0.0787815
-142.562,0.0727792,0.078484,0.078484,0.0785554
-142.54,0.0722497,0.0782316,0.0782316,0.0783099
-142.517,0.0717025,0.0779599,0.0779599,0.0780453
-142.494,0.0711377,0.0776691,0.0776691,0.0777614
-142.472,0.0705554,0.0773593,0.0773593,0.0774585
-142.449,0.0699558,0.0770304,0.0770304,0.0771365
-142.426,0.069339,0.0766826,0.0766826,0.0767955
-142.404,0.0687051,0.076316,0.076316,0.0764357
-142.381,0.0680544,0.0759306,0.0759306,0.0760572
-142.358,0.067387,0.0755266,0.0755266,0.0756599
-142.336,0.066703,0.075104,0.075104,0.075244
-142.313,0.0660026,0.074663,0.074663,0.0748097
-142.29,0.0652861,0.0742036,0.0742036,0.074357
-142.268,0.0645535,0.0737261,0.0737261,0.073886
-142.245,0.063805,0.0732303,0.0732303,0.0733969
-142.222,0.0630409,0.0727167,0.0727167,0.0728897
-142.2,0.0622612,0.0721851,0.0721851,0.0723646
-142.177,0.0614663,0.0716358,0.0716358,0.0718218
-142.154,0.0606563,0.071069,0.071069,0.0712613
-142.132,0.0598314,0.0704847,0.0704847,0.0706833
-142.109,0.0589918,0.069883,0.069883,0.0700879
-142.086,0.0581377,0.0692642,0.0692642,0.0694753
-142.063,0.0572693,0.0686284,0.0686284,0.0688457
-142.041,0.0563869,0.0679757,0.0679757,0.0681991
-142.018,0.0554906,0.0673064,0.0673064,0.0675358
-141.995,0.0545807,0.0666205,0.0666205,0.0668558
-141.973,0.0536574,0.0659182,0.0659182,0.0661595
-141.95,0.0527209,0.0651998,0.0651998,0.0654469
-141.927,0.0517714,0.0644653,0.0644653,0.0647182
-141.905,0.0508093,0.063715,0.063715,0.0639736
-141.882,0.0498346,0.062949,0.062949,0.0632133
-141.859,0.0488477,0.0621676,0.0621676,0.0624375
-141.837,0.0478488,0.0613709,0.0613709,0.0616463
-141.814,0.0468382,0.0605592,0.0605592,0.06084
-141.791,0.0458161,0.0597325,0.0597325,0.0600188
-141.769,0.0447827,0.0588913,0.0588913,0.0591828
-141.746,0.0437383,0.0580355,0.0580355,0.0583322
-141.723,0.0426831,0.0571655,0.0571655,0.0574674
-141.701,0.0416175,0.0562814,0.0562814,0.0565884
-141.678,0.0405417,0.0553835,0.0553835,0.0556955
-141.655,0.0394559,0.054472,0.054472,0.0547889
-141.633,0.0383604,0.0535471,0.0535471,0.0538688
-141.61,0.0372555,0.0526091,0.0526091,0.0529355
-141.587,0.0361414,0.0516582,0.0516582,0.0519893
-141.565,0.0350185,0.0506945,0.0506945,0.0510302
-141.542,0.0338869,0.0497185,0.0497185,0.0500586
-141.519,0.0327471,0.0487302,0.0487302,0.0490747
-141.497,0.0315991,0.0477299,0.0477299,0.0480787
-141.474,0.0304435,0.0467179,0.0467179,0.047071
-141.451,0.0292803,0.0456944,0.0456944,0.0460517
-141.429,0.02811,0.0446597,0.0446597,0.045021
-141.406,0.0269327,0.0436141,0.0436141,0.0439793
-141.383,0.0257489,0.0425577,0.0425577,0.0429268
-141.361,0.0245587,0.0414909,0.0414909,0.0418637
-141.338,0.0233625,0.0404138,0.0404138,0.0407903
-141.315,0.0221605,0.0393269,0.0393269,0.039707
-141.293,0.0209531,0.0382303,0.0382303,0.0386138
-141.27,0.0197406,0.0371243,0.0371243,0.0375112
-141.247,0.0185232,0.0360092,0.0360092,0.0363994
-141.224,0.0173013,0.0348852,0.0348852,0.0352786
-141.202,0.0160751,0.0337527,0.0337527,0.0341491
-141.179,0.0148449,0.0326119,0.0326119,0.0330113
-141.156,0.0136111,0.0314631,0.0314631,0.0318653
-141.134,0.012374,0.0303065,0.0303065,0.0307115
-141.111,0.0111338,0.0291425,0.0291425,0.0295502
-141.088,0.00989095,0.0279714,0.0279714,0.0283816
-141.066,0.00864561,0.0267933,0.0267933,0.027206
-141.043,0.00739816,0.0256087,0.0256087,0.0260238
-141.02,0.00614889,0.0244178,0.0244178,0.0248351
-140.998,0.0048981,0.0232209,0.0232209,0.0236404
-140.975,0.00364612,0.0220183,0.0220183,0.0224398
-140.952,0.00239324,0.0208103,0.0208103,0.0212337
-140.93,0.00113977,0.0195972,0.0195972,0.0200224
-140.907,-0.000113981,0.0183792,0.0183792,0.0188061
-140.884,-0.0013677,0.0171568,0.0171568,0.0175853
-140.862,-0.00262109,0.0159301,0.0159301,0.0163601
-140.839,-0.00387383,0.0146995,0.0146995,0.0151309
-140.816,-0.00512562,0.0134653,0.0134653,0.013898
-140.794,-0.00637615,0.0122279,0.0122279,0.0126617
-140.771,-0.00762511,0.0109873,0.0109873,0.0114222
-140.748,-0.00887221,0.00974415,0.00974415,0.0101799
-140.726,-0.0101171,0.00849855,0.00849855,0.00893517
-140.703,-0.0113595,0.00725086,0.00725086,0.00768819
-140.68,-0.0125992,0.00600141,0.00600141,0.00643935
-140.658,-0.0138357,0.00475046,0.00475046,0.00518891
-140.635,-0.0150689,0.00349836,0.00349836,0.00393719
-140.612,-0.0162983,0.00224539,0.00224539,0.00268448
-140.59,-0.0175238,0.000991875,0.000991875,0.00143114
-140.567,-0.0187449,-0.00026188,-0.00026188,0.000177408
-140.544,-0.0199614,-0.00151558,-0.00151558,-0.00107636
-140.522,-0.0211731,-0.00276891,-0.00276891,-0.00232986
-140.499,-0.0223795,-0.00402155,-0.00402155,-0.00358279
-140.476,-0.0235804,-0.00527321,-0.00527321,-0.00483487
-140.454,-0.0247756,-0.00652357,-0.00652357,-0.00608574
-140.431,-0.0259646,-0.00777234,-0.00777234,-0.00733511
-140.408,-0.0271473,-0.0090192,-0.0090192,-0.0085827
-140.385,-0.0283233,-0.0102638,-0.0102638,-0.0098282
-140.363,-0.0294924,-0.0115059,-0.0115059,-0.0110713
-140.34,-0.0306542,-0.0127452,-0.0127452,-0.0123116
-140.317,-0.0318084,-0.0139814,-0.0139814,-0.013549
-140.295,-0.0329549,-0.0152141,-0.0152141,-0.014783
-140.272,-0.0340933,-0.0164431,-0.0164431,-0.0160134
-140.249,-0.0352233,-0.0176681,-0.0176681,-0.0172398
-140.227,-0.0363446,-0.0188887,-0.0188887,-0.0184621
-140.204,-0.037457,-0.0201047,-0.0201047,-0.0196798
-140.181,-0.0385603,-0.0213157,-0.0213157,-0.0208926
-140.159,-0.039654,-0.0225215,-0.0225215,-0.0221004
-140.136,-0.040738,-0.0237218,-0.0237218,-0.0233027
-140.113,-0.041812,-0.0249162,-0.0249162,-0.0244993
-140.091,-0.0428758,-0.0261045,-0.0261045,-0.0256899
-140.068,-0.043929,-0.0272865,-0.0272865,-0.0268742
-140.045,-0.0449714,-0.0284617,-0.0284617,-0.0280519
-140.023,-0.0460028,-0.0296299,-0.0296299,-0.0292227
-140,-0.0470228,-0.0307908,-0.0307908,-0.0303863
-139.977,-0.0480313,-0.0319442,-0.0319442,-0.0315425
-139.955,-0.0490281,-0.0330898,-0.0330898,-0.0326909
-139.932,-0.0500127,-0.0342272,-0.0342272,-0.0338313
-139.909,-0.0509851,-0.0353562,-0.0353562,-0.0349634
-139.887,-0.051945,-0.0364765,-0.0364765,-0.0360869
-139.864,-0.0528921,-0.0375878,-0.0375878,-0.0372016
-139.841,-0.0538262,-0.03869,-0.03869,-0.0383071
-139.819,-0.0547471,-0.0397826,-0.0397826,-0.0394032
-139.796,-0.0556546,-0.0408655,-0.0408655,-0.0404897
-139.773,-0.0565484,-0.0419383,-0.0419383,-0.0415662
-139.751,-0.0574283,-0.0430008,-0.0430008,-0.0426325
-139.728,-0.0582941,-0.0440527,-0.0440527,-0.0436883
-139.705,-0.0591456,-0.0450939,-0.0450939,-0.0447334
-139.683,-0.0599825,-0.046124,-0.046124,-0.0457675
-139.66,-0.0608047,-0.0471427,-0.0471427,-0.0467904
-139.637,-0.061612,-0.0481498,-0.0481498,-0.0478018
-139.615,-0.0624041,-0.0491452,-0.0491452,-0.0488015
-139.592,-0.063181,-0.0501284,-0.0501284,-0.0497891
-139.569,-0.0639423,-0.0510994,-0.0510994,-0.0507646
-139.546,-0.0646878,-0.0520578,-0.0520578,-0.0517276
-139.524,-0.0654176,-0.0530034,-0.0530034,-0.0526779
-139.501,-0.0661312,-0.053936,-0.053936,-0.0536152
-139.478,-0.0668286,-0.0548553,-0.0548553,-0.0545394
-139.456,-0.0675096,-0.0557612,-0.0557612,-0.0554502
-139.433,-0.068174,-0.0566534,-0.0566534,-0.0563474
-139.41,-0.0688216,-0.0575316,-0.0575316,-0.0572307
-139.388,-0.0694524,-0.0583958,-0.0583958,-0.0581
-139.365,-0.0700661,-0.0592456,-0.0592456,-0.0589551
-139.342,-0.0706625,-0.0600808,-0.0600808,-0.0597956
-139.32,-0.0712417,-0.0609013,-0.0609013,-0.0606215
-139.297,-0.0718033,-0.0617068,-0.0617068,-0.0614325
-139.274,-0.0723473,-0.0624972,-0.0624972,-0.0622284
-139.252,-0.0728735,-0.0632722,-0.0632722,-0.063009
-139.229,-0.0733818,-0.0640317,-0.0640317,-0.0637741
-139.206,-0.0738721,-0.0647754,-0.0647754,-0.0645236
-139.184,-0.0743443,-0.0655032,-0.0655032,-0.0652573
-139.161,-0.0747982,-0.066215,-0.066215,-0.0659749
-139.138,-0.0752337,-0.0669105,-0.0669105,-0.0666763
-139.116,-0.0756508,-0.0675895,-0.0675895,-0.0673614
-139.093,-0.0760492,-0.068252,-0.068252,-0.0680299
-139.07,-0.076429,-0.0688977,-0.0688977,-0.0686817
-139.048,-0.07679,-0.0695264,-0.0695264,-0.0693166
-139.025,-0.0771322,-0.0701381,-0.0701381,-0.0699346
-139.002,-0.0774554,-0.0707326,-0.0707326,-0.0705353
-138.98,-0.0777596,-0.0713097,-0.0713097,-0.0711187
-138.957,-0.0780446,-0.0718693,-0.0718693,-0.0716847
-138.934,-0.0783106,-0.0724112,-0.0724112,-0.0722331
-138.912,-0.0785572,-0.0729354,-0.0729354,-0.0727637
-138.889,-0.0787846,-0.0734416,-0.0734416,-0.0732764
-138.866,-0.0789927,-0.0739298,-0.0739298,-0.0737712
-138.844,-0.0791813,-0.0743998,-0.0743998,-0.0742478
-138.821,-0.0793505,-0.0748516,-0.0748516,-0.0747062
-138.798,-0.0795002,-0.0752849,-0.0752849,-0.0751463
-138.776,-0.0796303,-0.0756998,-0.0756998,-0.0755679
-138.753,-0.0797409,-0.0760961,-0.0760961,-0.075971
-138.73,-0.079832,-0.0764737,-0.0764737,-0.0763554
-138.707,-0.0799034,-0.0768325,-0.0768325,-0.076721
-138.685,-0.0799552,-0.0771725,-0.0771725,-0.0770679
-138.662,-0.0799873,-0.0774935,-0.0774935,-0.0773957
-138.639,-0.0799998,-0.0777954,-0.0777954,-0.0777046
-138.617,-0.0799927,-0.0780783,-0.0780783,-0.0779944
-138.594,-0.0799659,-0.0783419,-0.0783419,-0.0782651
-138.571,-0.0799194,-0.0785864,-0.0785864,-0.0785165
-138.549,-0.0798534,-0.0788115,-0.0788115,-0.0787487
-138.526,-0.0797677,-0.0790173,-0.0790173,-0.0789615
-138.503,-0.0796624,-0.0792036,-0.0792036,-0.0791549
-138.481,-0.0795376,-0.0793705,-0.0793705,-0.0793289
-138.458,-0.0793932,-0.079518,-0.079518,-0.0794834
-138.435,-0.0792294,-0.0796458,-0.0796458,-0.0796184
-138.413,-0.079046,-0.0797541,-0.0797541,-0.0797338
-138.39,-0.0788433,-0.0798429,-0.0798429,-0.0798297
-138.367,-0.0786212,-0.079912,-0.079912,-0.0799059
-138.345,-0.0783797,-0.0799615,-0.0799615,-0.0799626
-138.322,-0.0781191,-0.0799914,-0.0799914,-0.0799996
-138.299,-0.0778392,-0.0800016,-0.0800016,-0.0800169
-138.277,-0.0775402,-0.0799921,-0.0799921,-0.0800147
-138.254,-0.0772222,-0.0799631,-0.0799631,-0.0799927
-138.231,-0.0768852,-0.0799144,-0.0799144,-0.0799511
-138.209,-0.0765293,-0.079846,-0.079846,-0.0798899
-138.186,-0.0761547,-0.079758,-0.079758,-0.079809
-138.163,-0.0757613,-0.0796505,-0.0796505,-0.0797086
-138.141,-0.0753493,-0.0795233,-0.0795233,-0.0795886
-138.118,-0.0749188,-0.0793767,-0.0793767,-0.079449
-138.095,-0.0744699,-0.0792106,-0.0792106,-0.07929
-138.073,-0.0740027,-0.079025,-0.079025,-0.0791114
-138.05,-0.0735174,-0.0788199,-0.0788199,-0.0789135
-138.027,-0.0730139,-0.0785956,-0.0785956,-0.0786961
-138.005,-0.0724926,-0.0783519,-0.0783519,-0.0784595
-137.982,-0.0719534,-0.078089,-0.078089,-0.0782035
-137.959,-0.0713966,-0.0778069,-0.0778069,-0.0779284
-137.937,-0.0708222,-0.0775057,-0.0775057,-0.0776341
-137.914,-0.0702305,-0.0771854,-0.0771854,-0.0773208
-137.891,-0.0696214,-0.0768462,-0.0768462,-0.0769885
-137.868,-0.0689953,-0.0764881,-0.0764881,-0.0766373
-137.846,-0.0683523,-0.0761113,-0.0761113,-0.0762672
-137.823,-0.0676924,-0.0757158,-0.0757158,-0.0758784
-137.8,-0.0670159,-0.0753016,-0.0753016,-0.075471
-137.778,-0.066323,-0.0748689,-0.0748689,-0.0750451
-137.755,-0.0656138,-0.0744179,-0.0744179,-0.0746007
-137.732,-0.0648884,-0.0739486,-0.0739486,-0.074138
-137.71,-0.0641472,-0.0734611,-0.0734611,-0.0736571
-137.687,-0.0633901,-0.0729556,-0.0729556,-0.0731582
-137.664,-0.0626175,-0.0724321,-0.0724321,-0.0726412
-137.642,-0.0618295,-0.0718909,-0.0718909,-0.0721064
-137.619,-0.0610264,-0.071332,-0.071332,-0.071554
-137.596,-0.0602082,-0.0707556,-0.0707556,-0.0709839
-137.574,-0.0593753,-0.0701618,-0.0701618,-0.0703964
-137.551,-0.0585277,-0.0695508,-0.0695508,-0.0697916
-137.528,-0.0576658,-0.0689227,-0.0689227,-0.0691697
-137.506,-0.0567897,-0.0682777,-0.0682777,-0.0685308
-137.483,-0.0558997,-0.0676159,-0.0676159,-0.0678751
-137.46,-0.054996,-0.0669375,-0.0669375,-0.0672027
-137.438,-0.0540787,-0.0662426,-0.0662426,-0.0665138
-137.415,-0.0531482,-0.0655315,-0.0655315,-0.0658086
-137.392,-0.0522046,-0.0648043,-0.0648043,-0.0650872
-137.37,-0.0512482,-0.0640612,-0.0640612,-0.0643499
-137.347,-0.0502792,-0.0633023,-0.0633023,-0.0635967
-137.324,-0.0492978,-0.0625279,-0.0625279,-0.0628279
-137.302,-0.0483044,-0.0617381,-0.0617381,-0.0620437
-137.279,-0.047299,-0.0609332,-0.0609332,-0.0612442
-137.256,-0.0462821,-0.0601133,-0.0601133,-0.0604298
-137.234,-0.0452538,-0.0592787,-0.0592787,-0.0596004
-137.211,-0.0442143,-0.0584294,-0.0584294,-0.0587565
-137.188,-0.0431641,-0.0575659,-0.0575659,-0.0578981
-137.166,-0.0421032,-0.0566881,-0.0566881,-0.0570255
-137.143,-0.0410319,-0.0557965,-0.0557965,-0.0561389
-137.12,-0.0399506,-0.0548912,-0.0548912,-0.0552385
-137.098,-0.0388595,-0.0539723,-0.0539723,-0.0543245
-137.075,-0.0377588,-0.0530403,-0.0530403,-0.0533973
-137.052,-0.0366489,-0.0520952,-0.0520952,-0.0524569
-137.029,-0.03553,-0.0511373,-0.0511373,-0.0515036
-137.007,-0.0344023,-0.0501668,-0.0501668,-0.0505377
-136.984,-0.0332662,-0.049184,-0.049184,-0.0495593
-136.961,-0.0321219,-0.0481892,-0.0481892,-0.0485688
-136.939,-0.0309697,-0.0471825,-0.0471825,-0.0475664
-136.916,-0.0298099,-0.0461642,-0.0461642,-0.0465523
-136.893,-0.0286428,-0.0451345,-0.0451345,-0.0455268
-136.871,-0.0274687,-0.0440938,-0.0440938,-0.0444901
-136.848,-0.0262878,-0.0430423,-0.0430423,-0.0434424
-136.825,-0.0251005,-0.0419802,-0.0419802,-0.0423841
-136.803,-0.0239069,-0.0409078,-0.0409078,-0.0413154
-136.78,-0.0227076,-0.0398253,-0.0398253,-0.0402365
-136.757,-0.0215026,-0.038733,-0.038733,-0.0391478
-136.735,-0.0202924,-0.0376313,-0.0376313,-0.0380495
-136.712,-0.0190771,-0.0365203,-0.0365203,-0.0369418
-136.689,-0.0178572,-0.0354003,-0.0354003,-0.0358251
-136.667,-0.0166329,-0.0342716,-0.0342716,-0.0346995
-136.644,-0.0154046,-0.0331345,-0.0331345,-0.0335655
-136.621,-0.0141724,-0.0319893,-0.0319893,-0.0324231
-136.599,-0.0129367,-0.0308362,-0.0308362,-0.0312729
-136.576,-0.0116979,-0.0296756,-0.0296756,-0.0301149
-136.553,-0.0104562,-0.0285076,-0.0285076,-0.0289496
-136.531,-0.00921196,-0.0273327,-0.0273327,-0.0277772
-136.508,-0.00796543,-0.026151,-0.026151,-0.0265979
-136.485,-0.00671694,-0.0249629,-0.0249629,-0.0254121
-136.463,-0.00546681,-0.0237687,-0.0237687,-0.0242201
-136.44,-0.00421533,-0.0225687,-0.0225687,-0.0230221
-136.417,-0.00296282,-0.0213631,-0.0213631,-0.0218185
-136.395,-0.00170958,-0.0201522,-0.0201522,-0.0206095
-136.372,-0.00045592,-0.0189364,-0.0189364,-0.0193955
-136.349,0.000797852,-0.017716,-0.017716,-0.0181767
-136.327,0.00205143,-0.0164912,-0.0164912,-0.0169535
-136.304,0.0033045,-0.0152624,-0.0152624,-0.0157261
-136.281,0.00455676,-0.0140298,-0.0140298,-0.0144948
-136.259,0.0058079,-0.0127937,-0.0127937,-0.01326
-136.236,0.00705762,-0.0115545,-0.0115545,-0.0120219
-136.213,0.0083056,-0.0103125,-0.0103125,-0.0107809
-136.19,0.00955154,-0.00906798,-0.00906798,-0.00953721
-136.168,0.0107951,-0.0078212,-0.0078212,-0.0082912
-136.145,0.0120361,-0.0065725,-0.0065725,-0.00704317
-136.122,0.0132741,-0.00532219,-0.00532219,-0.0057934
-136.1,0.0145088,-0.00407057,-0.00407057,-0.00454221
-136.077,0.01574,-0.00281795,-0.00281795,-0.00328992
-136.054,0.0169673,-0.00156464,-0.00156464,-0.00203682
-136.032,0.0181904,-0.00031095,-0.00031095,-0.00078322
-136.009,0.019409,0.000942818,0.000942818,0.000470545
-135.986,0.0206229,0.00219636,0.00219636,0.00172422
-135.964,0.0218318,0.00344936,0.00344936,0.00297744
-135.941,0.0230352,0.00470151,0.00470151,0.00422995
-135.918,0.024233,0.00595251,0.00595251,0.00548138
-135.896,0.0254249,0.00720205,0.00720205,0.0067315
-135.873,0.0266105,0.00844981,0.00844981,0.00797993
-135.85,0.0277896,0.0096955,0.0096955,0.00922643
-135.828,0.0289618,0.0109388,0.0109388,0.0104707
-135.805,0.030127,0.0121794,0.0121794,0.0117123
-135.782,0.0312847,0.0134171,0.0134171,0.012951
-135.76,0.0324348,0.0146514,0.0146514,0.0141866
-135.737,0.0335769,0.0158821,0.0158821,0.0154187
-135.714,0.0347107,0.017109,0.017109,0.016647
-135.692,0.035836,0.0183316,0.0183316,0.0178712
-135.669,0.0369525,0.0195497,0.0195497,0.019091
-135.646,0.03806,0.020763,0.020763,0.0203061
-135.624,0.039158,0.0219713,0.0219713,0.0215162
-135.601,0.0402465,0.0231741,0.0231741,0.022721
-135.578,0.0413251,0.0243712,0.0243712,0.0239203
-135.556,0.0423935,0.0255624,0.0255624,0.0251136
-135.533,0.0434516,0.0267473,0.0267473,0.0263008
-135.51,0.0444989,0.0279256,0.0279256,0.0274815
-135.488,0.0455353,0.029097,0.029097,0.0286555
-135.465,0.0465606,0.0302613,0.0302613,0.0298225
-135.442,0.0475744,0.0314182,0.0314182,0.0309821
-135.42,0.0485765,0.0325673,0.0325673,0.032134
-135.397,0.0495667,0.0337085,0.0337085,0.0332781
-135.374,0.0505447,0.0348413,0.0348413,0.034414
-135.351,0.0515103,0.0359656,0.0359656,0.0355415
-135.329,0.0524632,0.0370811,0.0370811,0.0366602
-135.306,0.0534033,0.0381875,0.0381875,0.0377699
-135.283,0.0543302,0.0392845,0.0392845,0.0388704
-135.261,0.0552438,0.0403718,0.0403718,0.0399612
-135.238,0.0561438,0.0414492,0.0414492,0.0410423
-135.215,0.0570301,0.0425165,0.0425165,0.0421133
-135.193,0.0579023,0.0435733,0.0435733,0.0431739
-135.17,0.0587603,0.0446194,0.0446194,0.0442239
-135.147,0.0596039,0.0456545,0.0456545,0.0452631
-135.125,0.0604328,0.0466784,0.0466784,0.0462911
-135.102,0.0612469,0.0476909,0.0476909,0.0473078
-135.079,0.062046,0.0486916,0.0486916,0.0483128
-135.057,0.0628298,0.0496804,0.0496804,0.049306
-135.034,0.0635981,0.050657,0.050657,0.050287
-135.011,0.0643509,0.0516211,0.0516211,0.0512557
-134.989,0.0650878,0.0525726,0.0525726,0.0522118
-134.966,0.0658088,0.0535111,0.0535111,0.0531551
-134.943,0.0665136,0.0544365,0.0544365,0.0540853
-134.921,0.0672021,0.0553486,0.0553486,0.0550022
-134.898,0.067874,0.056247,0.056247,0.0559056
-134.875,0.0685293,0.0571316,0.0571316,0.0567953
-134.853,0.0691678,0.0580022,0.0580022,0.057671
-134.83,0.0697892,0.0588586,0.0588586,0.0585325
-134.807,0.0703936,0.0597005,0.0597005,0.0593797
-134.785,0.0709806,0.0605277,0.0605277,0.0602123
-134.762,0.0715502,0.06134,0.06134,0.0610301
-134.739,0.0721022,0.0621373,0.0621373,0.0618329
-134.717,0.0726365,0.0629194,0.0629194,0.0626205
-134.694,0.073153,0.0636859,0.0636859,0.0633927
-134.671,0.0736515,0.0644369,0.0644369,0.0641493
-134.649,0.0741319,0.065172,0.065172,0.0648902
-134.626,0.0745941,0.0658911,0.0658911,0.0656151
-134.603,0.075038,0.066594,0.066594,0.066324
-134.58,0.0754635,0.0672805,0.0672805,0.0670165
-134.558,0.0758704,0.0679506,0.0679506,0.0676925
-134.535,0.0762587,0.0686039,0.0686039,0.068352
-134.512,0.0766283,0.0692404,0.0692404,0.0689946
-134.49,0.076979,0.0698599,0.0698599,0.0696203
-134.467,0.0773108,0.0704622,0.0704622,0.0702289
-134.444,0.0776237,0.0710472,0.0710472,0.0708202
-134.422,0.0779174,0.0716148,0.0716148,0.0713941
-134.399,0.0781921,0.0721648,0.0721648,0.0719505
-134.376,0.0784475,0.072697,0.072697,0.0724892
-134.354,0.0786837,0.0732114,0.0732114,0.0730101
-134.331,0.0789005,0.0737078,0.0737078,0.0735131
-134.308,0.0790979,0.0741861,0.0741861,0.073998
-134.286,0.079276,0.0746462,0.0746462,0.0744647
-134.263,0.0794345,0.075088,0.075088,0.0749132
-134.24,0.0795736,0.0755113,0.0755113,0.0753432
-134.218,0.0796931,0.075916,0.075916,0.0757547
-134.195,0.079793,0.0763022,0.0763022,0.0761476
-134.172,0.0798733,0.0766695,0.0766695,0.0765218
-134.15,0.0799341,0.0770181,0.0770181,0.0768772
-134.127,0.0799751,0.0773477,0.0773477,0.0772137
-134.104,0.0799966,0.0776583,0.0776583,0.0775313
-134.082,0.0799984,0.0779499,0.0779499,0.0778298
-134.059,0.0799805,0.0782223,0.0782223,0.0781091
-134.036,0.079943,0.0784755,0.0784755,0.0783693
-134.014,0.0798858,0.0787094,0.0787094,0.0786102
-133.991,0.0798091,0.078924,0.078924,0.0788319
-133.968,0.0797127,0.0791192,0.0791192,0.0790341
-133.946,0.0795968,0.079295,0.079295,0.079217
-133.923,0.0794613,0.0794513,0.0794513,0.0793804
-133.9,0.0793063,0.0795881,0.0795881,0.0795242
-133.878,0.0791318,0.0797053,0.0797053,0.0796486
-133.855,0.0789378,0.0798029,0.0798029,0.0797534
-133.832,0.0787245,0.079881,0.079881,0.0798385
-133.81,0.0784919,0.0799394,0.0799394,0.0799041
-133.787,0.0782399,0.0799782,0.0799782,0.07995
-133.764,0.0779688,0.0799974,0.0799974,0.0799763
-133.741,0.0776785,0.0799969,0.0799969,0.079983
-133.719,0.0773691,0.0799767,0.0799767,0.07997
-133.696,0.0770407,0.079937,0.079937,0.0799373
-133.673,0.0766934,0.0798775,0.0798775,0.0798851
-133.651,0.0763273,0.0797985,0.0797985,0.0798132
-133.628,0.0759424,0.0796998,0.0796998,0.0797216
-133.605,0.0755389,0.0795816,0.0795816,0.0796105
-133.583,0.0751168,0.0794439,0.0794439,0.0794799
-133.56,0.0746762,0.0792866,0.0792866,0.0793297
-133.537,0.0742173,0.0791098,0.0791098,0.07916
-133.515,0.0737402,0.0789137,0.0789137,0.0789709
-133.492,0.073245,0.0786981,0.0786981,0.0787624
-133.469,0.0727318,0.0784632,0.0784632,0.0785345
-133.447,0.0722007,0.078209,0.078209,0.0782873
-133.424,0.0716519,0.0779357,0.0779357,0.0780209
-133.401,0.0710855,0.0776432,0.0776432,0.0777353
-133.379,0.0705016,0.0773316,0.0773316,0.0774307
-133.356,0.0699004,0.077001,0.077001,0.077107
-133.333,0.069282,0.0766515,0.0766515,0.0767644
-133.311,0.0686467,0.0762832,0.0762832,0.0764029
-133.288,0.0679944,0.0758961,0.0758961,0.0760226
-133.265,0.0673255,0.0754904,0.0754904,0.0756237
-133.243,0.06664,0.0750662,0.0750662,0.0752062
-133.22,0.0659382,0.0746235,0.0746235,0.0747702
-133.197,0.0652201,0.0741625,0.0741625,0.0743158
-133.175,0.0644861,0.0736833,0.0736833,0.0738432
-133.152,0.0637362,0.0731859,0.0731859,0.0733525
-133.129,0.0629706,0.0726706,0.0726706,0.0728437
-133.107,0.0621896,0.0721375,0.0721375,0.072317
-133.084,0.0613933,0.0715866,0.0715866,0.0717726
-133.061,0.0605819,0.0710182,0.0710182,0.0712105
-133.039,0.0597557,0.0704323,0.0704323,0.0706309
-133.016,0.0589148,0.0698291,0.0698291,0.070034
-132.993,0.0580594,0.0692088,0.0692088,0.0694199
-132.971,0.0571897,0.0685714,0.0685714,0.0687887
-132.948,0.056306,0.0679172,0.0679172,0.0681406
-132.925,0.0554085,0.0672464,0.0672464,0.0674758
-132.902,0.0544973,0.066559,0.066559,0.0667944
-132.88,0.0535728,0.0658553,0.0658553,0.0660966
-132.857,0.0526351,0.0651353,0.0651353,0.0653826
-132.834,0.0516845,0.0643995,0.0643995,0.0646525
-132.812,0.0507212,0.0636477,0.0636477,0.0639065
-132.789,0.0497454,0.0628804,0.0628804,0.0631448
-132.766,0.0487574,0.0620976,0.0620976,0.0623676
-132.744,0.0477574,0.0612995,0.0612995,0.0615751
-132.721,0.0467458,0.0604864,0.0604864,0.0607674
-132.698,0.0457226,0.0596585,0.0596585,0.0599448
-132.676,0.0446882,0.0588159,0.0588159,0.0591075
-132.653,0.0436428,0.0579588,0.0579588,0.0582557
-132.63,0.0425867,0.0570875,0.0570875,0.0573895
-132.608,0.0415201,0.0562022,0.0562022,0.0565093
-132.585,0.0404434,0.055303,0.055303,0.0556151
-132.562,0.0393567,0.0543903,0.0543903,0.0547073
-132.54,0.0382603,0.0534643,0.0534643,0.0537861
-132.517,0.0371546,0.0525251,0.0525251,0.0528517
-132.494,0.0360397,0.051573,0.051573,0.0519042
-132.472,0.0349159,0.0506082,0.0506082,0.050944
-132.449,0.0337836,0.049631,0.049631,0.0499713
-132.426,0.032643,0.0486416,0.0486416,0.0489863
-132.404,0.0314944,0.0476403,0.0476403,0.0479893
-132.381,0.030338,0.0466273,0.0466273,0.0469805
-132.358,0.0291742,0.0456028,0.0456028,0.0459602
-132.336,0.0280032,0.0445671,0.0445671,0.0449285
-132.313,0.0268254,0.0435205,0.0435205,0.0438858
-132.29,0.0256409,0.0424631,0.0424631,0.0428324
-132.268,0.0244502,0.0413954,0.0413954,0.0417684
-132.245,0.0232534,0.0403175,0.0403175,0.0406941
-132.222,0.022051,0.0392296,0.0392296,0.0396099
-132.2,0.0208431,0.0381322,0.0381322,0.0385159
-132.177,0.0196301,0.0370254,0.0370254,0.0374124
-132.154,0.0184123,0.0359094,0.0359094,0.0362998
-132.132,0.01719,0.0347847,0.0347847,0.0351782
-132.109,0.0159634,0.0336514,0.0336514,0.034048
-132.086,0.0147329,0.0325099,0.0325099,0.0329094
-132.063,0.0134988,0.0313603,0.0313603,0.0317628
-132.041,0.0122614,0.0302031,0.0302031,0.0306083
-132.018,0.011021,0.0290385,0.0290385,0.0294463
-131.995,0.00977783,0.0278667,0.0278667,0.0282771
-131.973,0.00853229,0.0266881,0.0266881,0.0271009
-131.95,0.00728466,0.0255029,0.0255029,0.0259181
-131.927,0.00603524,0.0243114,0.0243114,0.0247289
-131.905,0.00478433,0.023114,0.023114,0.0235336
-131.882,0.00353225,0.0219109,0.0219109,0.0223325
-131.859,0.00227931,0.0207024,0.0207024,0.021126
-131.837,0.0010258,0.0194889,0.0194889,0.0199142
-131.814,-0.000227961,0.0182705,0.0182705,0.0186976
-131.791,-0.00148166,0.0170477,0.0170477,0.0174764
-131.769,-0.002735,0.0158206,0.0158206,0.0162508
-131.746,-0.00398767,0.0145897,0.0145897,0.0150213
-131.723,-0.00523936,0.0133552,0.0133552,0.0137881
-131.701,-0.00648976,0.0121175,0.0121175,0.0125514
-131.678,-0.00773857,0.0108767,0.0108767,0.0113117
-131.655,-0.00898547,0.0096333,0.0096333,0.0100692
-131.633,-0.0102302,0.00838751,0.00838751,0.00882429
-131.61,-0.0114724,0.00713967,0.00713967,0.00757716
-131.587,-0.0127117,0.00589007,0.00589007,0.00632817
-131.565,-0.013948,0.00463901,0.00463901,0.00507761
-131.542,-0.0151808,0.00338683,0.00338683,0.0038258
-131.519,-0.0164099,0.00213382,0.00213382,0.00257305
-131.497,-0.017635,0.000880274,0.000880274,0.00131965
-131.474,-0.0188557,-0.000373484,-0.000373484,6.5942e-05
-131.451,-0.0200718,-0.00162715,-0.00162715,-0.00118779
-131.429,-0.0212829,-0.00288042,-0.00288042,-0.00244123
-131.406,-0.0224889,-0.00413298,-0.00413298,-0.00369409
-131.383,-0.0236893,-0.00538451,-0.00538451,-0.00494604
-131.361,-0.0248839,-0.00663474,-0.00663474,-0.00619678
-131.338,-0.0260724,-0.00788332,-0.00788332,-0.00744598
-131.315,-0.0272545,-0.00912998,-0.00912998,-0.00869339
-131.293,-0.0284299,-0.0103744,-0.0103744,-0.00993865
-131.27,-0.0295983,-0.0116163,-0.0116163,-0.0111815
-131.247,-0.0307594,-0.0128553,-0.0128553,-0.0124215
-131.224,-0.031913,-0.0140911,-0.0140911,-0.0136586
-131.202,-0.0330587,-0.0153235,-0.0153235,-0.0148923
-131.179,-0.0341964,-0.0165521,-0.0165521,-0.0161223
-131.156,-0.0353256,-0.0177767,-0.0177767,-0.0173484
-131.134,-0.0364461,-0.0189969,-0.0189969,-0.0185702
-131.111,-0.0375577,-0.0202124,-0.0202124,-0.0197874
-131.088,-0.0386601,-0.021423,-0.021423,-0.0209998
-131.066,-0.039753,-0.0226283,-0.0226283,-0.0222071
-131.043,-0.0408361,-0.023828,-0.023828,-0.0234089
-131.02,-0.0419092,-0.0250219,-0.0250219,-0.024605
-130.998,-0.042972,-0.0262097,-0.0262097,-0.025795
-130.975,-0.0440242,-0.027391,-0.027391,-0.0269786
-130.952,-0.0450656,-0.0285655,-0.0285655,-0.0281557
-130.93,-0.046096,-0.0297331,-0.0297331,-0.0293258
-130.907,-0.047115,-0.0308934,-0.0308934,-0.0304888
-130.884,-0.0481224,-0.032046,-0.032046,-0.0316443
-130.862,-0.0491181,-0.0331908,-0.0331908,-0.0327919
-130.839,-0.0501017,-0.0343275,-0.0343275,-0.0339316
-130.816,-0.0510729,-0.0354557,-0.0354557,-0.0350629
-130.794,-0.0520316,-0.0365752,-0.0365752,-0.0361856
-130.771,-0.0529776,-0.0376857,-0.0376857,-0.0372994
-130.748,-0.0539105,-0.038787,-0.038787,-0.0384041
-130.726,-0.0548302,-0.0398787,-0.0398787,-0.0394993
-130.703,-0.0557364,-0.0409607,-0.0409607,-0.0405849
-130.68,-0.056629,-0.0420326,-0.0420326,-0.0416604
-130.658,-0.0575076,-0.0430941,-0.0430941,-0.0427258
-130.635,-0.0583721,-0.0441451,-0.0441451,-0.0437806
-130.612,-0.0592222,-0.0451852,-0.0451852,-0.0448247
-130.59,-0.0600579,-0.0462142,-0.0462142,-0.0458578
-130.567,-0.0608787,-0.0472319,-0.0472319,-0.0468797
-130.544,-0.0616846,-0.048238,-0.048238,-0.04789
-130.522,-0.0624754,-0.0492322,-0.0492322,-0.0488885
-130.499,-0.0632508,-0.0502144,-0.0502144,-0.0498751
-130.476,-0.0640107,-0.0511842,-0.0511842,-0.0508494
-130.454,-0.0647548,-0.0521414,-0.0521414,-0.0518113
-130.431,-0.0654831,-0.0530859,-0.0530859,-0.0527604
-130.408,-0.0661953,-0.0540172,-0.0540172,-0.0536965
-130.385,-0.0668912,-0.0549354,-0.0549354,-0.0546195
-130.363,-0.0675706,-0.05584,-0.05584,-0.0555291
-130.34,-0.0682335,-0.0567309,-0.0567309,-0.056425
-130.317,-0.0688797,-0.0576079,-0.0576079,-0.057307
-130.295,-0.0695089,-0.0584707,-0.0584707,-0.058175
-130.272,-0.070121,-0.0593191,-0.0593191,-0.0590287
-130.249,-0.0707159,-0.060153,-0.060153,-0.0598679
-130.227,-0.0712935,-0.0609722,-0.0609722,-0.0606925
-130.204,-0.0718535,-0.0617763,-0.0617763,-0.0615021
-130.181,-0.0723959,-0.0625653,-0.0625653,-0.0622966
-130.159,-0.0729205,-0.0633389,-0.0633389,-0.0630758
-130.136,-0.0734272,-0.0640969,-0.0640969,-0.0638395
-130.113,-0.0739158,-0.0648392,-0.0648392,-0.0645876
-130.091,-0.0743863,-0.0655656,-0.0655656,-0.0653197
-130.068,-0.0748385,-0.0662759,-0.0662759,-0.0660359
-130.045,-0.0752724,-0.0669698,-0.0669698,-0.0667358
-130.023,-0.0756878,-0.0676474,-0.0676474,-0.0674194
-130,-0.0760845,-0.0683083,-0.0683083,-0.0680864
-129.977,-0.0764626,-0.0689525,-0.0689525,-0.0687366
-129.955,-0.0768219,-0.0695797,-0.0695797,-0.06937
-129.932,-0.0771623,-0.0701898,-0.0701898,-0.0699864
-129.909,-0.0774838,-0.0707827,-0.0707827,-0.0705855
-129.887,-0.0777863,-0.0713582,-0.0713582,-0.0711674
-129.864,-0.0780696,-0.0719161,-0.0719161,-0.0717317
-129.841,-0.0783338,-0.0724565,-0.0724565,-0.0722785
-129.819,-0.0785787,-0.0729789,-0.0729789,-0.0728075
-129.796,-0.0788043,-0.0734835,-0.0734835,-0.0733186
-129.773,-0.0790106,-0.0739701,-0.0739701,-0.0738117
-129.751,-0.0791975,-0.0744384,-0.0744384,-0.0742866
-129.728,-0.0793649,-0.0748885,-0.0748885,-0.0747434
-129.705,-0.0795128,-0.0753202,-0.0753202,-0.0751818
-129.683,-0.0796412,-0.0757333,-0.0757333,-0.0756017
-129.66,-0.07975,-0.076128,-0.076128,-0.076003
-129.637,-0.0798393,-0.0765038,-0.0765038,-0.0763858
-129.615,-0.0799089,-0.0768609,-0.0768609,-0.0767497
-129.592,-0.0799589,-0.0771991,-0.0771991,-0.0770948
-129.569,-0.0799893,-0.0775184,-0.0775184,-0.0774209
-129.546,-0.08,-0.0778186,-0.0778186,-0.0777281
-129.524,-0.0799911,-0.0780997,-0.0780997,-0.0780161
-129.501,-0.0799625,-0.0783616,-0.0783616,-0.078285
-129.478,-0.0799142,-0.0786043,-0.0786043,-0.0785347
-129.456,-0.0798464,-0.0788277,-0.0788277,-0.0787651
-129.433,-0.0797589,-0.0790317,-0.0790317,-0.0789761
-129.41,-0.0796519,-0.0792162,-0.0792162,-0.0791678
-129.388,-0.0795253,-0.0793813,-0.0793813,-0.07934
-129.365,-0.0793791,-0.079527,-0.079527,-0.0794927
-129.342,-0.0792135,-0.0796531,-0.0796531,-0.0796259
-129.32,-0.0790284,-0.0797596,-0.0797596,-0.0797396
-129.297,-0.0788239,-0.0798466,-0.0798466,-0.0798336
-129.274,-0.0786,-0.0799139,-0.0799139,-0.0799081
-129.252,-0.0783568,-0.0799616,-0.0799616,-0.0799629
-129.229,-0.0780944,-0.0799897,-0.0799897,-0.0799981
-129.206,-0.0778128,-0.079998,-0.079998,-0.0800137
-129.184,-0.0775121,-0.0799868,-0.0799868,-0.0800096
-129.161,-0.0771923,-0.0799559,-0.0799559,-0.0799859
-129.138,-0.0768536,-0.0799054,-0.0799054,-0.0799425
-129.116,-0.076496,-0.0798353,-0.0798353,-0.0798795
-129.093,-0.0761197,-0.0797455,-0.0797455,-0.0797969
-129.07,-0.0757246,-0.0796362,-0.0796362,-0.0796946
-129.048,-0.0753109,-0.0795073,-0.0795073,-0.0795728
-129.025,-0.0748787,-0.0793588,-0.0793588,-0.0794315
-129.002,-0.0744282,-0.0791909,-0.0791909,-0.0792706
-128.98,-0.0739593,-0.0790035,-0.0790035,-0.0790903
-128.957,-0.0734723,-0.0787967,-0.0787967,-0.0788906
-128.934,-0.0729673,-0.0785706,-0.0785706,-0.0786715
-128.912,-0.0724443,-0.0783252,-0.0783252,-0.0784331
-128.889,-0.0719035,-0.0780605,-0.0780605,-0.0781754
-128.866,-0.0713451,-0.0777766,-0.0777766,-0.0778985
-128.844,-0.0707691,-0.0774737,-0.0774737,-0.0776025
-128.821,-0.0701758,-0.0771517,-0.0771517,-0.0772874
-128.798,-0.0695652,-0.0768108,-0.0768108,-0.0769534
-128.776,-0.0689376,-0.076451,-0.076451,-0.0766004
-128.753,-0.068293,-0.0760724,-0.0760724,-0.0762286
-128.73,-0.0676316,-0.0756751,-0.0756751,-0.0758382
-128.707,-0.0669536,-0.0752593,-0.0752593,-0.0754291
-128.685,-0.0662592,-0.0748249,-0.0748249,-0.0750015
-128.662,-0.0655485,-0.0743722,-0.0743722,-0.0745554
-128.639,-0.0648217,-0.0739012,-0.0739012,-0.0740911
-128.617,-0.064079,-0.0734121,-0.0734121,-0.0736085
-128.594,-0.0633205,-0.0729049,-0.0729049,-0.0731079
-128.571,-0.0625465,-0.0723798,-0.0723798,-0.0725893
-128.549,-0.0617571,-0.071837,-0.071837,-0.0720529
-128.526,-0.0609526,-0.0712765,-0.0712765,-0.0714988
-128.503,-0.0601331,-0.0706985,-0.0706985,-0.0709272
-128.481,-0.0592988,-0.0701031,-0.0701031,-0.0703381
-128.458,-0.05845,-0.0694905,-0.0694905,-0.0697318
-128.435,-0.0575868,-0.0688609,-0.0688609,-0.0691083
-128.413,-0.0567094,-0.0682143,-0.0682143,-0.0684679
-128.39,-0.0558181,-0.067551,-0.067551,-0.0678106
-128.367,-0.0549131,-0.066871,-0.066871,-0.0671367
-128.345,-0.0539947,-0.0661747,-0.0661747,-0.0664463
-128.322,-0.0530629,-0.0654621,-0.0654621,-0.0657396
-128.299,-0.0521182,-0.0647334,-0.0647334,-0.0650168
-128.277,-0.0511606,-0.0639888,-0.0639888,-0.0642779
-128.254,-0.0501905,-0.0632285,-0.0632285,-0.0635233
-128.231,-0.049208,-0.0624527,-0.0624527,-0.0627532
-128.209,-0.0482134,-0.0616616,-0.0616616,-0.0619675
-128.186,-0.0472071,-0.0608552,-0.0608552,-0.0611667
-128.163,-0.0461891,-0.060034,-0.060034,-0.0603509
-128.141,-0.0451597,-0.059198,-0.059198,-0.0595202
-128.118,-0.0441193,-0.0583474,-0.0583474,-0.0586749
-128.095,-0.043068,-0.0574825,-0.0574825,-0.0578152
-128.073,-0.0420062,-0.0566035,-0.0566035,-0.0569414
-128.05,-0.0409341,-0.0557106,-0.0557106,-0.0560535
-128.027,-0.0398518,-0.0548041,-0.0548041,-0.0551518
-128.005,-0.0387598,-0.053884,-0.053884,-0.0542367
-127.982,-0.0376583,-0.0529507,-0.0529507,-0.0533082
-127.959,-0.0365476,-0.0520044,-0.0520044,-0.0523666
-127.937,-0.0354278,-0.0510454,-0.0510454,-0.0514122
-127.914,-0.0342994,-0.0500737,-0.0500737,-0.0504451
-127.891,-0.0331625,-0.0490898,-0.0490898,-0.0494656
-127.868,-0.0320175,-0.0480939,-0.0480939,-0.0484741
-127.846,-0.0308646,-0.0470861,-0.0470861,-0.0474705
-127.823,-0.0297041,-0.0460668,-0.0460668,-0.0464554
-127.8,-0.0285364,-0.0450361,-0.0450361,-0.0454288
-127.778,-0.0273616,-0.0439944,-0.0439944,-0.0443911
-127.755,-0.0261801,-0.0429419,-0.0429419,-0.0433425
-127.732,-0.0249922,-0.0418788,-0.0418788,-0.0422832
-127.71,-0.0237982,-0.0408054,-0.0408054,-0.0412136
-127.687,-0.0225982,-0.039722,-0.039722,-0.0401338
-127.664,-0.0213928,-0.0386289,-0.0386289,-0.0390442
-127.642,-0.0201821,-0.0375263,-0.0375263,-0.037945
-127.619,-0.0189664,-0.0364144,-0.0364144,-0.0368365
-127.596,-0.0177461,-0.0352936,-0.0352936,-0.0357189
-127.574,-0.0165214,-0.0341642,-0.0341642,-0.0345926
-127.551,-0.0152927,-0.0330263,-0.0330263,-0.0334578
-127.528,-0.0140602,-0.0318804,-0.0318804,-0.0323147
-127.506,-0.0128242,-0.0307266,-0.0307266,-0.0311637
-127.483,-0.0115852,-0.0295652,-0.0295652,-0.0300051
-127.46,-0.0103432,-0.0283966,-0.0283966,-0.0288391
-127.438,-0.00909872,-0.027221,-0.027221,-0.027666
-127.415,-0.00785201,-0.0260388,-0.0260388,-0.0264862
-127.392,-0.00660336,-0.0248501,-0.0248501,-0.0252998
-127.37,-0.00535309,-0.0236553,-0.0236553,-0.0241072
-127.347,-0.00410151,-0.0224547,-0.0224547,-0.0229088
-127.324,-0.00284891,-0.0212486,-0.0212486,-0.0217046
-127.302,-0.00159562,-0.0200373,-0.0200373,-0.0204952
-127.279,-0.000341941,-0.0188211,-0.0188211,-0.0192807
-127.256,0.000911826,-0.0176002,-0.0176002,-0.0180615
-127.234,0.00216537,-0.016375,-0.016375,-0.0168379
-127.211,0.00341838,-0.0151458,-0.0151458,-0.0156101
-127.188,0.00467055,-0.0139129,-0.0139129,-0.0143785
-127.166,0.00592157,-0.0126765,-0.0126765,-0.0131434
-127.143,0.00717114,-0.0114371,-0.0114371,-0.011905
-127.12,0.00841895,-0.0101948,-0.0101948,-0.0106637
-127.098,0.00966469,-0.00895001,-0.00895001,-0.00941983
-127.075,0.0109081,-0.00770303,-0.00770303,-0.00817362
-127.052,0.0121487,-0.00645416,-0.00645416,-0.00692541
-127.029,0.0133865,-0.00520371,-0.00520371,-0.00567551
-127.007,0.0146209,-0.00395197,-0.00395197,-0.00442421
-126.984,0.0158517,-0.00269926,-0.00269926,-0.00317184
-126.961,0.0170786,-0.00144589,-0.00144589,-0.00191868
-126.939,0.0183014,-0.000192158,-0.000192158,-0.000665052
-126.916,0.0195196,0.00106161,0.00106161,0.000588733
-126.893,0.020733,0.00231512,0.00231512,0.00184237
-126.871,0.0219414,0.00356808,0.00356808,0.00309554
-126.848,0.0231444,0.00482016,0.00482016,0.00434796
-126.825,0.0243416,0.00607104,0.00607104,0.0055993
-126.803,0.0255329,0.00732044,0.00732044,0.00684927
-126.78,0.026718,0.00856804,0.00856804,0.00809755
-126.757,0.0278964,0.00981355,0.00981355,0.00934384
-126.735,0.0290681,0.0110566,0.0110566,0.0105878
-126.712,0.0302325,0.012297,0.012297,0.0118292
-126.689,0.0313896,0.0135344,0.0135344,0.0130677
-126.667,0.0325389,0.0147684,0.0147684,0.014303
-126.644,0.0336803,0.0159988,0.0159988,0.0155347
-126.621,0.0348134,0.0172253,0.0172253,0.0167626
-126.599,0.0359379,0.0184475,0.0184475,0.0179864
-126.576,0.0370536,0.0196653,0.0196653,0.0192058
-126.553,0.0381602,0.0208781,0.0208781,0.0204205
-126.531,0.0392574,0.0220859,0.0220859,0.0216301
-126.508,0.040345,0.0232882,0.0232882,0.0228345
-126.485,0.0414227,0.0244849,0.0244849,0.0240332
-126.463,0.0424902,0.0256755,0.0256755,0.025226
-126.44,0.0435472,0.0268598,0.0268598,0.0264126
-126.417,0.0445936,0.0280375,0.0280375,0.0275927
-126.395,0.045629,0.0292083,0.0292083,0.0287661
-126.372,0.0466532,0.0303719,0.0303719,0.0299323
-126.349,0.047666,0.0315281,0.0315281,0.0310913
-126.327,0.048667,0.0326766,0.0326766,0.0322426
-126.304,0.0496561,0.033817,0.033817,0.0333859
-126.281,0.050633,0.0349491,0.0349491,0.0345211
-126.259,0.0515974,0.0360726,0.0360726,0.0356477
-126.236,0.0525492,0.0371873,0.0371873,0.0367656
-126.213,0.0534881,0.0382929,0.0382929,0.0378745
-126.19,0.0544138,0.039389,0.039389,0.0389741
-126.168,0.0553262,0.0404754,0.0404754,0.0400641
-126.145,0.056225,0.041552,0.041552,0.0411442
-126.122,0.0571099,0.0426183,0.0426183,0.0422143
-126.1,0.0579809,0.0436741,0.0436741,0.0432739
-126.077,0.0588376,0.0447193,0.0447193,0.044323
-126.054,0.0596798,0.0457534,0.0457534,0.0453611
-126.032,0.0605074,0.0467763,0.0467763,0.0463881
-126.009,0.0613202,0.0477877,0.0477877,0.0474037
-125.986,0.0621178,0.0487874,0.0487874,0.0484077
-125.964,0.0629003,0.0497751,0.0497751,0.0493998
-125.941,0.0636672,0.0507506,0.0507506,0.0503797
-125.918,0.0644185,0.0517136,0.0517136,0.0513473
-125.896,0.0651541,0.0526639,0.0526639,0.0523022
-125.873,0.0658736,0.0536013,0.0536013,0.0532443
-125.85,0.0665769,0.0545255,0.0545255,0.0541733
-125.828,0.0672638,0.0554363,0.0554363,0.055089
-125.805,0.0679343,0.0563335,0.0563335,0.0559912
-125.782,0.0685881,0.0572169,0.0572169,0.0568796
-125.76,0.069225,0.0580862,0.0580862,0.057754
-125.737,0.0698449,0.0589412,0.0589412,0.0586143
-125.714,0.0704476,0.0597818,0.0597818,0.0594601
-125.692,0.0710331,0.0606077,0.0606077,0.0602913
-125.669,0.0716011,0.0614187,0.0614187,0.0611078
-125.646,0.0721515,0.0622146,0.0622146,0.0619092
-125.624,0.0726842,0.0629953,0.0629953,0.0626954
-125.601,0.0731991,0.0637605,0.0637605,0.0634662
-125.578,0.0736959,0.06451,0.06451,0.0642214
-125.556,0.0741747,0.0652436,0.0652436,0.0649609
-125.533,0.0746353,0.0659613,0.0659613,0.0656843
-125.51,0.0750775,0.0666627,0.0666627,0.0663917
-125.488,0.0755012,0.0673478,0.0673478,0.0670827
-125.465,0.0759065,0.0680164,0.0680164,0.0677572
-125.442,0.0762931,0.0686682,0.0686682,0.0684151
-125.42,0.0766609,0.0693031,0.0693031,0.0690562
-125.397,0.0770099,0.0699211,0.0699211,0.0696804
-125.374,0.07734,0.0705219,0.0705219,0.0702874
-125.351,0.0776512,0.0711053,0.0711053,0.0708771
-125.329,0.0779432,0.0716713,0.0716713,0.0714495
-125.306,0.0782161,0.0722197,0.0722197,0.0720043
-125.283,0.0784698,0.0727503,0.0727503,0.0725413
-125.261,0.0787042,0.0732631,0.0732631,0.0730606
-125.238,0.0789192,0.0737579,0.0737579,0.0735619
-125.215,0.0791149,0.0742346,0.0742346,0.0740452
-125.193,0.0792912,0.074693,0.074693,0.0745103
-125.17,0.079448,0.0751331,0.0751331,0.074957
-125.147,0.0795853,0.0755547,0.0755547,0.0753854
-125.125,0.079703,0.0759578,0.0759578,0.0757952
-125.102,0.0798011,0.0763422,0.0763422,0.0761864
-125.079,0.0798797,0.0767079,0.0767079,0.0765589
-125.057,0.0799386,0.0770548,0.0770548,0.0769126
-125.034,0.0799779,0.0773827,0.0773827,0.0772474
-125.011,0.0799975,0.0776916,0.0776916,0.0775632
-124.989,0.0799975,0.0779814,0.0779814,0.0778599
-124.966,0.0799779,0.0782521,0.0782521,0.0781376
-124.943,0.0799386,0.0785035,0.0785035,0.078396
-124.921,0.0798797,0.0787357,0.0787357,0.0786352
-124.898,0.0798011,0.0789486,0.0789486,0.078855
-124.875,0.079703,0.079142,0.079142,0.0790555
-124.853,0.0795853,0.079316,0.079316,0.0792366
-124.83,0.079448,0.0794706,0.0794706,0.0793982
-124.807,0.0792912,0.0796056,0.0796056,0.0795403
-124.785,0.0791149,0.079721,0.079721,0.0796629
-124.762,0.0789192,0.0798169,0.0798169,0.0797659
-124.739,0.0787042,0.0798932,0.0798932,0.0798492
-124.717,0.0784698,0.0799499,0.0799499,0.079913
-124.694,0.0782161,0.0799869,0.0799869,0.0799572
-124.671,0.0779432,0.0800043,0.0800043,0.0799817
-124.649,0.0776512,0.080002,0.080002,0.0799865
-124.626,0.07734,0.0799801,0.0799801,0.0799717
-124.603,0.0770099,0.0799385,0.0799385,0.0799373
-124.58,0.0766609,0.0798773,0.0798773,0.0798832
-124.558,0.0762931,0.0797965,0.0797965,0.0798095
-124.535,0.0759065,0.0796961,0.0796961,0.0797162
-124.512,0.0755012,0.0795761,0.0795761,0.0796034
-124.49,0.0750775,0.0794366,0.0794366,0.0794709
-124.467,0.0746353,0.0792776,0.0792776,0.0793189
-124.444,0.0741747,0.0790991,0.0790991,0.0791475
-124.422,0.0736959,0.0789011,0.0789011,0.0789566
-124.399,0.0731991,0.0786838,0.0786838,0.0787463
-124.376,0.0726842,0.0784472,0.0784472,0.0785167
-124.354,0.0721515,0.0781913,0.0781913,0.0782678
-124.331,0.0716011,0.0779162,0.0779162,0.0779996
-124.308,0.0710331,0.0776219,0.0776219,0.0777123
-124.286,0.0704476,0.0773086,0.0773086,0.0774059
-124.263,0.0698449,0.0769763,0.0769763,0.0770805
-124.24,0.069225,0.0766251,0.0766251,0.0767361
-124.218,0.0685881,0.0762551,0.0762551,0.0763729
-124.195,0.0679343,0.0758664,0.0758664,0.075991
-124.172,0.0672638,0.075459,0.075459,0.0755903
-124.15,0.0665769,0.0750331,0.0750331,0.0751711
-124.127,0.0658736,0.0745887,0.0745887,0.0747335
-124.104,0.0651541,0.0741261,0.0741261,0.0742775
-124.082,0.0644185,0.0736452,0.0736452,0.0738032
-124.059,0.0636672,0.0731463,0.0731463,0.0733108
-124.036,0.0629003,0.0726294,0.0726294,0.0728004
-124.014,0.0621178,0.0720946,0.0720946,0.0722721
-123.991,0.0613202,0.0715422,0.0715422,0.071726
-123.968,0.0605074,0.0709721,0.0709721,0.0711624
-123.946,0.0596798,0.0703847,0.0703847,0.0705812
-123.923,0.0588376,0.0697799,0.0697799,0.0699827
-123.9,0.0579809,0.069158,0.069158,0.069367
-123.878,0.0571099,0.0685192,0.0685192,0.0687343
-123.855,0.056225,0.0678635,0.0678635,0.0680847
-123.832,0.0553262,0.0671911,0.0671911,0.0674183
-123.81,0.0544138,0.0665023,0.0665023,0.0667355
-123.787,0.0534881,0.0657971,0.0657971,0.0660362
-123.764,0.0525492,0.0650757,0.0650757,0.0653207
-123.741,0.0515974,0.0643384,0.0643384,0.0645891
-123.719,0.050633,0.0635852,0.0635852,0.0638417
-123.696,0.0496561,0.0628165,0.0628165,0.0630786
-123.673,0.048667,0.0620323,0.0620323,0.0622999
-123.651,0.047666,0.0612329,0.0612329,0.061506
-123.628,0.0466532,0.0604184,0.0604184,0.060697
-123.605,0.045629,0.0595891,0.0595891,0.0598731
-123.583,0.0445936,0.0587452,0.0587452,0.0590344
-123.56,0.0435472,0.0578869,0.0578869,0.0581813
-123.537,0.0424902,0.0570143,0.0570143,0.0573138
-123.515,0.0414227,0.0561277,0.0561277,0.0564323
-123.492,0.040345,0.0552274,0.0552274,0.0555369
-123.469,0.0392574,0.0543135,0.0543135,0.0546279
-123.447,0.0381602,0.0533862,0.0533862,0.0537054
-123.424,0.0370536,0.0524458,0.0524458,0.0527698
-123.401,0.0359379,0.0514926,0.0514926,0.0518212
-123.379,0.0348134,0.0505267,0.0505267,0.0508598
-123.356,0.0336803,0.0495484,0.0495484,0.049886
-123.333,0.0325389,0.0485579,0.0485579,0.0488999
-123.311,0.0313896,0.0475555,0.0475555,0.0479018
-123.288,0.0302325,0.0465414,0.0465414,0.046892
-123.265,0.0290681,0.0455159,0.0455159,0.0458706
-123.243,0.0278964,0.0444792,0.0444792,0.0448379
-123.22,0.026718,0.0434316,0.0434316,0.0437942
-123.197,0.0255329,0.0423734,0.0423734,0.0427398
-123.175,0.0243416,0.0413047,0.0413047,0.0416749
-123.152,0.0231444,0.0402259,0.0402259,0.0405997
-123.129,0.0219414,0.0391372,0.0391372,0.0395145
-123.107,0.020733,0.0380388,0.0380388,0.0384197
-123.084,0.0195196,0.0369312,0.0369312,0.0373154
-123.061,0.0183014,0.0358145,0.0358145,0.0362019
-123.039,0.0170786,0.034689,0.034689,0.0350795
-123.016,0.0158517,0.0335549,0.0335549,0.0339486
-122.993,0.0146209,0.0324127,0.0324127,0.0328092
-122.971,0.0133865,0.0312624,0.0312624,0.0316618
-122.948,0.0121487,0.0301045,0.0301045,0.0305067
-122.925,0.0109081,0.0289392,0.0289392,0.029344
-122.902,0.00966469,0.0277668,0.0277668,0.0281741
-122.88,0.00841895,0.0265876,0.0265876,0.0269974
-122.857,0.00717114,0.0254018,0.0254018,0.0258139
-122.834,0.00592157,0.0242098,0.0242098,0.0246242
-122.812,0.00467055,0.0230119,0.0230119,0.0234283
-122.789,0.00341838,0.0218083,0.0218083,0.0222268
-122.766,0.00216537,0.0205994,0.0205994,0.0210197
-122.744,0.000911826,0.0193854,0.0193854,0.0198075
-122.721,-0.000341941,0.0181666,0.0181666,0.0185904
-122.698,-0.00159562,0.0169434,0.0169434,0.0173688
-122.676,-0.00284891,0.015716,0.015716,0.0161429
-122.653,-0.00410151,0.0144848,0.0144848,0.014913
-122.63,-0.00535309,0.01325,0.01325,0.0136794
-122.608,-0.00660336,0.012012,0.012012,0.0124425
-122.585,-0.00785201,0.010771,0.010771,0.0112026
-122.562,-0.00909872,0.00952734,0.00952734,0.00995983
-122.54,-0.0103432,0.00828136,0.00828136,0.00871466
-122.517,-0.0115852,0.00703334,0.00703334,0.00746736
-122.494,-0.0128242,0.0057836,0.0057836,0.00621819
-122.472,-0.0140602,0.00453246,0.00453246,0.0049675
-122.449,-0.0152927,0.0032802,0.0032802,0.0037156
-122.426,-0.0165214,0.00202713,0.00202713,0.00246278
-122.404,-0.0177461,0.000773563,0.000773563,0.00120935
-122.381,-0.0189664,-0.000480195,-0.000480195,-4.43789e-05
-122.358,-0.0201821,-0.00173381,-0.00173381,-0.00129811
-122.336,-0.0213928,-0.00298701,-0.00298701,-0.00255151
-122.313,-0.0225982,-0.00423947,-0.00423947,-0.00380429
-122.29,-0.0237982,-0.0054909,-0.0054909,-0.00505615
-122.268,-0.0249922,-0.00674097,-0.00674097,-0.00630676
-122.245,-0.0261801,-0.00798939,-0.00798939,-0.00755584
-122.222,-0.0273616,-0.00923583,-0.00923583,-0.00880304
-122.2,-0.0285364,-0.01048,-0.01048,-0.0100481
-122.177,-0.0297041,-0.0117216,-0.0117216,-0.0112907
-122.154,-0.0308646,-0.0129603,-0.0129603,-0.0125305
-122.132,-0.0320175,-0.0141959,-0.0141959,-0.0137672
-122.109,-0.0331625,-0.0154279,-0.0154279,-0.0150006
-122.086,-0.0342994,-0.0166562,-0.0166562,-0.0162303
-122.063,-0.0354278,-0.0178804,-0.0178804,-0.017456
-122.041,-0.0365476,-0.0191001,-0.0191001,-0.0186774
-122.018,-0.0376583,-0.0203152,-0.0203152,-0.0198942
-121.995,-0.0387598,-0.0215253,-0.0215253,-0.0211062
-121.973,-0.0398518,-0.0227301,-0.0227301,-0.022313
-121.95,-0.0409341,-0.0239293,-0.0239293,-0.0235142
-121.927,-0.0420062,-0.0251226,-0.0251226,-0.0247098
-121.905,-0.043068,-0.0263098,-0.0263098,-0.0258992
-121.882,-0.0441193,-0.0274905,-0.0274905,-0.0270823
-121.859,-0.0451597,-0.0286644,-0.0286644,-0.0282588
-121.837,-0.0461891,-0.0298313,-0.0298313,-0.0294283
-121.814,-0.0472071,-0.0309909,-0.0309909,-0.0305905
-121.791,-0.0482134,-0.0321428,-0.0321428,-0.0317453
-121.769,-0.049208,-0.0332869,-0.0332869,-0.0328923
-121.746,-0.0501905,-0.0344228,-0.0344228,-0.0340312
-121.723,-0.0511606,-0.0355502,-0.0355502,-0.0351617
-121.701,-0.0521182,-0.0366689,-0.0366689,-0.0362836
-121.678,-0.0530629,-0.0377786,-0.0377786,-0.0373966
-121.655,-0.0539947,-0.0388789,-0.0388789,-0.0385004
-121.633,-0.0549131,-0.0399698,-0.0399698,-0.0395948
-121.61,-0.0558181,-0.0410508,-0.0410508,-0.0406795
-121.587,-0.0567094,-0.0421218,-0.0421218,-0.0417541
-121.565,-0.0575868,-0.0431824,-0.0431824,-0.0428185
-121.542,-0.05845,-0.0442323,-0.0442323,-0.0438724
-121.519,-0.0592988,-0.0452715,-0.0452715,-0.0449155
-121.497,-0.0601331,-0.0462995,-0.0462995,-0.0459476
-121.474,-0.0609526,-0.0473161,-0.0473161,-0.0469684
-121.451,-0.0617571,-0.0483211,-0.0483211,-0.0479777
-121.429,-0.0625465,-0.0493142,-0.0493142,-0.0489751
-121.406,-0.0633205,-0.0502952,-0.0502952,-0.0499606
-121.383,-0.064079,-0.0512639,-0.0512639,-0.0509338
-121.361,-0.0648217,-0.05222,-0.05222,-0.0518945
-121.338,-0.0655485,-0.0531632,-0.0531632,-0.0528424
-121.315,-0.0662592,-0.0540934,-0.0540934,-0.0537774
-121.293,-0.0669536,-0.0550103,-0.0550103,-0.0546991
-121.27,-0.0676316,-0.0559136,-0.0559136,-0.0556075
-121.247,-0.068293,-0.0568033,-0.0568033,-0.0565021
-121.224,-0.0689376,-0.0576789,-0.0576789,-0.0573829
-121.202,-0.0695652,-0.0585405,-0.0585405,-0.0582496
-121.179,-0.0701758,-0.0593876,-0.0593876,-0.059102
-121.156,-0.0707691,-0.0602201,-0.0602201,-0.0599399
-121.134,-0.0713451,-0.0610379,-0.0610379,-0.0607631
-121.111,-0.0719035,-0.0618406,-0.0618406,-0.0615713
-121.088,-0.0724443,-0.0626282,-0.0626282,-0.0623645
-121.066,-0.0729673,-0.0634004,-0.0634004,-0.0631423
-121.043,-0.0734723,-0.064157,-0.064157,-0.0639046
-121.02,-0.0739593,-0.0648978,-0.0648978,-0.0646512
-120.998,-0.0744282,-0.0656227,-0.0656227,-0.0653819
-120.975,-0.0748787,-0.0663315,-0.0663315,-0.0660966
-120.952,-0.0753109,-0.067024,-0.067024,-0.0667951
-120.93,-0.0757246,-0.0677,-0.0677,-0.0674771
-120.907,-0.0761197,-0.0683594,-0.0683594,-0.0681426
-120.884,-0.076496,-0.069002,-0.069002,-0.0687913
-120.862,-0.0768536,-0.0696277,-0.0696277,-0.0694232
-120.839,-0.0771923,-0.0702362,-0.0702362,-0.0700379
-120.816,-0.0775121,-0.0708275,-0.0708275,-0.0706355
-120.794,-0.0778128,-0.0714014,-0.0714014,-0.0712158
-120.771,-0.0780944,-0.0719578,-0.0719578,-0.0717786
-120.748,-0.0783568,-0.0724965,-0.0724965,-0.0723237
-120.726,-0.0786,-0.0730173,-0.0730173,-0.0728511
-120.703,-0.0788239,-0.0735202,-0.0735202,-0.0733605
-120.68,-0.0790284,-0.0740051,-0.0740051,-0.073852
-120.658,-0.0792135,-0.0744718,-0.0744718,-0.0743253
-120.635,-0.0793791,-0.0749202,-0.0749202,-0.0747804
-120.612,-0.0795253,-0.0753502,-0.0753502,-0.0752171
-120.59,-0.0796519,-0.0757617,-0.0757617,-0.0756354
-120.567,-0.0797589,-0.0761545,-0.0761545,-0.076035
-120.544,-0.0798464,-0.0765287,-0.0765287,-0.076416
-120.522,-0.0799142,-0.0768841,-0.0768841,-0.0767783
-120.499,-0.0799625,-0.0772206,-0.0772206,-0.0771216
-120.476,-0.0799911,-0.0775381,-0.0775381,-0.0774461
-120.454,-0.08,-0.0778365,-0.0778365,-0.0777515
-120.431,-0.0799893,-0.0781159,-0.0781159,-0.0780378
-120.408,-0.0799589,-0.078376,-0.078376,-0.0783049
-120.385,-0.0799089,-0.0786169,-0.0786169,-0.0785528
-120.363,-0.0798393,-0.0788385,-0.0788385,-0.0787815
-120.34,-0.07975,-0.0790407,-0.0790407,-0.0789908
-120.317,-0.0796412,-0.0792235,-0.0792235,-0.0791807
-120.295,-0.0795128,-0.0793869,-0.0793869,-0.0793511
-120.272,-0.0793649,-0.0795308,-0.0795308,-0.079502
-120.249,-0.0791975,-0.079655,-0.079655,-0.0796335
-120.227,-0.0790106,-0.0797598,-0.0797598,-0.0797453
-120.204,-0.0788043,-0.0798449,-0.0798449,-0.0798376
-120.181,-0.0785787,-0.0799105,-0.0799105,-0.0799103
-120.159,-0.0783338,-0.0799564,-0.0799564,-0.0799634
-120.136,-0.0780696,-0.0799826,-0.0799826,-0.0799968
-120.113,-0.0777863,-0.0799892,-0.0799892,-0.0800106
-120.091,-0.0774838,-0.0799762,-0.0799762,-0.0800047
-120.068,-0.0771623,-0.0799435,-0.0799435,-0.0799792
-120.045,-0.0768219,-0.0798912,-0.0798912,-0.079934
-120.023,-0.0764626,-0.0798193,-0.0798193,-0.0798692
-120,-0.0760845,-0.0797277,-0.0797277,-0.0797848
-119.977,-0.0756878,-0.0796166,-0.0796166,-0.0796808
-119.955,-0.0752724,-0.0794859,-0.0794859,-0.0795572
-119.932,-0.0748385,-0.0793357,-0.0793357,-0.0794141
-119.909,-0.0743863,-0.0791659,-0.0791659,-0.0792515
-119.887,-0.0739158,-0.0789768,-0.0789768,-0.0790694
-119.864,-0.0734272,-0.0787682,-0.0787682,-0.0788679
-119.841,-0.0729205,-0.0785403,-0.0785403,-0.078647
-119.819,-0.0723959,-0.0782931,-0.0782931,-0.0784068
-119.796,-0.0718535,-0.0780267,-0.0780267,-0.0781474
-119.773,-0.0712935,-0.0777411,-0.0777411,-0.0778688
-119.751,-0.0707159,-0.0774364,-0.0774364,-0.0775711
-119.728,-0.070121,-0.0771127,-0.0771127,-0.0772543
-119.705,-0.0695089,-0.07677,-0.07677,-0.0769185
-119.683,-0.0688797,-0.0764085,-0.0764085,-0.0765638
-119.66,-0.0682335,-0.0760282,-0.0760282,-0.0761904
-119.637,-0.0675706,-0.0756292,-0.0756292,-0.0757982
-119.615,-0.0668912,-0.0752117,-0.0752117,-0.0753874
-119.592,-0.0661953,-0.0747756,-0.0747756,-0.0749581
-119.569,-0.0654831,-0.0743212,-0.0743212,-0.0745104
-119.546,-0.0647548,-0.0738486,-0.0738486,-0.0740443
-119.524,-0.0640107,-0.0733578,-0.0733578,-0.0735602
-119.501,-0.0632508,-0.072849,-0.072849,-0.0730579
-119.478,-0.0624754,-0.0723223,-0.0723223,-0.0725377
-119.456,-0.0616846,-0.0717778,-0.0717778,-0.0719997
-119.433,-0.0608787,-0.0712157,-0.0712157,-0.071444
-119.41,-0.0600579,-0.0706361,-0.0706361,-0.0708707
-119.388,-0.0592222,-0.0700392,-0.0700392,-0.0702801
-119.365,-0.0583721,-0.069425,-0.069425,-0.0696722
-119.342,-0.0575076,-0.0687938,-0.0687938,-0.0690472
-119.32,-0.056629,-0.0681457,-0.0681457,-0.0684052
-119.297,-0.0557364,-0.0674808,-0.0674808,-0.0677464
-119.274,-0.0548302,-0.0667994,-0.0667994,-0.067071
-119.252,-0.0539105,-0.0661015,-0.0661015,-0.0663791
-119.229,-0.0529776,-0.0653875,-0.0653875,-0.065671
-119.206,-0.0520316,-0.0646573,-0.0646573,-0.0649466
-119.184,-0.0510729,-0.0639113,-0.0639113,-0.0642064
-119.161,-0.0501017,-0.0631496,-0.0631496,-0.0634504
-119.138,-0.0491181,-0.0623723,-0.0623723,-0.0626787
-119.116,-0.0481224,-0.0615798,-0.0615798,-0.0618918
-119.093,-0.047115,-0.0607721,-0.0607721,-0.0610896
-119.07,-0.046096,-0.0599495,-0.0599495,-0.0602724
-119.048,-0.0450656,-0.0591121,-0.0591121,-0.0594404
-119.025,-0.0440242,-0.0582602,-0.0582602,-0.0585938
-119.002,-0.042972,-0.0573941,-0.0573941,-0.0577328
-118.98,-0.0419092,-0.0565138,-0.0565138,-0.0568576
-118.957,-0.0408361,-0.0556196,-0.0556196,-0.0559685
-118.934,-0.039753,-0.0547118,-0.0547118,-0.0550656
-118.912,-0.0386601,-0.0537905,-0.0537905,-0.0541492
-118.889,-0.0375577,-0.052856,-0.052856,-0.0532195
-118.866,-0.0364461,-0.0519086,-0.0519086,-0.0522767
-118.844,-0.0353256,-0.0509483,-0.0509483,-0.0513211
-118.821,-0.0341964,-0.0499756,-0.0499756,-0.0503529
-118.798,-0.0330587,-0.0489906,-0.0489906,-0.0493724
-118.776,-0.031913,-0.0479935,-0.0479935,-0.0483797
-118.753,-0.0307594,-0.0469847,-0.0469847,-0.0473751
-118.73,-0.0295983,-0.0459643,-0.0459643,-0.0463589
-118.707,-0.0284299,-0.0449326,-0.0449326,-0.0453313
-118.685,-0.0272545,-0.0438899,-0.0438899,-0.0442926
-118.662,-0.0260724,-0.0428364,-0.0428364,-0.043243
-118.639,-0.0248839,-0.0417724,-0.0417724,-0.0421828
-118.617,-0.0236893,-0.0406981,-0.0406981,-0.0411122
-118.594,-0.0224889,-0.0396138,-0.0396138,-0.0400315
-118.571,-0.0212829,-0.0385198,-0.0385198,-0.038941
-118.549,-0.0200718,-0.0374163,-0.0374163,-0.037841
-118.526,-0.0188557,-0.0363036,-0.0363036,-0.0367316
-118.503,-0.017635,-0.035182,-0.035182,-0.0356132
-118.481,-0.0164099,-0.0340518,-0.0340518,-0.0344861
-118.458,-0.0151808,-0.0329132,-0.0329132,-0.0333505
-118.435,-0.013948,-0.0317665,-0.0317665,-0.0322068
-118.413,-0.0127117,-0.030612,-0.030612,-0.0310551
-118.39,-0.0114724,-0.02945,-0.02945,-0.0298958
-118.367,-0.0102302,-0.0282807,-0.0282807,-0.0287291
-118.345,-0.00898547,-0.0271045,-0.0271045,-0.0275554
-118.322,-0.00773857,-0.0259216,-0.0259216,-0.0263749
-118.299,-0.00648976,-0.0247324,-0.0247324,-0.025188
-118.277,-0.00523936,-0.0235371,-0.0235371,-0.0239949
-118.254,-0.00398767,-0.022336,-0.022336,-0.0227959
-118.231,-0.002735,-0.0211294,-0.0211294,-0.0215912
-118.209,-0.00148166,-0.0199176,-0.0199176,-0.0203813
-118.186,-0.000227961,-0.018701,-0.018701,-0.0191664
-118.163,0.0010258,-0.0174797,-0.0174797,-0.0179468
-118.141,0.00227931,-0.0162541,-0.0162541,-0.0167227
-118.118,0.00353225,-0.0150245,-0.0150245,-0.0154946
-118.095,0.00478433,-0.0137913,-0.0137913,-0.0142627
-118.073,0.00603524,-0.0125547,-0.0125547,-0.0130272
-118.05,0.00728466,-0.0113149,-0.0113149,-0.0117886
-118.027,0.00853229,-0.0100724,-0.0100724,-0.0105471
-118.005,0.00977783,-0.00882742,-0.00882742,-0.00930294
-117.982,0.011021,-0.00758024,-0.00758024,-0.00805653
-117.959,0.0122614,-0.0063312,-0.0063312,-0.00680816
-117.937,0.0134988,-0.00508062,-0.00508062,-0.00555811
-117.914,0.0147329,-0.00382879,-0.00382879,-0.00430671
-117.891,0.0159634,-0.00257602,-0.00257602,-0.00305424
-117.868,0.01719,-0.00132259,-0.00132259,-0.00180102
-117.846,0.0184123,-6.88637e-05,-6.88637e-05,-0.000547373
-117.823,0.0196301,0.0011849,0.0011849,0.000706415
-117.8,0.0208431,0.0024384,0.0024384,0.00196002
-117.778,0.022051,0.00369128,0.00369128,0.00321315
-117.755,0.0232534,0.00494325,0.00494325,0.00446549
-117.732,0.0244502,0.00619402,0.00619402,0.00571671
-117.71,0.0256409,0.00744326,0.00744326,0.00696654
-117.687,0.0268254,0.00869068,0.00869068,0.00821465
-117.664,0.0280032,0.00993595,0.00993595,0.00946075
-117.642,0.0291742,0.0111788,0.0111788,0.0107045
-117.619,0.030338,0.0124189,0.0124189,0.0119457
-117.596,0.0314944,0.013656,0.013656,0.0131839
-117.574,0.032643,0.0148897,0.0148897,0.0144188
-117.551,0.0337836,0.0161198,0.0161198,0.0156502
-117.528,0.0349159,0.0173459,0.0173459,0.0168778
-117.506,0.0360397,0.0185677,0.0185677,0.0181012
-117.483,0.0371546,0.019785,0.019785,0.0193202
-117.46,0.0382603,0.0209974,0.0209974,0.0205344
-117.438,0.0393567,0.0222047,0.0222047,0.0217436
-117.415,0.0404434,0.0234065,0.0234065,0.0229474
-117.392,0.0415201,0.0246026,0.0246026,0.0241456
-117.37,0.0425867,0.0257926,0.0257926,0.0253379
-117.347,0.0436428,0.0269763,0.0269763,0.0265239
-117.324,0.0446882,0.0281534,0.0281534,0.0277034
-117.302,0.0457226,0.0293236,0.0293236,0.0288762
-117.279,0.0467458,0.0304865,0.0304865,0.0300418
-117.256,0.0477574,0.031642,0.031642,0.0312
-117.234,0.0487574,0.0327898,0.0327898,0.0323506
-117.211,0.0497454,0.0339294,0.0339294,0.0334932
-117.188,0.0507212,0.0350608,0.0350608,0.0346276
-117.166,0.0516845,0.0361835,0.0361835,0.0357535
-117.143,0.0526351,0.0372973,0.0372973,0.0368706
-117.12,0.0535728,0.038402,0.038402,0.0379787
-117.098,0.0544973,0.0394973,0.0394973,0.0390774
-117.075,0.0554085,0.0405828,0.0405828,0.0401665
-117.052,0.056306,0.0416584,0.0416584,0.0412457
-117.029,0.0571897,0.0427238,0.0427238,0.0423149
-117.007,0.0580594,0.0437787,0.0437787,0.0433736
-116.984,0.0589148,0.0448228,0.0448228,0.0444216
-116.961,0.0597557,0.0458559,0.0458559,0.0454588
-116.939,0.0605819,0.0468778,0.0468778,0.0464848
-116.916,0.0613933,0.0478881,0.0478881,0.0474993
-116.893,0.0621896,0.0488867,0.0488867,0.0485022
-116.871,0.0629706,0.0498733,0.0498733,0.0494932
-116.848,0.0637362,0.0508476,0.0508476,0.050472
-116.825,0.0644861,0.0518095,0.0518095,0.0514384
-116.803,0.0652201,0.0527586,0.0527586,0.0523922
-116.78,0.0659382,0.0536948,0.0536948,0.0533331
-116.757,0.06664,0.0546178,0.0546178,0.054261
-116.735,0.0673255,0.0555273,0.0555273,0.0551754
-116.712,0.0679944,0.0564233,0.0564233,0.0560764
-116.689,0.0686467,0.0573054,0.0573054,0.0569635
-116.667,0.069282,0.0581734,0.0581734,0.0578367
-116.644,0.0699004,0.0590271,0.0590271,0.0586956
-116.621,0.0705016,0.0598663,0.0598663,0.0595402
-116.599,0.0710855,0.0606909,0.0606909,0.0603701
-116.576,0.0716519,0.0615005,0.0615005,0.0611851
-116.553,0.0722007,0.062295,0.062295,0.0619852
-116.531,0.0727318,0.0630743,0.0630743,0.06277
-116.508,0.073245,0.063838,0.063838,0.0635394
-116.485,0.0737402,0.0645861,0.0645861,0.0642932
-116.463,0.0742173,0.0653183,0.0653183,0.0650312
-116.44,0.0746762,0.0660344,0.0660344,0.0657532
-116.417,0.0751168,0.0667344,0.0667344,0.0664591
-116.395,0.0755389,0.0674179,0.0674179,0.0671486
-116.372,0.0759424,0.068085,0.068085,0.0678217
-116.349,0.0763273,0.0687352,0.0687352,0.068478
-116.327,0.0766934,0.0693686,0.0693686,0.0691176
-116.304,0.0770407,0.069985,0.069985,0.0697402
-116.281,0.0773691,0.0705842,0.0705842,0.0703456
-116.259,0.0776785,0.071166,0.071166,0.0709338
-116.236,0.0779688,0.0717304,0.0717304,0.0715046
-116.213,0.0782399,0.0722772,0.0722772,0.0720578
-116.19,0.0784919,0.0728062,0.0728062,0.0725932
-116.168,0.0787245,0.0733173,0.0733173,0.0731109
-116.145,0.0789378,0.0738104,0.0738104,0.0736106
-116.122,0.0791318,0.0742854,0.0742854,0.0740922
-116.1,0.0793063,0.0747422,0.0747422,0.0745556
-116.077,0.0794613,0.0751806,0.0751806,0.0750007
-116.054,0.0795968,0.0756005,0.0756005,0.0754274
-116.032,0.0797127,0.0760019,0.0760019,0.0758355
-116.009,0.0798091,0.0763846,0.0763846,0.076225
-115.986,0.0798858,0.0767485,0.0767485,0.0765958
-115.964,0.079943,0.0770937,0.0770937,0.0769478
-115.941,0.0799805,0.0774199,0.0774199,0.0772809
-115.918,0.0799984,0.077727,0.077727,0.077595
-115.896,0.0799966,0.0780151,0.0780151,0.07789
-115.873,0.0799751,0.078284,0.078284,0.0781659
-115.85,0.0799341,0.0785337,0.0785337,0.0784226
-115.828,0.0798733,0.0787641,0.0787641,0.07866
-115.805,0.079793,0.0789751,0.0789751,0.0788781
-115.782,0.0796931,0.0791668,0.0791668,0.0790768
-115.76,0.0795736,0.079339,0.079339,0.0792561
-115.737,0.0794345,0.0794917,0.0794917,0.079416
-115.714,0.079276,0.079625,0.079625,0.0795563
-115.692,0.0790979,0.0797386,0.0797386,0.0796771
-115.669,0.0789005,0.0798327,0.0798327,0.0797783
-115.646,0.0786837,0.0799072,0.0799072,0.0798599
-115.624,0.0784475,0.079962,0.079962,0.0799219
-115.601,0.0781921,0.0799973,0.0799973,0.0799643
-115.578,0.0779174,0.0800128,0.0800128,0.079987
-115.556,0.0776237,0.0800088,0.0800088,0.0799901
-115.533,0.0773108,0.079985,0.079985,0.0799735
-115.51,0.076979,0.0799417,0.0799417,0.0799373
-115.488,0.0766283,0.0798786,0.0798786,0.0798815
-115.465,0.0762587,0.079796,0.079796,0.079806
-115.442,0.0758704,0.0796938,0.0796938,0.0797109
-115.42,0.0754635,0.079572,0.079572,0.0795962
-115.397,0.075038,0.0794307,0.0794307,0.079462
-115.374,0.0745941,0.0792699,0.0792699,0.0793083
-115.351,0.0741319,0.0790896,0.0790896,0.0791351
-115.329,0.0736515,0.0788899,0.0788899,0.0789424
-115.306,0.073153,0.0786708,0.0786708,0.0787304
-115.283,0.0726365,0.0784323,0.0784323,0.078499
-115.261,0.0721022,0.0781747,0.0781747,0.0782483
-115.238,0.0715502,0.0778978,0.0778978,0.0779784
-115.215,0.0709806,0.0776018,0.0776018,0.0776894
-115.193,0.0703936,0.0772867,0.0772867,0.0773813
-115.17,0.0697892,0.0769527,0.0769527,0.0770542
-115.147,0.0691678,0.0765998,0.0765998,0.0767081
-115.125,0.0685293,0.076228,0.076228,0.0763431
-115.102,0.067874,0.0758376,0.0758376,0.0759595
-115.079,0.0672021,0.0754284,0.0754284,0.0755572
-115.057,0.0665136,0.0750008,0.0750008,0.0751363
-115.034,0.0658088,0.0745548,0.0745548,0.074697
-115.011,0.0650878,0.0740905,0.0740905,0.0742393
-114.989,0.0643509,0.0736079,0.0736079,0.0737634
-114.966,0.0635981,0.0731073,0.0731073,0.0732693
-114.943,0.0628298,0.0725888,0.0725888,0.0727573
-114.921,0.062046,0.0720524,0.0720524,0.0722274
-114.898,0.0612469,0.0714983,0.0714983,0.0716797
-114.875,0.0604328,0.0709266,0.0709266,0.0711145
-114.853,0.0596039,0.0703376,0.0703376,0.0705317
-114.83,0.0587603,0.0697312,0.0697312,0.0699317
-114.807,0.0579023,0.0691078,0.0691078,0.0693144
-114.785,0.0570301,0.0684673,0.0684673,0.0686802
-114.762,0.0561438,0.0678101,0.0678101,0.068029
-114.739,0.0552438,0.0671362,0.0671362,0.0673612
-114.717,0.0543302,0.0664458,0.0664458,0.0666768
-114.694,0.0534033,0.0657391,0.0657391,0.065976
-114.671,0.0524632,0.0650163,0.0650163,0.0652591
-114.649,0.0515103,0.0642775,0.0642775,0.0645261
-114.626,0.0505447,0.0635229,0.0635229,0.0637772
-114.603,0.0495667,0.0627527,0.0627527,0.0630127
-114.58,0.0485765,0.0619671,0.0619671,0.0622327
-114.558,0.0475744,0.0611663,0.0611663,0.0614374
-114.535,0.0465606,0.0603504,0.0603504,0.060627
-114.512,0.0455353,0.0595198,0.0595198,0.0598017
-114.49,0.0444989,0.0586745,0.0586745,0.0589617
-114.467,0.0434516,0.0578148,0.0578148,0.0581073
-114.444,0.0423935,0.056941,0.056941,0.0572386
-114.422,0.0413251,0.0560531,0.0560531,0.0563558
-114.399,0.0402465,0.0551515,0.0551515,0.0554592
-114.376,0.039158,0.0542363,0.0542363,0.0545489
-114.354,0.03806,0.0533078,0.0533078,0.0536252
-114.331,0.0369525,0.0523663,0.0523663,0.0526884
-114.308,0.035836,0.0514118,0.0514118,0.0517387
-114.286,0.0347107,0.0504448,0.0504448,0.0507762
-114.263,0.0335769,0.0494653,0.0494653,0.0498012
-114.24,0.0324348,0.0484737,0.0484737,0.048814
-114.218,0.0312847,0.0474702,0.0474702,0.0478148
-114.195,0.030127,0.0464551,0.0464551,0.0468039
-114.172,0.0289618,0.0454285,0.0454285,0.0457815
-114.15,0.0277896,0.0443908,0.0443908,0.0447478
-114.127,0.0266105,0.0433422,0.0433422,0.0437032
-114.104,0.0254249,0.0422829,0.0422829,0.0426478
-114.082,0.024233,0.0412133,0.0412133,0.0415819
-114.059,0.0230352,0.0401336,0.0401336,0.0405058
-114.036,0.0218318,0.039044,0.039044,0.0394198
-114.014,0.0206229,0.0379448,0.0379448,0.038324
-113.991,0.019409,0.0368362,0.0368362,0.0372189
-113.968,0.0181904,0.0357187,0.0357187,0.0361046
-113.946,0.0169673,0.0345924,0.0345924,0.0349815
-113.923,0.01574,0.0334576,0.0334576,0.0338497
-113.9,0.0145088,0.0323145,0.0323145,0.0327096
-113.878,0.0132741,0.0311635,0.0311635,0.0315615
-113.855,0.0120361,0.0300049,0.0300049,0.0304057
-113.832,0.0107951,0.0288389,0.0288389,0.0292424
-113.81,0.00955154,0.0276659,0.0276659,0.0280719
-113.787,0.0083056,0.026486,0.026486,0.0268945
-113.764,0.00705762,0.0252997,0.0252997,0.0257105
-113.741,0.0058079,0.0241071,0.0241071,0.0245201
-113.719,0.00455676,0.0229086,0.0229086,0.0233238
-113.696,0.0033045,0.0217045,0.0217045,0.0221217
-113.673,0.00205143,0.0204951,0.0204951,0.0209142
-113.651,0.000797852,0.0192806,0.0192806,0.0197015
-113.628,-0.00045592,0.0180614,0.0180614,0.018484
-113.605,-0.00170958,0.0168378,0.0168378,0.017262
-113.583,-0.00296282,0.01561,0.01561,0.0160357
-113.56,-0.00421533,0.0143784,0.0143784,0.0148054
-113.537,-0.00546681,0.0131433,0.0131433,0.0135716
-113.515,-0.00671694,0.0119049,0.0119049,0.0123344
-113.492,-0.00796543,0.0106637,0.0106637,0.0110942
-113.469,-0.00921196,0.0094198,0.0094198,0.00985122
-113.447,-0.0104562,0.00817359,0.00817359,0.00860584
-113.424,-0.0116979,0.00692537,0.00692537,0.00735834
-113.401,-0.0129367,0.00567549,0.00567549,0.00610904
-113.379,-0.0141724,0.0044242,0.0044242,0.00485824
-113.356,-0.0154046,0.00317183,0.00317183,0.00360625
-113.333,-0.0166329,0.00191869,0.00191869,0.00235336
-113.311,-0.0178572,0.000665072,0.000665072,0.00109989
-113.288,-0.0190771,-0.000588701,-0.000588701,-0.000153843
-113.265,-0.0202924,-0.00184234,-0.00184234,-0.00140755
-113.243,-0.0215026,-0.0030955,-0.0030955,-0.00266091
-113.22,-0.0227076,-0.0043479,-0.0043479,-0.00391361
-113.197,-0.0239069,-0.00559923,-0.00559923,-0.00516536
-113.175,-0.0251005,-0.00684919,-0.00684919,-0.00641584
-113.152,-0.0262878,-0.00809748,-0.00809748,-0.00766474
-113.129,-0.0274687,-0.00934374,-0.00934374,-0.00891177
-113.107,-0.0286428,-0.0105877,-0.0105877,-0.0101566
-113.084,-0.0298099,-0.0118291,-0.0118291,-0.0113989
-113.061,-0.0309697,-0.0130676,-0.0130676,-0.0126385
-113.039,-0.0321219,-0.0143028,-0.0143028,-0.0138749
-113.016,-0.0332662,-0.0155346,-0.0155346,-0.015108
-112.993,-0.0344023,-0.0167625,-0.0167625,-0.0163373
-112.971,-0.03553,-0.0179863,-0.0179863,-0.0175626
-112.948,-0.0366489,-0.0192057,-0.0192057,-0.0187836
-112.925,-0.0377588,-0.0204203,-0.0204203,-0.02
-112.902,-0.0388595,-0.0216299,-0.0216299,-0.0212115
-112.88,-0.0399506,-0.0228343,-0.0228343,-0.0224178
-112.857,-0.0410319,-0.024033,-0.024033,-0.0236186
-112.834,-0.0421032,-0.0252258,-0.0252258,-0.0248135
-112.812,-0.0431641,-0.0264124,-0.0264124,-0.0260024
-112.789,-0.0442143,-0.0275925,-0.0275925,-0.0271849
-112.766,-0.0452538,-0.0287658,-0.0287658,-0.0283607
-112.744,-0.0462821,-0.0299321,-0.0299321,-0.0295296
-112.721,-0.047299,-0.031091,-0.031091,-0.0306912
-112.698,-0.0483044,-0.0322423,-0.0322423,-0.0318452
-112.676,-0.0492978,-0.0333856,-0.0333856,-0.0329915
-112.653,-0.0502792,-0.0345208,-0.0345208,-0.0341296
-112.63,-0.0512482,-0.0356474,-0.0356474,-0.0352594
-112.608,-0.0522046,-0.0367653,-0.0367653,-0.0363805
-112.585,-0.0531482,-0.0378742,-0.0378742,-0.0374927
-112.562,-0.0540787,-0.0389737,-0.0389737,-0.0385956
-112.54,-0.054996,-0.0400637,-0.0400637,-0.0396891
-112.517,-0.0558997,-0.0411439,-0.0411439,-0.0407729
-112.494,-0.0567897,-0.0422139,-0.0422139,-0.0418466
-112.472,-0.0576658,-0.0432735,-0.0432735,-0.04291
-112.449,-0.0585277,-0.0443226,-0.0443226,-0.043963
-112.426,-0.0593753,-0.0453607,-0.0453607,-0.0450051
-112.404,-0.0602082,-0.0463877,-0.0463877,-0.0460361
-112.381,-0.0610264,-0.0474033,-0.0474033,-0.0470559
-112.358,-0.0618295,-0.0484073,-0.0484073,-0.0480641
-112.336,-0.0626175,-0.0493993,-0.0493993,-0.0490605
-112.313,-0.0633901,-0.0503792,-0.0503792,-0.0500448
-112.29,-0.0641472,-0.0513468,-0.0513468,-0.0510169
-112.268,-0.0648884,-0.0523017,-0.0523017,-0.0519764
-112.245,-0.0656138,-0.0532438,-0.0532438,-0.0529232
-112.222,-0.066323,-0.0541728,-0.0541728,-0.053857
-112.2,-0.0670159,-0.0550885,-0.0550885,-0.0547775
-112.177,-0.0676924,-0.0559906,-0.0559906,-0.0556846
-112.154,-0.0683523,-0.056879,-0.056879,-0.056578
-112.132,-0.0689953,-0.0577534,-0.0577534,-0.0574575
-112.109,-0.0696214,-0.0586137,-0.0586137,-0.0583229
-112.086,-0.0702305,-0.0594595,-0.0594595,-0.059174
-112.063,-0.0708222,-0.0602907,-0.0602907,-0.0600106
-112.041,-0.0713966,-0.0611072,-0.0611072,-0.0608324
-112.018,-0.0719534,-0.0619086,-0.0619086,-0.0616392
-111.995,-0.0724926,-0.0626947,-0.0626947,-0.062431
-111.973,-0.0730139,-0.0634655,-0.0634655,-0.0632074
-111.95,-0.0735174,-0.0642208,-0.0642208,-0.0639683
-111.927,-0.0740027,-0.0649602,-0.0649602,-0.0647134
-111.905,-0.0744699,-0.0656836,-0.0656836,-0.0654427
-111.882,-0.0749188,-0.066391,-0.066391,-0.0661559
-111.859,-0.0753493,-0.067082,-0.067082,-0.0668529
-111.837,-0.0757613,-0.0677565,-0.0677565,-0.0675334
-111.814,-0.0761547,-0.0684144,-0.0684144,-0.0681974
-111.791,-0.0765293,-0.0690555,-0.0690555,-0.0688446
-111.769,-0.0768852,-0.0696796,-0.0696796,-0.0694749
-111.746,-0.0772222,-0.0702866,-0.0702866,-0.0700881
-111.723,-0.0775402,-0.0708764,-0.0708764,-0.0706841
-111.701,-0.0778392,-0.0714487,-0.0714487,-0.0712628
-111.678,-0.0781191,-0.0720034,-0.0720034,-0.0718239
-111.655,-0.0783797,-0.0725405,-0.0725405,-0.0723675
-111.633,-0.0786212,-0.0730598,-0.0730598,-0.0728932
-111.61,-0.0788433,-0.0735611,-0.0735611,-0.073401
-111.587,-0.079046,-0.0740443,-0.0740443,-0.0738909
-111.565,-0.0792294,-0.0745094,-0.0745094,-0.0743625
-111.542,-0.0793932,-0.0749561,-0.0749561,-0.0748159
-111.519,-0.0795376,-0.0753845,-0.0753845,-0.0752509
-111.497,-0.0796624,-0.0757942,-0.0757942,-0.0756675
-111.474,-0.0797677,-0.0761854,-0.0761854,-0.0760655
-111.451,-0.0798534,-0.0765579,-0.0765579,-0.0764448
-111.429,-0.0799194,-0.0769116,-0.0769116,-0.0768052
-111.406,-0.0799659,-0.0772464,-0.0772464,-0.0771469
-111.383,-0.0799927,-0.0775622,-0.0775622,-0.0774696
-111.361,-0.0799998,-0.0778589,-0.0778589,-0.0777733
-111.338,-0.0799873,-0.0781365,-0.0781365,-0.0780578
-111.315,-0.0799552,-0.078395,-0.078395,-0.0783233
-111.293,-0.0799034,-0.0786341,-0.0786341,-0.0785694
-111.27,-0.079832,-0.078854,-0.078854,-0.0787963
-111.247,-0.0797409,-0.0790544,-0.0790544,-0.0790038
-111.224,-0.0796303,-0.0792355,-0.0792355,-0.0791919
-111.202,-0.0795002,-0.0793971,-0.0793971,-0.0793605
-111.179,-0.0793505,-0.0795392,-0.0795392,-0.0795097
-111.156,-0.0791813,-0.0796617,-0.0796617,-0.0796394
-111.134,-0.0789927,-0.0797647,-0.0797647,-0.0797495
-111.111,-0.0787846,-0.0798481,-0.0798481,-0.07984
-111.088,-0.0785572,-0.0799119,-0.0799119,-0.0799109
-111.066,-0.0783106,-0.079956,-0.079956,-0.0799621
-111.043,-0.0780446,-0.0799805,-0.0799805,-0.0799937
-111.02,-0.0777596,-0.0799853,-0.0799853,-0.0800057
-110.998,-0.0774554,-0.0799705,-0.0799705,-0.079998
-110.975,-0.0771322,-0.0799361,-0.0799361,-0.0799707
-110.952,-0.07679,-0.079882,-0.079882,-0.0799238
-110.93,-0.076429,-0.0798083,-0.0798083,-0.0798572
-110.907,-0.0760492,-0.0797149,-0.0797149,-0.079771
-110.884,-0.0756508,-0.0796021,-0.0796021,-0.0796652
-110.862,-0.0752337,-0.0794696,-0.0794696,-0.0795398
-110.839,-0.0747982,-0.0793176,-0.0793176,-0.0793949
-110.816,-0.0743443,-0.0791462,-0.0791462,-0.0792305
-110.794,-0.0738721,-0.0789553,-0.0789553,-0.0790467
-110.771,-0.0733818,-0.078745,-0.078745,-0.0788434
-110.748,-0.0728735,-0.0785153,-0.0785153,-0.0786208
-110.726,-0.0723473,-0.0782664,-0.0782664,-0.0783789
-110.703,-0.0718033,-0.0779982,-0.0779982,-0.0781177
-110.68,-0.0712417,-0.0777109,-0.0777109,-0.0778373
-110.658,-0.0706625,-0.0774045,-0.0774045,-0.0775378
-110.635,-0.0700661,-0.077079,-0.077079,-0.0772192
-110.612,-0.0694524,-0.0767347,-0.0767347,-0.0768817
-110.59,-0.0688216,-0.0763715,-0.0763715,-0.0765253
-110.567,-0.068174,-0.0759895,-0.0759895,-0.0761502
-110.544,-0.0675096,-0.0755888,-0.0755888,-0.0757563
-110.522,-0.0668286,-0.0751696,-0.0751696,-0.0753438
-110.499,-0.0661312,-0.074732,-0.074732,-0.0749128
-110.476,-0.0654176,-0.0742759,-0.0742759,-0.0744634
-110.454,-0.0646878,-0.0738016,-0.0738016,-0.0739958
-110.431,-0.0639423,-0.0733092,-0.0733092,-0.0735099
-110.408,-0.063181,-0.0727988,-0.0727988,-0.073006
-110.385,-0.0624041,-0.0722705,-0.0722705,-0.0724842
-110.363,-0.061612,-0.0717244,-0.0717244,-0.0719445
-110.34,-0.0608047,-0.0711607,-0.0711607,-0.0713872
-110.317,-0.0599825,-0.0705796,-0.0705796,-0.0708124
-110.295,-0.0591456,-0.0699811,-0.0699811,-0.0702202
-110.272,-0.0582941,-0.0693654,-0.0693654,-0.0696107
-110.249,-0.0574283,-0.0687326,-0.0687326,-0.0689841
-110.227,-0.0565484,-0.068083,-0.068083,-0.0683406
-110.204,-0.0556546,-0.0674167,-0.0674167,-0.0676803
-110.181,-0.0547471,-0.0667337,-0.0667337,-0.0670034
-110.159,-0.0538262,-0.0660345,-0.0660345,-0.06631
-110.136,-0.0528921,-0.0653189,-0.0653189,-0.0656003
-110.113,-0.051945,-0.0645873,-0.0645873,-0.0648745
-110.091,-0.0509851,-0.0638399,-0.0638399,-0.0641328
-110.068,-0.0500127,-0.0630768,-0.0630768,-0.0633754
-110.045,-0.0490281,-0.0622982,-0.0622982,-0.0626023
-110.023,-0.0480313,-0.0615042,-0.0615042,-0.061814
-110,-0.0470228,-0.0606952,-0.0606952,-0.0610104
-109.977,-0.0460028,-0.0598712,-0.0598712,-0.0601918
-109.955,-0.0449714,-0.0590326,-0.0590326,-0.0593585
-109.932,-0.043929,-0.0581794,-0.0581794,-0.0585105
-109.909,-0.0428758,-0.057312,-0.057312,-0.0576482
-109.887,-0.041812,-0.0564304,-0.0564304,-0.0567718
-109.864,-0.040738,-0.0555351,-0.0555351,-0.0558814
-109.841,-0.039654,-0.054626,-0.054626,-0.0549773
-109.819,-0.0385603,-0.0537035,-0.0537035,-0.0540596
-109.796,-0.037457,-0.0527679,-0.0527679,-0.0531287
-109.773,-0.0363446,-0.0518193,-0.0518193,-0.0521848
-109.751,-0.0352233,-0.0508579,-0.0508579,-0.051228
-109.728,-0.0340933,-0.0498841,-0.0498841,-0.0502587
-109.705,-0.0329549,-0.048898,-0.048898,-0.049277
-109.683,-0.0318084,-0.0478999,-0.0478999,-0.0482832
-109.66,-0.0306542,-0.04689,-0.04689,-0.0472775
-109.637,-0.0294924,-0.0458686,-0.0458686,-0.0462603
-109.615,-0.0283233,-0.0448359,-0.0448359,-0.0452317
-109.592,-0.0271473,-0.0437922,-0.0437922,-0.0441919
-109.569,-0.0259646,-0.0427378,-0.0427378,-0.0431414
-109.546,-0.0247756,-0.0416728,-0.0416728,-0.0420802
-109.524,-0.0235804,-0.0405976,-0.0405976,-0.0410087
-109.501,-0.0223795,-0.0395125,-0.0395125,-0.0399271
-109.478,-0.0211731,-0.0384176,-0.0384176,-0.0388357
-109.456,-0.0199614,-0.0373133,-0.0373133,-0.0377348
-109.433,-0.0187449,-0.0361998,-0.0361998,-0.0366246
-109.41,-0.0175238,-0.0350775,-0.0350775,-0.0355054
-109.388,-0.0162983,-0.0339464,-0.0339464,-0.0343775
-109.365,-0.0150689,-0.0328071,-0.0328071,-0.0332411
-109.342,-0.0138357,-0.0316597,-0.0316597,-0.0320966
-109.32,-0.0125992,-0.0305046,-0.0305046,-0.0309442
-109.297,-0.0113595,-0.0293419,-0.0293419,-0.0297842
-109.274,-0.0101171,-0.028172,-0.028172,-0.0286169
-109.252,-0.00887221,-0.0269952,-0.0269952,-0.0274425
-109.229,-0.00762511,-0.0258118,-0.0258118,-0.0262615
-109.206,-0.00637615,-0.024622,-0.024622,-0.0250739
-109.184,-0.00512562,-0.0234262,-0.0234262,-0.0238803
-109.161,-0.00387383,-0.0222246,-0.0222246,-0.0226807
-109.138,-0.00262109,-0.0210175,-0.0210175,-0.0214756
-109.116,-0.0013677,-0.0198053,-0.0198053,-0.0202652
-109.093,-0.000113981,-0.0185882,-0.0185882,-0.0190498
-109.07,0.00113977,-0.0173666,-0.0173666,-0.0178298
-109.048,0.00239324,-0.0161407,-0.0161407,-0.0166053
-109.025,0.00364612,-0.0149108,-0.0149108,-0.0153768
-109.002,0.0048981,-0.0136772,-0.0136772,-0.0141446
-108.98,0.00614889,-0.0124403,-0.0124403,-0.0129088
-108.957,0.00739816,-0.0112003,-0.0112003,-0.0116699
-108.934,0.00864561,-0.00995761,-0.00995761,-0.0104281
-108.912,0.00989095,-0.00871241,-0.00871241,-0.00918374
-108.889,0.0111338,-0.00746509,-0.00746509,-0.00793713
-108.866,0.012374,-0.00621592,-0.00621592,-0.00668858
-108.844,0.0136111,-0.00496525,-0.00496525,-0.0054384
-108.821,0.0148449,-0.00371332,-0.00371332,-0.00418686
-108.798,0.0160751,-0.00246051,-0.00246051,-0.00293431
-108.776,0.0173013,-0.00120707,-0.00120707,-0.00168103
-108.753,0.0185232,4.66668e-05,4.66668e-05,-0.00042734
-108.73,0.0197406,0.0013004,0.0013004,0.00082644
-108.707,0.0209531,0.00255382,0.00255382,0.00208004
-108.685,0.0221605,0.0038066,0.0038066,0.00333311
-108.662,0.0233625,0.00505846,0.00505846,0.00458537
-108.639,0.0245587,0.00630907,0.00630907,0.00583649
-108.617,0.0257489,0.00755814,0.00755814,0.00708619
-108.594,0.0269327,0.00880536,0.00880536,0.00833415
-108.571,0.02811,0.0100504,0.0100504,0.00958005
-108.549,0.0292803,0.011293,0.011293,0.0108236
-108.526,0.0304435,0.0125328,0.0125328,0.0120645
-108.503,0.0315991,0.0137696,0.0137696,0.0133024
-108.481,0.0327471,0.0150029,0.0150029,0.0145371
-108.458,0.0338869,0.0162326,0.0162326,0.0157682
-108.435,0.0350185,0.0174583,0.0174583,0.0169954
-108.413,0.0361414,0.0186797,0.0186797,0.0182184
-108.39,0.0372555,0.0198966,0.0198966,0.019437
-108.367,0.0383604,0.0211085,0.0211085,0.0206508
-108.345,0.0394559,0.0223153,0.0223153,0.0218595
-108.322,0.0405417,0.0235166,0.0235166,0.0230628
-108.299,0.0416175,0.0247121,0.0247121,0.0242605
-108.277,0.0426831,0.0259016,0.0259016,0.0254522
-108.254,0.0437383,0.0270847,0.0270847,0.0266377
-108.231,0.0447827,0.0282611,0.0282611,0.0278166
-108.209,0.0458161,0.0294306,0.0294306,0.0289887
-108.186,0.0468382,0.0305929,0.0305929,0.0301537
-108.163,0.0478488,0.0317476,0.0317476,0.0313113
-108.141,0.0488477,0.0328946,0.0328946,0.0324612
-108.118,0.0498346,0.0340335,0.0340335,0.033603
-108.095,0.0508093,0.0351641,0.0351641,0.0347367
-108.073,0.0517714,0.036286,0.036286,0.0358618
-108.05,0.0527209,0.037399,0.037399,0.0369781
-108.027,0.0536574,0.0385028,0.0385028,0.0380853
-108.005,0.0545807,0.0395972,0.0395972,0.0391832
-107.982,0.0554906,0.0406818,0.0406818,0.0402714
-107.959,0.0563869,0.0417565,0.0417565,0.0413498
-107.937,0.0572693,0.0428209,0.0428209,0.042418
-107.914,0.0581377,0.0438747,0.0438747,0.0434757
-107.891,0.0589918,0.0449178,0.0449178,0.0445228
-107.868,0.0598314,0.0459499,0.0459499,0.045559
-107.846,0.0606563,0.0469707,0.0469707,0.046584
-107.823,0.0614663,0.04798,0.04798,0.0475975
-107.8,0.0622612,0.0489775,0.0489775,0.0485993
-107.778,0.0630409,0.0499629,0.0499629,0.0495892
-107.755,0.063805,0.0509361,0.0509361,0.0505669
-107.732,0.0645535,0.0518968,0.0518968,0.0515322
-107.71,0.0652861,0.0528448,0.0528448,0.0524848
-107.687,0.0660026,0.0537797,0.0537797,0.0534246
-107.664,0.066703,0.0547015,0.0547015,0.0543512
-107.642,0.067387,0.0556098,0.0556098,0.0552645
-107.619,0.0680544,0.0565045,0.0565045,0.0561642
-107.596,0.0687051,0.0573853,0.0573853,0.0570501
-107.574,0.069339,0.058252,0.058252,0.0579219
-107.551,0.0699558,0.0591044,0.0591044,0.0587796
-107.528,0.0705554,0.0599422,0.0599422,0.0596228
-107.506,0.0711377,0.0607654,0.0607654,0.0604514
-107.483,0.0717025,0.0615737,0.0615737,0.0612651
-107.46,0.0722497,0.0623668,0.0623668,0.0620638
-107.438,0.0727792,0.0631446,0.0631446,0.0628472
-107.415,0.0732908,0.0639069,0.0639069,0.0636153
-107.392,0.0737843,0.0646535,0.0646535,0.0643676
-107.37,0.0742598,0.0653842,0.0653842,0.0651042
-107.347,0.074717,0.0660989,0.0660989,0.0658248
-107.324,0.0751559,0.0667973,0.0667973,0.0665292
-107.302,0.0755763,0.0674794,0.0674794,0.0672172
-107.279,0.0759782,0.0681448,0.0681448,0.0678888
-107.256,0.0763614,0.0687936,0.0687936,0.0685436
-107.234,0.0767258,0.0694254,0.0694254,0.0691817
-107.211,0.0770714,0.0700402,0.0700402,0.0698027
-107.188,0.077398,0.0706378,0.0706378,0.0704066
-107.166,0.0777057,0.0712181,0.0712181,0.0709932
-107.143,0.0779942,0.0717808,0.0717808,0.0715624
-107.12,0.0782636,0.0723259,0.0723259,0.072114
-107.098,0.0785138,0.0728533,0.0728533,0.0726479
-107.075,0.0787447,0.0733628,0.0733628,0.0731639
-107.052,0.0789563,0.0738543,0.0738543,0.073662
-107.029,0.0791484,0.0743276,0.0743276,0.0741419
-107.007,0.0793212,0.0747826,0.0747826,0.0746037
-106.984,0.0794744,0.0752194,0.0752194,0.0750471
-106.961,0.0796081,0.0756376,0.0756376,0.0754721
-106.939,0.0797223,0.0760372,0.0760372,0.0758786
-106.916,0.0798169,0.0764182,0.0764182,0.0762664
-106.893,0.0798918,0.0767805,0.0767805,0.0766355
-106.871,0.0799472,0.0771238,0.0771238,0.0769858
-106.848,0.0799829,0.0774482,0.0774482,0.0773171
-106.825,0.079999,0.0777536,0.0777536,0.0776295
-106.803,0.0799954,0.07804,0.07804,0.0779228
-106.78,0.0799722,0.0783071,0.0783071,0.078197
-106.757,0.0799294,0.078555,0.078555,0.0784519
-106.735,0.0798669,0.0787836,0.0787836,0.0786876
-106.712,0.0797847,0.0789929,0.0789929,0.078904
-106.689,0.079683,0.0791828,0.0791828,0.079101
-106.667,0.0795618,0.0793532,0.0793532,0.0792785
-106.644,0.0794209,0.0795042,0.0795042,0.0794366
-106.621,0.0792606,0.0796356,0.0796356,0.0795752
-106.599,0.0790808,0.0797475,0.0797475,0.0796942
-106.576,0.0788816,0.0798397,0.0798397,0.0797936
-106.553,0.078663,0.0799124,0.0799124,0.0798735
-106.531,0.0784251,0.0799655,0.0799655,0.0799337
-106.508,0.0781679,0.0799989,0.0799989,0.0799743
-106.485,0.0778915,0.0800126,0.0800126,0.0799952
-106.463,0.077596,0.0800068,0.0800068,0.0799965
-106.44,0.0772814,0.0799812,0.0799812,0.0799782
-106.417,0.0769479,0.0799361,0.0799361,0.0799402
-106.395,0.0765954,0.0798713,0.0798713,0.0798826
-106.372,0.0762242,0.0797868,0.0797868,0.0798053
-106.349,0.0758342,0.0796828,0.0796828,0.0797085
-106.327,0.0754256,0.0795593,0.0795593,0.079592
-106.304,0.0749984,0.0794161,0.0794161,0.079456
-106.281,0.0745529,0.0792535,0.0792535,0.0793006
-106.259,0.074089,0.0790714,0.0790714,0.0791256
-106.236,0.0736069,0.0788699,0.0788699,0.0789312
-106.213,0.0731068,0.0786491,0.0786491,0.0787174
-106.19,0.0725887,0.0784089,0.0784089,0.0784843
-106.168,0.0720528,0.0781494,0.0781494,0.0782319
-106.145,0.0714991,0.0778708,0.0778708,0.0779602
-106.122,0.0709279,0.077573,0.077573,0.0776695
-106.1,0.0703393,0.0772562,0.0772562,0.0773596
-106.077,0.0697334,0.0769205,0.0769205,0.0770308
-106.054,0.0691104,0.0765658,0.0765658,0.076683
-106.032,0.0684704,0.0761923,0.0761923,0.0763164
-106.009,0.0678136,0.0758001,0.0758001,0.075931
-105.986,0.0671402,0.0753893,0.0753893,0.075527
-105.964,0.0664502,0.07496,0.07496,0.0751045
-105.941,0.0657439,0.0745123,0.0745123,0.0746635
-105.918,0.0650215,0.0740463,0.0740463,0.0742042
-105.896,0.0642831,0.0735621,0.0735621,0.0737266
-105.873,0.0635289,0.0730599,0.0730599,0.0732309
-105.85,0.0627591,0.0725396,0.0725396,0.0727173
-105.828,0.0619739,0.0720016,0.0720016,0.0721857
-105.805,0.0611735,0.0714459,0.0714459,0.0716365
-105.782,0.0603581,0.0708727,0.0708727,0.0710697
-105.76,0.0595278,0.070282,0.070282,0.0704854
-105.737,0.0586829,0.0696741,0.0696741,0.0698837
-105.714,0.0578236,0.0690491,0.0690491,0.069265
-105.692,0.0569501,0.0684071,0.0684071,0.0686292
-105.669,0.0560626,0.0677483,0.0677483,0.0679765
-105.646,0.0551613,0.0670729,0.0670729,0.0673072
-105.624,0.0542465,0.066381,0.066381,0.0666213
-105.601,0.0533183,0.0656728,0.0656728,0.0659191
-105.578,0.0523771,0.0649485,0.0649485,0.0652006
-105.556,0.051423,0.0642083,0.0642083,0.0644662
-105.533,0.0504563,0.0634522,0.0634522,0.0637159
-105.51,0.0494771,0.0626806,0.0626806,0.06295
-105.488,0.0484859,0.0618936,0.0618936,0.0621686
-105.465,0.0474827,0.0610914,0.0610914,0.0613719
-105.442,0.0464678,0.0602742,0.0602742,0.0605602
-105.42,0.0454416,0.0594422,0.0594422,0.0597336
-105.397,0.0444041,0.0585956,0.0585956,0.0588923
-105.374,0.0433558,0.0577346,0.0577346,0.0580366
-105.351,0.0422968,0.0568594,0.0568594,0.0571666
-105.329,0.0412275,0.0559703,0.0559703,0.0562825
-105.306,0.040148,0.0550674,0.0550674,0.0553847
-105.283,0.0390586,0.054151,0.054151,0.0544732
-105.261,0.0379597,0.0532213,0.0532213,0.0535483
-105.238,0.0368514,0.0522786,0.0522786,0.0526104
-105.215,0.0357341,0.051323,0.051323,0.0516594
-105.193,0.034608,0.0503548,0.0503548,0.0506958
-105.17,0.0334734,0.0493742,0.0493742,0.0497197
-105.147,0.0323305,0.0483815,0.0483815,0.0487315
-105.125,0.0311798,0.0473769,0.0473769,0.0477312
-105.102,0.0300214,0.0463607,0.0463607,0.0467193
-105.079,0.0288556,0.0453331,0.0453331,0.0456958
-105.057,0.0276827,0.0442944,0.0442944,0.0446611
-105.034,0.026503,0.0432448,0.0432448,0.0436155
-105.011,0.0253168,0.0421846,0.0421846,0.0425592
-104.989,0.0241244,0.041114,0.041114,0.0414924
-104.966,0.0229261,0.0400333,0.0400333,0.0404154
-104.943,0.0217221,0.0389428,0.0389428,0.0393284
-104.921,0.0205128,0.0378428,0.0378428,0.0382319
-104.898,0.0192984,0.0367334,0.0367334,0.0371259
-104.875,0.0180794,0.0356151,0.0356151,0.0360108
-104.853,0.0168558,0.0344879,0.0344879,0.0348869
-104.83,0.0156282,0.0333524,0.0333524,0.0337543
-104.807,0.0143967,0.0322086,0.0322086,0.0326136
-104.785,0.0131616,0.0310569,0.0310569,0.0314647
-104.762,0.0119234,0.0298976,0.0298976,0.0303082
-104.739,0.0106822,0.0287309,0.0287309,0.0291442
-104.717,0.00943836,0.0275572,0.0275572,0.0279731
-104.694,0.00819222,0.0263768,0.0263768,0.0267951
-104.671,0.00694407,0.0251898,0.0251898,0.0256105
-104.649,0.00569422,0.0239967,0.0239967,0.0244197
-104.626,0.00444296,0.0227977,0.0227977,0.0232228
-104.603,0.00319061,0.0215931,0.0215931,0.0220202
-104.58,0.00193748,0.0203832,0.0203832,0.0208122
-104.558,0.000683876,0.0191682,0.0191682,0.0195991
-104.535,-0.000569899,0.0179486,0.0179486,0.0183812
-104.512,-0.00182353,0.0167246,0.0167246,0.0171588
-104.49,-0.00307672,0.0154965,0.0154965,0.0159321
-104.467,-0.00432915,0.0142645,0.0142645,0.0147016
-104.444,-0.00558052,0.0130291,0.0130291,0.0134674
-104.422,-0.00683051,0.0117904,0.0117904,0.0122299
-104.399,-0.00807883,0.0105489,0.0105489,0.0109895
-104.376,-0.00932517,0.00930479,0.00930479,0.00974628
-104.354,-0.0105692,0.00805841,0.00805841,0.00850072
-104.331,-0.0118107,0.00681004,0.00681004,0.00725305
-104.308,-0.0130492,0.00555998,0.00555998,0.00600363
-104.286,-0.0142846,0.00430858,0.00430858,0.00475271
-104.263,-0.0155164,0.00305613,0.00305613,0.00350063
-104.24,-0.0167444,0.00180292,0.00180292,0.0022477
-104.218,-0.0179683,0.000549272,0.000549272,0.000994205
-104.195,-0.0191878,-0.000704514,-0.000704514,-0.000259532
-104.172,-0.0204026,-0.00195811,-0.00195811,-0.0015132
-104.15,-0.0216124,-0.00321124,-0.00321124,-0.0027665
-104.127,-0.0228168,-0.00446355,-0.00446355,-0.00401911
-104.104,-0.0240157,-0.00571479,-0.00571479,-0.00527076
-104.082,-0.0252087,-0.00696461,-0.00696461,-0.00652108
-104.059,-0.0263954,-0.00821271,-0.00821271,-0.00776982
-104.036,-0.0275757,-0.0094588,-0.0094588,-0.00901665
-104.014,-0.0287492,-0.0107026,-0.0107026,-0.0102612
-103.991,-0.0299157,-0.0119437,-0.0119437,-0.0115033
-103.968,-0.0310748,-0.0131819,-0.0131819,-0.0127426
-103.946,-0.0322263,-0.0144168,-0.0144168,-0.0139787
-103.923,-0.0333698,-0.0156483,-0.0156483,-0.0152114
-103.9,-0.0345052,-0.0168758,-0.0168758,-0.0164404
-103.878,-0.0356321,-0.0180992,-0.0180992,-0.0176653
-103.855,-0.0367502,-0.0193182,-0.0193182,-0.0188859
-103.832,-0.0378593,-0.0205324,-0.0205324,-0.0201019
-103.81,-0.0389591,-0.0217416,-0.0217416,-0.0213129
-103.787,-0.0400493,-0.0229454,-0.0229454,-0.0225187
-103.764,-0.0411297,-0.0241436,-0.0241436,-0.0237189
-103.741,-0.0422,-0.0253359,-0.0253359,-0.0249133
-103.719,-0.04326,-0.0265219,-0.0265219,-0.0261016
-103.696,-0.0443093,-0.0277014,-0.0277014,-0.0272835
-103.673,-0.0453477,-0.0288741,-0.0288741,-0.0284587
-103.651,-0.046375,-0.0300397,-0.0300397,-0.0296269
-103.628,-0.0473909,-0.031198,-0.031198,-0.0307878
-103.605,-0.0483952,-0.0323485,-0.0323485,-0.0319411
-103.583,-0.0493875,-0.0334911,-0.0334911,-0.0330866
-103.56,-0.0503678,-0.0346255,-0.0346255,-0.034224
-103.537,-0.0513356,-0.0357514,-0.0357514,-0.035353
-103.515,-0.0522909,-0.0368685,-0.0368685,-0.0364733
-103.492,-0.0532333,-0.0379765,-0.0379765,-0.0375846
-103.469,-0.0541627,-0.0390752,-0.0390752,-0.0386867
-103.447,-0.0550787,-0.0401643,-0.0401643,-0.0397793
-103.424,-0.0559812,-0.0412436,-0.0412436,-0.0408621
-103.401,-0.05687,-0.0423126,-0.0423126,-0.0419349
-103.379,-0.0577448,-0.0433714,-0.0433714,-0.0429974
-103.356,-0.0586054,-0.0444194,-0.0444194,-0.0440493
-103.333,-0.0594516,-0.0454566,-0.0454566,-0.0450904
-103.311,-0.0602832,-0.0464825,-0.0464825,-0.0461205
-103.288,-0.0611,-0.0474971,-0.0474971,-0.0471392
-103.265,-0.0619018,-0.0485,-0.0485,-0.0481463
-103.243,-0.0626884,-0.0494909,-0.0494909,-0.0491416
-103.22,-0.0634596,-0.0504697,-0.0504697,-0.0501248
-103.197,-0.0642152,-0.0514361,-0.0514361,-0.0510957
-103.175,-0.064955,-0.0523899,-0.0523899,-0.0520541
-103.152,-0.0656789,-0.0533308,-0.0533308,-0.0529997
-103.129,-0.0663867,-0.0542586,-0.0542586,-0.0539322
-103.107,-0.0670781,-0.0551731,-0.0551731,-0.0548516
-103.084,-0.0677531,-0.056074,-0.056074,-0.0557574
-103.061,-0.0684114,-0.0569611,-0.0569611,-0.0566496
-103.039,-0.0690529,-0.0578343,-0.0578343,-0.0575278
-103.016,-0.0696775,-0.0586932,-0.0586932,-0.0583919
-102.993,-0.070285,-0.0595377,-0.0595377,-0.0592416
-102.971,-0.0708752,-0.0603676,-0.0603676,-0.0600768
-102.948,-0.0714479,-0.0611827,-0.0611827,-0.0608973
-102.925,-0.0720032,-0.0619827,-0.0619827,-0.0617028
-102.902,-0.0725407,-0.0627675,-0.0627675,-0.0624931
-102.88,-0.0730604,-0.0635369,-0.0635369,-0.0632681
-102.857,-0.0735622,-0.0642907,-0.0642907,-0.0640275
-102.834,-0.0740459,-0.0650287,-0.0650287,-0.0647712
-102.812,-0.0745115,-0.0657507,-0.0657507,-0.065499
-102.789,-0.0749587,-0.0664565,-0.0664565,-0.0662108
-102.766,-0.0753875,-0.067146,-0.067146,-0.0669062
-102.744,-0.0757978,-0.0678191,-0.0678191,-0.0675853
-102.721,-0.0761895,-0.0684754,-0.0684754,-0.0682477
-102.698,-0.0765625,-0.069115,-0.069115,-0.0688933
-102.676,-0.0769166,-0.0697376,-0.0697376,-0.069522
-102.653,-0.0772519,-0.070343,-0.070343,-0.0701337
-102.63,-0.0775682,-0.0709312,-0.0709312,-0.0707281
-102.608,-0.0778654,-0.0715019,-0.0715019,-0.0713052
-102.585,-0.0781436,-0.0720551,-0.0720551,-0.0718648
-102.562,-0.0784025,-0.0725905,-0.0725905,-0.0724066
-102.54,-0.0786422,-0.0731082,-0.0731082,-0.0729307
-102.517,-0.0788625,-0.0736078,-0.0736078,-0.0734369
-102.494,-0.0790635,-0.0740894,-0.0740894,-0.0739251
-102.472,-0.0792451,-0.0745528,-0.0745528,-0.0743951
-102.449,-0.0794072,-0.0749979,-0.0749979,-0.0748468
-102.426,-0.0795498,-0.0754245,-0.0754245,-0.0752802
-102.404,-0.0796728,-0.0758327,-0.0758327,-0.075695
-102.381,-0.0797763,-0.0762222,-0.0762222,-0.0760913
-102.358,-0.0798602,-0.076593,-0.076593,-0.0764688
-102.336,-0.0799245,-0.0769449,-0.0769449,-0.0768276
-102.313,-0.0799691,-0.077278,-0.077278,-0.0771675
-102.29,-0.0799941,-0.077592,-0.077592,-0.0774885
-102.268,-0.0799995,-0.077887,-0.077887,-0.0777904
-102.245,-0.0799852,-0.0781629,-0.0781629,-0.0780732
-102.222,-0.0799513,-0.0784196,-0.0784196,-0.0783368
-102.2,-0.0798977,-0.078657,-0.078657,-0.0785812
-102.177,-0.0798245,-0.0788751,-0.0788751,-0.0788063
-102.154,-0.0797317,-0.0790738,-0.0790738,-0.0790121
-102.132,-0.0796193,-0.0792531,-0.0792531,-0.0791984
-102.109,-0.0794874,-0.0794129,-0.0794129,-0.0793653
-102.086,-0.0793359,-0.0795532,-0.0795532,-0.0795126
-102.063,-0.0791649,-0.079674,-0.079674,-0.0796405
-102.041,-0.0789745,-0.0797752,-0.0797752,-0.0797488
-102.018,-0.0787647,-0.0798568,-0.0798568,-0.0798375
-101.995,-0.0785356,-0.0799188,-0.0799188,-0.0799066
-101.973,-0.0782872,-0.0799611,-0.0799611,-0.0799561
-101.95,-0.0780195,-0.0799838,-0.0799838,-0.0799858
-101.927,-0.0777327,-0.0799869,-0.0799869,-0.0799961
-101.905,-0.0774268,-0.0799703,-0.0799703,-0.0799866
-101.882,-0.0771018,-0.0799341,-0.0799341,-0.0799575
-101.859,-0.076758,-0.0798782,-0.0798782,-0.0799087
-101.837,-0.0763953,-0.0798027,-0.0798027,-0.0798403
-101.814,-0.0760138,-0.0797076,-0.0797076,-0.0797523
-101.791,-0.0756136,-0.0795929,-0.0795929,-0.0796447
-101.769,-0.0751949,-0.0794587,-0.0794587,-0.0795176
-101.746,-0.0747577,-0.0793049,-0.0793049,-0.0793709
-101.723,-0.0743021,-0.0791317,-0.0791317,-0.0792047
-101.701,-0.0738283,-0.0789391,-0.0789391,-0.0790191
-101.678,-0.0733364,-0.078727,-0.078727,-0.078814
-101.655,-0.0728264,-0.0784956,-0.0784956,-0.0785896
-101.633,-0.0722986,-0.0782449,-0.0782449,-0.0783459
-101.61,-0.071753,-0.077975,-0.077975,-0.078083
-101.587,-0.0711897,-0.0776859,-0.0776859,-0.0778008
-101.565,-0.070609,-0.0773778,-0.0773778,-0.0774996
-101.542,-0.070011,-0.0770506,-0.0770506,-0.0771793
-101.519,-0.0693957,-0.0767045,-0.0767045,-0.0768401
-101.497,-0.0687634,-0.0763396,-0.0763396,-0.0764819
-101.474,-0.0681143,-0.0759559,-0.0759559,-0.0761051
-101.451,-0.0674483,-0.0755536,-0.0755536,-0.0757095
-101.429,-0.0667659,-0.0751327,-0.0751327,-0.0752953
-101.406,-0.066067,-0.0746934,-0.0746934,-0.0748626
-101.383,-0.0653519,-0.0742357,-0.0742357,-0.0744115
-101.361,-0.0646207,-0.0737597,-0.0737597,-0.0739422
-101.338,-0.0638737,-0.0732657,-0.0732657,-0.0734546
-101.315,-0.063111,-0.0727536,-0.0727536,-0.0729491
-101.293,-0.0623327,-0.0722237,-0.0722237,-0.0724256
-101.27,-0.0615392,-0.071676,-0.071676,-0.0718843
-101.247,-0.0607306,-0.0711107,-0.0711107,-0.0713255
-101.224,-0.059907,-0.070528,-0.070528,-0.070749
-101.202,-0.0590687,-0.0699279,-0.0699279,-0.0701552
-101.179,-0.058216,-0.0693107,-0.0693107,-0.0695441
-101.156,-0.0573489,-0.0686764,-0.0686764,-0.068916
-101.134,-0.0564677,-0.0680252,-0.0680252,-0.0682709
-101.111,-0.0555727,-0.0673574,-0.0673574,-0.0676091
-101.088,-0.054664,-0.066673,-0.066673,-0.0669307
-101.066,-0.0537419,-0.0659722,-0.0659722,-0.0662358
-101.043,-0.0528066,-0.0652552,-0.0652552,-0.0655246
-101.02,-0.0518583,-0.0645222,-0.0645222,-0.0647974
-100.998,-0.0508973,-0.0637733,-0.0637733,-0.0640542
-100.975,-0.0499237,-0.0630087,-0.0630087,-0.0632953
-100.952,-0.0489379,-0.0622287,-0.0622287,-0.0625209
-100.93,-0.0479401,-0.0614334,-0.0614334,-0.0617311
-100.907,-0.0469306,-0.060623,-0.060623,-0.0609261
-100.884,-0.0459095,-0.0597977,-0.0597977,-0.0601062
-100.862,-0.0448771,-0.0589577,-0.0589577,-0.0592715
-100.839,-0.0438337,-0.0581033,-0.0581033,-0.0584222
-100.816,-0.0427795,-0.0572345,-0.0572345,-0.0575586
-100.794,-0.0417148,-0.0563517,-0.0563517,-0.0566809
-100.771,-0.0406399,-0.0554551,-0.0554551,-0.0557892
-100.748,-0.039555,-0.0545448,-0.0545448,-0.0548838
-100.726,-0.0384604,-0.0536211,-0.0536211,-0.053965
-100.703,-0.0373563,-0.0526843,-0.0526843,-0.0530329
-100.68,-0.0362431,-0.0517345,-0.0517345,-0.0520877
-100.658,-0.0351209,-0.050772,-0.050772,-0.0511298
-100.635,-0.0339901,-0.0497971,-0.0497971,-0.0501593
-100.612,-0.032851,-0.0488098,-0.0488098,-0.0491765
-100.59,-0.0317038,-0.0478107,-0.0478107,-0.0481816
-100.567,-0.0305488,-0.0467997,-0.0467997,-0.0471749
-100.544,-0.0293864,-0.0457773,-0.0457773,-0.0461566
-100.522,-0.0282167,-0.0447436,-0.0447436,-0.0451269
-100.499,-0.02704,-0.0436989,-0.0436989,-0.0440862
-100.476,-0.0258568,-0.0426435,-0.0426435,-0.0430346
-100.454,-0.0246672,-0.0415776,-0.0415776,-0.0419725
-100.431,-0.0234715,-0.0405015,-0.0405015,-0.0409
-100.408,-0.02227,-0.0394155,-0.0394155,-0.0398175
-100.385,-0.0210631,-0.0383197,-0.0383197,-0.0387252
-100.363,-0.019851,-0.0372146,-0.0372146,-0.0376234
-100.34,-0.0186341,-0.0361003,-0.0361003,-0.0365124
-100.317,-0.0174125,-0.0349771,-0.0349771,-0.0353924
-100.295,-0.0161867,-0.0338453,-0.0338453,-0.0342637
-100.272,-0.0149569,-0.0327053,-0.0327053,-0.0331266
-100.249,-0.0137234,-0.0315571,-0.0315571,-0.0319813
-100.227,-0.0124866,-0.0304013,-0.0304013,-0.0308282
-100.204,-0.0112467,-0.0292379,-0.0292379,-0.0296675
-100.181,-0.010004,-0.0280674,-0.0280674,-0.0284995
-100.159,-0.00875892,-0.02689,-0.02689,-0.0273246
-100.136,-0.00751164,-0.025706,-0.025706,-0.0261429
-100.113,-0.00626252,-0.0245156,-0.0245156,-0.0249548
-100.091,-0.00501187,-0.0233193,-0.0233193,-0.0237605
-100.068,-0.00375998,-0.0221172,-0.0221172,-0.0225605
-100.045,-0.00250716,-0.0209097,-0.0209097,-0.0213548
-100.023,-0.00125374,-0.019697,-0.019697,-0.020144
-100,2.0392e-15,-0.0184795,-0.0184795,-0.0189282
-99.9773,0.00125374,-0.0172574,-0.0172574,-0.0177077
-99.9546,0.00250716,-0.0160311,-0.0160311,-0.0164829
-99.932,0.00375998,-0.0148009,-0.0148009,-0.015254
-99.9093,0.00501187,-0.013567,-0.013567,-0.0140214
-99.8866,0.00626252,-0.0123298,-0.0123298,-0.0127853
-99.8639,0.00751164,-0.0110896,-0.0110896,-0.0115461
-99.8413,0.00875892,-0.00984659,-0.00984659,-0.0103041
-99.8186,0.010004,-0.0086012,-0.0086012,-0.0090595
-99.7959,0.0112467,-0.0073537,-0.0073537,-0.00781268
-99.7732,0.0124866,-0.0061044,-0.0061044,-0.00656396
-99.7506,0.0137234,-0.00485358,-0.00485358,-0.00531362
-99.7279,0.0149569,-0.00360157,-0.00360157,-0.00406198
-99.7052,0.0161867,-0.00234868,-0.00234868,-0.00280934
-99.6825,0.0174125,-0.00109521,-0.00109521,-0.001556
-99.6599,0.0186341,0.000158558,0.000158558,-0.000302298
-99.6372,0.019851,0.00141225,0.00141225,0.000951505
-99.6145,0.0210631,0.00266562,0.00266562,0.00220507
-99.5918,0.02227,0.00391834,0.00391834,0.00345809
-99.5692,0.0234715,0.0051701,0.0051701,0.00471026
-99.5465,0.0246672,0.00642058,0.00642058,0.00596128
-99.5238,0.0258568,0.0076695,0.0076695,0.00721084
-99.5011,0.02704,0.00891653,0.00891653,0.00845863
-99.4785,0.0282167,0.0101614,0.0101614,0.00970433
-99.4558,0.0293864,0.0114037,0.0114037,0.0109477
-99.4331,0.0305488,0.0126433,0.0126433,0.0121883
-99.4104,0.0317038,0.0138797,0.0138797,0.013426
-99.3878,0.032851,0.0151128,0.0151128,0.0146603
-99.3651,0.0339901,0.0163421,0.0163421,0.0158911
-99.3424,0.0351209,0.0175674,0.0175674,0.0171179
-99.3197,0.0362431,0.0187884,0.0187884,0.0183406
-99.2971,0.0373563,0.0200049,0.0200049,0.0195587
-99.2744,0.0384604,0.0212164,0.0212164,0.0207721
-99.2517,0.039555,0.0224226,0.0224226,0.0219803
-99.229,0.0406399,0.0236234,0.0236234,0.0231832
-99.2063,0.0417148,0.0248184,0.0248184,0.0243803
-99.1837,0.0427795,0.0260073,0.0260073,0.0255715
-99.161,0.0438337,0.0271898,0.0271898,0.0267564
-99.1383,0.0448771,0.0283656,0.0283656,0.0279347
-99.1156,0.0459095,0.0295345,0.0295345,0.0291061
-99.093,0.0469306,0.0306961,0.0306961,0.0302705
-99.0703,0.0479401,0.0318501,0.0318501,0.0314274
-99.0476,0.0489379,0.0329964,0.0329964,0.0325765
-99.0249,0.0499237,0.0341346,0.0341346,0.0337177
-99.0023,0.0508973,0.0352643,0.0352643,0.0348506
-98.9796,0.0518583,0.0363854,0.0363854,0.0359749
-98.9569,0.0528066,0.0374976,0.0374976,0.0370904
-98.9342,0.0537419,0.0386006,0.0386006,0.0381968
-98.9116,0.054664,0.0396941,0.0396941,0.0392938
-98.8889,0.0555727,0.0407778,0.0407778,0.0403811
-98.8662,0.0564677,0.0418515,0.0418515,0.0414586
-98.8435,0.0573489,0.042915,0.042915,0.0425258
-98.8209,0.058216,0.0439679,0.0439679,0.0435826
-98.7982,0.0590687,0.04501,0.04501,0.0446287
-98.7755,0.059907,0.0460411,0.0460411,0.0456639
-98.7528,0.0607306,0.0470609,0.0470609,0.0466878
-98.7302,0.0615392,0.0480691,0.0480691,0.0477003
-98.7075,0.0623327,0.0490655,0.0490655,0.0487011
-98.6848,0.063111,0.0500498,0.0500498,0.0496899
-98.6621,0.0638737,0.0510219,0.0510219,0.0506665
-98.6395,0.0646207,0.0519814,0.0519814,0.0516306
-98.6168,0.0653519,0.0529282,0.0529282,0.0525821
-98.5941,0.066067,0.053862,0.053862,0.0535207
-98.5714,0.0667659,0.0547825,0.0547825,0.0544461
-98.5488,0.0674483,0.0556896,0.0556896,0.0553581
-98.5261,0.0681143,0.056583,0.056583,0.0562566
-98.5034,0.0687634,0.0574626,0.0574626,0.0571412
-98.4807,0.0693957,0.058328,0.058328,0.0580118
-98.458,0.070011,0.059179,0.059179,0.0588681
-98.4354,0.070609,0.0600156,0.0600156,0.05971
-98.4127,0.0711897,0.0608374,0.0608374,0.0605373
-98.39,0.071753,0.0616443,0.0616443,0.0613496
-98.3673,0.0722986,0.062436,0.062436,0.0621469
-98.3447,0.0728264,0.0632124,0.0632124,0.062929
-98.322,0.0733364,0.0639733,0.0639733,0.0636956
-98.2993,0.0738283,0.0647185,0.0647185,0.0644465
-98.2766,0.0743021,0.0654478,0.0654478,0.0651816
-98.254,0.0747577,0.066161,0.066161,0.0659007
-98.2313,0.0751949,0.0668579,0.0668579,0.0666037
-98.2086,0.0756136,0.0675385,0.0675385,0.0672902
-98.1859,0.0760138,0.0682024,0.0682024,0.0679603
-98.1633,0.0763953,0.0688496,0.0688496,0.0686136
-98.1406,0.076758,0.0694799,0.0694799,0.0692501
-98.1179,0.0771018,0.0700932,0.0700932,0.0698696
-98.0952,0.0774268,0.0706892,0.0706892,0.0704719
-98.0726,0.0777327,0.0712678,0.0712678,0.0710569
-98.0499,0.0780195,0.071829,0.071829,0.0716245
-98.0272,0.0782872,0.0723725,0.0723725,0.0721745
-98.0045,0.0785356,0.0728983,0.0728983,0.0727068
-97.9819,0.0787647,0.0734061,0.0734061,0.0732212
-97.9592,0.0789745,0.0738959,0.0738959,0.0737176
-97.9365,0.0791649,0.0743676,0.0743676,0.0741959
-97.9138,0.0793359,0.074821,0.074821,0.074656
-97.8912,0.0794874,0.075256,0.075256,0.0750978
-97.8685,0.0796193,0.0756726,0.0756726,0.0755211
-97.8458,0.0797317,0.0760706,0.0760706,0.0759258
-97.8231,0.0798245,0.0764498,0.0764498,0.076312
-97.8005,0.0798977,0.0768103,0.0768103,0.0766793
-97.7778,0.0799513,0.077152,0.077152,0.0770279
-97.7551,0.0799852,0.0774747,0.0774747,0.0773575
-97.7324,0.0799995,0.0777784,0.0777784,0.0776682
-97.7098,0.0799941,0.0780629,0.0780629,0.0779597
-97.6871,0.0799691,0.0783284,0.0783284,0.0782321
-97.6644,0.0799245,0.0785745,0.0785745,0.0784853
-97.6417,0.0798602,0.0788014,0.0788014,0.0787193
-97.619,0.0797763,0.0790089,0.0790089,0.0789339
-97.5964,0.0796728,0.079197,0.079197,0.0791291
-97.5737,0.0795498,0.0793657,0.0793657,0.0793049
-97.551,0.0794072,0.0795149,0.0795149,0.0794611
-97.5283,0.0792451,0.0796445,0.0796445,0.0795979
-97.5057,0.0790635,0.0797546,0.0797546,0.0797152
-97.483,0.0788625,0.0798451,0.0798451,0.0798128
-97.4603,0.0786422,0.079916,0.079916,0.0798909
-97.4376,0.0784025,0.0799672,0.0799672,0.0799493
-97.415,0.0781436,0.0799989,0.0799989,0.0799881
-97.3923,0.0778654,0.0800108,0.0800108,0.0800073
-97.3696,0.0775682,0.0800032,0.0800032,0.0800068
-97.3469,0.0772519,0.0799759,0.0799759,0.0799866
-97.3243,0.0769166,0.0799289,0.0799289,0.0799469
-97.3016,0.0765625,0.0798623,0.0798623,0.0798874
-97.2789,0.0761895,0.0797761,0.0797761,0.0798084
-97.2562,0.0757978,0.0796703,0.0796703,0.0797098
-97.2336,0.0753875,0.079545,0.079545,0.0795915
-97.2109,0.0749587,0.0794001,0.0794001,0.0794538
-97.1882,0.0745115,0.0792357,0.0792357,0.0792965
-97.1655,0.0740459,0.0790518,0.0790518,0.0791198
-97.1429,0.0735622,0.0788486,0.0788486,0.0789236
-97.1202,0.0730604,0.0786259,0.0786259,0.078708
-97.0975,0.0725407,0.078384,0.078384,0.0784732
-97.0748,0.0720032,0.0781228,0.0781228,0.078219
-97.0522,0.0714479,0.0778424,0.0778424,0.0779456
-97.0295,0.0708752,0.0775429,0.0775429,0.0776531
-97.0068,0.070285,0.0772244,0.0772244,0.0773415
-96.9841,0.0696775,0.0768869,0.0768869,0.0770109
-96.9615,0.0690529,0.0765305,0.0765305,0.0766614
-96.9388,0.0684114,0.0761553,0.0761553,0.0762931
-96.9161,0.0677531,0.0757615,0.0757615,0.0759061
-96.8934,0.0670781,0.075349,0.075349,0.0755004
-96.8707,0.0663867,0.074918,0.074918,0.0750761
-96.8481,0.0656789,0.0744686,0.0744686,0.0746334
-96.8254,0.064955,0.074001,0.074001,0.0741724
-96.8027,0.0642152,0.0735151,0.0735151,0.0736932
-96.78,0.0634596,0.0730112,0.0730112,0.0731959
-96.7574,0.0626884,0.0724894,0.0724894,0.0726806
-96.7347,0.0619018,0.0719497,0.0719497,0.0721475
-96.712,0.0611,0.0713924,0.0713924,0.0715966
-96.6893,0.0602832,0.0708176,0.0708176,0.0710282
-96.6667,0.0594516,0.0702254,0.0702254,0.0704423
-96.644,0.0586054,0.0696159,0.0696159,0.0698391
-96.6213,0.0577448,0.0689893,0.0689893,0.0692187
-96.5986,0.05687,0.0683458,0.0683458,0.0685814
-96.576,0.0559812,0.0676855,0.0676855,0.0679272
-96.5533,0.0550787,0.0670086,0.0670086,0.0672563
-96.5306,0.0541627,0.0663153,0.0663153,0.066569
-96.5079,0.0532333,0.0656056,0.0656056,0.0658652
-96.4853,0.0522909,0.0648798,0.0648798,0.0651453
-96.4626,0.0513356,0.0641381,0.0641381,0.0644094
-96.4399,0.0503678,0.0633807,0.0633807,0.0636577
-96.4172,0.0493875,0.0626077,0.0626077,0.0628904
-96.3946,0.0483952,0.0618192,0.0618192,0.0621076
-96.3719,0.0473909,0.0610157,0.0610157,0.0613095
-96.3492,0.046375,0.0601971,0.0601971,0.0604964
-96.3265,0.0453477,0.0593638,0.0593638,0.0596684
-96.3039,0.0443093,0.0585159,0.0585159,0.0588258
-96.2812,0.04326,0.0576536,0.0576536,0.0579688
-96.2585,0.0422,0.0567771,0.0567771,0.0570975
-96.2358,0.0411297,0.0558867,0.0558867,0.0562122
-96.2132,0.0400493,0.0549826,0.0549826,0.0553131
-96.1905,0.0389591,0.054065,0.054065,0.0544003
-96.1678,0.0378593,0.0531341,0.0531341,0.0534743
-96.1451,0.0367502,0.0521902,0.0521902,0.0525351
-96.1224,0.0356321,0.0512334,0.0512334,0.051583
-96.0998,0.0345052,0.0502641,0.0502641,0.0506182
-96.0771,0.0333698,0.0492824,0.0492824,0.049641
-96.0544,0.0322263,0.0482886,0.0482886,0.0486516
-96.0317,0.0310748,0.0472829,0.0472829,0.0476503
-96.0091,0.0299157,0.0462657,0.0462657,0.0466373
-95.9864,0.0287492,0.0452371,0.0452371,0.0456128
-95.9637,0.0275757,0.0441974,0.0441974,0.0445771
-95.941,0.0263954,0.0431468,0.0431468,0.0435305
-95.9184,0.0252087,0.0420857,0.0420856,0.0424732
-95.8957,0.0240157,0.0410142,0.0410141,0.0414054
-95.873,0.0228168,0.0399327,0.0399326,0.0403275
-95.8503,0.0216124,0.0388413,0.0388412,0.0392397
-95.8277,0.0204026,0.0377405,0.0377403,0.0381422
-95.805,0.0191878,0.0366304,0.0366301,0.0370354
-95.7823,0.0179683,0.0355112,0.0355109,0.0359195
-95.7596,0.0167444,0.0343834,0.034383,0.0347947
-95.737,0.0155164,0.0332474,0.0332466,0.0336615
-95.7143,0.0142846,0.0321027,0.0321022,0.0325199
-95.6916,0.0130492,0.0309502,0.0309498,0.0313704
-95.6689,0.0118107,0.0297903,0.0297898,0.0302132
-95.6463,0.0105692,0.0286234,0.0286225,0.0290485
-95.6236,0.00932517,0.0274489,0.0274481,0.0278767
-95.6009,0.00807883,0.0262677,0.0262671,0.0266981
-95.5782,0.00683051,0.0250807,0.0250796,0.0255129
-95.5556,0.00558052,0.0238868,0.0238859,0.0243215
-95.5329,0.00432915,0.0226872,0.0226863,0.0231241
-95.5102,0.00307672,0.0214822,0.0214813,0.021921
-95.4875,0.00182353,0.020272,0.0202709,0.0207125
-95.4649,0.000569899,0.0190573,0.0190555,0.0194989
-95.4422,-0.000683876,0.017836,0.0178355,0.0182806
-95.4195,-0.00193748,0.0166123,0.0166111,0.0170578
-95.3968,-0.00319061,0.0153828,0.0153826,0.0158307
-95.3741,-0.00444296,0.0141515,0.0141503,0.0145999
-95.3515,-0.00569422,0.0129155,0.0129146,0.0133654
-95.3288,-0.00694407,0.0116763,0.0116757,0.0121276
-95.3061,-0.00819222,0.0104345,0.0104339,0.0108869
-95.2834,-0.00943836,0.00919032,0.00918955,0.00964345
-95.2608,-0.0106822,0.00794179,0.00794298,0.00839768
-95.2381,-0.0119234,0.00669217,0.00669444,0.00714984
-95.2154,-0.0131616,0.00544278,0.00544428,0.00590025
-95.1927,-0.0143967,0.00419427,0.00419278,0.00464921
-95.1701,-0.0156282,0.00293804,0.00294023,0.00339705
-95.1474,-0.0168558,0.00168436,0.00168698,0.00214404
-95.1247,-0.0180794,0.00043144,0.000433301,0.0008905
-95.102,-0.0192984,-0.000822404,-0.00082047,-0.000363233
-95.0794,-0.0205128,-0.00207896,-0.00207402,-0.00161689
-95.0567,-0.0217221,-0.00333412,-0.00332707,-0.00287014
-95.034,-0.0229261,-0.00458348,-0.00457931,-0.00412267
-95.0113,-0.0241244,-0.0058348,-0.00583041,-0.00537419
-94.9887,-0.0253168,-0.0070844,-0.00708008,-0.0066244
-94.966,-0.026503,-0.00833364,-0.00832799,-0.00787296
-94.9433,-0.0276827,-0.00957812,-0.00957389,-0.00911959
-94.9206,-0.0288556,-0.0108233,-0.0108174,-0.010364
-94.898,-0.0300214,-0.0120655,-0.0120582,-0.0116058
-94.8753,-0.0311798,-0.0133018,-0.0132962,-0.0128448
-94.8526,-0.0323305,-0.0145427,-0.0145308,-0.0140806
-94.8299,-0.0334734,-0.0157715,-0.0157618,-0.015313
-94.8073,-0.034608,-0.017,-0.016989,-0.0165416
-94.7846,-0.0357341,-0.0182236,-0.018212,-0.0177661
-94.7619,-0.0368514,-0.0194437,-0.0194305,-0.0189862
-94.7392,-0.0379597,-0.0206567,-0.0206443,-0.0202017
-94.7166,-0.0390586,-0.0218671,-0.0218529,-0.0214123
-94.6939,-0.040148,-0.0230751,-0.0230562,-0.0226175
-94.6712,-0.0412275,-0.0242718,-0.0242539,-0.0238172
-94.6485,-0.0422968,-0.0254622,-0.0254456,-0.0250111
-94.6259,-0.0433558,-0.0266527,-0.026631,-0.0261988
-94.6032,-0.0444041,-0.0278217,-0.0278098,-0.02738
-94.5805,-0.0454416,-0.0290019,-0.0289819,-0.0285545
-94.5578,-0.0464678,-0.0301724,-0.0301468,-0.029722
-94.5351,-0.0474827,-0.0313334,-0.0313043,-0.0308822
-94.5125,-0.0484859,-0.0324754,-0.0324541,-0.0320349
-94.4898,-0.0494771,-0.0336244,-0.033596,-0.0331796
-94.4671,-0.0504563,-0.034759,-0.0347295,-0.0343162
-94.4444,-0.051423,-0.0358827,-0.0358546,-0.0354443
-94.4218,-0.0523771,-0.0369977,-0.0369708,-0.0365637
-94.3991,-0.0533183,-0.0381124,-0.0380779,-0.0376742
-94.3764,-0.0542465,-0.039214,-0.0391758,-0.0387754
-94.3537,-0.0551613,-0.0403036,-0.0402639,-0.039867
-94.3311,-0.0560626,-0.0413807,-0.0413422,-0.0409489
-94.3084,-0.0569501,-0.0424507,-0.0424103,-0.0420207
-94.2857,-0.0578236,-0.0435098,-0.043468,-0.0430821
-94.263,-0.0586829,-0.0445705,-0.044515,-0.044133
-94.2404,-0.0595278,-0.0455962,-0.045551,-0.045173
-94.2177,-0.0603581,-0.0466231,-0.0465759,-0.046202
-94.195,-0.0611735,-0.047643,-0.0475893,-0.0472196
-94.1723,-0.0619739,-0.0486569,-0.048591,-0.0482255
-94.1497,-0.0627591,-0.0496338,-0.0495808,-0.0492196
-94.127,-0.0635289,-0.0506217,-0.0505585,-0.0502017
-94.1043,-0.0642831,-0.0515883,-0.0515236,-0.0511713
-94.0816,-0.0650215,-0.052544,-0.0524762,-0.0521284
-94.059,-0.0657439,-0.0534745,-0.0534158,-0.0530727
-94.0363,-0.0664502,-0.054413,-0.0543423,-0.054004
-94.0136,-0.0671402,-0.0553179,-0.0552554,-0.054922
-93.9909,-0.0678136,-0.056226,-0.056155,-0.0558265
-93.9683,-0.0684704,-0.0571217,-0.0570408,-0.0567172
-93.9456,-0.0691104,-0.0579856,-0.0579125,-0.0575941
-93.9229,-0.0697334,-0.0588444,-0.0587701,-0.0584567
-93.9002,-0.0703393,-0.0596885,-0.0596131,-0.059305
-93.8776,-0.0709279,-0.06051,-0.0604416,-0.0601388
-93.8549,-0.0714991,-0.0613391,-0.0612552,-0.0609577
-93.8322,-0.0720528,-0.0621449,-0.0620537,-0.0617617
-93.8095,-0.0725887,-0.0629264,-0.062837,-0.0625505
-93.7868,-0.0731068,-0.0636931,-0.0636048,-0.0633239
-93.7642,-0.0736069,-0.0644599,-0.0643571,-0.0640818
-93.7415,-0.074089,-0.0651907,-0.0650935,-0.0648239
-93.7188,-0.0745529,-0.0659173,-0.0658139,-0.0655501
-93.6961,-0.0749984,-0.0666322,-0.0665181,-0.0662602
-93.6735,-0.0754256,-0.0672971,-0.067206,-0.066954
-93.6508,-0.0758342,-0.0679811,-0.0678774,-0.0676314
-93.6281,-0.0762242,-0.0686333,-0.0685321,-0.0682921
-93.6054,-0.0765954,-0.0692792,-0.06917,-0.068936
-93.5828,-0.0769479,-0.0699165,-0.0697908,-0.069563
-93.5601,-0.0772814,-0.070521,-0.0703946,-0.070173
-93.5374,-0.077596,-0.07111,-0.070981,-0.0707656
-93.5147,-0.0778915,-0.0716745,-0.07155,-0.0713409
-93.4921,-0.0781679,-0.0722445,-0.0721014,-0.0718987
-93.4694,-0.0784251,-0.072768,-0.0726351,-0.0724388
-93.4467,-0.078663,-0.0732837,-0.073151,-0.0729611
-93.424,-0.0788816,-0.0737831,-0.0736488,-0.0734654
-93.4014,-0.0790808,-0.0742789,-0.0741286,-0.0739518
-93.3787,-0.0792606,-0.0747397,-0.0745902,-0.0744199
-93.356,-0.0794209,-0.075177,-0.0750334,-0.0748698
-93.3333,-0.0795618,-0.0755936,-0.0754582,-0.0753012
-93.3107,-0.079683,-0.076016,-0.0758645,-0.0757142
-93.288,-0.0797847,-0.0763793,-0.0762521,-0.0761086
-93.2653,-0.0798669,-0.0767738,-0.0766211,-0.0764842
-93.2426,-0.0799294,-0.0771296,-0.0769711,-0.0768411
-93.22,-0.0799722,-0.0774753,-0.0773023,-0.0771791
-93.1973,-0.0799954,-0.0777866,-0.0776145,-0.0774981
-93.1746,-0.079999,-0.0780757,-0.0779076,-0.0777981
-93.1519,-0.0799829,-0.0783695,-0.0781816,-0.078079
-93.1293,-0.0799472,-0.0786332,-0.0784363,-0.0783407
-93.1066,-0.0798918,-0.0788487,-0.0786718,-0.0785832
-93.0839,-0.0798169,-0.0790525,-0.078888,-0.0788063
-93.0612,-0.0797223,-0.0792563,-0.0790848,-0.0790101
-93.0385,-0.0796081,-0.0794654,-0.0792622,-0.0791945
-93.0159,-0.0794744,-0.0795896,-0.0794201,-0.0793595
-92.9932,-0.0793212,-0.0797463,-0.0795584,-0.0795049
-92.9705,-0.0791484,-0.0798549,-0.0796773,-0.0796308
-92.9478,-0.0789563,-0.0799721,-0.0797765,-0.0797371
-92.9252,-0.0787447,-0.0800407,-0.0798562,-0.0798239
-92.9025,-0.0785138,-0.0801046,-0.0799163,-0.079891
-92.8798,-0.0782636,-0.0801561,-0.0799567,-0.0799386
-92.8571,-0.0779942,-0.0801659,-0.0799775,-0.0799665
-92.8345,-0.0777057,-0.0801756,-0.0799787,-0.0799748
-92.8118,-0.077398,-0.0801475,-0.0799602,-0.0799634
-92.7891,-0.0770714,-0.0801355,-0.0799221,-0.0799324
-92.7664,-0.0767258,-0.0800846,-0.0798643,-0.0798817
-92.7438,-0.0763614,-0.0799534,-0.0797869,-0.0798115
-92.7211,-0.0759782,-0.0799163,-0.07969,-0.0797216
-92.6984,-0.0755763,-0.0797656,-0.0795734,-0.0796121
-92.6757,-0.0751559,-0.0796584,-0.0794374,-0.0794831
-92.6531,-0.074717,-0.079482,-0.0792818,-0.0793346
-92.6304,-0.0742598,-0.079314,-0.0791067,-0.0791666
-92.6077,-0.0737843,-0.0791229,-0.0789123,-0.0789792
-92.585,-0.0732908,-0.0788936,-0.0786984,-0.0787724
-92.5624,-0.0727792,-0.0786851,-0.0784652,-0.0785462
-92.5397,-0.0722497,-0.0784463,-0.0782128,-0.0783007
-92.517,-0.0717025,-0.0781783,-0.0779411,-0.0780361
-92.4943,-0.0711377,-0.0778879,-0.0776503,-0.0777522
-92.4717,-0.0705554,-0.0775705,-0.0773405,-0.0774493
-92.449,-0.0699558,-0.0772418,-0.0770116,-0.0771274
-92.4263,-0.069339,-0.076898,-0.0766639,-0.0767865
-92.4036,-0.0687051,-0.0765125,-0.0762973,-0.0764268
-92.381,-0.0680544,-0.0761195,-0.075912,-0.0760483
-92.3583,-0.067387,-0.0757394,-0.0755081,-0.0756512
-92.3356,-0.066703,-0.0753089,-0.0750856,-0.0752354
-92.3129,-0.0660026,-0.0748846,-0.0746447,-0.0748013
-92.2902,-0.0652861,-0.0744012,-0.0741855,-0.0743487
-92.2676,-0.0645535,-0.0739469,-0.073708,-0.073878
-92.2449,-0.063805,-0.0734938,-0.0732125,-0.073389
-92.2222,-0.0630409,-0.0729121,-0.072699,-0.0728821
-92.1995,-0.0622612,-0.072419,-0.0721677,-0.0723573
-92.1769,-0.0614663,-0.0718799,-0.0716186,-0.0718147
-92.1542,-0.0606563,-0.0713272,-0.071052,-0.0712545
-92.1315,-0.0598314,-0.0707135,-0.070468,-0.0706769
-92.1088,-0.0589918,-0.0701236,-0.0698666,-0.0700819
-92.0862,-0.0581377,-0.069521,-0.0692481,-0.0694697
-92.0635,-0.0572693,-0.0688606,-0.0686126,-0.0688404
-92.0408,-0.0563869,-0.0681964,-0.0679603,-0.0681943
-92.0181,-0.0554906,-0.0675401,-0.0672913,-0.0675315
-91.9955,-0.0545807,-0.0668459,-0.0666058,-0.0668521
-91.9728,-0.0536574,-0.0661415,-0.065904,-0.0661562
-91.9501,-0.0527209,-0.0654676,-0.065186,-0.0654442
-91.9274,-0.0517714,-0.0646709,-0.064452,-0.0647162
-91.9048,-0.0508093,-0.063958,-0.0637022,-0.0639722
-91.8821,-0.0498346,-0.0632008,-0.0629368,-0.0632126
-91.8594,-0.0488477,-0.0623776,-0.062156,-0.0624374
-91.8367,-0.0478488,-0.0615857,-0.0613599,-0.061647
-91.8141,-0.0468382,-0.0607977,-0.0605487,-0.0608415
-91.7914,-0.0458161,-0.0599494,-0.0597228,-0.060021
-91.7687,-0.0447827,-0.0591328,-0.0588821,-0.0591858
-91.746,-0.0437383,-0.058249,-0.0580271,-0.0583362
-91.7234,-0.0426831,-0.0573313,-0.0571578,-0.0574722
-91.7007,-0.0416175,-0.0564925,-0.0562745,-0.0565941
-91.678,-0.0405417,-0.0556299,-0.0553774,-0.0557022
-91.6553,-0.0394559,-0.0546646,-0.0544668,-0.0547967
-91.6327,-0.0383604,-0.0537677,-0.0535428,-0.0538777
-91.61,-0.0372555,-0.0528417,-0.0526057,-0.0529455
-91.5873,-0.0361414,-0.0519028,-0.0516557,-0.0520003
-91.5646,-0.0350185,-0.0509044,-0.0506931,-0.0510425
-91.542,-0.0338869,-0.0499879,-0.049718,-0.0500721
-91.5193,-0.0327471,-0.0489436,-0.0487308,-0.0490894
-91.4966,-0.0315991,-0.0479515,-0.0477316,-0.0480948
-91.4739,-0.0304435,-0.0469362,-0.0467207,-0.0470884
-91.4512,-0.0292803,-0.0458787,-0.0456984,-0.0460704
-91.4286,-0.02811,-0.0448972,-0.044665,-0.0450412
-91.4059,-0.0269327,-0.0438226,-0.0436205,-0.044001
-91.3832,-0.0257489,-0.0427154,-0.0425655,-0.04295
-91.3605,-0.0245587,-0.0417032,-0.0415,-0.0418885
-91.3379,-0.0233625,-0.0405425,-0.0404243,-0.0408168
-91.3152,-0.0221605,-0.0395524,-0.0393388,-0.0397351
-91.2925,-0.0209531,-0.038394,-0.0382436,-0.0386437
-91.2698,-0.0197406,-0.0372616,-0.0371392,-0.0375428
-91.2472,-0.0185232,-0.0361709,-0.0360256,-0.0364328
-91.2245,-0.0173013,-0.0351134,-0.0349032,-0.0353139
-91.2018,-0.0160751,-0.033818,-0.0337723,-0.0341863
-91.1791,-0.0148449,-0.0327825,-0.0326332,-0.0330504
-91.1565,-0.0136111,-0.0315236,-0.0314861,-0.0319064
-91.1338,-0.012374,-0.0303704,-0.0303313,-0.0307547
-91.1111,-0.0111338,-0.0292969,-0.0291691,-0.0295954
-91.0884,-0.00989095,-0.0281338,-0.0279998,-0.028429
-91.0658,-0.00864561,-0.0269282,-0.0268237,-0.0272556
-91.0431,-0.00739816,-0.0257418,-0.025641,-0.0260756
-91.0204,-0.00614889,-0.0245092,-0.0244521,-0.0248892
-90.9977,-0.0048981,-0.0232652,-0.0232572,-0.0236968
-90.9751,-0.00364612,-0.0220432,-0.0220567,-0.0224986
-90.9524,-0.00239324,-0.0208848,-0.0208508,-0.021295
-90.9297,-0.00113977,-0.0196273,-0.0196399,-0.0200862
-90.907,0.000113981,-0.0184418,-0.0184242,-0.0188725
-90.8844,0.0013677,-0.0171907,-0.017204,-0.0176542
-90.8617,0.00262109,-0.0159644,-0.0159797,-0.0164316
-90.839,0.00387383,-0.0147458,-0.0147514,-0.0152051
-90.8163,0.00512562,-0.0134766,-0.0135197,-0.0139749
-90.7937,0.00637615,-0.012145,-0.0122846,-0.0127414
-90.771,0.00762511,-0.0109868,-0.0110466,-0.0115047
-90.7483,0.00887221,-0.00971241,-0.00980599,-0.0102654
-90.7256,0.0101171,-0.00843426,-0.00856301,-0.00902351
-90.7029,0.0113595,-0.00719079,-0.00731797,-0.00777951
-90.6803,0.0125992,-0.00593475,-0.00607121,-0.00653367
-90.6576,0.0138357,-0.00470231,-0.004823,-0.00528628
-90.6349,0.0150689,-0.00342528,-0.00357368,-0.00403767
-90.6122,0.0162983,-0.0020928,-0.00232355,-0.00278813
-90.5896,0.0175238,-0.000926259,-0.0010729,-0.00153796
-90.5669,0.0187449,0.000408126,0.000177924,-0.000287487
-90.5442,0.0199614,0.00161825,0.00142865,0.000963
-90.5215,0.0211731,0.0028678,0.00267897,0.00221318
-90.4989,0.0223795,0.0041624,0.00392855,0.00346274
-90.4762,0.0235804,0.0054082,0.00517711,0.00471138
-90.4535,0.0247756,0.00672926,0.00642434,0.00595881
-90.4308,0.0259646,0.00803084,0.00766991,0.00720472
-90.4082,0.0271473,0.00924697,0.00891354,0.00844878
-90.3855,0.0283233,0.0104178,0.0101549,0.00969069
-90.3628,0.0294924,0.0116353,0.0113937,0.0109302
-90.3401,0.0306542,0.0130526,0.0126297,0.0121669
-90.3175,0.0318084,0.0142784,0.0138624,0.0134006
-90.2948,0.0329549,0.0154428,0.0150917,0.0146309
-90.2721,0.0340933,0.0167512,0.0163173,0.0158575
-90.2494,0.0352233,0.0180676,0.0175387,0.0170802
-90.2268,0.0363446,0.0191607,0.0187558,0.0182986
-90.2041,0.037457,0.0204176,0.0199682,0.0195125
-90.1814,0.0385603,0.0217055,0.0211757,0.0207215
-90.1587,0.039654,0.022933,0.0223778,0.0219254
-90.1361,0.040738,0.024106,0.0235744,0.0231238
-90.1134,0.041812,0.0253707,0.0247652,0.0243165
-90.0907,0.0428758,0.0264634,0.0259498,0.0255031
-90.068,0.043929,0.0277598,0.0271279,0.0266834
-90.0454,0.0449714,0.0289287,0.0282994,0.0278571
-90.0227,0.0460028,0.0301337,0.0294638,0.0290239
-90,0.0470228,0.0312124,0.0306209,0.0301835
-89.9773,0.0480313,0.0324847,0.0317705,0.0313357
-89.9546,0.0490281,0.0335286,0.0329121,0.03248
-89.932,0.0500127,0.0347622,0.0340457,0.0336164
-89.9093,0.0509851,0.0358738,0.0351708,0.0347444
-89.8866,0.051945,0.0370809,0.0362872,0.0358638
-89.8639,0.0528921,0.0382438,0.0373946,0.0369744
-89.8413,0.0538262,0.0392744,0.0384928,0.0380758
-89.8186,0.0547471,0.0403317,0.0395814,0.0391679
-89.7959,0.0556546,0.0414915,0.0406603,0.0402502
-89.7732,0.0565484,0.0426332,0.0417292,0.0413226
-89.7506,0.0574283,0.0437234,0.0427877,0.0423848
-89.7279,0.0582941,0.0447864,0.0438357,0.0434366
-89.7052,0.0591456,0.0457952,0.0448728,0.0444776
-89.6825,0.0599825,0.0468509,0.0458989,0.0455077
-89.6599,0.0608047,0.0479127,0.0469137,0.0465266
-89.6372,0.061612,0.0488328,0.0479168,0.047534
-89.6145,0.0624041,0.0500166,0.0489082,0.0485296
-89.5918,0.063181,0.0509263,0.0498875,0.0495133
-89.5692,0.0639423,0.0519035,0.0508545,0.0504848
-89.5465,0.0646878,0.0529255,0.051809,0.0514439
-89.5238,0.0654176,0.0538417,0.0527506,0.0523902
-89.5011,0.0661312,0.0548197,0.0536793,0.0533237
-89.4785,0.0668286,0.0557573,0.0545948,0.0542441
-89.4558,0.0675096,0.0567376,0.0554968,0.0551511
-89.4331,0.068174,0.0575529,0.0563852,0.0560445
-89.4104,0.0688216,0.0584774,0.0572596,0.0569241
-89.3878,0.0694524,0.0593041,0.05812,0.0577898
-89.3651,0.0700661,0.0601526,0.058966,0.0586411
-89.3424,0.0706625,0.0611478,0.0597975,0.0594781
-89.3197,0.0712417,0.0619698,0.0606144,0.0603005
-89.2971,0.0718033,0.0628282,0.0614163,0.061108
-89.2744,0.0723473,0.0635622,0.0622031,0.0619005
-89.2517,0.0728735,0.0643728,0.0629746,0.0626777
-89.229,0.0733818,0.0650429,0.0637306,0.0634396
-89.2063,0.0738721,0.0658734,0.0644709,0.0641859
-89.1837,0.0743443,0.0668454,0.0651954,0.0649164
-89.161,0.0747982,0.0673523,0.0659038,0.0656309
-89.1383,0.0752337,0.0680464,0.0665961,0.0663293
-89.1156,0.0756508,0.0688688,0.0672719,0.0670115
-89.093,0.0760492,0.0695398,0.0679313,0.0676771
-89.0703,0.076429,0.0702304,0.0685739,0.0683262
-89.0476,0.07679,0.070758,0.0691998,0.0689585
-89.0249,0.0771322,0.0714855,0.0698086,0.0695738
-89.0023,0.0774554,0.072079,0.0704002,0.0701721
-88.9796,0.0777596,0.0725721,0.0709746,0.0707531
-88.9569,0.0780446,0.0731632,0.0715316,0.0713168
-88.9342,0.0783106,0.0737248,0.072071,0.071863
-88.9116,0.0785572,0.0743121,0.0725927,0.0723915
-88.8889,0.0787846,0.074865,0.0730966,0.0729023
-88.8662,0.0789927,0.0752872,0.0735825,0.0733952
-88.8435,0.0791813,0.075833,0.0740504,0.0738702
-88.8209,0.0793505,0.0762787,0.0745002,0.074327
-88.7982,0.0795002,0.0768091,0.0749316,0.0747656
-88.7755,0.0796303,0.0771883,0.0753447,0.0751858
-88.7528,0.0797409,0.0775612,0.0757393,0.0755877
-88.7302,0.079832,0.0781175,0.0761154,0.075971
-88.7075,0.0799034,0.0785086,0.0764728,0.0763357
-88.6848,0.0799552,0.0785268,0.0768115,0.0766817
-88.6621,0.0799873,0.0790052,0.0771313,0.0770089
-88.6395,0.0799998,0.0794656,0.0774323,0.0773172
-88.6168,0.0799927,0.0796744,0.0777143,0.0776067
-88.5941,0.0799659,0.0800005,0.0779772,0.0778771
-88.5714,0.0799194,0.0802118,0.0782211,0.0781285
-88.5488,0.0798534,0.0805129,0.0784458,0.0783607
-88.5261,0.0797677,0.0808133,0.0786513,0.0785738
-88.5034,0.0796624,0.0808204,0.0788376,0.0787676
-88.4807,0.0795376,0.0813028,0.0790045,0.0789422
-88.458,0.0793932,0.0812891,0.0791522,0.0790974
-88.4354,0.0792294,0.0815685,0.0792805,0.0792334
-88.4127,0.079046,0.0815559,0.0793894,0.0793499
-88.39,0.0788433,0.0815741,0.0794789,0.079447
-88.3673,0.0786212,0.0816019,0.079549,0.0795248
-88.3447,0.0783797,0.0817486,0.0795996,0.0795831
-88.322,0.0781191,0.0817909,0.0796308,0.0796219
-88.2993,0.0778392,0.0817312,0.0796425,0.0796413
-88.2766,0.0775402,0.081589,0.0796348,0.0796412
-88.254,0.0772222,0.0817375,0.0796076,0.0796218
-88.2313,0.0768852,0.0817339,0.079561,0.0795828
-88.2086,0.0765293,0.0816654,0.079495,0.0795244
-88.1859,0.0761547,0.0815362,0.0794096,0.0794466
-88.1633,0.0757613,0.0816312,0.0793048,0.0793494
-88.1406,0.0753493,0.0813886,0.0791807,0.0792329
-88.1179,0.0749188,0.0811561,0.0790372,0.079097
-88.0952,0.0744699,0.0808952,0.0788746,0.0789419
-88.0726,0.0740027,0.0809636,0.0786926,0.0787675
-88.0499,0.0735174,0.0807774,0.0784915,0.0785738
-88.0272,0.0730139,0.0805003,0.0782713,0.0783611
-88.0045,0.0724926,0.0802041,0.078032,0.0781292
-87.9819,0.0719534,0.0799981,0.0777737,0.0778783
-87.9592,0.0713966,0.079802,0.0774965,0.0776084
-87.9365,0.0708222,0.0793557,0.0772004,0.0773197
-87.9138,0.0702305,0.0790507,0.0768856,0.077012
-87.8912,0.0696214,0.079001,0.076552,0.0766857
-87.8685,0.0689953,0.0786084,0.0761998,0.0763407
-87.8458,0.0683523,0.0781393,0.0758291,0.0759771
-87.8231,0.0676924,0.0777658,0.07544,0.075595
-87.8005,0.0670159,0.0772786,0.0750326,0.0751945
-87.7778,0.066323,0.0770756,0.0746069,0.0747758
-87.7551,0.0656138,0.0765306,0.0741631,0.0743388
-87.7324,0.0648884,0.0759019,0.0737013,0.0738839
-87.7098,0.0641472,0.0754581,0.0732217,0.0734109
-87.6871,0.0633901,0.0749943,0.0727242,0.0729201
-87.6644,0.0626175,0.0745319,0.0722092,0.0724116
-87.6417,0.0618295,0.0740514,0.0716766,0.0718855
-87.619,0.0610264,0.0734785,0.0711267,0.071342
-87.5964,0.0602082,0.072971,0.0705596,0.0707812
-87.5737,0.0593753,0.0722957,0.0699753,0.0702032
-87.551,0.0585277,0.071566,0.0693742,0.0696081
-87.5283,0.0576658,0.0709677,0.0687562,0.0689962
-87.5057,0.0567897,0.0706173,0.0681216,0.0683675
-87.483,0.0558997,0.0699137,0.0674706,0.0677223
-87.4603,0.054996,0.0692581,0.0668033,0.0670607
-87.4376,0.0540787,0.0685774,0.0661198,0.0663829
-87.415,0.0531482,0.0675539,0.0654204,0.065689
-87.3923,0.0522046,0.0671497,0.0647051,0.0649792
-87.3696,0.0512482,0.0662555,0.0639743,0.0642536
-87.3469,0.0502792,0.0655003,0.0632281,0.0635126
-87.3243,0.0492978,0.0647374,0.0624666,0.0627561
-87.3016,0.0483044,0.0639452,0.0616901,0.0619846
-87.2789,0.047299,0.0630918,0.0608987,0.061198
-87.2562,0.0462821,0.0624129,0.0600927,0.0603967
-87.2336,0.0452538,0.0614565,0.0592722,0.0595808
-87.2109,0.0442143,0.0608166,0.0584375,0.0587505
-87.1882,0.0431641,0.0599265,0.0575888,0.057906
-87.1655,0.0421032,0.0592564,0.0567263,0.0570476
-87.1429,0.0410319,0.0579612,0.0558501,0.0561755
-87.1202,0.0399506,0.0573469,0.0549606,0.0552898
-87.0975,0.0388595,0.0564171,0.0540579,0.0543908
-87.0748,0.0377588,0.0553306,0.0531423,0.0534787
-87.0522,0.0366489,0.0545336,0.0522139,0.0525538
-87.0295,0.03553,0.0535428,0.0512731,0.0516163
-87.0068,0.0344023,0.052501,0.0503201,0.0506663
-86.9841,0.0332662,0.0516662,0.049355,0.0497042
-86.9615,0.0321219,0.0503686,0.0483782,0.0487302
-86.9388,0.0309697,0.0495618,0.0473899,0.0477445
-86.9161,0.0298099,0.048685,0.0463903,0.0467473
-86.8934,0.0286428,0.0476233,0.0453796,0.045739
-86.8707,0.0274687,0.0463865,0.0443582,0.0447197
-86.8481,0.0262878,0.0456064,0.0433263,0.0436897
-86.8254,0.0251005,0.0443225,0.0422842,0.0426493
-86.8027,0.0239069,0.0433303,0.041232,0.0415987
-86.78,0.0227076,0.0422272,0.0401701,0.0405382
-86.7574,0.0215026,0.0410641,0.0390987,0.0394681
-86.7347,0.0202924,0.0399536,0.0380181,0.0383885
-86.712,0.0190771,0.0386727,0.0369285,0.0372998
-86.6893,0.0178572,0.0375507,0.0358303,0.0362023
-86.6667,0.0166329,0.0365926,0.0347237,0.0350962
-86.644,0.0154046,0.0352833,0.0336089,0.0339817
-86.6213,0.0141724,0.0345037,0.0324863,0.0328592
-86.5986,0.0129367,0.0328952,0.0313562,0.031729
-86.576,0.0116979,0.0318209,0.0302187,0.0305913
-86.5533,0.0104562,0.0308348,0.0290742,0.0294463
-86.5306,0.00921196,0.0298368,0.027923,0.0282945
-86.5079,0.00796543,0.0283362,0.0267654,0.027136
-86.4853,0.00671694,0.0271003,0.0256016,0.0259712
-86.4626,0.00546681,0.0262482,0.0244319,0.0248002
-86.4399,0.00421533,0.0248684,0.0232567,0.0236235
-86.4172,0.00296282,0.0234774,0.0220761,0.0224414
-86.3946,0.00170958,0.0224657,0.0208906,0.021254
-86.3719,0.00045592,0.0211337,0.0197003,0.0200617
-86.3492,-0.000797852,0.0200421,0.0185056,0.0188647
-86.3265,-0.00205143,0.0188488,0.0173069,0.0176635
-86.3039,-0.0033045,0.0177458,0.0161043,0.0164582
-86.2812,-0.00455676,0.0161559,0.0148981,0.0152492
-86.2585,-0.0058079,0.0150228,0.0136887,0.0140367
-86.2358,-0.00705762,0.0137343,0.0124764,0.0128212
-86.2132,-0.0083056,0.0122733,0.0112615,0.0116027
-86.1905,-0.00955154,0.0111486,0.0100442,0.0103817
-86.1678,-0.0107951,0.0100557,0.00882487,0.00915852
-86.1451,-0.0120361,0.00862317,0.00760381,0.00793335
-86.1224,-0.0132741,0.00713245,0.00638132,0.00670655
-86.0998,-0.0145088,0.00595936,0.00515767,0.00547837
-86.0771,-0.01574,0.004995,0.00393319,0.00424916
-86.0544,-0.0169673,0.00354491,0.00270815,0.0030192
-86.0317,-0.0181904,0.00232163,0.00148289,0.0017888
-86.0091,-0.019409,0.000852296,0.000257671,0.000558246
-85.9864,-0.0206229,-0.000372883,-0.000967178,-0.000672154
-85.9637,-0.0218318,-0.00133538,-0.00219139,-0.0019021
-85.941,-0.0230352,-0.00264256,-0.00341462,-0.00313129
-85.9184,-0.024233,-0.0042286,-0.0046366,-0.00435942
-85.8957,-0.0254249,-0.00531691,-0.00585704,-0.0055862
-85.873,-0.0266105,-0.00655456,-0.00707563,-0.00681133
-85.8503,-0.0277896,-0.00787049,-0.00829206,-0.0080345
-85.8277,-0.0289618,-0.00904411,-0.00950605,-0.00925545
-85.805,-0.030127,-0.0103674,-0.0107173,-0.0104738
-85.7823,-0.0312847,-0.0113754,-0.0119255,-0.0116894
-85.7596,-0.0324348,-0.0127019,-0.0131304,-0.0129018
-85.737,-0.0335769,-0.0143025,-0.0143317,-0.0141107
-85.7143,-0.0347107,-0.0152577,-0.015529,-0.015316
-85.6916,-0.035836,-0.0167061,-0.0167222,-0.0165172
-85.6689,-0.0369525,-0.0180583,-0.0179109,-0.0177142
-85.6463,-0.03806,-0.0192186,-0.0190947,-0.0189065
-85.6236,-0.039158,-0.0204078,-0.0202735,-0.0200939
-85.6009,-0.0402465,-0.0216288,-0.021447,-0.0212762
-85.5782,-0.0413251,-0.0228292,-0.0226148,-0.022453
-85.5556,-0.0423935,-0.0244046,-0.0237767,-0.023624
-85.5329,-0.0434516,-0.0251621,-0.0249325,-0.024789
-85.5102,-0.0444989,-0.0265744,-0.0260817,-0.0259477
-85.4875,-0.0455353,-0.0274974,-0.0272242,-0.0270998
-85.4649,-0.0465606,-0.0290403,-0.0283596,-0.0282451
-85.4422,-0.0475744,-0.0300746,-0.0294877,-0.0293832
-85.4195,-0.0485765,-0.0312904,-0.0306083,-0.0305138
-85.3968,-0.0495667,-0.0326336,-0.0317211,-0.0316368
-85.3741,-0.0505447,-0.0336886,-0.0328257,-0.0327518
-85.3515,-0.0515103,-0.0348065,-0.0339219,-0.0338585
-85.3288,-0.0524632,-0.0357116,-0.0350095,-0.0349568
-85.3061,-0.0534033,-0.036916,-0.0360882,-0.0360463
-85.2834,-0.0543302,-0.0385161,-0.0371577,-0.0371268
-85.2608,-0.0552438,-0.0390435,-0.0382178,-0.0381979
-85.2381,-0.0561438,-0.0401038,-0.0392683,-0.0392596
-85.2154,-0.0570301,-0.0419554,-0.0403088,-0.0403114
-85.1927,-0.0579023,-0.0427943,-0.0413392,-0.0413531
-85.1701,-0.0587603,-0.0434785,-0.0423592,-0.0423846
-85.1474,-0.0596039,-0.0449052,-0.0433685,-0.0434055
-85.1247,-0.0604328,-0.045878,-0.0443669,-0.0444156
-85.102,-0.0612469,-0.046924,-0.0453542,-0.0454147
-85.0794,-0.062046,-0.0479846,-0.0463301,-0.0464025
-85.0567,-0.0628298,-0.048811,-0.0472945,-0.0473788
-85.034,-0.0635981,-0.0502126,-0.048247,-0.0483433
-85.0113,-0.0643509,-0.0508636,-0.0491875,-0.0492959
-84.9887,-0.0650878,-0.0523023,-0.0501157,-0.0502362
-84.966,-0.0658088,-0.0529195,-0.0510314,-0.0511642
-84.9433,-0.0665136,-0.0534342,-0.0519344,-0.0520794
-84.9206,-0.0672021,-0.0550728,-0.0528245,-0.0529818
-84.898,-0.067874,-0.0557752,-0.0537015,-0.0538711
-84.8753,-0.0685293,-0.0565028,-0.0545651,-0.0547472
-84.8526,-0.0691678,-0.0576817,-0.0554152,-0.0556097
-84.8299,-0.0697892,-0.0586384,-0.0562516,-0.0564585
-84.8073,-0.0703936,-0.0593087,-0.0570741,-0.0572934
-84.7846,-0.0709806,-0.0604454,-0.0578824,-0.0581142
-84.7619,-0.0715502,-0.0612647,-0.0586765,-0.0589207
-84.7392,-0.0721022,-0.0618787,-0.0594561,-0.0597127
-84.7166,-0.0726365,-0.0625945,-0.060221,-0.0604901
-84.6939,-0.073153,-0.0635982,-0.060971,-0.0612526
-84.6712,-0.0736515,-0.0647943,-0.0617061,-0.062
-84.6485,-0.0741319,-0.0651669,-0.062426,-0.0627322
-84.6259,-0.0745941,-0.0659961,-0.0631305,-0.063449
-84.6032,-0.075038,-0.0669565,-0.0638195,-0.0641503
-84.5805,-0.0754635,-0.0677491,-0.0644929,-0.0648359
-84.5578,-0.0758704,-0.0681282,-0.0651505,-0.0655055
-84.5351,-0.0762587,-0.0689934,-0.065792,-0.0661592
-84.5125,-0.0766283,-0.0701326,-0.0664175,-0.0667966
-84.4898,-0.076979,-0.0700538,-0.0670267,-0.0674177
-84.4671,-0.0773108,-0.0711498,-0.0676196,-0.0680224
-84.4444,-0.0776237,-0.071711,-0.0681959,-0.0686104
-84.4218,-0.0779174,-0.0722629,-0.0687556,-0.0691817
-84.3991,-0.0781921,-0.0728694,-0.0692986,-0.069736
-84.3764,-0.0784475,-0.0733388,-0.0698246,-0.0702734
-84.3537,-0.0786837,-0.073705,-0.0703336,-0.0707936
-84.3311,-0.0789005,-0.0744336,-0.0708255,-0.0712965
-84.3084,-0.0790979,-0.075054,-0.0713002,-0.0717821
-84.2857,-0.079276,-0.0752048,-0.0717576,-0.0722502
-84.263,-0.0794345,-0.0758198,-0.0721975,-0.0727007
-84.2404,-0.0795736,-0.0763054,-0.07262,-0.0731335
-84.2177,-0.0796931,-0.0764839,-0.0730248,-0.0735485
-84.195,-0.079793,-0.0774393,-0.073412,-0.0739457
-84.1723,-0.0798733,-0.0769231,-0.0737813,-0.0743248
-84.1497,-0.0799341,-0.0780842,-0.0741329,-0.0746859
-84.127,-0.0799751,-0.0785211,-0.0744665,-0.0750289
-84.1043,-0.0799966,-0.0785551,-0.0747822,-0.0753537
-84.0816,-0.0799984,-0.0794942,-0.0750798,-0.0756602
-84.059,-0.0799805,-0.0799294,-0.0753593,-0.0759483
-84.0363,-0.079943,-0.0792826,-0.0756207,-0.076218
-84.0136,-0.0798858,-0.0800641,-0.0758639,-0.0764693
-83.9909,-0.0798091,-0.0802751,-0.0760888,-0.076702
-83.9683,-0.0797127,-0.0801636,-0.0762954,-0.0769162
-83.9456,-0.0795968,-0.0807781,-0.0764838,-0.0771117
-83.9229,-0.0794613,-0.0809169,-0.0766537,-0.0772886
-83.9002,-0.0793063,-0.0806616,-0.0768053,-0.0774469
-83.8776,-0.0791318,-0.0812602,-0.0769386,-0.0775864
-83.8549,-0.0789378,-0.081012,-0.0770534,-0.0777071
-83.8322,-0.0787245,-0.0816195,-0.0771497,-0.0778091
-83.8095,-0.0784919,-0.0814471,-0.0772277,-0.0778924
-83.7868,-0.0782399,-0.0814844,-0.0772872,-0.0779568
-83.7642,-0.0779688,-0.0814422,-0.0773283,-0.0780025
-83.7415,-0.0776785,-0.0816563,-0.077351,-0.0780293
-83.7188,-0.0773691,-0.081369,-0.0773552,-0.0780373
-83.6961,-0.0770407,-0.0815248,-0.0773411,-0.0780266
-83.6735,-0.0766934,-0.0815153,-0.0773086,-0.0779971
-83.6508,-0.0763273,-0.080952,-0.0772577,-0.0779488
-83.6281,-0.0759424,-0.0810617,-0.0771886,-0.0778817
-83.6054,-0.0755389,-0.0814034,-0.0771011,-0.077796
-83.5828,-0.0751168,-0.0806202,-0.0769954,-0.0776916
-83.5601,-0.0746762,-0.080891,-0.0768715,-0.0775685
-83.5374,-0.0742173,-0.0812772,-0.0767294,-0.0774268
-83.5147,-0.0737402,-0.0805609,-0.0765692,-0.0772666
-83.4921,-0.073245,-0.0802953,-0.0763909,-0.0770878
-83.4694,-0.0727318,-0.0805411,-0.0761947,-0.0768905
-83.4467,-0.0722007,-0.0796814,-0.0759805,-0.0766748
-83.424,-0.0716519,-0.0797065,-0.0757485,-0.0764408
-83.4014,-0.0710855,-0.0793646,-0.0754987,-0.0761885
-83.3787,-0.0705016,-0.0793338,-0.0752312,-0.075918
-83.356,-0.0699004,-0.0789801,-0.0749461,-0.0756293
-83.3333,-0.069282,-0.0780436,-0.0746434,-0.0753226
-83.3107,-0.0686467,-0.0779448,-0.0743233,-0.0749979
-83.288,-0.0679944,-0.0778361,-0.0739858,-0.0746552
-83.2653,-0.0673255,-0.0771555,-0.0736311,-0.0742948
-83.2426,-0.06664,-0.0770495,-0.0732592,-0.0739167
-83.22,-0.0659382,-0.0761213,-0.0728703,-0.073521
-83.1973,-0.0652201,-0.0761323,-0.0724645,-0.0731078
-83.1746,-0.0644861,-0.0757746,-0.0720418,-0.0726772
-83.1519,-0.0637362,-0.0748766,-0.0716024,-0.0722293
-83.1293,-0.0629706,-0.0750192,-0.0711465,-0.0717642
-83.1066,-0.0621896,-0.07417,-0.0706742,-0.0712821
-83.0839,-0.0613933,-0.0737339,-0.0701855,-0.0707831
-83.0612,-0.0605819,-0.0731839,-0.0696806,-0.0702673
-83.0385,-0.0597557,-0.0720756,-0.0691597,-0.0697349
-83.0159,-0.0589148,-0.0717726,-0.0686229,-0.0691859
-82.9932,-0.0580594,-0.0712291,-0.0680704,-0.0686206
-82.9705,-0.0571897,-0.0709116,-0.0675022,-0.068039
-82.9478,-0.056306,-0.069942,-0.0669186,-0.0674414
-82.9252,-0.0554085,-0.0693439,-0.0663197,-0.0668278
-82.9025,-0.0544973,-0.0688562,-0.0657057,-0.0661984
-82.8798,-0.0535728,-0.0678357,-0.0650768,-0.0655535
-82.8571,-0.0526351,-0.0669331,-0.064433,-0.0648931
-82.8345,-0.0516845,-0.0669031,-0.0637746,-0.0642174
-82.8118,-0.0507212,-0.0660698,-0.0631018,-0.0635266
-82.7891,-0.0497454,-0.0652415,-0.0624147,-0.0628208
-82.7664,-0.0487574,-0.0642222,-0.0617135,-0.0621004
-82.7438,-0.0477574,-0.0635107,-0.0609984,-0.0613653
-82.7211,-0.0467458,-0.0625982,-0.0602696,-0.0606158
-82.6984,-0.0457226,-0.0620709,-0.0595273,-0.0598522
-82.6757,-0.0446882,-0.0606541,-0.0587716,-0.0590746
-82.6531,-0.0436428,-0.0602329,-0.0580028,-0.0582831
-82.6304,-0.0425867,-0.0586858,-0.0572211,-0.057478
-82.6077,-0.0415201,-0.0587982,-0.0564267,-0.0566595
-82.585,-0.0404434,-0.057396,-0.0556197,-0.0558278
-82.5624,-0.0393567,-0.0565287,-0.0548004,-0.0549831
-82.5397,-0.0382603,-0.0560165,-0.053969,-0.0541256
-82.517,-0.0371546,-0.0543689,-0.0531258,-0.0532556
-82.4943,-0.0360397,-0.0537827,-0.0522708,-0.0523732
-82.4717,-0.0349159,-0.0532907,-0.0514044,-0.0514786
-82.449,-0.0337836,-0.0516494,-0.0505268,-0.0505721
-82.4263,-0.032643,-0.0507354,-0.0496382,-0.049654
-82.4036,-0.0314944,-0.0504132,-0.0487388,-0.0487244
-82.381,-0.030338,-0.0491204,-0.0478288,-0.0477835
-82.3583,-0.0291742,-0.0473076,-0.0469085,-0.0468316
-82.3356,-0.0280032,-0.0466345,-0.0459782,-0.045869
-82.3129,-0.0268254,-0.0452202,-0.045038,-0.0448959
-82.2902,-0.0256409,-0.0441821,-0.0440882,-0.0439124
-82.2676,-0.0244502,-0.043327,-0.0431289,-0.0429189
-82.2449,-0.0232534,-0.042981,-0.0421606,-0.0419157
-82.2222,-0.022051,-0.0416451,-0.0411834,-0.0409028
-82.1995,-0.0208431,-0.0404694,-0.0401976,-0.0398807
-82.1769,-0.0196301,-0.0391433,-0.0392033,-0.0388495
-82.1542,-0.0184123,-0.0378802,-0.0382009,-0.0378095
-82.1315,-0.01719,-0.0367606,-0.0371906,-0.036761
-82.1088,-0.0159634,-0.0362178,-0.0361727,-0.0357042
-82.0862,-0.0147329,-0.0345091,-0.0351474,-0.0346394
-82.0635,-0.0134988,-0.03322,-0.0341149,-0.0335668
-82.0408,-0.0122614,-0.0320374,-0.0330756,-0.0324867
-82.0181,-0.011021,-0.0313895,-0.0320296,-0.0313994
-81.9955,-0.00977783,-0.0301116,-0.0309773,-0.0303051
-81.9728,-0.00853229,-0.0286469,-0.0299189,-0.0292041
-81.9501,-0.00728466,-0.0278656,-0.0288546,-0.0280966
-81.9274,-0.00603524,-0.0268261,-0.0277848,-0.026983
-81.9048,-0.00478433,-0.0252528,-0.0267096,-0.0258635
-81.8821,-0.00353225,-0.0240192,-0.0256294,-0.0247383
-81.8594,-0.00227931,-0.0229383,-0.0245444,-0.0236079
-81.8367,-0.0010258,-0.021708,-0.0234548,-0.0224723
-81.8141,0.000227961,-0.0202639,-0.022361,-0.021332
-81.7914,0.00148166,-0.0189413,-0.0212632,-0.0201871
-81.7687,0.002735,-0.0175513,-0.0201617,-0.019038
-81.746,0.00398767,-0.0161285,-0.0190567,-0.0178849
-81.7234,0.00523936,-0.0153311,-0.0179486,-0.0167282
-81.7007,0.00648976,-0.0139255,-0.0168374,-0.015568
-81.678,0.00773857,-0.0127198,-0.0157237,-0.0144047
-81.6553,0.00898547,-0.0114571,-0.0146076,-0.0132386
-81.6327,0.0102302,-0.00989365,-0.0134893,-0.0120699
-81.61,0.0114724,-0.00800339,-0.0123692,-0.0108989
-81.5873,0.0127117,-0.00739702,-0.0112475,-0.00972592
-81.5646,0.013948,-0.00628259,-0.0101245,-0.00855122
-81.542,0.0151808,-0.00459635,-0.00900041,-0.00737511
-81.5193,0.0164099,-0.00416038,-0.00787556,-0.00619783
-81.4966,0.017635,-0.00156837,-0.00675021,-0.0050197
-81.4739,0.0188557,-0.000643245,-0.00562463,-0.00384098
-81.4512,0.0200718,0.000488378,-0.00449904,-0.00266195
-81.4286,0.0212829,0.00141807,-0.00337374,-0.00148292
-81.4059,0.0224889,0.00248624,-0.00224903,-0.000304159
-81.3832,0.0236893,0.00405917,-0.00112512,0.000874082
-81.3605,0.0248839,0.00539669,-2.29149e-06,0.00205148
-81.3379,0.0260724,0.00661484,0.00111921,0.00322776
-81.3152,0.0272545,0.00849071,0.00223906,0.00440265
-81.2925,0.0284299,0.0090959,0.00335707,0.00557588
-81.2698,0.0295983,0.0104551,0.00447294,0.00674714
-81.2472,0.0307594,0.0114683,0.00558643,0.00791618
-81.2245,0.031913,0.0129865,0.00669726,0.0090827
-81.2018,0.0330587,0.0146775,0.00780518,0.0102464
-81.1791,0.0341964,0.0153894,0.00890994,0.0114071
-81.1565,0.0353256,0.0164448,0.0100113,0.0125645
-81.1338,0.0364461,0.0181857,0.011109,0.0137182
-81.1111,0.0375577,0.01916,0.0122027,0.014868
-81.0884,0.0386601,0.0209493,0.0132923,0.0160137
-81.0658,0.039753,0.0218546,0.0143775,0.0171549
-81.0431,0.0408361,0.0237343,0.015458,0.0182915
-81.0204,0.0419092,0.0246833,0.0165336,0.0194231
-80.9977,0.042972,0.0254672,0.017604,0.0205494
-80.9751,0.0440242,0.0268334,0.018669,0.0216702
-80.9524,0.0450656,0.0280329,0.0197284,0.0227853
-80.9297,0.046096,0.0294804,0.0207819,0.0238943
-80.907,0.047115,0.0311081,0.0218293,0.0249971
-80.8844,0.0481224,0.0319805,0.0228704,0.0260933
-80.8617,0.0491181,0.0326176,0.0239048,0.0271827
-80.839,0.0501017,0.0344857,0.0249325,0.028265
-80.8163,0.0510729,0.0357378,0.0259531,0.02934
-80.7937,0.0520316,0.0362122,0.0269665,0.0304075
-80.771,0.0529776,0.0381139,0.0279723,0.0314671
-80.7483,0.0539105,0.039394,0.0289705,0.0325187
-80.7256,0.0548302,0.0405728,0.0299607,0.0335619
-80.7029,0.0557364,0.0410133,0.0309428,0.0345967
-80.6803,0.056629,0.0422728,0.0319165,0.0356226
-80.6576,0.0575076,0.0440784,0.0328817,0.0366395
-80.6349,0.0583721,0.0450186,0.0338381,0.0376471
-80.6122,0.0592222,0.0462197,0.0347855,0.0386452
-80.5896,0.0600579,0.0466153,0.0357237,0.0396336
-80.5669,0.0608787,0.0481087,0.0366526,0.040612
-80.5442,0.0616846,0.0493591,0.0375718,0.0415803
-80.5215,0.0624754,0.0499151,0.0384813,0.0425381
-80.4989,0.0632508,0.0514082,0.0393808,0.0434853
-80.4762,0.0640107,0.0526897,0.0402701,0.0444216
-80.4535,0.0647548,0.0533904,0.0411491,0.0453469
-80.4308,0.0654831,0.0543511,0.0420176,0.0462609
-80.4082,0.0661953,0.055227,0.0428754,0.0471635
-80.3855,0.0668912,0.0565774,0.0437222,0.0480543
-80.3628,0.0675706,0.0577668,0.044558,0.0489333
-80.3401,0.0682335,0.0586699,0.0453826,0.0498001
-80.3175,0.0688797,0.0588607,0.0461958,0.0506547
-80.2948,0.0695089,0.0600773,0.0469974,0.0514967
-80.2721,0.070121,0.0616316,0.0477873,0.0523261
-80.2494,0.0707159,0.0616734,0.0485653,0.0531427
-80.2268,0.0712935,0.0634368,0.0493313,0.0539461
-80.2041,0.0718535,0.0642458,0.0500851,0.0547364
-80.1814,0.0723959,0.0653864,0.0508265,0.0555132
-80.1587,0.0729205,0.0662566,0.0515555,0.0562765
-80.1361,0.0734272,0.0666803,0.0522718,0.057026
-80.1134,0.0739158,0.0674537,0.0529754,0.0577616
-80.0907,0.0743863,0.0681826,0.0536661,0.0584831
-80.068,0.0748385,0.0693809,0.0543438,0.0591903
-80.0454,0.0752724,0.0704087,0.0550083,0.0598832
-80.0227,0.0756878,0.0712276,0.0556595,0.0605614
-80,0.0760845,0.0718282,0.0562973,0.061225
-79.9773,0.0764626,0.0719239,0.0569217,0.0618738
-79.9546,0.0768219,0.073962,0.0575324,0.0625075
-79.932,0.0771623,0.0740655,0.0581293,0.0631261
-79.9093,0.0774838,0.0746878,0.0587124,0.0637294
-79.8866,0.0777863,0.0754722,0.0592816,0.0643174
-79.8639,0.0780696,0.0765893,0.0598367,0.0648898
-79.8413,0.0783338,0.076578,0.0603777,0.0654465
-79.8186,0.0785787,0.0771259,0.0609044,0.0659875
-79.7959,0.0788043,0.0781933,0.0614169,0.0665126
-79.7732,0.0790106,0.0793819,0.0619149,0.0670217
-79.7506,0.0791975,0.0794555,0.0623985,0.0675147
-79.7279,0.0793649,0.0791816,0.0628675,0.0679915
-79.7052,0.0795128,0.0796194,0.0633219,0.068452
-79.6825,0.0796412,0.0816069,0.0637616,0.0688961
-79.6599,0.07975,0.0815588,0.0641865,0.0693237
-79.6372,0.0798393,0.0822993,0.0645965,0.0697347
-79.6145,0.0799089,0.0824686,0.0649917,0.070129
-79.5918,0.0799589,0.0833935,0.065372,0.0705066
-79.5692,0.0799893,0.0829223,0.0657373,0.0708674
-79.5465,0.08,0.0831242,0.0660875,0.0712112
-79.5238,0.0799911,0.0834959,0.0664227,0.0715381
-79.5011,0.0799625,0.0853751,0.0667428,0.071848
-79.4785,0.0799142,0.0847578,0.0670477,0.0721408
-79.4558,0.0798464,0.0846521,0.0673374,0.0724164
-79.4331,0.0797589,0.0853807,0.0676119,0.0726749
-79.4104,0.0796519,0.0869953,0.0678711,0.0729162
-79.3878,0.0795253,0.0853395,0.0681152,0.0731401
-79.3651,0.0793791,0.0864986,0.0683439,0.0733467
-79.3424,0.0792135,0.0863683,0.0685574,0.073536
-79.3197,0.0790284,0.0868519,0.0687555,0.0737079
-79.2971,0.0788239,0.0864157,0.0689384,0.0738624
-79.2744,0.0786,0.0861596,0.069106,0.0739995
-79.2517,0.0783568,0.08641,0.0692583,0.0741191
-79.229,0.0780944,0.0869458,0.0693953,0.0742213
-79.2063,0.0778128,0.0872999,0.0695169,0.074306
-79.1837,0.0775121,0.0868892,0.0696234,0.0743732
-79.161,0.0771923,0.0865487,0.0697145,0.0744229
-79.1383,0.0768536,0.0871879,0.0697905,0.0744552
-79.1156,0.076496,0.0865884,0.0698512,0.07447
-79.093,0.0761197,0.0870137,0.0698967,0.0744673
-79.0703,0.0757246,0.0873593,0.0699271,0.0744473
-79.0476,0.0753109,0.0879903,0.0699424,0.0744098
-79.0249,0.0748787,0.0870551,0.0699425,0.0743549
-79.0023,0.0744282,0.0858717,0.0699276,0.0742826
-78.9796,0.0739593,0.0869682,0.0698978,0.074193
-78.9569,0.0734723,0.0866015,0.069853,0.0740862
-78.9342,0.0729673,0.087118,0.0697932,0.073962
-78.9116,0.0724443,0.086026,0.0697187,0.0738207
-78.8889,0.0719035,0.0858667,0.0696293,0.0736622
-78.8662,0.0713451,0.0862093,0.0695252,0.0734866
-78.8435,0.0707691,0.0864699,0.0694065,0.073294
-78.8209,0.0701758,0.085921,0.0692731,0.0730843
-78.7982,0.0695652,0.0851177,0.0691252,0.0728578
-78.7755,0.0689376,0.0854628,0.0689629,0.0726143
-78.7528,0.068293,0.0844785,0.0687862,0.0723541
-78.7302,0.0676316,0.0846424,0.0685952,0.0720772
-78.7075,0.0669536,0.0839612,0.06839,0.0717836
-78.6848,0.0662592,0.083854,0.0681706,0.0714736
-78.6621,0.0655485,0.0827693,0.0679373,0.071147
-78.6395,0.0648217,0.0827029,0.0676899,0.0708041
-78.6168,0.064079,0.0820503,0.0674287,0.070445
-78.5941,0.0633205,0.0815174,0.0671538,0.0700696
-78.5714,0.0625465,0.0809594,0.0668652,0.0696782
-78.5488,0.0617571,0.0815561,0.0665631,0.0692709
-78.5261,0.0609526,0.0806989,0.0662475,0.0688477
-78.5034,0.0601331,0.0800611,0.0659186,0.0684087
-78.4807,0.0592988,0.0808204,0.0655764,0.0679542
-78.458,0.05845,0.0794457,0.0652212,0.0674842
-78.4354,0.0575868,0.0772729,0.0648529,0.0669988
-78.4127,0.0567094,0.0779932,0.0644718,0.0664981
-78.39,0.0558181,0.0774695,0.0640779,0.0659824
-78.3673,0.0549131,0.0772782,0.0636714,0.0654517
-78.3447,0.0539947,0.0763675,0.0632524,0.0649061
-78.322,0.0530629,0.0759076,0.062821,0.0643459
-78.2993,0.0521182,0.0743523,0.0623774,0.0637711
-78.2766,0.0511606,0.0740346,0.0619216,0.0631819
-78.254,0.0501905,0.0735598,0.0614539,0.0625785
-78.2313,0.049208,0.0715149,0.0609743,0.061961
-78.2086,0.0482134,0.0717941,0.0604831,0.0613296
-78.1859,0.0472071,0.0716751,0.0599803,0.0606843
-78.1633,0.0461891,0.0705595,0.0594661,0.0600255
-78.1406,0.0451597,0.0699682,0.0589406,0.0593532
-78.1179,0.0441193,0.0684412,0.058404,0.0586677
-78.0952,0.043068,0.0684461,0.0578565,0.0579691
-78.0726,0.0420062,0.0663523,0.0572981,0.0572576
-78.0499,0.0409341,0.0655472,0.0567291,0.0565333
-78.0272,0.0398518,0.0644767,0.0561496,0.0557965
-78.0045,0.0387598,0.0646626,0.0555597,0.0550473
-77.9819,0.0376583,0.0631933,0.0549596,0.054286
-77.9592,0.0365476,0.0619387,0.0543496,0.0535126
-77.9365,0.0354278,0.0620261,0.0537296,0.0527274
-77.9138,0.0342994,0.0605856,0.0531,0.0519307
-77.8912,0.0331625,0.0598164,0.0524608,0.0511225
-77.8685,0.0320175,0.0583639,0.0518122,0.0503031
-77.8458,0.0308646,0.057764,0.0511545,0.0494727
-77.8231,0.0297041,0.0578354,0.0504877,0.0486316
-77.8005,0.0285364,0.0562738,0.049812,0.0477798
-77.7778,0.0273616,0.055344,0.0491277,0.0469177
-77.7551,0.0261801,0.0541301,0.0484348,0.0460453
-77.7324,0.0249922,0.0532461,0.0477336,0.0451631
-77.7098,0.0237982,0.0520789,0.0470243,0.0442711
-77.6871,0.0225982,0.0503111,0.0463069,0.0433695
-77.6644,0.0213928,0.0492832,0.0455818,0.0424587
-77.6417,0.0201821,0.0489166,0.0448489,0.0415388
-77.619,0.0189664,0.0477374,0.0441087,0.0406101
-77.5964,0.0177461,0.0458594,0.0433611,0.0396727
-77.5737,0.0165214,0.0450932,0.0426065,0.0387269
-77.551,0.0152927,0.0442373,0.041845,0.0377729
-77.5283,0.0140602,0.0428923,0.0410766,0.036811
-77.5057,0.0128242,0.0419154,0.0403018,0.0358414
-77.483,0.0115852,0.0411229,0.0395206,0.0348643
-77.4603,0.0103432,0.0407934,0.0387332,0.03388
-77.4376,0.00909872,0.0376433,0.0379398,0.0328887
-77.415,0.00785201,0.0377764,0.0371406,0.0318906
-77.3923,0.00660336,0.0368012,0.0363357,0.0308859
-77.3696,0.00535309,0.0344599,0.0355254,0.029875
-77.3469,0.00410151,0.0343025,0.0347098,0.0288581
-77.3243,0.00284891,0.0332519,0.0338892,0.0278354
-77.3016,0.00159562,0.0310725,0.0330637,0.0268071
-77.2789,0.000341941,0.029656,0.0322335,0.0257735
-77.2562,-0.000911826,0.0293334,0.0313987,0.0247348
-77.2336,-0.00216537,0.0278255,0.0305596,0.0236913
-77.2109,-0.00341838,0.0270224,0.0297164,0.0226433
-77.1882,-0.00467055,0.0252938,0.0288692,0.0215909
-77.1655,-0.00592157,0.023978,0.0280182,0.0205344
-77.1429,-0.00717114,0.0236111,0.0271637,0.0194742
-77.1202,-0.00841895,0.0222517,0.0263057,0.0184103
-77.0975,-0.00966469,0.0199055,0.0254445,0.0173431
-77.0748,-0.0109081,0.0182632,0.0245803,0.0162729
-77.0522,-0.0121487,0.0174282,0.0237133,0.0151999
-77.0295,-0.0133865,0.0159334,0.0228435,0.0141243
-77.0068,-0.0146209,0.0148906,0.0219713,0.0130463
-76.9841,-0.0158517,0.0127111,0.0210968,0.0119663
-76.9615,-0.0170786,0.0127115,0.0202202,0.0108845
-76.9388,-0.0183014,0.0125336,0.0193417,0.00980117
-76.9161,-0.0195196,0.0102521,0.0184614,0.00871651
-76.8934,-0.020733,0.00906829,0.0175795,0.00763081
-76.8707,-0.0219414,0.00964638,0.0166962,0.00654431
-76.8481,-0.0231444,0.00629062,0.0158118,0.00545725
-76.8254,-0.0243416,0.00501902,0.0149263,0.00436992
-76.8027,-0.0255329,0.00426182,0.0140399,0.00328254
-76.78,-0.026718,0.00360742,0.0131529,0.00219538
-76.7574,-0.0278964,0.00223481,0.0122654,0.00110867
-76.7347,-0.0290681,0.000306339,0.0113776,2.26657e-05
-76.712,-0.0302325,-0.00158459,0.0104896,-0.00106236
-76.6893,-0.0313896,-0.00117469,0.00960169,-0.00214616
-76.6667,-0.0325389,-0.00296118,0.00871392,-0.00322852
-76.644,-0.0336803,-0.00478111,0.00782658,-0.00430916
-76.6213,-0.0348134,-0.00661841,0.00693973,-0.00538784
-76.5986,-0.0359379,-0.00629603,0.00605364,-0.0064643
-76.576,-0.0370536,-0.00880322,0.00516842,-0.00753833
-76.5533,-0.0381602,-0.00926891,0.00428425,-0.00860965
-76.5306,-0.0392574,-0.0112189,0.0034013,-0.00967803
-76.5079,-0.040345,-0.0127746,0.00251974,-0.0107432
-76.4853,-0.0414227,-0.0124811,0.00163972,-0.011805
-76.4626,-0.0424902,-0.0142713,0.000761401,-0.0128631
-76.4399,-0.0435472,-0.0162434,-0.000115047,-0.0139173
-76.4172,-0.0445936,-0.016836,-0.000989417,-0.0149673
-76.3946,-0.045629,-0.0178394,-0.00186162,-0.0160129
-76.3719,-0.0466532,-0.0190497,-0.00273149,-0.017054
-76.3492,-0.047666,-0.020901,-0.00359885,-0.0180902
-76.3265,-0.048667,-0.021357,-0.00446355,-0.0191212
-76.3039,-0.0496561,-0.0221976,-0.00532544,-0.020147
-76.2812,-0.050633,-0.0229222,-0.00618435,-0.0211672
-76.2585,-0.0515974,-0.024921,-0.00704018,-0.0221817
-76.2358,-0.0525492,-0.0262105,-0.00789269,-0.0231901
-76.2132,-0.0534881,-0.026592,-0.00874182,-0.0241923
-76.1905,-0.0544138,-0.0271984,-0.00958737,-0.025188
-76.1678,-0.0553262,-0.0290041,-0.0104292,-0.0261771
-76.1451,-0.056225,-0.0311269,-0.0112673,-0.0271593
-76.1224,-0.0571099,-0.0308763,-0.0121013,-0.0281343
-76.0998,-0.0579809,-0.0323295,-0.0129312,-0.0291021
-76.0771,-0.0588376,-0.0330037,-0.0137569,-0.0300623
-76.0544,-0.0596798,-0.0353432,-0.0145782,-0.0310147
-76.0317,-0.0605074,-0.0360895,-0.0153949,-0.0319592
-76.0091,-0.0613202,-0.0361999,-0.0162069,-0.0328955
-75.9864,-0.0621178,-0.0387407,-0.0170142,-0.0338234
-75.9637,-0.0629003,-0.0398142,-0.0178165,-0.0347427
-75.941,-0.0636672,-0.0412306,-0.0186138,-0.0356533
-75.9184,-0.0644185,-0.0411754,-0.0194059,-0.0365549
-75.8957,-0.0651541,-0.0421132,-0.0201928,-0.0374473
-75.873,-0.0658736,-0.0434348,-0.0209741,-0.0383303
-75.8503,-0.0665769,-0.0448021,-0.02175,-0.0392038
-75.8277,-0.0672638,-0.0451669,-0.0225202,-0.0400676
-75.805,-0.0679343,-0.0466235,-0.0232846,-0.0409214
-75.7823,-0.0685881,-0.0478536,-0.0240431,-0.041765
-75.7596,-0.069225,-0.0479508,-0.0247956,-0.0425984
-75.737,-0.0698449,-0.0482286,-0.0255419,-0.0434213
-75.7143,-0.0704476,-0.0504635,-0.0262821,-0.0442336
-75.6916,-0.0710331,-0.0510558,-0.0270159,-0.045035
-75.6689,-0.0716011,-0.0515882,-0.0277432,-0.0458254
-75.6463,-0.0721515,-0.0530802,-0.0284641,-0.0466047
-75.6236,-0.0726842,-0.0539044,-0.0291783,-0.0473726
-75.6009,-0.0731991,-0.0534496,-0.0298857,-0.0481291
-75.5782,-0.0736959,-0.056437,-0.0305862,-0.0488739
-75.5556,-0.0741747,-0.0563153,-0.0312799,-0.0496069
-75.5329,-0.0746353,-0.0561798,-0.0319665,-0.0503279
-75.5102,-0.0750775,-0.0577884,-0.0326459,-0.0510368
-75.4875,-0.0755012,-0.0584637,-0.0333182,-0.0517335
-75.4649,-0.0759065,-0.0590209,-0.0339831,-0.0524178
-75.4422,-0.0762931,-0.0608547,-0.0346406,-0.0530895
-75.4195,-0.0766609,-0.060518,-0.0352906,-0.0537486
-75.3968,-0.0770099,-0.0632721,-0.0359331,-0.0543948
-75.3741,-0.07734,-0.0625893,-0.0365679,-0.0550281
-75.3515,-0.0776512,-0.0629014,-0.037195,-0.0556484
-75.3288,-0.0779432,-0.0641034,-0.0378142,-0.0562554
-75.3061,-0.0782161,-0.0641197,-0.0384256,-0.0568491
-75.2834,-0.0784698,-0.0653815,-0.039029,-0.0574294
-75.2608,-0.0787042,-0.0669476,-0.0396244,-0.0579961
-75.2381,-0.0789192,-0.0661434,-0.0402117,-0.0585492
-75.2154,-0.0791149,-0.0674708,-0.0407907,-0.0590885
-75.1927,-0.0792912,-0.0668452,-0.0413616,-0.0596139
-75.1701,-0.079448,-0.067947,-0.0419242,-0.0601253
-75.1474,-0.0795853,-0.0688408,-0.0424783,-0.0606227
-75.1247,-0.079703,-0.0714033,-0.0430241,-0.0611059
-75.102,-0.0798011,-0.0707107,-0.0435613,-0.0615748
-75.0794,-0.0798797,-0.070939,-0.04409,-0.0620294
-75.0567,-0.0799386,-0.0704769,-0.0446101,-0.0624695
-75.034,-0.0799779,-0.0710701,-0.0451215,-0.0628951
-75.0113,-0.0799975,-0.072661,-0.0456242,-0.0633061
-74.9887,-0.0799975,-0.0731609,-0.0461181,-0.0637025
-74.966,-0.0799779,-0.0733961,-0.0466032,-0.0640841
-74.9433,-0.0799386,-0.0739184,-0.0470795,-0.0644508
-74.9206,-0.0798797,-0.0735207,-0.0475468,-0.0648027
-74.898,-0.0798011,-0.0755738,-0.0480052,-0.0651397
-74.8753,-0.079703,-0.0739577,-0.0484545,-0.0654617
-74.8526,-0.0795853,-0.0742217,-0.0488948,-0.0657686
-74.8299,-0.079448,-0.0746533,-0.0493261,-0.0660604
-74.8073,-0.0792912,-0.0750677,-0.0497482,-0.0663371
-74.7846,-0.0791149,-0.0738161,-0.0501611,-0.0665986
-74.7619,-0.0789192,-0.0747189,-0.0505649,-0.0668448
-74.7392,-0.0787042,-0.0753484,-0.0509594,-0.0670758
-74.7166,-0.0784698,-0.0756864,-0.0513447,-0.0672915
-74.6939,-0.0782161,-0.074824,-0.0517206,-0.0674919
-74.6712,-0.0779432,-0.0757074,-0.0520873,-0.067677
-74.6485,-0.0776512,-0.0750577,-0.0524446,-0.0678466
-74.6259,-0.07734,-0.0758887,-0.0527925,-0.0680009
-74.6032,-0.0770099,-0.0758,-0.053131,-0.0681398
-74.5805,-0.0766609,-0.0743952,-0.0534601,-0.0682632
-74.5578,-0.0762931,-0.0773598,-0.0537798,-0.0683712
-74.5351,-0.0759065,-0.0765306,-0.05409,-0.0684638
-74.5125,-0.0755012,-0.0754254,-0.0543907,-0.068541
-74.4898,-0.0750775,-0.0764525,-0.0546819,-0.0686027
-74.4671,-0.0746353,-0.0748295,-0.0549637,-0.0686491
-74.4444,-0.0741747,-0.0765771,-0.0552358,-0.06868
-74.4218,-0.0736959,-0.0789605,-0.0554985,-0.0686955
-74.3991,-0.0731991,-0.0759347,-0.0557516,-0.0686956
-74.3764,-0.0726842,-0.075923,-0.0559951,-0.0686804
-74.3537,-0.0721515,-0.0771931,-0.056229,-0.0686499
-74.3311,-0.0716011,-0.0754514,-0.0564534,-0.068604
-74.3084,-0.0710331,-0.0757665,-0.0566682,-0.0685429
-74.2857,-0.0704476,-0.0762865,-0.0568734,-0.0684665
-74.263,-0.0698449,-0.0754014,-0.057069,-0.0683749
-74.2404,-0.069225,-0.0755928,-0.0572549,-0.0682682
-74.2177,-0.0685881,-0.0733819,-0.0574313,-0.0681463
-74.195,-0.0679343,-0.0744825,-0.0575981,-0.0680094
-74.1723,-0.0672638,-0.0743077,-0.0577553,-0.0678574
-74.1497,-0.0665769,-0.0719732,-0.0579029,-0.0676905
-74.127,-0.0658736,-0.0745439,-0.0580409,-0.0675086
-74.1043,-0.0651541,-0.0728367,-0.0581693,-0.0673119
-74.0816,-0.0644185,-0.0721794,-0.0582881,-0.0671005
-74.059,-0.0636672,-0.0713686,-0.0583973,-0.0668743
-74.0363,-0.0629003,-0.0718482,-0.058497,-0.0666334
-74.0136,-0.0621178,-0.0706407,-0.0585871,-0.066378
-73.9909,-0.0613202,-0.0691786,-0.0586677,-0.0661081
-73.9683,-0.0605074,-0.070528,-0.0587387,-0.0658238
-73.9456,-0.0596798,-0.0687052,-0.0588002,-0.0655251
-73.9229,-0.0588376,-0.0675231,-0.0588522,-0.0652122
-73.9002,-0.0579809,-0.0691298,-0.0588946,-0.0648851
-73.8776,-0.0571099,-0.0670399,-0.0589276,-0.064544
-73.8549,-0.056225,-0.0674264,-0.0589511,-0.0641889
-73.8322,-0.0553262,-0.06803,-0.0589652,-0.0638199
-73.8095,-0.0544138,-0.0655145,-0.0589698,-0.0634371
-73.7868,-0.0534881,-0.0654896,-0.058965,-0.0630407
-73.7642,-0.0525492,-0.0651867,-0.0589508,-0.0626307
-73.7415,-0.0515974,-0.0634521,-0.0589272,-0.0622073
-73.7188,-0.050633,-0.0640539,-0.0588943,-0.0617706
-73.6961,-0.0496561,-0.063107,-0.058852,-0.0613206
-73.6735,-0.048667,-0.0626447,-0.0588004,-0.0608575
-73.6508,-0.047666,-0.0611312,-0.0587396,-0.0603814
-73.6281,-0.0466532,-0.0589211,-0.0586695,-0.0598925
-73.6054,-0.045629,-0.0594455,-0.0585901,-0.0593908
-73.5828,-0.0445936,-0.0598109,-0.0585016,-0.0588766
-73.5601,-0.0435472,-0.0575155,-0.0584038,-0.0583498
-73.5374,-0.0424902,-0.0584443,-0.0582969,-0.0578108
-73.5147,-0.0414227,-0.0567486,-0.0581809,-0.0572595
-73.4921,-0.040345,-0.0550547,-0.0580558,-0.0566962
-73.4694,-0.0392574,-0.0544909,-0.0579217,-0.0561209
-73.4467,-0.0381602,-0.054612,-0.0577784,-0.0555339
-73.424,-0.0370536,-0.0554935,-0.0576263,-0.0549353
-73.4014,-0.0359379,-0.0512718,-0.0574651,-0.0543251
-73.3787,-0.0348134,-0.0503759,-0.057295,-0.0537037
-73.356,-0.0336803,-0.0509641,-0.057116,-0.0530711
-73.3333,-0.0325389,-0.0480638,-0.0569282,-0.0524274
-73.3107,-0.0313896,-0.0484119,-0.0567315,-0.0517729
-73.288,-0.0302325,-0.0482119,-0.0565261,-0.0511077
-73.2653,-0.0290681,-0.0472449,-0.0563119,-0.050432
-73.2426,-0.0278964,-0.0450146,-0.0560889,-0.0497459
-73.22,-0.026718,-0.0446659,-0.0558573,-0.0490495
-73.1973,-0.0255329,-0.0433737,-0.0556171,-0.0483432
-73.1746,-0.0243416,-0.0406532,-0.0553683,-0.0476269
-73.1519,-0.0231444,-0.0423466,-0.0551109,-0.046901
-73.1293,-0.0219414,-0.0409973,-0.054845,-0.0461656
-73.1066,-0.020733,-0.0399181,-0.0545707,-0.0454208
-73.0839,-0.0195196,-0.0373311,-0.0542879,-0.0446668
-73.0612,-0.0183014,-0.0378505,-0.0539968,-0.0439039
-73.0385,-0.0170786,-0.0362003,-0.0536973,-0.0431321
-73.0159,-0.0158517,-0.0338046,-0.0533895,-0.0423517
-72.9932,-0.0146209,-0.0343572,-0.0530735,-0.0415629
-72.9705,-0.0133865,-0.0319088,-0.0527492,-0.0407658
-72.9478,-0.0121487,-0.0314139,-0.0524168,-0.0399607
-72.9252,-0.0109081,-0.0277549,-0.0520764,-0.0391476
-72.9025,-0.00966469,-0.0289115,-0.0517278,-0.0383269
-72.8798,-0.00841895,-0.0293121,-0.0513712,-0.0374987
-72.8571,-0.00717114,-0.0255325,-0.0510067,-0.0366632
-72.8345,-0.00592157,-0.0267033,-0.0506343,-0.0358205
-72.8118,-0.00467055,-0.0258865,-0.050254,-0.034971
-72.7891,-0.00341838,-0.0213307,-0.0498659,-0.0341147
-72.7664,-0.00216537,-0.0217671,-0.0494701,-0.0332519
-72.7438,-0.000911826,-0.0225723,-0.0490666,-0.0323828
-72.7211,0.000341941,-0.0196201,-0.0486554,-0.0315075
-72.6984,0.00159562,-0.0178654,-0.0482366,-0.0306264
-72.6757,0.00284891,-0.016662,-0.0478103,-0.0297395
-72.6531,0.00410151,-0.0137506,-0.0473765,-0.0288471
-72.6304,0.00535309,-0.013184,-0.0469352,-0.0279494
-72.6077,0.00660336,-0.0121727,-0.0464867,-0.0270465
-72.585,0.00785201,-0.013524,-0.0460307,-0.0261388
-72.5624,0.00909872,-0.0107716,-0.0455676,-0.0252263
-72.5397,0.0103432,-0.00919459,-0.0450972,-0.0243094
-72.517,0.0115852,-0.00889039,-0.0446197,-0.0233882
-72.4943,0.0128242,-0.00724639,-0.0441351,-0.0224629
-72.4717,0.0140602,-0.00486908,-0.0436435,-0.0215337
-72.449,0.0152927,-0.00527793,-0.043145,-0.0206009
-72.4263,0.0165214,-0.00264713,-0.0426395,-0.0196646
-72.4036,0.0177461,-0.00137455,-0.0421273,-0.0187251
-72.381,0.0189664,6.72498e-05,-0.0416082,-0.0177825
-72.3583,0.0201821,0.000478161,-0.0410825,-0.0168371
-72.3356,0.0213928,0.00292972,-0.0405501,-0.0158891
-72.3129,0.0225982,0.00284002,-0.0400112,-0.0149387
-72.2902,0.0237982,0.00425529,-0.0394657,-0.0139861
-72.2676,0.0249922,0.00645166,-0.0389138,-0.0130315
-72.2449,0.0261801,0.00781137,-0.0383556,-0.0120751
-72.2222,0.0273616,0.00570603,-0.037791,-0.0111172
-72.1995,0.0285364,0.0111897,-0.0372203,-0.0101579
-72.1769,0.0297041,0.0104764,-0.0366433,-0.00919748
-72.1542,0.0308646,0.0108753,-0.0360602,-0.00823613
-72.1315,0.0320175,0.0127399,-0.0354712,-0.00727407
-72.1088,0.0331625,0.0139335,-0.0348762,-0.0063115
-72.0862,0.0342994,0.017888,-0.0342753,-0.0053486
-72.0635,0.0354278,0.0175771,-0.0336686,-0.00438564
-72.0408,0.0365476,0.0181914,-0.0330562,-0.00342278
-72.0181,0.0376583,0.0208307,-0.0324381,-0.00246025
-71.9955,0.0387598,0.0189736,-0.0318144,-0.00149826
-71.9728,0.0398518,0.0218781,-0.0311853,-0.00053701
-71.9501,0.0409341,0.0241135,-0.0305507,0.000423294
-71.9274,0.0420062,0.0250116,-0.0299108,0.00138244
-71.9048,0.043068,0.0263535,-0.0292656,0.00234022
-71.8821,0.0441193,0.0265021,-0.0286153,0.00329644
-71.8594,0.0451597,0.0281291,-0.0279598,0.00425088
-71.8367,0.0461891,0.028559,-0.0272994,0.00520333
-71.8141,0.0472071,0.0301643,-0.0266339,0.00615363
-71.7914,0.0482134,0.0317303,-0.0259636,0.00710153
-71.7687,0.049208,0.0311578,-0.0252886,0.00804687
-71.746,0.0501905,0.0324848,-0.0246089,0.0089894
-71.7234,0.0511606,0.0348564,-0.0239245,0.00992899
-71.7007,0.0521182,0.0362775,-0.0232356,0.0108654
-71.678,0.0530629,0.0354446,-0.0225424,0.0117984
-71.6553,0.0539947,0.0379021,-0.0218447,0.0127278
-71.6327,0.0549131,0.0379928,-0.0211429,0.0136535
-71.61,0.0558181,0.0387744,-0.0204368,0.0145752
-71.5873,0.0567094,0.040109,-0.0197267,0.0154927
-71.5646,0.0575868,0.0422733,-0.0190126,0.0164059
-71.542,0.05845,0.0427092,-0.0182946,0.0173146
-71.5193,0.0592988,0.0432545,-0.0175729,0.0182186
-71.4966,0.0601331,0.0473112,-0.0168474,0.0191176
-71.4739,0.0609526,0.0450044,-0.0161184,0.0200115
-71.4512,0.0617571,0.0458798,-0.0153858,0.0209002
-71.4286,0.0625465,0.0483436,-0.0146498,0.0217834
-71.4059,0.0633205,0.0465633,-0.0139106,0.0226609
-71.3832,0.064079,0.0517838,-0.0131681,0.0235327
-71.3605,0.0648217,0.0527385,-0.0124225,0.0243984
-71.3379,0.0655485,0.0524776,-0.0116738,0.0252579
-71.3152,0.0662592,0.054233,-0.0109223,0.0261111
-71.2925,0.0669536,0.0540638,-0.010168,0.0269577
-71.2698,0.0676316,0.0548395,-0.00941092,0.0277977
-71.2472,0.068293,0.0573766,-0.00865128,0.0286307
-71.2245,0.0689376,0.0576838,-0.00788914,0.0294568
-71.2018,0.0695652,0.0578422,-0.0071246,0.0302756
-71.1791,0.0701758,0.0592772,-0.00635778,0.0310871
-71.1565,0.0707691,0.0597953,-0.00558879,0.031891
-71.1338,0.0713451,0.0601749,-0.00481774,0.0326872
-71.1111,0.0719035,0.061172,-0.00404475,0.0334756
-71.0884,0.0724443,0.0623267,-0.00326986,0.034256
-71.0658,0.0729673,0.0644394,-0.00249327,0.0350282
-71.0431,0.0734723,0.064564,-0.00171506,0.0357921
-71.0204,0.0739593,0.0645555,-0.000935351,0.0365475
-70.9977,0.0744282,0.0662617,-0.000154198,0.0372943
-70.9751,0.0748787,0.0679031,0.000628179,0.0380324
-70.9524,0.0753109,0.0667013,0.00141176,0.0387615
-70.9297,0.0757246,0.0691631,0.00219638,0.0394816
-70.907,0.0761197,0.0684952,0.00298195,0.0401925
-70.8844,0.076496,0.0697514,0.00376832,0.0408941
-70.8617,0.0768536,0.0707849,0.00455539,0.0415862
-70.839,0.0771923,0.0713084,0.00534302,0.0422688
-70.8163,0.0775121,0.0722289,0.00613113,0.0429416
-70.7937,0.0778128,0.0756501,0.00691957,0.0436045
-70.771,0.0780944,0.0736839,0.00770821,0.0442575
-70.7483,0.0783568,0.0738664,0.00849694,0.0449003
-70.7256,0.0786,0.0743828,0.00928566,0.045533
-70.7029,0.0788239,0.0763632,0.0100742,0.0461553
-70.6803,0.0790284,0.0762904,0.0108625,0.0467671
-70.6576,0.0792135,0.0771532,0.0116503,0.0473684
-70.6349,0.0793791,0.0766242,0.0124376,0.047959
-70.6122,0.0795253,0.0768193,0.0132242,0.0485387
-70.5896,0.0796519,0.0787946,0.0140101,0.0491076
-70.5669,0.0797589,0.079965,0.014795,0.0496655
-70.5442,0.0798464,0.0776888,0.0155789,0.0502122
-70.5215,0.0799142,0.0815003,0.0163616,0.0507478
-70.4989,0.0799625,0.0809072,0.017143,0.051272
-70.4762,0.0799911,0.0806345,0.017923,0.0517849
-70.4535,0.08,0.0815789,0.0187014,0.0522862
-70.4308,0.0799893,0.0811441,0.019478,0.052776
-70.4082,0.0799589,0.0824456,0.0202529,0.0532541
-70.3855,0.0799089,0.0808193,0.0210257,0.0537204
-70.3628,0.0798393,0.0843548,0.0217965,0.054175
-70.3401,0.07975,0.0835596,0.0225649,0.0546176
-70.3175,0.0796412,0.0823665,0.0233311,0.0550482
-70.2948,0.0795128,0.0846784,0.0240947,0.0554668
-70.2721,0.0793649,0.0838642,0.0248557,0.0558732
-70.2494,0.0791975,0.0843981,0.0256138,0.0562674
-70.2268,0.0790106,0.0855904,0.0263691,0.0566494
-70.2041,0.0788043,0.0847644,0.0271213,0.057019
-70.1814,0.0785787,0.0848028,0.0278703,0.0573763
-70.1587,0.0783338,0.0852719,0.0286159,0.0577211
-70.1361,0.0780696,0.0841962,0.0293581,0.0580534
-70.1134,0.0777863,0.0859563,0.0300967,0.0583732
-70.0907,0.0774838,0.0853446,0.0308315,0.0586804
-70.068,0.0771623,0.0841835,0.0315624,0.0589749
-70.0454,0.0768219,0.0853477,0.0322893,0.0592567
-70.0227,0.0764626,0.0848371,0.033012,0.0595258
-70,0.0760845,0.0872084,0.0337304,0.0597822
-69.9773,0.0756878,0.0872386,0.0344443,0.0600257
-69.9546,0.0752724,0.0848189,0.0351537,0.0602564
-69.932,0.0748385,0.0854464,0.0358583,0.0604742
-69.9093,0.0743863,0.0883557,0.0365581,0.0606792
-69.8866,0.0739158,0.0859551,0.0372528,0.0608712
-69.8639,0.0734272,0.0840434,0.0379424,0.0610503
-69.8413,0.0729205,0.0864911,0.0386267,0.0612164
-69.8186,0.0723959,0.0863995,0.0393056,0.0613695
-69.7959,0.0718535,0.0851214,0.0399788,0.0615097
-69.7732,0.0712935,0.085901,0.0406464,0.0616368
-69.7506,0.0707159,0.0848471,0.0413081,0.061751
-69.7279,0.070121,0.0859049,0.0419638,0.0618521
-69.7052,0.0695089,0.0868828,0.0426134,0.0619402
-69.6825,0.0688797,0.083318,0.0432567,0.0620153
-69.6599,0.0682335,0.0850352,0.0438937,0.0620774
-69.6372,0.0675706,0.0860431,0.044524,0.0621265
-69.6145,0.0668912,0.0833275,0.0451476,0.0621626
-69.5918,0.0661953,0.0816798,0.0457645,0.0621857
-69.5692,0.0654831,0.083697,0.0463744,0.0621958
-69.5465,0.0647548,0.082449,0.0469771,0.0621929
-69.5238,0.0640107,0.0836701,0.0475727,0.0621772
-69.5011,0.0632508,0.080961,0.0481608,0.0621484
-69.4785,0.0624754,0.0813076,0.0487415,0.0621068
-69.4558,0.0616846,0.0830505,0.0493145,0.0620523
-69.4331,0.0608787,0.0814212,0.0498797,0.061985
-69.4104,0.0600579,0.0798826,0.0504371,0.0619049
-69.3878,0.0592222,0.0809615,0.0509863,0.061812
-69.3651,0.0583721,0.080719,0.0515274,0.0617063
-69.3424,0.0575076,0.0804465,0.0520602,0.0615879
-69.3197,0.056629,0.0784805,0.0525845,0.0614569
-69.2971,0.0557364,0.077289,0.0531003,0.0613133
-69.2744,0.0548302,0.0786456,0.0536074,0.0611571
-69.2517,0.0539105,0.0770823,0.0541057,0.0609884
-69.229,0.0529776,0.0755051,0.054595,0.0608072
-69.2063,0.0520316,0.0767568,0.0550752,0.0606136
-69.1837,0.0510729,0.078084,0.0555462,0.0604076
-69.161,0.0501017,0.0745484,0.0560079,0.0601893
-69.1383,0.0491181,0.0743611,0.0564602,0.0599588
-69.1156,0.0481224,0.0732351,0.0569028,0.0597161
-69.093,0.047115,0.072723,0.0573359,0.0594614
-69.0703,0.046096,0.0724305,0.057759,0.0591945
-69.0476,0.0450656,0.0711322,0.0581723,0.0589157
-69.0249,0.0440242,0.070881,0.0585755,0.058625
-69.0023,0.042972,0.0688069,0.0589685,0.0583225
-68.9796,0.0419092,0.0691785,0.0593513,0.0580083
-68.9569,0.0408361,0.0673848,0.0597237,0.0576824
-68.9342,0.039753,0.0656556,0.0600856,0.0573449
-68.9116,0.0386601,0.0656333,0.0604369,0.0569959
-68.8889,0.0375577,0.0652315,0.0607774,0.0566355
-68.8662,0.0364461,0.06415,0.0611072,0.0562637
-68.8435,0.0353256,0.0644025,0.061426,0.0558807
-68.8209,0.0341964,0.0624493,0.0617339,0.0554866
-68.7982,0.0330587,0.0632885,0.0620306,0.0550815
-68.7755,0.031913,0.062863,0.062316,0.0546654
-68.7528,0.0307594,0.0615741,0.0625901,0.0542385
-68.7302,0.0295983,0.059194,0.0628529,0.0538008
-68.7075,0.0284299,0.0580133,0.063104,0.0533524
-68.6848,0.0272545,0.0589171,0.0633436,0.0528935
-68.6621,0.0260724,0.0580327,0.0635715,0.0524242
-68.6395,0.0248839,0.056057,0.0637876,0.0519446
-68.6168,0.0236893,0.0548881,0.0639919,0.0514547
-68.5941,0.0224889,0.0547326,0.0641842,0.0509547
-68.5714,0.0212829,0.0530081,0.0643644,0.0504448
-68.5488,0.0200718,0.0503905,0.0645325,0.049925
-68.5261,0.0188557,0.0496656,0.0646885,0.0493954
-68.5034,0.017635,0.0514073,0.0648321,0.0488562
-68.4807,0.0164099,0.0499084,0.0649635,0.0483074
-68.458,0.0151808,0.0465617,0.0650824,0.0477493
-68.4354,0.013948,0.0471488,0.0651888,0.0471819
-68.4127,0.0127117,0.0461785,0.0652827,0.0466054
-68.39,0.0114724,0.0448559,0.0653639,0.0460199
-68.3673,0.0102302,0.0431508,0.0654325,0.0454254
-68.3447,0.00898547,0.0403556,0.0654883,0.0448223
-68.322,0.00773857,0.0413539,0.0655314,0.0442105
-68.2993,0.00648976,0.0411544,0.0655616,0.0435902
-68.2766,0.00523936,0.0378717,0.0655789,0.0429616
-68.254,0.00398767,0.0378166,0.0655833,0.0423247
-68.2313,0.002735,0.0362093,0.0655746,0.0416798
-68.2086,0.00148166,0.0356125,0.0655529,0.0410269
-68.1859,0.000227961,0.0343387,0.0655181,0.0403663
-68.1633,-0.0010258,0.0317796,0.0654703,0.039698
-68.1406,-0.00227931,0.0305667,0.0654092,0.0390222
-68.1179,-0.00353225,0.0311143,0.065335,0.038339
-68.0952,-0.00478433,0.0277659,0.0652475,0.0376486
-68.0726,-0.00603524,0.029014,0.0651468,0.0369512
-68.0499,-0.00728466,0.0265247,0.0650328,0.0362467
-68.0272,-0.00853229,0.0256106,0.0649055,0.0355356
-68.0045,-0.00977783,0.0216373,0.0647649,0.0348178
-67.9819,-0.011021,0.0209643,0.064611,0.0340935
-67.9592,-0.0122614,0.020029,0.0644437,0.033363
-67.9365,-0.0134988,0.0197989,0.064263,0.0326262
-67.9138,-0.0147329,0.0181269,0.064069,0.0318835
-67.8912,-0.0159634,0.0172659,0.0638616,0.0311349
-67.8685,-0.01719,0.01565,0.0636408,0.0303805
-67.8458,-0.0184123,0.015393,0.0634068,0.0296207
-67.8231,-0.0196301,0.0144772,0.0631592,0.0288555
-67.8005,-0.0208431,0.0142621,0.0628984,0.028085
-67.7778,-0.022051,0.0110844,0.0626241,0.0273095
-67.7551,-0.0232534,0.0120157,0.0623365,0.026529
-67.7324,-0.0244502,0.00935605,0.0620356,0.0257439
-67.7098,-0.0256409,0.00982713,0.0617214,0.0249541
-67.6871,-0.0268254,0.00637657,0.0613939,0.0241599
-67.6644,-0.0280032,0.00423726,0.0610532,0.0233615
-67.6417,-0.0291742,0.0041435,0.0606991,0.022559
-67.619,-0.030338,0.00370768,0.060332,0.0217525
-67.5964,-0.0314944,0.00184978,0.0599516,0.0209423
-67.5737,-0.032643,-3.94431e-05,0.0595581,0.0201285
-67.551,-0.0337836,0.000991351,0.0591515,0.0193112
-67.5283,-0.0349159,-0.00100708,0.0587319,0.0184907
-67.5057,-0.0360397,-0.00353419,0.0582993,0.0176671
-67.483,-0.0371546,-0.0024762,0.0578537,0.0168405
-67.4603,-0.0382603,-0.00510415,0.0573952,0.0160112
-67.4376,-0.0393567,-0.00702881,0.0569239,0.0151793
-67.415,-0.0404434,-0.00859173,0.0564399,0.0143449
-67.3923,-0.0415201,-0.0100807,0.0559431,0.0135083
-67.3696,-0.0425867,-0.00916623,0.0554336,0.0126696
-67.3469,-0.0436428,-0.00901843,0.0549116,0.0118289
-67.3243,-0.0446882,-0.0127721,0.0543771,0.0109865
-67.3016,-0.0457226,-0.0149637,0.0538301,0.0101425
-67.2789,-0.0467458,-0.0146218,0.0532708,0.00929708
-67.2562,-0.0477574,-0.0156112,0.0526993,0.00845039
-67.2336,-0.0487574,-0.0152611,0.0521155,0.00760261
-67.2109,-0.0497454,-0.0176283,0.0515196,0.00675393
-67.1882,-0.0507212,-0.0172452,0.0509118,0.00590449
-67.1655,-0.0516845,-0.0166052,0.050292,0.00505447
-67.1429,-0.0526351,-0.0215875,0.0496604,0.00420401
-67.1202,-0.0535728,-0.0222223,0.0490171,0.00335333
-67.0975,-0.0544973,-0.0213383,0.0483623,0.00250259
-67.0748,-0.0554085,-0.0231931,0.0476959,0.00165192
-67.0522,-0.056306,-0.0235479,0.0470181,0.000801489
-67.0295,-0.0571897,-0.0267351,0.046329,-4.85059e-05
-67.0068,-0.0580594,-0.0268052,0.0456288,-0.000897911
-66.9841,-0.0589148,-0.0271095,0.0449176,-0.00174656
-66.9615,-0.0597557,-0.0294874,0.0441954,-0.00259429
-66.9388,-0.0605819,-0.0309354,0.0434624,-0.00344093
-66.9161,-0.0613933,-0.0313483,0.0427188,-0.00428632
-66.8934,-0.0621896,-0.0296448,0.0419647,-0.00513028
-66.8707,-0.0629706,-0.0345288,0.0412002,-0.00597267
-66.8481,-0.0637362,-0.0346755,0.0404253,-0.00681332
-66.8254,-0.0644861,-0.0339262,0.0396405,-0.00765205
-66.8027,-0.0652201,-0.0349039,0.0388456,-0.0084887
-66.78,-0.0659382,-0.0353163,0.0380409,-0.00932314
-66.7574,-0.06664,-0.0370072,0.0372265,-0.0101552
-66.7347,-0.0673255,-0.0390301,0.0364026,-0.0109847
-66.712,-0.0679944,-0.0394843,0.0355693,-0.0118114
-66.6893,-0.0686467,-0.0393426,0.0347268,-0.0126353
-66.6667,-0.069282,-0.0420945,0.0338753,-0.0134562
-66.644,-0.0699004,-0.0396819,0.0330149,-0.0142738
-66.6213,-0.0705016,-0.039338,0.0321458,-0.0150882
-66.5986,-0.0710855,-0.0441193,0.0312681,-0.015899
-66.576,-0.0716519,-0.0429845,0.030382,-0.0167062
-66.5533,-0.0722007,-0.0447324,0.0294877,-0.0175095
-66.5306,-0.0727318,-0.0439006,0.0285854,-0.0183089
-66.5079,-0.073245,-0.0445091,0.0276752,-0.0191042
-66.4853,-0.0737402,-0.0480798,0.0267574,-0.0198952
-66.4626,-0.0742173,-0.0473659,0.0258321,-0.0206817
-66.4399,-0.0746762,-0.0494467,0.0248995,-0.0214637
-66.4172,-0.0751168,-0.0497329,0.0239597,-0.022241
-66.3946,-0.0755389,-0.0491971,0.0230131,-0.0230135
-66.3719,-0.0759424,-0.0496507,0.0220597,-0.0237809
-66.3492,-0.0763273,-0.0509015,0.0210998,-0.0245431
-66.3265,-0.0766934,-0.0518867,0.0201336,-0.0253001
-66.3039,-0.0770407,-0.0528879,0.0191612,-0.0260516
-66.2812,-0.0773691,-0.0552678,0.0181829,-0.0267975
-66.2585,-0.0776785,-0.0541405,0.0171989,-0.0275377
-66.2358,-0.0779688,-0.053242,0.0162094,-0.028272
-66.2132,-0.0782399,-0.0542163,0.0152145,-0.0290004
-66.1905,-0.0784919,-0.0565663,0.0142146,-0.0297226
-66.1678,-0.0787245,-0.054015,0.0132098,-0.0304385
-66.1451,-0.0789378,-0.0567233,0.0122003,-0.031148
-66.1224,-0.0791318,-0.0567804,0.0111863,-0.0318509
-66.0998,-0.0793063,-0.0566051,0.0101681,-0.0325472
-66.0771,-0.0794613,-0.056991,0.00914588,-0.0332367
-66.0544,-0.0795968,-0.0580273,0.00811986,-0.0339193
-66.0317,-0.0797127,-0.0580367,0.00709027,-0.0345948
-66.0091,-0.0798091,-0.058141,0.00605731,-0.0352631
-65.9864,-0.0798858,-0.0604648,0.00502125,-0.0359241
-65.9637,-0.079943,-0.0603474,0.00398228,-0.0365776
-65.941,-0.0799805,-0.0598107,0.00294065,-0.0372236
-65.9184,-0.0799984,-0.059874,0.00189658,-0.037862
-65.8957,-0.0799966,-0.0610116,0.000850313,-0.0384925
-65.873,-0.0799751,-0.0617669,-0.000197935,-0.0391151
-65.8503,-0.0799341,-0.0606107,-0.00124792,-0.0397298
-65.8277,-0.0798733,-0.0624216,-0.00229943,-0.0403363
-65.805,-0.079793,-0.0616871,-0.00335219,-0.0409345
-65.7823,-0.0796931,-0.0616045,-0.00440599,-0.0415244
-65.7596,-0.0795736,-0.063596,-0.00546057,-0.0421058
-65.737,-0.0794345,-0.0628366,-0.00651571,-0.0426786
-65.7143,-0.079276,-0.065363,-0.00757118,-0.0432428
-65.6916,-0.0790979,-0.0623431,-0.00862671,-0.0437981
-65.6689,-0.0789005,-0.0629041,-0.00968206,-0.0443446
-65.6463,-0.0786837,-0.0631875,-0.010737,-0.0448821
-65.6236,-0.0784475,-0.0641554,-0.0117913,-0.0454105
-65.6009,-0.0781921,-0.0645866,-0.0128447,-0.0459298
-65.5782,-0.0779174,-0.063599,-0.0138969,-0.0464397
-65.5556,-0.0776237,-0.0650071,-0.0149478,-0.0469403
-65.5329,-0.0773108,-0.0629431,-0.0159971,-0.0474315
-65.5102,-0.076979,-0.0636241,-0.0170444,-0.0479131
-65.4875,-0.0766283,-0.0636883,-0.0180897,-0.048385
-65.4649,-0.0762587,-0.0639426,-0.0191326,-0.0488473
-65.4422,-0.0758704,-0.0649051,-0.0201728,-0.0492997
-65.4195,-0.0754635,-0.0644983,-0.0212102,-0.0497423
-65.3968,-0.075038,-0.0633899,-0.0222446,-0.0501748
-65.3741,-0.0745941,-0.0626113,-0.0232755,-0.0505974
-65.3515,-0.0741319,-0.0627424,-0.0243029,-0.0510098
-65.3288,-0.0736515,-0.0639488,-0.0253264,-0.051412
-65.3061,-0.073153,-0.0633308,-0.0263459,-0.051804
-65.2834,-0.0726365,-0.0631781,-0.027361,-0.0521856
-65.2608,-0.0721022,-0.0640494,-0.0283716,-0.0525568
-65.2381,-0.0715502,-0.0631825,-0.0293773,-0.0529176
-65.2154,-0.0709806,-0.0615431,-0.030378,-0.0532678
-65.1927,-0.0703936,-0.0617475,-0.0313734,-0.0536074
-65.1701,-0.0697892,-0.0611046,-0.0323632,-0.0539364
-65.1474,-0.0691678,-0.062463,-0.0333473,-0.0542546
-65.1247,-0.0685293,-0.0622517,-0.0343253,-0.0545621
-65.102,-0.067874,-0.0597033,-0.0352971,-0.0548587
-65.0794,-0.0672021,-0.0596776,-0.0362623,-0.0551445
-65.0567,-0.0665136,-0.0618773,-0.0372208,-0.0554193
-65.034,-0.0658088,-0.0599239,-0.0381724,-0.0556831
-65.0113,-0.0650878,-0.0605906,-0.0391167,-0.0559359
-64.9887,-0.0643509,-0.0601591,-0.0400536,-0.0561777
-64.966,-0.0635981,-0.0598989,-0.0409829,-0.0564083
-64.9433,-0.0628298,-0.0578796,-0.0419041,-0.0566278
-64.9206,-0.062046,-0.0574147,-0.0428173,-0.0568361
-64.898,-0.0612469,-0.0590238,-0.0437221,-0.0570331
-64.8753,-0.0604328,-0.0592,-0.0446183,-0.057219
-64.8526,-0.0596039,-0.0581555,-0.0455056,-0.0573935
-64.8299,-0.0587603,-0.0572494,-0.0463839,-0.0575566
-64.8073,-0.0579023,-0.0549277,-0.047253,-0.0577085
-64.7846,-0.0570301,-0.0566828,-0.0481125,-0.0578489
-64.7619,-0.0561438,-0.0559399,-0.0489624,-0.057978
-64.7392,-0.0552438,-0.056737,-0.0498023,-0.0580956
-64.7166,-0.0543302,-0.0542835,-0.050632,-0.0582018
-64.6939,-0.0534033,-0.0530823,-0.0514514,-0.0582965
-64.6712,-0.0524632,-0.0536095,-0.0522602,-0.0583798
-64.6485,-0.0515103,-0.0526718,-0.0530583,-0.0584515
-64.6259,-0.0505447,-0.0515956,-0.0538454,-0.0585118
-64.6032,-0.0495667,-0.0507473,-0.0546212,-0.0585606
-64.5805,-0.0485765,-0.051752,-0.0553857,-0.0585978
-64.5578,-0.0475744,-0.0488256,-0.0561386,-0.0586236
-64.5351,-0.0465606,-0.0483641,-0.0568797,-0.0586378
-64.5125,-0.0455353,-0.0463532,-0.0576088,-0.0586405
-64.4898,-0.0444989,-0.0456693,-0.0583257,-0.0586316
-64.4671,-0.0434516,-0.0466926,-0.0590303,-0.0586113
-64.4444,-0.0423935,-0.0453678,-0.0597223,-0.0585795
-64.4218,-0.0413251,-0.0456663,-0.0604015,-0.0585361
-64.3991,-0.0402465,-0.0433743,-0.0610678,-0.0584812
-64.3764,-0.039158,-0.0445185,-0.061721,-0.0584149
-64.3537,-0.03806,-0.0425882,-0.0623609,-0.0583371
-64.3311,-0.0369525,-0.0407024,-0.0629874,-0.0582479
-64.3084,-0.035836,-0.0427976,-0.0636002,-0.0581472
-64.2857,-0.0347107,-0.040793,-0.0641992,-0.0580351
-64.263,-0.0335769,-0.0393465,-0.0647843,-0.0579116
-64.2404,-0.0324348,-0.0380414,-0.0653553,-0.0577768
-64.2177,-0.0312847,-0.0371479,-0.065912,-0.0576306
-64.195,-0.030127,-0.0395214,-0.0664542,-0.0574731
-64.1723,-0.0289618,-0.0385664,-0.0669818,-0.0573043
-64.1497,-0.0277896,-0.0355394,-0.0674947,-0.0571243
-64.127,-0.0266105,-0.0344703,-0.0679927,-0.0569331
-64.1043,-0.0254249,-0.0345904,-0.0684757,-0.0567307
-64.0816,-0.024233,-0.0334918,-0.0689435,-0.0565172
-64.059,-0.0230352,-0.0324445,-0.069396,-0.0562926
-64.0363,-0.0218318,-0.0317759,-0.0698331,-0.0560569
-64.0136,-0.0206229,-0.0312816,-0.0702546,-0.0558102
-63.9909,-0.019409,-0.0294889,-0.0706604,-0.0555526
-63.9683,-0.0181904,-0.0271542,-0.0710504,-0.055284
-63.9456,-0.0169673,-0.0268262,-0.0714245,-0.0550046
-63.9229,-0.01574,-0.0268716,-0.0717825,-0.0547144
-63.9002,-0.0145088,-0.0233301,-0.0721244,-0.0544134
-63.8776,-0.0132741,-0.0230088,-0.0724501,-0.0541017
-63.8549,-0.0120361,-0.0232391,-0.0727593,-0.0537795
-63.8322,-0.0107951,-0.0221878,-0.0730521,-0.0534466
-63.8095,-0.00955154,-0.0184938,-0.0733284,-0.0531032
-63.7868,-0.0083056,-0.0195689,-0.073588,-0.0527494
-63.7642,-0.00705762,-0.0187998,-0.0738309,-0.0523852
-63.7415,-0.0058079,-0.0164981,-0.0740569,-0.0520106
-63.7188,-0.00455676,-0.016271,-0.0742661,-0.0516258
-63.6961,-0.0033045,-0.014626,-0.0744582,-0.0512309
-63.6735,-0.00205143,-0.0109886,-0.0746334,-0.0508258
-63.6508,-0.000797852,-0.0129977,-0.0747914,-0.0504108
-63.6281,0.00045592,-0.0109869,-0.0749323,-0.0499858
-63.6054,0.00170958,-0.0105065,-0.0750559,-0.0495509
-63.5828,0.00296282,-0.00832375,-0.0751622,-0.0491062
-63.5601,0.00421533,-0.00666501,-0.0752513,-0.0486519
-63.5374,0.00546681,-0.00561501,-0.0753229,-0.0481879
-63.5147,0.00671694,-0.00530485,-0.075377,-0.0477144
-63.4921,0.00796543,-0.00291965,-0.0754138,-0.0472315
-63.4694,0.00921196,-0.00306539,-0.075433,-0.0467391
-63.4467,0.0104562,-0.00110647,-0.0754347,-0.0462376
-63.424,0.0116979,-0.000736617,-0.0754189,-0.0457268
-63.4014,0.0129367,0.000275162,-0.0753855,-0.0452071
-63.3787,0.0141724,0.00318833,-0.0753345,-0.0446783
-63.356,0.0154046,0.00399721,-0.0752659,-0.0441407
-63.3333,0.0166329,0.0040513,-0.0751797,-0.0435942
-63.3107,0.0178572,0.00657516,-0.0750759,-0.0430392
-63.288,0.0190771,0.00738009,-0.0749544,-0.0424755
-63.2653,0.0202924,0.00967626,-0.0748154,-0.0419034
-63.2426,0.0215026,0.0100231,-0.0746588,-0.0413229
-63.22,0.0227076,0.0128243,-0.0744846,-0.0407341
-63.1973,0.0239069,0.0123298,-0.0742928,-0.0401373
-63.1746,0.0251005,0.0117032,-0.0740835,-0.0395324
-63.1519,0.0262878,0.0144328,-0.0738566,-0.0389196
-63.1293,0.0274687,0.015375,-0.0736123,-0.038299
-63.1066,0.0286428,0.0157853,-0.0733505,-0.0376706
-63.0839,0.0298099,0.0201309,-0.0730714,-0.0370348
-63.0612,0.0309697,0.0187311,-0.0727748,-0.0363914
-63.0385,0.0321219,0.0182084,-0.072461,-0.0357408
-63.0159,0.0332662,0.0240771,-0.0721299,-0.0350829
-62.9932,0.0344023,0.0219465,-0.0717816,-0.034418
-62.9705,0.03553,0.0233272,-0.0714161,-0.0337461
-62.9478,0.0366489,0.0256115,-0.0710335,-0.0330673
-62.9252,0.0377588,0.0259673,-0.070634,-0.0323819
-62.9025,0.0388595,0.0282092,-0.0702175,-0.0316898
-62.8798,0.0399506,0.0284688,-0.0697842,-0.0309913
-62.8571,0.0410319,0.0292128,-0.0693341,-0.0302865
-62.8345,0.0421032,0.0303386,-0.0688673,-0.0295755
-62.8118,0.0431641,0.0307919,-0.068384,-0.0288584
-62.7891,0.0442143,0.0321178,-0.0678841,-0.0281354
-62.7664,0.0452538,0.0329086,-0.0673679,-0.0274066
-62.7438,0.0462821,0.0354316,-0.0668354,-0.0266722
-62.7211,0.047299,0.0356942,-0.0662867,-0.0259323
-62.6984,0.0483044,0.0368616,-0.0657219,-0.0251869
-62.6757,0.0492978,0.0402261,-0.0651412,-0.0244364
-62.6531,0.0502792,0.0386956,-0.0645447,-0.0236808
-62.6304,0.0512482,0.0402847,-0.0639324,-0.0229202
-62.6077,0.0522046,0.0426517,-0.0633046,-0.0221547
-62.585,0.0531482,0.0403349,-0.0626613,-0.0213847
-62.5624,0.0540787,0.04299,-0.0620028,-0.0206101
-62.5397,0.054996,0.0446326,-0.0613291,-0.0198311
-62.517,0.0558997,0.045647,-0.0606403,-0.0190479
-62.4943,0.0567897,0.0455293,-0.0599367,-0.0182606
-62.4717,0.0576658,0.0458582,-0.0592184,-0.0174694
-62.449,0.0585277,0.0482238,-0.0584855,-0.0166744
-62.4263,0.0593753,0.0502265,-0.0577383,-0.0158758
-62.4036,0.0602082,0.0509321,-0.0569768,-0.0150737
-62.381,0.0610264,0.0538609,-0.0562012,-0.0142682
-62.3583,0.0618295,0.0530756,-0.0554118,-0.0134596
-62.3356,0.0626175,0.0519967,-0.0546086,-0.012648
-62.3129,0.0633901,0.0559219,-0.0537919,-0.0118335
-62.2902,0.0641472,0.0555477,-0.0529618,-0.0110162
-62.2676,0.0648884,0.0538248,-0.0521186,-0.0101965
-62.2449,0.0656138,0.0574707,-0.0512624,-0.00937424
-62.2222,0.066323,0.0599259,-0.0503934,-0.00854979
-62.1995,0.0670159,0.0588495,-0.0495119,-0.00772325
-62.1769,0.0676924,0.0591347,-0.0486179,-0.00689478
-62.1542,0.0683523,0.0607112,-0.0477118,-0.00606453
-62.1315,0.0689953,0.0602979,-0.0467936,-0.00523265
-62.1088,0.0696214,0.0605754,-0.0458638,-0.00439933
-62.0862,0.0702305,0.0624238,-0.0449223,-0.00356468
-62.0635,0.0708222,0.0618711,-0.0439695,-0.00272891
-62.0408,0.0713966,0.0635532,-0.0430056,-0.00189218
-62.0181,0.0719534,0.0650883,-0.0420308,-0.0010546
-61.9955,0.0724926,0.0652242,-0.0410454,-0.000216365
-61.9728,0.0730139,0.0641135,-0.0400494,0.00062237
-61.9501,0.0735174,0.0668691,-0.0390433,0.00146145
-61.9274,0.0740027,0.0671324,-0.0380272,0.00230069
-61.9048,0.0744699,0.066095,-0.0370014,0.00313996
-61.8821,0.0749188,0.0679779,-0.035966,0.00397909
-61.8594,0.0753493,0.0710209,-0.0349214,0.00481789
-61.8367,0.0757613,0.0711987,-0.0338677,0.00565622
-61.8141,0.0761547,0.0695926,-0.0328053,0.00649396
-61.7914,0.0765293,0.0725268,-0.0317344,0.00733085
-61.7687,0.0768852,0.0720169,-0.0306552,0.00816681
-61.746,0.0772222,0.0715941,-0.0295679,0.00900165
-61.7234,0.0775402,0.0733178,-0.0284729,0.00983521
-61.7007,0.0778392,0.0739867,-0.0273704,0.0106673
-61.678,0.0781191,0.0762964,-0.0262607,0.0114978
-61.6553,0.0783797,0.0748272,-0.025144,0.0123266
-61.6327,0.0786212,0.0767177,-0.0240206,0.0131534
-61.61,0.0788433,0.0773274,-0.0228907,0.0139781
-61.5873,0.079046,0.0755841,-0.0217546,0.0148005
-61.5646,0.0792294,0.0753924,-0.0206126,0.0156206
-61.542,0.0793932,0.0777668,-0.019465,0.0164381
-61.5193,0.0795376,0.0769133,-0.0183121,0.0172528
-61.4966,0.0796624,0.0755935,-0.017154,0.0180647
-61.4739,0.0797677,0.0788169,-0.0159911,0.0188735
-61.4512,0.0798534,0.0767154,-0.0148237,0.019679
-61.4286,0.0799194,0.0774797,-0.013652,0.0204812
-61.4059,0.0799659,0.0797887,-0.0124763,0.0212799
-61.3832,0.0799927,0.0778803,-0.011297,0.0220749
-61.3605,0.0799998,0.0781775,-0.0101142,0.022866
-61.3379,0.0799873,0.080616,-0.00892833,0.0236531
-61.3152,0.0799552,0.0792858,-0.00773964,0.024436
-61.2925,0.0799034,0.0800149,-0.00654834,0.0252147
-61.2698,0.079832,0.0791314,-0.0053548,0.0259888
-61.2472,0.0797409,0.0798739,-0.00415925,0.0267584
-61.2245,0.0796303,0.0803055,-0.00296207,0.0275231
-61.2018,0.0795002,0.078971,-0.00176344,0.0282829
-61.1791,0.0793505,0.0801745,-0.000563712,0.0290376
-61.1565,0.0791813,0.0821536,0.000636826,0.0297871
-61.1338,0.0789927,0.0791678,0.00183789,0.0305311
-61.1111,0.0787846,0.0790939,0.00303919,0.0312696
-61.0884,0.0785572,0.0826108,0.00424046,0.0320025
-61.0658,0.0783106,0.0810792,0.00544136,0.0327294
-61.0431,0.0780446,0.0806494,0.00664162,0.0334504
-61.0204,0.0777596,0.0795635,0.00784094,0.0341653
-60.9977,0.0774554,0.0818202,0.00903907,0.0348738
-60.9751,0.0771322,0.0793017,0.0102357,0.035576
-60.9524,0.07679,0.0802963,0.0114304,0.0362715
-60.9297,0.076429,0.0818936,0.0126231,0.0369604
-60.907,0.0760492,0.080106,0.0138134,0.0376423
-60.8844,0.0756508,0.0795264,0.015001,0.0383173
-60.8617,0.0752337,0.0802807,0.0161856,0.0389852
-60.839,0.0747982,0.0799908,0.017367,0.0396457
-60.8163,0.0743443,0.0810363,0.0185448,0.0402989
-60.7937,0.0738721,0.0796519,0.0197188,0.0409444
-60.771,0.0733818,0.0823532,0.0208886,0.0415824
-60.7483,0.0728735,0.0778515,0.022054,0.0422124
-60.7256,0.0723473,0.0791958,0.0232147,0.0428346
-60.7029,0.0718033,0.0809336,0.0243704,0.0434486
-60.6803,0.0712417,0.0774657,0.0255208,0.0440544
-60.6576,0.0706625,0.0777806,0.0266657,0.0446519
-60.6349,0.0700661,0.0783122,0.0278047,0.0452409
-60.6122,0.0694524,0.0780863,0.0289376,0.0458213
-60.5896,0.0688216,0.0777496,0.0300641,0.046393
-60.5669,0.068174,0.0774183,0.0311839,0.0469558
-60.5442,0.0675096,0.0763652,0.0322967,0.0475097
-60.5215,0.0668286,0.0759673,0.0334023,0.0480545
-60.4989,0.0661312,0.076392,0.0345004,0.0485901
-60.4762,0.0654176,0.0753769,0.0355907,0.0491164
-60.4535,0.0646878,0.0740116,0.0366729,0.0496333
-60.4308,0.0639423,0.0710421,0.0377468,0.0501406
-60.4082,0.063181,0.0738014,0.0388122,0.0506382
-60.3855,0.0624041,0.0730729,0.0398686,0.0511261
-60.3628,0.061612,0.0714815,0.040916,0.0516041
-60.3401,0.0608047,0.0730784,0.0419539,0.0520721
-60.3175,0.0599825,0.0728728,0.0429823,0.05253
-60.2948,0.0591456,0.0699135,0.0440007,0.0529778
-60.2721,0.0582941,0.0692666,0.045009,0.0534152
-60.2494,0.0574283,0.0710263,0.0460068,0.0538423
-60.2268,0.0565484,0.0713301,0.0469941,0.0542588
-60.2041,0.0556546,0.0695242,0.0479704,0.0546648
-60.1814,0.0547471,0.0676461,0.0489355,0.0550601
-60.1587,0.0538262,0.065879,0.0498893,0.0554446
-60.1361,0.0528921,0.068283,0.0508315,0.0558183
-60.1134,0.051945,0.0666852,0.0517618,0.056181
-60.0907,0.0509851,0.0645739,0.05268,0.0565328
-60.068,0.0500127,0.0664105,0.0535858,0.0568733
-60.0454,0.0490281,0.0642824,0.0544791,0.0572027
-60.0227,0.0480313,0.0636074,0.0553597,0.0575208
-60,0.0470228,0.0646948,0.0562272,0.0578275
-59.9773,0.0460028,0.0614947,0.0570815,0.0581228
-59.9546,0.0449714,0.0625883,0.0579223,0.0584066
-59.932,0.043929,0.061912,0.0587496,0.0586789
-59.9093,0.0428758,0.0580206,0.0595629,0.0589395
-59.8866,0.041812,0.0589442,0.0603622,0.0591883
-59.8639,0.040738,0.0591021,0.0611472,0.0594254
-59.8413,0.039654,0.0568824,0.0619178,0.0596506
-59.8186,0.0385603,0.0558649,0.0626736,0.0598639
-59.7959,0.037457,0.057236,0.0634147,0.0600653
-59.7732,0.0363446,0.0559773,0.0641406,0.0602547
-59.7506,0.0352233,0.0552894,0.0648514,0.0604319
-59.7279,0.0340933,0.0548157,0.0655467,0.0605971
-59.7052,0.0329549,0.0524958,0.0662265,0.0607501
-59.6825,0.0318084,0.0539381,0.0668904,0.0608908
-59.6599,0.0306542,0.052857,0.0675385,0.0610194
-59.6372,0.0294924,0.0505083,0.0681704,0.0611356
-59.6145,0.0283233,0.0514797,0.0687861,0.0612394
-59.5918,0.0271473,0.0483872,0.0693853,0.0613308
-59.5692,0.0259646,0.0481417,0.069968,0.0614099
-59.5465,0.0247756,0.0473317,0.070534,0.0614765
-59.5238,0.0235804,0.0450864,0.071083,0.0615306
-59.5011,0.0223795,0.0459816,0.0716151,0.0615722
-59.4785,0.0211731,0.0441911,0.07213,0.0616012
-59.4558,0.0199614,0.0418893,0.0726277,0.0616178
-59.4331,0.0187449,0.0412168,0.0731078,0.0616217
-59.4104,0.0175238,0.0414191,0.0735705,0.061613
-59.3878,0.0162983,0.0402731,0.0740155,0.0615917
-59.3651,0.0150689,0.0377774,0.0744427,0.0615578
-59.3424,0.0138357,0.0376997,0.074852,0.0615112
-59.3197,0.0125992,0.0359192,0.0752433,0.061452
-59.2971,0.0113595,0.0338775,0.0756166,0.0613802
-59.2744,0.0101171,0.0341426,0.0759716,0.0612956
-59.2517,0.00887221,0.0329382,0.0763082,0.0611984
-59.229,0.00762511,0.0332078,0.0766266,0.0610886
-59.2063,0.00637615,0.0318136,0.0769264,0.0609662
-59.1837,0.00512562,0.0294185,0.0772077,0.060831
-59.161,0.00387383,0.0276687,0.0774703,0.0606833
-59.1383,0.00262109,0.0289607,0.0777143,0.0605229
-59.1156,0.0013677,0.0260581,0.0779395,0.0603499
-59.093,0.000113981,0.0274309,0.0781458,0.0601643
-59.0703,-0.00113977,0.024922,0.0783332,0.0599662
-59.0476,-0.00239324,0.0236277,0.0785017,0.0597555
-59.0249,-0.00364612,0.022605,0.0786512,0.0595322
-59.0023,-0.0048981,0.020049,0.0787817,0.0592965
-58.9796,-0.00614889,0.0195052,0.078893,0.0590483
-58.9569,-0.00739816,0.0187408,0.0789852,0.0587877
-58.9342,-0.00864561,0.01718,0.0790583,0.0585147
-58.9116,-0.00989095,0.0187376,0.0791122,0.0582293
-58.8889,-0.0111338,0.0151704,0.079147,0.0579316
-58.8662,-0.012374,0.0129084,0.0791625,0.0576216
-58.8435,-0.0136111,0.0122182,0.0791588,0.0572994
-58.8209,-0.0148449,0.0112946,0.0791359,0.056965
-58.7982,-0.0160751,0.0113759,0.0790937,0.0566184
-58.7755,-0.0173013,0.00858347,0.0790324,0.0562598
-58.7528,-0.0185232,0.00719958,0.0789518,0.0558891
-58.7302,-0.0197406,0.0070631,0.078852,0.0555065
-58.7075,-0.0209531,0.00553322,0.078733,0.055112
-58.6848,-0.0221605,0.00455098,0.0785949,0.0547056
-58.6621,-0.0233625,0.00333671,0.0784376,0.0542875
-58.6395,-0.0245587,0.00254682,0.0782612,0.0538576
-58.6168,-0.0257489,0.0010841,0.0780657,0.0534161
-58.5941,-0.0269327,-0.00217577,0.0778512,0.052963
-58.5714,-0.02811,-0.00211932,0.0776178,0.0524985
-58.5488,-0.0292803,-0.00332045,0.0773653,0.0520225
-58.5261,-0.0304435,-0.00174265,0.0770941,0.0515352
-58.5034,-0.0315991,-0.00521985,0.076804,0.0510367
-58.4807,-0.0327471,-0.00716881,0.0764951,0.050527
-58.458,-0.0338869,-0.00793257,0.0761676,0.0500062
-58.4354,-0.0350185,-0.00764118,0.0758214,0.0494744
-58.4127,-0.0361414,-0.00861119,0.0754568,0.0489318
-58.39,-0.0372555,-0.0106597,0.0750737,0.0483783
-58.3673,-0.0383604,-0.00990841,0.0746722,0.0478142
-58.3447,-0.0394559,-0.0124077,0.0742524,0.0472394
-58.322,-0.0405417,-0.0155421,0.0738146,0.0466542
-58.2993,-0.0416175,-0.0178191,0.0733586,0.0460586
-58.2766,-0.0426831,-0.0169544,0.0728846,0.0454527
-58.254,-0.0437383,-0.0171373,0.0723929,0.0448366
-58.2313,-0.0447827,-0.0194808,0.0718833,0.0442104
-58.2086,-0.0458161,-0.01802,0.0713562,0.0435744
-58.1859,-0.0468382,-0.0203264,0.0708116,0.0429285
-58.1633,-0.0478488,-0.0217543,0.0702496,0.0422729
-58.1406,-0.0488477,-0.0227265,0.0696703,0.0416077
-58.1179,-0.0498346,-0.0226713,0.069074,0.040933
-58.0952,-0.0508093,-0.0243943,0.0684608,0.040249
-58.0726,-0.0517714,-0.026468,0.0678307,0.0395558
-58.0499,-0.0527209,-0.0252642,0.0671839,0.0388535
-58.0272,-0.0536574,-0.029065,0.0665207,0.0381423
-58.0045,-0.0545807,-0.0295138,0.0658411,0.0374222
-57.9819,-0.0554906,-0.0308022,0.0651454,0.0366935
-57.9592,-0.0563869,-0.0315311,0.0644336,0.0359563
-57.9365,-0.0572693,-0.0314408,0.0637059,0.0352106
-57.9138,-0.0581377,-0.0359535,0.0629626,0.0344567
-57.8912,-0.0589918,-0.0340733,0.0622038,0.0336946
-57.8685,-0.0598314,-0.0357082,0.0614297,0.0329246
-57.8458,-0.0606563,-0.0357745,0.0606405,0.0321468
-57.8231,-0.0614663,-0.0361512,0.0598363,0.0313614
-57.8005,-0.0622612,-0.0386943,0.0590174,0.0305684
-57.7778,-0.0630409,-0.0389677,0.0581839,0.0297681
-57.7551,-0.063805,-0.0406104,0.0573361,0.0289605
-57.7324,-0.0645535,-0.0427299,0.0564741,0.028146
-57.7098,-0.0652861,-0.0412232,0.0555982,0.0273245
-57.6871,-0.0660026,-0.040558,0.0547086,0.0264963
-57.6644,-0.066703,-0.0418486,0.0538055,0.0256616
-57.6417,-0.067387,-0.0441426,0.0528891,0.0248204
-57.619,-0.0680544,-0.0467669,0.0519596,0.0239731
-57.5964,-0.0687051,-0.0446709,0.0510173,0.0231197
-57.5737,-0.069339,-0.0460281,0.0500624,0.0222604
-57.551,-0.0699558,-0.047364,0.049095,0.0213954
-57.5283,-0.0705554,-0.0469011,0.0481156,0.0205248
-57.5057,-0.0711377,-0.0466335,0.0471242,0.0196489
-57.483,-0.0717025,-0.0477181,0.0461212,0.0187678
-57.4603,-0.0722497,-0.0485063,0.0451067,0.0178816
-57.4376,-0.0727792,-0.0514981,0.044081,0.0169906
-57.415,-0.0732908,-0.0511762,0.0430444,0.016095
-57.3923,-0.0737843,-0.0509973,0.0419971,0.0151949
-57.3696,-0.0742598,-0.0534628,0.0409395,0.0142906
-57.3469,-0.074717,-0.0548888,0.0398716,0.0133821
-57.3243,-0.0751559,-0.0547241,0.0387939,0.0124697
-57.3016,-0.0755763,-0.0542162,0.0377064,0.0115535
-57.2789,-0.0759782,-0.0564684,0.0366097,0.0106339
-57.2562,-0.0763614,-0.0572043,0.0355038,0.00971084
-57.2336,-0.0767258,-0.0543733,0.034389,0.00878466
-57.2109,-0.0770714,-0.0573651,0.0332657,0.00785548
-57.1882,-0.077398,-0.0580147,0.0321341,0.00692355
-57.1655,-0.0777057,-0.0582626,0.0309945,0.00598901
-57.1429,-0.0779942,-0.060564,0.0298471,0.0050521
-57.1202,-0.0782636,-0.0556098,0.0286923,0.00411301
-57.0975,-0.0785138,-0.0583457,0.0275303,0.00317187
-57.0748,-0.0787447,-0.0618795,0.0263614,0.00222895
-57.0522,-0.0789563,-0.0591527,0.0251859,0.00128443
-57.0295,-0.0791484,-0.0616107,0.024004,0.000338475
-57.0068,-0.0793212,-0.0611535,0.0228161,-0.000608667
-56.9841,-0.0794744,-0.0611942,0.0216225,-0.00155682
-56.9615,-0.0796081,-0.0628284,0.0204235,-0.00250575
-56.9388,-0.0797223,-0.0607288,0.0192192,-0.0034553
-56.9161,-0.0798169,-0.0612414,0.0180102,-0.00440527
-56.8934,-0.0798918,-0.0640325,0.0167965,-0.00535544
-56.8707,-0.0799472,-0.0624649,0.0155786,-0.00630558
-56.8481,-0.0799829,-0.0638742,0.0143567,-0.00725554
-56.8254,-0.079999,-0.0628739,0.0131311,-0.00820508
-56.8027,-0.0799954,-0.0623996,0.0119022,-0.00915401
-56.78,-0.0799722,-0.0647091,0.0106702,-0.0101021
-56.7574,-0.0799294,-0.064044,0.00943546,-0.0110492
-56.7347,-0.0798669,-0.0636599,0.00819822,-0.0119951
-56.712,-0.0797847,-0.0637888,0.00695885,-0.0129395
-56.6893,-0.079683,-0.0653277,0.0057176,-0.0138823
-56.6667,-0.0795618,-0.0635502,0.0044748,-0.0148233
-56.644,-0.0794209,-0.0645899,0.00323075,-0.0157622
-56.6213,-0.0792606,-0.0663045,0.00198576,-0.0166989
-56.5986,-0.0790808,-0.0656012,0.000740161,-0.0176331
-56.576,-0.0788816,-0.0645828,-0.00050579,-0.0185647
-56.5533,-0.078663,-0.0637274,-0.00175176,-0.0194933
-56.5306,-0.0784251,-0.0634389,-0.00299744,-0.0204189
-56.5079,-0.0781679,-0.0635943,-0.00424253,-0.0213413
-56.4853,-0.0778915,-0.0658105,-0.00548672,-0.0222602
-56.4626,-0.077596,-0.0636284,-0.00672971,-0.0231753
-56.4399,-0.0772814,-0.0648099,-0.00797121,-0.0240866
-56.4172,-0.0769479,-0.0637342,-0.0092109,-0.0249939
-56.3946,-0.0765954,-0.0630193,-0.0104484,-0.0258968
-56.3719,-0.0762242,-0.064465,-0.0116836,-0.0267952
-56.3492,-0.0758342,-0.0635095,-0.012916,-0.027689
-56.3265,-0.0754256,-0.0616694,-0.0141454,-0.0285778
-56.3039,-0.0749984,-0.0652988,-0.0153714,-0.0294616
-56.2812,-0.0745529,-0.0630296,-0.0165938,-0.0303401
-56.2585,-0.074089,-0.0625294,-0.0178123,-0.031213
-56.2358,-0.0736069,-0.0613294,-0.0190265,-0.0320803
-56.2132,-0.0731068,-0.0626231,-0.0202363,-0.0329417
-56.1905,-0.0725887,-0.062334,-0.0214411,-0.033797
-56.1678,-0.0720528,-0.0623015,-0.0226409,-0.034646
-56.1451,-0.0714991,-0.0604199,-0.0238352,-0.0354886
-56.1224,-0.0709279,-0.0614542,-0.0250238,-0.0363245
-56.0998,-0.0703393,-0.0600069,-0.0262064,-0.0371536
-56.0771,-0.0697334,-0.0592909,-0.0273827,-0.0379756
-56.0544,-0.0691104,-0.0599023,-0.0285524,-0.0387903
-56.0317,-0.0684704,-0.0590383,-0.0297152,-0.0395977
-56.0091,-0.0678136,-0.0604377,-0.0308709,-0.0403974
-55.9864,-0.0671402,-0.0557872,-0.032019,-0.0411893
-55.9637,-0.0664502,-0.0556158,-0.0331595,-0.0419733
-55.941,-0.0657439,-0.0589447,-0.0342919,-0.0427491
-55.9184,-0.0650215,-0.05699,-0.0354161,-0.0435165
-55.8957,-0.0642831,-0.05663,-0.0365316,-0.0442754
-55.873,-0.0635289,-0.054981,-0.0376383,-0.0450256
-55.8503,-0.0627591,-0.0536039,-0.0387359,-0.045767
-55.8277,-0.0619739,-0.0544962,-0.0398241,-0.0464992
-55.805,-0.0611735,-0.0538437,-0.0409026,-0.0472222
-55.7823,-0.0603581,-0.0515598,-0.0419712,-0.0479358
-55.7596,-0.0595278,-0.0517442,-0.0430296,-0.0486399
-55.737,-0.0586829,-0.0523599,-0.0440776,-0.0493341
-55.7143,-0.0578236,-0.0510695,-0.0451148,-0.0500185
-55.6916,-0.0569501,-0.0502903,-0.0461411,-0.0506928
-55.6689,-0.0560626,-0.0497454,-0.0471561,-0.0513569
-55.6463,-0.0551613,-0.0500785,-0.0481597,-0.0520105
-55.6236,-0.0542465,-0.0484228,-0.0491515,-0.0526536
-55.6009,-0.0533183,-0.0479137,-0.0501314,-0.0532859
-55.5782,-0.0523771,-0.0475414,-0.0510991,-0.0539074
-55.5556,-0.051423,-0.0464809,-0.0520543,-0.0545179
-55.5329,-0.0504563,-0.0452668,-0.0529968,-0.0551172
-55.5102,-0.0494771,-0.0440202,-0.0539265,-0.0557051
-55.4875,-0.0484859,-0.0455586,-0.0548429,-0.0562816
-55.4649,-0.0474827,-0.0446614,-0.055746,-0.0568464
-55.4422,-0.0464678,-0.0412721,-0.0566355,-0.0573995
-55.4195,-0.0454416,-0.0420847,-0.0575112,-0.0579407
-55.3968,-0.0444041,-0.0393581,-0.0583728,-0.0584698
-55.3741,-0.0433558,-0.0408613,-0.0592202,-0.0589868
-55.3515,-0.0422968,-0.0416798,-0.0600532,-0.0594914
-55.3288,-0.0412275,-0.0375849,-0.0608714,-0.0599836
-55.3061,-0.040148,-0.0387846,-0.0616748,-0.0604633
-55.2834,-0.0390586,-0.0379878,-0.0624632,-0.0609302
-55.2608,-0.0379597,-0.0345644,-0.0632362,-0.0613843
-55.2381,-0.0368514,-0.0368362,-0.0639939,-0.0618256
-55.2154,-0.0357341,-0.0346271,-0.0647358,-0.0622537
-55.1927,-0.034608,-0.033531,-0.065462,-0.0626687
-55.1701,-0.0334734,-0.0346273,-0.0661722,-0.0630704
-55.1474,-0.0323305,-0.0325877,-0.0668661,-0.0634587
-55.1247,-0.0311798,-0.030438,-0.0675437,-0.0638335
-55.102,-0.0300214,-0.0315204,-0.0682049,-0.0641948
-55.0794,-0.0288556,-0.0293586,-0.0688493,-0.0645423
-55.0567,-0.0276827,-0.0285132,-0.0694769,-0.0648761
-55.034,-0.026503,-0.0277912,-0.0700874,-0.0651959
-55.0113,-0.0253168,-0.026774,-0.0706809,-0.0655018
-54.9887,-0.0241244,-0.0264922,-0.071257,-0.0657936
-54.966,-0.0229261,-0.0245937,-0.0718156,-0.0660712
-54.9433,-0.0217221,-0.0242829,-0.0723567,-0.0663346
-54.9206,-0.0205128,-0.0219957,-0.0728801,-0.0665837
-54.898,-0.0192984,-0.0214694,-0.0733857,-0.0668183
-54.8753,-0.0180794,-0.0212879,-0.0738732,-0.0670385
-54.8526,-0.0168558,-0.0186537,-0.0743427,-0.0672442
-54.8299,-0.0156282,-0.0178002,-0.074794,-0.0674353
-54.8073,-0.0143967,-0.0169506,-0.0752269,-0.0676116
-54.7846,-0.0131616,-0.0166382,-0.0756415,-0.0677733
-54.7619,-0.0119234,-0.0149391,-0.0760374,-0.0679201
-54.7392,-0.0106822,-0.0126528,-0.0764148,-0.0680522
-54.7166,-0.00943836,-0.0136244,-0.0767734,-0.0681692
-54.6939,-0.00819222,-0.0112017,-0.0771132,-0.0682714
-54.6712,-0.00694407,-0.0111681,-0.0774341,-0.0683585
-54.6485,-0.00569422,-0.0100557,-0.0777361,-0.0684307
-54.6259,-0.00444296,-0.00888514,-0.0780189,-0.0684877
-54.6032,-0.00319061,-0.00767106,-0.0782827,-0.0685296
-54.5805,-0.00193748,-0.0076433,-0.0785273,-0.0685565
-54.5578,-0.000683876,-0.00482919,-0.0787526,-0.0685681
-54.5351,0.000569899,-0.00259291,-0.0789586,-0.0685645
-54.5125,0.00182353,-0.00396986,-0.0791452,-0.0685457
-54.4898,0.00307672,-0.00236874,-0.0793124,-0.0685117
-54.4671,0.00432915,-0.00110778,-0.0794602,-0.0684624
-54.4444,0.00558052,0.00143026,-0.0795885,-0.0683979
-54.4218,0.00683051,-4.23978e-05,-0.0796973,-0.0683181
-54.3991,0.00807883,0.00241474,-0.0797865,-0.068223
-54.3764,0.00932517,0.00663936,-0.0798561,-0.0681126
-54.3537,0.0105692,0.00396632,-0.0799061,-0.067987
-54.3311,0.0118107,0.00518064,-0.0799366,-0.0678461
-54.3084,0.0130492,0.00880373,-0.0799474,-0.06769
-54.2857,0.0142846,0.00898527,-0.0799387,-0.0675186
-54.263,0.0155164,0.00920572,-0.0799102,-0.0673319
-54.2404,0.0167444,0.0120938,-0.0798622,-0.0671301
-54.2177,0.0179683,0.0131386,-0.0797946,-0.0669131
-54.195,0.0191878,0.0137227,-0.0797074,-0.0666809
-54.1723,0.0204026,0.0162504,-0.0796006,-0.0664336
-54.1497,0.0216124,0.0149357,-0.0794743,-0.0661712
-54.127,0.0228168,0.0155531,-0.0793285,-0.0658937
-54.1043,0.0240157,0.0192688,-0.0791633,-0.0656013
-54.0816,0.0252087,0.0186385,-0.0789785,-0.0652938
-54.059,0.0263954,0.0193865,-0.0787745,-0.0649714
-54.0363,0.0275757,0.0221649,-0.078551,-0.0646342
-54.0136,0.0287492,0.0216826,-0.0783083,-0.0642821
-53.9909,0.0299157,0.0230984,-0.0780463,-0.0639153
-53.9683,0.0310748,0.023315,-0.0777652,-0.0635337
-53.9456,0.0322263,0.0260278,-0.077465,-0.0631376
-53.9229,0.0333698,0.0272703,-0.0771457,-0.0627268
-53.9002,0.0345052,0.0272589,-0.0768076,-0.0623016
-53.8776,0.0356321,0.0281093,-0.0764505,-0.0618619
-53.8549,0.0367502,0.0303746,-0.0760747,-0.0614079
-53.8322,0.0378593,0.0323591,-0.0756802,-0.0609397
-53.8095,0.0389591,0.0322979,-0.0752671,-0.0604573
-53.7868,0.0400493,0.0328762,-0.0748355,-0.0599607
-53.7642,0.0411297,0.0339919,-0.0743856,-0.0594503
-53.7415,0.0422,0.0354374,-0.0739173,-0.0589259
-53.7188,0.04326,0.038035,-0.0734309,-0.0583877
-53.6961,0.0443093,0.0375314,-0.0729265,-0.0578358
-53.6735,0.0453477,0.0397318,-0.0724042,-0.0572704
-53.6508,0.046375,0.0409763,-0.071864,-0.0566914
-53.6281,0.0473909,0.0399202,-0.0713063,-0.0560991
-53.6054,0.0483952,0.0431107,-0.0707309,-0.0554935
-53.5828,0.0493875,0.0441895,-0.0701383,-0.0548748
-53.5601,0.0503678,0.0453266,-0.0695284,-0.0542431
-53.5374,0.0513356,0.0456456,-0.0689013,-0.0535985
-53.5147,0.0522909,0.0466798,-0.0682574,-0.0529412
-53.4921,0.0532333,0.0476731,-0.0675967,-0.0522712
-53.4694,0.0541627,0.0478667,-0.0669194,-0.0515888
-53.4467,0.0550787,0.0488233,-0.0662256,-0.0508939
-53.424,0.0559812,0.0498144,-0.0655156,-0.0501869
-53.4014,0.05687,0.0504615,-0.0647895,-0.0494678
-53.3787,0.0577448,0.0523189,-0.0640474,-0.0487368
-53.356,0.0586054,0.0530883,-0.0632896,-0.0479941
-53.3333,0.0594516,0.0549602,-0.0625163,-0.0472397
-53.3107,0.0602832,0.0562189,-0.0617276,-0.0464738
-53.288,0.0611,0.0552158,-0.0609237,-0.0456967
-53.2653,0.0619018,0.0572182,-0.0601048,-0.0449084
-53.2426,0.0626884,0.0602555,-0.0592712,-0.0441091
-53.22,0.0634596,0.0600123,-0.058423,-0.043299
-53.1973,0.0642152,0.0593539,-0.0575604,-0.0424783
-53.1746,0.064955,0.0602788,-0.0566837,-0.0416471
-53.1519,0.0656789,0.0614651,-0.0557931,-0.0408057
-53.1293,0.0663867,0.0625571,-0.0548887,-0.0399541
-53.1066,0.0670781,0.06361,-0.0539708,-0.0390926
-53.0839,0.0677531,0.0635326,-0.0530397,-0.0382213
-53.0612,0.0684114,0.0655895,-0.0520956,-0.0373406
-53.0385,0.0690529,0.0656692,-0.0511386,-0.0364504
-53.0159,0.0696775,0.0667626,-0.0501691,-0.035551
-52.9932,0.070285,0.067261,-0.0491872,-0.0346426
-52.9705,0.0708752,0.0694896,-0.0481932,-0.0337255
-52.9478,0.0714479,0.0686087,-0.0471874,-0.0327998
-52.9252,0.0720032,0.0691298,-0.0461699,-0.0318657
-52.9025,0.0725407,0.0708847,-0.0451412,-0.0309234
-52.8798,0.0730604,0.0708451,-0.0441013,-0.0299731
-52.8571,0.0735622,0.0710357,-0.0430506,-0.029015
-52.8345,0.0740459,0.0716246,-0.0419893,-0.0280493
-52.8118,0.0745115,0.0718841,-0.0409176,-0.0270763
-52.7891,0.0749587,0.0740917,-0.0398359,-0.0260962
-52.7664,0.0753875,0.0753191,-0.0387444,-0.0251092
-52.7438,0.0757978,0.0737879,-0.0376434,-0.0241153
-52.7211,0.0761895,0.0758695,-0.0365331,-0.0231151
-52.6984,0.0765625,0.0760246,-0.0354139,-0.0221085
-52.6757,0.0769166,0.076545,-0.0342859,-0.021096
-52.6531,0.0772519,0.0778706,-0.0331495,-0.0200776
-52.6304,0.0775682,0.0784278,-0.0320049,-0.0190536
-52.6077,0.0778654,0.0771569,-0.0308524,-0.0180242
-52.585,0.0781436,0.0775038,-0.0296924,-0.0169897
-52.5624,0.0784025,0.0789533,-0.0285251,-0.0159503
-52.5397,0.0786422,0.0793188,-0.0273507,-0.0149062
-52.517,0.0788625,0.0803031,-0.0261696,-0.0138577
-52.4943,0.0790635,0.0803585,-0.0249821,-0.012805
-52.4717,0.0792451,0.0785088,-0.0237884,-0.0117483
-52.449,0.0794072,0.0805673,-0.0225889,-0.0106879
-52.4263,0.0795498,0.0800964,-0.0213838,-0.00962402
-52.4036,0.0796728,0.0800048,-0.0201735,-0.00855691
-52.381,0.0797763,0.0819244,-0.0189581,-0.00748676
-52.3583,0.0798602,0.0834792,-0.0177382,-0.00641382
-52.3356,0.0799245,0.0821358,-0.0165138,-0.00533843
-52.3129,0.0799691,0.0813209,-0.0152854,-0.00426073
-52.2902,0.0799941,0.0840545,-0.0140532,-0.00318104
-52.2676,0.0799995,0.0835234,-0.0128175,-0.00209952
-52.2449,0.0799852,0.0853004,-0.0115787,-0.00101651
-52.2222,0.0799513,0.082795,-0.0103371,6.78229e-05
-52.1995,0.0798977,0.0851981,-0.00909288,0.00115314
-52.1769,0.0798245,0.0854643,-0.00784643,0.00223928
-52.1542,0.0797317,0.0844505,-0.00659804,0.00332595
-52.1315,0.0796193,0.0856495,-0.00534802,0.0044129
-52.1088,0.0794874,0.0863124,-0.00409668,0.00549987
-52.0862,0.0793359,0.0866749,-0.00284431,0.00658664
-52.0635,0.0791649,0.0852028,-0.00159124,0.00767294
-52.0408,0.0789745,0.0850935,-0.000337793,0.0087585
-52.0181,0.0787647,0.0849647,0.000915772,0.00984308
-51.9955,0.0785356,0.0846625,0.00216911,0.0109265
-51.9728,0.0782872,0.0858661,0.00342192,0.0120083
-51.9501,0.0780195,0.0840836,0.00467391,0.0130885
-51.9274,0.0777327,0.0859837,0.00592475,0.0141667
-51.9048,0.0774268,0.0841018,0.00717416,0.0152426
-51.8821,0.0771018,0.082864,0.00842179,0.016316
-51.8594,0.076758,0.0824806,0.00966738,0.0173868
-51.8367,0.0763953,0.0828125,0.0109106,0.0184545
-51.8141,0.0760138,0.0836198,0.0121511,0.019519
-51.7914,0.0756136,0.0813311,0.0133887,0.0205799
-51.7687,0.0751949,0.0810316,0.014623,0.0216371
-51.746,0.0747577,0.0812613,0.0158537,0.0226904
-51.7234,0.0743021,0.081431,0.0170805,0.0237394
-51.7007,0.0738283,0.0817049,0.0183031,0.0247839
-51.678,0.0733364,0.0803414,0.0195212,0.0258236
-51.6553,0.0728264,0.0831375,0.0207345,0.0268583
-51.6327,0.0722986,0.0808771,0.0219428,0.0278879
-51.61,0.071753,0.079165,0.0231457,0.0289119
-51.5873,0.0711897,0.0810683,0.0243429,0.0299303
-51.5646,0.070609,0.0793726,0.0255341,0.0309426
-51.542,0.070011,0.0802089,0.026719,0.0319487
-51.5193,0.0693957,0.0796153,0.0278974,0.0329484
-51.4966,0.0687634,0.0775246,0.029069,0.0339414
-51.4739,0.0681143,0.0771872,0.0302334,0.0349275
-51.4512,0.0674483,0.0777472,0.0313903,0.0359063
-51.4286,0.0667659,0.0777227,0.0325396,0.0368778
-51.4059,0.066067,0.0769505,0.0336809,0.0378417
-51.3832,0.0653519,0.0772748,0.0348139,0.0387976
-51.3605,0.0646207,0.0759761,0.0359384,0.0397455
-51.3379,0.0638737,0.0738167,0.0370541,0.040685
-51.3152,0.063111,0.0737156,0.0381606,0.0416159
-51.2925,0.0623327,0.0736257,0.0392578,0.0425381
-51.2698,0.0615392,0.0731324,0.0403453,0.0434513
-51.2472,0.0607306,0.0710263,0.041423,0.0443552
-51.2245,0.059907,0.0724324,0.0424904,0.0452496
-51.2018,0.0590687,0.0710597,0.0435475,0.0461344
-51.1791,0.058216,0.0686074,0.0445938,0.0470092
-51.1565,0.0573489,0.0690657,0.0456292,0.0478739
-51.1338,0.0564677,0.0689869,0.0466534,0.0487284
-51.1111,0.0555727,0.0686444,0.0476661,0.0495722
-51.0884,0.054664,0.0683133,0.0486671,0.0504054
-51.0658,0.0537419,0.066504,0.0496562,0.0512275
-51.0431,0.0528066,0.0654141,0.0506331,0.0520385
-51.0204,0.0518583,0.0642214,0.0515975,0.0528382
-50.9977,0.0508973,0.0633203,0.0525493,0.0536263
-50.9751,0.0499237,0.0609099,0.0534881,0.0544026
-50.9524,0.0489379,0.0624204,0.0544138,0.055167
-50.9297,0.0479401,0.0618239,0.0553262,0.0559192
-50.907,0.0469306,0.0604052,0.056225,0.0566591
-50.8844,0.0459095,0.0582916,0.0571099,0.0573864
-50.8617,0.0448771,0.0591327,0.0579809,0.0581011
-50.839,0.0438337,0.0590239,0.0588376,0.0588029
-50.8163,0.0427795,0.0578351,0.0596798,0.0594916
-50.7937,0.0417148,0.0539451,0.0605074,0.0601671
-50.771,0.0406399,0.0553103,0.0613201,0.0608292
-50.7483,0.039555,0.0537998,0.0621178,0.0614776
-50.7256,0.0384604,0.0525375,0.0629002,0.0621124
-50.7029,0.0373563,0.052349,0.0636672,0.0627332
-50.6803,0.0362431,0.0535457,0.0644185,0.0633399
-50.6576,0.0351209,0.0521316,0.065154,0.0639325
-50.6349,0.0339901,0.0504854,0.0658735,0.0645106
-50.6122,0.032851,0.0502037,0.0665769,0.0650742
-50.5896,0.0317038,0.0475932,0.0672638,0.0656231
-50.5669,0.0305488,0.0477713,0.0679343,0.0661572
-50.5442,0.0293864,0.0489917,0.068588,0.0666763
-50.5215,0.0282167,0.0456003,0.0692249,0.0671804
-50.4989,0.02704,0.0437276,0.0698448,0.0676692
-50.4762,0.0258568,0.0434913,0.0704476,0.0681426
-50.4535,0.0246672,0.0424352,0.071033,0.0686005
-50.4308,0.0234715,0.041199,0.0716011,0.0690428
-50.4082,0.02227,0.0388818,0.0721515,0.0694693
-50.3855,0.0210631,0.0390605,0.0726842,0.06988
-50.3628,0.019851,0.0387069,0.073199,0.0702748
-50.3401,0.0186341,0.0354367,0.0736959,0.0706535
-50.3175,0.0174125,0.0339027,0.0741747,0.071016
-50.2948,0.0161867,0.035308,0.0746353,0.0713621
-50.2721,0.0149569,0.0338935,0.0750775,0.0716919
-50.2494,0.0137234,0.0333701,0.0755013,0.0720053
-50.2268,0.0124866,0.0331421,0.0759065,0.072302
-50.2041,0.0112467,0.0294313,0.0762931,0.0725821
-50.1814,0.010004,0.0258343,0.0766609,0.0728455
-50.1587,0.00875892,0.0283457,0.0770099,0.0730921
-50.1361,0.00751164,0.0261341,0.07734,0.0733218
-50.1134,0.00626252,0.0253548,0.0776512,0.0735345
-50.0907,0.00501187,0.0260724,0.0779432,0.0737301
-50.068,0.00375998,0.0251068,0.0782161,0.0739088
-50.0454,0.00250716,0.0217307,0.0784698,0.0740702
-50.0227,0.00125374,0.0206092,0.0787042,0.0742145
-50,-1.64721e-15,0.0217696,0.0789192,0.0743415
-49.9773,-0.00125374,0.0201451,0.0791149,0.0744512
-49.9546,-0.00250716,0.0182383,0.0792912,0.0745435
-49.932,-0.00375998,0.0152272,0.079448,0.0746185
-49.9093,-0.00501187,0.0163321,0.0795853,0.0746761
-49.8866,-0.00626252,0.0139698,0.079703,0.0747162
-49.8639,-0.00751164,0.0120151,0.0798011,0.0747388
-49.8413,-0.00875892,0.0129352,0.0798797,0.074744
-49.8186,-0.010004,0.0101439,0.0799386,0.0747316
-49.7959,-0.0112467,0.00833504,0.0799779,0.0747017
-49.7732,-0.0124866,0.00899408,0.0799975,0.0746543
-49.7506,-0.0137234,0.00777756,0.0799976,0.0745894
-49.7279,-0.0149569,0.00484609,0.0799779,0.0745069
-49.7052,-0.0161867,0.00580616,0.0799386,0.0744069
-49.6825,-0.0174125,0.00601278,0.0798797,0.0742893
-49.6599,-0.0186341,-0.000353027,0.0798011,0.0741542
-49.6372,-0.019851,0.00139572,0.079703,0.0740017
-49.6145,-0.0210631,-0.000117726,0.0795853,0.0738316
-49.5918,-0.02227,-0.00264943,0.079448,0.0736442
-49.5692,-0.0234715,-0.000909259,0.0792912,0.0734392
-49.5465,-0.0246672,-0.00119827,0.079115,0.0732169
-49.5238,-0.0258568,-0.00290574,0.0789193,0.0729772
-49.5011,-0.02704,-0.00634341,0.0787042,0.0727202
-49.4785,-0.0282167,-0.00623601,0.0784698,0.0724459
-49.4558,-0.0293864,-0.00777709,0.0782162,0.0721544
-49.4331,-0.0305488,-0.00786447,0.0779433,0.0718458
-49.4104,-0.0317038,-0.00859465,0.0776515,0.07152
-49.3878,-0.032851,-0.008131,0.0773405,0.0711772
-49.3651,-0.0339901,-0.012023,0.0770102,0.0708174
-49.3424,-0.0351209,-0.0150918,0.0766615,0.0704407
-49.3197,-0.0362431,-0.0122424,0.0762942,0.0700472
-49.2971,-0.0373563,-0.0151215,0.0759076,0.0696369
-49.2744,-0.0384604,-0.0174732,0.0755027,0.0692099
-49.2517,-0.039555,-0.017994,0.0750798,0.0687664
-49.229,-0.0406399,-0.0168698,0.0746364,0.0683063
-49.2063,-0.0417148,-0.0196579,0.0741767,0.0678299
-49.1837,-0.0427795,-0.0232366,0.0736984,0.0673371
-49.161,-0.0438337,-0.021526,0.0732021,0.0668282
-49.1383,-0.0448771,-0.0240621,0.0726862,0.0663031
-49.1156,-0.0459095,-0.024965,0.0721554,0.0657621
-49.093,-0.0469306,-0.0253848,0.0716052,0.0652052
-49.0703,-0.0479401,-0.0269632,0.0710361,0.0646326
-49.0476,-0.0489379,-0.0281478,0.0704539,0.0640443
-49.0249,-0.0499237,-0.0282013,0.0698484,0.0634406
-49.0023,-0.0508973,-0.0272739,0.0692302,0.0628214
-48.9796,-0.0518583,-0.0288793,0.0685936,0.0621871
-48.9569,-0.0528066,-0.0326874,0.0679392,0.0615377
-48.9342,-0.0537419,-0.0315638,0.0672726,0.0608733
-48.9116,-0.054664,-0.0350343,0.0665809,0.0601941
-48.8889,-0.0555727,-0.0365044,0.065886,0.0595003
-48.8662,-0.0564677,-0.0342136,0.0651635,0.058792
-48.8435,-0.0573489,-0.03516,0.064431,0.0580692
-48.8209,-0.058216,-0.0364948,0.0636765,0.0573324
-48.7982,-0.0590687,-0.0399027,0.0629089,0.0565815
-48.7755,-0.059907,-0.0389296,0.0621231,0.0558168
-48.7528,-0.0607306,-0.0375081,0.061332,0.0550383
-48.7302,-0.0615392,-0.0416606,0.0605209,0.0542464
-48.7075,-0.0623327,-0.0412815,0.0596932,0.0534412
-48.6848,-0.063111,-0.0414297,0.0588513,0.0526228
-48.6621,-0.0638737,-0.0438909,0.0579942,0.0517914
-48.6395,-0.0646207,-0.042654,0.0571197,0.0509473
-48.6168,-0.0653519,-0.0445231,0.0562465,0.0500906
-48.5941,-0.066067,-0.0479284,0.0553461,0.0492215
-48.5714,-0.0667659,-0.0467085,0.0544329,0.0483402
-48.5488,-0.0674483,-0.0456517,0.0535065,0.0474469
-48.5261,-0.0681143,-0.0469709,0.0525617,0.0465419
-48.5034,-0.0687634,-0.0497248,0.0516239,0.0456253
-48.4807,-0.0693957,-0.048865,0.0506588,0.0446973
-48.458,-0.070011,-0.0501616,0.0496811,0.0437581
-48.4354,-0.070609,-0.0504742,0.0486845,0.042808
-48.4127,-0.0711897,-0.0507546,0.0476984,0.0418472
-48.39,-0.071753,-0.0521908,0.0466884,0.0408759
-48.3673,-0.0722986,-0.0516191,0.0456423,0.0398943
-48.3447,-0.0728264,-0.0535579,0.0446197,0.0389027
-48.322,-0.0733364,-0.0574429,0.0435631,0.0379013
-48.2993,-0.0738283,-0.0542181,0.0425161,0.0368902
-48.2766,-0.0743021,-0.0556125,0.0414589,0.0358699
-48.254,-0.0747577,-0.0571211,0.0403687,0.0348404
-48.2313,-0.0751949,-0.0582194,0.0392901,0.0338021
-48.2086,-0.0756136,-0.0609884,0.0381985,0.032755
-48.1859,-0.0760138,-0.0567299,0.0371001,0.0316997
-48.1633,-0.0763953,-0.0581771,0.0359829,0.0306362
-48.1406,-0.076758,-0.0592981,0.034868,0.0295648
-48.1179,-0.0771018,-0.0602417,0.0337136,0.0284857
-48.0952,-0.0774268,-0.059126,0.0325846,0.0273993
-48.0726,-0.0777327,-0.0622876,0.0314219,0.0263057
-48.0499,-0.0780195,-0.0621641,0.0302669,0.0252053
-48.0272,-0.0782872,-0.0630454,0.0291025,0.0240982
-48.0045,-0.0785356,-0.0629016,0.0279591,0.0229848
-47.9819,-0.0787647,-0.0635055,0.0267733,0.0218653
-47.9592,-0.0789745,-0.0638954,0.0255827,0.02074
-47.9365,-0.0791649,-0.0642165,0.0243888,0.0196091
-47.9138,-0.0793359,-0.064354,0.0232259,0.0184729
-47.8912,-0.0794874,-0.0654216,0.0219909,0.0173317
-47.8685,-0.0796193,-0.0659045,0.0207956,0.0161857
-47.8458,-0.0797317,-0.0653368,0.0195688,0.0150352
-47.8231,-0.0798245,-0.0653516,0.0183778,0.0138805
-47.8005,-0.0798977,-0.066169,0.0171509,0.0127218
-47.7778,-0.0799513,-0.0660419,0.0158759,0.0115596
-47.7551,-0.0799852,-0.0670673,0.0146829,0.0103938
-47.7324,-0.0799995,-0.0679017,0.0134776,0.00922489
-47.7098,-0.0799941,-0.0656172,0.0122002,0.00805326
-47.6871,-0.0799691,-0.069359,0.0109754,0.00687905
-47.6644,-0.0799245,-0.0695092,0.00972333,0.00570269
-47.6417,-0.0798602,-0.0684057,0.0084526,0.00452399
-47.619,-0.0797763,-0.0689755,0.00726235,0.00334411
-47.5964,-0.0796728,-0.0682176,0.00598728,0.00216204
-47.5737,-0.0795498,-0.0689757,0.00476833,0.000979378
-47.551,-0.0794072,-0.0681355,0.00348204,-0.000204525
-47.5283,-0.0792451,-0.0673251,0.00227794,-0.00138825
-47.5057,-0.0790635,-0.0711979,0.000991015,-0.00257261
-47.483,-0.0788625,-0.069566,-0.000218318,-0.00375748
-47.4603,-0.0786422,-0.0690109,-0.00151928,-0.00494216
-47.4376,-0.0784025,-0.0686928,-0.00274903,-0.00612468
-47.415,-0.0781436,-0.0661489,-0.00401862,-0.00730876
-47.3923,-0.0778654,-0.0684768,-0.00522294,-0.00848881
-47.3696,-0.0775682,-0.0694572,-0.00655353,-0.00967012
-47.3469,-0.0772519,-0.0668517,-0.00774918,-0.0108484
-47.3243,-0.0769166,-0.0690374,-0.00902126,-0.0120257
-47.3016,-0.0765625,-0.0698809,-0.0102068,-0.0132
-47.2789,-0.0761895,-0.0655644,-0.011458,-0.0143724
-47.2562,-0.0757978,-0.0676662,-0.0127094,-0.0155392
-47.2336,-0.0753875,-0.0686365,-0.0139506,-0.0167059
-47.2109,-0.0749587,-0.0656116,-0.0151476,-0.0178678
-47.1882,-0.0745115,-0.0680719,-0.0164208,-0.0190285
-47.1655,-0.0740459,-0.0659999,-0.0176381,-0.0201817
-47.1429,-0.0735622,-0.0643235,-0.0188702,-0.0213329
-47.1202,-0.0730604,-0.0664126,-0.0201075,-0.0224769
-47.0975,-0.0725407,-0.0657928,-0.0212752,-0.0236206
-47.0748,-0.0720032,-0.0652545,-0.0224405,-0.0247531
-47.0522,-0.0714479,-0.063991,-0.0237614,-0.0258851
-47.0295,-0.0708752,-0.0655929,-0.0248972,-0.0270079
-47.0068,-0.070285,-0.0649906,-0.0260472,-0.0281321
-46.9841,-0.0696775,-0.0643289,-0.0272519,-0.0292448
-46.9615,-0.0690529,-0.0628914,-0.0283909,-0.0303496
-46.9388,-0.0684114,-0.0624845,-0.029545,-0.0314543
-46.9161,-0.0677531,-0.0616644,-0.0307256,-0.0325442
-46.8934,-0.0670781,-0.0612945,-0.0318841,-0.0336295
-46.8707,-0.0663867,-0.0603871,-0.0329959,-0.0347063
-46.8481,-0.0656789,-0.0594372,-0.0341755,-0.0357765
-46.8254,-0.064955,-0.0587823,-0.0352388,-0.036834
-46.8027,-0.0642152,-0.0587923,-0.0363596,-0.0378927
-46.78,-0.0634596,-0.0591717,-0.0374779,-0.038938
-46.7574,-0.0626884,-0.0569431,-0.0386099,-0.0399728
-46.7347,-0.0619018,-0.0567871,-0.0397361,-0.0410021
-46.712,-0.0611,-0.057719,-0.0408175,-0.0420216
-46.6893,-0.0602832,-0.0529955,-0.0418812,-0.0430238
-46.6667,-0.0594516,-0.0557407,-0.042943,-0.044029
-46.644,-0.0586054,-0.0540082,-0.0439323,-0.0450109
-46.6213,-0.0577448,-0.0529501,-0.0450136,-0.0459869
-46.5986,-0.05687,-0.0531656,-0.0460048,-0.0469574
-46.576,-0.0559812,-0.049591,-0.0470127,-0.0479122
-46.5533,-0.0550787,-0.0498441,-0.0479673,-0.0488638
-46.5306,-0.0541627,-0.0531063,-0.049069,-0.0497937
-46.5079,-0.0532333,-0.0486745,-0.0501077,-0.0507128
-46.4853,-0.0522909,-0.0475429,-0.0508527,-0.0516323
-46.4626,-0.0513356,-0.0482383,-0.0519107,-0.0525339
-46.4399,-0.0503678,-0.0468943,-0.0529083,-0.0534107
-46.4172,-0.0493875,-0.0471726,-0.0538041,-0.0542884
-46.3946,-0.0483952,-0.0449625,-0.054704,-0.0551495
-46.3719,-0.0473909,-0.0444631,-0.0555439,-0.0559958
-46.3492,-0.046375,-0.0443839,-0.0565458,-0.0568335
-46.3265,-0.0453477,-0.0411819,-0.0572943,-0.0576471
-46.3039,-0.0443093,-0.0444064,-0.0581894,-0.0584642
-46.2812,-0.04326,-0.0402864,-0.0591353,-0.0592486
-46.2585,-0.0422,-0.0400579,-0.0599027,-0.060034
-46.2358,-0.0411297,-0.0401346,-0.0607062,-0.0608228
-46.2132,-0.0400493,-0.0369862,-0.0615116,-0.0615542
-46.1905,-0.0389591,-0.038667,-0.0623493,-0.0622906
-46.1678,-0.0378593,-0.0371029,-0.0630034,-0.0630168
-46.1451,-0.0367502,-0.0356645,-0.0638778,-0.0637249
-46.1224,-0.0356321,-0.0339508,-0.0645488,-0.0644076
-46.0998,-0.0345052,-0.0306901,-0.0652262,-0.0651053
-46.0771,-0.0333698,-0.0316655,-0.0660174,-0.0657653
-46.0544,-0.0322263,-0.0328691,-0.0668113,-0.0664155
-46.0317,-0.0310748,-0.0307353,-0.0674696,-0.0670446
-46.0091,-0.0299157,-0.0291313,-0.0679555,-0.0676708
-45.9864,-0.0287492,-0.0289322,-0.0686484,-0.0682507
-45.9637,-0.0275757,-0.0270455,-0.0694197,-0.0688454
-45.941,-0.0263954,-0.0266458,-0.069805,-0.0693962
-45.9184,-0.0252087,-0.023119,-0.0704396,-0.0699769
-45.8957,-0.0240157,-0.023328,-0.0709383,-0.070495
-45.873,-0.0228168,-0.023261,-0.0717792,-0.0710045
-45.8503,-0.0216124,-0.0210463,-0.0722144,-0.0715162
-45.8277,-0.0204026,-0.0209471,-0.0727124,-0.0720157
-45.805,-0.0191878,-0.0166935,-0.0730149,-0.0724612
-45.7823,-0.0179683,-0.0205007,-0.073628,-0.0729097
-45.7596,-0.0167444,-0.0160114,-0.0741856,-0.0733303
-45.737,-0.0155164,-0.0109272,-0.0746439,-0.073766
-45.7143,-0.0142846,-0.0156241,-0.0748551,-0.0741522
-45.6916,-0.0130492,-0.0129415,-0.0753792,-0.0745494
-45.6689,-0.0118107,-0.011153,-0.0757509,-0.0749029
-45.6463,-0.0105692,-0.0125294,-0.0761076,-0.0752578
-45.6236,-0.00932517,-0.00802591,-0.0764199,-0.0755614
-45.6009,-0.00807883,-0.00986788,-0.0768469,-0.0758729
-45.5782,-0.00683051,-0.0081414,-0.0771764,-0.0761414
-45.5556,-0.00558052,-0.00346875,-0.0775231,-0.0764254
-45.5329,-0.00432915,-0.00332395,-0.0778834,-0.0766505
-45.5102,-0.00307672,-0.00412164,-0.0779895,-0.0769168
-45.4875,-0.00182353,-0.00320765,-0.0784717,-0.0771169
-45.4649,-0.000569899,-0.00188867,-0.0784938,-0.0772983
-45.4422,0.000683876,-0.0014525,-0.0787083,-0.0774855
-45.4195,0.00193748,0.00193028,-0.0787528,-0.0776448
-45.3968,0.00319061,0.0026009,-0.0790415,-0.0777859
-45.3741,0.00444296,0.00528124,-0.0791359,-0.0779221
-45.3515,0.00569422,0.00466628,-0.0791887,-0.0780065
-45.3288,0.00694407,0.0049124,-0.0794691,-0.0781278
-45.3061,0.00819222,0.00704001,-0.0795784,-0.0781688
-45.2834,0.00943836,0.00740915,-0.0795702,-0.0782394
-45.2608,0.0106822,0.0111233,-0.0795112,-0.078236
-45.2381,0.0119234,0.0118795,-0.0794362,-0.0782581
-45.2154,0.0131616,0.0121873,-0.0795784,-0.078255
-45.1927,0.0143967,0.0143495,-0.0795621,-0.0782279
-45.1701,0.0156282,0.0149621,-0.0795023,-0.0781193
-45.1474,0.0168558,0.0176547,-0.0796038,-0.0780895
-45.1247,0.0180794,0.0167561,-0.0793474,-0.0780136
-45.102,0.0192984,0.0178848,-0.0795111,-0.0778733
-45.0794,0.0205128,0.0202558,-0.0792972,-0.0777787
-45.0567,0.0217221,0.0206574,-0.0789819,-0.0776396
-45.034,0.0229261,0.0236023,-0.0789719,-0.0774688
-45.0113,0.0241244,0.0213622,-0.0788221,-0.0772664
-44.9887,0.0253168,0.0225161,-0.0787048,-0.0770718
-44.966,0.026503,0.0264543,-0.0785068,-0.0768696
-44.9433,0.0276827,0.0256361,-0.0780609,-0.0766405
-44.9206,0.0288556,0.0229445,-0.0777545,-0.0763974
-44.898,0.0300214,0.0271199,-0.0776041,-0.0761289
-44.8753,0.0311798,0.0303071,-0.0773377,-0.075826
-44.8526,0.0323305,0.0304279,-0.0771177,-0.0754995
-44.8299,0.0334734,0.0312134,-0.0769113,-0.0751338
-44.8073,0.034608,0.0318369,-0.0762015,-0.0748275
-44.7846,0.0357341,0.0347378,-0.0760206,-0.0744597
-44.7619,0.0368514,0.0362624,-0.0755976,-0.0740796
-44.7392,0.0379597,0.0343173,-0.0752381,-0.0736962
-44.7166,0.0390586,0.0368717,-0.0748431,-0.0732378
-44.6939,0.040148,0.0404621,-0.0743344,-0.0728107
-44.6712,0.0412275,0.0412104,-0.0738287,-0.0723739
-44.6485,0.0422968,0.0425581,-0.0732097,-0.0719019
-44.6259,0.0433558,0.0407466,-0.0729674,-0.0713982
-44.6032,0.0444041,0.0447959,-0.0722609,-0.0709315
-44.5805,0.0454416,0.0448905,-0.0718773,-0.0703368
-44.5578,0.0464678,0.0440198,-0.0713985,-0.0698196
-44.5351,0.0474827,0.0493697,-0.0707708,-0.069251
-44.5125,0.0484859,0.0486095,-0.0702833,-0.0686828
-44.4898,0.0494771,0.050036,-0.0696096,-0.0681073
-44.4671,0.0504563,0.050124,-0.069049,-0.0675182
-44.4444,0.051423,0.0504907,-0.0684417,-0.0668362
-44.4218,0.0523771,0.0532936,-0.067651,-0.0661988
-44.3991,0.0533183,0.0530988,-0.067124,-0.0655625
-44.3764,0.0542465,0.0528275,-0.0664361,-0.0648145
-44.3537,0.0551613,0.0550306,-0.0656713,-0.0641664
-44.3311,0.0560626,0.0535713,-0.0648495,-0.0635037
-44.3084,0.0569501,0.0563082,-0.0639056,-0.0627875
-44.2857,0.0578236,0.0564793,-0.0633241,-0.0620574
-44.263,0.0586829,0.0586122,-0.0628489,-0.0612353
-44.2404,0.0595278,0.0598171,-0.0620345,-0.0604812
-44.2177,0.0603581,0.0596121,-0.0610051,-0.0597669
-44.195,0.0611735,0.0617481,-0.0602567,-0.0589171
-44.1723,0.0619739,0.0604998,-0.0594311,-0.0580987
-44.1497,0.0627591,0.0630233,-0.0587503,-0.0572358
-44.127,0.0635289,0.0655338,-0.0576377,-0.0564734
-44.1043,0.0642831,0.0643992,-0.0568315,-0.0555564
-44.0816,0.0650215,0.0652226,-0.0559302,-0.0547393
-44.059,0.0657439,0.0662998,-0.0550518,-0.0538537
-44.0363,0.0664502,0.0632359,-0.0542361,-0.0529062
-44.0136,0.0671402,0.0667966,-0.0531652,-0.0520661
-43.9909,0.0678136,0.0681297,-0.0519472,-0.0511302
-43.9683,0.0684704,0.0684381,-0.0514249,-0.0502342
-43.9456,0.0691104,0.0699229,-0.0505406,-0.0492198
-43.9229,0.0697334,0.0704575,-0.0494509,-0.0482749
-43.9002,0.0703393,0.069674,-0.0483471,-0.0473372
-43.8776,0.0709279,0.0720933,-0.0477031,-0.0463155
-43.8549,0.0714991,0.0701567,-0.0463929,-0.0453107
-43.8322,0.0720528,0.0743513,-0.0456122,-0.0443207
-43.8095,0.0725887,0.0730293,-0.0444631,-0.0432386
-43.7868,0.0731068,0.0732691,-0.0434638,-0.0423055
-43.7642,0.0736069,0.0738281,-0.0422159,-0.0412571
-43.7415,0.074089,0.0733674,-0.0411442,-0.0402501
-43.7188,0.0745529,0.0774121,-0.0397917,-0.0391072
-43.6961,0.0749984,0.0769789,-0.0394265,-0.038025
-43.6735,0.0754256,0.0788953,-0.0378277,-0.0369711
-43.6508,0.0758342,0.079037,-0.0367279,-0.0359296
-43.6281,0.0762242,0.0791404,-0.0356503,-0.0348177
-43.6054,0.0765954,0.0809756,-0.0349448,-0.0337016
-43.5828,0.0769479,0.0799247,-0.0334834,-0.0326037
-43.5601,0.0772814,0.083089,-0.0326197,-0.0314408
-43.5374,0.077596,0.0821307,-0.0313419,-0.0303224
-43.5147,0.0778915,0.0827372,-0.0301219,-0.0291979
-43.4921,0.0781679,0.0800186,-0.0289341,-0.0281207
-43.4694,0.0784251,0.0833065,-0.0278421,-0.0269002
-43.4467,0.078663,0.0857086,-0.0259499,-0.0257852
-43.424,0.0788816,0.0852052,-0.0254961,-0.0245644
-43.4014,0.0790808,0.0847,-0.0241723,-0.023404
-43.3787,0.0792606,0.0847684,-0.0228877,-0.0223017
-43.356,0.0794209,0.0857086,-0.0216355,-0.0210483
-43.3333,0.0795618,0.0836658,-0.020427,-0.0198374
-43.3107,0.079683,0.0851445,-0.0194492,-0.0187397
-43.288,0.0797847,0.0873994,-0.0183722,-0.0175438
-43.2653,0.0798669,0.0880095,-0.0163948,-0.0163784
-43.2426,0.0799294,0.0886596,-0.0156163,-0.0150558
-43.22,0.0799722,0.0860427,-0.0145111,-0.0138938
-43.1973,0.0799954,0.0874237,-0.0128224,-0.0126905
-43.1746,0.079999,0.0885733,-0.0119403,-0.0114826
-43.1519,0.0799829,0.0866356,-0.0108697,-0.0102556
-43.1293,0.0799472,0.090199,-0.00927664,-0.00893285
-43.1066,0.0798918,0.0893987,-0.0082205,-0.00778746
-43.0839,0.0798169,0.0894331,-0.00702088,-0.00659411
-43.0612,0.0797223,0.088867,-0.00574279,-0.00527017
-43.0385,0.0796081,0.0889493,-0.00413202,-0.00411926
-43.0159,0.0794744,0.0888277,-0.00300591,-0.00294353
-42.9932,0.0793212,0.0917611,-0.00182797,-0.00166618
-42.9705,0.0791484,0.0930466,-0.000291541,-0.000395495
-42.9478,0.0789563,0.0885513,0.000837379,0.000836748
-42.9252,0.0787447,0.0913797,0.00206205,0.00207819
-42.9025,0.0785138,0.089479,0.00283165,0.00331507
-42.8798,0.0782636,0.0878583,0.00438147,0.00449078
-42.8571,0.0779942,0.0917964,0.00540879,0.00574103
-42.8345,0.0777057,0.0885926,0.00687379,0.00703664
-42.8118,0.077398,0.0884006,0.00757972,0.0081898
-42.7891,0.0770714,0.0893292,0.00976324,0.00937675
-42.7664,0.0767258,0.0871914,0.0111421,0.0106335
-42.7438,0.0763614,0.0926666,0.0119325,0.0118906
-42.7211,0.0759782,0.0900559,0.0132914,0.013153
-42.6984,0.0755763,0.0878735,0.01423,0.0142489
-42.6757,0.0751559,0.0919029,0.0161049,0.0155158
-42.6531,0.074717,0.0905676,0.0167919,0.0167941
-42.6304,0.0742598,0.0865372,0.0180593,0.017944
-42.6077,0.0737843,0.0893552,0.0193307,0.0190754
-42.585,0.0732908,0.091062,0.020318,0.0203557
-42.5624,0.0727792,0.0884122,0.0218523,0.0216131
-42.5397,0.0722497,0.0898862,0.0226589,0.022724
-42.517,0.0717025,0.090107,0.0240526,0.0239013
-42.4943,0.0711377,0.0866609,0.0257944,0.0250827
-42.4717,0.0705554,0.0880863,0.0268154,0.026211
-42.449,0.0699558,0.0872626,0.0275771,0.0273645
-42.4263,0.069339,0.0866608,0.029135,0.0285901
-42.4036,0.0687051,0.088371,0.0302864,0.0296656
-42.381,0.0680544,0.0856443,0.0314755,0.0308954
-42.3583,0.067387,0.0819262,0.0328575,0.0320259
-42.3356,0.066703,0.0844213,0.0334872,0.0331895
-42.3129,0.0660026,0.0818337,0.0346744,0.0343386
-42.2902,0.0652861,0.0832163,0.0361416,0.0353169
-42.2676,0.0645535,0.0825834,0.0371723,0.0365787
-42.2449,0.063805,0.0807027,0.0382009,0.0375973
-42.2222,0.0630409,0.0822558,0.039013,0.0386859
-42.1995,0.0622612,0.080013,0.0407302,0.0398325
-42.1769,0.0614663,0.0758432,0.0411573,0.0409425
-42.1542,0.0606563,0.08029,0.0426442,0.0418215
-42.1315,0.0598314,0.0776196,0.0436512,0.0429663
-42.1088,0.0589918,0.0767505,0.0444926,0.0440611
-42.0862,0.0581377,0.0782105,0.0459568,0.0450468
-42.0635,0.0572693,0.0781102,0.0468811,0.0460109
-42.0408,0.0563869,0.0751714,0.0475037,0.0470616
-42.0181,0.0554906,0.0758392,0.0489202,0.0482354
-41.9955,0.0545807,0.0773771,0.049759,0.0490508
-41.9728,0.0536574,0.0777456,0.0504196,0.0500701
-41.9501,0.0527209,0.0753885,0.0518035,0.0509504
-41.9274,0.0517714,0.0726986,0.0526304,0.0519734
-41.9048,0.0508093,0.0710253,0.0538109,0.0528212
-41.8821,0.0498346,0.0753511,0.0546231,0.0537118
-41.8594,0.0488477,0.071438,0.055436,0.0547778
-41.8367,0.0478488,0.0695624,0.0564581,0.0556261
-41.8141,0.0468382,0.0679191,0.0576474,0.0565529
-41.7914,0.0458161,0.0670736,0.0581981,0.0573237
-41.7687,0.0447827,0.0677527,0.0597351,0.0582851
-41.746,0.0437383,0.0656084,0.0601241,0.0590368
-41.7234,0.0426831,0.0658469,0.0609793,0.0599682
-41.7007,0.0416175,0.0662047,0.0618212,0.0606585
-41.678,0.0405417,0.0632347,0.0629812,0.0613732
-41.6553,0.0394559,0.0583853,0.0636168,0.0622477
-41.6327,0.0383604,0.0610862,0.0643515,0.0628923
-41.61,0.0372555,0.0582416,0.0651054,0.0637346
-41.5873,0.0361414,0.0610339,0.0658961,0.0646211
-41.5646,0.0350185,0.0577618,0.0666912,0.0652667
-41.542,0.0338869,0.0559967,0.0674981,0.0660657
-41.5193,0.0327471,0.0577678,0.0677352,0.0667945
-41.4966,0.0315991,0.054866,0.0681108,0.0674686
-41.4739,0.0304435,0.0512218,0.06932,0.0679913
-41.4512,0.0292803,0.0512524,0.0700389,0.0687377
-41.4286,0.02811,0.0525487,0.0699503,0.0692264
-41.4059,0.0269327,0.0536959,0.0717721,0.0698867
-41.3832,0.0257489,0.0496875,0.0721973,0.0705038
-41.3605,0.0245587,0.0482127,0.0730359,0.0711689
-41.3379,0.0233625,0.0459227,0.073192,0.0716814
-41.3152,0.0221605,0.0472082,0.0733614,0.0723169
-41.2925,0.0209531,0.0447608,0.0739871,0.0726811
-41.2698,0.0197406,0.0457141,0.0746076,0.0732112
-41.2472,0.0185232,0.0450705,0.0749023,0.0738165
-41.2245,0.0173013,0.0378492,0.0754116,0.0741922
-41.2018,0.0160751,0.0414046,0.0764515,0.0746756
-41.1791,0.0148449,0.0409947,0.0771898,0.0750329
-41.1565,0.0136111,0.0394062,0.0763823,0.0755361
-41.1338,0.012374,0.0396016,0.0777545,0.0759844
-41.1111,0.0111338,0.0348324,0.0778773,0.0762267
-41.0884,0.00989095,0.0329951,0.0790421,0.0766552
-41.0658,0.00864561,0.0348938,0.0789778,0.0772331
-41.0431,0.00739816,0.0327035,0.0790764,0.0773898
-41.0204,0.00614889,0.0304584,0.0781882,0.0777194
-40.9977,0.0048981,0.0315334,0.0795976,0.0780323
-40.9751,0.00364612,0.0288796,0.0799768,0.0782752
-40.9524,0.00239324,0.0282454,0.0798788,0.0786214
-40.9297,0.00113977,0.0274604,0.0798842,0.0789303
-40.907,-0.000113981,0.0237892,0.0803839,0.0790232
-40.8844,-0.0013677,0.0247815,0.080283,0.0793366
-40.8617,-0.00262109,0.0240656,0.0814937,0.0794002
-40.839,-0.00387383,0.0222069,0.0807708,0.0795401
-40.8163,-0.00512562,0.0202019,0.0816078,0.0797016
-40.7937,-0.00637615,0.0197716,0.0819633,0.0797659
-40.771,-0.00762511,0.0161123,0.0820494,0.0799104
-40.7483,-0.00887221,0.0139111,0.0817283,0.0798442
-40.7256,-0.0101171,0.0142221,0.0815264,0.0799662
-40.7029,-0.0113595,0.0136699,0.0818622,0.0801198
-40.6803,-0.0125992,0.0098095,0.0821993,0.0800201
-40.6576,-0.0138357,0.0101043,0.0816255,0.0801711
-40.6349,-0.0150689,0.00932835,0.0822056,0.0799345
-40.6122,-0.0162983,0.00911569,0.081797,0.0801895
-40.5896,-0.0175238,0.00919552,0.0817967,0.079869
-40.5669,-0.0187449,0.0074678,0.081404,0.0799263
-40.5442,-0.0199614,0.00516151,0.0817112,0.0797413
-40.5215,-0.0211731,0.00289718,0.0812389,0.0795162
-40.4989,-0.0223795,0.00173087,0.081926,0.0795398
-40.4762,-0.0235804,-0.000165463,0.0814511,0.0794644
-40.4535,-0.0247756,0.000672753,0.0810112,0.0792914
-40.4308,-0.0259646,-0.00121941,0.0806633,0.079097
-40.4082,-0.0271473,-0.00217614,0.0807139,0.0790668
-40.3855,-0.0283233,-0.00459882,0.0809447,0.0785085
-40.3628,-0.0294924,-0.00233946,0.0795656,0.0784284
-40.3401,-0.0306542,-0.00637191,0.0798039,0.0782029
-40.3175,-0.0318084,-0.00801666,0.0791993,0.0778962
-40.2948,-0.0329549,-0.00571103,0.0796832,0.0775811
-40.2721,-0.0340933,-0.00980968,0.0796148,0.0772842
-40.2494,-0.0352233,-0.0106606,0.0785898,0.0768233
-40.2268,-0.0363446,-0.0142697,0.0791701,0.0764667
-40.2041,-0.037457,-0.0154106,0.0785324,0.0761364
-40.1814,-0.0385603,-0.0139229,0.0777692,0.0759658
-40.1587,-0.039654,-0.0179816,0.0775376,0.0754421
-40.1361,-0.040738,-0.0198636,0.0768008,0.0749923
-40.1134,-0.041812,-0.0191967,0.0757353,0.0743041
-40.0907,-0.0428758,-0.0209082,0.076435,0.0740447
-40.068,-0.043929,-0.0216403,0.0755023,0.0737202
-40.0454,-0.0449714,-0.0194599,0.0753344,0.0728905
-40.0227,-0.0460028,-0.0229226,0.0746456,0.0723457
-40,-0.0470228,-0.0243101,0.0734733,0.0720384
-39.9773,-0.0480313,-0.0239758,0.0729258,0.0713109
-39.9546,-0.0490281,-0.0261949,0.0727535,0.0706815
-39.932,-0.0500127,-0.0261319,0.0712195,0.070096
-39.9093,-0.0509851,-0.0288356,0.0719,0.0696591
-39.8866,-0.051945,-0.0276511,0.071122,0.0688215
-39.8639,-0.0528921,-0.0300195,0.0700978,0.0683584
-39.8413,-0.0538262,-0.0302426,0.0694689,0.0676124
-39.8186,-0.0547471,-0.0304219,0.0690927,0.0668814
-39.7959,-0.0556546,-0.0323565,0.0673953,0.0663119
-39.7732,-0.0565484,-0.034377,0.0674848,0.0655093
-39.7506,-0.0574283,-0.0356542,0.0671973,0.0649096
-39.7279,-0.0582941,-0.032109,0.0657776,0.0640346
-39.7052,-0.0591456,-0.0357561,0.0644062,0.0631621
-39.6825,-0.0599825,-0.0383961,0.0646894,0.062695
-39.6599,-0.0608047,-0.035924,0.0627684,0.0618111
-39.6372,-0.061612,-0.03944,0.0628041,0.0609517
-39.6145,-0.0624041,-0.0401889,0.0621408,0.0599633
-39.5918,-0.063181,-0.0394089,0.0615598,0.059315
-39.5692,-0.0639423,-0.0391191,0.0605974,0.0580941
-39.5465,-0.0646878,-0.0457682,0.0597237,0.0575292
-39.5238,-0.0654176,-0.0412727,0.0583965,0.0564974
-39.5011,-0.0661312,-0.0455006,0.0579374,0.0557929
-39.4785,-0.0668286,-0.0448567,0.0568568,0.0547781
-39.4558,-0.0675096,-0.0420771,0.0566697,0.0538338
-39.4331,-0.068174,-0.0458885,0.0552301,0.0533249
-39.4104,-0.0688216,-0.0489137,0.0534614,0.0520614
-39.3878,-0.0694524,-0.0478031,0.0526452,0.0510702
-39.3651,-0.0700661,-0.0493734,0.0519669,0.050165
-39.3424,-0.0706625,-0.0455636,0.0518724,0.0489428
-39.3197,-0.0712417,-0.0527525,0.049784,0.0481117
-39.2971,-0.0718033,-0.0467147,0.049213,0.047077
-39.2744,-0.0723473,-0.048526,0.049162,0.0460649
-39.2517,-0.0728735,-0.0520685,0.0485364,0.0452543
-39.229,-0.0733818,-0.0510834,0.045673,0.0439278
-39.2063,-0.0738721,-0.0526998,0.0455658,0.0429188
-39.1837,-0.0743443,-0.0552259,0.0437874,0.0418098
-39.161,-0.0747982,-0.0517683,0.043189,0.0408067
-39.1383,-0.0752337,-0.0503457,0.0430083,0.0398632
-39.1156,-0.0756508,-0.0522343,0.0411122,0.0386553
-39.093,-0.0760492,-0.0566158,0.038884,0.037998
-39.0703,-0.076429,-0.0519617,0.0382794,0.0366896
-39.0476,-0.07679,-0.0549375,0.0380426,0.0355478
-39.0249,-0.0771322,-0.0603742,0.0371884,0.0341292
-39.0023,-0.0774554,-0.054155,0.0343428,0.0332345
-38.9796,-0.0777596,-0.0535487,0.0349877,0.0317286
-38.9569,-0.0780446,-0.0598878,0.0339948,0.0306879
-38.9342,-0.0783106,-0.0583795,0.0328241,0.0293037
-38.9116,-0.0785572,-0.0576484,0.0303849,0.028509
-38.8889,-0.0787846,-0.0624018,0.0302952,0.027336
-38.8662,-0.0789927,-0.0588752,0.0297108,0.0260151
-38.8435,-0.0791813,-0.0608886,0.0280304,0.024859
-38.8209,-0.0793505,-0.0646063,0.0264347,0.0237142
-38.7982,-0.0795002,-0.0619745,0.0247303,0.0222235
-38.7755,-0.0796303,-0.0602871,0.0245762,0.0215907
-38.7528,-0.0797409,-0.059482,0.0217253,0.019938
-38.7302,-0.079832,-0.0633968,0.0217835,0.0189545
-38.7075,-0.0799034,-0.0640487,0.0207576,0.0176348
-38.6848,-0.0799552,-0.0609501,0.0190815,0.0163232
-38.6621,-0.0799873,-0.0653124,0.0175264,0.0151957
-38.6395,-0.0799998,-0.0661578,0.0173603,0.0139501
-38.6168,-0.0799927,-0.0662578,0.016798,0.0123774
-38.5941,-0.0799659,-0.0623862,0.0150687,0.0115985
-38.5714,-0.0799194,-0.0662831,0.0138519,0.0100833
-38.5488,-0.0798534,-0.07045,0.0121275,0.00905169
-38.5261,-0.0797677,-0.0638747,0.0108732,0.00724106
-38.5034,-0.0796624,-0.0650679,0.00962662,0.00654595
-38.4807,-0.0795376,-0.0666245,0.00844775,0.00526536
-38.458,-0.0793932,-0.0670269,0.00808011,0.00430899
-38.4354,-0.0792294,-0.0644334,0.00573133,0.00251243
-38.4127,-0.079046,-0.062755,0.00522214,0.00155422
-38.39,-0.0788433,-0.0627913,0.00393531,0.00038641
-38.3673,-0.0786212,-0.0666434,0.00315278,-0.00118246
-38.3447,-0.0783797,-0.0691436,-0.000635367,-0.00233142
-38.322,-0.0781191,-0.0655677,0.000729311,-0.00340334
-38.2993,-0.0778392,-0.0639228,-0.00084922,-0.00494161
-38.2766,-0.0775402,-0.0649018,-0.00172955,-0.00614543
-38.254,-0.0772222,-0.0670705,-0.00503284,-0.00747961
-38.2313,-0.0768852,-0.0624994,-0.00443825,-0.00846877
-38.2086,-0.0765293,-0.0599734,-0.00689632,-0.00985494
-38.1859,-0.0761547,-0.0664721,-0.00675465,-0.0112047
-38.1633,-0.0757613,-0.0653022,-0.0092919,-0.01212
-38.1406,-0.0753493,-0.0610689,-0.00933011,-0.0133069
-38.1179,-0.0749188,-0.0638769,-0.0112053,-0.0149857
-38.0952,-0.0744699,-0.0642694,-0.0125559,-0.0160023
-38.0726,-0.0740027,-0.0601483,-0.0132127,-0.0169202
-38.0499,-0.0735174,-0.0640084,-0.0144425,-0.018913
-38.0272,-0.0730139,-0.0641676,-0.0162191,-0.0194424
-38.0045,-0.0724926,-0.0641931,-0.0170449,-0.0207878
-37.9819,-0.0719534,-0.0629653,-0.0162909,-0.0223093
-37.9592,-0.0713966,-0.0646691,-0.020206,-0.0234595
-37.9365,-0.0708222,-0.0664489,-0.0213672,-0.0245678
-37.9138,-0.0702305,-0.0621919,-0.0215703,-0.0255428
-37.8912,-0.0696214,-0.0656701,-0.0227487,-0.026968
-37.8685,-0.0689953,-0.0645543,-0.0234333,-0.0284286
-37.8458,-0.0683523,-0.0605039,-0.0244924,-0.0290291
-37.8231,-0.0676924,-0.0593254,-0.0254064,-0.0303789
-37.8005,-0.0670159,-0.0610973,-0.0278382,-0.0315003
-37.7778,-0.066323,-0.0607375,-0.0290181,-0.0325829
-37.7551,-0.0656138,-0.0588843,-0.0299887,-0.0333928
-37.7324,-0.0648884,-0.0625501,-0.0307566,-0.0346367
-37.7098,-0.0641472,-0.0605824,-0.0329832,-0.0360212
-37.6871,-0.0633901,-0.0550698,-0.0338194,-0.0374496
-37.6644,-0.0626175,-0.060307,-0.0341401,-0.038226
-37.6417,-0.0618295,-0.0598897,-0.0348242,-0.0395179
-37.619,-0.0610264,-0.0554329,-0.0382334,-0.0403738
-37.5964,-0.0602082,-0.0584276,-0.0383255,-0.0416153
-37.5737,-0.0593753,-0.059216,-0.0384979,-0.0433163
-37.551,-0.0585277,-0.0516838,-0.0396178,-0.0442714
-37.5283,-0.0576658,-0.0535592,-0.0403577,-0.0447331
-37.5057,-0.0567897,-0.0574884,-0.0418839,-0.0460274
-37.483,-0.0558997,-0.0565625,-0.043426,-0.0470595
-37.4603,-0.054996,-0.0494818,-0.0417635,-0.0480952
-37.4376,-0.0540787,-0.0486416,-0.0459194,-0.0488913
-37.415,-0.0531482,-0.0556029,-0.045549,-0.0498853
-37.3923,-0.0522046,-0.050806,-0.0466371,-0.0511099
-37.3696,-0.0512482,-0.0488028,-0.0468347,-0.0517703
-37.3469,-0.0502792,-0.055092,-0.0496197,-0.0528995
-37.3243,-0.0492978,-0.0518616,-0.0496347,-0.0541159
-37.3016,-0.0483044,-0.0510214,-0.051352,-0.0551886
-37.2789,-0.047299,-0.0466591,-0.0507363,-0.055902
-37.2562,-0.0462821,-0.0449655,-0.0536519,-0.0566935
-37.2336,-0.0452538,-0.046537,-0.0533223,-0.0574812
-37.2109,-0.0442143,-0.0463651,-0.0543678,-0.0586667
-37.1882,-0.0431641,-0.0459557,-0.0531026,-0.0589616
-37.1655,-0.0421032,-0.0389854,-0.0556784,-0.060432
-37.1429,-0.0410319,-0.040754,-0.0564301,-0.0609378
-37.1202,-0.0399506,-0.0425166,-0.0568361,-0.0617557
-37.0975,-0.0388595,-0.0379539,-0.0570383,-0.06263
-37.0748,-0.0377588,-0.0397491,-0.060379,-0.0639052
-37.0522,-0.0366489,-0.0369245,-0.0576927,-0.0643969
-37.0295,-0.03553,-0.0400576,-0.0615948,-0.0654401
-37.0068,-0.0344023,-0.0351472,-0.0593794,-0.0654642
-36.9841,-0.0332662,-0.0309664,-0.0609211,-0.0669059
-36.9615,-0.0321219,-0.0331959,-0.0623614,-0.0669293
-36.9388,-0.0309697,-0.0361399,-0.0625394,-0.0683584
-36.9161,-0.0298099,-0.0323548,-0.0628798,-0.0683464
-36.8934,-0.0286428,-0.0315424,-0.0659599,-0.0699322
-36.8707,-0.0274687,-0.0340781,-0.0642044,-0.0702319
-36.8481,-0.0262878,-0.0296018,-0.0662594,-0.0706329
-36.8254,-0.0251005,-0.025269,-0.0652375,-0.0709671
-36.8027,-0.0239069,-0.0271571,-0.0641031,-0.0715826
-36.78,-0.0227076,-0.0265753,-0.0668379,-0.0721053
-36.7574,-0.0215026,-0.029393,-0.0697226,-0.0731124
-36.7347,-0.0202924,-0.0270563,-0.0693909,-0.0733614
-36.712,-0.0190771,-0.0217114,-0.0670888,-0.0746418
-36.6893,-0.0178572,-0.0203813,-0.0691773,-0.0746348
-36.6667,-0.0166329,-0.0199786,-0.0697953,-0.0747941
-36.644,-0.0154046,-0.0222593,-0.0703118,-0.0753592
-36.6213,-0.0141724,-0.0149566,-0.0696185,-0.0766153
-36.5986,-0.0129367,-0.0183607,-0.0696097,-0.0764344
-36.576,-0.0116979,-0.013733,-0.0705519,-0.0769973
-36.5533,-0.0104562,-0.0122807,-0.0705784,-0.0772387
-36.5306,-0.00921196,-0.0129619,-0.0701656,-0.0780317
-36.5079,-0.00796543,-0.0130806,-0.0732011,-0.0781764
-36.4853,-0.00671694,-0.0130161,-0.0716651,-0.0788602
-36.4626,-0.00546681,-0.00821126,-0.0697175,-0.0785579
-36.4399,-0.00421533,-0.0106793,-0.0736065,-0.0788162
-36.4172,-0.00296282,-0.00559162,-0.0724895,-0.0796408
-36.3946,-0.00170958,-0.00126328,-0.0705794,-0.0794701
-36.3719,-0.00045592,-0.00679774,-0.0736175,-0.0800132
-36.3492,0.000797852,-0.00349574,-0.0723702,-0.0808566
-36.3265,0.00205143,-0.00568036,-0.0738551,-0.0795155
-36.3039,0.0033045,-0.000208464,-0.0737908,-0.0804623
-36.2812,0.00455676,-0.00288502,-0.0761915,-0.0808334
-36.2585,0.0058079,-0.000202144,-0.0724678,-0.0803699
-36.2358,0.00705762,0.00455217,-0.0745882,-0.0809768
-36.2132,0.0083056,0.00577168,-0.071255,-0.0810331
-36.1905,0.00955154,0.00382737,-0.0741538,-0.0812118
-36.1678,0.0107951,0.00601258,-0.0745812,-0.0809397
-36.1451,0.0120361,0.00925605,-0.0720937,-0.0812764
-36.1224,0.0132741,0.0125461,-0.0733108,-0.0814673
-36.0998,0.0145088,0.00857561,-0.075232,-0.080668
-36.0771,0.01574,0.0143554,-0.0741042,-0.080724
-36.0544,0.0169673,0.0122246,-0.0726479,-0.0814338
-36.0317,0.0181904,0.0164021,-0.0743542,-0.0814284
-36.0091,0.019409,0.0127404,-0.0754588,-0.0802878
-35.9864,0.0206229,0.017885,-0.0717485,-0.0815869
-35.9637,0.0218318,0.0208248,-0.0750423,-0.0815053
-35.941,0.0230352,0.0151466,-0.0740321,-0.0806277
-35.9184,0.024233,0.0200817,-0.072745,-0.0806087
-35.8957,0.0254249,0.0219078,-0.0727029,-0.0802171
-35.873,0.0266105,0.0206153,-0.0729999,-0.0798265
-35.8503,0.0277896,0.0297617,-0.0723032,-0.0800775
-35.8277,0.0289618,0.028046,-0.0725104,-0.0796148
-35.805,0.030127,0.0237503,-0.0728097,-0.079043
-35.7823,0.0312847,0.0277747,-0.0699575,-0.0791208
-35.7596,0.0324348,0.0302364,-0.0750995,-0.0786134
-35.737,0.0335769,0.0295979,-0.0720237,-0.0781133
-35.7143,0.0347107,0.0340313,-0.0721599,-0.0781754
-35.6916,0.035836,0.035228,-0.0725951,-0.0773453
-35.6689,0.0369525,0.037114,-0.0703087,-0.0774157
-35.6463,0.03806,0.0387502,-0.0691874,-0.0770135
-35.6236,0.039158,0.038285,-0.071048,-0.0767058
-35.6009,0.0402465,0.0378707,-0.0700188,-0.0756153
-35.5782,0.0413251,0.0462274,-0.069949,-0.0764726
-35.5556,0.0423935,0.0469444,-0.0669663,-0.0750904
-35.5329,0.0434516,0.04183,-0.0699371,-0.0741712
-35.5102,0.0444989,0.0453712,-0.0669381,-0.0740343
-35.4875,0.0455353,0.0483561,-0.0693718,-0.0739123
-35.4649,0.0465606,0.0410025,-0.0668094,-0.0726271
-35.4422,0.0475744,0.0509098,-0.0667907,-0.0728596
-35.4195,0.0485765,0.0465965,-0.0680067,-0.0718024
-35.3968,0.0495667,0.0475593,-0.0646035,-0.0719452
-35.3741,0.0505447,0.0509068,-0.0645234,-0.0713236
-35.3515,0.0515103,0.0495138,-0.0622459,-0.070543
-35.3288,0.0524632,0.0498724,-0.063482,-0.0696617
-35.3061,0.0534033,0.0572807,-0.0647359,-0.0686674
-35.2834,0.0543302,0.0534486,-0.0644241,-0.068313
-35.2608,0.0552438,0.053028,-0.0660071,-0.0674482
-35.2381,0.0561438,0.0542668,-0.0593524,-0.0669749
-35.2154,0.0570301,0.0490071,-0.0612735,-0.0659455
-35.1927,0.0579023,0.0555045,-0.0587087,-0.0656835
-35.1701,0.0587603,0.0564877,-0.0610755,-0.0651305
-35.1474,0.0596039,0.0602465,-0.0562105,-0.0638539
-35.1247,0.0604328,0.0644721,-0.0574199,-0.0633734
-35.102,0.0612469,0.0641105,-0.0573268,-0.0623306
-35.0794,0.062046,0.0620374,-0.0564628,-0.0609508
-35.0567,0.0628298,0.0652891,-0.0533144,-0.0605532
-35.034,0.0635981,0.063298,-0.0526569,-0.0593759
-35.0113,0.0643509,0.0668024,-0.0501181,-0.0583597
-34.9887,0.0650878,0.0721511,-0.0536018,-0.0577405
-34.966,0.0658088,0.0685773,-0.0517438,-0.0567833
-34.9433,0.0665136,0.0686079,-0.0515382,-0.0564642
-34.9206,0.0672021,0.0695864,-0.0474034,-0.0555333
-34.898,0.067874,0.0710174,-0.0486609,-0.0546893
-34.8753,0.0685293,0.066342,-0.0461597,-0.0534495
-34.8526,0.0691678,0.0689348,-0.0476847,-0.0522554
-34.8299,0.0697892,0.072969,-0.0465067,-0.0522571
-34.8073,0.0703936,0.0693958,-0.0448931,-0.0509827
-34.7846,0.0709806,0.0710317,-0.0455337,-0.0485834
-34.7619,0.0715502,0.0705287,-0.0437662,-0.0489189
-34.7392,0.0721022,0.0800831,-0.0387782,-0.0474465
-34.7166,0.0726365,0.0782137,-0.0407707,-0.0460189
-34.6939,0.073153,0.0664791,-0.041865,-0.0447626
-34.6712,0.0736515,0.0696746,-0.0418352,-0.0440734
-34.6485,0.0741319,0.0772842,-0.0354409,-0.0429139
-34.6259,0.0745941,0.0756894,-0.0351922,-0.0416066
-34.6032,0.075038,0.0816437,-0.0358356,-0.0405432
-34.5805,0.0754635,0.078932,-0.0341984,-0.0397659
-34.5578,0.0758704,0.0802578,-0.0333289,-0.0382124
-34.5351,0.0762587,0.0838043,-0.0304821,-0.0381714
-34.5125,0.0766283,0.0820745,-0.0319836,-0.0367075
-34.4898,0.076979,0.0838694,-0.028265,-0.0354217
-34.4671,0.0773108,0.0835316,-0.0264074,-0.0343964
-34.4444,0.0776237,0.0841158,-0.029137,-0.0331673
-34.4218,0.0779174,0.0876814,-0.0247481,-0.032445
-34.3991,0.0781921,0.0844894,-0.0250583,-0.0309878
-34.3764,0.0784475,0.0892585,-0.0242726,-0.0287332
-34.3537,0.0786837,0.0840086,-0.024737,-0.0290116
-34.3311,0.0789005,0.0815742,-0.0205458,-0.0275138
-34.3084,0.0790979,0.0891018,-0.0176194,-0.0257132
-34.2857,0.079276,0.0953928,-0.0184843,-0.0245243
-34.263,0.0794345,0.0885336,-0.018476,-0.0241282
-34.2404,0.0795736,0.0890743,-0.0159119,-0.0221997
-34.2177,0.0796931,0.0879661,-0.0163558,-0.0208246
-34.195,0.079793,0.0872354,-0.0142599,-0.0193306
-34.1723,0.0798733,0.0953087,-0.0129743,-0.0188363
-34.1497,0.0799341,0.0931919,-0.0107685,-0.0173347
-34.127,0.0799751,0.0903817,-0.0151914,-0.0160468
-34.1043,0.0799966,0.0904541,-0.00613043,-0.0149524
-34.0816,0.0799984,0.0900505,-0.00968573,-0.0134873
-34.059,0.0799805,0.0896355,-0.00774762,-0.0119756
-34.0363,0.079943,0.0952345,-0.00423117,-0.0109282
-34.0136,0.0798858,0.0969259,-0.0020925,-0.0103403
-33.9909,0.0798091,0.0934668,-0.00281891,-0.00823004
-33.9683,0.0797127,0.0949662,0.000404738,-0.00658193
-33.9456,0.0795968,0.0957096,0.000490829,-0.00618767
-33.9229,0.0794613,0.0910949,-0.000450877,-0.0043251
-33.9002,0.0793063,0.0953397,0.00264187,-0.00303541
-33.8776,0.0791318,0.0954544,0.00246885,-0.00187515
-33.8549,0.0789378,0.0942406,0.00168815,-0.000750649
-33.8322,0.0787245,0.0914032,0.00653912,0.000849898
-33.8095,0.0784919,0.094122,0.00543708,0.00185227
-33.7868,0.0782399,0.0951295,0.00729514,0.00300644
-33.7642,0.0779688,0.0942238,0.0088216,0.00426316
-33.7415,0.0776785,0.0897665,0.00876568,0.00558416
-33.7188,0.0773691,0.0917135,0.0132263,0.00659364
-33.6961,0.0770407,0.0945984,0.0104861,0.00814364
-33.6735,0.0766934,0.0963542,0.0147964,0.00838983
-33.6508,0.0763273,0.0929646,0.0164661,0.0109239
-33.6281,0.0759424,0.0909276,0.0201462,0.0110347
-33.6054,0.0755389,0.0974444,0.0175845,0.0126634
-33.5828,0.0751168,0.0991341,0.0171979,0.0143154
-33.5601,0.0746762,0.0977771,0.0210733,0.0155521
-33.5374,0.0742173,0.0958471,0.0220944,0.0160639
-33.5147,0.0737402,0.0965719,0.0239634,0.0182666
-33.4921,0.073245,0.0951141,0.0239729,0.019073
-33.4694,0.0727318,0.0971793,0.0230576,0.021041
-33.4467,0.0722007,0.0996162,0.0259066,0.0209728
-33.424,0.0716519,0.0951302,0.0274925,0.0225112
-33.4014,0.0710855,0.0999683,0.0249433,0.0243624
-33.3787,0.0705016,0.0938446,0.0309666,0.0250059
-33.356,0.0699004,0.0936785,0.0330511,0.0255401
-33.3333,0.069282,0.0997257,0.0367551,0.0277243
-33.3107,0.0686467,0.0970022,0.0389845,0.0277008
-33.288,0.0679944,0.0967187,0.0327667,0.0300203
-33.2653,0.0673255,0.0938873,0.0322057,0.03131
-33.2426,0.06664,0.0890684,0.0344805,0.0316572
-33.22,0.0659382,0.0965973,0.034797,0.0333697
-33.1973,0.0652201,0.0887559,0.0410524,0.0343289
-33.1746,0.0644861,0.0882931,0.0391343,0.0358691
-33.1519,0.0637362,0.0958656,0.0359973,0.0364634
-33.1293,0.0629706,0.0906606,0.0396743,0.0374758
-33.1066,0.0621896,0.0945098,0.0480634,0.0384528
-33.0839,0.0613933,0.0945753,0.0410218,0.0406075
-33.0612,0.0605819,0.0884528,0.0443214,0.0415821
-33.0385,0.0597557,0.0916593,0.048495,0.0412726
-33.0159,0.0589148,0.0940828,0.0480819,0.0430693
-32.9932,0.0580594,0.0888177,0.047443,0.0425796
-32.9705,0.0571897,0.0871859,0.0508027,0.0458509
-32.9478,0.056306,0.0923949,0.0506676,0.0456762
-32.9252,0.0554085,0.089558,0.052451,0.046942
-32.9025,0.0544973,0.0945072,0.055871,0.0470185
-32.8798,0.0535728,0.0902141,0.0560917,0.0492826
-32.8571,0.0526351,0.0903567,0.0544974,0.0500178
-32.8345,0.0516845,0.0874351,0.0591585,0.0511543
-32.8118,0.0507212,0.0916169,0.0539744,0.0522514
-32.7891,0.0497454,0.0826621,0.058144,0.05287
-32.7664,0.0487574,0.0804007,0.0576889,0.0538028
-32.7438,0.0477574,0.0903053,0.0590853,0.0540556
-32.7211,0.0467458,0.0818088,0.0639314,0.0548
-32.6984,0.0457226,0.0882649,0.060628,0.056115
-32.6757,0.0446882,0.0812626,0.0620056,0.0559434
-32.6531,0.0436428,0.0770632,0.066021,0.0580319
-32.6304,0.0425867,0.087313,0.0659719,0.0594951
-32.6077,0.0415201,0.0755185,0.0662017,0.0586909
-32.585,0.0404434,0.0839059,0.0652895,0.0599104
-32.5624,0.0393567,0.0912778,0.0688715,0.0611058
-32.5397,0.0382603,0.069718,0.0665366,0.0612021
-32.517,0.0371546,0.0761644,0.0708957,0.0616995
-32.4943,0.0360397,0.0749338,0.0648574,0.0625361
-32.4717,0.0349159,0.0808554,0.071273,0.0637824
-32.449,0.0337836,0.0792893,0.0710366,0.0636399
-32.4263,0.032643,0.0812936,0.0715656,0.0638204
-32.4036,0.0314944,0.0773616,0.0749134,0.0656586
-32.381,0.030338,0.0793616,0.0751085,0.0663442
-32.3583,0.0291742,0.0834975,0.0788608,0.0664463
-32.3356,0.0280032,0.0729922,0.0734484,0.0677388
-32.3129,0.0268254,0.0803971,0.0800028,0.0673424
-32.2902,0.0256409,0.0773983,0.0742375,0.0686842
-32.2676,0.0244502,0.0759145,0.0728223,0.0692941
-32.2449,0.0232534,0.0721438,0.0816507,0.0693715
-32.2222,0.022051,0.0759925,0.0775505,0.0699891
-32.1995,0.0208431,0.066871,0.0769716,0.0713874
-32.1769,0.0196301,0.0720698,0.0816085,0.0697749
-32.1542,0.0184123,0.0700639,0.0796703,0.0718094
-32.1315,0.01719,0.0635148,0.0809022,0.0708113
-32.1088,0.0159634,0.0708217,0.081035,0.072578
-32.0862,0.0147329,0.0704377,0.0857017,0.0723079
-32.0635,0.0134988,0.0639204,0.085128,0.0725318
-32.0408,0.0122614,0.0632494,0.0802181,0.0736879
-32.0181,0.011021,0.0617515,0.0825346,0.0726471
-31.9955,0.00977783,0.0638063,0.0855968,0.0740739
-31.9728,0.00853229,0.0576933,0.0870585,0.0737233
-31.9501,0.00728466,0.0622455,0.0852487,0.0742309
-31.9274,0.00603524,0.0548113,0.0865169,0.0753139
-31.9048,0.00478433,0.0565942,0.0855565,0.0758725
-31.8821,0.00353225,0.0645829,0.0874726,0.0755469
-31.8594,0.00227931,0.0542499,0.0838686,0.0755323
-31.8367,0.0010258,0.0604544,0.0863987,0.0750441
-31.8141,-0.000227961,0.0553591,0.0874032,0.0747921
-31.7914,-0.00148166,0.0467258,0.0859739,0.0762108
-31.7687,-0.002735,0.0526337,0.0877442,0.075718
-31.746,-0.00398767,0.0540311,0.0923189,0.0745806
-31.7234,-0.00523936,0.0552261,0.0849443,0.0772741
-31.7007,-0.00648976,0.0437634,0.0956596,0.0756787
-31.678,-0.00773857,0.0540931,0.0885884,0.0753323
-31.6553,-0.00898547,0.0459315,0.091751,0.0765643
-31.6327,-0.0102302,0.0381116,0.0885347,0.076275
-31.61,-0.0114724,0.041166,0.0888979,0.0770013
-31.5873,-0.0127117,0.0318765,0.0852743,0.0763545
-31.5646,-0.013948,0.036399,0.0867744,0.0767156
-31.542,-0.0151808,0.0398436,0.0900129,0.0762093
-31.5193,-0.0164099,0.0352397,0.092784,0.0751255
-31.4966,-0.017635,0.0427918,0.085934,0.0772744
-31.4739,-0.0188557,0.0387272,0.0913497,0.0758607
-31.4512,-0.0200718,0.0303866,0.0881984,0.0761223
-31.4286,-0.0212829,0.0372314,0.0902238,0.0762615
-31.4059,-0.0224889,0.0360022,0.0842319,0.0761682
-31.3832,-0.0236893,0.0301052,0.0949643,0.0748244
-31.3605,-0.0248839,0.0366149,0.0891633,0.0737357
-31.3379,-0.0260724,0.0166096,0.0869661,0.0762384
-31.3152,-0.0272545,0.0278274,0.090081,0.0741477
-31.2925,-0.0284299,0.0346257,0.0892393,0.0756574
-31.2698,-0.0295983,0.0197269,0.0900859,0.0741834
-31.2472,-0.0307594,0.0217531,0.0893223,0.0741034
-31.2245,-0.031913,0.0169511,0.0904116,0.0727838
-31.2018,-0.0330587,0.0204501,0.0916045,0.072418
-31.1791,-0.0341964,0.0185825,0.0900841,0.0723448
-31.1565,-0.0353256,0.0183936,0.0901041,0.0714695
-31.1338,-0.0364461,0.0154555,0.0837851,0.0720687
-31.1111,-0.0375577,0.0144859,0.0897258,0.071218
-31.0884,-0.0386601,0.00926866,0.083228,0.0722881
-31.0658,-0.039753,0.00435583,0.0880153,0.0712268
-31.0431,-0.0408361,0.00628818,0.0923546,0.069596
-31.0204,-0.0419092,0.01103,0.0873993,0.0700298
-30.9977,-0.042972,-0.00634276,0.0819063,0.0699165
-30.9751,-0.0440242,0.00265115,0.0790253,0.0693045
-30.9524,-0.0450656,0.00297152,0.0863207,0.067788
-30.9297,-0.046096,-0.00530146,0.0883676,0.0666237
-30.907,-0.047115,0.00314391,0.0836527,0.0676566
-30.8844,-0.0481224,0.00409038,0.0797893,0.0682025
-30.8617,-0.0491181,-0.0092262,0.0811956,0.0668618
-30.839,-0.0501017,-0.00109673,0.0855707,0.0646129
-30.8163,-0.0510729,-0.000588318,0.0806944,0.0653788
-30.7937,-0.0520316,-0.00741786,0.0840364,0.0636442
-30.771,-0.0529776,-0.00564844,0.0795882,0.0636715
-30.7483,-0.0539105,-0.0134398,0.0811067,0.0629928
-30.7256,-0.0548302,-0.00690673,0.0856865,0.061304
-30.7029,-0.0557364,-0.00928086,0.076119,0.0627349
-30.6803,-0.056629,-0.0149071,0.0815608,0.0614352
-30.6576,-0.0575076,-0.0104167,0.0810618,0.0595658
-30.6349,-0.0583721,-0.00579707,0.0768393,0.0597241
-30.6122,-0.0592222,-0.0107576,0.0804809,0.0587669
-30.5896,-0.0600579,-0.00112659,0.0729968,0.0595986
-30.5669,-0.0608787,-0.0142089,0.0746824,0.0571091
-30.5442,-0.0616846,-0.0196427,0.0728174,0.0564752
-30.5215,-0.0624754,-0.0206245,0.0725527,0.0563758
-30.4989,-0.0632508,-0.00994283,0.0774745,0.0546666
-30.4762,-0.0640107,-0.0251252,0.0722929,0.0536811
-30.4535,-0.0647548,-0.00902666,0.0768627,0.0531946
-30.4308,-0.0654831,-0.0139741,0.0725139,0.0523012
-30.4082,-0.0661953,-0.0193419,0.0740998,0.0511235
-30.3855,-0.0668912,-0.0129328,0.0724807,0.0501297
-30.3628,-0.0675706,-0.0233002,0.0690281,0.0497244
-30.3401,-0.0682335,-0.022794,0.0706538,0.048669
-30.3175,-0.0688797,-0.0150371,0.0671501,0.0481189
-30.2948,-0.0695089,-0.0150289,0.0682941,0.0478765
-30.2721,-0.070121,-0.00956355,0.0672314,0.0461857
-30.2494,-0.0707159,-0.0331426,0.0643341,0.0451032
-30.2268,-0.0712935,-0.0207034,0.0596893,0.0437952
-30.2041,-0.0718535,-0.0226015,0.0658824,0.0424521
-30.1814,-0.0723959,-0.0246056,0.0644228,0.0413541
-30.1587,-0.0729205,-0.0287491,0.0663394,0.0412713
-30.1361,-0.0734272,-0.0243103,0.0641973,0.0402285
-30.1134,-0.0739158,-0.0150242,0.0625334,0.0381065
-30.0907,-0.0743863,-0.0377746,0.0612113,0.0371353
-30.068,-0.0748385,-0.0286628,0.065045,0.0363887
-30.0454,-0.0752724,-0.0303451,0.0524814,0.0359316
-30.0227,-0.0756878,-0.0365822,0.0588449,0.0344477
-30,-0.0760845,-0.0353858,0.0510776,0.0327476
-29.9773,-0.0764626,-0.0359618,0.0572813,0.0345942
-29.9546,-0.0768219,-0.0377196,0.0510274,0.0335905
-29.932,-0.0771623,-0.0268111,0.0527943,0.0307727
-29.9093,-0.0774838,-0.0406359,0.0524483,0.0282214
-29.8866,-0.0777863,-0.0387299,0.0526185,0.0302
-29.8639,-0.0780696,-0.0322953,0.0521456,0.0263585
-29.8413,-0.0783338,-0.0525128,0.0453632,0.0269403
-29.8186,-0.0785787,-0.0402195,0.0511699,0.0257892
-29.7959,-0.0788043,-0.034015,0.0483994,0.0251657
-29.7732,-0.0790106,-0.0500355,0.0502825,0.0218375
-29.7506,-0.0791975,-0.0297102,0.0462968,0.022556
-29.7279,-0.0793649,-0.0479891,0.044527,0.0213585
-29.7052,-0.0795128,-0.0410325,0.0395159,0.0206049
-29.6825,-0.0796412,-0.0331364,0.0393774,0.019457
-29.6599,-0.07975,-0.0438669,0.0412982,0.0183756
-29.6372,-0.0798393,-0.0371824,0.0382037,0.0166055
-29.6145,-0.0799089,-0.0398347,0.0401715,0.0159714
-29.5918,-0.0799589,-0.03361,0.0366481,0.0158384
-29.5692,-0.0799893,-0.0288858,0.0395232,0.0130618
-29.5465,-0.08,-0.0457368,0.0314677,0.0114548
-29.5238,-0.0799911,-0.0402644,0.0368035,0.0105981
-29.5011,-0.0799625,-0.0462899,0.0388482,0.00950292
-29.4785,-0.0799142,-0.0336045,0.0374944,0.0109305
-29.4558,-0.0798464,-0.0455583,0.0287656,0.00666221
-29.4331,-0.0797589,-0.0351883,0.0368507,0.00748628
-29.4104,-0.0796519,-0.0285323,0.02735,0.0049525
-29.3878,-0.0795253,-0.0479721,0.0210051,0.00604831
-29.3651,-0.0793791,-0.0481955,0.0213622,0.00442138
-29.3424,-0.0792135,-0.0373701,0.0270878,0.00123628
-29.3197,-0.0790284,-0.0487535,0.020676,0.000911496
-29.2971,-0.0788239,-0.0446763,0.0270652,-0.00131716
-29.2744,-0.0786,-0.0268004,0.0210311,-0.00013346
-29.2517,-0.0783568,-0.0449474,0.0195596,-0.00153338
-29.229,-0.0780944,-0.0426764,0.0205887,-0.00234162
-29.2063,-0.0778128,-0.0455598,0.0208333,-0.00571941
-29.1837,-0.0775121,-0.0490513,0.0133774,-0.00482745
-29.161,-0.0771923,-0.0393987,0.0159179,-0.00717465
-29.1383,-0.0768536,-0.0564921,0.0156041,-0.00898538
-29.1156,-0.076496,-0.0460834,0.0161153,-0.00958877
-29.093,-0.0761197,-0.0378502,0.0130775,-0.0107074
-29.0703,-0.0757246,-0.0520377,0.0106689,-0.0117401
-29.0476,-0.0753109,-0.0386143,0.00516615,-0.0124015
-29.0249,-0.0748787,-0.0406502,0.0178046,-0.0147483
-29.0023,-0.0744282,-0.0390076,0.00426739,-0.0134282
-28.9796,-0.0739593,-0.0387154,0.00477311,-0.014919
-28.9569,-0.0734723,-0.0557922,-8.63371e-05,-0.016322
-28.9342,-0.0729673,-0.0521074,0.00611081,-0.0183927
-28.9116,-0.0724443,-0.0426194,0.00172169,-0.0185693
-28.8889,-0.0719035,-0.0442061,0.0037548,-0.0218171
-28.8662,-0.0713451,-0.0439293,0.00403139,-0.0215603
-28.8435,-0.0707691,-0.0485614,-0.000225851,-0.0216816
-28.8209,-0.0701758,-0.0320217,0.00644328,-0.0240821
-28.7982,-0.0695652,-0.0475661,0.000304156,-0.0241972
-28.7755,-0.0689376,-0.0521945,-0.00376135,-0.0245683
-28.7528,-0.068293,-0.0365937,-0.000345022,-0.0269186
-28.7302,-0.0676316,-0.0247997,-0.00791969,-0.0273444
-28.7075,-0.0669536,-0.0352762,-0.00718861,-0.0270336
-28.6848,-0.0662592,-0.0367731,-0.00680504,-0.0288515
-28.6621,-0.0655485,-0.0480055,-0.00957928,-0.0296618
-28.6395,-0.0648217,-0.056279,-0.013148,-0.0293199
-28.6168,-0.064079,-0.0408251,-0.0160534,-0.0308497
-28.5941,-0.0633205,-0.0429052,-0.0132219,-0.0344029
-28.5714,-0.0625465,-0.0463617,-0.0083337,-0.0333534
-28.5488,-0.0617571,-0.0494423,-0.011349,-0.0357294
-28.5261,-0.0609526,-0.0452817,-0.0185446,-0.0339775
-28.5034,-0.0601331,-0.0423124,-0.0105449,-0.0394288
-28.4807,-0.0592988,-0.0416872,-0.0142206,-0.038465
-28.458,-0.05845,-0.038489,-0.0176357,-0.0387837
-28.4354,-0.0575868,-0.0547968,-0.0229956,-0.038689
-28.4127,-0.0567094,-0.0501525,-0.0242095,-0.0413653
-28.39,-0.0558181,-0.0409413,-0.0225833,-0.0417293
-28.3673,-0.0549131,-0.0595574,-0.0184712,-0.0440342
-28.3447,-0.0539947,-0.039295,-0.0214977,-0.0422765
-28.322,-0.0530629,-0.050671,-0.0279198,-0.0439147
-28.2993,-0.0521182,-0.04707,-0.0248317,-0.0450356
-28.2766,-0.0511606,-0.0315601,-0.0200058,-0.045823
-28.254,-0.0501905,-0.0436618,-0.0212234,-0.0453559
-28.2313,-0.049208,-0.0566926,-0.0359675,-0.047899
-28.2086,-0.0482134,-0.0357534,-0.0260456,-0.0489962
-28.1859,-0.0472071,-0.0370476,-0.0303009,-0.0507806
-28.1633,-0.0461891,-0.0413614,-0.0316788,-0.0494507
-28.1406,-0.0451597,-0.0255703,-0.0328502,-0.0525296
-28.1179,-0.0441193,-0.0391927,-0.0316183,-0.049769
-28.0952,-0.043068,-0.0334621,-0.0315062,-0.0538165
-28.0726,-0.0420062,-0.0436873,-0.0340058,-0.0503263
-28.0499,-0.0409341,-0.0466939,-0.0435099,-0.0545493
-28.0272,-0.0398518,-0.0281901,-0.0398272,-0.0514837
-28.0045,-0.0387598,-0.0279665,-0.0288238,-0.0565552
-27.9819,-0.0376583,-0.0534478,-0.0387929,-0.0566767
-27.9592,-0.0365476,-0.0270674,-0.0447592,-0.0567286
-27.9365,-0.0354278,-0.0399998,-0.0384337,-0.0567279
-27.9138,-0.0342994,-0.0428952,-0.03781,-0.0592761
-27.8912,-0.0331625,-0.043982,-0.0367088,-0.0574098
-27.8685,-0.0320175,-0.0365737,-0.0443238,-0.05984
-27.8458,-0.0308646,-0.0348914,-0.039442,-0.0597417
-27.8231,-0.0297041,-0.0412285,-0.0480683,-0.058841
-27.8005,-0.0285364,-0.0474979,-0.0399649,-0.0597503
-27.7778,-0.0273616,-0.0529356,-0.0508159,-0.0616655
-27.7551,-0.0261801,-0.0475043,-0.0472509,-0.0610779
-27.7324,-0.0249922,-0.0357575,-0.0484979,-0.0638918
-27.7098,-0.0237982,-0.0568282,-0.0425971,-0.060259
-27.6871,-0.0225982,-0.0409965,-0.0390693,-0.063303
-27.6644,-0.0213928,-0.0438304,-0.048424,-0.0642147
-27.6417,-0.0201821,-0.0576491,-0.0561526,-0.0635692
-27.619,-0.0189664,-0.0461852,-0.0488319,-0.0634669
-27.5964,-0.0177461,-0.0345143,-0.0467044,-0.0659256
-27.5737,-0.0165214,-0.0402519,-0.0498563,-0.0653703
-27.551,-0.0152927,-0.0407708,-0.0569115,-0.0655529
-27.5283,-0.0140602,-0.0536099,-0.0507316,-0.0656508
-27.5057,-0.0128242,-0.0263798,-0.0493291,-0.0668784
-27.483,-0.0115852,-0.0401662,-0.0580854,-0.0659378
-27.4603,-0.0103432,-0.0433499,-0.056951,-0.0688313
-27.4376,-0.00909872,-0.0349425,-0.0505705,-0.0696562
-27.415,-0.00785201,-0.044393,-0.052124,-0.0682325
-27.3923,-0.00660336,-0.0337239,-0.0575754,-0.0690679
-27.3696,-0.00535309,-0.0411581,-0.0572637,-0.0670144
-27.3469,-0.00410151,-0.05268,-0.0584126,-0.0665396
-27.3243,-0.00284891,-0.0407775,-0.0652456,-0.0680837
-27.3016,-0.00159562,-0.0307071,-0.058256,-0.0703938
-27.2789,-0.000341941,-0.0412449,-0.0570231,-0.0714958
-27.2562,0.000911826,-0.0356561,-0.0552828,-0.0701106
-27.2336,0.00216537,-0.0484649,-0.0560988,-0.0708231
-27.2109,0.00341838,-0.0250291,-0.0527991,-0.0700095
-27.1882,0.00467055,-0.0330413,-0.0519667,-0.0711671
-27.1655,0.00592157,-0.0460825,-0.056528,-0.071549
-27.1429,0.00717114,-0.0179594,-0.0594028,-0.0708084
-27.1202,0.00841895,-0.0144225,-0.0509813,-0.0719971
-27.0975,0.00966469,-0.0491248,-0.0557241,-0.0711537
-27.0748,0.0109081,-0.0417704,-0.0656,-0.0684401
-27.0522,0.0121487,-0.0208335,-0.061489,-0.0701852
-27.0295,0.0133865,-0.031008,-0.062853,-0.0688662
-27.0068,0.0146209,-0.0193455,-0.0619954,-0.0699245
-26.9841,0.0158517,-0.026703,-0.0555044,-0.0710854
-26.9615,0.0170786,-0.0417725,-0.0617618,-0.0700977
-26.9388,0.0183014,-0.00857871,-0.0598986,-0.0686914
-26.9161,0.0195196,-0.0210015,-0.0662242,-0.0701906
-26.8934,0.020733,-0.0124169,-0.0590801,-0.0675524
-26.8707,0.0219414,-0.0135742,-0.0644958,-0.071472
-26.8481,0.0231444,-0.026434,-0.0536832,-0.068741
-26.8254,0.0243416,-0.00568171,-0.0653693,-0.0688569
-26.8027,0.0255329,-0.0197642,-0.058668,-0.0702794
-26.78,0.026718,-0.0138523,-0.0560136,-0.0685317
-26.7574,0.0278964,-0.0111881,-0.0568675,-0.0701377
-26.7347,0.0290681,-0.0150176,-0.072706,-0.0695831
-26.712,0.0302325,-0.00263252,-0.057549,-0.0669649
-26.6893,0.0313896,-0.0146229,-0.0603094,-0.0680144
-26.6667,0.0325389,0.00531074,-0.0581305,-0.0659334
-26.644,0.0336803,-0.00801026,-0.0605954,-0.0688648
-26.6213,0.0348134,-0.00501828,-0.0599994,-0.0671473
-26.5986,0.0359379,0.0159938,-0.0664814,-0.0660755
-26.576,0.0370536,-0.00775303,-0.0532359,-0.0673086
-26.5533,0.0381602,0.00146985,-0.0604849,-0.0673216
-26.5306,0.0392574,0.01396,-0.0512113,-0.0639783
-26.5079,0.040345,-0.0112725,-0.0611916,-0.0657764
-26.4853,0.0414227,-0.00197795,-0.0551377,-0.0663163
-26.4626,0.0424902,0.0143771,-0.0634163,-0.0628559
-26.4399,0.0435472,0.0197571,-0.0578566,-0.0608149
-26.4172,0.0445936,-0.00050681,-0.0663226,-0.0657359
-26.3946,0.045629,-0.0125268,-0.0545203,-0.062899
-26.3719,0.0466532,0.0115153,-0.0624387,-0.0601636
-26.3492,0.047666,0.0209191,-0.0601586,-0.0612738
-26.3265,0.048667,0.00555776,-0.0616883,-0.0635782
-26.3039,0.0496561,0.0120045,-0.0480732,-0.0601919
-26.2812,0.050633,0.0192924,-0.0513194,-0.0591807
-26.2585,0.0515974,0.0106682,-0.0597125,-0.0603142
-26.2358,0.0525492,0.0114732,-0.0512907,-0.0604678
-26.2132,0.0534881,0.0190751,-0.0506926,-0.0580932
-26.1905,0.0544138,0.00987804,-0.0532827,-0.056054
-26.1678,0.0553262,0.0077561,-0.0588705,-0.0578195
-26.1451,0.056225,0.0252017,-0.0526142,-0.0574996
-26.1224,0.0571099,0.0235734,-0.0564524,-0.0545405
-26.0998,0.0579809,0.0261498,-0.0464766,-0.0580276
-26.0771,0.0588376,0.0326216,-0.0462199,-0.0573053
-26.0544,0.0596798,0.0410155,-0.0499868,-0.0542209
-26.0317,0.0605074,0.0233687,-0.0467488,-0.0545448
-26.0091,0.0613202,0.0300013,-0.0532369,-0.0521675
-25.9864,0.0621178,0.045636,-0.0514282,-0.0506785
-25.9637,0.0629003,0.0350544,-0.0567396,-0.0523594
-25.941,0.0636672,0.0403266,-0.0540589,-0.0492396
-25.9184,0.0644185,0.0535952,-0.0428746,-0.0508739
-25.8957,0.0651541,0.0423548,-0.0469411,-0.0489808
-25.873,0.0658736,0.039211,-0.0517368,-0.0481907
-25.8503,0.0665769,0.0347629,-0.0505622,-0.0466378
-25.8277,0.0672638,0.0355065,-0.0441186,-0.0474878
-25.805,0.0679343,0.0516301,-0.0482494,-0.0462709
-25.7823,0.0685881,0.0362051,-0.04351,-0.0449501
-25.7596,0.069225,0.0343933,-0.0453392,-0.0442474
-25.737,0.0698449,0.0597334,-0.0461276,-0.0438904
-25.7143,0.0704476,0.0257636,-0.0444555,-0.0439174
-25.6916,0.0710331,0.0465645,-0.0428537,-0.0425958
-25.6689,0.0716011,0.0612319,-0.0461849,-0.0400425
-25.6463,0.0721515,0.0303614,-0.0428712,-0.040293
-25.6236,0.0726842,0.0603263,-0.0338987,-0.0382549
-25.6009,0.0731991,0.0880087,-0.0256177,-0.039419
-25.5782,0.0736959,0.0457162,-0.0336231,-0.0349133
-25.5556,0.0741747,0.0251543,-0.0436324,-0.0375888
-25.5329,0.0746353,0.0673759,-0.0302509,-0.034146
-25.5102,0.0750775,0.0498724,-0.0336695,-0.0348672
-25.4875,0.0755012,0.0483996,-0.0373793,-0.0307513
-25.4649,0.0759065,0.080933,-0.0332888,-0.0345193
-25.4422,0.0762931,0.0604323,-0.0308089,-0.0307927
-25.4195,0.0766609,0.066006,-0.0407239,-0.0300384
-25.3968,0.0770099,0.0794158,-0.030287,-0.0286407
-25.3741,0.07734,0.0621114,-0.0308873,-0.0307086
-25.3515,0.0776512,0.0690741,-0.0309819,-0.0256817
-25.3288,0.0779432,0.0917843,-0.0241565,-0.0291843
-25.3061,0.0782161,0.0758259,-0.0246914,-0.021731
-25.2834,0.0784698,0.0788654,-0.0277532,-0.024233
-25.2608,0.0787042,0.0637597,-0.0216932,-0.0241886
-25.2381,0.0789192,0.0656483,-0.0284767,-0.0203055
-25.2154,0.0791149,0.0841201,-0.0207393,-0.0178527
-25.1927,0.0792912,0.0805529,-0.0203806,-0.0190749
-25.1701,0.079448,0.051479,-0.0230841,-0.016323
-25.1474,0.0795853,0.069285,-0.0358914,-0.0185343
-25.1247,0.079703,0.0945688,-0.00813196,-0.0157129
-25.102,0.0798011,0.0724382,-0.0135156,-0.0177959
-25.0794,0.0798797,0.0854456,-0.0205896,-0.0149576
-25.0567,0.0799386,0.0712421,-0.0125867,-0.0158939
-25.034,0.0799779,0.0903766,-0.000828689,-0.0112491
-25.0113,0.0799975,0.0911275,-0.0117517,-0.0116353
-24.9887,0.0799975,0.0794712,-0.00976445,-0.00971437
-24.966,0.0799779,0.0789329,-0.00879074,-0.00524298
-24.9433,0.0799386,0.0770412,-0.000125625,-0.00710759
-24.9206,0.0798797,0.0913124,-0.000307954,-0.00686705
-24.898,0.0798011,0.0806538,-0.00732259,-0.0034364
-24.8753,0.079703,0.0908979,-0.00297488,-0.00488331
-24.8526,0.0795853,0.0922364,0.00434826,-0.00375131
-24.8299,0.079448,0.102627,-0.00168019,0.000178805
-24.8073,0.0792912,0.0889691,-0.0123848,-0.00298873
-24.7846,0.0791149,0.090899,0.00226516,0.000582417
-24.7619,0.0789192,0.0802988,-0.0249566,-0.092888
-24.7392,0.0787042,0.0935784,-0.0307394,-0.089457
-24.7166,0.0784698,0.109166,0.020093,0.0269776
-24.6939,0.0782161,0.0917107,0.0237815,0.0507098
-24.6712,0.0779432,0.0943064,0.0469169,0.115612
-24.6485,0.0776512,0.0822931,0.000686352,-0.0346795
-24.6259,0.07734,0.0987741,0.0345514,0.0485821
-24.6032,0.0770099,0.0859391,0.0288083,0.069419
-24.5805,0.0766609,0.0999418,0.0443579,0.0875961
-24.5578,0.0762931,0.0983207,0.0583023,0.132695
-24.5351,0.0759065,0.110716,0.00776129,-0.00482218
-24.5125,0.0755012,0.10349,0.0562704,0.138146
-24.4898,0.0750775,0.115217,0.0787608,0.190818
-24.4671,0.0746353,0.10856,0.030382,0.0218013
-24.4444,0.0741747,0.100009,0.0665856,0.155532
-24.4218,0.0736959,0.111491,0.051303,0.113567
-24.3991,0.0731991,0.0848161,0.0564983,0.110653
-24.3764,0.0726842,0.0989567,0.105388,0.230794
-24.3537,0.0721515,0.0985785,0.0600671,0.129029
-24.3311,0.0716011,0.100081,0.103551,0.243856
-24.3084,0.0710331,0.103914,0.110321,0.259944
-24.2857,0.0704476,0.0941367,0.0880355,0.202177
-24.263,0.0698449,0.112492,0.0801822,0.16315
-24.2404,0.069225,0.090033,0.0800639,0.187711
-24.2177,0.0685881,0.0928446,0.0737677,0.153133
-24.195,0.0679343,0.123735,0.0879052,0.187592
-24.1723,0.0672638,0.114218,0.106988,0.24659
-24.1497,0.0665769,0.0937534,0.0660504,0.147074
-24.127,0.0658736,0.104106,0.0782119,0.144389
-24.1043,0.0651541,0.121823,0.129518,0.301601
-24.0816,0.0644185,0.0994529,0.0989883,0.199999
-24.059,0.0636672,0.105569,0.0812888,0.147522
-24.0363,0.0629003,0.102876,0.117358,0.245267
-24.0136,0.0621178,0.0932919,0.100459,0.218624
-23.9909,0.0613202,0.117305,0.127089,0.282506
-23.9683,0.0605074,0.113678,0.146997,0.363589
-23.9456,0.0596798,0.108126,0.097,0.187496
-23.9229,0.0588376,0.118855,0.141966,0.344868
-23.9002,0.0579809,0.0901175,0.124446,0.25801
-23.8776,0.0571099,0.105224,0.122278,0.265937
-23.8549,0.056225,0.107379,0.164746,0.402587
-23.8322,0.0553262,0.0918986,0.132156,0.322998
-23.8095,0.0544138,0.103857,0.150356,0.352812
-23.7868,0.0534881,0.0868431,0.150513,0.362358
-23.7642,0.0525492,0.0986107,0.157757,0.359086
-23.7415,0.0515974,0.0929762,0.130116,0.275364
-23.7188,0.050633,0.0829077,0.181455,0.435049
-23.6961,0.0496561,0.0973007,0.164069,0.409171
-23.6735,0.048667,0.0693503,0.154948,0.352763
-23.6508,0.047666,0.0599506,0.170573,0.410982
-23.6281,0.0466532,0.0955422,0.158115,0.340406
-23.6054,0.045629,0.111701,0.177633,0.418523
-23.5828,0.0445936,0.0705524,0.168654,0.396662
-23.5601,0.0435472,0.127562,0.183593,0.440874
-23.5374,0.0424902,0.0632696,0.173822,0.387363
-23.5147,0.0414227,0.0787939,0.152219,0.347548
-23.4921,0.040345,0.065115,0.17091,0.39888
-23.4694,0.0392574,0.0805966,0.181609,0.448018
-23.4467,0.0381602,0.0732805,0.184092,0.422987
-23.424,0.0370536,0.0751622,0.20614,0.49689
-23.4014,0.0359379,0.0568076,0.178643,0.404833
-23.3787,0.0348134,0.0558261,0.204456,0.517626
-23.356,0.0336803,0.076444,0.206775,0.487038
-23.3333,0.0325389,0.0525822,0.16855,0.367763
-23.3107,0.0313896,0.0524945,0.214243,0.487735
-23.288,0.0302325,0.0555854,0.186516,0.425256
-23.2653,0.0290681,0.0423791,0.191567,0.432747
-23.2426,0.0278964,0.0768269,0.205961,0.519029
-23.22,0.026718,0.0555076,0.213279,0.524008
-23.1973,0.0255329,0.0151512,0.180223,0.405364
-23.1746,0.0243416,0.0292662,0.184081,0.396829
-23.1519,0.0231444,0.0412751,0.198239,0.459188
-23.1293,0.0219414,0.0556569,0.228631,0.557087
-23.1066,0.020733,0.02031,0.217496,0.528457
-23.0839,0.0195196,0.0315947,0.211306,0.497093
-23.0612,0.0183014,0.022179,0.199524,0.441045
-23.0385,0.0170786,0.0258145,0.205747,0.474129
-23.0159,0.0158517,0.0348226,0.225626,0.573255
-22.9932,0.0146209,0.00858667,0.225287,0.564384
-22.9705,0.0133865,0.0269109,0.213259,0.482166
-22.9478,0.0121487,0.0193236,0.236504,0.577055
-22.9252,0.0109081,0.0134091,0.218876,0.549591
-22.9025,0.00966469,0.0163194,0.213137,0.522397
-22.8798,0.00841895,0.0116376,0.230066,0.594219
-22.8571,0.00717114,0.0164764,0.226257,0.546459
-22.8345,0.00592157,0.0102102,0.233363,0.604605
-22.8118,0.00467055,-0.0106323,0.199586,0.502498
-22.7891,0.00341838,0.00886075,0.233638,0.578622
-22.7664,0.00216537,-0.00872519,0.241429,0.595625
-22.7438,0.000911826,-0.0260029,0.195758,0.451984
-22.7211,-0.000341941,-0.00826085,0.228323,0.560858
-22.6984,-0.00159562,-0.018787,0.23097,0.555881
-22.6757,-0.00284891,-0.0354693,0.204132,0.460258
-22.6531,-0.00410151,-0.0346185,0.224118,0.553945
-22.6304,-0.00535309,-0.0145235,0.239876,0.616909
-22.6077,-0.00660336,-0.027334,0.203861,0.459652
-22.585,-0.00785201,-0.0323783,0.226224,0.4984
-22.5624,-0.00909872,-0.0268104,0.235714,0.599688
-22.5397,-0.0103432,-0.0211556,0.242423,0.592857
-22.517,-0.0115852,-0.0518999,0.206426,0.523555
-22.4943,-0.0128242,-0.0518973,0.212149,0.485782
-22.4717,-0.0140602,-0.0410195,0.215343,0.500665
-22.449,-0.0152927,-0.033465,0.245096,0.624969
-22.4263,-0.0165214,-0.0687182,0.207512,0.530465
-22.4036,-0.0177461,-0.0344575,0.238729,0.604989
-22.381,-0.0189664,-0.0309077,0.232886,0.592277
-22.3583,-0.0201821,-0.0560577,0.202256,0.4706
-22.3356,-0.0213928,-0.0369628,0.225643,0.599861
-22.3129,-0.0225982,-0.0519881,0.237481,0.618277
-22.2902,-0.0237982,-0.0407883,0.226734,0.561109
-22.2676,-0.0249922,-0.066504,0.206683,0.496181
-22.2449,-0.0261801,-0.0518901,0.240836,0.631164
-22.2222,-0.0273616,-0.0543114,0.217347,0.529293
-22.1995,-0.0285364,-0.0824336,0.20705,0.489511
-22.1769,-0.0297041,-0.0708669,0.221009,0.582526
-22.1542,-0.0308646,-0.0514708,0.231173,0.610475
-22.1315,-0.0320175,-0.0756766,0.22982,0.64296
-22.1088,-0.0331625,-0.0888624,0.199606,0.446161
-22.0862,-0.0342994,-0.0657941,0.223782,0.574516
-22.0635,-0.0354278,-0.0811284,0.191816,0.443412
-22.0408,-0.0365476,-0.100173,0.20138,0.508458
-22.0181,-0.0376583,-0.0904904,0.203462,0.461307
-21.9955,-0.0387598,-0.0946349,0.206977,0.538004
-21.9728,-0.0398518,-0.0888409,0.225885,0.615987
-21.9501,-0.0409341,-0.0875657,0.229805,0.628963
-21.9274,-0.0420062,-0.102921,0.204505,0.494872
-21.9048,-0.043068,-0.0830958,0.205129,0.499573
-21.8821,-0.0441193,-0.0797404,0.218404,0.611276
-21.8594,-0.0451597,-0.110112,0.207645,0.605612
-21.8367,-0.0461891,-0.117925,0.190686,0.464853
-21.8141,-0.0472071,-0.104005,0.206436,0.563506
-21.7914,-0.0482134,-0.0949545,0.207022,0.540668
-21.7687,-0.049208,-0.130047,0.190715,0.500668
-21.746,-0.0501905,-0.116667,0.194608,0.480262
-21.7234,-0.0511606,-0.121079,0.204779,0.601601
-21.7007,-0.0521182,-0.0983721,0.215813,0.558301
-21.678,-0.0530629,-0.111144,0.199408,0.533411
-21.6553,-0.0539947,-0.115698,0.182357,0.489236
-21.6327,-0.0549131,-0.0993424,0.202534,0.492338
-21.61,-0.0558181,-0.115863,0.190932,0.495015
-21.5873,-0.0567094,-0.127574,0.181779,0.464308
-21.5646,-0.0575868,-0.132883,0.178413,0.458786
-21.542,-0.05845,-0.115503,0.20619,0.573039
-21.5193,-0.0592988,-0.117995,0.173246,0.45715
-21.4966,-0.0601331,-0.13009,0.173604,0.397396
-21.4739,-0.0609526,-0.111648,0.188041,0.494385
-21.4512,-0.0617571,-0.120233,0.183332,0.500126
-21.4286,-0.0625465,-0.123619,0.173305,0.451486
-21.4059,-0.0633205,-0.126613,0.180272,0.52886
-21.3832,-0.064079,-0.135559,0.150589,0.382816
-21.3605,-0.0648217,-0.127645,0.170297,0.375507
-21.3379,-0.0655485,-0.132936,0.16098,0.462506
-21.3152,-0.0662592,-0.124836,0.178377,0.456841
-21.2925,-0.0669536,-0.1186,0.170131,0.459326
-21.2698,-0.0676316,-0.137127,0.169392,0.422601
-21.2472,-0.068293,-0.148446,0.150109,0.417034
-21.2245,-0.0689376,-0.116382,0.173243,0.437592
-21.2018,-0.0695652,-0.140227,0.153642,0.388237
-21.1791,-0.0701758,-0.133394,0.166309,0.437514
-21.1565,-0.0707691,-0.13846,0.148961,0.33133
-21.1338,-0.0713451,-0.14655,0.147428,0.366156
-21.1111,-0.0719035,-0.147957,0.140706,0.33552
-21.0884,-0.0724443,-0.134601,0.152929,0.404787
-21.0658,-0.0729673,-0.149795,0.125823,0.28666
-21.0431,-0.0734723,-0.143998,0.155816,0.304505
-21.0204,-0.0739593,-0.155568,0.15252,0.447843
-20.9977,-0.0744282,-0.146613,0.129349,0.318674
-20.9751,-0.0748787,-0.134509,0.15382,0.443707
-20.9524,-0.0753109,-0.134073,0.145612,0.274662
-20.9297,-0.0757246,-0.135818,0.124107,0.319378
-20.907,-0.0761197,-0.136724,0.144952,0.35196
-20.8844,-0.076496,-0.138754,0.120453,0.238164
-20.8617,-0.0768536,-0.150618,0.125189,0.276513
-20.839,-0.0771923,-0.138179,0.124233,0.256537
-20.8163,-0.0775121,-0.129782,0.138247,0.377791
-20.7937,-0.0778128,-0.15128,0.11013,0.258743
-20.771,-0.0780944,-0.138616,0.120191,0.207339
-20.7483,-0.0783568,-0.159638,0.113506,0.268425
-20.7256,-0.0786,-0.129666,0.136297,0.312543
-20.7029,-0.0788239,-0.168644,0.0971024,0.261757
-20.6803,-0.0790284,-0.137664,0.120621,0.316806
-20.6576,-0.0792135,-0.132353,0.119254,0.317791
-20.6349,-0.0793791,-0.14716,0.11752,0.194764
-20.6122,-0.0795253,-0.144675,0.0997868,0.181859
-20.5896,-0.0796519,-0.155985,0.103966,0.278697
-20.5669,-0.0797589,-0.147453,0.105597,0.174511
-20.5442,-0.0798464,-0.145533,0.103097,0.219104
-20.5215,-0.0799142,-0.154896,0.0845417,0.149088
-20.4989,-0.0799625,-0.154919,0.0982875,0.18428
-20.4762,-0.0799911,-0.141909,0.105012,0.273955
-20.4535,-0.08,-0.16254,0.0846135,0.165884
-20.4308,-0.0799893,-0.154644,0.0953246,0.210975
-20.4082,-0.0799589,-0.152435,0.0836751,0.160935
-20.3855,-0.0799089,-0.138447,0.0881902,0.174083
-20.3628,-0.0798393,-0.142204,0.0962894,0.226232
-20.3401,-0.07975,-0.14534,0.0933709,0.225994
-20.3175,-0.0796412,-0.14477,0.0787841,0.0991151
-20.2948,-0.0795128,-0.154773,0.0765486,0.194105
-20.2721,-0.0793649,-0.130088,0.0963099,0.251389
-20.2494,-0.0791975,-0.156657,0.0710573,0.0689196
-20.2268,-0.0790106,-0.149945,0.0660941,0.0889935
-20.2041,-0.0788043,-0.133817,0.0593056,0.110956
-20.1814,-0.0785787,-0.138711,0.0806021,0.196578
-20.1587,-0.0783338,-0.153279,0.0685126,0.205346
-20.1361,-0.0780696,-0.135134,0.0633616,0.0906175
-20.1134,-0.0777863,-0.166882,0.0584088,0.124876
-20.0907,-0.0774838,-0.147952,0.0578656,0.0817326
-20.068,-0.0771623,-0.143935,0.053122,0.035879
-20.0454,-0.0768219,-0.151252,0.0561532,0.0199026
-20.0227,-0.0764626,-0.143623,0.0552096,0.117937
-20,-0.0760845,-0.144407,0.0498233,0.109741
-19.9773,-0.0756878,-0.13586,0.04851,0.127369
-19.9546,-0.0752724,-0.137891,0.0348474,0.0142054
-19.932,-0.0748385,-0.141448,0.0394255,0.0320107
-19.9093,-0.0743863,-0.158192,0.0443769,0.0166204
-19.8866,-0.0739158,-0.156256,0.0372433,0.119863
-19.8639,-0.0734272,-0.140883,0.0328215,-0.0465688
-19.8413,-0.0729205,-0.144882,0.040108,0.0169278
-19.8186,-0.0723959,-0.142389,0.038613,0.100798
-19.7959,-0.0718535,-0.133588,0.0340027,0.0395724
-19.7732,-0.0712935,-0.140983,0.0216185,-0.047567
-19.7506,-0.0707159,-0.141174,0.014882,-0.0527041
-19.7279,-0.070121,-0.133287,0.0324841,0.0154107
-19.7052,-0.0695089,-0.14407,0.0175505,-0.0552983
-19.6825,-0.0688797,-0.135955,0.0136511,0.0299568
-19.6599,-0.0682335,-0.120449,0.0151609,-0.0447425
-19.6372,-0.0675706,-0.136099,0.0240618,0.00904497
-19.6145,-0.0668912,-0.132765,0.0118832,-0.0358234
-19.5918,-0.0661953,-0.137474,0.00681331,-0.0215033
-19.5692,-0.0654831,-0.142437,0.00147415,-0.0354861
-19.5465,-0.0647548,-0.130065,0.0125079,0.00578042
-19.5238,-0.0640107,-0.142758,-0.00213514,-0.0955124
-19.5011,-0.0632508,-0.134676,0.00131724,-0.0310992
-19.4785,-0.0624754,-0.126702,-0.00747675,-0.202398
-19.4558,-0.0616846,-0.151226,0.00193047,-0.0792353
-19.4331,-0.0608787,-0.155686,-0.0163662,-0.210289
-19.4104,-0.0600579,-0.118948,0.00571371,-0.0564714
-19.3878,-0.0592222,-0.142163,-0.0256841,-0.211831
-19.3651,-0.0583721,-0.13674,0.000890825,-0.132004
-19.3424,-0.0575076,-0.137277,-0.0145092,-0.133518
-19.3197,-0.056629,-0.137381,-0.00564963,-0.0827576
-19.2971,-0.0557364,-0.131699,-0.0250365,-0.225668
-19.2744,-0.0548302,-0.134626,-0.0184706,-0.151011
-19.2517,-0.0539105,-0.124612,-0.0149539,-0.129465
-19.229,-0.0529776,-0.121985,-0.0220993,-0.106255
-19.2063,-0.0520316,-0.132047,-0.0387122,-0.260067
-19.1837,-0.0510729,-0.136266,-0.0285693,-0.260639
-19.161,-0.0501017,-0.116262,-0.0202323,-0.193487
-19.1383,-0.0491181,-0.133408,-0.0333312,-0.217382
-19.1156,-0.0481224,-0.117983,-0.0288431,-0.249619
-19.093,-0.047115,-0.106816,-0.0257046,-0.206913
-19.0703,-0.046096,-0.127174,-0.0411294,-0.232506
-19.0476,-0.0450656,-0.123201,-0.0320734,-0.205314
-19.0249,-0.0440242,-0.123493,-0.0403672,-0.231698
-19.0023,-0.042972,-0.0962149,-0.036324,-0.292518
-18.9796,-0.0419092,-0.126083,-0.0524588,-0.287538
-18.9569,-0.0408361,-0.109147,-0.0338521,-0.198836
-18.9342,-0.039753,-0.10052,-0.0468397,-0.335735
-18.9116,-0.0386601,-0.109403,-0.0433793,-0.235101
-18.8889,-0.0375577,-0.10147,-0.0458628,-0.354689
-18.8662,-0.0364461,-0.098995,-0.0412766,-0.287171
-18.8435,-0.0353256,-0.09785,-0.0478232,-0.321582
-18.8209,-0.0341964,-0.100835,-0.0553762,-0.338136
-18.7982,-0.0330587,-0.0952355,-0.0506084,-0.392672
-18.7755,-0.031913,-0.0980467,-0.0581229,-0.377753
-18.7528,-0.0307594,-0.102341,-0.060129,-0.379291
-18.7302,-0.0295983,-0.0818408,-0.0467348,-0.236511
-18.7075,-0.0284299,-0.0836713,-0.0528386,-0.374618
-18.6848,-0.0272545,-0.091563,-0.0640434,-0.384018
-18.6621,-0.0260724,-0.0857653,-0.0461601,-0.265819
-18.6395,-0.0248839,-0.0913974,-0.0568193,-0.289199
-18.6168,-0.0236893,-0.0937445,-0.0716598,-0.282208
-18.5941,-0.0224889,-0.0905857,-0.0636221,-0.401497
-18.5714,-0.0212829,-0.0941695,-0.0690401,-0.430069
-18.5488,-0.0200718,-0.0688047,-0.0558126,-0.298005
-18.5261,-0.0188557,-0.0835848,-0.0679795,-0.357699
-18.5034,-0.017635,-0.0861467,-0.06829,-0.30219
-18.4807,-0.0164099,-0.0750408,-0.0662716,-0.466064
-18.458,-0.0151808,-0.0754537,-0.0628564,-0.458836
-18.4354,-0.013948,-0.083467,-0.0731811,-0.468442
-18.4127,-0.0127117,-0.0639021,-0.0597517,-0.414296
-18.39,-0.0114724,-0.0778431,-0.0723932,-0.399392
-18.3673,-0.0102302,-0.0729995,-0.0735733,-0.451537
-18.3447,-0.00898547,-0.0636732,-0.0766828,-0.377928
-18.322,-0.00773857,-0.0730737,-0.0652281,-0.448753
-18.2993,-0.00648976,-0.0695141,-0.0824582,-0.357761
-18.2766,-0.00523936,-0.0611199,-0.0783288,-0.441504
-18.254,-0.00398767,-0.0597873,-0.0789613,-0.444197
-18.2313,-0.002735,-0.0478804,-0.068154,-0.459995
-18.2086,-0.00148166,-0.0624285,-0.0779609,-0.529926
-18.1859,-0.000227961,-0.0476167,-0.0762189,-0.445664
-18.1633,0.0010258,-0.0504959,-0.0783267,-0.47153
-18.1406,0.00227931,-0.0529981,-0.0856138,-0.484557
-18.1179,0.00353225,-0.0301467,-0.0771847,-0.516222
-18.0952,0.00478433,-0.0459558,-0.0702998,-0.400936
-18.0726,0.00603524,-0.0336152,-0.0837537,-0.393802
-18.0499,0.00728466,-0.0421499,-0.083498,-0.528317
-18.0272,0.00853229,-0.0426166,-0.088842,-0.477793
-18.0045,0.00977783,-0.0374419,-0.0722467,-0.503984
-17.9819,0.011021,-0.03969,-0.0773382,-0.431308
-17.9592,0.0122614,-0.0320842,-0.0938873,-0.542573
-17.9365,0.0134988,-0.0321562,-0.0844552,-0.404279
-17.9138,0.0147329,-0.0275375,-0.08614,-0.431765
-17.8912,0.0159634,-0.0432228,-0.0937928,-0.571211
-17.8685,0.01719,-0.0183314,-0.0832529,-0.421962
-17.8458,0.0184123,-0.026579,-0.0924639,-0.569787
-17.8231,0.0196301,-0.0265373,-0.0804334,-0.501113
-17.8005,0.0208431,-0.0118683,-0.0861227,-0.483492
-17.7778,0.022051,-0.0253106,-0.0940134,-0.552608
-17.7551,0.0232534,-0.0281169,-0.101384,-0.448939
-17.7324,0.0244502,-0.0179996,-0.0714317,-0.513815
-17.7098,0.0256409,-0.022161,-0.104453,-0.439514
-17.6871,0.0268254,-0.00293325,-0.0718727,-0.523028
-17.6644,0.0280032,-0.0114738,-0.0983803,-0.488721
-17.6417,0.0291742,-0.00354243,-0.102434,-0.447049
-17.619,0.030338,-0.0236556,-0.0974877,-0.487854
-17.5964,0.0314944,0.00493243,-0.0902302,-0.42139
-17.5737,0.032643,0.00636707,-0.093113,-0.565072
-17.551,0.0337836,-0.00302752,-0.0987479,-0.533569
-17.5283,0.0349159,0.00445351,-0.0997152,-0.599647
-17.5057,0.0360397,0.00955634,-0.0868244,-0.498416
-17.483,0.0371546,0.0147586,-0.101133,-0.442536
-17.4603,0.0382603,0.00422494,-0.0880274,-0.560113
-17.4376,0.0393567,0.00206636,-0.0923252,-0.417856
-17.415,0.0404434,0.00531813,-0.0920187,-0.527645
-17.3923,0.0415201,0.011836,-0.0926076,-0.60767
-17.3696,0.0425867,0.00928569,-0.0958402,-0.535371
-17.3469,0.0436428,0.00534603,-0.0880534,-0.485993
-17.3243,0.0446882,0.0257827,-0.0885536,-0.560768
-17.3016,0.0457226,0.0162347,-0.0939756,-0.453267
-17.2789,0.0467458,0.0222376,-0.079288,-0.576127
-17.2562,0.0477574,0.0237608,-0.0973671,-0.511215
-17.2336,0.0487574,0.0198005,-0.0848188,-0.428541
-17.2109,0.0497454,0.0329581,-0.0896745,-0.448247
-17.1882,0.0507212,0.0343076,-0.0850667,-0.425787
-17.1655,0.0516845,0.0272643,-0.0884257,-0.501943
-17.1429,0.0526351,0.0362265,-0.0762981,-0.435768
-17.1202,0.0535728,0.0307558,-0.0932121,-0.526075
-17.0975,0.0544973,0.0378222,-0.0857815,-0.508445
-17.0748,0.0554085,0.0372937,-0.082501,-0.513764
-17.0522,0.056306,0.0438889,-0.0805416,-0.431406
-17.0295,0.0571897,0.0274901,-0.0864853,-0.448691
-17.0068,0.0580594,0.0479279,-0.0881708,-0.471806
-16.9841,0.0589148,0.0541364,-0.0794239,-0.479704
-16.9615,0.0597557,0.0491144,-0.0710011,-0.50415
-16.9388,0.0605819,0.0570268,-0.0909168,-0.482122
-16.9161,0.0613933,0.0525512,-0.0745732,-0.469955
-16.8934,0.0621896,0.0458658,-0.0918852,-0.429828
-16.8707,0.0629706,0.0535313,-0.0801326,-0.588675
-16.8481,0.0637362,0.0621708,-0.0776652,-0.480137
-16.8254,0.0644861,0.0631966,-0.0700418,-0.485739
-16.8027,0.0652201,0.0493822,-0.0700634,-0.575826
-16.78,0.0659382,0.0587509,-0.0785984,-0.448347
-16.7574,0.06664,0.0531057,-0.058108,-0.520186
-16.7347,0.0673255,0.0647696,-0.0669675,-0.444971
-16.712,0.0679944,0.0508264,-0.0901071,-0.487489
-16.6893,0.0686467,0.0512415,-0.0696338,-0.499557
-16.6667,0.069282,0.0784969,-0.07445,-0.561285
-16.644,0.0699004,0.0792163,-0.0584216,-0.40933
-16.6213,0.0705016,0.0592778,-0.0767275,-0.528736
-16.5986,0.0710855,0.0743724,-0.0658145,-0.446666
-16.576,0.0716519,0.0776067,-0.0700015,-0.393718
-16.5533,0.0722007,0.0657143,-0.0661185,-0.41883
-16.5306,0.0727318,0.0916039,-0.0601652,-0.537937
-16.5079,0.073245,0.0810248,-0.053326,-0.381935
-16.4853,0.0737402,0.0630259,-0.0561517,-0.501924
-16.4626,0.0742173,0.0760058,-0.0657114,-0.365365
-16.4399,0.0746762,0.0820994,-0.0502254,-0.52434
-16.4172,0.0751168,0.0742389,-0.050267,-0.333174
-16.3946,0.0755389,0.0690803,-0.0601787,-0.39567
-16.3719,0.0759424,0.0846295,-0.0452268,-0.467578
-16.3492,0.0763273,0.0765307,-0.0683595,-0.377793
-16.3265,0.0766934,0.0825447,-0.0509327,-0.433747
-16.3039,0.0770407,0.0665926,-0.05745,-0.461872
-16.2812,0.0773691,0.071703,-0.0593137,-0.341367
-16.2585,0.0776785,0.088317,-0.0534145,-0.397661
-16.2358,0.0779688,0.0844252,-0.0489294,-0.448575
-16.2132,0.0782399,0.0888925,-0.0440616,-0.481165
-16.1905,0.0784919,0.097223,-0.0460161,-0.286193
-16.1678,0.0787245,0.0837029,-0.0366982,-0.461638
-16.1451,0.0789378,0.0760851,-0.0492118,-0.277765
-16.1224,0.0791318,0.100204,-0.0518098,-0.374318
-16.0998,0.0793063,0.0792802,-0.0472534,-0.274256
-16.0771,0.0794613,0.0891813,-0.0474878,-0.336798
-16.0544,0.0795968,0.0961784,-0.0451891,-0.252944
-16.0317,0.0797127,0.0890422,-0.03512,-0.41751
-16.0091,0.0798091,0.0996763,-0.0308715,-0.374766
-15.9864,0.0798858,0.0980284,-0.0442054,-0.284798
-15.9637,0.079943,0.0904543,-0.0301063,-0.423688
-15.941,0.0799805,0.106525,-0.0361748,-0.325958
-15.9184,0.0799984,0.0939036,-0.0200462,-0.235385
-15.8957,0.0799966,0.0833287,-0.0234478,-0.399355
-15.873,0.0799751,0.0914061,-0.0266698,-0.281221
-15.8503,0.0799341,0.0794188,-0.0313416,-0.309702
-15.8277,0.0798733,0.0839927,-0.0129397,-0.302703
-15.805,0.079793,0.0909659,-0.0407174,-0.222034
-15.7823,0.0796931,0.0947325,-0.0271978,-0.234238
-15.7596,0.0795736,0.0885467,-0.0216067,-0.329585
-15.737,0.0794345,0.0909943,-0.0237117,-0.188896
-15.7143,0.079276,0.0865592,-0.0314529,-0.21154
-15.6916,0.0790979,0.0767959,-0.0276925,-0.22326
-15.6689,0.0789005,0.104309,-0.015746,-0.303615
-15.6463,0.0786837,0.0935037,-0.0194918,-0.288109
-15.6236,0.0784475,0.0823622,-0.0231145,-0.255818
-15.6009,0.0781921,0.0913344,-0.0188844,-0.220144
-15.5782,0.0779174,0.0886704,-0.016401,-0.2513
-15.5556,0.0776237,0.0911782,-0.00930553,-0.239446
-15.5329,0.0773108,0.0830242,-0.00732715,-0.267741
-15.5102,0.076979,0.0993999,-0.00384629,-0.147902
-15.4875,0.0766283,0.0881909,-0.0137916,-0.0976438
-15.4649,0.0762587,0.0848046,-0.012265,-0.151684
-15.4422,0.0758704,0.0893112,-0.00809938,-0.268279
-15.4195,0.0754635,0.102634,0.00507179,-0.0819975
-15.3968,0.075038,0.0964942,-0.00850229,-0.19509
-15.3741,0.0745941,0.087991,-0.00395545,-0.098323
-15.3515,0.0741319,0.090172,-0.00522028,-0.191381
-15.3288,0.0736515,0.100314,0.00556577,-0.0788856
-15.3061,0.073153,0.077736,0.00600486,-0.221352
-15.2834,0.0726365,0.10194,0.00880734,-0.0402174
-15.2608,0.0721022,0.0834582,0.00176578,-0.123951
-15.2381,0.0715502,0.0911029,0.013653,-0.101323
-15.2154,0.0709806,0.081699,0.0161457,-0.203548
-15.1927,0.0703936,0.0906755,0.0209093,-0.143555
-15.1701,0.0697892,0.0751086,0.0174473,-0.0479508
-15.1474,0.0691678,0.0835481,-5.97097e-05,-0.0590363
-15.1247,0.0685293,0.086178,0.00748045,-0.115848
-15.102,0.067874,0.0833629,0.0303379,0.0320691
-15.0794,0.0672021,0.0862014,0.0140112,-0.0669754
-15.0567,0.0665136,0.0915656,0.0168361,-0.0435815
-15.034,0.0658088,0.082814,0.0154937,0.036725
-15.0113,0.0650878,0.0932936,0.0314082,-0.0408749
-14.9887,0.0643509,0.0743124,0.0172873,-0.106107
-14.966,0.0635981,0.0882071,0.0313488,-0.00735542
-14.9433,0.0628298,0.0723651,0.030608,0.0103806
-14.9206,0.062046,0.099415,0.0388449,-0.0624823
-14.898,0.0612469,0.0747415,0.0393188,-0.0529104
-14.8753,0.0604328,0.0725595,0.0372273,-0.00907858
-14.8526,0.0596039,0.0855019,0.0191313,0.0256034
-14.8299,0.0587603,0.0768906,0.0453106,-0.0181971
-14.8073,0.0579023,0.0950696,0.035343,0.0116058
-14.7846,0.0570301,0.0707967,0.0336513,0.096346
-14.7619,0.0561438,0.0872547,0.0362207,0.134107
-14.7392,0.0552438,0.0829413,0.0457014,0.00762822
-14.7166,0.0543302,0.0779189,0.0343529,0.0994458
-14.6939,0.0534033,0.0707662,0.0463101,0.152537
-14.6712,0.0524632,0.0723457,0.0264467,0.029372
-14.6485,0.0515103,0.0951326,0.0627249,0.039831
-14.6259,0.0505447,0.0646695,0.0500473,-0.00465479
-14.6032,0.0495667,0.0862212,0.0508142,0.121386
-14.5805,0.0485765,0.0864536,0.062141,0.164792
-14.5578,0.0475744,0.0718026,0.0557195,0.159511
-14.5351,0.0465606,0.0782385,0.0367081,0.209776
-14.5125,0.0455353,0.0804687,0.0680235,0.126434
-14.4898,0.0444989,0.0776866,0.0483804,0.158981
-14.4671,0.0434516,0.071202,0.0585224,0.178877
-14.4444,0.0423935,0.0688097,0.0536447,0.168422
-14.4218,0.0413251,0.0704268,0.0677306,0.139119
-14.3991,0.0402465,0.0626296,0.0602579,0.149869
-14.3764,0.039158,0.0725899,0.0600772,0.179092
-14.3537,0.03806,0.0800387,0.074193,0.214874
-14.3311,0.0369525,0.0756387,0.0783844,0.0917314
-14.3084,0.035836,0.0578626,0.0844202,0.100213
-14.2857,0.0347107,0.0585317,0.0646874,0.285267
-14.263,0.0335769,0.0626105,0.0540603,0.130675
-14.2404,0.0324348,0.058171,0.0854951,0.214506
-14.2177,0.0312847,0.0448234,0.0579675,0.204377
-14.195,0.030127,0.0660215,0.0639603,0.128121
-14.1723,0.0289618,0.0633719,0.0706979,0.250406
-14.1497,0.0277896,0.0596121,0.0806537,0.242695
-14.127,0.0266105,0.0521689,0.0647271,0.289196
-14.1043,0.0254249,0.0620337,0.0640401,0.343003
-14.0816,0.024233,0.0420255,0.0616445,0.312227
-14.059,0.0230352,0.0663026,0.0712342,0.30503
-14.0363,0.0218318,0.0444632,0.0786535,0.185374
-14.0136,0.0206229,0.0491644,0.0813799,0.191154
-13.9909,0.019409,0.052157,0.0908041,0.216014
-13.9683,0.0181904,0.050316,0.0835809,0.346938
-13.9456,0.0169673,0.0657329,0.0796995,0.243423
-13.9229,0.01574,0.0514679,0.080514,0.278129
-13.9002,0.0145088,0.0426053,0.0818003,0.27534
-13.8776,0.0132741,0.0453763,0.078656,0.399287
-13.8549,0.0120361,0.0380758,0.0869707,0.266796
-13.8322,0.0107951,0.0586849,0.0812756,0.41266
-13.8095,0.00955154,0.0318822,0.0817653,0.271567
-13.7868,0.0083056,0.0399222,0.0861137,0.396381
-13.7642,0.00705762,0.0484279,0.0933179,0.317984
-13.7415,0.0058079,0.0541841,0.102115,0.375217
-13.7188,0.00455676,0.0463889,0.0937692,0.260023
-13.6961,0.0033045,0.0382666,0.104543,0.312066
-13.6735,0.00205143,0.0412761,0.0841104,0.347605
-13.6508,0.000797852,0.0336711,0.0904595,0.457418
-13.6281,-0.00045592,0.0341847,0.0832334,0.358192
-13.6054,-0.00170958,0.0414637,0.108277,0.395596
-13.5828,-0.00296282,0.030637,0.0983049,0.323549
-13.5601,-0.00421533,0.0216266,0.0882271,0.403813
-13.5374,-0.00546681,0.0195827,0.0792905,0.307762
-13.5147,-0.00671694,0.0290449,0.106463,0.346532
-13.4921,-0.00796543,0.0349448,0.115603,0.319705
-13.4694,-0.00921196,0.0277916,0.0859298,0.46831
-13.4467,-0.0104562,0.043193,0.102482,0.412121
-13.424,-0.0116979,0.0235028,0.106241,0.440501
-13.4014,-0.0129367,0.0280567,0.0870911,0.499142
-13.3787,-0.0141724,0.0292478,0.101629,0.372321
-13.356,-0.0154046,0.0206795,0.0932454,0.473181
-13.3333,-0.0166329,0.0142736,0.0978213,0.407441
-13.3107,-0.0178572,0.0222878,0.10126,0.330096
-13.288,-0.0190771,0.0196114,0.120045,0.349358
-13.2653,-0.0202924,0.0249641,0.105263,0.470955
-13.2426,-0.0215026,0.0226388,0.108979,0.394121
-13.22,-0.0227076,0.0115131,0.0998035,0.522603
-13.1973,-0.0239069,0.00399026,0.100485,0.398234
-13.1746,-0.0251005,0.0131911,0.111732,0.52681
-13.1519,-0.0262878,0.014428,0.110232,0.440778
-13.1293,-0.0274687,0.00217275,0.0934533,0.379678
-13.1066,-0.0286428,0.00735831,0.112731,0.372407
-13.0839,-0.0298099,0.0134113,0.0960676,0.499275
-13.0612,-0.0309697,-0.0103048,0.0952848,0.486476
-13.0385,-0.0321219,0.0145953,0.114963,0.526389
-13.0159,-0.0332662,-0.00201205,0.119061,0.365199
-12.9932,-0.0344023,0.00848662,0.108404,0.392595
-12.9705,-0.03553,0.0136991,0.0972314,0.424854
-12.9478,-0.0366489,0.0120833,0.114685,0.459261
-12.9252,-0.0377588,0.000804362,0.105738,0.546568
-12.9025,-0.0388595,-0.00514877,0.10042,0.528445
-12.8798,-0.0399506,-0.011883,0.0859386,0.511639
-12.8571,-0.0410319,-0.0143213,0.0989253,0.520378
-12.8345,-0.0421032,0.0104716,0.119389,0.526754
-12.8118,-0.0431641,-0.0116418,0.101965,0.532135
-12.7891,-0.0442143,-0.00504223,0.104111,0.526523
-12.7664,-0.0452538,0.00236626,0.119493,0.452991
-12.7438,-0.0462821,-0.00282961,0.113518,0.385365
-12.7211,-0.047299,-0.0363273,0.0981944,0.521942
-12.6984,-0.0483044,-0.00634215,0.110796,0.558904
-12.6757,-0.0492978,-0.0179558,0.0983489,0.480642
-12.6531,-0.0502792,-0.0086961,0.113458,0.49317
-12.6304,-0.0512482,-0.0080736,0.117273,0.534982
-12.6077,-0.0522046,-0.0255956,0.106376,0.463346
-12.585,-0.0531482,-0.03976,0.104473,0.545105
-12.5624,-0.0540787,-0.0174696,0.102427,0.392151
-12.5397,-0.054996,-0.022358,0.102199,0.512644
-12.517,-0.0558997,-0.0235736,0.0953215,0.554642
-12.4943,-0.0567897,-0.0224303,0.101387,0.541173
-12.4717,-0.0576658,-0.0324362,0.107214,0.54909
-12.449,-0.0585277,-0.0393128,0.095105,0.562235
-12.4263,-0.0593753,-0.0276227,0.104841,0.53728
-12.4036,-0.0602082,-0.0434244,0.0896277,0.439706
-12.381,-0.0610264,-0.0258456,0.0994239,0.527407
-12.3583,-0.0618295,-0.0290725,0.106016,0.535129
-12.3356,-0.0626175,-0.0348721,0.11756,0.476512
-12.3129,-0.0633901,-0.0417025,0.102017,0.498244
-12.2902,-0.0641472,-0.0416354,0.11143,0.568459
-12.2676,-0.0648884,-0.0497573,0.0804327,0.383636
-12.2449,-0.0656138,-0.0251178,0.0869482,0.543976
-12.2222,-0.066323,-0.0522156,0.0922074,0.408377
-12.1995,-0.0670159,-0.0352507,0.0998948,0.473827
-12.1769,-0.0676924,-0.028333,0.0982142,0.559563
-12.1542,-0.0683523,-0.047181,0.108288,0.449456
-12.1315,-0.0689953,-0.0464868,0.0994444,0.507522
-12.1088,-0.0696214,-0.0527858,0.0879474,0.473493
-12.0862,-0.0702305,-0.0526581,0.0843583,0.404898
-12.0635,-0.0708222,-0.0575542,0.106352,0.544329
-12.0408,-0.0713966,-0.0485185,0.0896136,0.487351
-12.0181,-0.0719534,-0.0554198,0.10236,0.361101
-11.9955,-0.0724926,-0.0602563,0.0870438,0.425651
-11.9728,-0.0730139,-0.0689713,0.082578,0.484763
-11.9501,-0.0735174,-0.0616981,0.0837979,0.540876
-11.9274,-0.0740027,-0.0542988,0.104124,0.446555
-11.9048,-0.0744699,-0.0595445,0.0861184,0.545214
-11.8821,-0.0749188,-0.0847466,0.0860351,0.472738
-11.8594,-0.0753493,-0.0673423,0.0823896,0.36428
-11.8367,-0.0757613,-0.0395223,0.0964899,0.377868
-11.8141,-0.0761547,-0.0651746,0.0877326,0.443879
-11.7914,-0.0765293,-0.0683938,0.0887705,0.493112
-11.7687,-0.0768852,-0.0639527,0.0856254,0.520735
-11.746,-0.0772222,-0.0852327,0.0875208,0.523074
-11.7234,-0.0775402,-0.0709985,0.0795446,0.49103
-11.7007,-0.0778392,-0.0699918,0.084715,0.444828
-11.678,-0.0781191,-0.0703638,0.0939431,0.405158
-11.6553,-0.0783797,-0.0599274,0.0866988,0.48799
-11.6327,-0.0786212,-0.0909464,0.0810183,0.34821
-11.61,-0.0788433,-0.0867935,0.0853374,0.344616
-11.5873,-0.079046,-0.0684353,0.0851995,0.431859
-11.5646,-0.0792294,-0.0860894,0.0719136,0.348379
-11.542,-0.0793932,-0.0848811,0.0661026,0.422548
-11.5193,-0.0795376,-0.0749722,0.075726,0.296212
-11.4966,-0.0796624,-0.0870551,0.074508,0.402118
-11.4739,-0.0797677,-0.0868041,0.0800933,0.457852
-11.4512,-0.0798534,-0.0961765,0.0647058,0.314939
-11.4286,-0.0799194,-0.0864019,0.0657634,0.417926
-11.4059,-0.0799659,-0.0922355,0.0691389,0.442583
-11.3832,-0.0799927,-0.0826824,0.0607237,0.2918
-11.3605,-0.0799998,-0.0799348,0.0854013,0.431065
-11.3379,-0.0799873,-0.0899478,0.0734069,0.414818
-11.3152,-0.0799552,-0.0940884,0.0497011,0.333114
-11.2925,-0.0799034,-0.0868428,0.0564564,0.366164
-11.2698,-0.079832,-0.0801366,0.0609665,0.311927
-11.2472,-0.0797409,-0.0900028,0.0395669,0.379766
-11.2245,-0.0796303,-0.0981177,0.0668089,0.263893
-11.2018,-0.0795002,-0.0880519,0.0715796,0.288373
-11.1791,-0.0793505,-0.090019,0.0511097,0.338011
-11.1565,-0.0791813,-0.105023,0.0628382,0.38541
-11.1338,-0.0789927,-0.103382,0.0612492,0.216661
-11.1111,-0.0787846,-0.0866284,0.0434135,0.363216
-11.0884,-0.0785572,-0.0997114,0.0655893,0.389959
-11.0658,-0.0783106,-0.103797,0.0525423,0.2583
-11.0431,-0.0780446,-0.0997486,0.0552122,0.287461
-11.0204,-0.0777596,-0.0947482,0.0738736,0.307526
-10.9977,-0.0774554,-0.11365,0.0424711,0.313334
-10.9751,-0.0771322,-0.102247,0.0404421,0.35863
-10.9524,-0.07679,-0.0928093,0.0471978,0.278411
-10.9297,-0.076429,-0.115422,0.051563,0.260001
-10.907,-0.0760492,-0.11246,0.0333766,0.248235
-10.8844,-0.0756508,-0.102424,0.0585829,0.345351
-10.8617,-0.0752337,-0.109362,0.0213507,0.187954
-10.839,-0.0747982,-0.109745,0.0449564,0.16099
-10.8163,-0.0743443,-0.114711,0.0306154,0.28163
-10.7937,-0.0738721,-0.0974798,0.035143,0.253752
-10.771,-0.0733818,-0.11966,0.0327557,0.19631
-10.7483,-0.0728735,-0.111155,0.0515167,0.250489
-10.7256,-0.0723473,-0.0960161,0.0204183,0.303468
-10.7029,-0.0718033,-0.0986436,0.0456242,0.195367
-10.6803,-0.0712417,-0.107666,0.0225064,0.27066
-10.6576,-0.0706625,-0.116874,0.0240172,0.21524
-10.6349,-0.0700661,-0.122074,0.020064,0.215905
-10.6122,-0.0694524,-0.110976,0.0334665,0.183216
-10.5896,-0.0688216,-0.108971,0.00276408,0.157216
-10.5669,-0.068174,-0.106256,0.0215396,0.201986
-10.5442,-0.0675096,-0.0959658,0.027549,0.126361
-10.5215,-0.0668286,-0.104925,0.0223338,0.07904
-10.4989,-0.0661312,-0.114561,0.0189876,0.0852099
-10.4762,-0.0654176,-0.121858,0.0278572,0.164647
-10.4535,-0.0646878,-0.114831,0.0174384,0.161094
-10.4308,-0.0639423,-0.129202,0.0106652,0.0513618
-10.4082,-0.063181,-0.128016,-0.000421697,0.0701604
-10.3855,-0.0624041,-0.112002,0.00579942,0.108685
-10.3628,-0.061612,-0.118961,0.0213899,0.155533
-10.3401,-0.0608047,-0.115734,0.0160019,0.0650534
-10.3175,-0.0599825,-0.122135,-0.00768145,0.00946722
-10.2948,-0.0591456,-0.114387,0.00407805,0.105331
-10.2721,-0.0582941,-0.113115,0.0102642,0.126222
-10.2494,-0.0574283,-0.100898,0.00862163,0.0806893
-10.2268,-0.0565484,-0.11226,0.00433186,0.0455233
-10.2041,-0.0556546,-0.0948682,0.00612558,0.136851
-10.1814,-0.0547471,-0.118519,-0.000327413,0.09707
-10.1587,-0.0538262,-0.0972442,0.0049313,-0.00431813
-10.1361,-0.0528921,-0.104329,-0.00637351,0.107891
-10.1134,-0.051945,-0.0890241,-0.0146116,-0.0540599
-10.0907,-0.0509851,-0.111789,-0.000433006,-0.0451455
-10.068,-0.0500127,-0.114166,-0.0112164,0.0628401
-10.0454,-0.0490281,-0.10834,-0.014115,0.0728909
-10.0227,-0.0480313,-0.0977352,-0.0110449,-0.0376792
-10,-0.0470228,-0.103884,-0.00558098,0.0865876
-9.97732,-0.0460028,-0.118538,-0.0316963,-0.046317
-9.95465,-0.0449714,-0.118104,-0.0113299,-0.0846415
-9.93197,-0.043929,-0.11374,-0.0172355,-0.103719
-9.9093,-0.0428758,-0.114725,-0.0232714,0.0439028
-9.88662,-0.041812,-0.0919307,-0.0157352,-0.0622432
-9.86395,-0.040738,-0.0943606,-0.00382923,-0.0770421
-9.84127,-0.039654,-0.118283,-0.0344136,-0.0696376
-9.81859,-0.0385603,-0.116154,-0.0366872,-0.044384
-9.79592,-0.037457,-0.0989091,-0.0104418,-0.0912093
-9.77324,-0.0363446,-0.102861,-0.0296316,-0.069976
-9.75057,-0.0352233,-0.0944009,-0.00534528,-0.0395679
-9.72789,-0.0340933,-0.094602,-0.0477424,-0.175042
-9.70522,-0.0329549,-0.0863771,-0.0343511,-0.114467
-9.68254,-0.0318084,-0.0940656,-0.0168825,0.00545817
-9.65986,-0.0306542,-0.0777716,-0.0266945,-0.0205121
-9.63719,-0.0294924,-0.0880352,-0.0280263,-0.0377015
-9.61451,-0.0283233,-0.094129,-0.0123885,-0.073615
-9.59184,-0.0271473,-0.0681275,-0.0370426,-0.162381
-9.56916,-0.0259646,-0.0828577,-0.0297644,-0.0956774
-9.54649,-0.0247756,-0.0816507,-0.0185538,-0.0844143
-9.52381,-0.0235804,-0.0936534,-0.0338088,-0.14928
-9.50113,-0.0223795,-0.0888449,-0.0376756,-0.0750633
-9.47846,-0.0211731,-0.0793446,-0.00742842,-0.122599
-9.45578,-0.0199614,-0.0634451,-0.0207292,-0.110387
-9.43311,-0.0187449,-0.0811142,-0.0248766,-0.0661843
-9.41043,-0.0175238,-0.0625819,-0.0312225,-0.233784
-9.38776,-0.0162983,-0.0812564,-0.0289288,-0.198628
-9.36508,-0.0150689,-0.090797,-0.054981,-0.190729
-9.3424,-0.0138357,-0.0873241,-0.040191,-0.23213
-9.31973,-0.0125992,-0.0685613,-0.0322454,-0.19051
-9.29705,-0.0113595,-0.0644187,-0.0248381,-0.129371
-9.27438,-0.0101171,-0.0758829,-0.0427482,-0.127225
-9.2517,-0.00887221,-0.086456,-0.0442163,-0.168705
-9.22902,-0.00762511,-0.0771137,-0.0476119,-0.155563
-9.20635,-0.00637615,-0.0497987,-0.0234458,-0.204324
-9.18367,-0.00512562,-0.0532816,-0.0525193,-0.29555
-9.161,-0.00387383,-0.0590163,-0.0288215,-0.232569
-9.13832,-0.00262109,-0.0563029,-0.0423333,-0.217224
-9.11565,-0.0013677,-0.0481195,-0.027482,-0.309033
-9.09297,-0.000113981,-0.0572166,-0.0317896,-0.200681
-9.07029,0.00113977,-0.0601653,-0.0605103,-0.318343
-9.04762,0.00239324,-0.0682988,-0.0528899,-0.21961
-9.02494,0.00364612,-0.0467807,-0.0260026,-0.187374
-9.00227,0.0048981,-0.0302382,-0.0552085,-0.242049
-8.97959,0.00614889,-0.0470334,-0.0377747,-0.189543
-8.95692,0.00739816,-0.0677857,-0.045593,-0.192701
-8.93424,0.00864561,-0.0286197,-0.0518573,-0.35188
-8.91156,0.00989095,-0.0549575,-0.05016,-0.331808
-8.88889,0.0111338,-0.0417755,-0.0437494,-0.384257
-8.86621,0.012374,-0.0502992,-0.0640642,-0.345084
-8.84354,0.0136111,-0.043987,-0.0367781,-0.283902
-8.82086,0.0148449,-0.0427089,-0.049792,-0.261563
-8.79819,0.0160751,-0.0634937,-0.0529465,-0.256127
-8.77551,0.0173013,-0.0498362,-0.0452912,-0.241117
-8.75283,0.0185232,-0.041023,-0.0491563,-0.352769
-8.73016,0.0197406,-0.0253952,-0.0367927,-0.222809
-8.70748,0.0209531,-0.0254792,-0.0605846,-0.39042
-8.68481,0.0221605,-0.0311086,-0.0545061,-0.357799
-8.66213,0.0233625,-0.0320102,-0.0618312,-0.352944
-8.63946,0.0245587,-0.0318643,-0.0612214,-0.399194
-8.61678,0.0257489,-0.0225414,-0.0569721,-0.320852
-8.5941,0.0269327,-0.0155488,-0.0571782,-0.3291
-8.57143,0.02811,-0.0272127,-0.0485094,-0.4224
-8.54875,0.0292803,-0.03444,-0.0476242,-0.337186
-8.52608,0.0304435,-0.0256605,-0.0761574,-0.454118
-8.5034,0.0315991,-0.0374029,-0.055773,-0.334938
-8.48073,0.0327471,-0.0309565,-0.0413945,-0.468446
-8.45805,0.0338869,-0.0318668,-0.0719295,-0.374464
-8.43537,0.0350185,-0.0320588,-0.0639731,-0.407904
-8.4127,0.0361414,-0.0317258,-0.0622288,-0.282475
-8.39002,0.0372555,-0.0236208,-0.0630434,-0.412196
-8.36735,0.0383604,-0.0266039,-0.070094,-0.380549
-8.34467,0.0394559,-0.0234865,-0.0654048,-0.369405
-8.322,0.0405417,-0.0414662,-0.0838991,-0.366158
-8.29932,0.0416175,-0.0251674,-0.0664661,-0.41489
-8.27664,0.0426831,-0.0241006,-0.0716141,-0.492483
-8.25397,0.0437383,-0.0380941,-0.0607727,-0.369425
-8.23129,0.0447827,-0.0405798,-0.0907559,-0.467422
-8.20862,0.0458161,-0.0298039,-0.0776081,-0.472275
-8.18594,0.0468382,-0.0225948,-0.0609799,-0.453959
-8.16327,0.0478488,-0.0215401,-0.048487,-0.33136
-8.14059,0.0488477,-0.0216773,-0.0710061,-0.474747
-8.11791,0.0498346,-0.0347059,-0.0748231,-0.495358
-8.09524,0.0508093,-0.00841372,-0.0521217,-0.453214
-8.07256,0.0517714,-0.000754846,-0.0519212,-0.398731
-8.04989,0.0527209,-0.00291795,-0.0678214,-0.473305
-8.02721,0.0536574,0.0111963,-0.0587953,-0.342472
-8.00454,0.0545807,0.00481936,-0.0585792,-0.42603
-7.98186,0.0554906,-0.00414451,-0.0630231,-0.430285
-7.95918,0.0563869,-0.00943034,-0.0488164,-0.398575
-7.93651,0.0572693,-0.0288812,-0.0757901,-0.476644
-7.91383,0.0581377,-0.0048508,-0.0542731,-0.381881
-7.89116,0.0589918,-0.0170634,-0.047342,-0.386052
-7.86848,0.0598314,0.000139989,-0.059409,-0.338188
-7.8458,0.0606563,-0.00918316,-0.0553287,-0.407032
-7.82313,0.0614663,-0.010185,-0.0493816,-0.492752
-7.80045,0.0622612,0.000841561,-0.0574759,-0.482937
-7.77778,0.0630409,-0.00689767,-0.0455515,-0.439132
-7.7551,0.063805,0.0155082,-0.0644991,-0.481488
-7.73243,0.0645535,-0.00840635,-0.0821984,-0.451772
-7.70975,0.0652861,-0.0170603,-0.0570449,-0.474541
-7.68707,0.0660026,0.0207298,-0.0617729,-0.525938
-7.6644,0.066703,0.0063019,-0.0346753,-0.367052
-7.64172,0.067387,-0.0115354,-0.0743079,-0.35674
-7.61905,0.0680544,0.0176991,-0.0692867,-0.544966
-7.59637,0.0687051,-0.00687118,-0.0396678,-0.421954
-7.5737,0.069339,-0.00490669,-0.0430831,-0.4339
-7.55102,0.0699558,0.0217569,-0.0653808,-0.54446
-7.52834,0.0705554,0.0338014,-0.0405565,-0.513065
-7.50567,0.0711377,0.0239247,-0.0425579,-0.42139
-7.48299,0.0717025,0.0260326,-0.0641822,-0.432084
-7.46032,0.0722497,0.0213886,-0.0575685,-0.487388
-7.43764,0.0727792,0.0309723,-0.0548486,-0.44818
-7.41497,0.0732908,0.0196682,-0.0460876,-0.375933
-7.39229,0.0737843,0.0294703,-0.0236673,-0.378007
-7.36961,0.0742598,0.0104936,-0.0624257,-0.486448
-7.34694,0.074717,0.0193772,-0.0498245,-0.497108
-7.32426,0.0751559,0.0370802,-0.0288151,-0.339812
-7.30159,0.0755763,0.0104874,-0.0418624,-0.455894
-7.27891,0.0759782,0.00267721,-0.0511047,-0.538497
-7.25624,0.0763614,0.00837005,-0.0474225,-0.413245
-7.23356,0.0767258,0.0278109,-0.039396,-0.423066
-7.21088,0.0770714,0.0497476,-0.0216635,-0.449925
-7.18821,0.077398,0.0165288,-0.0206789,-0.441468
-7.16553,0.0777057,0.0206775,-0.0518352,-0.485742
-7.14286,0.0779942,0.04201,-0.0515632,-0.387786
-7.12018,0.0782636,0.0206539,0.00389754,-0.407422
-7.09751,0.0785138,0.0433716,-0.025491,-0.354997
-7.07483,0.0787447,0.0491063,-0.0175148,-0.41637
-7.05215,0.0789563,0.045108,-0.0178762,-0.369049
-7.02948,0.0791484,0.0553607,-0.0185047,-0.435991
-7.0068,0.0793212,0.0151952,-0.0221676,-0.358899
-6.98413,0.0794744,0.0251787,-0.0158149,-0.509468
-6.96145,0.0796081,0.035694,-0.0182298,-0.386837
-6.93878,0.0797223,0.0397496,-0.00049312,-0.390161
-6.9161,0.0798169,0.0352464,-0.0095014,-0.348462
-6.89342,0.0798918,0.0107444,-0.0258538,-0.465815
-6.87075,0.0799472,0.0285812,-0.00564036,-0.311523
-6.84807,0.0799829,0.0572029,-0.0182925,-0.408974
-6.8254,0.079999,0.00522469,-0.0180027,-0.307777
-6.80272,0.0799954,0.0130228,0.00179339,-0.382049
-6.78005,0.0799722,0.0119493,-0.0515216,-0.429842
-6.75737,0.0799294,0.0098155,0.00389721,-0.354735
-6.73469,0.0798669,0.0252324,-0.00370687,-0.358473
-6.71202,0.0797847,0.0373494,0.0257624,-0.293179
-6.68934,0.079683,-0.0117781,-0.0363391,-0.342177
-6.66667,0.0795618,0.0550823,-0.00520817,-0.410449
-6.64399,0.0794209,0.0365764,0.00265747,-0.275832
-6.62132,0.0792606,0.0221882,-0.00780594,-0.27466
-6.59864,0.0790808,0.0286294,-0.0030807,-0.269076
-6.57596,0.0788816,0.0348954,-0.00961647,-0.424477
-6.55329,0.078663,0.0649577,-0.0193137,-0.299917
-6.53061,0.0784251,0.0439199,0.0190953,-0.310946
-6.50794,0.0781679,0.0460376,-0.0312136,-0.451892
-6.48526,0.0778915,0.0399078,0.0198942,-0.303889
-6.46259,0.077596,0.029574,0.0037979,-0.352085
-6.43991,0.0772814,0.0198232,-0.00880044,-0.386691
-6.41723,0.0769479,0.0154598,0.00873318,-0.305911
-6.39456,0.0765954,0.0332986,0.040493,-0.243557
-6.37188,0.0762242,0.0206069,0.0335275,-0.253834
-6.34921,0.0758342,0.0418278,0.00379596,-0.31059
-6.32653,0.0754256,0.015482,0.00790885,-0.302051
-6.30385,0.0749984,-0.00480962,-0.0250762,-0.390115
-6.28118,0.0745529,-0.0294312,-0.00477016,-0.263019
-6.2585,0.074089,0.0115981,0.0105866,-0.412022
-6.23583,0.0736069,0.0296932,-0.0213962,-0.345311
-6.21315,0.0731068,-0.0138151,-0.00092803,-0.246736
-6.19048,0.0725887,0.0165424,0.000964062,-0.29861
-6.1678,0.0720528,0.0251592,-0.00924912,-0.345342
-6.14512,0.0714991,-0.0272416,-0.024744,-0.300891
-6.12245,0.0709279,0.0149369,0.0172791,-0.314736
-6.09977,0.0703393,-0.0113002,-0.0168425,-0.314604
-6.0771,0.0697334,0.0307034,-0.00353578,-0.278514
-6.05442,0.0691104,0.00838397,0.01276,-0.319427
-6.03175,0.0684704,0.0228376,-0.00471722,-0.258837
-6.00907,0.0678136,-0.00859044,-0.00736353,-0.330726
-5.98639,0.0671402,-0.000917619,-0.00192242,-0.302312
-5.96372,0.0664502,0.0673863,-0.00312848,-0.309279
-5.94104,0.0657439,0.0366517,0.0193317,-0.294011
-5.91837,0.0650215,-0.00418685,-0.0187695,-0.326641
-5.89569,0.0642831,0.0348042,-0.0137772,-0.291176
-5.87302,0.0635289,0.0441164,9.05771e-05,-0.298475
-5.85034,0.0627591,0.0451625,0.0354561,-0.146393
-5.82766,0.0619739,0.0190882,0.0168904,-0.13568
-5.80499,0.0611735,0.0193322,0.00905648,-0.246486
-5.78231,0.0603581,0.0180894,0.00644705,-0.29569
-5.75964,0.0595278,0.0526307,0.0127066,-0.188604
-5.73696,0.0586829,0.0137401,0.0411309,-0.115473
-5.71429,0.0578236,0.0077432,0.0182902,-0.189306
-5.69161,0.0569501,-0.0127239,-0.0157435,-0.282219
-5.66893,0.0560626,0.00977116,0.0262404,-0.218104
-5.64626,0.0551613,0.0813848,0.0488151,-0.131725
-5.62358,0.0542465,0.0405809,0.0607315,-0.0783679
-5.60091,0.0533183,0.0124515,0.0288585,-0.260089
-5.57823,0.0523771,0.0065013,0.000551466,-0.215506
-5.55556,0.051423,0.0544197,0.0725541,-0.0700004
-5.53288,0.0504563,-0.00672994,0.05756,-0.0606308
-5.5102,0.0494771,0.0376794,0.0578672,-0.0766519
-5.48753,0.0484859,0.0235946,0.0500037,-0.112785
-5.46485,0.0474827,0.0140235,0.0356031,-0.210283
-5.44218,0.0464678,0.0197613,0.0690526,-0.136856
-5.4195,0.0454416,-0.00649228,0.0539007,-0.205984
-5.39683,0.0444041,0.0260896,0.0522858,-0.193634
-5.37415,0.0433558,0.0511936,0.0359434,-0.152031
-5.35147,0.0422968,0.00411294,0.0559215,-0.156139
-5.3288,0.0412275,0.0362334,0.0458602,-0.0868503
-5.30612,0.040148,0.00291384,0.0647241,-0.0303779
-5.28345,0.0390586,-0.0167395,0.0455651,-0.0888357
-5.26077,0.0379597,0.0751217,0.0537621,-0.135641
-5.2381,0.0368514,0.0248415,0.071822,-0.0748276
-5.21542,0.0357341,-0.025967,0.0380914,-0.157505
-5.19274,0.034608,0.064607,0.0577182,-0.0314142
-5.17007,0.0334734,0.0290871,0.0627762,-0.0925117
-5.14739,0.0323305,-0.0121305,0.0863771,-0.02824
-5.12472,0.0311798,0.0547532,0.101391,0.0569039
-5.10204,0.0300214,0.0550737,0.0665924,0.0571982
-5.07937,0.0288556,0.0195634,0.0715643,-0.0918467
-5.05669,0.0276827,0.0393103,0.108688,0.0719372
-5.03401,0.026503,0.0845718,0.115535,0.0205479
-5.01134,0.0253168,0.0216489,0.0781308,0.0323102
-4.98866,0.0241244,0.0218751,0.0693955,-0.0508535
-4.96599,0.0229261,0.0664125,0.0935684,0.0260313
-4.94331,0.0217221,0.0315812,0.129122,0.105827
-4.92063,0.0205128,0.0990365,0.144308,0.120314
-4.89796,0.0192984,0.0546204,0.0841712,-0.0485258
-4.87528,0.0180794,0.0500765,0.111841,0.0786499
-4.85261,0.0168558,0.0340718,0.0959463,0.0106594
-4.82993,0.0156282,0.00170508,0.0758008,0.00866272
-4.80726,0.0143967,0.0727234,0.103158,0.0376418
-4.78458,0.0131616,0.063561,0.103224,0.109056
-4.7619,0.0119234,0.00529817,0.102791,0.112752
-4.73923,0.0106822,0.0177223,0.102763,0.0334981
-4.71655,0.00943836,0.0432849,0.0698014,0.0940082
-4.69388,0.00819222,0.0605326,0.1218,0.165474
-4.6712,0.00694407,0.0194011,0.0663378,-0.00783517
-4.64853,0.00569422,0.000841992,0.0700931,-0.00173159
-4.62585,0.00444296,0.00975806,0.101234,0.0995133
-4.60317,0.00319061,0.0298713,0.116735,0.195828
-4.5805,0.00193748,0.0271951,0.130333,0.203309
-4.55782,0.000683876,0.00111964,0.123398,0.124814
-4.53515,-0.000569899,0.0151056,0.101247,0.0957581
-4.51247,-0.00182353,0.00727893,0.0502864,0.0667786
-4.4898,-0.00307672,0.0614173,0.0831238,0.0555191
-4.46712,-0.00432915,0.0216676,0.143192,0.227954
-4.44444,-0.00558052,-0.0219116,0.108061,0.224235
-4.42177,-0.00683051,0.00560236,0.0602346,0.0587996
-4.39909,-0.00807883,0.0117363,0.0934976,0.156004
-4.37642,-0.00932517,0.0104383,0.037776,0.0756262
-4.35374,-0.0105692,-0.0208476,0.102342,0.163181
-4.33107,-0.0118107,0.00853477,0.0987301,0.164929
-4.30839,-0.0130492,0.00444907,0.0699515,0.153452
-4.28571,-0.0142846,-0.0200216,0.123851,0.224793
-4.26304,-0.0155164,-0.0572093,0.0792391,0.157732
-4.24036,-0.0167444,0.0202842,0.0916773,0.226155
-4.21769,-0.0179683,-0.00501997,0.12481,0.286752
-4.19501,-0.0191878,0.0090801,0.0587885,0.170886
-4.17234,-0.0204026,-0.0132469,0.119656,0.216536
-4.14966,-0.0216124,-0.0419003,0.0908571,0.162518
-4.12698,-0.0228168,-0.0134887,0.0832283,0.19784
-4.10431,-0.0240157,-0.0422061,0.0703693,0.194096
-4.08163,-0.0252087,-0.0654242,0.131801,0.249444
-4.05896,-0.0263954,-0.0402047,0.0697636,0.134968
-4.03628,-0.0275757,-0.00367146,0.116999,0.335013
-4.01361,-0.0287492,-0.0895546,0.0838752,0.242685
-3.99093,-0.0299157,-0.0569422,0.126687,0.29691
-3.96825,-0.0310748,-0.074042,0.121204,0.288628
-3.94558,-0.0322263,-0.0600938,0.0775629,0.322012
-3.9229,-0.0333698,-0.0864332,0.0883645,0.309182
-3.90023,-0.0345052,-0.0853002,0.124373,0.354125
-3.87755,-0.0356321,-0.054795,0.111647,0.336096
-3.85488,-0.0367502,-0.0722659,0.108801,0.377794
-3.8322,-0.0378593,-0.0379471,0.0705866,0.271134
-3.80952,-0.0389591,-0.0858667,0.0688211,0.225329
-3.78685,-0.0400493,-0.0654657,0.0416955,0.221486
-3.76417,-0.0411297,-0.115192,0.0573103,0.188848
-3.7415,-0.0422,-0.122028,0.0444322,0.216114
-3.71882,-0.04326,-0.00960534,0.08851,0.304519
-3.69615,-0.0443093,-0.14104,0.118152,0.36036
-3.67347,-0.0453477,-0.0432986,0.0520926,0.300793
-3.65079,-0.046375,-0.0951266,0.051567,0.304286
-3.62812,-0.0473909,-0.0869038,0.127778,0.349533
-3.60544,-0.0483952,-0.09958,0.107686,0.301953
-3.58277,-0.0493875,-0.0697491,0.109666,0.307297
-3.56009,-0.0503678,-0.101704,0.102936,0.374151
-3.53741,-0.0513356,-0.0697022,0.0745381,0.28981
-3.51474,-0.0522909,-0.125942,0.0445873,0.256917
-3.49206,-0.0532333,-0.0783384,0.171766,0.420446
-3.46939,-0.0541627,-0.0816726,0.0931961,0.400374
-3.44671,-0.0550787,-0.123026,0.0926525,0.249228
-3.42404,-0.0559812,-0.154607,0.122544,0.418072
-3.40136,-0.05687,-0.0212937,0.107895,0.408812
-3.37868,-0.0577448,-0.131928,0.153193,0.424492
-3.35601,-0.0586054,-0.10338,0.058278,0.275676
-3.33333,-0.0594516,-0.0764383,0.0883056,0.318955
-3.31066,-0.0602832,-0.112666,0.119146,0.293985
-3.28798,-0.0611,-0.0871452,0.0930651,0.360731
-3.26531,-0.0619018,-0.131811,0.0660137,0.31352
-3.24263,-0.0626884,-0.107708,0.0153547,0.279982
-3.21995,-0.0634596,-0.0672747,0.17168,0.412076
-3.19728,-0.0642152,-0.114397,0.0653263,0.311772
-3.1746,-0.064955,-0.157883,0.0989313,0.330338
-3.15193,-0.0656789,-0.169658,0.057333,0.265517
-3.12925,-0.0663867,-0.0694526,0.126971,0.456175
-3.10658,-0.0670781,-0.161075,0.0930617,0.3489
-3.0839,-0.0677531,-0.100169,0.109871,0.478713
-3.06122,-0.0684114,-0.126952,0.124856,0.457056
-3.03855,-0.0690529,-0.174986,0.0995503,0.294812
-3.01587,-0.0696775,-0.133297,0.0930502,0.313072
-2.9932,-0.070285,-0.159378,0.0802357,0.290041
-2.97052,-0.0708752,-0.112154,0.0922775,0.40073
-2.94785,-0.0714479,-0.229484,0.0923041,0.345288
-2.92517,-0.0720032,-0.131957,0.107275,0.363625
-2.90249,-0.0725407,-0.185938,0.149394,0.382294
-2.87982,-0.0730604,-0.152988,0.150916,0.484298
-2.85714,-0.0735622,-0.15563,0.10605,0.496054
-2.83447,-0.0740459,-0.182348,0.110133,0.367139
-2.81179,-0.0745115,-0.115119,0.0981467,0.32226
-2.78912,-0.0749587,-0.249883,0.0365637,0.31816
-2.76644,-0.0753875,-0.163119,0.103086,0.375334
-2.74376,-0.0757978,-0.125724,0.125641,0.34005
-2.72109,-0.0761895,-0.213803,0.151932,0.435525
-2.69841,-0.0765625,-0.179429,0.0385161,0.385327
-2.67574,-0.0769166,-0.149097,0.0836578,0.362218
-2.65306,-0.0772519,-0.160185,0.108371,0.479904
-2.63039,-0.0775682,-0.188367,0.0667364,0.308494
-2.60771,-0.0778654,-0.219853,0.116395,0.383261
-2.58503,-0.0781436,-0.216904,0.126475,0.399939
-2.56236,-0.0784025,-0.20483,0.0848824,0.318502
-2.53968,-0.0786422,-0.198851,0.0743245,0.441508
-2.51701,-0.0788625,-0.227083,0.0807092,0.308354
-2.49433,-0.0790635,-0.206092,0.101435,0.377663
-2.47166,-0.0792451,-0.199439,0.118104,0.360912
-2.44898,-0.0794072,-0.23303,0.0563278,0.350644
-2.4263,-0.0795498,-0.211541,0.150638,0.473454
-2.40363,-0.0796728,-0.252816,0.0593119,0.31775
-2.38095,-0.0797763,-0.222268,0.095989,0.419878
-2.35828,-0.0798602,-0.158492,0.128138,0.445692
-2.3356,-0.0799245,-0.19143,0.0399238,0.331011
-2.31293,-0.0799691,-0.250773,0.0861935,0.38784
-2.29025,-0.0799941,-0.20414,0.138014,0.457743
-2.26757,-0.0799995,-0.251533,0.0159318,0.302724
-2.2449,-0.0799852,-0.243063,0.116318,0.405196
-2.22222,-0.0799513,-0.24421,0.0654762,0.370343
-2.19955,-0.0798977,-0.296263,0.0672153,0.297796
-2.17687,-0.0798245,-0.254624,0.132032,0.488481
-2.1542,-0.0797317,-0.178864,0.107551,0.391562
-2.13152,-0.0796193,-0.204522,0.112168,0.395315
-2.10884,-0.0794874,-0.289252,0.000204284,0.291171
-2.08617,-0.0793359,-0.29262,0.0540436,0.366864
-2.06349,-0.0791649,-0.219137,0.10712,0.413869
-2.04082,-0.0789745,-0.281779,0.0871677,0.365022
-2.01814,-0.0787647,-0.237031,0.0933755,0.462066
-1.99546,-0.0785356,-0.232479,0.0315697,0.299276
-1.97279,-0.0782872,-0.217166,0.135596,0.477929
-1.95011,-0.0780195,-0.282788,0.0150045,0.348592
-1.92744,-0.0777327,-0.271259,0.0274725,0.288961
-1.90476,-0.0774268,-0.276741,0.0984228,0.359006
-1.88209,-0.0771018,-0.246183,0.0101,0.264887
-1.85941,-0.076758,-0.238807,0.044569,0.34571
-1.83673,-0.0763953,-0.287821,0.0181874,0.357374
-1.81406,-0.0760138,-0.275912,0.0166727,0.305886
-1.79138,-0.0756136,-0.269732,-0.0494123,0.248343
-1.76871,-0.0751949,-0.284488,0.0410291,0.431843
-1.74603,-0.0747577,-0.239538,0.0933078,0.416787
-1.72336,-0.0743021,-0.333152,-0.0316349,0.251608
-1.70068,-0.0738283,-0.295464,-0.0146999,0.254031
-1.678,-0.0733364,-0.214259,0.0333438,0.420495
-1.65533,-0.0728264,-0.232091,0.0471329,0.379175
-1.63265,-0.0722986,-0.359323,-0.0353862,0.324083
-1.60998,-0.071753,-0.29941,-0.0159757,0.262239
-1.5873,-0.0711897,-0.308294,0.0276348,0.372187
-1.56463,-0.070609,-0.35497,-0.079111,0.219017
-1.54195,-0.070011,-0.29519,0.00237818,0.322592
-1.51927,-0.0693957,-0.31788,0.0342966,0.367097
-1.4966,-0.0687634,-0.329968,-0.00507862,0.330011
-1.47392,-0.0681143,-0.381398,-0.0635425,0.302495
-1.45125,-0.0674483,-0.282051,0.0740015,0.351401
-1.42857,-0.0667659,-0.292608,-0.00229324,0.345142
-1.4059,-0.066067,-0.338229,-0.0524599,0.26021
-1.38322,-0.0653519,-0.27983,-0.0596733,0.274087
-1.36054,-0.0646207,-0.31249,-0.0395776,0.268025
-1.33787,-0.0638737,-0.282586,0.0466659,0.397193
-1.31519,-0.063111,-0.346521,-0.0758473,0.184958
-1.29252,-0.0623327,-0.334261,-0.110346,0.184608
-1.26984,-0.0615392,-0.29007,-0.120833,0.210815
-1.24717,-0.0607306,-0.313979,0.00529957,0.380544
-1.22449,-0.059907,-0.319346,-0.0784125,0.28758
-1.20181,-0.0590687,-0.319712,-0.103507,0.241613
-1.17914,-0.058216,-0.365654,-0.0992363,0.260982
-1.15646,-0.0573489,-0.311853,-0.130374,0.163227
-1.13379,-0.0564677,-0.312189,-0.0773639,0.259497
-1.11111,-0.0555727,-0.326257,-0.166533,0.233422
-1.08844,-0.054664,-0.320266,-0.18499,0.1821
-1.06576,-0.0537419,-0.347662,-0.10427,0.229275
-1.04308,-0.0528066,-0.353524,-0.0841417,0.272291
-1.02041,-0.0518583,-0.317657,-0.145884,0.174619
-0.997732,-0.0508973,-0.289834,-0.168197,0.156748
-0.975057,-0.0499237,-0.432479,-0.194789,0.153276
-0.952381,-0.0489379,-0.342901,-0.197502,0.139756
-0.929705,-0.0479401,-0.340493,-0.194591,0.148307
-0.907029,-0.0469306,-0.245198,-0.0781414,0.292574
-0.884354,-0.0459095,-0.294597,-0.141942,0.247267
-0.861678,-0.0448771,-0.373096,-0.137532,0.244946
-0.839002,-0.0438337,-0.337176,-0.247518,0.125019
-0.816327,-0.0427795,-0.304032,-0.193221,0.140056
-0.793651,-0.0417148,-0.38074,-0.249234,0.126485
-0.770975,-0.0406399,-0.28088,-0.10162,0.244976
-0.748299,-0.039555,-0.392993,-0.14973,0.277046
-0.725624,-0.0384604,-0.277069,-0.190924,0.154358
-0.702948,-0.0373563,-0.307077,-0.186489,0.173117
-0.680272,-0.0362431,-0.314622,-0.22163,0.211418
-0.657596,-0.0351209,-0.284693,-0.187483,0.198645
-0.634921,-0.0339901,-0.33956,-0.238162,0.188845
-0.612245,-0.032851,-0.344502,-0.318244,0.0437687
-0.589569,-0.0317038,-0.334692,-0.20614,0.137113
-0.566893,-0.0305488,-0.325465,-0.300876,0.0481271
-0.544218,-0.0293864,-0.407173,-0.298892,0.0241134
-0.521542,-0.0282167,-0.388154,-0.309714,0.155786
-0.498866,-0.02704,-0.285497,-0.315688,0.0649904
-0.47619,-0.0258568,-0.362591,-0.33612,0.0458471
-0.453515,-0.0246672,-0.308665,-0.2645,0.0822429
-0.430839,-0.0234715,-0.322682,-0.351186,0.0310518
-0.408163,-0.02227,-0.256058,-0.357533,0.0829209
-0.385488,-0.0210631,-0.304217,-0.260929,0.131824
-0.362812,-0.019851,-0.369281,-0.369936,0.0217275
-0.340136,-0.0186341,-0.355289,-0.39709,0.0113001
-0.31746,-0.0174125,-0.310163,-0.248973,0.146379
-0.294785,-0.0161867,-0.30906,-0.40009,0.00477054
-0.272109,-0.0149569,-0.311474,-0.409023,-0.0167972
-0.249433,-0.0137234,-0.337228,-0.428177,-0.050102
-0.226757,-0.0124866,-0.308105,-0.323135,0.0696682
-0.204082,-0.0112467,-0.343186,-0.458219,-0.0621066
-0.181406,-0.010004,-0.234689,-0.358733,0.0695018
-0.15873,-0.00875892,-0.301669,-0.485145,-0.0724486
-0.136054,-0.00751164,-0.251994,-0.4364,-0.0714593
-0.113379,-0.00626252,-0.327901,-0.443898,-0.0463388
-0.0907029,-0.00501187,-0.259878,-0.423504,0.00720264
-0.0680272,-0.00375998,-0.326158,-0.453491,-0.0710075
-0.0453515,-0.00250716,-0.303549,-0.445528,-0.0721724
-0.0226757,-0.00125374,-0.225109,-0.399972,0.0444544
0,-0.0959195,-0.24651,-0.416977,-0.0724773
0.0226757,-0.0883156,-0.223292,-0.548389,-0.0736924
0.0453515,0.0253743,-0.27114,-0.417558,0.0969415
0.0680272,0.0520839,-0.253739,-0.552027,-0.135673
0.0907029,0.115459,-0.232397,-0.438054,0.0576186
0.113379,-0.0357168,-0.230223,-0.490073,-0.114345
0.136054,0.0492932,-0.211925,-0.515418,-0.0829521
0.15873,0.0680942,-0.194637,-0.433645,0.0126986
0.181406,0.0859366,-0.219586,-0.552551,-0.144689
0.204082,0.13168,-0.263218,-0.506463,-0.102277
0.226757,-0.00878645,-0.182191,-0.416528,0.0337831
0.249433,0.140234,-0.228063,-0.455128,-0.0711697
0.272109,0.192842,-0.194695,-0.443193,-0.0757157
0.294785,0.0225947,-0.130754,-0.530812,-0.0864182
0.31746,0.155936,-0.254944,-0.501135,-0.0872847
0.340136,0.116199,-0.212639,-0.519649,-0.0918205
0.362812,0.111531,-0.218685,-0.522922,-0.0886285
0.385488,0.2322,-0.253352,-0.547262,-0.110738
0.408163,0.129548,-0.0893514,-0.528195,-0.109112
0.430839,0.246868,-0.153546,-0.535296,-0.0986587
0.453515,0.263005,-0.186925,-0.562754,-0.115497
0.47619,0.204926,-0.239705,-0.576471,-0.131482
0.498866,0.16464,-0.116382,-0.59017,-0.117634
0.521542,0.187878,-0.138771,-0.504765,-0.132381
0.544218,0.153139,-0.130125,-0.505075,-0.138698
0.566893,0.188086,-0.103934,-0.598661,-0.140736
0.589569,0.246185,-0.117447,-0.562347,-0.151047
0.612245,0.14983,-0.102614,-0.5559,-0.153004
0.634921,0.14412,-0.0986933,-0.602615,-0.173497
0.657596,0.304449,-0.0527719,-0.520131,-0.157385
0.680272,0.203717,-0.0906891,-0.603407,-0.168112
0.702948,0.150256,-0.0133233,-0.505805,-0.170061
0.725624,0.248756,0.0412868,-0.610127,-0.176339
0.748299,0.221881,-0.0212606,-0.556337,-0.181469
0.770975,0.285406,0.0262767,-0.559314,-0.19319
0.793651,0.370467,-0.0138733,-0.610744,-0.179303
0.816327,0.188245,-0.0720105,-0.615296,-0.20078
0.839002,0.34818,-0.0201267,-0.579798,-0.191788
0.861678,0.259689,0.0526607,-0.526013,-0.203727
0.884354,0.270411,0.00611577,-0.599121,-0.202568
0.907029,0.404058,0.0390736,-0.486023,-0.199206
0.929705,0.329233,-0.010613,-0.553933,-0.207459
0.952381,0.360055,0.0441842,-0.56977,-0.219723
0.975057,0.364659,0.0665237,-0.567097,-0.198342
0.997732,0.364539,0.0207249,-0.615664,-0.222536
1.02041,0.278621,0.130284,-0.582706,-0.217771
1.04308,0.438622,0.0374569,-0.595397,-0.242129
1.06576,0.412655,0.0258974,-0.64024,-0.24686
1.08844,0.356866,0.0372826,-0.563864,-0.243912
1.11111,0.41679,0.121008,-0.56143,-0.235632
1.13379,0.344129,0.110805,-0.539486,-0.237287
1.15646,0.426343,0.0525477,-0.562939,-0.243477
1.17914,0.404977,0.163416,-0.547672,-0.262044
1.20181,0.44792,0.19158,-0.55599,-0.24601
1.22449,0.389965,0.111909,-0.499107,-0.2675
1.24717,0.348306,0.25757,-0.523213,-0.258642
1.26984,0.40411,0.148217,-0.566463,-0.269011
1.29252,0.452609,0.217268,-0.515515,-0.280393
1.31519,0.427864,0.197888,-0.544371,-0.28911
1.33787,0.503537,0.184179,-0.533651,-0.283239
1.36054,0.412559,0.156452,-0.5966,-0.291076
1.38322,0.524514,0.229293,-0.519679,-0.287161
1.4059,0.492888,0.258245,-0.508608,-0.292802
1.42857,0.377965,0.248057,-0.572906,-0.298733
1.45125,0.491289,0.264961,-0.517597,-0.298709
1.47392,0.429048,0.285749,-0.519975,-0.297908
1.4966,0.435323,0.189481,-0.541448,-0.30913
1.51927,0.526867,0.240114,-0.574733,-0.297031
1.54195,0.532024,0.342692,-0.494826,-0.299664
1.56463,0.412282,0.334147,-0.478899,-0.30406
1.5873,0.405116,0.37336,-0.433671,-0.303163
1.60998,0.466288,0.234152,-0.489478,-0.306452
1.63265,0.564436,0.365555,-0.475065,-0.301992
1.65533,0.538167,0.283828,-0.479762,-0.319325
1.678,0.504479,0.331566,-0.477284,-0.29472
1.70068,0.45059,0.314124,-0.490254,-0.334265
1.72336,0.483062,0.368926,-0.490604,-0.319814
1.74603,0.582192,0.349894,-0.499287,-0.336146
1.76871,0.574269,0.366196,-0.351949,-0.325376
1.79138,0.489261,0.335826,-0.43962,-0.339001
1.81406,0.584572,0.403655,-0.413738,-0.320301
1.83673,0.559627,0.376345,-0.391297,-0.332203
1.85941,0.529803,0.447609,-0.418019,-0.321027
1.88209,0.606111,0.359996,-0.429679,-0.340107
1.90476,0.556017,0.422365,-0.410837,-0.322422
1.92744,0.616445,0.350563,-0.382252,-0.339684
1.95011,0.51169,0.390625,-0.481123,-0.333232
1.97279,0.593967,0.396551,-0.438741,-0.354227
1.99546,0.60467,0.521319,-0.408201,-0.348933
2.01814,0.461082,0.495087,-0.4179,-0.337574
2.04082,0.567346,0.492283,-0.358847,-0.337731
2.06349,0.56801,0.371607,-0.42936,-0.347758
2.08617,0.470103,0.413068,-0.426632,-0.358432
2.10884,0.565125,0.479232,-0.446229,-0.350358
2.13152,0.628783,0.410529,-0.379081,-0.352764
2.1542,0.470861,0.499649,-0.38942,-0.358368
2.17687,0.50911,0.540468,-0.33096,-0.34131
2.19955,0.61108,0.370702,-0.416456,-0.330574
2.22222,0.602322,0.56842,-0.334081,-0.343689
2.2449,0.532558,0.450663,-0.338145,-0.3415
2.26757,0.494106,0.533615,-0.349587,-0.34737
2.29025,0.515337,0.466103,-0.356256,-0.352501
2.31293,0.63584,0.51399,-0.338956,-0.356184
2.3356,0.538535,0.567148,-0.32884,-0.343898
2.35828,0.615633,0.523683,-0.258617,-0.345046
2.38095,0.604447,0.475654,-0.380705,-0.353048
2.40363,0.479185,0.540185,-0.320256,-0.351614
2.4263,0.608736,0.480261,-0.361067,-0.350677
2.44898,0.629589,0.496414,-0.284317,-0.349242
2.47166,0.572855,0.532189,-0.337901,-0.364501
2.49433,0.503374,0.537226,-0.27394,-0.34061
2.51701,0.640987,0.510239,-0.334942,-0.3554
2.53968,0.539802,0.581021,-0.248456,-0.37171
2.56236,0.50019,0.502919,-0.239705,-0.35582
2.58503,0.594213,0.595984,-0.309139,-0.347033
2.60771,0.621751,0.527648,-0.299436,-0.331737
2.63039,0.656598,0.492637,-0.198873,-0.351607
2.65306,0.456264,0.545846,-0.344817,-0.34042
2.67574,0.585948,0.595284,-0.198768,-0.326185
2.69841,0.457388,0.60141,-0.320512,-0.339477
2.72109,0.521948,0.593191,-0.205827,-0.341466
2.74376,0.47188,0.522964,-0.222458,-0.334257
2.76644,0.550585,0.558244,-0.231271,-0.338767
2.78912,0.629052,0.49307,-0.250595,-0.332869
2.81179,0.641864,0.550438,-0.224528,-0.342275
2.83447,0.503594,0.514385,-0.243617,-0.324994
2.85714,0.508499,0.555881,-0.213168,-0.339174
2.87982,0.624344,0.5652,-0.161491,-0.327403
2.90249,0.616628,0.600606,-0.152674,-0.332792
2.92517,0.470542,0.470275,-0.203691,-0.319445
2.94785,0.575954,0.527334,-0.186269,-0.33085
2.97052,0.548844,0.624162,-0.161838,-0.330578
2.9932,0.509507,0.502572,-0.142296,-0.334386
3.01587,0.491463,0.522214,-0.137343,-0.31752
3.03855,0.615167,0.597183,-0.209917,-0.312539
3.06122,0.570661,0.581835,-0.136564,-0.32644
3.0839,0.544571,0.539655,-0.157639,-0.325631
3.10658,0.500047,0.483681,-0.123614,-0.307191
3.12925,0.502529,0.629632,-0.140816,-0.303348
3.15193,0.501102,0.56636,-0.0544348,-0.289005
3.1746,0.47423,0.613639,-0.074519,-0.291376
3.19728,0.466717,0.542503,-0.0949509,-0.306228
3.21995,0.580621,0.482366,-0.0820353,-0.296528
3.24263,0.46461,0.60913,-0.120077,-0.304523
3.26531,0.40713,0.60279,-0.0538238,-0.285192
3.28798,0.504995,0.519901,-0.0199095,-0.261406
3.31066,0.509642,0.648513,-0.052869,-0.276809
3.33333,0.461079,0.578726,-0.0238287,-0.292433
3.35601,0.537023,0.61505,-0.0420271,-0.266698
3.37868,0.390558,0.633915,-0.0458392,-0.277874
3.40136,0.383878,0.62717,-0.0353982,-0.277941
3.42404,0.47368,0.537441,-0.105815,-0.277927
3.44671,0.463232,0.601441,0.0158452,-0.262945
3.46939,0.471105,0.51411,-0.00633355,-0.266038
3.49206,0.428827,0.602511,0.00560157,-0.260632
3.51474,0.425318,0.607375,0.105849,-0.237977
3.53741,0.443358,0.564644,-0.0452582,-0.257403
3.56009,0.395187,0.553686,-0.0490907,-0.247896
3.58277,0.444627,0.564477,0.0935371,-0.242505
3.60544,0.336846,0.620654,0.011867,-0.249859
3.62812,0.36882,0.58969,0.062101,-0.25036
3.65079,0.338091,0.52658,0.130875,-0.231435
3.67347,0.411386,0.524651,-0.0148577,-0.242415
3.69615,0.290164,0.620544,0.0312822,-0.218818
3.71882,0.303887,0.555601,0.112118,-0.215187
3.7415,0.452933,0.599423,0.0997575,-0.233626
3.76417,0.322054,0.509062,0.109118,-0.204412
3.78685,0.449323,0.532479,0.15574,-0.199814
3.80952,0.278802,0.535989,0.155638,-0.212229
3.8322,0.325055,0.515482,0.0904648,-0.215545
3.85488,0.358464,0.515599,0.123224,-0.199698
3.87755,0.242766,0.609744,0.171584,-0.192134
3.90023,0.277636,0.612512,0.165445,-0.175759
3.9229,0.257887,0.594186,0.167742,-0.204924
3.94558,0.376156,0.585943,0.203695,-0.176624
3.96825,0.259822,0.585676,0.164773,-0.187315
3.99093,0.211495,0.606453,0.197683,-0.165775
4.01361,0.268362,0.546575,0.207415,-0.180951
4.03628,0.313617,0.550077,0.134265,-0.182114
4.05896,0.264588,0.547964,0.194267,-0.152694
4.08163,0.3177,0.531338,0.25853,-0.155695
4.10431,0.320036,0.539547,0.168516,-0.17539
4.12698,0.191563,0.498833,0.240863,-0.139081
4.14966,0.180313,0.499673,0.265643,-0.156667
4.17234,0.275571,0.526094,0.264799,-0.148364
4.19501,0.172026,0.537504,0.278781,-0.133069
4.21769,0.21788,0.513856,0.287424,-0.143507
4.24036,0.147417,0.500741,0.297529,-0.154358
4.26304,0.179438,0.571004,0.228115,-0.124948
4.28571,0.27189,0.52786,0.259481,-0.117519
4.30839,0.163859,0.507452,0.328608,-0.13351
4.33107,0.208272,0.497601,0.276567,-0.126018
4.35374,0.159498,0.502729,0.314685,-0.102347
4.37642,0.170586,0.5355,0.352278,-0.087194
4.39909,0.227338,0.499018,0.25901,-0.105586
4.42177,0.221862,0.424617,0.322373,-0.0836982
4.44444,0.0911612,0.419108,0.312906,-0.0923287
4.46712,0.187614,0.404958,0.350102,-0.0688947
4.4898,0.248394,0.430049,0.333943,-0.0996578
4.51247,0.0614465,0.38391,0.273943,-0.0967991
4.53515,0.0834824,0.494386,0.447669,-0.0565753
4.55782,0.104491,0.473455,0.408956,-0.0705024
4.5805,0.193189,0.457126,0.27066,-0.101879
4.60317,0.198366,0.428862,0.440471,-0.053936
4.62585,0.0873321,0.421214,0.245655,-0.0675209
4.64853,0.114661,0.451149,0.357707,-0.0608751
4.6712,0.0716086,0.480794,0.392366,-0.0218867
4.69388,0.0251001,0.428421,0.399063,-0.0450051
4.71655,0.0139124,0.345557,0.368849,-0.0495989
4.73923,0.107979,0.324123,0.297026,-0.0608498
4.7619,0.104316,0.443977,0.357834,-0.026282
4.78458,0.120707,0.41235,0.479223,-0.00774749
4.80726,0.00425159,0.446024,0.468323,-0.0343505
4.82993,0.0178949,0.343673,0.309813,-0.0121557
4.85261,0.00484306,0.440429,0.432439,-0.0227515
4.87528,0.111774,0.436063,0.402695,-0.00869393
4.89796,-0.0596999,0.32531,0.385103,-0.0101194
4.92063,0.00945095,0.333546,0.453286,-0.0116525
4.94331,0.0923486,0.403066,0.412565,-0.00519094
4.96599,0.0320011,0.355717,0.37838,0.0233368
4.98866,-0.0617472,0.386769,0.527143,0.0146347
5.01134,-0.0637729,0.35275,0.510441,0.023898
5.03401,0.000660306,0.328764,0.496164,0.0372588
5.05669,-0.0664615,0.35583,0.43255,0.0440299
5.07937,0.0147228,0.25622,0.466523,0.0323919
5.10204,-0.0556426,0.324291,0.46052,0.0444818
5.12472,-0.00076431,0.288126,0.514863,0.0321562
5.14739,-0.0467892,0.239415,0.373133,0.043222
5.17007,-0.0336077,0.380173,0.544584,0.0598982
5.19274,-0.0482592,0.244974,0.453972,0.0668449
5.21542,-0.00834018,0.305665,0.427032,0.057378
5.2381,-0.113253,0.27567,0.437829,0.0508933
5.26077,-0.0462356,0.272359,0.545108,0.0572386
5.28345,-0.219427,0.266794,0.415129,0.070851
5.30612,-0.0926924,0.195637,0.538801,0.104159
5.3288,-0.225854,0.266307,0.478219,0.0875678
5.35147,-0.070358,0.267317,0.511733,0.0887379
5.37415,-0.228678,0.135289,0.500284,0.105082
5.39683,-0.148205,0.279648,0.536712,0.112372
5.4195,-0.150707,0.333862,0.493036,0.078064
5.44218,-0.0970421,0.148584,0.531273,0.10766
5.46485,-0.243723,0.234084,0.453522,0.0839486
5.48753,-0.168155,0.199276,0.476856,0.112581
5.5102,-0.143031,0.147359,0.547071,0.119495
5.53288,-0.121418,0.238456,0.443387,0.129849
5.55556,-0.279211,0.150058,0.479511,0.134304
5.57823,-0.279809,0.207124,0.472833,0.126342
5.60091,-0.20964,0.20913,0.59302,0.120711
5.62358,-0.236273,0.15269,0.547537,0.126006
5.64626,-0.269666,0.0391368,0.422101,0.137332
5.66893,-0.223854,0.159832,0.585728,0.140158
5.69161,-0.247799,0.11892,0.560495,0.123152
5.71429,-0.21841,0.250131,0.564847,0.151081
5.73696,-0.248478,0.0207689,0.400303,0.156533
5.75964,-0.31254,0.109841,0.503512,0.156523
5.78231,-0.307319,0.122525,0.580959,0.176314
5.80499,-0.217169,0.147081,0.525187,0.144478
5.82766,-0.354826,0.0282812,0.525396,0.154614
5.85034,-0.250907,0.140216,0.580827,0.178993
5.87302,-0.372774,0.0607706,0.497183,0.175267
5.89569,-0.30446,0.0750022,0.571515,0.197063
5.91837,-0.340405,0.0782076,0.624269,0.197055
5.94104,-0.355477,0.0853005,0.509545,0.201039
5.96372,-0.412707,0.0587661,0.55926,0.211357
5.98639,-0.395698,0.0390148,0.497095,0.17863
6.00907,-0.397829,0.0725757,0.486683,0.214783
6.03175,-0.254776,0.0844734,0.564793,0.200694
6.05442,-0.392703,0.0567188,0.509714,0.226532
6.0771,-0.401011,0.044551,0.45357,0.207031
6.09977,-0.282595,0.00515277,0.537186,0.23865
6.12245,-0.306074,-0.0208588,0.486185,0.235728
6.14512,-0.299207,0.020462,0.564603,0.225712
6.1678,-0.416101,0.00996306,0.56861,0.215953
6.19048,-0.450472,0.00794877,0.500388,0.22017
6.21315,-0.312703,-0.0695847,0.569245,0.235825
6.23583,-0.370957,-0.0767785,0.459869,0.228695
6.2585,-0.312123,-0.000189619,0.44749,0.250019
6.28118,-0.482196,-0.0447984,0.518214,0.258651
6.30385,-0.476342,0.0225607,0.602447,0.248102
6.32653,-0.484907,-0.166318,0.502142,0.259352
6.34921,-0.433959,-0.00574076,0.495554,0.262066
6.37188,-0.417343,-0.109045,0.494084,0.260503
6.39456,-0.468635,-0.104226,0.518083,0.266748
6.41723,-0.393523,-0.0848802,0.530783,0.264674
6.43991,-0.46628,-0.197157,0.411545,0.265681
6.46259,-0.369264,-0.110198,0.505928,0.266476
6.48526,-0.456523,-0.0855582,0.579084,0.262151
6.50794,-0.460316,-0.137673,0.496016,0.247275
6.53061,-0.476738,-0.129984,0.509967,0.240981
6.55329,-0.542937,-0.157213,0.489466,0.273091
6.57596,-0.465656,-0.192727,0.397265,0.272292
6.59864,-0.490496,-0.158886,0.486377,0.28188
6.62132,-0.495695,-0.177986,0.486548,0.283628
6.64399,-0.527636,-0.198112,0.460462,0.287837
6.66667,-0.416273,-0.105503,0.393188,0.269497
6.68934,-0.403612,-0.207224,0.428353,0.28981
6.71202,-0.541846,-0.122067,0.534617,0.269163
6.73469,-0.48627,-0.235361,0.447523,0.277328
6.75737,-0.515914,-0.170935,0.414203,0.275433
6.78005,-0.445069,-0.258105,0.345549,0.295845
6.80272,-0.553111,-0.244641,0.431041,0.305468
6.8254,-0.413288,-0.338868,0.41169,0.285276
6.84807,-0.44334,-0.180748,0.47129,0.290113
6.87075,-0.583377,-0.109039,0.470821,0.33068
6.89342,-0.432185,-0.33887,0.435919,0.298509
6.9161,-0.582997,-0.202898,0.437918,0.268769
6.93878,-0.508047,-0.152757,0.429493,0.288372
6.96145,-0.490022,-0.247025,0.423397,0.31529
6.98413,-0.566101,-0.259451,0.419631,0.283172
7.0068,-0.460204,-0.205852,0.432435,0.304928
7.02948,-0.519735,-0.263896,0.427503,0.286711
7.05215,-0.448834,-0.327714,0.365864,0.289858
7.07483,-0.529201,-0.243578,0.446001,0.289248
7.09751,-0.495021,-0.369275,0.41611,0.306415
7.12018,-0.452112,-0.26685,0.433938,0.301723
7.14286,-0.49171,-0.290111,0.393192,0.287972
7.16553,-0.428872,-0.281692,0.401914,0.322953
7.18821,-0.573736,-0.329908,0.385116,0.30566
7.21088,-0.535413,-0.331525,0.391866,0.31601
7.23356,-0.607591,-0.250479,0.332206,0.321263
7.25624,-0.503435,-0.331859,0.295285,0.2728
7.27891,-0.447608,-0.304891,0.277595,0.309362
7.30159,-0.562004,-0.353947,0.232871,0.292231
7.32426,-0.421549,-0.399673,0.322359,0.28155
7.34694,-0.53156,-0.288016,0.363052,0.313622
7.36961,-0.611467,-0.361988,0.311354,0.30967
7.39229,-0.539442,-0.314952,0.299349,0.307781
7.41497,-0.49087,-0.368494,0.343269,0.30453
7.43764,-0.56257,-0.333476,0.34038,0.307146
7.46032,-0.453996,-0.402889,0.21991,0.292558
7.48299,-0.575382,-0.268249,0.279822,0.299236
7.50567,-0.515003,-0.469827,0.302572,0.307829
7.52834,-0.427031,-0.376318,0.282595,0.311212
7.55102,-0.451567,-0.426602,0.220191,0.307893
7.5737,-0.428679,-0.252232,0.36537,0.323259
7.59637,-0.506247,-0.389761,0.323638,0.290102
7.61905,-0.436979,-0.353158,0.348314,0.299328
7.64172,-0.527505,-0.468871,0.23202,0.306304
7.6644,-0.511091,-0.346712,0.321178,0.274935
7.68707,-0.518065,-0.507005,0.219364,0.297783
7.70975,-0.435176,-0.448593,0.188991,0.282255
7.73243,-0.448658,-0.38584,0.281239,0.296936
7.7551,-0.473936,-0.420208,0.227587,0.288751
7.77778,-0.477881,-0.453228,0.309655,0.282231
7.80045,-0.502768,-0.317582,0.249354,0.289791
7.82313,-0.481147,-0.381613,0.262837,0.293845
7.8458,-0.464083,-0.305643,0.246798,0.283586
7.86848,-0.421245,-0.460022,0.0827487,0.275083
7.89116,-0.584707,-0.463237,0.0907261,0.273014
7.91383,-0.477167,-0.409492,0.190471,0.294205
7.93651,-0.483657,-0.497924,0.0836768,0.282778
7.95918,-0.574249,-0.409351,0.171093,0.283087
7.98186,-0.442327,-0.40932,0.224708,0.306321
8.00454,-0.514727,-0.481133,0.149668,0.3023
8.02721,-0.437833,-0.47988,0.168561,0.254551
8.04989,-0.481047,-0.411718,0.24894,0.269897
8.07256,-0.492447,-0.347751,0.122617,0.292504
8.09524,-0.562183,-0.435179,0.126697,0.265712
8.11791,-0.405082,-0.542219,0.042739,0.269884
8.14059,-0.523377,-0.495002,-0.0325495,0.274143
8.16327,-0.442365,-0.353689,0.216565,0.271246
8.18594,-0.389458,-0.469665,0.0419546,0.279324
8.20862,-0.414261,-0.452744,0.0595688,0.247727
8.23129,-0.528949,-0.594488,0.0426196,0.264948
8.25397,-0.380129,-0.417749,0.028953,0.260364
8.27664,-0.497813,-0.400941,0.143202,0.262988
8.29932,-0.362913,-0.493598,0.155263,0.257424
8.322,-0.515569,-0.482284,0.018015,0.282853
8.34467,-0.329459,-0.55451,0.0247565,0.233225
8.36735,-0.390055,-0.51831,-0.0340349,0.234133
8.39002,-0.461147,-0.367003,-0.0146135,0.225558
8.4127,-0.367887,-0.470444,0.0574854,0.238026
8.43537,-0.428685,-0.461524,-0.0646923,0.215241
8.45805,-0.453037,-0.38202,-0.00341068,0.228494
8.48073,-0.335485,-0.417974,0.0352947,0.237913
8.5034,-0.393634,-0.504119,-0.0365085,0.220005
8.52608,-0.443091,-0.479215,-0.0877747,0.231131
8.54875,-0.474348,-0.42528,0.0532176,0.239547
8.57143,-0.277045,-0.504536,-0.02504,0.211116
8.5941,-0.456228,-0.419852,0.0629769,0.231341
8.61678,-0.270032,-0.462529,-0.0824866,0.208179
8.63946,-0.365056,-0.415147,-0.00432267,0.217867
8.66213,-0.268429,-0.505904,-0.16257,0.189508
8.68481,-0.330619,-0.445445,0.0434332,0.191245
8.70748,-0.246191,-0.493289,-0.247444,0.191423
8.73016,-0.410378,-0.506242,-0.106058,0.212378
8.75283,-0.373702,-0.434587,-0.0388707,0.189155
8.77551,-0.279252,-0.412642,0.00417178,0.188247
8.79819,-0.41637,-0.489318,-0.202969,0.175815
8.82086,-0.320152,-0.506835,-0.142497,0.183427
8.84354,-0.225833,-0.3177,-0.125493,0.183712
8.86621,-0.395028,-0.458558,-0.0960295,0.175384
8.88889,-0.273172,-0.494342,-0.232394,0.14836
8.91156,-0.301,-0.372391,-0.182713,0.174797
8.93424,-0.295968,-0.502837,-0.209445,0.147829
8.95692,-0.208123,-0.535037,-0.200497,0.153065
8.97959,-0.226963,-0.431971,-0.247277,0.160657
9.00227,-0.322031,-0.397212,-0.0941529,0.154865
9.02494,-0.178913,-0.403355,-0.188783,0.178763
9.04762,-0.203555,-0.414203,-0.160459,0.143827
9.07029,-0.215475,-0.500899,-0.231727,0.15147
9.09297,-0.295986,-0.252967,-0.105516,0.171572
9.11565,-0.279212,-0.41257,-0.30089,0.130308
9.13832,-0.246369,-0.397004,-0.174205,0.138363
9.161,-0.212434,-0.301384,-0.222692,0.138262
9.18367,-0.247679,-0.294955,-0.19451,0.109745
9.20635,-0.23217,-0.416546,-0.197554,0.119211
9.22902,-0.261307,-0.393928,-0.250127,0.119114
9.2517,-0.144598,-0.46986,-0.265301,0.0975766
9.27438,-0.0916231,-0.41166,-0.294557,0.10599
9.29705,-0.144232,-0.307695,-0.143798,0.102459
9.31973,-0.263855,-0.338573,-0.140637,0.103236
9.3424,-0.0765462,-0.384975,-0.213437,0.107434
9.36508,-0.190709,-0.326338,-0.250771,0.0928761
9.38776,-0.0870531,-0.377153,-0.242056,0.0786215
9.41043,-0.189525,-0.330533,-0.349164,0.075366
9.43311,-0.0726405,-0.334739,-0.275691,0.0714254
9.45578,-0.217813,-0.404516,-0.26488,0.0859447
9.47846,-0.0296699,-0.336014,-0.276019,0.0672644
9.50113,-0.118258,-0.246409,-0.1906,0.063811
9.52381,-0.0954925,-0.402197,-0.260336,0.0687672
9.54649,-0.192212,-0.229816,-0.292281,0.0723414
9.56916,-0.143123,-0.32168,-0.386191,0.0519518
9.59184,-0.0408149,-0.34474,-0.298892,0.0376819
9.61451,-0.050338,-0.234626,-0.244218,0.0604582
9.63719,-0.112673,-0.309616,-0.368302,0.054616
9.65986,0.0380789,-0.359472,-0.315842,0.038198
9.68254,-0.0640406,-0.272891,-0.319236,0.0335411
9.70522,-0.0346829,-0.325007,-0.241282,0.0185742
9.72789,0.0408951,-0.233684,-0.272997,0.0266916
9.75057,-0.0367127,-0.209266,-0.30772,0.0118906
9.77324,-0.101865,-0.296556,-0.309563,0.00128453
9.79592,-0.00259664,-0.124987,-0.326286,0.00971217
9.81859,0.0153677,-0.192972,-0.307879,0.0413506
9.84127,-0.0625461,-0.165006,-0.32775,-0.000812338
9.86395,-0.0489256,-0.253104,-0.331129,0.000136279
9.88662,-0.00303001,-0.131942,-0.291415,-0.00599835
9.9093,0.0300204,-0.245135,-0.295293,0.00377926
9.93197,-0.0170885,-0.194115,-0.393431,-0.0170551
9.95465,0.0163242,-0.236902,-0.445721,-0.00929156
9.97732,0.0984688,-0.283821,-0.413718,-0.0113821
10,0.137968,-0.238618,-0.437684,-0.0443813
10.0227,0.00681766,-0.157096,-0.342199,-0.0291542
10.0454,0.102131,-0.233914,-0.343907,-0.02552
10.068,0.155265,-0.0894391,-0.303435,-0.0515882
10.0907,0.0315478,-0.0255944,-0.33776,-0.0538499
10.1134,0.0398883,-0.113493,-0.432532,-0.0646851
10.1361,0.000721909,-0.0850544,-0.310094,-0.0155924
10.1587,0.122999,-0.139771,-0.515545,-0.0533
10.1814,0.169775,-0.202099,-0.337464,-0.0669546
10.2041,0.162045,-0.0712375,-0.465509,-0.0620974
10.2268,0.215465,-0.171473,-0.445793,-0.0738512
10.2494,0.131425,-0.128806,-0.397228,-0.0773292
10.2721,0.155989,-0.0833494,-0.372099,-0.0650502
10.2948,0.1806,-0.194041,-0.406194,-0.0798653
10.3175,0.171039,-0.217247,-0.50591,-0.0808005
10.3401,0.135353,-0.070095,-0.451345,-0.0663027
10.3628,0.143825,-0.19984,-0.414614,-0.0900598
10.3855,0.17661,-0.175671,-0.535316,-0.0822285
10.4082,0.209732,-0.185261,-0.427774,-0.102871
10.4308,0.0853121,-0.0653469,-0.406584,-0.111294
10.4535,0.0996316,-0.0724525,-0.318308,-0.0986199
10.4762,0.285011,-0.109641,-0.427703,-0.0973114
10.4989,0.127005,0.0507654,-0.381289,-0.121868
10.5215,0.208572,-0.0391023,-0.527168,-0.120993
10.5442,0.199449,-0.0430485,-0.499831,-0.112269
10.5669,0.124176,-0.109976,-0.574039,-0.123213
10.5896,0.24943,0.00221065,-0.388695,-0.140632
10.6122,0.241138,-0.138624,-0.600958,-0.14007
10.6349,0.288694,-0.0554996,-0.536361,-0.130761
10.6576,0.340505,0.0512612,-0.35575,-0.132715
10.6803,0.308143,-0.134543,-0.547881,-0.135372
10.7029,0.301344,-0.0896565,-0.500417,-0.152813
10.7256,0.182663,0.000420323,-0.424221,-0.151578
10.7483,0.183683,0.0288387,-0.388607,-0.141346
10.771,0.210926,0.0542639,-0.37038,-0.145502
10.7937,0.345679,-0.0296045,-0.445282,-0.166965
10.8163,0.235973,0.0784025,-0.462722,-0.159222
10.839,0.278224,-0.00750554,-0.385276,-0.169753
10.8617,0.266047,0.117921,-0.431939,-0.175585
10.8844,0.397461,-0.0307226,-0.449108,-0.166103
10.907,0.25908,0.057751,-0.33763,-0.188852
10.9297,0.406933,-0.0121032,-0.553988,-0.174624
10.9524,0.260983,0.00231181,-0.429835,-0.166978
10.9751,0.388986,0.0481076,-0.425757,-0.180184
10.9977,0.309991,0.12873,-0.434152,-0.189127
11.0204,0.371903,0.000651286,-0.529894,-0.197491
11.0431,0.249152,0.0679827,-0.528072,-0.195389
11.0658,0.307784,0.0578852,-0.462683,-0.188794
11.0884,0.339296,0.143511,-0.436917,-0.188808
11.1111,0.448678,-0.0280743,-0.391434,-0.203956
11.1338,0.347778,0.0907012,-0.444667,-0.21567
11.1565,0.387597,0.0424688,-0.365318,-0.211452
11.1791,0.316647,0.0478023,-0.44297,-0.200015
11.2018,0.399207,0.223186,-0.317566,-0.216697
11.2245,0.30001,0.223301,-0.41842,-0.217407
11.2472,0.334707,0.195293,-0.399745,-0.219334
11.2698,0.316801,0.110503,-0.478662,-0.22002
11.2925,0.459206,0.258412,-0.497983,-0.203983
11.3152,0.40443,0.154629,-0.47492,-0.234074
11.3379,0.430247,0.179493,-0.485048,-0.236928
11.3605,0.493366,0.157579,-0.414248,-0.20916
11.3832,0.365566,0.193806,-0.414654,-0.234005
11.4059,0.465062,0.29469,-0.444835,-0.231472
11.4286,0.399109,0.201089,-0.300513,-0.228428
11.4512,0.318364,0.179809,-0.359537,-0.232465
11.4739,0.339421,0.195482,-0.453174,-0.240954
11.4966,0.46502,0.265579,-0.324565,-0.235889
11.5193,0.386077,0.246017,-0.450413,-0.237065
11.542,0.515741,0.233113,-0.278669,-0.231617
11.5646,0.390508,0.208895,-0.386129,-0.247851
11.5873,0.516908,0.121445,-0.465314,-0.265966
11.61,0.429818,0.326874,-0.373717,-0.255413
11.6327,0.36694,0.33437,-0.301082,-0.243588
11.6553,0.358436,0.303274,-0.370911,-0.26058
11.678,0.493111,0.243727,-0.376247,-0.236016
11.7007,0.475342,0.176976,-0.506634,-0.271722
11.7234,0.516683,0.297152,-0.40595,-0.257868
11.746,0.356496,0.399888,-0.313411,-0.251547
11.7687,0.389081,0.319037,-0.318072,-0.263044
11.7914,0.415569,0.380859,-0.338936,-0.258513
11.8141,0.457057,0.391212,-0.352082,-0.270867
11.8367,0.533644,0.365236,-0.323609,-0.267324
11.8594,0.522771,0.221061,-0.367568,-0.275954
11.8821,0.50262,0.222647,-0.380685,-0.267689
11.9048,0.518063,0.320618,-0.245785,-0.283324
11.9274,0.520255,0.38302,-0.345837,-0.274955
11.9501,0.523312,0.341432,-0.287823,-0.279702
11.9728,0.51946,0.33306,-0.204275,-0.256584
11.9955,0.442715,0.298429,-0.265125,-0.270469
12.0181,0.373309,0.396179,-0.353904,-0.285516
12.0408,0.512087,0.305819,-0.286423,-0.272692
12.0635,0.552517,0.315705,-0.27496,-0.293376
12.0862,0.474857,0.349026,-0.239507,-0.249923
12.1088,0.486604,0.342398,-0.223364,-0.267438
12.1315,0.529301,0.361241,-0.224891,-0.282105
12.1542,0.455904,0.224225,-0.316786,-0.269427
12.1769,0.537777,0.398552,-0.215901,-0.280988
12.1995,0.38164,0.355317,-0.247533,-0.266076
12.2222,0.50919,0.408176,-0.284685,-0.273888
12.2449,0.547869,0.384618,-0.257498,-0.273609
12.2676,0.531788,0.377373,-0.299944,-0.273142
12.2902,0.544788,0.412468,-0.220942,-0.25946
12.3129,0.556984,0.482037,-0.213811,-0.261762
12.3356,0.53009,0.303038,-0.292021,-0.275939
12.3583,0.42886,0.506599,-0.194042,-0.268414
12.381,0.526375,0.394092,-0.186631,-0.270147
12.4036,0.530761,0.387369,-0.187058,-0.278001
12.4263,0.470454,0.375174,-0.236931,-0.273797
12.449,0.492466,0.403197,-0.144863,-0.268004
12.4717,0.567307,0.41472,-0.12659,-0.278416
12.4943,0.381297,0.393842,-0.218799,-0.272339
12.517,0.539931,0.400091,-0.218808,-0.272029
12.5397,0.400729,0.415572,-0.164997,-0.267414
12.5624,0.468855,0.264591,-0.142058,-0.262799
12.585,0.553057,0.381351,-0.286653,-0.275703
12.6077,0.444184,0.458797,-0.254958,-0.270256
12.6304,0.50103,0.336114,-0.079819,-0.267739
12.6531,0.471237,0.38077,-0.150165,-0.277078
12.6757,0.399443,0.448917,-0.185955,-0.260087
12.6984,0.540519,0.50071,-0.15426,-0.274841
12.7211,0.47418,0.527577,-0.100427,-0.261879
12.7438,0.356602,0.262698,-0.238295,-0.266631
12.7664,0.415418,0.388149,-0.108164,-0.268514
12.7891,0.480817,0.475291,-0.11693,-0.257486
12.8118,0.536285,0.346647,-0.119581,-0.269325
12.8345,0.442065,0.455177,-0.0228268,-0.2502
12.8571,0.540652,0.480682,-0.0914474,-0.262701
12.8798,0.471072,0.510305,-0.185158,-0.261849
12.9025,0.356436,0.545837,-0.0732575,-0.260711
12.9252,0.378396,0.575794,-0.03191,-0.251695
12.9478,0.436283,0.408127,-0.143197,-0.260733
12.9705,0.488147,0.395732,-0.15022,-0.252643
12.9932,0.518341,0.438558,-0.0652584,-0.243458
13.0159,0.520007,0.424296,-0.119808,-0.249864
13.0385,0.48845,0.488022,0.0342198,-0.235974
13.0612,0.444389,0.498331,-0.0702023,-0.255267
13.0839,0.40403,0.385392,-0.0906346,-0.236704
13.1066,0.481847,0.42926,-0.0222291,-0.238233
13.1293,0.341701,0.429521,-0.0582738,-0.24167
13.1519,0.340713,0.495988,-0.0798664,-0.229932
13.1746,0.427749,0.438471,0.0207143,-0.222884
13.1973,0.348837,0.451769,-0.0868052,-0.234989
13.22,0.415413,0.455838,-0.00154137,-0.240028
13.2426,0.298795,0.455107,-0.0468842,-0.220723
13.2653,0.398188,0.461392,-0.0902286,-0.22686
13.288,0.45347,0.368678,0.0697444,-0.214873
13.3107,0.306341,0.440263,-0.013733,-0.214075
13.3333,0.412989,0.353862,-0.0714801,-0.219383
13.356,0.437136,0.417409,-0.000117051,-0.202087
13.3787,0.287204,0.500928,0.0575287,-0.209883
13.4014,0.43043,0.537184,0.122892,-0.206563
13.424,0.412592,0.505844,0.039383,-0.204012
13.4467,0.332722,0.486478,0.0271262,-0.210999
13.4694,0.361259,0.357917,0.00768839,-0.20041
13.4921,0.307004,0.382127,-0.0461328,-0.1974
13.5147,0.375089,0.340722,0.0348248,-0.192377
13.5374,0.255341,0.497279,0.0849305,-0.195961
13.5601,0.282463,0.438755,0.0517735,-0.195384
13.5828,0.338466,0.425527,0.0868239,-0.1946
13.6054,0.381,0.42792,0.113656,-0.18629
13.6281,0.214407,0.469025,0.124879,-0.179904
13.6508,0.359755,0.426667,0.0281158,-0.190739
13.6735,0.388631,0.405409,0.115896,-0.174577
13.6961,0.250954,0.373878,0.0519692,-0.169749
13.7188,0.284047,0.495995,0.220446,-0.16976
13.7415,0.306986,0.430804,0.104227,-0.163588
13.7642,0.312815,0.413985,0.0996924,-0.170955
13.7868,0.35561,0.362901,0.155142,-0.16666
13.8095,0.275868,0.507213,0.162614,-0.16428
13.8322,0.25762,0.326888,0.140739,-0.153008
13.8549,0.24281,0.403561,0.148723,-0.154638
13.8776,0.339058,0.481251,0.288607,-0.149936
13.9002,0.186917,0.461105,0.20144,-0.147878
13.9229,0.156989,0.421673,0.0998395,-0.141981
13.9456,0.279862,0.43636,0.218959,-0.135371
13.9683,0.246324,0.483961,0.133529,-0.14485
13.9909,0.200962,0.423402,0.267753,-0.123247
14.0136,0.247704,0.351318,0.230909,-0.131727
14.0363,0.298785,0.438589,0.162939,-0.131084
14.059,0.195595,0.367936,0.208545,-0.12671
14.0816,0.271222,0.337972,0.226439,-0.120113
14.1043,0.213852,0.386251,0.176495,-0.116707
14.127,0.216335,0.419478,0.141585,-0.116847
14.1497,0.185802,0.424934,0.258265,-0.10122
14.1723,0.16266,0.410794,0.213403,-0.111418
14.195,0.199618,0.458992,0.189789,-0.0963667
14.2177,0.126962,0.404391,0.304951,-0.100286
14.2404,0.0801758,0.395557,0.197736,-0.101289
14.263,0.081978,0.381353,0.275854,-0.0901918
14.2857,0.167934,0.351448,0.198081,-0.0855721
14.3084,0.159071,0.403328,0.33939,-0.0847495
14.3311,0.0564062,0.330989,0.215386,-0.0855417
14.3537,0.0734282,0.456747,0.333917,-0.0794212
14.3764,0.114801,0.319067,0.258379,-0.0773875
14.3991,0.154918,0.298888,0.196529,-0.0720287
14.4218,0.0640251,0.304266,0.285352,-0.0566672
14.4444,0.0085724,0.360598,0.25925,-0.0695544
14.4671,0.104895,0.38864,0.291257,-0.0602622
14.4898,0.127263,0.332842,0.289515,-0.0569604
14.5125,0.0796449,0.348076,0.24355,-0.0516195
14.5351,0.0481095,0.441093,0.285415,-0.0559329
14.5578,0.144089,0.419746,0.326583,-0.0417259
14.5805,0.0959032,0.286511,0.222386,-0.0500227
14.6032,0.000670526,0.363635,0.224838,-0.0477944
14.6259,0.103899,0.335029,0.240626,-0.0254907
14.6485,-0.0454853,0.282382,0.341393,-0.0307128
14.6712,-0.0427803,0.234192,0.318526,-0.0248552
14.6939,0.0681147,0.27207,0.305928,-0.0261172
14.7166,0.0793054,0.303689,0.268294,-0.0252911
14.7392,-0.0322153,0.296257,0.333668,-0.00391127
14.7619,0.0898499,0.292348,0.30234,-0.0213583
14.7846,-0.0408612,0.315843,0.332148,-0.0023384
14.8073,-0.0840128,0.196657,0.346387,-0.00628931
14.8299,-0.0979906,0.283405,0.334371,0.00151054
14.8526,0.0496235,0.187564,0.292853,0.00273215
14.8753,-0.0600544,0.258809,0.354013,-0.0034849
14.898,-0.0747437,0.24271,0.288362,0.00313235
14.9206,-0.0617767,0.254386,0.396252,0.0180411
14.9433,-0.0431221,0.297156,0.310228,0.015326
14.966,-0.0803513,0.220982,0.380946,0.0102059
14.9887,-0.0678667,0.243463,0.363212,0.0260412
15.0113,-0.0381479,0.227747,0.324785,0.0284251
15.034,-0.170716,0.308597,0.373848,0.0290845
15.0567,-0.104256,0.165639,0.311511,0.0364758
15.0794,0.0102224,0.24739,0.348968,0.0417821
15.102,-0.0151559,0.200955,0.32205,0.0438645
15.1247,-0.0366997,0.159643,0.334682,0.0337937
15.1474,-0.0681954,0.199326,0.326761,0.0557337
15.1701,-0.164468,0.233347,0.402486,0.0362194
15.1927,-0.0859099,0.1811,0.415501,0.0522435
15.2154,-0.0826067,0.148036,0.366224,0.067048
15.2381,-0.141965,0.190664,0.39683,0.0578736
15.2608,-0.0626348,0.18459,0.398215,0.0670444
15.2834,-0.118242,0.103883,0.324565,0.067476
15.3061,-0.09987,0.189814,0.398874,0.0677051
15.3288,-0.0647098,0.15282,0.374131,0.0746591
15.3515,-0.225593,0.150789,0.380556,0.0835937
15.3741,-0.196835,0.154207,0.397219,0.0822222
15.3968,-0.183713,0.18252,0.38821,0.0759404
15.4195,-0.226791,0.127308,0.357564,0.0995962
15.4422,-0.185871,0.0740506,0.334893,0.0907149
15.4649,-0.122184,0.181471,0.409413,0.0908794
15.4875,-0.125914,0.0562395,0.236427,0.0974102
15.5102,-0.156937,0.112945,0.408924,0.110065
15.5329,-0.156357,0.119293,0.386979,0.107356
15.5556,-0.200771,0.1549,0.370602,0.116842
15.5782,-0.293305,0.163719,0.425385,0.107787
15.6009,-0.224035,0.11644,0.459618,0.109994
15.6236,-0.209877,0.118137,0.348426,0.119316
15.6463,-0.310821,0.0644938,0.396137,0.127958
15.6689,-0.188898,0.0985008,0.359935,0.123106
15.6916,-0.312951,0.0607522,0.315437,0.129392
15.7143,-0.22108,0.0692005,0.347485,0.128368
15.737,-0.178029,0.0573324,0.31426,0.143199
15.7596,-0.242496,0.0903838,0.394921,0.135229
15.7823,-0.183746,0.0304861,0.385319,0.147018
15.805,-0.192496,0.0368029,0.341609,0.13601
15.8277,-0.345611,0.143808,0.381158,0.145102
15.8503,-0.32767,0.0660005,0.418081,0.145347
15.873,-0.373664,-0.00240335,0.417809,0.147013
15.8957,-0.336658,0.017247,0.357435,0.150824
15.9184,-0.273071,0.0640454,0.368534,0.155557
15.941,-0.251987,0.0629432,0.529328,0.164531
15.9637,-0.251273,-0.0743646,0.291847,0.155013
15.9864,-0.236143,-0.0056157,0.35349,0.163432
16.0091,-0.34806,0.03561,0.362252,0.167272
16.0317,-0.217346,-0.0338556,0.341264,0.161977
16.0544,-0.382125,-0.0383712,0.343498,0.175007
16.0771,-0.353427,0.00406509,0.334904,0.173326
16.0998,-0.345684,-0.0187182,0.380689,0.166963
16.1224,-0.397309,-0.00736466,0.318339,0.17465
16.1451,-0.31532,-0.0709755,0.373052,0.181962
16.1678,-0.312415,-0.0361293,0.339879,0.173775
16.1905,-0.419655,0.0365195,0.365965,0.184894
16.2132,-0.328303,-0.0785254,0.302394,0.175475
16.2358,-0.450332,-0.0282006,0.290948,0.18806
16.2585,-0.323527,-0.0299444,0.314978,0.185816
16.2812,-0.459656,-0.0475846,0.296937,0.18586
16.3039,-0.36156,-0.022009,0.342086,0.195067
16.3265,-0.393499,-0.055441,0.336152,0.196485
16.3492,-0.274212,-0.0881681,0.34425,0.200002
16.3719,-0.399284,-0.0822368,0.342412,0.202077
16.3946,-0.372673,0.0261915,0.383224,0.198617
16.4172,-0.363524,-0.138613,0.322131,0.206769
16.4399,-0.356771,-0.127419,0.297928,0.203169
16.4626,-0.40896,-0.0513551,0.349241,0.205597
16.4853,-0.475649,-0.0504432,0.353067,0.212289
16.5079,-0.355381,-0.131149,0.434041,0.214971
16.5306,-0.455351,-0.0912358,0.340268,0.219413
16.5533,-0.45817,-0.162582,0.260945,0.213975
16.576,-0.438325,-0.0718989,0.376313,0.218836
16.5986,-0.321992,-0.0574565,0.29258,0.213393
16.6213,-0.464006,-0.0326251,0.360205,0.218474
16.644,-0.481424,-0.167023,0.367546,0.22842
16.6667,-0.44603,-0.0356971,0.39586,0.233696
16.6893,-0.38305,-0.0941689,0.322861,0.221246
16.712,-0.457675,-0.12264,0.365132,0.226798
16.7347,-0.332292,-0.25586,0.2814,0.230994
16.7574,-0.410359,-0.131064,0.239151,0.223676
16.78,-0.420373,-0.157586,0.292377,0.224168
16.8027,-0.387976,-0.07942,0.351282,0.232601
16.8254,-0.45991,-0.140394,0.368979,0.229755
16.8481,-0.369944,-0.132131,0.339334,0.234179
16.8707,-0.369148,-0.0399486,0.31269,0.2331
16.8934,-0.325669,-0.167343,0.276724,0.239118
16.9161,-0.392313,-0.121816,0.316138,0.231599
16.9388,-0.48009,-0.126711,0.307818,0.235037
16.9615,-0.464454,-0.187779,0.219059,0.229714
16.9841,-0.421685,-0.168255,0.352541,0.237738
17.0068,-0.460987,-0.119559,0.312856,0.238675
17.0295,-0.438153,-0.18282,0.251207,0.234499
17.0522,-0.452428,-0.198472,0.256796,0.233043
17.0748,-0.508571,-0.0604541,0.341675,0.247457
17.0975,-0.351,-0.0720176,0.383966,0.240937
17.1202,-0.341536,-0.196595,0.182798,0.231999
17.1429,-0.525465,-0.15599,0.218107,0.239454
17.1655,-0.414256,-0.173741,0.285168,0.239194
17.1882,-0.411103,-0.231902,0.250611,0.23602
17.2109,-0.525175,-0.139342,0.32824,0.249602
17.2336,-0.490801,-0.110545,0.317128,0.236746
17.2562,-0.409982,-0.177665,0.284598,0.251465
17.2789,-0.408152,-0.175866,0.268842,0.241291
17.3016,-0.4754,-0.180482,0.271829,0.241119
17.3243,-0.431883,-0.23107,0.270763,0.24781
17.3469,-0.364295,-0.166036,0.20541,0.244724
17.3696,-0.360258,-0.183451,0.258669,0.238587
17.3923,-0.467022,-0.178071,0.234831,0.242606
17.415,-0.47188,-0.10365,0.27113,0.24634
17.4376,-0.324973,-0.235382,0.185677,0.240377
17.4603,-0.433014,-0.163662,0.162204,0.236995
17.483,-0.520558,-0.238618,0.197944,0.240354
17.5057,-0.398722,-0.154942,0.298408,0.238668
17.5283,-0.400744,-0.176523,0.247299,0.244971
17.551,-0.433178,-0.153826,0.280398,0.23681
17.5737,-0.426429,-0.168221,0.186163,0.243596
17.5964,-0.461032,-0.201452,0.21585,0.234347
17.619,-0.364698,-0.230014,0.252594,0.251066
17.6417,-0.384205,-0.200606,0.159187,0.240731
17.6644,-0.333039,-0.223048,0.0965182,0.240759
17.6871,-0.394336,-0.220388,0.178219,0.235989
17.7098,-0.351242,-0.168884,0.173835,0.232864
17.7324,-0.41798,-0.141715,0.241652,0.237471
17.7551,-0.345589,-0.313581,0.106903,0.235971
17.7778,-0.486917,-0.208207,0.203151,0.230887
17.8005,-0.368496,-0.257016,0.178518,0.227022
17.8231,-0.367136,-0.183257,0.217572,0.226451
17.8458,-0.332509,-0.287588,0.0791647,0.225356
17.8685,-0.444702,-0.258498,0.161098,0.229288
17.8912,-0.297981,-0.201384,0.181505,0.230909
17.9138,-0.392343,-0.222217,0.196786,0.230071
17.9365,-0.286384,-0.245936,0.14774,0.226776
17.9592,-0.364534,-0.237119,0.156952,0.220585
17.9819,-0.4035,-0.190086,0.176925,0.225339
18.0045,-0.328922,-0.188246,0.206581,0.225413
18.0272,-0.336249,-0.195392,0.201104,0.219064
18.0499,-0.275226,-0.212823,0.114055,0.218707
18.0726,-0.321063,-0.252731,0.0904615,0.216262
18.0952,-0.387177,-0.229021,0.176593,0.216723
18.1179,-0.258117,-0.218453,0.132634,0.213603
18.1406,-0.255764,-0.174089,0.141104,0.214969
18.1633,-0.251744,-0.275882,0.104007,0.209974
18.1859,-0.390809,-0.21887,0.135283,0.20998
18.2086,-0.280637,-0.275111,0.129415,0.209913
18.2313,-0.290026,-0.220983,0.124329,0.200974
18.254,-0.42935,-0.257491,0.075618,0.203231
18.2766,-0.287792,-0.255149,0.10741,0.199223
18.2993,-0.332736,-0.31639,0.0488179,0.199414
18.322,-0.36741,-0.325463,0.058328,0.199913
18.3447,-0.284761,-0.21693,0.130221,0.19832
18.3673,-0.218085,-0.257103,0.0805935,0.193167
18.39,-0.230128,-0.30064,0.0495822,0.19301
18.4127,-0.288726,-0.221116,0.0339359,0.185792
18.4354,-0.278826,-0.296797,-0.01307,0.187286
18.458,-0.372557,-0.249921,0.0136073,0.194038
18.4807,-0.24757,-0.241923,0.00548452,0.187445
18.5034,-0.386742,-0.289209,0.00460422,0.177126
18.5261,-0.325693,-0.315803,0.0750158,0.180566
18.5488,-0.227496,-0.230326,-0.0285509,0.172397
18.5714,-0.273731,-0.211445,0.0218679,0.175554
18.5941,-0.320751,-0.19463,0.0329575,0.167725
18.6168,-0.278441,-0.230042,0.0132693,0.17409
18.6395,-0.289075,-0.271265,-0.00826987,0.170738
18.6621,-0.295553,-0.221154,-0.00271206,0.171028
18.6848,-0.254535,-0.281062,-0.041092,0.155642
18.7075,-0.298891,-0.288633,-0.0541083,0.16065
18.7302,-0.232164,-0.178783,0.00616257,0.163472
18.7528,-0.308985,-0.22081,-0.0101986,0.151256
18.7755,-0.277109,-0.300883,-0.064913,0.153313
18.7982,-0.283471,-0.280924,-0.0869874,0.148969
18.8209,-0.267841,-0.207319,0.0692888,0.143548
18.8435,-0.30295,-0.257703,-0.00554627,0.144289
18.8662,-0.275606,-0.27105,-0.0306412,0.141563
18.8889,-0.267017,-0.285366,-0.0305917,0.143291
18.9116,-0.123999,-0.305911,-0.0263116,0.141671
18.9342,-0.113439,-0.245132,-0.098165,0.136474
18.9569,-0.219689,-0.228241,-0.0950651,0.130236
18.9796,-0.276367,-0.246552,-0.0625961,0.130627
19.0023,-0.173409,-0.292054,-0.0851985,0.125287
19.0249,-0.094588,-0.230933,-0.0840087,0.123409
19.0476,-0.16686,-0.283383,-0.0154253,0.125184
19.0703,-0.255647,-0.23124,-0.0823133,0.116529
19.093,-0.193616,-0.232471,-0.0844111,0.116818
19.1156,-0.103629,-0.232832,-0.11094,0.111453
19.1383,-0.0480437,-0.236334,-0.0515529,0.10705
19.161,-0.235104,-0.304081,-0.118899,0.102217
19.1837,-0.193056,-0.332289,-0.1005,0.10226
19.2063,-0.0465786,-0.260151,-0.065698,0.0988254
19.229,-0.0428213,-0.314343,-0.128083,0.0941138
19.2517,-0.0653705,-0.261548,-0.135274,0.10037
19.2744,-0.0877452,-0.210591,-0.189785,0.0858188
19.2971,-0.18155,-0.270005,-0.11336,0.0875247
19.3197,-0.103682,-0.243705,-0.159043,0.0816998
19.3424,-0.189036,-0.273333,-0.175137,0.0838879
19.3651,-0.162944,-0.268618,-0.146573,0.0795588
19.3878,-0.126546,-0.242874,-0.192903,0.0661934
19.4104,-0.138679,-0.304703,-0.168345,0.0708226
19.4331,-0.0713937,-0.210493,-0.181782,0.0672895
19.4558,-0.0041478,-0.240608,-0.137875,0.0709845
19.4785,-0.0686356,-0.281682,-0.143211,0.0659221
19.5011,-0.111855,-0.163486,-0.163035,0.0593578
19.5238,-0.0622463,-0.288298,-0.153848,0.0631275
19.5465,-0.131788,-0.191395,-0.159286,0.0552859
19.5692,-0.0213537,-0.205904,-0.185754,0.0456558
19.5918,-0.07082,-0.255342,-0.157545,0.0499266
19.6145,-0.0106386,-0.231639,-0.12856,0.0428864
19.6372,0.0759708,-0.200176,-0.197495,0.0354928
19.6599,0.0727656,-0.23342,-0.189142,0.0385013
19.6825,-0.0608466,-0.217962,-0.205231,0.0335454
19.7052,0.0956036,-0.186475,-0.157032,0.0314657
19.7279,0.0379867,-0.201334,-0.150527,0.0296634
19.7506,0.0476732,-0.233612,-0.158613,0.0255321
19.7732,-0.0348702,-0.207891,-0.190466,0.0249617
19.7959,0.0436558,-0.155864,-0.262306,0.0179767
19.8186,0.118048,-0.206175,-0.211091,0.0115385
19.8413,0.130418,-0.196304,-0.161492,0.0173768
19.8639,-0.0187587,-0.133008,-0.280689,0.00939758
19.8866,0.0909219,-0.206382,-0.183086,0.00818809
19.9093,0.0315789,-0.2125,-0.270109,-0.000703695
19.932,0.0220184,-0.152548,-0.20406,0.00454336
19.9546,0.0587683,-0.19864,-0.210108,-0.00487518
19.9773,0.119832,-0.150704,-0.200747,-0.00554875
20,0.126752,-0.171802,-0.234005,-0.0106136
20.0227,0.045719,-0.150296,-0.170023,-0.00945018
20.0454,0.112197,-0.186864,-0.164532,-0.01621
20.068,0.180336,-0.113566,-0.211894,-0.0173609
20.0907,0.00564638,-0.139753,-0.265593,-0.0171518
20.1134,0.0157505,-0.109193,-0.160322,-0.0281905
20.1361,0.111878,-0.156554,-0.240521,-0.0376624
20.1587,0.198214,-0.142984,-0.234307,-0.0243282
20.1814,0.201065,-0.0998579,-0.18486,-0.0356089
20.2041,0.129727,-0.137733,-0.251534,-0.034129
20.2268,0.103913,-0.0187854,-0.178528,-0.0475732
20.2494,0.0773404,-0.0910257,-0.157355,-0.0419431
20.2721,0.0746439,-0.140868,-0.277372,-0.0461898
20.2948,0.237796,-0.0688533,-0.328814,-0.0482998
20.3175,0.227889,-0.073781,-0.193061,-0.0565262
20.3401,0.074006,-0.0455831,-0.278287,-0.0545312
20.3628,0.151873,-0.039321,-0.171276,-0.061573
20.3855,0.0916799,-0.137675,-0.249471,-0.0656061
20.4082,0.173096,-0.0783889,-0.284396,-0.0725346
20.4308,0.171447,-0.0969524,-0.228411,-0.0700988
20.4535,0.159659,-0.0663821,-0.248573,-0.0698075
20.4762,0.226713,-0.031823,-0.237089,-0.0771341
20.4989,0.163837,-0.0896058,-0.182221,-0.080569
20.5215,0.232688,-0.024883,-0.235197,-0.0818727
20.5442,0.282049,-0.0995652,-0.240281,-0.0904231
20.5669,0.180024,-0.0273558,-0.212691,-0.0811728
20.5896,0.214476,-0.00434639,-0.19721,-0.092065
20.6122,0.159832,-0.0731034,-0.205782,-0.0927285
20.6349,0.199747,-0.0362008,-0.27914,-0.0900033
20.6576,0.197965,0.00483048,-0.259196,-0.0965907
20.6803,0.244826,0.0135704,-0.159663,-0.0996362
20.7029,0.137918,-0.0121791,-0.25281,-0.102783
20.7256,0.329039,-0.0370556,-0.183645,-0.103948
20.7483,0.235933,-0.0224295,-0.229259,-0.110346
20.771,0.29652,0.0559673,-0.161495,-0.111821
20.7937,0.291482,0.0112278,-0.222248,-0.105954
20.8163,0.325766,0.0386075,-0.248328,-0.116956
20.839,0.303691,-0.00730545,-0.217932,-0.11665
20.8617,0.340986,0.00728074,-0.204362,-0.119581
20.8844,0.331927,-0.00615138,-0.251251,-0.117474
20.907,0.369948,-0.024871,-0.219899,-0.124791
20.9297,0.259329,0.0304778,-0.201741,-0.132165
20.9524,0.219639,0.0484852,-0.243413,-0.135896
20.9751,0.223845,0.0186781,-0.216577,-0.131342
20.9977,0.196712,0.168952,-0.210928,-0.138245
21.0204,0.204979,0.0316011,-0.258806,-0.145277
21.0431,0.306935,0.0672458,-0.206462,-0.142328
21.0658,0.348413,0.0404456,-0.27523,-0.143032
21.0884,0.289122,0.0826131,-0.212262,-0.143551
21.1111,0.287409,0.0645173,-0.27276,-0.145041
21.1338,0.336896,0.09783,-0.232048,-0.150606
21.1565,0.291972,0.0173441,-0.262368,-0.150717
21.1791,0.298552,0.144059,-0.165445,-0.160845
21.2018,0.356637,0.0173447,-0.243602,-0.162267
21.2245,0.283736,0.152013,-0.229317,-0.161944
21.2472,0.237942,0.110033,-0.26955,-0.160186
21.2698,0.40823,0.111112,-0.224822,-0.168616
21.2925,0.38566,0.146292,-0.23741,-0.167661
21.3152,0.237217,0.152721,-0.226796,-0.163513
21.3379,0.390166,0.101449,-0.240475,-0.174565
21.3605,0.405556,0.161218,-0.195315,-0.169351
21.3832,0.404461,0.0784077,-0.291012,-0.167202
21.4059,0.263352,0.125831,-0.243784,-0.170061
21.4286,0.305838,0.0983553,-0.210194,-0.170865
21.4512,0.278851,0.085488,-0.218352,-0.175795
21.4739,0.351382,0.148389,-0.206755,-0.179392
21.4966,0.291093,0.143856,-0.148405,-0.183506
21.5193,0.266122,0.138736,-0.281818,-0.182145
21.542,0.40413,0.193003,-0.204641,-0.190023
21.5646,0.29501,0.115696,-0.203426,-0.180702
21.5873,0.315608,0.173653,-0.270014,-0.185315
21.61,0.262583,0.172076,-0.221914,-0.19312
21.6327,0.437551,0.143884,-0.201226,-0.192675
21.6553,0.329704,0.175053,-0.236715,-0.193738
21.678,0.458794,0.17249,-0.260602,-0.191738
21.7007,0.427577,0.125121,-0.254162,-0.188687
21.7234,0.279146,0.211142,-0.165438,-0.192975
21.746,0.297866,0.162565,-0.242019,-0.201493
21.7687,0.277641,0.128475,-0.22277,-0.198226
21.7914,0.386702,0.197299,-0.233076,-0.201159
21.8141,0.323467,0.247812,-0.20372,-0.203095
21.8367,0.342106,0.2087,-0.21521,-0.198697
21.8594,0.361067,0.207149,-0.236795,-0.204924
21.8821,0.461447,0.182243,-0.223142,-0.198188
21.9048,0.462774,0.229515,-0.264697,-0.198209
21.9274,0.340409,0.265367,-0.231,-0.204801
21.9501,0.30586,0.241164,-0.182908,-0.208955
21.9728,0.300162,0.187915,-0.287364,-0.20917
21.9955,0.358383,0.221565,-0.215611,-0.201117
22.0181,0.327434,0.209525,-0.192011,-0.215881
22.0408,0.412344,0.225591,-0.204089,-0.210076
22.0635,0.365473,0.187336,-0.188981,-0.209715
22.0862,0.345808,0.241175,-0.234113,-0.215602
22.1088,0.455078,0.223797,-0.14885,-0.209432
22.1315,0.290396,0.268556,-0.183996,-0.212411
22.1542,0.356263,0.202773,-0.202831,-0.214807
22.1769,0.389312,0.292993,-0.129606,-0.208983
22.1995,0.295414,0.284412,-0.198618,-0.210964
22.2222,0.416445,0.239562,-0.219586,-0.211746
22.2449,0.292358,0.303128,-0.166646,-0.214118
22.2676,0.351498,0.300774,-0.210713,-0.213447
22.2902,0.339142,0.304391,-0.074899,-0.211239
22.3129,0.332059,0.252779,-0.220967,-0.21174
22.3356,0.440023,0.24502,-0.172941,-0.224514
22.3583,0.293571,0.265049,-0.226978,-0.217025
22.381,0.392671,0.310339,-0.128346,-0.216023
22.4036,0.42478,0.290236,-0.109204,-0.210109
22.4263,0.306411,0.315649,-0.16878,-0.211177
22.449,0.371876,0.340992,-0.152338,-0.212565
22.4717,0.426961,0.308131,-0.161039,-0.21569
22.4943,0.281787,0.254375,-0.212246,-0.213197
22.517,0.381074,0.304775,-0.194707,-0.206987
22.5397,0.346362,0.378313,-0.141608,-0.21914
22.5624,0.281241,0.293453,-0.0945921,-0.215791
22.585,0.457052,0.282328,-0.110451,-0.213943
22.6077,0.352682,0.322949,-0.113606,-0.2122
22.6304,0.36658,0.368729,-0.10779,-0.204573
22.6531,0.274749,0.393527,-0.043711,-0.217715
22.6757,0.342595,0.331117,-0.103584,-0.215992
22.6984,0.379047,0.337304,-0.134492,-0.209667
22.7211,0.350843,0.276008,-0.139526,-0.202143
22.7438,0.429585,0.316336,-0.151175,-0.212019
22.7664,0.284457,0.321644,-0.073818,-0.209826
22.7891,0.438604,0.328848,-0.0738607,-0.205816
22.8118,0.324182,0.434144,-0.0748019,-0.209973
22.8345,0.257841,0.334592,-0.105749,-0.205614
22.8571,0.334033,0.364062,-0.0551766,-0.2084
22.8798,0.241458,0.369979,-0.0533193,-0.213263
22.9025,0.330706,0.356225,-0.0475023,-0.206238
22.9252,0.3161,0.38408,-0.161798,-0.202124
22.9478,0.275382,0.361046,-0.096045,-0.202085
22.9705,0.228127,0.388945,-0.0811886,-0.2009
22.9932,0.386013,0.382913,-0.0957052,-0.200088
23.0159,0.380451,0.368204,-0.0508888,-0.197821
23.0385,0.219129,0.385675,-0.0428743,-0.195836
23.0612,0.234101,0.337531,-0.114707,-0.194651
23.0839,0.385252,0.372836,-0.0395302,-0.196541
23.1066,0.345133,0.358253,-0.0494284,-0.191683
23.1293,0.303607,0.411786,-0.0177998,-0.195111
23.1519,0.248356,0.301384,-0.00627037,-0.196888
23.1746,0.332486,0.335449,-0.0828004,-0.191667
23.1973,0.197937,0.397692,-0.0598602,-0.188165
23.22,0.293839,0.368771,0.0363676,-0.187349
23.2426,0.343928,0.376471,-0.00367373,-0.18901
23.2653,0.306961,0.375597,-0.044639,-0.182557
23.288,0.275492,0.305545,0.014277,-0.181737
23.3107,0.319002,0.408935,0.0010748,-0.179838
23.3333,0.308688,0.322075,-0.0013329,-0.183524
23.356,0.231918,0.332338,0.00287282,-0.176882
23.3787,0.251557,0.326217,0.000174226,-0.180734
23.4014,0.238995,0.371097,-0.0312219,-0.174709
23.424,0.354437,0.368118,0.0081217,-0.17111
23.4467,0.161569,0.407728,0.0335455,-0.171183
23.4694,0.161452,0.3402,0.0112843,-0.173169
23.4921,0.180725,0.391761,-0.00456644,-0.17002
23.5147,0.332444,0.379933,-0.00813966,-0.163411
23.5374,0.251857,0.446343,0.0103546,-0.164935
23.5601,0.215735,0.337679,0.0241308,-0.160971
23.5828,0.234754,0.36723,0.00885522,-0.160894
23.6054,0.133558,0.422417,0.0216365,-0.157757
23.6281,0.230637,0.38344,0.0363758,-0.150703
23.6508,0.206272,0.429865,-0.00850709,-0.156801
23.6735,0.152918,0.34568,0.0313852,-0.156863
23.6961,0.201008,0.352537,0.0950964,-0.14829
23.7188,0.232896,0.425416,0.0279483,-0.149465
23.7415,0.157813,0.330287,0.103976,-0.145416
23.7642,0.137545,0.437008,0.0676875,-0.140977
23.7868,0.134034,0.350982,0.0426868,-0.142613
23.8095,0.116626,0.386073,0.127726,-0.137587
23.8322,0.128197,0.369299,0.0971311,-0.134988
23.8549,0.262907,0.408324,0.138395,-0.132413
23.8776,0.210455,0.329876,0.0928334,-0.130993
23.9002,0.225003,0.415493,0.103319,-0.129127
23.9229,0.110317,0.387935,0.149179,-0.128086
23.9456,0.119513,0.381273,0.150642,-0.12584
23.9683,0.106309,0.404059,0.134654,-0.127311
23.9909,0.210464,0.3095,0.145825,-0.123374
24.0136,0.238971,0.311108,0.184044,-0.118353
24.0363,0.121893,0.30665,0.095546,-0.117678
24.059,0.14069,0.329461,0.179724,-0.113206
24.0816,0.186337,0.320775,0.120382,-0.111843
24.1043,0.155713,0.39351,0.253926,-0.100693
24.127,0.170466,0.343169,0.186881,-0.104705
24.1497,0.0239072,0.343538,0.162666,-0.1048
24.1723,0.121622,0.412534,0.249248,-0.10117
24.195,0.0348447,0.29142,0.184977,-0.102148
24.2177,0.00815237,0.384743,0.214615,-0.0919144
24.2404,0.137081,0.426305,0.283531,-0.0952663
24.263,0.0445719,0.386137,0.196057,-0.0872616
24.2857,0.0236622,0.324311,0.234238,-0.0898869
24.3084,0.0623221,0.362705,0.212868,-0.0862486
24.3311,0.0213205,0.375422,0.150735,-0.077583
24.3537,0.0706806,0.41229,0.284878,-0.0766716
24.3764,0.100083,0.357885,0.209765,-0.0793663
24.3991,0.0127313,0.271354,0.198478,-0.0798382
24.4218,0.00458822,0.355122,0.282916,-0.0765916
24.4444,0.120714,0.372912,0.282222,-0.0643153
24.4671,0.000784792,0.35887,0.310489,-0.0623658
24.4898,-0.0239466,0.335187,0.248019,-0.0683543
24.5125,-0.0556114,0.36504,0.346238,-0.0618181
24.5351,0.0444026,0.326217,0.261695,-0.061074
24.5578,-0.0770261,0.407199,0.334375,-0.0625751
24.5805,0.0476403,0.311829,0.316832,-0.0484697
24.6032,-0.0855989,0.368744,0.299108,-0.0500612
24.6259,-0.0845751,0.354613,0.33544,-0.0428507
24.6485,-0.0470861,0.326143,0.270479,-0.0435589
24.6712,-0.00886671,0.294988,0.32277,-0.0401477
24.6939,-0.0868167,0.365339,0.32565,-0.0375678
24.7166,-0.0866964,0.321711,0.373526,-0.0405059
24.7392,0.0243356,0.253624,0.294761,-0.0360305
24.7619,-0.0834487,0.318391,0.386476,-0.0298083
24.7846,-0.0769301,0.282822,0.304794,-0.02793
24.8073,0.0578418,0.355702,0.369151,-0.0234235
24.8299,-0.140145,0.364162,0.431555,-0.0250816
24.8526,0.037481,0.37517,0.388211,-0.0162018
24.8753,-0.102608,0.35735,0.435648,-0.0179692
24.898,-0.0882775,0.263016,0.350735,-0.00959848
24.9206,-0.00147393,0.337246,0.398704,-0.0121325
24.9433,-0.152007,0.273585,0.407009,-0.00502919
24.966,-0.0958606,0.256008,0.405574,-0.00560307
24.9887,0.0168978,0.297221,0.36159,-0.00586727
25.0113,-0.0824452,0.25878,0.44303,0.00233446
25.034,-0.0873177,0.272422,0.379562,0.00518349
25.0567,-0.0921659,0.267238,0.457779,0.00379349
25.0794,-0.0969886,0.230297,0.416998,0.0131752
25.102,-0.101785,0.220195,0.371532,0.0161647
25.1247,-0.106554,0.237863,0.383029,0.0128493
25.1474,-0.111294,0.239377,0.458712,0.01479
25.1701,-0.116006,0.203121,0.431851,0.0227337
25.1927,-0.120687,0.178914,0.458393,0.0205302
25.2154,-0.125336,0.244848,0.366556,0.0290064
25.2381,-0.129954,0.227836,0.504423,0.0267944
25.2608,-0.134539,0.277957,0.529134,0.0295041
25.2834,-0.13909,0.171914,0.459547,0.0272258
25.3061,-0.143606,0.176221,0.42721,0.0331834
25.3288,-0.148086,0.206676,0.466897,0.03765
25.3515,-0.15253,0.187025,0.444597,0.0410143
25.3741,-0.156936,0.146261,0.451884,0.047058
25.3968,-0.161304,0.147919,0.456001,0.0422723
25.4195,-0.165632,0.0899318,0.514922,0.0491374
25.4422,-0.169921,0.20841,0.446837,0.0506302
25.4649,-0.174168,0.184722,0.532546,0.0540249
25.4875,-0.178374,0.120712,0.498324,0.0560365
25.5102,-0.182537,0.174464,0.465486,0.0565583
25.5329,-0.186657,0.110143,0.477437,0.0615727
25.5556,-0.190733,0.185853,0.486387,0.0617553
25.5782,-0.194763,0.226518,0.546122,0.0655953
25.6009,-0.198748,0.139025,0.513225,0.0707899
25.6236,-0.202687,0.0660571,0.423408,0.0745554
25.6463,-0.206578,0.0706005,0.433742,0.0716245
25.6689,-0.210421,0.128588,0.492495,0.0790915
25.6916,-0.214216,0.106369,0.459793,0.0776093
25.7143,-0.21796,0.0518442,0.540736,0.0808707
25.737,-0.221655,0.0985102,0.493499,0.0864531
25.7596,-0.225299,0.0671721,0.482066,0.0882225
25.7823,-0.228891,0.0943932,0.485563,0.0881227
25.805,-0.232431,0.0892166,0.543727,0.087031
25.8277,-0.235918,0.0523356,0.525562,0.0959205
25.8503,-0.239352,-0.0321428,0.508669,0.0943533
25.873,-0.242731,0.0848151,0.597816,0.0967887
25.8957,-0.246055,0.016331,0.590152,0.101092
25.9184,-0.249324,0.0506542,0.522297,0.100761
25.941,-0.252537,0.043216,0.537275,0.101197
25.9637,-0.255693,-0.00968296,0.565331,0.108913
25.9864,-0.258792,-0.0317807,0.528087,0.107889
26.0091,-0.261832,-0.0216601,0.487728,0.110919
26.0317,-0.264815,0.0215386,0.578849,0.113578
26.0544,-0.267739,0.030547,0.525893,0.112648
26.0771,-0.270603,-0.0438048,0.504172,0.121945
26.0998,-0.273407,-0.0721522,0.495456,0.119208
26.1224,-0.276151,0.0561462,0.564705,0.117861
26.1451,-0.278834,-0.0532505,0.568701,0.120787
26.1678,-0.281455,0.0389967,0.58334,0.131535
26.1905,-0.284015,-0.0528561,0.526279,0.126736
26.2132,-0.286512,-0.0691261,0.480254,0.130567
26.2358,-0.288946,-0.00307631,0.518813,0.130683
26.2585,-0.291317,-0.0345051,0.596911,0.12867
26.2812,-0.293625,-0.0629647,0.554362,0.136345
26.3039,-0.295869,0.0271739,0.548352,0.133001
26.3265,-0.298048,-0.0875525,0.534151,0.139511
26.3492,-0.300162,-0.0828044,0.541765,0.13924
26.3719,-0.302211,-0.0946949,0.551615,0.138035
26.3946,-0.304195,-0.0733912,0.470456,0.142384
26.4172,-0.306114,-0.0164979,0.618834,0.142481
26.4399,-0.307966,-0.0469663,0.553762,0.147901
26.4626,-0.309751,-0.116267,0.527508,0.148404
26.4853,-0.311471,-0.0540447,0.612284,0.14534
26.5079,-0.313123,-0.0724591,0.566341,0.150689
26.5306,-0.314708,-0.204478,0.431382,0.15426
26.5533,-0.316226,-0.195079,0.587329,0.150541
26.576,-0.317676,-0.127921,0.567655,0.157797
26.5986,-0.319058,-0.168063,0.580929,0.154677
26.6213,-0.320372,-0.11023,0.593095,0.157212
26.644,-0.321618,-0.238141,0.504543,0.163397
26.6667,-0.322796,-0.141385,0.550484,0.161112
26.6893,-0.323905,-0.26645,0.477941,0.159361
26.712,-0.324946,-0.246639,0.458146,0.16146
26.7347,-0.325918,-0.154201,0.498123,0.162481
26.7574,-0.326821,-0.160907,0.551856,0.169475
26.78,-0.327655,-0.2579,0.418076,0.167642
26.8027,-0.32842,-0.220591,0.563063,0.166104
26.8254,-0.329115,-0.166696,0.508121,0.169317
26.8481,-0.329742,-0.256669,0.490658,0.167938
26.8707,-0.3303,-0.287733,0.509335,0.172855
26.8934,-0.330788,-0.18678,0.489494,0.169098
26.9161,-0.331207,-0.235486,0.568495,0.171003
26.9388,-0.331557,-0.279644,0.501801,0.169688
26.9615,-0.331838,-0.290941,0.3715,0.176424
26.9841,-0.33205,-0.203357,0.497492,0.178668
27.0068,-0.332192,-0.309618,0.50669,0.175818
27.0295,-0.332266,-0.368823,0.412359,0.176891
27.0522,-0.332271,-0.203027,0.496294,0.175893
27.0748,-0.332207,-0.32369,0.507019,0.181193
27.0975,-0.332074,-0.240562,0.503355,0.179714
27.1202,-0.331872,-0.374576,0.479671,0.179696
27.1429,-0.331602,-0.362493,0.419732,0.174575
27.1655,-0.331264,-0.282933,0.409642,0.184248
27.1882,-0.330858,-0.355195,0.461613,0.178404
27.2109,-0.330384,-0.309421,0.453494,0.177075
27.2336,-0.329842,-0.318192,0.463138,0.181788
27.2562,-0.329232,-0.411309,0.400248,0.179326
27.2789,-0.328555,-0.452887,0.343217,0.188915
27.3016,-0.327811,-0.34953,0.472813,0.184672
27.3243,-0.327,-0.33903,0.483741,0.18315
27.3469,-0.326123,-0.361285,0.471607,0.184109
27.3696,-0.325179,-0.421258,0.351554,0.18272
27.3923,-0.32417,-0.418712,0.359011,0.185676
27.415,-0.323094,-0.397418,0.392565,0.184243
27.4376,-0.321953,-0.469438,0.360685,0.18252
27.4603,-0.320748,-0.439723,0.370216,0.184654
27.483,-0.319477,-0.373783,0.309353,0.185673
27.5057,-0.318142,-0.395029,0.459163,0.183876
27.5283,-0.316743,-0.427703,0.395128,0.180473
27.551,-0.315281,-0.469931,0.384763,0.182442
27.5737,-0.313755,-0.494383,0.330738,0.185706
27.5964,-0.312167,-0.436842,0.36643,0.187825
27.619,-0.310516,-0.517087,0.268451,0.182625
27.6417,-0.308803,-0.441377,0.262484,0.185128
27.6644,-0.307029,-0.465684,0.248037,0.182508
27.6871,-0.305193,-0.512551,0.261034,0.179875
27.7098,-0.303297,-0.428102,0.287123,0.181115
27.7324,-0.301341,-0.429461,0.377162,0.183025
27.7551,-0.299326,-0.452047,0.174188,0.179563
27.7778,-0.297251,-0.509138,0.304427,0.179448
27.8005,-0.295118,-0.493872,0.24075,0.185164
27.8231,-0.292926,-0.555777,0.182339,0.180283
27.8458,-0.290678,-0.465015,0.322362,0.176729
27.8685,-0.288372,-0.460131,0.27977,0.179533
27.8912,-0.286009,-0.579884,0.161275,0.183404
27.9138,-0.283591,-0.516188,0.249845,0.179508
27.9365,-0.281118,-0.463141,0.198699,0.174412
27.9592,-0.27859,-0.46115,0.184556,0.174819
27.9819,-0.276008,-0.517199,0.25048,0.176536
28.0045,-0.273373,-0.603253,0.165487,0.177585
28.0272,-0.270684,-0.517328,0.106365,0.176988
28.0499,-0.267944,-0.446975,0.325971,0.168844
28.0726,-0.265152,-0.466481,0.172763,0.180256
28.0952,-0.262309,-0.576773,0.214788,0.172273
28.1179,-0.259416,-0.517655,0.0812166,0.168353
28.1406,-0.256474,-0.497687,0.209306,0.174465
28.1633,-0.253482,-0.605691,0.183881,0.171869
28.1859,-0.250442,-0.544435,0.0480815,0.169633
28.2086,-0.247355,-0.61936,0.0568623,0.172243
28.2313,-0.244222,-0.604336,0.0902864,0.168531
28.254,-0.241042,-0.494518,0.134485,0.164273
28.2766,-0.237817,-0.549556,0.107185,0.166231
28.2993,-0.234547,-0.579974,0.0362388,0.164207
28.322,-0.231233,-0.541128,0.0980249,0.164084
28.3447,-0.227876,-0.506557,0.0762989,0.159434
28.3673,-0.224478,-0.584816,0.108253,0.157079
28.39,-0.221037,-0.536158,0.0877731,0.160178
28.4127,-0.217556,-0.561526,-0.0127738,0.15886
28.4354,-0.214034,-0.57235,0.104015,0.159337
28.458,-0.210474,-0.615319,0.0421586,0.153076
28.4807,-0.206875,-0.562486,0.0616102,0.150665
28.5034,-0.203238,-0.549489,0.0636802,0.152375
28.5261,-0.199565,-0.682369,0.0505128,0.148672
28.5488,-0.195856,-0.576892,0.0108763,0.14788
28.5714,-0.192111,-0.537239,0.055753,0.145477
28.5941,-0.188332,-0.53885,0.0129545,0.14814
28.6168,-0.18452,-0.468046,0.0894954,0.147231
28.6395,-0.180675,-0.668482,0.0185526,0.14105
28.6621,-0.176798,-0.539966,-0.0550723,0.141017
28.6848,-0.172891,-0.518236,-0.0214854,0.13801
28.7075,-0.168953,-0.660013,-0.0311558,0.136429
28.7302,-0.164986,-0.557785,0.0333234,0.135554
28.7528,-0.16099,-0.543624,0.02182,0.132975
28.7755,-0.156967,-0.569228,-0.121398,0.131997
28.7982,-0.152918,-0.445104,0.0552724,0.133041
28.8209,-0.148842,-0.540212,-0.0306487,0.129891
28.8435,-0.144742,-0.58442,-0.111062,0.126515
28.8662,-0.140618,-0.453175,-0.0536784,0.129393
28.8889,-0.13647,-0.532463,-0.11548,0.123233
28.9116,-0.132301,-0.563225,-0.14018,0.125882
28.9342,-0.12811,-0.604061,-0.195597,0.120553
28.9569,-0.123899,-0.54448,-0.0107424,0.11672
28.9796,-0.119668,-0.549477,-0.152292,0.120671
29.0023,-0.115418,-0.632083,-0.148298,0.114375
29.0249,-0.111151,-0.497422,-0.0205363,0.112144
29.0476,-0.106867,-0.524294,-0.0926529,0.113345
29.0703,-0.102568,-0.515149,-0.0958277,0.105976
29.093,-0.098253,-0.528076,-0.198047,0.109481
29.1156,-0.0939243,-0.407277,-0.125027,0.108226
29.1383,-0.0895825,-0.562264,-0.128008,0.103672
29.161,-0.0852284,-0.591863,-0.265459,0.0994971
29.1837,-0.080863,-0.560521,-0.188223,0.103818
29.2063,-0.0764873,-0.419307,-0.197566,0.0949557
29.229,-0.0721021,-0.579996,-0.164224,0.0997559
29.2517,-0.0677084,-0.492294,-0.229201,0.0918357
29.2744,-0.0633071,-0.565546,-0.243996,0.0931872
29.2971,-0.0588992,-0.501146,-0.226294,0.093514
29.3197,-0.0544854,-0.529234,-0.28086,0.0872958
29.3424,-0.0500669,-0.48323,-0.30293,0.0859923
29.3651,-0.0456444,-0.451359,-0.162251,0.0782806
29.3878,-0.0412189,-0.450189,-0.23038,0.0795681
29.4104,-0.0367914,-0.425642,-0.0996259,0.0768795
29.4331,-0.0323627,-0.57604,-0.336508,0.0773091
29.4558,-0.0279337,-0.586639,-0.354502,0.0760709
29.4785,-0.0235055,-0.508808,-0.369443,0.0718624
29.5011,-0.0190788,-0.432379,-0.270525,0.0695862
29.5238,-0.0146547,-0.496232,-0.406246,0.0667721
29.5465,-0.0102339,-0.407326,-0.24822,0.0676427
29.5692,-0.00581755,-0.48686,-0.352314,0.0615137
29.5918,-0.00140639,-0.384643,-0.272412,0.0567309
29.6145,0.00299864,-0.409896,-0.363258,0.058539
29.6372,0.00739662,-0.424768,-0.388086,0.057105
29.6599,0.0117867,-0.419652,-0.359473,0.0526874
29.6825,0.0161679,-0.474585,-0.308444,0.0466441
29.7052,0.0205394,-0.476292,-0.33956,0.04804
29.7279,0.0249002,-0.420719,-0.264758,0.0448246
29.7506,0.0292496,-0.4434,-0.279048,0.0404651
29.7732,0.0335866,-0.410771,-0.353465,0.0400549
29.7959,0.0379103,-0.394936,-0.327858,0.0377692
29.8186,0.0422199,-0.411849,-0.39479,0.0374971
29.8413,0.0465145,-0.466394,-0.329975,0.0321599
29.8639,0.0507932,-0.479316,-0.390143,0.0343684
29.8866,0.0550552,-0.412678,-0.490677,0.0314953
29.9093,0.0592996,-0.445348,-0.393642,0.029327
29.932,0.0635256,-0.514601,-0.427465,0.0259706
29.9546,0.0677323,-0.320174,-0.349099,0.0243896
29.9773,0.0719189,-0.385656,-0.342181,0.0274301
30,0.0760845,-0.252284,-0.395184,0.0211738
30.0227,0.0802284,-0.497088,-0.371661,0.0135746
30.0454,0.0843496,-0.302452,-0.362061,0.0151448
30.068,0.0884475,-0.367399,-0.477621,0.0118796
30.0907,0.0925211,-0.300624,-0.434155,0.00767117
30.1134,0.0965697,-0.390242,-0.438598,0.00503789
30.1361,0.100592,-0.284539,-0.452068,0.00691383
30.1587,0.104589,-0.29449,-0.470696,-0.00022699
30.1814,0.108557,-0.353528,-0.444895,0.00209928
30.2041,0.112498,-0.284778,-0.505916,-0.00413774
30.2268,0.11641,-0.276898,-0.318479,-8.49588e-05
30.2494,0.120291,-0.392411,-0.406842,-0.00875382
30.2721,0.124143,-0.201646,-0.451253,-0.00852673
30.2948,0.127963,-0.25618,-0.448543,-0.0133377
30.3175,0.131751,-0.222761,-0.379816,-0.0160133
30.3401,0.135507,-0.334542,-0.554238,-0.0155545
30.3628,0.139229,-0.416088,-0.644364,-0.0206076
30.3855,0.142917,-0.227061,-0.443241,-0.0226118
30.4082,0.14657,-0.225147,-0.327295,-0.0222184
30.4308,0.150188,-0.254117,-0.495435,-0.02697
30.4535,0.153769,-0.264618,-0.458877,-0.0288502
30.4762,0.157314,-0.202378,-0.52561,-0.0312141
30.4989,0.160821,-0.212033,-0.452882,-0.0330874
30.5215,0.16429,-0.246256,-0.557387,-0.0388252
30.5442,0.167719,-0.135029,-0.465968,-0.0328424
30.5669,0.17111,-0.157779,-0.496705,-0.0384502
30.5896,0.17446,-0.217053,-0.60027,-0.0440182
30.6122,0.177769,-0.154922,-0.510753,-0.0446446
30.6349,0.181037,-0.161196,-0.420074,-0.0450304
30.6576,0.184263,-0.0297644,-0.501928,-0.0522957
30.6803,0.187446,-0.141496,-0.421009,-0.0501177
30.7029,0.190586,-0.150956,-0.51657,-0.0522318
30.7256,0.193682,-0.0164034,-0.410769,-0.0545538
30.7483,0.196733,-0.164411,-0.550034,-0.0609311
30.771,0.19974,-0.0133031,-0.378922,-0.0561728
30.7937,0.202701,-0.0608757,-0.536868,-0.0587876
30.8163,0.205617,-0.210436,-0.466653,-0.0613149
30.839,0.208485,-0.170659,-0.521597,-0.0634224
30.8617,0.211307,-0.0162613,-0.525561,-0.0656361
30.8844,0.214081,-0.106329,-0.438073,-0.0731505
30.907,0.216807,-0.0681635,-0.544437,-0.073195
30.9297,0.219484,-0.0466878,-0.54499,-0.0784541
30.9524,0.222113,-0.137347,-0.532763,-0.0753521
30.9751,0.224691,-0.0295885,-0.56439,-0.0758124
30.9977,0.22722,0.000457307,-0.478387,-0.0798826
31.0204,0.229699,-0.0583377,-0.522451,-0.080209
31.0431,0.232126,0.00389999,-0.540541,-0.0837029
31.0658,0.234503,-0.0412466,-0.589249,-0.0882343
31.0884,0.236828,-0.0490218,-0.553741,-0.0876709
31.1111,0.2391,-0.137563,-0.544612,-0.0895276
31.1338,0.241321,0.0958986,-0.471579,-0.0890782
31.1565,0.243488,-0.0872549,-0.507521,-0.0961611
31.1791,0.245602,0.0468581,-0.629492,-0.0950981
31.2018,0.247663,0.0032705,-0.520461,-0.0930956
31.2245,0.24967,0.0785009,-0.484073,-0.102224
31.2472,0.251622,0.0518095,-0.526898,-0.102876
31.2698,0.253521,0.0030347,-0.546885,-0.0971953
31.2925,0.255364,0.0589509,-0.470249,-0.104846
31.3152,0.257152,0.094653,-0.4173,-0.107713
31.3379,0.258885,0.066024,-0.544479,-0.107324
31.3605,0.260562,0.144452,-0.43589,-0.109515
31.3832,0.262184,0.0478454,-0.474791,-0.114112
31.4059,0.263749,-0.0448513,-0.497513,-0.11504
31.4286,0.265257,0.0701121,-0.545341,-0.115071
31.4512,0.26671,0.142509,-0.543124,-0.113979
31.4739,0.268105,0.061231,-0.416497,-0.122305
31.4966,0.269443,0.162617,-0.514308,-0.118023
31.5193,0.270724,0.150445,-0.508696,-0.119161
31.542,0.271948,0.184133,-0.404057,-0.115891
31.5646,0.273114,0.133194,-0.449796,-0.119714
31.5873,0.274223,0.105852,-0.490324,-0.124695
31.61,0.275273,0.103162,-0.520116,-0.125568
31.6327,0.276266,0.208058,-0.401785,-0.128015
31.6553,0.277201,0.0839033,-0.496948,-0.13255
31.678,0.278077,0.150973,-0.382859,-0.133663
31.7007,0.278896,0.214167,-0.333019,-0.131697
31.7234,0.279656,0.190371,-0.492802,-0.133387
31.746,0.280357,0.246857,-0.451682,-0.137241
31.7687,0.281001,0.287211,-0.381128,-0.133298
31.7914,0.281585,0.174733,-0.520359,-0.13768
31.8141,0.282112,0.203287,-0.578494,-0.137779
31.8367,0.28258,0.231981,-0.420688,-0.141574
31.8594,0.282989,0.205498,-0.408706,-0.139206
31.8821,0.28334,0.282127,-0.509487,-0.143672
31.9048,0.283632,0.231721,-0.382588,-0.142109
31.9274,0.283866,0.196338,-0.422411,-0.14489
31.9501,0.284041,0.226414,-0.416368,-0.148431
31.9728,0.284159,0.19372,-0.507571,-0.148851
31.9955,0.284218,0.319846,-0.455133,-0.146849
32.0181,0.284218,0.262848,-0.459205,-0.150356
32.0408,0.284161,0.302817,-0.352599,-0.152474
32.0635,0.284046,0.263962,-0.40434,-0.147963
32.0862,0.283872,0.344278,-0.379726,-0.152497
32.1088,0.283642,0.250817,-0.517312,-0.155021
32.1315,0.283353,0.258176,-0.437624,-0.152613
32.1542,0.283007,0.380869,-0.369316,-0.156467
32.1769,0.282604,0.354658,-0.413871,-0.152494
32.1995,0.282144,0.365557,-0.405514,-0.154452
32.2222,0.281626,0.354098,-0.346827,-0.157447
32.2449,0.281053,0.254504,-0.365107,-0.153978
32.2676,0.280422,0.314313,-0.388176,-0.1607
32.2902,0.279735,0.349804,-0.493991,-0.159166
32.3129,0.278993,0.363634,-0.374203,-0.159204
32.3356,0.278194,0.323799,-0.30568,-0.157504
32.3583,0.27734,0.409676,-0.285564,-0.161074
32.381,0.276431,0.352863,-0.310117,-0.160572
32.4036,0.275466,0.418589,-0.361224,-0.157244
32.4263,0.274447,0.368667,-0.352808,-0.159627
32.449,0.273374,0.385309,-0.35401,-0.159311
32.4717,0.272246,0.398996,-0.416591,-0.165282
32.4943,0.271064,0.31281,-0.401471,-0.164565
32.517,0.26983,0.302579,-0.43935,-0.160965
32.5397,0.268542,0.311499,-0.236441,-0.16481
32.5624,0.267201,0.364751,-0.283023,-0.163667
32.585,0.265808,0.356317,-0.378543,-0.161542
32.6077,0.264362,0.230998,-0.261975,-0.165391
32.6304,0.262865,0.48009,-0.266692,-0.165881
32.6531,0.261317,0.400226,-0.281778,-0.160233
32.6757,0.259718,0.430882,-0.236631,-0.166872
32.6984,0.258069,0.305799,-0.327543,-0.165049
32.7211,0.256369,0.469336,-0.373495,-0.164525
32.7438,0.25462,0.422126,-0.252692,-0.16494
32.7664,0.252822,0.45212,-0.27602,-0.164367
32.7891,0.250975,0.480238,-0.219277,-0.167765
32.8118,0.24908,0.402501,-0.295945,-0.16082
32.8345,0.247137,0.421595,-0.295387,-0.166527
32.8571,0.245146,0.422926,-0.268606,-0.164498
32.8798,0.243109,0.401784,-0.185642,-0.164118
32.9025,0.241025,0.383225,-0.234206,-0.166522
32.9252,0.238896,0.318768,-0.271693,-0.161394
32.9478,0.236722,0.512729,-0.135933,-0.166212
32.9705,0.234502,0.413403,-0.158668,-0.166445
32.9932,0.232238,0.517272,-0.116285,-0.163485
33.0159,0.229931,0.427172,-0.276321,-0.162993
33.0385,0.22758,0.522909,-0.127823,-0.165635
33.0612,0.225187,0.437519,-0.214255,-0.163126
33.0839,0.222752,0.453231,-0.201553,-0.167217
33.1066,0.220275,0.558808,-0.0617661,-0.163777
33.1293,0.217757,0.393691,-0.157427,-0.161647
33.1519,0.215199,0.397828,-0.171943,-0.158567
33.1746,0.212601,0.454829,-0.105838,-0.160823
33.1973,0.209964,0.589905,-0.0884914,-0.160981
33.22,0.207288,0.415251,-0.158997,-0.159209
33.2426,0.204575,0.460115,-0.0728101,-0.157744
33.2653,0.201824,0.472164,-0.149015,-0.157331
33.288,0.199036,0.482164,-0.12257,-0.157454
33.3107,0.196213,0.503147,-0.111574,-0.15989
33.3333,0.193353,0.413872,-0.0736912,-0.153083
33.356,0.19046,0.379153,-0.156672,-0.154908
33.3787,0.187531,0.451737,-0.117976,-0.154551
33.4014,0.18457,0.476547,-0.013203,-0.154014
33.424,0.181576,0.637673,-0.0197513,-0.153058
33.4467,0.178549,0.406971,-0.0609811,-0.147622
33.4694,0.175491,0.622487,0.00438597,-0.15029
33.4921,0.172402,0.589482,-0.0932287,-0.148659
33.5147,0.169283,0.496258,-0.0169514,-0.1496
33.5374,0.166135,0.50807,-0.0948344,-0.14713
33.5601,0.162957,0.476399,-0.0470895,-0.144731
33.5828,0.159752,0.387418,-0.046092,-0.147431
33.6054,0.15652,0.480097,-0.155136,-0.142565
33.6281,0.15326,0.522754,0.034116,-0.146247
33.6508,0.149975,0.379586,-0.0999778,-0.141725
33.6735,0.146665,0.652472,0.158261,-0.140703
33.6961,0.14333,0.576443,0.0817322,-0.140071
33.7188,0.139971,0.41664,0.0114151,-0.140811
33.7415,0.136589,0.440993,0.0201003,-0.135635
33.7642,0.133185,0.507867,0.107894,-0.136998
33.7868,0.129759,0.518427,0.14652,-0.136097
33.8095,0.126313,0.535792,0.062014,-0.134302
33.8322,0.122846,0.400457,-0.032067,-0.134925
33.8549,0.11936,0.606205,0.0656987,-0.133957
33.8776,0.115855,0.597237,0.115447,-0.132591
33.9002,0.112333,0.472493,0.0211384,-0.130914
33.9229,0.108793,0.508165,0.139941,-0.128425
33.9456,0.105236,0.468916,0.110876,-0.127174
33.9683,0.101665,0.426861,-0.00421528,-0.124166
33.9909,0.0980778,0.460394,0.106087,-0.126421
34.0136,0.0944769,0.432181,0.0810148,-0.11877
34.0363,0.0908626,0.365586,0.041451,-0.120525
34.059,0.0872356,0.398963,0.180339,-0.117405
34.0816,0.0835968,0.494387,0.140398,-0.115417
34.1043,0.079947,0.46576,0.292046,-0.122003
34.127,0.0762867,0.506909,0.153627,-0.115325
34.1497,0.0726169,0.562061,0.110115,-0.110373
34.1723,0.0689382,0.470445,0.149324,-0.109835
34.195,0.0652516,0.400901,0.14736,-0.110309
34.2177,0.0615576,0.346747,0.112739,-0.10474
34.2404,0.0578571,0.414275,0.188095,-0.103581
34.263,0.0541508,0.461496,0.217244,-0.101014
34.2857,0.0504395,0.365399,0.236124,-0.0990805
34.3084,0.046724,0.507958,0.232736,-0.104355
34.3311,0.0430051,0.405908,0.171764,-0.0997465
34.3537,0.0392834,0.503137,0.275626,-0.09664
34.3764,0.0355598,0.285598,0.225058,-0.0950178
34.3991,0.031835,0.446642,0.153921,-0.0935324
34.4218,0.0281097,0.321879,0.203146,-0.0954992
34.4444,0.0243848,0.502427,0.295986,-0.0899277
34.4671,0.020661,0.423724,0.240506,-0.0898562
34.4898,0.016939,0.506063,0.350283,-0.0852168
34.5125,0.0132196,0.467117,0.258449,-0.0863814
34.5351,0.00950359,0.392437,0.212182,-0.0793697
34.5578,0.00579164,0.425922,0.239628,-0.0785558
34.5805,0.00208455,0.409791,0.343832,-0.0804634
34.6032,-0.00161697,0.395678,0.285795,-0.0789403
34.6259,-0.00531215,0.369912,0.249725,-0.0767331
34.6485,-0.00900026,0.382763,0.300411,-0.069885
34.6712,-0.0126806,0.520446,0.283847,-0.070291
34.6939,-0.0163523,0.378501,0.389227,-0.0685887
34.7166,-0.0200148,0.329783,0.300965,-0.065339
34.7392,-0.0236673,0.28548,0.166584,-0.0653311
34.7619,-0.0273091,0.200063,0.26611,-0.0616225
34.7846,-0.0309394,0.309567,0.405207,-0.0587392
34.8073,-0.0345576,0.322306,0.424723,-0.0570032
34.8299,-0.0381629,0.430315,0.37479,-0.057678
34.8526,-0.0417546,0.465247,0.383319,-0.0547363
34.8753,-0.045332,0.3484,0.294524,-0.0503621
34.898,-0.0488945,0.275365,0.380665,-0.0537991
34.9206,-0.0524412,0.329609,0.253448,-0.0500646
34.9433,-0.0559716,0.257775,0.137222,-0.0467986
34.966,-0.0594849,0.271705,0.353499,-0.0408119
34.9887,-0.0629805,0.323744,0.326537,-0.0414353
35.0113,-0.0664576,0.225485,0.328519,-0.0406768
35.034,-0.0699156,0.282817,0.292948,-0.0398441
35.0567,-0.0733539,0.367493,0.351128,-0.034798
35.0794,-0.0767717,0.220531,0.314393,-0.0306116
35.102,-0.0801685,0.334353,0.371815,-0.0313877
35.1247,-0.0835435,0.321598,0.321736,-0.0290228
35.1474,-0.0868961,0.304739,0.35325,-0.0283946
35.1701,-0.0902257,0.284669,0.482272,-0.0234362
35.1927,-0.0935317,0.187195,0.289208,-0.0216659
35.2154,-0.0968133,0.241111,0.386295,-0.0219857
35.2381,-0.10007,0.219157,0.356245,-0.0190392
35.2608,-0.103301,0.278388,0.472138,-0.0177989
35.2834,-0.106506,0.134125,0.393485,-0.0100185
35.3061,-0.109685,0.260164,0.537093,-0.0133286
35.3288,-0.112836,0.22372,0.303253,-0.0113814
35.3515,-0.115959,0.21708,0.35349,-0.00476336
35.3741,-0.119053,0.170006,0.399694,-0.0050282
35.3968,-0.122119,0.348251,0.439149,-0.00418345
35.4195,-0.125155,0.213051,0.485417,-0.00094098
35.4422,-0.12816,0.270147,0.398933,0.00204115
35.4649,-0.131135,0.114345,0.377138,0.00163957
35.4875,-0.134079,0.0572137,0.407068,0.00212523
35.5102,-0.13699,0.177862,0.375019,0.00781994
35.5329,-0.13987,0.193645,0.441679,0.0106657
35.5556,-0.142716,0.125262,0.449254,0.0174483
35.5782,-0.145529,0.14591,0.541182,0.0132317
35.6009,-0.148308,0.0388439,0.419031,0.0181639
35.6236,-0.151052,0.161353,0.447569,0.0160626
35.6463,-0.153762,0.0822877,0.451473,0.0205407
35.6689,-0.156436,0.0793437,0.414367,0.0242878
35.6916,-0.159074,0.0554213,0.379744,0.0253418
35.7143,-0.161676,0.145242,0.371395,0.0261502
35.737,-0.164241,0.107231,0.469801,0.0245709
35.7596,-0.166769,0.242013,0.493555,0.0315578
35.7823,-0.169259,0.00186442,0.426341,0.037013
35.805,-0.171711,0.0870952,0.407,0.0355669
35.8277,-0.174124,0.0926291,0.447951,0.0365272
35.8503,-0.176498,0.100899,0.474784,0.0395724
35.873,-0.178833,0.0967114,0.4686,0.0465795
35.8957,-0.181128,0.0567296,0.467695,0.0423735
35.9184,-0.183383,-0.0154884,0.488466,0.0474027
35.941,-0.185597,0.126982,0.563826,0.0467839
35.9637,-0.18777,0.0531198,0.462737,0.0507076
35.9864,-0.189902,0.0349896,0.486464,0.0550877
36.0091,-0.191992,0.0268837,0.525535,0.0561712
36.0317,-0.19404,0.0763847,0.377499,0.0517892
36.0544,-0.196045,-0.0211654,0.369428,0.0559093
36.0771,-0.198008,-0.0442556,0.469411,0.0613783
36.0998,-0.199928,0.00546726,0.58544,0.0610202
36.1224,-0.201804,-0.025861,0.41416,0.0650853
36.1451,-0.203637,-0.0362871,0.52235,0.0663199
36.1678,-0.205426,0.0869289,0.486391,0.0670723
36.1905,-0.207171,-0.0676143,0.408221,0.0745666
36.2132,-0.208871,-0.0348801,0.48637,0.0719308
36.2358,-0.210526,0.0496591,0.409956,0.0756564
36.2585,-0.212137,-0.0303054,0.443071,0.0706052
36.2812,-0.213702,-0.0941208,0.336795,0.0747673
36.3039,-0.215221,-0.144539,0.380362,0.0758926
36.3265,-0.216695,0.0464091,0.455229,0.080318
36.3492,-0.218123,-0.0303942,0.415312,0.0842826
36.3719,-0.219505,-0.0275109,0.532757,0.0845648
36.3946,-0.220841,-0.082708,0.405597,0.0877708
36.4172,-0.22213,-0.0710751,0.512506,0.091051
36.4399,-0.223372,-0.175326,0.432219,0.0894898
36.4626,-0.224567,0.0466286,0.610101,0.0923619
36.4853,-0.225715,-0.0973035,0.510407,0.0932201
36.5079,-0.226817,-0.0624152,0.525632,0.0977671
36.5306,-0.227871,-0.143815,0.299404,0.0956599
36.5533,-0.228877,-0.0938705,0.487906,0.102242
36.576,-0.229836,-0.0434563,0.461324,0.0976117
36.5986,-0.230747,-0.161973,0.329324,0.104914
36.6213,-0.23161,-0.229511,0.354981,0.101342
36.644,-0.232426,-0.0833675,0.490578,0.10639
36.6667,-0.233194,-0.0677967,0.44644,0.108926
36.6893,-0.233913,-0.226973,0.470705,0.109969
36.712,-0.234585,-0.185168,0.360328,0.116325
36.7347,-0.235208,0.0549063,0.518166,0.111568
36.7574,-0.235784,-0.220266,0.395632,0.112299
36.78,-0.236311,-0.160418,0.534564,0.112594
36.8027,-0.23679,-0.149299,0.36613,0.115001
36.8254,-0.237221,-0.134211,0.497965,0.117239
36.8481,-0.237603,-0.225052,0.397171,0.117571
36.8707,-0.237938,-0.172154,0.561806,0.120956
36.8934,-0.238224,-0.163517,0.415512,0.119334
36.9161,-0.238462,-0.221041,0.434387,0.126888
36.9388,-0.238652,-0.1606,0.409099,0.123846
36.9615,-0.238794,-0.141553,0.415569,0.128965
36.9841,-0.238888,-0.258986,0.407109,0.128708
37.0068,-0.238934,-0.271376,0.365858,0.127595
37.0295,-0.238932,-0.238987,0.393398,0.129961
37.0522,-0.238883,-0.219763,0.453501,0.131071
37.0748,-0.238785,-0.296891,0.378083,0.130488
37.0975,-0.23864,-0.290413,0.413404,0.132289
37.1202,-0.238448,-0.299153,0.403019,0.133014
37.1429,-0.238209,-0.27863,0.45713,0.13481
37.1655,-0.237922,-0.31382,0.331293,0.136321
37.1882,-0.237588,-0.22987,0.406491,0.13919
37.2109,-0.237207,-0.326687,0.41175,0.134908
37.2336,-0.23678,-0.393025,0.22025,0.140069
37.2562,-0.236306,-0.197789,0.359564,0.141561
37.2789,-0.235785,-0.240751,0.356455,0.142713
37.3016,-0.235219,-0.271742,0.372609,0.140708
37.3243,-0.234606,-0.273625,0.346837,0.142123
37.3469,-0.233948,-0.255905,0.335815,0.145651
37.3696,-0.233244,-0.314973,0.319716,0.141366
37.3923,-0.232494,-0.363526,0.269592,0.148107
37.415,-0.2317,-0.270835,0.312455,0.14615
37.4376,-0.23086,-0.281491,0.401942,0.149065
37.4603,-0.229976,-0.257849,0.345915,0.147009
37.483,-0.229048,-0.297041,0.341712,0.149053
37.5057,-0.228076,-0.198243,0.397052,0.153012
37.5283,-0.227059,-0.338279,0.353739,0.14976
37.551,-0.225999,-0.360216,0.2497,0.150892
37.5737,-0.224896,-0.256378,0.356438,0.149316
37.5964,-0.22375,-0.399421,0.281457,0.155113
37.619,-0.222562,-0.291429,0.328186,0.152857
37.6417,-0.221331,-0.317791,0.286918,0.15132
37.6644,-0.220057,-0.400791,0.288857,0.153512
37.6871,-0.218743,-0.354774,0.258433,0.152702
37.7098,-0.217387,-0.289531,0.249483,0.15785
37.7324,-0.215989,-0.392205,0.235485,0.155199
37.7551,-0.214552,-0.453824,0.206762,0.158254
37.7778,-0.213074,-0.39723,0.256761,0.154141
37.8005,-0.211556,-0.405308,0.248523,0.154463
37.8231,-0.209998,-0.445719,0.144934,0.155611
37.8458,-0.208402,-0.313234,0.272994,0.156341
37.8685,-0.206766,-0.337495,0.216465,0.155942
37.8912,-0.205092,-0.364944,0.235013,0.154697
37.9138,-0.203381,-0.461865,0.132177,0.158127
37.9365,-0.201631,-0.465112,0.0726913,0.159084
37.9592,-0.199845,-0.455183,0.222941,0.154057
37.9819,-0.198022,-0.385939,0.12142,0.157221
38.0045,-0.196162,-0.446393,0.185084,0.157887
38.0272,-0.194267,-0.426093,0.148444,0.156586
38.0499,-0.192336,-0.412647,0.123857,0.158244
38.0726,-0.190371,-0.326397,0.253024,0.16
38.0952,-0.188371,-0.490938,0.173147,0.154721
38.1179,-0.186337,-0.503469,0.0096641,0.156515
38.1406,-0.184269,-0.410264,0.23107,0.155018
38.1633,-0.182168,-0.49989,0.0316322,0.153982
38.1859,-0.180035,-0.502967,0.0268453,0.157282
38.2086,-0.177869,-0.452604,0.0518118,0.156417
38.2313,-0.175672,-0.449924,0.069711,0.156715
38.254,-0.173444,-0.37986,0.0408393,0.15833
38.2766,-0.171185,-0.424555,0.189207,0.154197
38.2993,-0.168896,-0.458584,0.0498623,0.153985
38.322,-0.166577,-0.457249,0.112599,0.154282
38.3447,-0.164229,-0.472174,0.046165,0.156084
38.3673,-0.161853,-0.463842,0.0858404,0.151491
38.39,-0.159448,-0.506041,-0.0385658,0.156541
38.4127,-0.157016,-0.501378,-0.0110072,0.155412
38.4354,-0.154557,-0.498159,-0.0360283,0.15188
38.458,-0.152072,-0.499749,0.133732,0.152441
38.4807,-0.14956,-0.449283,0.054866,0.149514
38.5034,-0.147023,-0.489275,-0.0192669,0.151228
38.5261,-0.144462,-0.448547,-0.0384713,0.151348
38.5488,-0.141876,-0.357322,0.0349159,0.152428
38.5714,-0.139267,-0.391022,0.0412095,0.149803
38.5941,-0.136634,-0.384067,-0.0810486,0.149466
38.6168,-0.133979,-0.357381,0.0163427,0.148685
38.6395,-0.131301,-0.425901,-0.0852542,0.146556
38.6621,-0.128603,-0.51609,-0.102807,0.146496
38.6848,-0.125883,-0.44757,-0.0433105,0.143337
38.7075,-0.123143,-0.535042,-0.0150839,0.143418
38.7302,-0.120384,-0.507912,0.0297282,0.141387
38.7528,-0.117605,-0.58782,-0.0623211,0.143425
38.7755,-0.114808,-0.361527,-0.0186787,0.1409
38.7982,-0.111993,-0.503951,0.03945,0.138572
38.8209,-0.10916,-0.444878,-0.0789587,0.140829
38.8435,-0.106311,-0.491762,-0.0622803,0.135962
38.8662,-0.103445,-0.42325,-0.0870129,0.135696
38.8889,-0.100564,-0.409098,-0.0405243,0.139348
38.9116,-0.0976685,-0.408548,-0.0896439,0.136561
38.9342,-0.0947582,-0.429899,-0.174667,0.135289
38.9569,-0.0918341,-0.366345,-0.193218,0.130134
38.9796,-0.0888969,-0.473145,-0.0531076,0.133172
39.0023,-0.0859471,-0.39917,-0.102035,0.133537
39.0249,-0.0829854,-0.410498,-0.107394,0.127468
39.0476,-0.0800124,-0.427121,-0.05012,0.128199
39.0703,-0.0770286,-0.398487,-0.178581,0.128611
39.093,-0.0740348,-0.359241,-0.163712,0.123418
39.1156,-0.0710314,-0.355542,-0.0871725,0.12609
39.1383,-0.0680192,-0.406821,-0.245246,0.125476
39.161,-0.0649986,-0.4251,-0.187368,0.120278
39.1837,-0.0619704,-0.324848,-0.11125,0.12119
39.2063,-0.0589352,-0.38446,-0.220079,0.118235
39.229,-0.0558935,-0.434074,-0.0972767,0.117932
39.2517,-0.052846,-0.445403,-0.115728,0.120699
39.2744,-0.0497933,-0.407777,-0.144184,0.110721
39.2971,-0.046736,-0.310886,-0.146368,0.113945
39.3197,-0.0436748,-0.365675,-0.1243,0.113898
39.3424,-0.0406101,-0.38464,-0.225001,0.113391
39.3651,-0.0375427,-0.332957,-0.227392,0.109789
39.3878,-0.0344731,-0.352325,-0.191837,0.105923
39.4104,-0.031402,-0.43084,-0.257686,0.106186
39.4331,-0.02833,-0.301583,-0.204707,0.104371
39.4558,-0.0252577,-0.384335,-0.208033,0.102009
39.4785,-0.0221856,-0.274801,-0.242359,0.0970653
39.5011,-0.0191144,-0.340171,-0.211542,0.101724
39.5238,-0.0160448,-0.3288,-0.148293,0.0968571
39.5465,-0.0129772,-0.344394,-0.190504,0.0952171
39.5692,-0.00991236,-0.432754,-0.261705,0.0938095
39.5918,-0.00685079,-0.299173,-0.177667,0.0899567
39.6145,-0.00379314,-0.270597,-0.213326,0.0918606
39.6372,-0.000739969,-0.333118,-0.124183,0.0885561
39.6599,0.00230811,-0.264803,-0.2755,0.0898209
39.6825,0.00535051,-0.305403,-0.173858,0.0846067
39.7052,0.00838664,-0.368461,-0.324047,0.0831404
39.7279,0.0114159,-0.243829,-0.307642,0.0824882
39.7506,0.0144377,-0.420598,-0.282901,0.0811377
39.7732,0.0174516,-0.232019,-0.232086,0.0778783
39.7959,0.0204568,-0.327734,-0.313861,0.073377
39.8186,0.0234528,-0.314826,-0.310026,0.0739719
39.8413,0.0264391,-0.188339,-0.244127,0.0706876
39.8639,0.0294151,-0.2578,-0.276157,0.0730177
39.8866,0.0323802,-0.336469,-0.326271,0.0661888
39.9093,0.0353338,-0.177764,-0.303085,0.0664391
39.932,0.0382755,-0.272857,-0.272989,0.0655282
39.9546,0.0412046,-0.329621,-0.253148,0.0624741
39.9773,0.0441205,-0.297142,-0.344573,0.0621622
40,0.0470228,-0.322339,-0.360374,0.0561938
40.0227,0.0499109,-0.264614,-0.307315,0.0564437
40.0454,0.0527842,-0.254518,-0.368508,0.0557403
40.068,0.0556423,-0.214308,-0.299264,0.0525615
40.0907,0.0584845,-0.248814,-0.289271,0.0509758
40.1134,0.0613104,-0.313151,-0.336111,0.0483893
40.1361,0.0641194,-0.225983,-0.391955,0.0484293
40.1587,0.066911,-0.232164,-0.367515,0.048038
40.1814,0.0696847,-0.20816,-0.304661,0.0428599
40.2041,0.07244,-0.144245,-0.378695,0.0396667
40.2268,0.0751764,-0.213578,-0.35357,0.0376934
40.2494,0.0778933,-0.134951,-0.316835,0.0369073
40.2721,0.0805903,-0.117928,-0.372357,0.0336885
40.2948,0.0832669,-0.252097,-0.324423,0.0304573
40.3175,0.0859226,-0.184559,-0.351057,0.0288355
40.3401,0.0885569,-0.223843,-0.393397,0.0262264
40.3628,0.0911693,-0.261115,-0.368829,0.0258448
40.3855,0.0937594,-0.130636,-0.387998,0.0259161
40.4082,0.0963267,-0.138669,-0.276663,0.0200669
40.4308,0.0988708,-0.292949,-0.399937,0.0185052
40.4535,0.101391,-0.210729,-0.396775,0.0202208
40.4762,0.103887,-0.193387,-0.290116,0.0133069
40.4989,0.106359,-0.0505198,-0.376347,0.0115874
40.5215,0.108805,-0.173309,-0.429017,0.0120154
40.5442,0.111226,-0.151991,-0.332471,0.0074009
40.5669,0.113622,-0.107428,-0.483857,0.00856998
40.5896,0.11599,-0.0570909,-0.354767,0.00248256
40.6122,0.118332,-0.143837,-0.405629,0.00138921
40.6349,0.120647,-0.223593,-0.410549,-0.000841263
40.6576,0.122935,-0.198137,-0.424777,-0.000181841
40.6803,0.125194,-0.125298,-0.486144,-0.00849438
40.7029,0.127425,-0.0751403,-0.432317,-0.00436722
40.7256,0.129628,-0.103262,-0.308232,-0.00630039
40.7483,0.131801,-0.0886242,-0.501226,-0.0100965
40.771,0.133945,-0.0775117,-0.449903,-0.0110522
40.7937,0.136059,-0.0123886,-0.459192,-0.0154608
40.8163,0.138143,0.00185035,-0.400156,-0.0181055
40.839,0.140196,-0.179444,-0.389136,-0.0204004
40.8617,0.142218,-0.101022,-0.45423,-0.0194446
40.8844,0.144209,-0.0542283,-0.350203,-0.0194813
40.907,0.146169,-0.1427,-0.485501,-0.0256405
40.9297,0.148097,-0.00827018,-0.392261,-0.0284417
40.9524,0.149993,-0.0170126,-0.290478,-0.0274662
40.9751,0.151856,-0.0937214,-0.445134,-0.0287601
40.9977,0.153686,0.0260448,-0.385727,-0.0338983
41.0204,0.155483,0.0238423,-0.359432,-0.0375748
41.0431,0.157247,-0.0134116,-0.510977,-0.0401641
41.0658,0.158977,0.0112299,-0.323355,-0.0385572
41.0884,0.160673,-0.0691807,-0.450627,-0.0429333
41.1111,0.162335,0.0404539,-0.475893,-0.0446043
41.1338,0.163963,0.0401798,-0.304171,-0.0476577
41.1565,0.165556,-0.0637147,-0.451023,-0.0456753
41.1791,0.167114,0.0585021,-0.417452,-0.0500484
41.2018,0.168636,0.0207701,-0.396963,-0.052695
41.2245,0.170124,0.0712811,-0.361802,-0.0536349
41.2472,0.171575,-0.0493464,-0.411193,-0.0565684
41.2698,0.172991,0.0901142,-0.402599,-0.0602213
41.2925,0.174371,0.174902,-0.37969,-0.0582162
41.3152,0.175714,0.0650718,-0.321833,-0.061519
41.3379,0.177021,-0.00389059,-0.47614,-0.0660862
41.3605,0.178292,0.126748,-0.450556,-0.0652744
41.3832,0.179525,0.0417469,-0.430496,-0.0692355
41.4059,0.180721,0.0431149,-0.388107,-0.0688448
41.4286,0.181881,0.133852,-0.300545,-0.0723213
41.4512,0.183003,0.109429,-0.40748,-0.0753723
41.4739,0.184087,0.138136,-0.359377,-0.0741971
41.4966,0.185134,0.0941491,-0.334093,-0.0781238
41.5193,0.186143,0.0869457,-0.386219,-0.0783049
41.542,0.187115,0.157783,-0.395066,-0.0810346
41.5646,0.188048,0.134377,-0.298509,-0.0820742
41.5873,0.188943,0.110462,-0.434033,-0.0837634
41.61,0.1898,0.097691,-0.345946,-0.0858583
41.6327,0.190619,0.162596,-0.348574,-0.0900463
41.6553,0.191399,0.109799,-0.377701,-0.087573
41.678,0.192141,0.142898,-0.291248,-0.0939011
41.7007,0.192845,0.27364,-0.283536,-0.092175
41.7234,0.193509,0.173188,-0.372113,-0.0938209
41.746,0.194135,0.167891,-0.379183,-0.0968251
41.7687,0.194723,0.146029,-0.444419,-0.0971637
41.7914,0.195272,0.182442,-0.389881,-0.0997615
41.8141,0.195781,0.31161,-0.215052,-0.101071
41.8367,0.196253,0.172756,-0.292659,-0.101373
41.8594,0.196685,0.137173,-0.333989,-0.105145
41.8821,0.197078,0.241711,-0.322953,-0.102247
41.9048,0.197433,0.208267,-0.258976,-0.108606
41.9274,0.197749,0.196429,-0.277575,-0.111195
41.9501,0.198026,0.169346,-0.351771,-0.110227
41.9728,0.198264,0.204176,-0.299866,-0.113142
41.9955,0.198463,0.207989,-0.299241,-0.114013
42.0181,0.198624,0.147057,-0.327056,-0.113735
42.0408,0.198746,0.224141,-0.295389,-0.118383
42.0635,0.19883,0.270462,-0.231666,-0.117505
42.0862,0.198874,0.266846,-0.323447,-0.117751
42.1088,0.198881,0.217272,-0.316594,-0.119933
42.1315,0.198848,0.257518,-0.216683,-0.120842
42.1542,0.198778,0.225597,-0.289211,-0.123219
42.1769,0.198669,0.240822,-0.272569,-0.126483
42.1995,0.198522,0.300003,-0.306932,-0.125128
42.2222,0.198337,0.227679,-0.260999,-0.126549
42.2449,0.198114,0.277669,-0.335616,-0.128882
42.2676,0.197853,0.20981,-0.290955,-0.130399
42.2902,0.197554,0.275278,-0.304147,-0.132082
42.3129,0.197217,0.340183,-0.268603,-0.132107
42.3356,0.196843,0.229908,-0.299317,-0.133698
42.3583,0.196432,0.28325,-0.202468,-0.134554
42.381,0.195984,0.340533,-0.240969,-0.133304
42.4036,0.195498,0.346406,-0.224473,-0.137128
42.4263,0.194976,0.315542,-0.24267,-0.138428
42.449,0.194417,0.316291,-0.176917,-0.13694
42.4717,0.193821,0.287919,-0.324002,-0.140505
42.4943,0.193189,0.309272,-0.294777,-0.142118
42.517,0.192521,0.30522,-0.185077,-0.139167
42.5397,0.191817,0.395772,-0.127896,-0.141167
42.5624,0.191077,0.352865,-0.176962,-0.140957
42.585,0.190302,0.361161,-0.163496,-0.14332
42.6077,0.189491,0.29462,-0.242902,-0.144785
42.6304,0.188645,0.338638,-0.215913,-0.14346
42.6531,0.187764,0.326311,-0.180657,-0.145405
42.6757,0.186849,0.317752,-0.196699,-0.147542
42.6984,0.185899,0.221449,-0.174894,-0.143793
42.7211,0.184915,0.384048,-0.0959614,-0.144049
42.7438,0.183897,0.353652,-0.0727066,-0.149573
42.7664,0.182846,0.398943,-0.136237,-0.14798
42.7891,0.181761,0.297705,-0.116612,-0.1475
42.8118,0.180643,0.299974,-0.182008,-0.148272
42.8345,0.179492,0.299068,-0.203429,-0.150552
42.8571,0.178308,0.296108,-0.1852,-0.149334
42.8798,0.177093,0.35198,-0.164321,-0.148082
42.9025,0.175845,0.400246,-0.100863,-0.151164
42.9252,0.174566,0.378689,-0.0866462,-0.152239
42.9478,0.173255,0.349413,-0.129744,-0.154076
42.9705,0.171913,0.312401,-0.118189,-0.152913
42.9932,0.17054,0.391584,-0.112384,-0.153228
43.0159,0.169137,0.404188,-0.128197,-0.154301
43.0385,0.167704,0.26502,-0.167551,-0.152916
43.0612,0.166241,0.306709,-0.107727,-0.153189
43.0839,0.164749,0.36017,-0.0839587,-0.15382
43.1066,0.163228,0.242942,-0.0650219,-0.151056
43.1293,0.161677,0.370903,-0.0836942,-0.15359
43.1519,0.160099,0.363351,-0.0553718,-0.15478
43.1746,0.158492,0.476671,0.0138071,-0.154973
43.1973,0.156858,0.353489,-0.0732892,-0.155532
43.22,0.155196,0.317048,-0.0994809,-0.152008
43.2426,0.153507,0.281776,-0.00912139,-0.154681
43.2653,0.151792,0.297158,-0.104611,-0.155497
43.288,0.150051,0.387944,-0.0871318,-0.152493
43.3107,0.148283,0.382268,-0.0178852,-0.156354
43.3333,0.146491,0.359258,-0.0359529,-0.152291
43.356,0.144673,0.349639,-0.0437613,-0.150006
43.3787,0.142831,0.356359,-0.110916,-0.153077
43.4014,0.140964,0.376985,-0.0324522,-0.154222
43.424,0.139073,0.4242,0.0453746,-0.14947
43.4467,0.137159,0.347037,-0.0291944,-0.151431
43.4694,0.135222,0.395914,0.00454825,-0.152639
43.4921,0.133263,0.41346,0.0164786,-0.15187
43.5147,0.131281,0.369512,0.0674268,-0.148755
43.5374,0.129277,0.352357,-0.0580352,-0.150932
43.5601,0.127252,0.416681,0.0811599,-0.150721
43.5828,0.125206,0.305531,-0.0111062,-0.150812
43.6054,0.123139,0.361891,0.021598,-0.150614
43.6281,0.121052,0.340557,0.0426189,-0.14704
43.6508,0.118946,0.423866,0.0927544,-0.14885
43.6735,0.116821,0.370408,0.0924243,-0.147507
43.6961,0.114676,0.357684,0.0920479,-0.145118
43.7188,0.112514,0.390109,-0.0121657,-0.148752
43.7415,0.110333,0.341336,0.145444,-0.147104
43.7642,0.108135,0.378863,0.152694,-0.141895
43.7868,0.10592,0.312632,0.0563247,-0.142726
43.8095,0.103688,0.336397,0.106968,-0.142683
43.8322,0.101441,0.3287,0.140191,-0.142242
43.8549,0.0991774,0.339346,0.11819,-0.141629
43.8776,0.0968989,0.373946,0.0645241,-0.140894
43.9002,0.0946057,0.345049,0.0968095,-0.139415
43.9229,0.0922982,0.352768,0.0710503,-0.138114
43.9456,0.089977,0.268367,0.0251157,-0.136405
43.9683,0.0876424,0.269618,0.0690534,-0.13828
43.9909,0.085295,0.350939,0.0874156,-0.137633
44.0136,0.0829352,0.335567,0.170111,-0.134687
44.0363,0.0805635,0.337288,0.203819,-0.136666
44.059,0.0781803,0.324091,0.0731444,-0.135973
44.0816,0.0757862,0.294792,0.151133,-0.128648
44.1043,0.0733815,0.330886,0.122824,-0.128286
44.127,0.0709669,0.285172,0.0816196,-0.129367
44.1497,0.0685427,0.31766,0.0740959,-0.12675
44.1723,0.0661094,0.315538,0.169244,-0.127112
44.195,0.0636675,0.339952,0.213071,-0.126729
44.2177,0.0612175,0.346111,0.112727,-0.12389
44.2404,0.0587599,0.27755,0.136082,-0.124074
44.263,0.0562951,0.375524,0.185245,-0.1229
44.2857,0.0538236,0.32189,0.20821,-0.121042
44.3084,0.0513459,0.267308,0.151596,-0.122184
44.3311,0.0488625,0.309519,0.194089,-0.11844
44.3537,0.0463739,0.310884,0.237541,-0.115952
44.3764,0.0438805,0.276889,0.182232,-0.114886
44.3991,0.0413828,0.281403,0.2076,-0.116463
44.4218,0.0388813,0.246613,0.204873,-0.107969
44.4444,0.0363765,0.313815,0.198574,-0.112825
44.4671,0.0338688,0.26931,0.189447,-0.111443
44.4898,0.0313588,0.321579,0.223557,-0.107284
44.5125,0.0288469,0.313991,0.210308,-0.108529
44.5351,0.0263336,0.190888,0.22635,-0.105078
44.5578,0.0238193,0.247258,0.23793,-0.105909
44.5805,0.0213046,0.325944,0.298797,-0.103775
44.6032,0.0187899,0.235744,0.226224,-0.0997037
44.6259,0.0162757,0.235878,0.249099,-0.0995845
44.6485,0.0137625,0.221386,0.238539,-0.0990796
44.6712,0.0112507,0.302963,0.19664,-0.0922404
44.6939,0.00874082,0.198887,0.19059,-0.0935254
44.7166,0.0062333,0.276788,0.24977,-0.092964
44.7392,0.00372863,0.227955,0.189778,-0.0914932
44.7619,0.00122727,0.268435,0.292624,-0.0882391
44.7846,-0.00127032,0.234671,0.3416,-0.0866854
44.8073,-0.00376367,0.288551,0.326455,-0.0863823
44.8299,-0.00625232,0.21981,0.326221,-0.0835264
44.8526,-0.00873581,0.189905,0.246018,-0.0836954
44.8753,-0.0112137,0.167621,0.270476,-0.0799594
44.898,-0.0136855,0.169314,0.273259,-0.0762382
44.9206,-0.0161508,0.219903,0.35022,-0.0762823
44.9433,-0.0186091,0.177602,0.271226,-0.0750816
44.966,-0.0210599,0.159276,0.315376,-0.072045
44.9887,-0.023503,0.186852,0.271596,-0.0709331
45.0113,-0.0259376,0.183597,0.282232,-0.0681346
45.034,-0.0283636,0.155104,0.255919,-0.0659907
45.0567,-0.0307803,0.23294,0.330413,-0.0653747
45.0794,-0.0331874,0.167075,0.29946,-0.0623344
45.102,-0.0355844,0.162185,0.334547,-0.0585064
45.1247,-0.0379709,0.129381,0.307631,-0.0581067
45.1474,-0.0403465,0.194017,0.317525,-0.0571405
45.1701,-0.0427107,0.181564,0.254437,-0.054145
45.1927,-0.0450632,0.202544,0.354946,-0.0545904
45.2154,-0.0474034,0.138892,0.2609,-0.0517931
45.2381,-0.049731,0.116153,0.270107,-0.047866
45.2608,-0.0520456,0.202609,0.362433,-0.0476853
45.2834,-0.0543468,0.114646,0.287495,-0.0459065
45.3061,-0.0566341,0.139717,0.35289,-0.0419533
45.3288,-0.0589072,0.18741,0.326395,-0.0416082
45.3515,-0.0611656,0.187686,0.37262,-0.038949
45.3741,-0.0634089,0.093765,0.368968,-0.0392249
45.3968,-0.0656369,0.0813832,0.315644,-0.0363419
45.4195,-0.067849,0.0636493,0.351568,-0.0358288
45.4422,-0.0700448,0.0593545,0.317444,-0.0312034
45.4649,-0.0722241,0.0822105,0.399691,-0.0300537
45.4875,-0.0743864,-0.00922713,0.328041,-0.0248689
45.5102,-0.0765314,0.120251,0.340711,-0.0227737
45.5329,-0.0786586,0.0579065,0.312575,-0.0217633
45.5556,-0.0807678,0.127073,0.367685,-0.0213708
45.5782,-0.0828585,0.0257537,0.310437,-0.018127
45.6009,-0.0849304,0.127382,0.312686,-0.0169399
45.6236,-0.0869831,0.0453537,0.32549,-0.0132827
45.6463,-0.0890164,0.0361359,0.315248,-0.0133581
45.6689,-0.0910298,0.0749551,0.340791,-0.0109965
45.6916,-0.093023,0.0054921,0.334305,-0.00738064
45.7143,-0.0949956,0.0498961,0.243094,-0.00721521
45.737,-0.0969474,0.0974783,0.328329,-0.00484978
45.7596,-0.0988781,-0.0259478,0.364152,0.000199342
45.7823,-0.100787,0.0294618,0.270277,-0.000278044
45.805,-0.102674,-0.00634188,0.30991,0.00381758
45.8277,-0.10454,0.042379,0.388472,0.00571618
45.8503,-0.106382,-0.00878814,0.305734,0.00519034
45.873,-0.108202,0.0278981,0.388524,0.0078331
45.8957,-0.109999,-0.00765615,0.284555,0.0106873
45.9184,-0.111773,-0.0137398,0.333468,0.013117
45.941,-0.113522,-0.0346865,0.268451,0.0149349
45.9637,-0.115248,-0.0240607,0.327439,0.0161231
45.9864,-0.11695,0.0236654,0.342379,0.0220961
46.0091,-0.118628,-0.060838,0.317044,0.021908
46.0317,-0.12028,-0.0924914,0.275716,0.0245625
46.0544,-0.121908,-0.0173662,0.270087,0.0259787
46.0771,-0.12351,-0.0284621,0.377109,0.0278105
46.0998,-0.125087,-0.0385525,0.356362,0.0308751
46.1224,-0.126638,-0.071138,0.225283,0.0320617
46.1451,-0.128163,-0.116606,0.283323,0.0332931
46.1678,-0.129661,-0.0607269,0.363009,0.0362888
46.1905,-0.131133,-0.0945721,0.333554,0.0379062
46.2132,-0.132579,-0.170622,0.349323,0.0398781
46.2358,-0.133997,-0.101728,0.331984,0.0410192
46.2585,-0.135389,-0.0865956,0.334789,0.0437538
46.2812,-0.136753,-0.129134,0.341613,0.0445523
46.3039,-0.138089,-0.0915976,0.388507,0.0488951
46.3265,-0.139398,-0.112361,0.272748,0.0513499
46.3492,-0.140679,-0.137611,0.335963,0.0522589
46.3719,-0.141931,-0.0771899,0.376466,0.0514774
46.3946,-0.143156,-0.115935,0.263216,0.0570502
46.4172,-0.144351,-0.161884,0.303904,0.0576482
46.4399,-0.145518,-0.133752,0.324521,0.0584117
46.4626,-0.146656,-0.0513432,0.352513,0.058882
46.4853,-0.147766,-0.142243,0.314778,0.0633149
46.5079,-0.148845,-0.0641162,0.345372,0.0636752
46.5306,-0.149896,-0.20233,0.224323,0.0681373
46.5533,-0.150917,-0.132343,0.256323,0.0690426
46.576,-0.151909,-0.123042,0.303906,0.0681396
46.5986,-0.152871,-0.15007,0.288202,0.0732353
46.6213,-0.153802,-0.140786,0.304924,0.0759455
46.644,-0.154704,-0.146548,0.301837,0.0755011
46.6667,-0.155576,-0.190061,0.281666,0.0768549
46.6893,-0.156418,-0.153848,0.324588,0.0781633
46.712,-0.157229,-0.122858,0.318189,0.0813899
46.7347,-0.15801,-0.163329,0.286685,0.0850804
46.7574,-0.15876,-0.241628,0.248838,0.0845971
46.78,-0.15948,-0.173315,0.281028,0.0853167
46.8027,-0.160169,-0.139563,0.332029,0.0888204
46.8254,-0.160827,-0.117783,0.275091,0.0899976
46.8481,-0.161454,-0.188274,0.248119,0.0927015
46.8707,-0.162051,-0.241129,0.197504,0.0928434
46.8934,-0.162616,-0.120803,0.234263,0.0974303
46.9161,-0.163151,-0.226238,0.247891,0.0953114
46.9388,-0.163654,-0.212702,0.221834,0.0981339
46.9615,-0.164127,-0.254385,0.250859,0.0991912
46.9841,-0.164568,-0.227168,0.263241,0.0997687
47.0068,-0.164978,-0.160287,0.289995,0.101395
47.0295,-0.165357,-0.171778,0.266752,0.104604
47.0522,-0.165704,-0.237712,0.212347,0.107798
47.0748,-0.166021,-0.223154,0.240719,0.10847
47.0975,-0.166306,-0.18722,0.276014,0.107969
47.1202,-0.16656,-0.253404,0.188397,0.111148
47.1429,-0.166782,-0.267823,0.241629,0.112035
47.1655,-0.166974,-0.211695,0.17808,0.111947
47.1882,-0.167134,-0.219943,0.211083,0.113776
47.2109,-0.167263,-0.253173,0.250803,0.115128
47.2336,-0.167361,-0.217186,0.179732,0.114526
47.2562,-0.167428,-0.216255,0.22076,0.115884
47.2789,-0.167463,-0.274693,0.259498,0.116897
47.3016,-0.167468,-0.316447,0.199916,0.120644
47.3243,-0.167442,-0.231488,0.202864,0.122408
47.3469,-0.167384,-0.271266,0.168701,0.123912
47.3696,-0.167296,-0.23311,0.251276,0.122069
47.3923,-0.167177,-0.287223,0.187031,0.122714
47.415,-0.167027,-0.310645,0.180332,0.12652
47.4376,-0.166847,-0.278176,0.173183,0.128695
47.4603,-0.166636,-0.263131,0.148312,0.128405
47.483,-0.166394,-0.335234,0.216286,0.131921
47.5057,-0.166122,-0.241858,0.207796,0.129084
47.5283,-0.16582,-0.26718,0.173607,0.131829
47.551,-0.165488,-0.233197,0.197827,0.131964
47.5737,-0.165125,-0.24153,0.156185,0.131753
47.5964,-0.164733,-0.295513,0.146569,0.134003
47.619,-0.16431,-0.268952,0.175405,0.134947
47.6417,-0.163858,-0.340416,0.0720909,0.136815
47.6644,-0.163376,-0.319895,0.11086,0.136517
47.6871,-0.162865,-0.284453,0.141221,0.137659
47.7098,-0.162324,-0.309828,0.169451,0.137186
47.7324,-0.161754,-0.288144,0.135021,0.138817
47.7551,-0.161155,-0.316625,0.123827,0.139005
47.7778,-0.160528,-0.332222,0.0919949,0.139808
47.8005,-0.159871,-0.294682,0.179915,0.1415
47.8231,-0.159186,-0.298908,0.125368,0.141164
47.8458,-0.158473,-0.264521,0.105115,0.141964
47.8685,-0.157731,-0.308488,0.105011,0.14194
47.8912,-0.156961,-0.33199,0.134362,0.142903
47.9138,-0.156163,-0.270251,0.0641664,0.143816
47.9365,-0.155338,-0.306062,0.0897373,0.145087
47.9592,-0.154485,-0.306807,0.0765457,0.143526
47.9819,-0.153605,-0.349982,0.0259265,0.143452
48.0045,-0.152698,-0.317368,0.116029,0.146002
48.0272,-0.151764,-0.333897,0.0664758,0.146313
48.0499,-0.150803,-0.270548,0.0917391,0.146535
48.0726,-0.149816,-0.3278,0.090018,0.147036
48.0952,-0.148802,-0.387719,0.0675958,0.146445
48.1179,-0.147763,-0.301423,0.0478075,0.14538
48.1406,-0.146697,-0.347084,0.05593,0.147948
48.1633,-0.145607,-0.324976,0.0566267,0.148504
48.1859,-0.14449,-0.344483,-0.0229559,0.1459
48.2086,-0.143349,-0.358744,0.037313,0.149416
48.2313,-0.142183,-0.381462,-0.0224303,0.149772
48.254,-0.140992,-0.292741,0.0127677,0.149428
48.2766,-0.139777,-0.28523,0.0107232,0.148006
48.2993,-0.138538,-0.308915,0.0231185,0.146211
48.322,-0.137275,-0.337874,0.0280413,0.149602
48.3447,-0.135989,-0.333124,-0.0489512,0.14961
48.3673,-0.134679,-0.318341,-0.0268335,0.147485
48.39,-0.133346,-0.33096,-0.0404619,0.146429
48.4127,-0.131991,-0.316346,-0.0471651,0.147876
48.4354,-0.130613,-0.314183,-0.0261139,0.148051
48.458,-0.129213,-0.312111,-0.0676505,0.149166
48.4807,-0.127791,-0.273762,-0.0286151,0.148516
48.5034,-0.126347,-0.296364,0.0243053,0.146817
48.5261,-0.124882,-0.2628,-0.00540495,0.146795
48.5488,-0.123396,-0.306282,-0.0472828,0.145264
48.5714,-0.121889,-0.351572,-0.059618,0.148001
48.5941,-0.120362,-0.34498,-0.0920001,0.146145
48.6168,-0.118815,-0.259197,0.0101051,0.144173
48.6395,-0.117248,-0.270334,-0.0102881,0.145133
48.6621,-0.115661,-0.355679,-0.0708977,0.143995
48.6848,-0.114056,-0.342233,-0.0798808,0.145655
48.7075,-0.112431,-0.33244,-0.0923792,0.144845
48.7302,-0.110788,-0.276108,-0.0778387,0.143529
48.7528,-0.109127,-0.28127,-0.0888399,0.143029
48.7755,-0.107447,-0.304272,-0.0695569,0.141851
48.7982,-0.105751,-0.36038,-0.108592,0.141166
48.8209,-0.104037,-0.339825,-0.126242,0.140275
48.8435,-0.102306,-0.273562,-0.0970768,0.139527
48.8662,-0.100558,-0.310424,-0.0906241,0.139142
48.8889,-0.0987945,-0.293157,-0.124944,0.139186
48.9116,-0.0970149,-0.287894,-0.137105,0.136255
48.9342,-0.0952198,-0.315679,-0.0835299,0.139046
48.9569,-0.0934094,-0.259461,-0.0600195,0.136159
48.9796,-0.0915843,-0.344548,-0.106403,0.134888
49.0023,-0.0897446,-0.374053,-0.142643,0.13632
49.0249,-0.0878908,-0.310173,-0.165399,0.133702
49.0476,-0.0860231,-0.312256,-0.164683,0.134637
49.0703,-0.0841421,-0.283705,-0.107035,0.133086
49.093,-0.0822479,-0.298679,-0.119347,0.130849
49.1156,-0.0803411,-0.334282,-0.176419,0.129022
49.1383,-0.0784218,-0.273165,-0.167161,0.130179
49.161,-0.0764906,-0.277155,-0.133678,0.128317
49.1837,-0.0745477,-0.281402,-0.162922,0.126695
49.2063,-0.0725935,-0.280577,-0.198637,0.128767
49.229,-0.0706284,-0.27358,-0.167279,0.123935
49.2517,-0.0686528,-0.24225,-0.224209,0.12446
49.2744,-0.0666671,-0.269225,-0.160942,0.125725
49.2971,-0.0646714,-0.277692,-0.196756,0.122888
49.3197,-0.0626664,-0.223484,-0.162129,0.122233
49.3424,-0.0606523,-0.319762,-0.166269,0.120381
49.3651,-0.0586296,-0.213916,-0.184454,0.120099
49.3878,-0.0565985,-0.250698,-0.195158,0.116704
49.4104,-0.0545595,-0.296043,-0.215069,0.115684
49.4331,-0.0525129,-0.22782,-0.183965,0.115042
49.4558,-0.0504591,-0.209412,-0.168242,0.114249
49.4785,-0.0483986,-0.244369,-0.184786,0.112577
49.5011,-0.0463316,-0.220825,-0.218243,0.111445
49.5238,-0.0442585,-0.177325,-0.139369,0.110403
49.5465,-0.0421798,-0.223724,-0.14244,0.108686
49.5692,-0.0400958,-0.217951,-0.262908,0.107
49.5918,-0.0380069,-0.213939,-0.261364,0.105792
49.6145,-0.0359134,-0.254012,-0.213142,0.103765
49.6372,-0.0338158,-0.213121,-0.199954,0.101652
49.6599,-0.0317144,-0.198289,-0.239116,0.0996476
49.6825,-0.0296097,-0.193572,-0.241351,0.0989872
49.7052,-0.0275019,-0.180645,-0.205604,0.0961717
49.7279,-0.0253915,-0.191798,-0.257915,0.0956532
49.7506,-0.0232789,-0.245954,-0.247355,0.0943372
49.7732,-0.0211643,-0.192828,-0.231263,0.0933236
49.7959,-0.0190483,-0.199016,-0.280301,0.0931384
49.8186,-0.0169312,-0.231182,-0.266847,0.0897677
49.8413,-0.0148134,-0.165673,-0.236162,0.0900158
49.8639,-0.0126952,-0.200851,-0.290454,0.0868211
49.8866,-0.0105771,-0.195608,-0.265653,0.0849588
49.9093,-0.00845933,-0.161994,-0.280843,0.0827057
49.932,-0.00634238,-0.183185,-0.276454,0.0804149
49.9546,-0.00422659,-0.206099,-0.283605,0.0797826
49.9773,-0.00211234,-0.148417,-0.308041,0.0785402
50,-3.1339e-16,-0.130788,-0.284471,0.0775246
50.0227,0.00211005,-0.133592,-0.286433,0.0737565
50.0454,0.00421743,-0.128978,-0.28251,0.0720887
50.068,0.00632178,-0.129942,-0.260684,0.0722892
50.0907,0.00842272,-0.144613,-0.342427,0.0704982
50.1134,0.0105199,-0.146621,-0.322213,0.0687425
50.1361,0.0126129,-0.133857,-0.282254,0.066075
50.1587,0.0147014,-0.141715,-0.272787,0.0652998
50.1814,0.016785,-0.127576,-0.254319,0.062051
50.2041,0.0188634,-0.143906,-0.304463,0.0602817
50.2268,0.0209362,-0.139469,-0.297667,0.0578622
50.2494,0.023003,-0.126496,-0.281872,0.0567091
50.2721,0.0250635,-0.0999023,-0.292636,0.0556609
50.2948,0.0271172,-0.0816436,-0.286913,0.0539009
50.3175,0.029164,-0.133205,-0.340575,0.0533885
50.3401,0.0312033,-0.145357,-0.333277,0.0495487
50.3628,0.0332348,-0.0819043,-0.28779,0.0473633
50.3855,0.0352583,-0.101934,-0.29335,0.04406
50.4082,0.0372733,-0.120143,-0.350275,0.0430241
50.4308,0.0392794,-0.114603,-0.352765,0.0426717
50.4535,0.0412765,-0.0863661,-0.306176,0.0380396
50.4762,0.043264,-0.0701169,-0.301657,0.0375326
50.4989,0.0452417,-0.0701177,-0.304565,0.0360555
50.5215,0.0472092,-0.0385413,-0.263658,0.0329565
50.5442,0.0491661,-0.062354,-0.283655,0.0320899
50.5669,0.0511122,-0.0626474,-0.34542,0.0292633
50.5896,0.0530471,-0.051204,-0.336964,0.0283558
50.6122,0.0549705,-0.0776701,-0.307497,0.0244889
50.6349,0.0568821,-0.0435616,-0.298918,0.0239386
50.6576,0.0587815,-0.0752257,-0.314466,0.0228502
50.6803,0.0606683,-0.0175369,-0.272204,0.0201813
50.7029,0.0625424,-0.0171134,-0.312859,0.0179117
50.7256,0.0644033,-0.0852289,-0.318497,0.014651
50.7483,0.0662507,-0.0196514,-0.323432,0.0122564
50.771,0.0680844,0.0270116,-0.322536,0.0115553
50.7937,0.069904,0.00239356,-0.285237,0.0101959
50.8163,0.0717093,-0.037036,-0.31566,0.00506087
50.839,0.0734998,-0.0469035,-0.317284,0.00632448
50.8617,0.0752753,-0.00680649,-0.304592,0.00430192
50.8844,0.0770356,0.00770809,-0.337108,0.000709964
50.907,0.0787803,0.00671032,-0.293176,0.00142167
50.9297,0.0805091,0.00955729,-0.323044,-0.00405159
50.9524,0.0822217,0.0185656,-0.308396,-0.00424876
50.9751,0.0839178,0.00130272,-0.303601,-0.00668685
50.9977,0.0855973,0.0507587,-0.301984,-0.00822624
51.0204,0.0872597,0.0367962,-0.311469,-0.0120059
51.0431,0.0889048,0.0660764,-0.331567,-0.0128924
51.0658,0.0905324,0.0380502,-0.335534,-0.0148037
51.0884,0.0921421,0.101722,-0.288113,-0.017202
51.1111,0.0937337,0.104498,-0.339154,-0.0189238
51.1338,0.095307,0.0533386,-0.343377,-0.0207143
51.1565,0.0968616,0.0523719,-0.321945,-0.0219942
51.1791,0.0983973,0.0603146,-0.325842,-0.0240018
51.2018,0.099914,0.0529239,-0.276467,-0.0262308
51.2245,0.101411,0.0708477,-0.335513,-0.0278975
51.2472,0.102889,0.0722527,-0.336617,-0.0310807
51.2698,0.104347,0.103477,-0.272834,-0.0311515
51.2925,0.105784,0.0812346,-0.325573,-0.0342776
51.3152,0.107201,0.0988757,-0.306375,-0.0369498
51.3379,0.108598,0.0791418,-0.3048,-0.0390729
51.3605,0.109974,0.0720991,-0.327499,-0.0394648
51.3832,0.111329,0.0987608,-0.276584,-0.042392
51.4059,0.112663,0.108603,-0.315515,-0.0449844
51.4286,0.113975,0.106635,-0.289238,-0.0462067
51.4512,0.115265,0.0786958,-0.354035,-0.0497834
51.4739,0.116534,0.119878,-0.28685,-0.0485123
51.4966,0.117781,0.0972594,-0.305977,-0.0514764
51.5193,0.119005,0.127383,-0.287758,-0.0544919
51.542,0.120207,0.12329,-0.288239,-0.054987
51.5646,0.121386,0.125866,-0.317922,-0.0596503
51.5873,0.122542,0.165836,-0.292768,-0.0587563
51.61,0.123676,0.152459,-0.289279,-0.0616963
51.6327,0.124786,0.146486,-0.281589,-0.0625604
51.6553,0.125872,0.125333,-0.299726,-0.0665416
51.678,0.126936,0.167315,-0.290138,-0.0659973
51.7007,0.127975,0.161743,-0.272939,-0.0670237
51.7234,0.128991,0.206372,-0.242935,-0.0699085
51.746,0.129982,0.135871,-0.264924,-0.0731163
51.7687,0.130949,0.158721,-0.264263,-0.0752158
51.7914,0.131892,0.207682,-0.236606,-0.0742054
51.8141,0.132811,0.102784,-0.277978,-0.0766697
51.8367,0.133705,0.181683,-0.263519,-0.0789311
51.8594,0.134574,0.176271,-0.275295,-0.0808126
51.8821,0.135418,0.163857,-0.231919,-0.0825757
51.9048,0.136237,0.170453,-0.252978,-0.0828342
51.9274,0.137031,0.200235,-0.238215,-0.0866731
51.9501,0.1378,0.214844,-0.240668,-0.0864599
51.9728,0.138544,0.188218,-0.246407,-0.0890035
51.9955,0.139262,0.205681,-0.262055,-0.0879934
52.0181,0.139954,0.203276,-0.253635,-0.0926955
52.0408,0.140621,0.171623,-0.217597,-0.0922546
52.0635,0.141261,0.199157,-0.218356,-0.0943369
52.0862,0.141876,0.195418,-0.230339,-0.0975711
52.1088,0.142465,0.21373,-0.194939,-0.0995517
52.1315,0.143028,0.244272,-0.255468,-0.100256
52.1542,0.143565,0.238334,-0.231912,-0.101331
52.1769,0.144076,0.221226,-0.178574,-0.10239
52.1995,0.14456,0.224578,-0.213824,-0.104017
52.2222,0.145018,0.216968,-0.242919,-0.104174
52.2449,0.14545,0.244637,-0.220098,-0.10765
52.2676,0.145855,0.245989,-0.173454,-0.107644
52.2902,0.146234,0.215775,-0.216634,-0.110822
52.3129,0.146586,0.261724,-0.200267,-0.110211
52.3356,0.146912,0.273313,-0.168719,-0.111981
52.3583,0.147211,0.264573,-0.191347,-0.114737
52.381,0.147483,0.21963,-0.206696,-0.115209
52.4036,0.147729,0.261782,-0.170781,-0.114911
52.4263,0.147948,0.303818,-0.143683,-0.11698
52.449,0.14814,0.257933,-0.196991,-0.119411
52.4717,0.148306,0.290586,-0.145995,-0.118114
52.4943,0.148445,0.248481,-0.173699,-0.119654
52.517,0.148557,0.255557,-0.190949,-0.121213
52.5397,0.148642,0.264786,-0.133017,-0.122451
52.5624,0.148701,0.248777,-0.183008,-0.1259
52.585,0.148733,0.26137,-0.123975,-0.123857
52.6077,0.148738,0.259104,-0.127004,-0.127174
52.6304,0.148716,0.307492,-0.127967,-0.126316
52.6531,0.148668,0.260424,-0.113268,-0.128237
52.6757,0.148593,0.297898,-0.132517,-0.129032
52.6984,0.148492,0.286798,-0.126465,-0.129524
52.7211,0.148364,0.269512,-0.157294,-0.130821
52.7438,0.148209,0.310232,-0.112784,-0.131719
52.7664,0.148028,0.282945,-0.12516,-0.133479
52.7891,0.14782,0.352177,-0.11401,-0.133182
52.8118,0.147586,0.296328,-0.124349,-0.134272
52.8345,0.147326,0.322689,-0.100764,-0.13399
52.8571,0.14704,0.297242,-0.141253,-0.135757
52.8798,0.146727,0.268846,-0.0962373,-0.13707
52.9025,0.146388,0.312494,-0.114572,-0.136416
52.9252,0.146023,0.290051,-0.106105,-0.138921
52.9478,0.145632,0.303252,-0.0565601,-0.13897
52.9705,0.145215,0.286321,-0.107075,-0.139727
52.9932,0.144773,0.320802,-0.0780121,-0.140777
53.0159,0.144305,0.31098,-0.0438432,-0.140491
53.0385,0.143811,0.280067,-0.0769109,-0.140718
53.0612,0.143291,0.274977,-0.0698675,-0.141602
53.0839,0.142747,0.28855,-0.0854411,-0.142651
53.1066,0.142177,0.30932,-0.0345619,-0.142078
53.1293,0.141581,0.339956,-0.0385294,-0.143237
53.1519,0.140961,0.320242,-0.0285488,-0.144632
53.1746,0.140316,0.300232,-0.0627567,-0.144011
53.1973,0.139646,0.307467,-0.0563888,-0.143953
53.22,0.138952,0.321838,-0.0392709,-0.1436
53.2426,0.138232,0.325058,-0.0273095,-0.144125
53.2653,0.137489,0.318854,-0.0286679,-0.14574
53.288,0.136721,0.28638,-0.0477234,-0.14657
53.3107,0.135929,0.2914,-0.0369751,-0.143983
53.3333,0.135114,0.323187,0.00688051,-0.145645
53.356,0.134274,0.299817,-0.0163422,-0.146552
53.3787,0.133411,0.296012,0.00680186,-0.146625
53.4014,0.132524,0.290719,-0.0304354,-0.148257
53.424,0.131614,0.313483,0.0235589,-0.145237
53.4467,0.130681,0.285662,0.00133391,-0.145395
53.4694,0.129725,0.320128,0.053015,-0.147918
53.4921,0.128747,0.276818,0.0388649,-0.145694
53.5147,0.127745,0.306588,0.00520479,-0.14728
53.5374,0.126721,0.297912,0.0199895,-0.144585
53.5601,0.125676,0.279166,0.0120096,-0.145868
53.5828,0.124608,0.322982,0.0477007,-0.146869
53.6054,0.123518,0.289318,0.0369803,-0.146026
53.6281,0.122407,0.301981,0.0570036,-0.145671
53.6508,0.121274,0.318879,0.0676621,-0.144501
53.6735,0.12012,0.301178,0.0643619,-0.146103
53.6961,0.118945,0.321694,0.0686448,-0.145192
53.7188,0.11775,0.271474,0.0480179,-0.14628
53.7415,0.116533,0.312614,0.0875103,-0.144044
53.7642,0.115297,0.296073,0.0675388,-0.144694
53.7868,0.11404,0.296076,0.0606794,-0.143853
53.8095,0.112764,0.304208,0.0903146,-0.143908
53.8322,0.111468,0.30669,0.0848206,-0.143597
53.8549,0.110152,0.308622,0.102761,-0.142703
53.8776,0.108818,0.30191,0.0830998,-0.143098
53.9002,0.107464,0.302451,0.114081,-0.142315
53.9229,0.106092,0.263409,0.0904587,-0.143136
53.9456,0.104702,0.300559,0.10909,-0.141133
53.9683,0.103293,0.308323,0.117936,-0.139107
53.9909,0.101866,0.290413,0.0950067,-0.139891
54.0136,0.100422,0.286247,0.110139,-0.139405
54.0363,0.0989602,0.274568,0.112656,-0.13871
54.059,0.0974813,0.310059,0.127558,-0.13711
54.0816,0.0959857,0.293346,0.108297,-0.137599
54.1043,0.0944734,0.297987,0.121426,-0.135708
54.127,0.0929448,0.296737,0.141601,-0.135647
54.1497,0.0914001,0.250028,0.134008,-0.134796
54.1723,0.0898397,0.283099,0.142707,-0.133357
54.195,0.0882638,0.26434,0.111644,-0.13357
54.2177,0.0866727,0.280482,0.159227,-0.132418
54.2404,0.0850667,0.285274,0.154961,-0.131243
54.263,0.0834461,0.283143,0.167801,-0.130781
54.2857,0.0818111,0.250986,0.168754,-0.129783
54.3084,0.080162,0.249634,0.151144,-0.128372
54.3311,0.0784992,0.226964,0.154309,-0.126866
54.3537,0.0768229,0.255678,0.130997,-0.127287
54.3764,0.0751335,0.277142,0.197904,-0.125068
54.3991,0.0734312,0.241198,0.16323,-0.124895
54.4218,0.0717163,0.255364,0.185728,-0.123282
54.4444,0.0699892,0.232277,0.168241,-0.12195
54.4671,0.0682501,0.243383,0.182777,-0.120741
54.4898,0.0664994,0.239734,0.20428,-0.120397
54.5125,0.0647374,0.213783,0.180991,-0.119541
54.5351,0.0629644,0.23334,0.189697,-0.117611
54.5578,0.0611806,0.214709,0.180968,-0.116451
54.5805,0.0593865,0.251314,0.21983,-0.115809
54.6032,0.0575823,0.209777,0.195087,-0.114263
54.6259,0.0557683,0.233903,0.195193,-0.112849
54.6485,0.0539449,0.22026,0.185903,-0.111606
54.6712,0.0521125,0.233645,0.213421,-0.110202
54.6939,0.0502712,0.230333,0.245888,-0.107297
54.7166,0.0484215,0.202978,0.192384,-0.107905
54.7392,0.0465636,0.234888,0.23203,-0.105572
54.7619,0.044698,0.203516,0.226845,-0.104167
54.7846,0.0428249,0.201047,0.233976,-0.103554
54.8073,0.0409446,0.205205,0.24455,-0.101861
54.8299,0.0390576,0.183868,0.224951,-0.102241
54.8526,0.037164,0.17097,0.230478,-0.0984004
54.8753,0.0352643,0.193221,0.251173,-0.0971808
54.898,0.0333589,0.195846,0.25398,-0.0952196
54.9206,0.0314479,0.171799,0.230623,-0.0951494
54.9433,0.0295318,0.166816,0.234167,-0.0922546
54.966,0.0276109,0.182541,0.262187,-0.0910847
54.9887,0.0256856,0.155047,0.23566,-0.0897042
55.0113,0.0237561,0.154092,0.251268,-0.0881109
55.034,0.0218229,0.159122,0.245177,-0.0867678
55.0567,0.0198862,0.1756,0.278759,-0.0841095
55.0794,0.0179465,0.135807,0.2628,-0.0835881
55.102,0.0160039,0.146244,0.24454,-0.0809545
55.1247,0.014059,0.149276,0.289763,-0.0793195
55.1474,0.012112,0.114395,0.265379,-0.0787549
55.1701,0.0101632,0.137411,0.260789,-0.0762712
55.1927,0.0082131,0.155677,0.275727,-0.0736585
55.2154,0.00626193,0.138688,0.261889,-0.0725529
55.2381,0.00431005,0.155041,0.28194,-0.0709208
55.2608,0.00235783,0.135907,0.264687,-0.0684874
55.2834,0.00040558,0.128669,0.263069,-0.0671814
55.3061,-0.00154633,0.113328,0.28324,-0.0653298
55.3288,-0.00349757,0.121562,0.259148,-0.0648979
55.3515,-0.0054478,0.0925267,0.266475,-0.0615341
55.3741,-0.00739667,0.11541,0.31132,-0.0590663
55.3968,-0.00934383,0.103267,0.284403,-0.0588886
55.4195,-0.011289,0.0967549,0.284393,-0.0555769
55.4422,-0.0132317,0.0963805,0.249424,-0.0529876
55.4649,-0.0151717,0.095643,0.26578,-0.0528288
55.4875,-0.0171086,0.0942775,0.2891,-0.0507184
55.5102,-0.0190422,0.0743226,0.265632,-0.0488499
55.5329,-0.020972,0.0840565,0.286981,-0.0465172
55.5556,-0.0228977,0.0871368,0.268341,-0.0457206
55.5782,-0.0248189,0.0687434,0.275304,-0.0436978
55.6009,-0.0267354,0.07456,0.299843,-0.0402737
55.6236,-0.0286468,0.0901767,0.26563,-0.0392729
55.6463,-0.0305528,0.0748455,0.308859,-0.0362442
55.6689,-0.032453,0.0389387,0.266014,-0.0347638
55.6916,-0.0343471,0.0468503,0.288771,-0.0316326
55.7143,-0.0362347,0.0280744,0.287868,-0.0307838
55.737,-0.0381156,0.0559069,0.293015,-0.0299089
55.7596,-0.0399894,0.0398487,0.281497,-0.0267085
55.7823,-0.0418557,0.0287434,0.288082,-0.0242641
55.805,-0.0437143,0.031923,0.298738,-0.0236581
55.8277,-0.0455648,0.0296622,0.279729,-0.0225637
55.8503,-0.0474069,0.0103169,0.272264,-0.0181679
55.873,-0.0492402,0.026739,0.313087,-0.0172515
55.8957,-0.0510645,0.0232693,0.289744,-0.0154521
55.9184,-0.0528793,-0.0130605,0.272563,-0.0134977
55.941,-0.0546845,0.0199255,0.272636,-0.0105476
55.9637,-0.0564797,0.00112688,0.280224,-0.00853743
55.9864,-0.0582645,-0.0155424,0.27448,-0.00639741
56.0091,-0.0600387,-0.00601754,0.268474,-0.00280761
56.0317,-0.0618019,-0.00320686,0.281897,-0.00207554
56.0544,-0.0635538,-0.012602,0.287863,-0.000175095
56.0771,-0.0652941,-0.0280699,0.267605,0.0020579
56.0998,-0.0670226,-0.00784617,0.28152,0.00328233
56.1224,-0.0687388,-0.00348274,0.301698,0.00602181
56.1451,-0.0704425,-0.0481264,0.285426,0.00868458
56.1678,-0.0721335,-0.0550526,0.268872,0.0100218
56.1905,-0.0738113,-0.0516085,0.277674,0.0126041
56.2132,-0.0754757,-0.0498336,0.297487,0.0137205
56.2358,-0.0771264,-0.0524045,0.289807,0.0153613
56.2585,-0.0787632,-0.0844688,0.264794,0.0184034
56.2812,-0.0803856,-0.041524,0.288281,0.020132
56.3039,-0.0819935,-0.0543984,0.268376,0.0217938
56.3265,-0.0835866,-0.0649334,0.281788,0.0247733
56.3492,-0.0851645,-0.0743603,0.268232,0.0257426
56.3719,-0.086727,-0.0823376,0.265093,0.0285643
56.3946,-0.0882738,-0.0692829,0.251336,0.0299068
56.4172,-0.0898046,-0.0830864,0.254928,0.0320528
56.4399,-0.0913192,-0.097208,0.263153,0.0353047
56.4626,-0.0928173,-0.0454907,0.267556,0.0360461
56.4853,-0.0942987,-0.0977659,0.250093,0.0386551
56.5079,-0.0957629,-0.116038,0.248197,0.0411907
56.5306,-0.0972099,-0.107323,0.238647,0.0418993
56.5533,-0.0986394,-0.104835,0.251947,0.0438072
56.576,-0.100051,-0.111721,0.258542,0.04685
56.5986,-0.101445,-0.0974227,0.261185,0.0489789
56.6213,-0.10282,-0.0741667,0.287201,0.0496996
56.644,-0.104176,-0.0970631,0.280775,0.0529306
56.6667,-0.105514,-0.104838,0.240307,0.054683
56.6893,-0.106833,-0.123911,0.249005,0.056395
56.712,-0.108133,-0.134637,0.239859,0.0577097
56.7347,-0.109413,-0.129607,0.235777,0.0603087
56.7574,-0.110673,-0.133595,0.246237,0.0624784
56.78,-0.111913,-0.144003,0.230525,0.0644884
56.8027,-0.113134,-0.141816,0.255761,0.066125
56.8254,-0.114333,-0.159464,0.241779,0.0670798
56.8481,-0.115512,-0.142182,0.234486,0.0701461
56.8707,-0.116671,-0.132918,0.249853,0.0716877
56.8934,-0.117808,-0.14603,0.226123,0.0726665
56.9161,-0.118924,-0.157524,0.234154,0.075976
56.9388,-0.120018,-0.154098,0.233242,0.0764817
56.9615,-0.121091,-0.138377,0.239141,0.0782562
56.9841,-0.122142,-0.198166,0.192709,0.0805148
57.0068,-0.123171,-0.186733,0.200486,0.0832909
57.0295,-0.124178,-0.168073,0.22319,0.0836495
57.0522,-0.125162,-0.17631,0.201259,0.0864464
57.0748,-0.126124,-0.171328,0.196413,0.0872633
57.0975,-0.127063,-0.179881,0.22387,0.0885991
57.1202,-0.127979,-0.186296,0.209755,0.0902566
57.1429,-0.128872,-0.184811,0.19576,0.0924876
57.1655,-0.129742,-0.187134,0.182977,0.0942279
57.1882,-0.130588,-0.180905,0.193072,0.0957394
57.2109,-0.131411,-0.189933,0.189322,0.0972402
57.2336,-0.13221,-0.199425,0.183882,0.099627
57.2562,-0.132985,-0.201237,0.181673,0.100812
57.2789,-0.133736,-0.189869,0.181374,0.10239
57.3016,-0.134463,-0.181229,0.174217,0.102893
57.3243,-0.135165,-0.21109,0.170856,0.104924
57.3469,-0.135843,-0.206361,0.165664,0.106858
57.3696,-0.136497,-0.189399,0.183383,0.109223
57.3923,-0.137126,-0.198539,0.182728,0.109048
57.415,-0.13773,-0.211079,0.164756,0.111924
57.4376,-0.138309,-0.194263,0.168459,0.112139
57.4603,-0.138863,-0.209495,0.145851,0.113705
57.483,-0.139392,-0.217746,0.149282,0.115921
57.5057,-0.139896,-0.206898,0.150989,0.116702
57.5283,-0.140374,-0.206994,0.165898,0.118364
57.551,-0.140827,-0.238639,0.134191,0.119653
57.5737,-0.141255,-0.212496,0.148125,0.120968
57.5964,-0.141657,-0.234054,0.153231,0.122688
57.619,-0.142033,-0.238378,0.137368,0.122828
57.6417,-0.142383,-0.245069,0.151629,0.125124
57.6644,-0.142708,-0.237028,0.143139,0.12614
57.6871,-0.143006,-0.213364,0.138104,0.12726
57.7098,-0.143279,-0.249214,0.13067,0.128058
57.7324,-0.143526,-0.258205,0.12845,0.129092
57.7551,-0.143747,-0.2466,0.118854,0.130635
57.7778,-0.143941,-0.228662,0.123081,0.131676
57.8005,-0.14411,-0.255468,0.09669,0.132365
57.8231,-0.144252,-0.240291,0.119175,0.134249
57.8458,-0.144368,-0.237866,0.124389,0.134503
57.8685,-0.144458,-0.240963,0.107732,0.136051
57.8912,-0.144521,-0.237445,0.108601,0.137112
57.9138,-0.144558,-0.274847,0.0848558,0.13718
57.9365,-0.144569,-0.244117,0.0928914,0.138005
57.9592,-0.144554,-0.249621,0.0871768,0.139519
57.9819,-0.144512,-0.25458,0.067736,0.139478
58.0045,-0.144444,-0.241521,0.0909159,0.14207
58.0272,-0.144349,-0.250155,0.0792375,0.141194
58.0499,-0.144228,-0.23853,0.0879878,0.142623
58.0726,-0.144081,-0.233293,0.0892316,0.143896
58.0952,-0.143908,-0.243223,0.0735489,0.144074
58.1179,-0.143708,-0.25535,0.0664367,0.144529
58.1406,-0.143482,-0.251314,0.063728,0.144968
58.1633,-0.14323,-0.272905,0.0518881,0.146504
58.1859,-0.142952,-0.251411,0.0707873,0.145822
58.2086,-0.142647,-0.256652,0.0610159,0.146723
58.2313,-0.142316,-0.25147,0.0680448,0.147637
58.254,-0.14196,-0.251103,0.0669952,0.148479
58.2766,-0.141577,-0.228357,0.0750979,0.149175
58.2993,-0.141168,-0.254904,0.0388828,0.149064
58.322,-0.140734,-0.247674,0.0371181,0.150029
58.3447,-0.140273,-0.252926,0.0194336,0.150479
58.3673,-0.139787,-0.256838,0.0196112,0.150988
58.39,-0.139275,-0.253176,0.0242397,0.15152
58.4127,-0.138738,-0.247233,0.0190411,0.152654
58.4354,-0.138175,-0.26573,0.00541009,0.151457
58.458,-0.137586,-0.25246,0.0291826,0.15191
58.4807,-0.136973,-0.284931,-0.0120733,0.152361
58.5034,-0.136334,-0.266728,0.00988539,0.152113
58.5261,-0.13567,-0.261342,0.0157589,0.152075
58.5488,-0.134981,-0.274989,-8.37374e-06,0.15235
58.5714,-0.134267,-0.250395,-0.000974206,0.153686
58.5941,-0.133528,-0.215401,0.00207292,0.152987
58.6168,-0.132765,-0.274217,-0.02832,0.153011
58.6395,-0.131977,-0.261626,-0.030043,0.154086
58.6621,-0.131165,-0.270888,-0.0453836,0.153872
58.6848,-0.130328,-0.240663,-0.0010964,0.153294
58.7075,-0.129467,-0.254284,-0.0364421,0.153431
58.7302,-0.128583,-0.272797,-0.0490694,0.152898
58.7528,-0.127674,-0.243855,-0.0265663,0.152553
58.7755,-0.126742,-0.252745,-0.0291741,0.153064
58.7982,-0.125786,-0.255203,-0.0327445,0.152337
58.8209,-0.124807,-0.256325,-0.0404758,0.151856
58.8435,-0.123805,-0.245143,-0.0185165,0.15215
58.8662,-0.122779,-0.2393,-0.0518629,0.15178
58.8889,-0.121731,-0.245506,-0.0821603,0.151654
58.9116,-0.12066,-0.217129,-0.0298659,0.152534
58.9342,-0.119567,-0.250432,-0.0637521,0.149949
58.9569,-0.118451,-0.261975,-0.0611784,0.150604
58.9796,-0.117313,-0.256086,-0.0633167,0.150746
59.0023,-0.116153,-0.246419,-0.0691139,0.149331
59.0249,-0.114972,-0.260929,-0.0716209,0.148938
59.0476,-0.113769,-0.252997,-0.0542898,0.148555
59.0703,-0.112544,-0.241739,-0.0712459,0.14834
59.093,-0.111299,-0.214624,-0.05614,0.147816
59.1156,-0.110033,-0.238301,-0.0717729,0.146698
59.1383,-0.108745,-0.237339,-0.109494,0.146595
59.161,-0.107438,-0.222574,-0.117106,0.145614
59.1837,-0.10611,-0.228029,-0.105042,0.144704
59.2063,-0.104762,-0.217608,-0.101156,0.144814
59.229,-0.103395,-0.248422,-0.105531,0.143611
59.2517,-0.102008,-0.247492,-0.113932,0.142826
59.2744,-0.100601,-0.235152,-0.127863,0.14216
59.2971,-0.0991756,-0.233127,-0.0978931,0.140814
59.3197,-0.0977314,-0.209721,-0.08969,0.140853
59.3424,-0.0962685,-0.250477,-0.108827,0.139611
59.3651,-0.0947874,-0.243204,-0.138908,0.138681
59.3878,-0.0932882,-0.226767,-0.118351,0.13858
59.4104,-0.0917713,-0.219516,-0.121135,0.137189
59.4331,-0.0902368,-0.205771,-0.131195,0.136773
59.4558,-0.0886851,-0.247332,-0.151743,0.135013
59.4785,-0.0871164,-0.231453,-0.148913,0.133646
59.5011,-0.085531,-0.215222,-0.146728,0.133142
59.5238,-0.0839292,-0.227109,-0.142636,0.131957
59.5465,-0.0823113,-0.193161,-0.152624,0.130342
59.5692,-0.0806774,-0.197052,-0.134882,0.13013
59.5918,-0.0790281,-0.2025,-0.146343,0.128665
59.6145,-0.0773634,-0.189162,-0.174444,0.126803
59.6372,-0.0756838,-0.191319,-0.161187,0.125819
59.6599,-0.0739895,-0.186062,-0.170591,0.124586
59.6825,-0.0722808,-0.182753,-0.171297,0.124329
59.7052,-0.070558,-0.197357,-0.184703,0.122637
59.7279,-0.0688215,-0.18424,-0.171352,0.120657
59.7506,-0.0670715,-0.190202,-0.159377,0.119548
59.7732,-0.0653083,-0.193339,-0.177467,0.118892
59.7959,-0.0635322,-0.180411,-0.177443,0.11728
59.8186,-0.0617437,-0.168837,-0.156182,0.115321
59.8413,-0.0599429,-0.168423,-0.171663,0.113348
59.8639,-0.0581302,-0.173136,-0.175096,0.112247
59.8866,-0.056306,-0.167695,-0.183946,0.110766
59.9093,-0.0544705,-0.151546,-0.1688,0.10974
59.932,-0.0526241,-0.176706,-0.198482,0.10782
59.9546,-0.0507672,-0.148758,-0.190968,0.106422
59.9773,-0.0489,-0.144953,-0.205353,0.105202
60,-0.0470228,-0.153139,-0.187472,0.103695
60.0227,-0.0451361,-0.15902,-0.198438,0.101829
60.0454,-0.0432401,-0.15885,-0.20306,0.0995667
60.068,-0.0413353,-0.156952,-0.214553,0.0978318
60.0907,-0.0394219,-0.149361,-0.20484,0.0960481
60.1134,-0.0375003,-0.128462,-0.188973,0.0953204
60.1361,-0.0355708,-0.170112,-0.201456,0.093115
60.1587,-0.0336337,-0.145901,-0.232499,0.0914082
60.1814,-0.0316896,-0.133273,-0.214411,0.0899846
60.2041,-0.0297386,-0.147632,-0.216925,0.0877606
60.2268,-0.0277811,-0.123352,-0.187179,0.0865526
60.2494,-0.0258175,-0.141167,-0.209725,0.084555
60.2721,-0.0238482,-0.123824,-0.235023,0.0825669
60.2948,-0.0218735,-0.115335,-0.216389,0.081222
60.3175,-0.0198937,-0.109145,-0.208818,0.0793677
60.3401,-0.0179093,-0.106003,-0.220227,0.0766836
60.3628,-0.0159206,-0.116245,-0.236091,0.0752735
60.3855,-0.0139279,-0.107941,-0.231294,0.0729996
60.4082,-0.0119316,-0.107475,-0.237832,0.0712047
60.4308,-0.00993203,-0.112,-0.224099,0.0698061
60.4535,-0.00792965,-0.0856683,-0.243352,0.0671711
60.4762,-0.00592477,-0.0698592,-0.222964,0.0657395
60.4989,-0.00391775,-0.106753,-0.237258,0.063296
60.5215,-0.00190899,-0.106383,-0.252335,0.0611385
60.5442,0.000101186,-0.0496957,-0.224772,0.0595627
60.5669,0.00211237,-0.0907661,-0.211803,0.0568951
60.5896,0.00412422,-0.0789651,-0.239719,0.0560156
60.6122,0.00613634,-0.0835255,-0.236798,0.0532081
60.6349,0.00814838,-0.0738906,-0.237346,0.0515129
60.6576,0.01016,-0.0709297,-0.212379,0.0490843
60.6803,0.0121707,-0.0838198,-0.236913,0.0467758
60.7029,0.0141803,-0.0755115,-0.247202,0.0450506
60.7256,0.0161883,-0.0542292,-0.253544,0.0431187
60.7483,0.0181943,-0.0294601,-0.239458,0.0404473
60.771,0.020198,-0.0511575,-0.243476,0.0381874
60.7937,0.0221991,-0.0389142,-0.211547,0.0368182
60.8163,0.0241971,-0.0253365,-0.247316,0.0342683
60.839,0.0261917,-0.0335838,-0.249417,0.0321868
60.8617,0.0281824,-0.0358314,-0.248733,0.0299741
60.8844,0.030169,-0.0401666,-0.262067,0.0283427
60.907,0.0321511,-0.0466223,-0.249044,0.0256092
60.9297,0.0341282,-0.0228426,-0.241601,0.0233075
60.9524,0.0361001,-0.0364725,-0.229472,0.0213576
60.9751,0.0380663,-0.0190188,-0.220942,0.0193136
60.9977,0.0400266,-0.00913301,-0.272726,0.0164045
61.0204,0.0419804,0.00267461,-0.230316,0.0149171
61.0431,0.0439275,-0.0018437,-0.256556,0.0127665
61.0658,0.0458674,0.0244655,-0.232168,0.0106733
61.0884,0.0477999,0.0116654,-0.239025,0.00782426
61.1111,0.0497246,-0.00802505,-0.26485,0.00620996
61.1338,0.051641,-0.0164833,-0.255597,0.0036726
61.1565,0.0535489,0.0155385,-0.254509,0.00133748
61.1791,0.0554479,-0.00314535,-0.249483,-0.00090401
61.2018,0.0573375,0.0255562,-0.243367,-0.00387644
61.2245,0.0592175,0.0176559,-0.231849,-0.00532579
61.2472,0.0610876,0.0307285,-0.242615,-0.0077195
61.2698,0.0629472,0.0130129,-0.260971,-0.0103154
61.2925,0.0647962,0.0460519,-0.249092,-0.0117297
61.3152,0.0666341,0.0366363,-0.246487,-0.0138794
61.3379,0.0684606,0.026026,-0.258426,-0.0171585
61.3605,0.0702753,0.0361003,-0.248023,-0.0189117
61.3832,0.072078,0.050099,-0.230063,-0.020333
61.4059,0.0738681,0.0216913,-0.261675,-0.0235684
61.4286,0.0756455,0.00542432,-0.299443,-0.0250842
61.4512,0.0774098,0.0503297,-0.24548,-0.0279524
61.4739,0.0791606,0.0561038,-0.237978,-0.030545
61.4966,0.0808975,0.0705735,-0.225474,-0.0325052
61.5193,0.0826204,0.066622,-0.264725,-0.0345691
61.542,0.0843287,0.09466,-0.219346,-0.0366902
61.5646,0.0860223,0.0933983,-0.260402,-0.0389759
61.5873,0.0877007,0.0567771,-0.270175,-0.0406744
61.61,0.0893637,0.0603546,-0.256761,-0.0427111
61.6327,0.0910109,0.0578927,-0.263187,-0.0449968
61.6553,0.0926419,0.0732125,-0.213117,-0.0478115
61.678,0.0942566,0.0740137,-0.247566,-0.0496539
61.7007,0.0958545,0.0915039,-0.234178,-0.0518258
61.7234,0.0974354,0.0950257,-0.220682,-0.0543118
61.746,0.0989989,0.0950557,-0.237141,-0.0559
61.7687,0.100545,0.112842,-0.208875,-0.0583288
61.7914,0.102073,0.0860746,-0.26431,-0.0601988
61.8141,0.103582,0.11052,-0.211566,-0.0625824
61.8367,0.105073,0.102269,-0.227355,-0.0642546
61.8594,0.106546,0.0904735,-0.227921,-0.0665196
61.8821,0.107999,0.0942127,-0.205397,-0.0688755
61.9048,0.109432,0.12274,-0.21325,-0.0711443
61.9274,0.110846,0.0940386,-0.228814,-0.0729038
61.9501,0.11224,0.109396,-0.224562,-0.0752623
61.9728,0.113614,0.116965,-0.220312,-0.0767556
61.9955,0.114967,0.124,-0.201231,-0.0793022
62.0181,0.116299,0.151051,-0.209857,-0.0805239
62.0408,0.117611,0.131211,-0.223076,-0.082929
62.0635,0.118901,0.134514,-0.184809,-0.0854693
62.0862,0.120169,0.132015,-0.219935,-0.0870938
62.1088,0.121415,0.14008,-0.236174,-0.0884717
62.1315,0.122639,0.163423,-0.233286,-0.090485
62.1542,0.123841,0.10359,-0.219034,-0.0922057
62.1769,0.125021,0.12088,-0.212424,-0.0945866
62.1995,0.126177,0.142994,-0.211619,-0.0965568
62.2222,0.12731,0.169588,-0.19938,-0.0982407
62.2449,0.12842,0.181831,-0.17176,-0.100128
62.2676,0.129507,0.146821,-0.204519,-0.102129
62.2902,0.130569,0.165939,-0.225445,-0.104078
62.3129,0.131608,0.174292,-0.229486,-0.106073
62.3356,0.132623,0.159485,-0.204473,-0.107238
62.3583,0.133613,0.159187,-0.194052,-0.109369
62.381,0.134578,0.192415,-0.171507,-0.110972
62.4036,0.135518,0.189117,-0.163514,-0.112812
62.4263,0.136434,0.172016,-0.191374,-0.114128
62.449,0.137324,0.201322,-0.148556,-0.115813
62.4717,0.138189,0.16251,-0.164945,-0.117335
62.4943,0.139028,0.173608,-0.168655,-0.119799
62.517,0.139842,0.169906,-0.198332,-0.120668
62.5397,0.140629,0.179497,-0.172762,-0.122389
62.5624,0.141391,0.201157,-0.148629,-0.12381
62.585,0.142126,0.21317,-0.143304,-0.125498
62.6077,0.142835,0.196699,-0.145734,-0.126742
62.6304,0.143517,0.202499,-0.169021,-0.128334
62.6531,0.144172,0.21941,-0.1616,-0.129438
62.6757,0.1448,0.179124,-0.151996,-0.130902
62.6984,0.145402,0.224152,-0.152358,-0.132509
62.7211,0.145976,0.220787,-0.162384,-0.134048
62.7438,0.146522,0.204273,-0.164483,-0.135552
62.7664,0.147042,0.200649,-0.165815,-0.136868
62.7891,0.147533,0.231489,-0.125805,-0.137869
62.8118,0.147997,0.239874,-0.127792,-0.138994
62.8345,0.148434,0.20918,-0.133855,-0.140555
62.8571,0.148842,0.208077,-0.154874,-0.141904
62.8798,0.149222,0.238873,-0.136705,-0.142533
62.9025,0.149574,0.196325,-0.143153,-0.143959
62.9252,0.149898,0.225937,-0.124112,-0.145111
62.9478,0.150194,0.211644,-0.135419,-0.146188
62.9705,0.150461,0.238599,-0.0946548,-0.147192
62.9932,0.1507,0.233318,-0.0974369,-0.148412
63.0159,0.15091,0.249706,-0.128611,-0.149402
63.0385,0.151092,0.231235,-0.101594,-0.150478
63.0612,0.151245,0.210947,-0.116789,-0.151609
63.0839,0.151369,0.226831,-0.114587,-0.152706
63.1066,0.151464,0.224878,-0.107854,-0.153706
63.1293,0.151531,0.257088,-0.0742,-0.153758
63.1519,0.151569,0.21305,-0.11548,-0.154843
63.1746,0.151578,0.213726,-0.0971043,-0.156113
63.1973,0.151558,0.252499,-0.0672349,-0.1568
63.22,0.151509,0.243494,-0.0763864,-0.157156
63.2426,0.151432,0.263156,-0.0681755,-0.157518
63.2653,0.151325,0.223738,-0.0597939,-0.158911
63.288,0.151189,0.226618,-0.105673,-0.159641
63.3107,0.151024,0.271242,-0.0568783,-0.160397
63.3333,0.150831,0.23695,-0.0568799,-0.160797
63.356,0.150608,0.256495,-0.0500254,-0.161268
63.3787,0.150357,0.250544,-0.0532676,-0.161727
63.4014,0.150076,0.264741,-0.0458653,-0.162255
63.424,0.149767,0.296132,-0.0633318,-0.162524
63.4467,0.149429,0.254518,-0.00220168,-0.162969
63.4694,0.149062,0.249323,-0.0539051,-0.163886
63.4921,0.148666,0.272753,-0.042009,-0.163849
63.5147,0.148242,0.24061,-0.0250566,-0.164242
63.5374,0.147788,0.241202,-0.0433696,-0.164787
63.5601,0.147307,0.283798,0.00488423,-0.164648
63.5828,0.146796,0.252504,-0.0197698,-0.165118
63.6054,0.146257,0.270954,-0.0127104,-0.165426
63.6281,0.14569,0.275866,0.00309883,-0.165668
63.6508,0.145095,0.257652,-0.000723548,-0.16575
63.6735,0.144471,0.209578,-0.0120182,-0.166201
63.6961,0.143819,0.282903,0.0312687,-0.165699
63.7188,0.143139,0.274365,0.0254711,-0.165999
63.7415,0.142431,0.216162,0.0110042,-0.16571
63.7642,0.141695,0.25487,-0.000397781,-0.165535
63.7868,0.140932,0.262557,0.0117707,-0.165842
63.8095,0.140141,0.260578,0.0358343,-0.165858
63.8322,0.139322,0.259138,-0.0167395,-0.165361
63.8549,0.138476,0.273129,-0.005217,-0.165311
63.8776,0.137603,0.22376,0.0296491,-0.165559
63.9002,0.136703,0.266947,0.026704,-0.165497
63.9229,0.135776,0.28014,0.0241829,-0.164635
63.9456,0.134822,0.325529,0.0577768,-0.16438
63.9683,0.133842,0.265422,0.0137513,-0.163953
63.9909,0.132835,0.271207,0.0648622,-0.164209
64.0136,0.131802,0.257564,0.051282,-0.163654
64.0363,0.130742,0.287262,0.0850558,-0.162983
64.059,0.129657,0.264048,0.0757534,-0.162586
64.0816,0.128546,0.240642,0.058083,-0.161688
64.1043,0.127409,0.266561,0.0907711,-0.16156
64.127,0.126247,0.265642,0.055893,-0.160821
64.1497,0.12506,0.286257,0.0735645,-0.16044
64.1723,0.123848,0.268383,0.0989504,-0.159785
64.195,0.122611,0.273414,0.097894,-0.159248
64.2177,0.12135,0.19785,0.0548063,-0.158783
64.2404,0.120064,0.255974,0.073985,-0.157738
64.263,0.118755,0.255947,0.104788,-0.15689
64.2857,0.117421,0.258087,0.127213,-0.156009
64.3084,0.116064,0.26592,0.0858318,-0.155581
64.3311,0.114683,0.235933,0.0719767,-0.154569
64.3537,0.113279,0.230457,0.0918987,-0.153626
64.3764,0.111852,0.209445,0.0627379,-0.153014
64.3991,0.110403,0.248365,0.102607,-0.151983
64.4218,0.108931,0.231976,0.0991202,-0.150931
64.4444,0.107437,0.197714,0.0694253,-0.149924
64.4671,0.105921,0.237381,0.117879,-0.149295
64.4898,0.104384,0.229251,0.11354,-0.147653
64.5125,0.102825,0.241083,0.121536,-0.146579
64.5351,0.101245,0.250201,0.131961,-0.145624
64.5578,0.0996444,0.225366,0.122038,-0.143975
64.5805,0.0980233,0.172852,0.108051,-0.143015
64.6032,0.096382,0.214871,0.135496,-0.142069
64.6259,0.0947208,0.25505,0.120007,-0.140562
64.6485,0.0930401,0.225696,0.159629,-0.139465
64.6712,0.09134,0.236399,0.150083,-0.13841
64.6939,0.089621,0.21949,0.112349,-0.136811
64.7166,0.0878833,0.209303,0.1447,-0.135673
64.7392,0.0861273,0.249211,0.19047,-0.134113
64.7619,0.0843532,0.180589,0.142262,-0.132266
64.7846,0.0825614,0.164105,0.113482,-0.131229
64.8073,0.0807523,0.199208,0.192536,-0.129749
64.8299,0.0789262,0.196968,0.201811,-0.128204
64.8526,0.0770833,0.210755,0.163869,-0.126573
64.8753,0.0752241,0.210004,0.187906,-0.124983
64.898,0.0733488,0.214924,0.181486,-0.123926
64.9206,0.0714579,0.205126,0.179167,-0.122101
64.9433,0.0695517,0.164385,0.170772,-0.12035
64.966,0.0676305,0.187755,0.172486,-0.118586
64.9887,0.0656946,0.174606,0.20725,-0.117003
65.0113,0.0637446,0.199043,0.215745,-0.115681
65.034,0.0617806,0.203641,0.207845,-0.113815
65.0567,0.0598031,0.173867,0.208249,-0.111658
65.0794,0.0578125,0.161988,0.208341,-0.10957
65.102,0.0558091,0.174258,0.199656,-0.107948
65.1247,0.0537933,0.127342,0.198047,-0.106302
65.1474,0.0517655,0.190887,0.217018,-0.104182
65.1701,0.049726,0.134182,0.176417,-0.10284
65.1927,0.0476753,0.102996,0.211221,-0.100369
65.2154,0.0456137,0.181801,0.194491,-0.0986876
65.2381,0.0435416,0.190275,0.243442,-0.0972382
65.2608,0.0414594,0.136787,0.233081,-0.0949113
65.2834,0.0393676,0.155607,0.196813,-0.0927058
65.3061,0.0372664,0.104881,0.23331,-0.0909694
65.3288,0.0351563,0.128459,0.216175,-0.0887202
65.3515,0.0330377,0.107366,0.244999,-0.0868621
65.3741,0.0309111,0.107189,0.196641,-0.0848577
65.3968,0.0287767,0.188228,0.24242,-0.082418
65.4195,0.0266351,0.141414,0.225813,-0.0805084
65.4422,0.0244865,0.156201,0.202165,-0.0785763
65.4649,0.0223316,0.130695,0.204282,-0.0763278
65.4875,0.0201705,0.129847,0.215661,-0.0741818
65.5102,0.0180039,0.127853,0.183913,-0.0720494
65.5329,0.015832,0.14598,0.262801,-0.0699909
65.5556,0.0136553,0.135638,0.2714,-0.0676293
65.5782,0.0114742,0.0980732,0.253677,-0.06548
65.6009,0.00928914,0.0776671,0.237875,-0.0630736
65.6236,0.00710054,0.127533,0.207531,-0.0609419
65.6463,0.00490883,0.119577,0.276608,-0.0591323
65.6689,0.00271443,0.100137,0.303956,-0.0563111
65.6916,0.000517741,0.125089,0.240033,-0.0542694
65.7143,-0.00168078,0.0911707,0.270647,-0.0520244
65.737,-0.00388072,0.132581,0.255744,-0.0495146
65.7596,-0.00608165,0.118208,0.254753,-0.0474688
65.7823,-0.00828315,0.0713635,0.225623,-0.0446472
65.805,-0.0104848,0.101578,0.213578,-0.0424386
65.8277,-0.0126861,0.0787125,0.239717,-0.0400693
65.8503,-0.0148867,0.0687055,0.291294,-0.0377762
65.873,-0.0170861,0.0494027,0.255948,-0.0354471
65.8957,-0.019284,0.0727018,0.30515,-0.0330266
65.9184,-0.0214799,0.0304115,0.285052,-0.0306782
65.941,-0.0236732,0.0558053,0.303271,-0.0281943
65.9637,-0.0258638,0.0692103,0.263903,-0.0259064
65.9864,-0.028051,0.0202537,0.235196,-0.0232449
66.0091,-0.0302344,0.0446848,0.288148,-0.0209309
66.0317,-0.0324137,0.00374562,0.260813,-0.0184491
66.0544,-0.0345884,0.0371237,0.239815,-0.0162631
66.0771,-0.036758,0.0358956,0.271206,-0.0134638
66.0998,-0.0389222,0.0375692,0.295849,-0.0113085
66.1224,-0.0410805,0.0246958,0.251921,-0.00877327
66.1451,-0.0432325,0.00673642,0.308695,-0.00628744
66.1678,-0.0453777,0.0595681,0.295739,-0.00407796
66.1905,-0.0475158,0.0108218,0.26412,-0.00121734
66.2132,-0.0496462,-0.0245779,0.268498,0.00118653
66.2358,-0.0517686,-0.0112676,0.252508,0.0034457
66.2585,-0.0538826,0.0163406,0.296067,0.00596915
66.2812,-0.0559877,-0.00300163,0.281761,0.00839317
66.3039,-0.0580835,0.0481231,0.281401,0.010848
66.3265,-0.0601696,0.0038046,0.279515,0.0133394
66.3492,-0.0622456,-0.0184335,0.250331,0.0159064
66.3719,-0.064311,-0.0454296,0.27079,0.018108
66.3946,-0.0663654,-0.00229024,0.307085,0.0205417
66.4172,-0.0684085,-0.0550441,0.270039,0.0231286
66.4399,-0.0704397,-0.0551362,0.327291,0.0254164
66.4626,-0.0724588,-0.0566892,0.248737,0.0281921
66.4853,-0.0744652,-0.0537855,0.230427,0.030483
66.5079,-0.0764587,0.0111615,0.334366,0.0328144
66.5306,-0.0784387,-0.0814343,0.273885,0.035372
66.5533,-0.0804049,-0.104135,0.260382,0.0376317
66.576,-0.0823568,-0.0712284,0.235699,0.0400231
66.5986,-0.0842941,-0.0405031,0.267052,0.0425742
66.6213,-0.0862164,-0.0907765,0.237432,0.0453123
66.644,-0.0881234,-0.0223591,0.274354,0.0473288
66.6667,-0.0900144,-0.0741676,0.235435,0.0497813
66.6893,-0.0918893,-0.079463,0.266368,0.0520783
66.712,-0.0937477,-0.0651877,0.254432,0.0547221
66.7347,-0.095589,-0.0510362,0.248954,0.0567188
66.7574,-0.097413,-0.0788786,0.243336,0.0591951
66.78,-0.0992194,-0.0881482,0.27762,0.0617471
66.8027,-0.101008,-0.0806788,0.25282,0.0640162
66.8254,-0.102777,-0.106415,0.209134,0.0664543
66.8481,-0.104528,-0.128308,0.26715,0.0684167
66.8707,-0.10626,-0.0918942,0.264512,0.070834
66.8934,-0.107972,-0.096357,0.232539,0.0731715
66.9161,-0.109665,-0.0852419,0.2843,0.075491
66.9388,-0.111337,-0.169238,0.250476,0.0778495
66.9615,-0.112988,-0.136857,0.212818,0.0801304
66.9841,-0.114618,-0.135855,0.267407,0.0823921
67.0068,-0.116228,-0.0929018,0.241058,0.0843148
67.0295,-0.117815,-0.148124,0.19972,0.0867582
67.0522,-0.119381,-0.134402,0.249803,0.0887574
67.0748,-0.120924,-0.120887,0.235821,0.0908649
67.0975,-0.122444,-0.161667,0.168826,0.0929454
67.1202,-0.123942,-0.155129,0.257261,0.095471
67.1429,-0.125417,-0.141235,0.198224,0.0974372
67.1655,-0.126867,-0.139703,0.187984,0.0992495
67.1882,-0.128294,-0.135501,0.219212,0.101471
67.2109,-0.129697,-0.199066,0.246369,0.103674
67.2336,-0.131075,-0.204149,0.178294,0.105712
67.2562,-0.132428,-0.160194,0.192123,0.107595
67.2789,-0.133757,-0.150697,0.206835,0.109457
67.3016,-0.13506,-0.173076,0.193589,0.111601
67.3243,-0.136337,-0.215961,0.172611,0.113445
67.3469,-0.137588,-0.157686,0.215061,0.115671
67.3696,-0.138813,-0.168515,0.160506,0.117292
67.3923,-0.140012,-0.259334,0.175206,0.119191
67.415,-0.141184,-0.150152,0.185619,0.121031
67.4376,-0.142329,-0.151871,0.196448,0.122919
67.4603,-0.143446,-0.214824,0.14902,0.124713
67.483,-0.144536,-0.176052,0.160038,0.126484
67.5057,-0.145599,-0.197503,0.20077,0.128181
67.5283,-0.146633,-0.208658,0.181808,0.130152
67.551,-0.147639,-0.256895,0.139861,0.131866
67.5737,-0.148617,-0.249141,0.158424,0.133469
67.5964,-0.149566,-0.215316,0.183219,0.135067
67.619,-0.150486,-0.215286,0.23859,0.136932
67.6417,-0.151377,-0.217271,0.131421,0.138058
67.6644,-0.152238,-0.222976,0.157845,0.139928
67.6871,-0.15307,-0.234775,0.172967,0.14145
67.7098,-0.153873,-0.203289,0.159513,0.142768
67.7324,-0.154645,-0.242802,0.166851,0.144511
67.7551,-0.155388,-0.205635,0.188769,0.146054
67.7778,-0.1561,-0.249505,0.150541,0.147409
67.8005,-0.156782,-0.213262,0.152885,0.148771
67.8231,-0.157433,-0.245616,0.164449,0.149982
67.8458,-0.158054,-0.229129,0.0990771,0.151492
67.8685,-0.158643,-0.230758,0.123888,0.152853
67.8912,-0.159202,-0.227299,0.145786,0.154036
67.9138,-0.159729,-0.26031,0.153988,0.155257
67.9365,-0.160225,-0.263921,0.105916,0.156717
67.9592,-0.16069,-0.234503,0.0953226,0.157679
67.9819,-0.161123,-0.259284,0.123599,0.15902
68.0045,-0.161524,-0.252017,0.0967443,0.160047
68.0272,-0.161894,-0.216049,0.120732,0.161312
68.0499,-0.162231,-0.278072,0.0978782,0.162185
68.0726,-0.162537,-0.240672,0.141081,0.163186
68.0952,-0.16281,-0.236568,0.105411,0.164336
68.1179,-0.163052,-0.273619,0.119577,0.165085
68.1406,-0.163261,-0.250739,0.0916807,0.166056
68.1633,-0.163437,-0.258831,0.0840762,0.166942
68.1859,-0.163581,-0.263435,0.0813509,0.167758
68.2086,-0.163693,-0.234742,0.0620466,0.168704
68.2313,-0.163773,-0.277213,0.0478873,0.16934
68.254,-0.163819,-0.28666,0.0632862,0.17028
68.2766,-0.163833,-0.244857,0.098671,0.170897
68.2993,-0.163815,-0.257912,0.0881708,0.171618
68.322,-0.163764,-0.228813,0.0609553,0.172336
68.3447,-0.16368,-0.230779,0.119839,0.173107
68.3673,-0.163563,-0.255772,0.0171156,0.173356
68.39,-0.163414,-0.265543,0.0446115,0.173867
68.4127,-0.163232,-0.305689,0.0464318,0.174575
68.4354,-0.163017,-0.259978,0.0755332,0.174928
68.458,-0.162769,-0.244158,0.0775302,0.175465
68.4807,-0.162489,-0.280625,-0.0246026,0.175849
68.5034,-0.162176,-0.244928,0.0597444,0.176264
68.5261,-0.161831,-0.262567,0.0466311,0.176671
68.5488,-0.161453,-0.221589,0.0187384,0.176705
68.5714,-0.161042,-0.273802,0.00141133,0.177068
68.5941,-0.160599,-0.255854,0.00564756,0.17733
68.6168,-0.160123,-0.281103,-0.0106366,0.177443
68.6395,-0.159615,-0.268095,-0.0115326,0.177576
68.6621,-0.159075,-0.253256,0.0243244,0.177823
68.6848,-0.158503,-0.228711,0.010633,0.17782
68.7075,-0.157898,-0.305356,-0.0210735,0.177814
68.7302,-0.157261,-0.300219,-0.0335638,0.177975
68.7528,-0.156593,-0.231716,-0.0147072,0.177804
68.7755,-0.155892,-0.299741,0.0194675,0.177753
68.7982,-0.15516,-0.280315,0.0218888,0.177626
68.8209,-0.154396,-0.253919,-0.0414068,0.177449
68.8435,-0.153601,-0.261191,0.0261363,0.177468
68.8662,-0.152774,-0.278615,-0.0538974,0.177087
68.8889,-0.151916,-0.28071,-0.0637128,0.176854
68.9116,-0.151027,-0.276702,-0.0267231,0.176515
68.9342,-0.150106,-0.257702,-0.0996209,0.176248
68.9569,-0.149156,-0.3072,-0.0461333,0.175686
68.9796,-0.148174,-0.256063,-0.0626565,0.17543
69.0023,-0.147162,-0.265904,-0.0557077,0.174916
69.0249,-0.14612,-0.284085,-0.0429687,0.174505
69.0476,-0.145047,-0.291749,-0.0959287,0.173939
69.0703,-0.143945,-0.255201,-0.0357257,0.173306
69.093,-0.142813,-0.265126,-0.126141,0.172908
69.1156,-0.141651,-0.306044,-0.0660439,0.172149
69.1383,-0.14046,-0.265437,-0.0681724,0.171597
69.161,-0.13924,-0.242968,-0.107205,0.170881
69.1837,-0.137991,-0.271346,-0.0685354,0.170068
69.2063,-0.136713,-0.261241,-0.0779437,0.16927
69.229,-0.135407,-0.27573,-0.0732062,0.168587
69.2517,-0.134073,-0.248878,-0.0657394,0.167708
69.2744,-0.132711,-0.242185,-0.127687,0.166722
69.2971,-0.13132,-0.274592,-0.100498,0.165908
69.3197,-0.129903,-0.232205,-0.111663,0.164978
69.3424,-0.128458,-0.253477,-0.100098,0.164004
69.3651,-0.126986,-0.252452,-0.120167,0.162967
69.3878,-0.125488,-0.241896,-0.127336,0.161905
69.4104,-0.123963,-0.230491,-0.116777,0.16081
69.4331,-0.122412,-0.246855,-0.131274,0.159748
69.4558,-0.120836,-0.27115,-0.134271,0.158554
69.4785,-0.119233,-0.23014,-0.133386,0.157303
69.5011,-0.117606,-0.24902,-0.153634,0.156134
69.5238,-0.115953,-0.255035,-0.122031,0.154913
69.5465,-0.114276,-0.258074,-0.159186,0.15361
69.5692,-0.112575,-0.267028,-0.14108,0.15235
69.5918,-0.110849,-0.184235,-0.15938,0.151037
69.6145,-0.1091,-0.210657,-0.132623,0.149591
69.6372,-0.107328,-0.23962,-0.152892,0.148064
69.6599,-0.105533,-0.184647,-0.165801,0.146729
69.6825,-0.103715,-0.22082,-0.186453,0.145174
69.7052,-0.101874,-0.179778,-0.15406,0.143623
69.7279,-0.100012,-0.231586,-0.193569,0.142243
69.7506,-0.0981279,-0.233998,-0.173873,0.140563
69.7732,-0.0962227,-0.173449,-0.193446,0.138946
69.7959,-0.0942966,-0.204992,-0.159064,0.137282
69.8186,-0.09235,-0.201091,-0.190051,0.135609
69.8413,-0.0903833,-0.179191,-0.198515,0.134012
69.8639,-0.0883968,-0.187056,-0.202383,0.132259
69.8866,-0.0863909,-0.189094,-0.177772,0.13053
69.9093,-0.084366,-0.192822,-0.206559,0.128799
69.932,-0.0823226,-0.17229,-0.223333,0.126987
69.9546,-0.0802609,-0.188087,-0.159506,0.125129
69.9773,-0.0781814,-0.167041,-0.192931,0.123281
70,-0.0760845,-0.191261,-0.19854,0.121396
70.0227,-0.0739707,-0.203678,-0.224085,0.119435
70.0454,-0.0718402,-0.208744,-0.263809,0.117491
70.068,-0.0696936,-0.173311,-0.220061,0.115522
70.0907,-0.0675312,-0.212174,-0.183597,0.113544
70.1134,-0.0653536,-0.159484,-0.23331,0.111529
70.1361,-0.063161,-0.180806,-0.24131,0.109578
70.1587,-0.0609539,-0.160694,-0.225823,0.107406
70.1814,-0.0587329,-0.185019,-0.259126,0.105401
70.2041,-0.0564982,-0.141179,-0.297598,0.10327
70.2268,-0.0542504,-0.135836,-0.227464,0.101068
70.2494,-0.0519898,-0.176554,-0.254395,0.0991041
70.2721,-0.0497171,-0.111039,-0.236426,0.0967804
70.2948,-0.0474325,-0.151835,-0.230559,0.0945984
70.3175,-0.0451365,-0.138859,-0.258612,0.0924922
70.3401,-0.0428296,-0.133168,-0.242466,0.0902039
70.3628,-0.0405123,-0.150657,-0.275111,0.0878313
70.3855,-0.038185,-0.128937,-0.280555,0.0856125
70.4082,-0.0358481,-0.14865,-0.251722,0.0832916
70.4308,-0.0335022,-0.1306,-0.253097,0.0810242
70.4535,-0.0311477,-0.161867,-0.272441,0.0786627
70.4762,-0.0287851,-0.0973896,-0.241035,0.0762867
70.4989,-0.0264149,-0.112563,-0.279854,0.0739537
70.5215,-0.0240374,-0.103423,-0.23838,0.0715754
70.5442,-0.0216533,-0.101376,-0.287944,0.0691128
70.5669,-0.0192629,-0.100174,-0.268165,0.0667843
70.5896,-0.0168668,-0.0574759,-0.244664,0.0643124
70.6122,-0.0144655,-0.0887865,-0.266021,0.0618748
70.6349,-0.0120593,-0.101318,-0.278037,0.0594096
70.6576,-0.00964891,-0.132972,-0.288902,0.0569692
70.6803,-0.00723469,-0.0861428,-0.283265,0.0544775
70.7029,-0.00481713,-0.0306294,-0.224722,0.0518918
70.7256,-0.00239675,-0.0664239,-0.266588,0.0494636
70.7483,2.59727e-05,-0.0757762,-0.276009,0.0469381
70.771,0.00245054,-0.0641345,-0.296955,0.0443598
70.7937,0.00487646,-0.0651411,-0.265406,0.0418727
70.8163,0.00730326,-0.0346624,-0.276145,0.0392607
70.839,0.00973042,-0.0651976,-0.272011,0.0366902
70.8617,0.0121575,-0.0862451,-0.284607,0.0341274
70.8844,0.0145839,-0.0262722,-0.26601,0.0315367
70.907,0.0170092,-0.0278022,-0.276245,0.0289276
70.9297,0.0194329,-0.078064,-0.293994,0.0264043
70.9524,0.0218545,-0.0272347,-0.308264,0.0237845
70.9751,0.0242735,0.0117911,-0.258534,0.0211995
70.9977,0.0266894,-0.0267939,-0.281677,0.0185831
71.0204,0.0291018,0.0021183,-0.262804,0.0158836
71.0431,0.03151,0.0198608,-0.291869,0.0133401
71.0658,0.0339137,0.0238357,-0.279862,0.0106605
71.0884,0.0363123,-0.0287081,-0.312505,0.00801066
71.1111,0.0387054,0.0152588,-0.293567,0.00540145
71.1338,0.0410924,-0.0281962,-0.292676,0.00279292
71.1565,0.0434728,0.0190214,-0.302848,0.000146774
71.1791,0.0458462,-0.0293564,-0.29647,-0.00250652
71.2018,0.0482121,-0.00404573,-0.263915,-0.00510665
71.2245,0.0505699,0.0166631,-0.257482,-0.00776057
71.2472,0.0529193,0.0179434,-0.271121,-0.0103868
71.2698,0.0552596,0.0384157,-0.274643,-0.013055
71.2925,0.0575905,0.0365266,-0.24534,-0.0156843
71.3152,0.0599113,0.0399098,-0.280227,-0.0183348
71.3379,0.0622218,0.0503964,-0.286063,-0.0209727
71.3605,0.0645213,0.0242944,-0.294323,-0.0235926
71.3832,0.0668094,0.0332282,-0.270963,-0.0262457
71.4059,0.0690856,0.0246902,-0.303816,-0.0288526
71.4286,0.0713495,0.0992394,-0.266767,-0.0314597
71.4512,0.0736005,0.0497938,-0.300342,-0.0340597
71.4739,0.0758382,0.0752929,-0.269271,-0.0366519
71.4966,0.0780622,0.0877058,-0.281106,-0.0392812
71.5193,0.0802718,0.0814382,-0.275898,-0.0418647
71.542,0.0824668,0.086564,-0.273598,-0.0444411
71.5646,0.0846466,0.0572883,-0.297136,-0.0469785
71.5873,0.0868108,0.105572,-0.287848,-0.0496048
71.61,0.0889589,0.116289,-0.265565,-0.0521633
71.6327,0.0910905,0.105361,-0.253881,-0.0546764
71.6553,0.093205,0.105694,-0.274276,-0.0572332
71.678,0.0953022,0.038975,-0.300504,-0.0597378
71.7007,0.0973814,0.100443,-0.257369,-0.062238
71.7234,0.0994423,0.113279,-0.252372,-0.0647606
71.746,0.101484,0.10946,-0.256543,-0.0672618
71.7687,0.103507,0.110245,-0.279272,-0.0696959
71.7914,0.105511,0.145025,-0.249295,-0.0721628
71.8141,0.107494,0.127862,-0.24908,-0.074642
71.8367,0.109457,0.137672,-0.252965,-0.0770616
71.8594,0.111399,0.135241,-0.266829,-0.079477
71.8821,0.113319,0.131759,-0.253258,-0.0818676
71.9048,0.115218,0.135072,-0.26545,-0.0842474
71.9274,0.117095,0.160671,-0.249209,-0.0866218
71.9501,0.118949,0.158435,-0.236919,-0.0889652
71.9728,0.12078,0.13039,-0.234664,-0.0913005
71.9955,0.122588,0.121949,-0.269435,-0.0936123
72.0181,0.124372,0.169288,-0.229906,-0.0959201
72.0408,0.126132,0.171255,-0.23485,-0.0981749
72.0635,0.127868,0.189338,-0.219764,-0.100417
72.0862,0.129579,0.1404,-0.24761,-0.102683
72.1088,0.131264,0.182559,-0.218181,-0.10491
72.1315,0.132924,0.15334,-0.241745,-0.107069
72.1542,0.134558,0.173112,-0.234808,-0.109243
72.1769,0.136165,0.201577,-0.218001,-0.11142
72.1995,0.137746,0.155914,-0.237928,-0.113509
72.2222,0.1393,0.200394,-0.175814,-0.115621
72.2449,0.140827,0.170109,-0.226351,-0.11769
72.2676,0.142325,0.184132,-0.203209,-0.119758
72.2902,0.143796,0.192498,-0.193597,-0.121779
72.3129,0.145238,0.17278,-0.216597,-0.123778
72.3356,0.146652,0.199208,-0.18813,-0.125769
72.3583,0.148036,0.216151,-0.205889,-0.127702
72.381,0.149392,0.19734,-0.214158,-0.129658
72.4036,0.150717,0.200685,-0.1888,-0.13154
72.4263,0.152013,0.215264,-0.18523,-0.133441
72.449,0.153279,0.203503,-0.19943,-0.135272
72.4717,0.154514,0.190451,-0.218618,-0.13708
72.4943,0.155718,0.222043,-0.190983,-0.138854
72.517,0.156891,0.200924,-0.181414,-0.140634
72.5397,0.158033,0.219814,-0.161796,-0.142348
72.5624,0.159144,0.216231,-0.172982,-0.144043
72.585,0.160222,0.222415,-0.171606,-0.145722
72.6077,0.161268,0.224927,-0.156684,-0.147361
72.6304,0.162283,0.25617,-0.18082,-0.148978
72.6531,0.163264,0.23082,-0.169834,-0.150543
72.6757,0.164213,0.219798,-0.170899,-0.152094
72.6984,0.165129,0.279106,-0.160667,-0.153627
72.7211,0.166011,0.216513,-0.176302,-0.155091
72.7438,0.16686,0.25775,-0.152764,-0.156559
72.7664,0.167676,0.263076,-0.146855,-0.157964
72.7891,0.168457,0.24926,-0.159663,-0.159348
72.8118,0.169205,0.251535,-0.161974,-0.160702
72.8345,0.169918,0.243532,-0.146789,-0.162019
72.8571,0.170597,0.265096,-0.116455,-0.163298
72.8798,0.171241,0.267412,-0.141544,-0.164552
72.9025,0.171851,0.268704,-0.121161,-0.165761
72.9252,0.172426,0.278012,-0.114434,-0.166942
72.9478,0.172966,0.277569,-0.103943,-0.16809
72.9705,0.17347,0.294808,-0.0962493,-0.169195
72.9932,0.17394,0.244525,-0.148702,-0.17027
73.0159,0.174374,0.265234,-0.10898,-0.171315
73.0385,0.174772,0.299207,-0.0906458,-0.172307
73.0612,0.175135,0.276346,-0.0695221,-0.173274
73.0839,0.175462,0.268279,-0.0865304,-0.174204
73.1066,0.175753,0.257647,-0.0953938,-0.175094
73.1293,0.176008,0.241315,-0.0851878,-0.175948
73.1519,0.176227,0.2927,-0.109106,-0.176767
73.1746,0.17641,0.29248,-0.0664298,-0.177551
73.1973,0.176557,0.255164,-0.0759636,-0.178285
73.22,0.176668,0.271565,-0.0731299,-0.178997
73.2426,0.176742,0.277861,-0.0637699,-0.179664
73.2653,0.17678,0.263914,-0.0706466,-0.180293
73.288,0.176782,0.303103,-0.0392494,-0.180882
73.3107,0.176747,0.273056,-0.079302,-0.181437
73.3333,0.176676,0.270043,-0.0613454,-0.181952
73.356,0.176569,0.283824,-0.0523623,-0.182426
73.3787,0.176425,0.27419,-0.0451551,-0.182863
73.4014,0.176245,0.247423,-0.0455796,-0.183261
73.424,0.176028,0.301338,-0.0298017,-0.183624
73.4467,0.175775,0.293517,-0.0265047,-0.183942
73.4694,0.175485,0.29982,-0.00941938,-0.184223
73.4921,0.175159,0.293932,-0.0274208,-0.184467
73.5147,0.174797,0.285913,-0.00957487,-0.184667
73.5374,0.174398,0.286818,-0.00801231,-0.184832
73.5601,0.173963,0.272004,-0.0205127,-0.184955
73.5828,0.173492,0.266903,-0.0276075,-0.185042
73.6054,0.172985,0.303672,0.0115248,-0.185087
73.6281,0.172442,0.278069,-0.00682761,-0.185093
73.6508,0.171863,0.299921,0.037291,-0.18506
73.6735,0.171249,0.276477,0.00451913,-0.184987
73.6961,0.170598,0.305836,0.0405731,-0.184874
73.7188,0.169912,0.291407,0.0135203,-0.184724
73.7415,0.16919,0.271804,0.00107265,-0.184533
73.7642,0.168433,0.308805,0.042341,-0.184303
73.7868,0.167641,0.315463,0.0475776,-0.184033
73.8095,0.166813,0.279008,0.0469726,-0.183725
73.8322,0.16595,0.297542,0.0320742,-0.183376
73.8549,0.165053,0.290525,0.0659313,-0.18299
73.8776,0.164121,0.276129,0.0447132,-0.182562
73.9002,0.163154,0.271079,0.0238851,-0.182098
73.9229,0.162154,0.307189,0.0836115,-0.181593
73.9456,0.161118,0.266621,0.065851,-0.181051
73.9683,0.160049,0.290739,0.0784428,-0.180468
73.9909,0.158947,0.274028,0.0808995,-0.179849
74.0136,0.15781,0.295359,0.061463,-0.179189
74.0363,0.15664,0.278551,0.0732687,-0.178493
74.059,0.155437,0.276537,0.0945489,-0.177757
74.0816,0.154202,0.267901,0.0761923,-0.176984
74.1043,0.152933,0.271284,0.0796537,-0.176172
74.127,0.151632,0.25252,0.0788369,-0.175324
74.1497,0.150299,0.268273,0.0807481,-0.174436
74.1723,0.148933,0.282921,0.121906,-0.173513
74.195,0.147536,0.273824,0.0941758,-0.17255
74.2177,0.146108,0.252256,0.0914299,-0.171553
74.2404,0.144649,0.269571,0.115021,-0.170517
74.263,0.143158,0.270557,0.114704,-0.169446
74.2857,0.141637,0.283272,0.134692,-0.168337
74.3084,0.140086,0.233788,0.0932201,-0.167193
74.3311,0.138504,0.272905,0.120182,-0.166012
74.3537,0.136893,0.256441,0.121064,-0.164797
74.3764,0.135253,0.260983,0.132471,-0.163545
74.3991,0.133583,0.255437,0.162704,-0.162259
74.4218,0.131885,0.250141,0.134351,-0.160937
74.4444,0.130158,0.247075,0.142673,-0.159582
74.4671,0.128403,0.245862,0.150717,-0.15819
74.4898,0.126621,0.248588,0.146765,-0.156767
74.5125,0.124811,0.256132,0.182531,-0.155308
74.5351,0.122974,0.234941,0.151868,-0.153817
74.5578,0.12111,0.237823,0.149948,-0.152292
74.5805,0.11922,0.236927,0.173607,-0.150735
74.6032,0.117304,0.240746,0.185025,-0.149144
74.6259,0.115363,0.221566,0.154478,-0.147523
74.6485,0.113396,0.235063,0.186571,-0.145868
74.6712,0.111405,0.209995,0.173304,-0.144184
74.6939,0.109389,0.239843,0.180882,-0.142466
74.7166,0.107349,0.221636,0.194705,-0.14072
74.7392,0.105286,0.206962,0.180707,-0.138941
74.7619,0.103199,0.231326,0.188485,-0.137135
74.7846,0.10109,0.201594,0.202778,-0.135296
74.8073,0.0989584,0.21261,0.202017,-0.133431
74.8299,0.0968049,0.224535,0.208835,-0.131535
74.8526,0.0946299,0.199529,0.209753,-0.129612
74.8753,0.0924339,0.206981,0.21028,-0.127659
74.898,0.0902173,0.185606,0.197921,-0.125681
74.9206,0.0879806,0.199058,0.221034,-0.123674
74.9433,0.0857242,0.171647,0.216366,-0.121642
74.966,0.0834485,0.18763,0.222751,-0.119581
74.9887,0.0811541,0.194782,0.224817,-0.117497
75.0113,0.0788414,0.199269,0.226332,-0.115385
75.034,0.0765108,0.175595,0.217718,-0.11325
75.0567,0.0741628,0.172935,0.221991,-0.111089
75.0794,0.071798,0.172977,0.250913,-0.108905
75.102,0.0694168,0.167676,0.217628,-0.106696
75.1247,0.0670196,0.171228,0.226282,-0.104466
75.1474,0.064607,0.168114,0.235912,-0.102211
75.1701,0.0621794,0.157155,0.229448,-0.0999364
75.1927,0.0597374,0.162679,0.250641,-0.0976377
75.2154,0.0572814,0.156551,0.223839,-0.09532
75.2381,0.054812,0.149807,0.242972,-0.0929792
75.2608,0.0523297,0.151222,0.265061,-0.0906206
75.2834,0.0498349,0.152289,0.232521,-0.08824
75.3061,0.0473282,0.134295,0.248474,-0.0858426
75.3288,0.0448101,0.148621,0.248694,-0.083424
75.3515,0.0422811,0.129648,0.243817,-0.0809898
75.3741,0.0397417,0.113858,0.252394,-0.0785355
75.3968,0.0371925,0.129575,0.273098,-0.0760665
75.4195,0.0346339,0.130323,0.253206,-0.0735784
75.4422,0.0320666,0.125346,0.274926,-0.0710768
75.4649,0.029491,0.101618,0.244726,-0.0685573
75.4875,0.0269076,0.106644,0.264284,-0.0660252
75.5102,0.0243171,0.102331,0.271294,-0.0634762
75.5329,0.0217199,0.0976204,0.276522,-0.0609158
75.5556,0.0191166,0.104996,0.260776,-0.0583397
75.5782,0.0165077,0.098737,0.275143,-0.0557532
75.6009,0.0138938,0.0898845,0.276769,-0.053152
75.6236,0.0112753,0.0878675,0.268265,-0.0505416
75.6463,0.00865294,0.0809154,0.270958,-0.0479177
75.6689,0.00602715,0.0812916,0.29404,-0.0452857
75.6916,0.00339849,0.0717614,0.271545,-0.0426412
75.7143,0.000767522,0.0642586,0.287135,-0.0399899
75.737,-0.00186522,0.0648235,0.274399,-0.0373272
75.7596,-0.00449917,0.0803948,0.290914,-0.0346587
75.7823,-0.00713379,0.0496868,0.282299,-0.0319801
75.805,-0.00976852,0.046802,0.284492,-0.0292968
75.8277,-0.0124028,0.0419037,0.277679,-0.0266046
75.8503,-0.0150361,0.0357471,0.272368,-0.0239088
75.873,-0.0176679,0.0503467,0.288015,-0.0212053
75.8957,-0.0202975,0.0486974,0.28887,-0.0184993
75.9184,-0.0229246,0.0361347,0.280197,-0.0157868
75.941,-0.0255484,0.0343107,0.284179,-0.013073
75.9637,-0.0281684,0.0177906,0.268618,-0.0103538
75.9864,-0.0307842,0.0426559,0.295666,-0.00763455
76.0091,-0.0333951,0.0206377,0.279415,-0.00491097
76.0317,-0.0360007,-0.00272845,0.260133,-0.00218864
76.0544,-0.0386002,0.00463089,0.274732,0.00053693
76.0771,-0.0411933,0.0197991,0.293138,0.0032601
76.0998,-0.0437793,-0.00299225,0.283619,0.00598528
76.1224,-0.0463577,0.00669692,0.293106,0.00870688
76.1451,-0.048928,-0.00831167,0.27055,0.0114294
76.1678,-0.0514896,-0.00958848,0.275661,0.0141471
76.1905,-0.054042,-0.0228348,0.276261,0.0168645
76.2132,-0.0565845,-0.0199891,0.283914,0.019576
76.2358,-0.0591168,-0.0170636,0.296661,0.022286
76.2585,-0.0616383,-0.0220011,0.281159,0.0249889
76.2812,-0.0641483,-0.0361993,0.272796,0.0276891
76.3039,-0.0666464,-0.0303315,0.276517,0.0303811
76.3265,-0.0691321,-0.0465061,0.275505,0.0330693
76.3492,-0.0716048,-0.0401267,0.270976,0.035748
76.3719,-0.074064,-0.0598681,0.263813,0.0384218
76.3946,-0.0765091,-0.0396943,0.29382,0.041085
76.4172,-0.0789397,-0.0458918,0.273989,0.0437422
76.4399,-0.0813552,-0.0597407,0.269398,0.0463875
76.4626,-0.0837552,-0.0521853,0.278408,0.0490256
76.4853,-0.086139,-0.0667206,0.266148,0.0516508
76.5079,-0.0885061,-0.0627001,0.274026,0.0542677
76.5306,-0.0908562,-0.0767011,0.264695,0.0568705
76.5533,-0.0931886,-0.0790407,0.265954,0.0594639
76.576,-0.0955029,-0.0844757,0.272999,0.0620421
76.5986,-0.0977986,-0.0895089,0.260922,0.0646097
76.6213,-0.100075,-0.089222,0.26672,0.0671611
76.644,-0.102332,-0.0961074,0.266791,0.0697007
76.6667,-0.104569,-0.100546,0.266092,0.072223
76.6893,-0.106785,-0.0981947,0.262062,0.0747325
76.712,-0.10898,-0.095068,0.266438,0.0772235
76.7347,-0.111154,-0.104384,0.251247,0.0797007
76.7574,-0.113305,-0.115757,0.256435,0.0821583
76.78,-0.115434,-0.130266,0.248511,0.084601
76.8027,-0.117541,-0.112955,0.26052,0.0870231
76.8254,-0.119623,-0.11509,0.251425,0.0894293
76.8481,-0.121682,-0.133179,0.238556,0.0918138
76.8707,-0.123717,-0.120345,0.250551,0.0941814
76.8934,-0.125727,-0.137347,0.246517,0.0965262
76.9161,-0.127711,-0.142218,0.247255,0.0988531
76.9388,-0.12967,-0.139586,0.240789,0.101156
76.9615,-0.131603,-0.140413,0.230572,0.10344
76.9841,-0.13351,-0.145343,0.249394,0.1057
77.0068,-0.135389,-0.150588,0.229778,0.107939
77.0295,-0.137242,-0.144825,0.230336,0.110153
77.0522,-0.139066,-0.16498,0.226306,0.112346
77.0748,-0.140863,-0.150883,0.229609,0.114513
77.0975,-0.142631,-0.167599,0.220426,0.116657
77.1202,-0.14437,-0.175868,0.223029,0.118774
77.1429,-0.146079,-0.151087,0.215092,0.120868
77.1655,-0.147759,-0.167315,0.216829,0.122934
77.1882,-0.149409,-0.172801,0.22276,0.124976
77.2109,-0.151029,-0.166544,0.221594,0.126989
77.2336,-0.152618,-0.180107,0.21448,0.128977
77.2562,-0.154176,-0.185437,0.202859,0.130935
77.2789,-0.155702,-0.181133,0.199162,0.132868
77.3016,-0.157196,-0.176159,0.196468,0.134769
77.3243,-0.158659,-0.205745,0.195837,0.136645
77.3469,-0.160088,-0.196081,0.199409,0.138488
77.3696,-0.161485,-0.202799,0.184158,0.140305
77.3923,-0.162849,-0.205792,0.192699,0.142089
77.415,-0.16418,-0.200092,0.196643,0.143845
77.4376,-0.165477,-0.202183,0.183658,0.145568
77.4603,-0.166739,-0.22064,0.178858,0.147262
77.483,-0.167968,-0.206577,0.171864,0.148922
77.5057,-0.169162,-0.207993,0.186972,0.150553
77.5283,-0.170321,-0.219156,0.172356,0.152149
77.551,-0.171445,-0.217022,0.170147,0.153715
77.5737,-0.172533,-0.223087,0.156988,0.155245
77.5964,-0.173586,-0.224919,0.152018,0.156746
77.619,-0.174603,-0.223369,0.161657,0.158209
77.6417,-0.175584,-0.216113,0.163801,0.159642
77.6644,-0.176528,-0.230947,0.144445,0.161038
77.6871,-0.177436,-0.246473,0.141125,0.162402
77.7098,-0.178307,-0.226546,0.148269,0.163728
77.7324,-0.179141,-0.231724,0.141507,0.165022
77.7551,-0.179938,-0.235346,0.140467,0.166278
77.7778,-0.180698,-0.240034,0.142341,0.167502
77.8005,-0.18142,-0.240366,0.129975,0.168687
77.8231,-0.182104,-0.23796,0.130043,0.169838
77.8458,-0.18275,-0.242707,0.12466,0.17095
77.8685,-0.183359,-0.23842,0.122121,0.172029
77.8912,-0.183929,-0.250485,0.115596,0.173068
77.9138,-0.18446,-0.248457,0.122881,0.174072
77.9365,-0.184954,-0.247469,0.108588,0.175037
77.9592,-0.185408,-0.240266,0.113622,0.175967
77.9819,-0.185824,-0.243411,0.110643,0.176856
78.0045,-0.186201,-0.251292,0.0924525,0.177711
78.0272,-0.186539,-0.255092,0.0899063,0.178525
78.0499,-0.186838,-0.258515,0.0991544,0.179303
78.0726,-0.187097,-0.260967,0.089671,0.18004
78.0952,-0.187318,-0.257154,0.0838319,0.180741
78.1179,-0.187499,-0.264589,0.0813922,0.181401
78.1406,-0.187641,-0.254764,0.0875878,0.182025
78.1633,-0.187744,-0.264352,0.0661072,0.182608
78.1859,-0.187807,-0.265009,0.073961,0.183154
78.2086,-0.18783,-0.270224,0.0712568,0.183658
78.2313,-0.187814,-0.267496,0.0644772,0.184126
78.254,-0.187759,-0.271832,0.0569882,0.184551
78.2766,-0.187664,-0.25792,0.0606227,0.18494
78.2993,-0.187529,-0.268865,0.04947,0.185286
78.322,-0.187355,-0.264259,0.0451909,0.185596
78.3447,-0.187141,-0.264141,0.0427332,0.185863
78.3673,-0.186888,-0.269165,0.0380461,0.186093
78.39,-0.186595,-0.264518,0.0272958,0.186281
78.4127,-0.186263,-0.262513,0.0363546,0.186432
78.4354,-0.185891,-0.265316,0.0300866,0.18654
78.458,-0.185481,-0.265436,0.0296861,0.186611
78.4807,-0.18503,-0.270032,0.0164257,0.18664
78.5034,-0.184541,-0.26801,0.0179115,0.186631
78.5261,-0.184012,-0.263553,0.00895514,0.18658
78.5488,-0.183445,-0.273962,0.00835628,0.186491
78.5714,-0.182838,-0.273803,0.0029901,0.18636
78.5941,-0.182193,-0.275968,0.00187068,0.186193
78.6168,-0.181509,-0.278929,-0.00650334,0.185982
78.6395,-0.180786,-0.268973,0.00127104,0.185735
78.6621,-0.180025,-0.270463,-0.00559506,0.185445
78.6848,-0.179226,-0.262991,-0.0207436,0.185118
78.7075,-0.178388,-0.26792,-0.0138976,0.18475
78.7302,-0.177512,-0.2727,-0.0203497,0.184344
78.7528,-0.176599,-0.268085,-0.0337524,0.183897
78.7755,-0.175647,-0.2641,-0.0124415,0.183413
78.7982,-0.174659,-0.268503,-0.0356324,0.182887
78.8209,-0.173633,-0.266538,-0.0431085,0.182325
78.8435,-0.172569,-0.274017,-0.0397762,0.181721
78.8662,-0.171469,-0.255662,-0.0419203,0.181081
78.8889,-0.170332,-0.260789,-0.0444529,0.1804
78.9116,-0.169159,-0.270507,-0.0428629,0.179684
78.9342,-0.167949,-0.259642,-0.0504132,0.178926
78.9569,-0.166704,-0.259091,-0.0612949,0.178133
78.9796,-0.165422,-0.264416,-0.0589385,0.177299
79.0023,-0.164105,-0.255891,-0.0674359,0.17643
79.0249,-0.162753,-0.260292,-0.0734894,0.175521
79.0476,-0.161366,-0.258504,-0.065461,0.174578
79.0703,-0.159944,-0.256768,-0.0684112,0.173594
79.093,-0.158488,-0.256492,-0.0822056,0.172576
79.1156,-0.156997,-0.255061,-0.0834659,0.171519
79.1383,-0.155472,-0.251719,-0.0831916,0.170428
79.161,-0.153914,-0.246319,-0.0894082,0.169298
79.1837,-0.152323,-0.255843,-0.0934228,0.168135
79.2063,-0.150699,-0.24482,-0.0923451,0.166933
79.229,-0.149042,-0.242296,-0.105728,0.165699
79.2517,-0.147353,-0.246203,-0.101091,0.164427
79.2744,-0.145632,-0.239292,-0.108272,0.163122
79.2971,-0.14388,-0.237948,-0.111889,0.16178
79.3197,-0.142096,-0.243222,-0.120266,0.160407
79.3424,-0.140281,-0.239824,-0.120121,0.158997
79.3651,-0.138436,-0.235303,-0.120334,0.157555
79.3878,-0.136561,-0.231153,-0.122823,0.156078
79.4104,-0.134656,-0.227267,-0.124695,0.15457
79.4331,-0.132721,-0.23228,-0.129575,0.153027
79.4558,-0.130758,-0.228039,-0.129476,0.151453
79.4785,-0.128766,-0.229141,-0.144912,0.149845
79.5011,-0.126746,-0.231176,-0.141529,0.148209
79.5238,-0.124699,-0.217142,-0.14425,0.146537
79.5465,-0.122623,-0.218064,-0.14692,0.144838
79.5692,-0.120522,-0.221048,-0.150969,0.143105
79.5918,-0.118393,-0.2155,-0.154539,0.141345
79.6145,-0.116239,-0.2059,-0.155066,0.139552
79.6372,-0.114059,-0.212156,-0.15325,0.137732
79.6599,-0.111854,-0.205254,-0.165715,0.135881
79.6825,-0.109624,-0.209276,-0.165751,0.134003
79.7052,-0.10737,-0.205083,-0.170896,0.132094
79.7279,-0.105092,-0.197576,-0.165882,0.13016
79.7506,-0.102791,-0.208632,-0.173726,0.128196
79.7732,-0.100467,-0.200365,-0.166278,0.126208
79.7959,-0.0981213,-0.186055,-0.174941,0.12419
79.8186,-0.0957534,-0.197843,-0.18402,0.122149
79.8413,-0.0933642,-0.192995,-0.183298,0.120079
79.8639,-0.0909541,-0.183283,-0.180973,0.117986
79.8866,-0.0885237,-0.189256,-0.186153,0.115866
79.9093,-0.0860734,-0.176504,-0.191691,0.113725
79.932,-0.0836039,-0.176993,-0.188743,0.111556
79.9546,-0.0811155,-0.17818,-0.194613,0.109367
79.9773,-0.0786089,-0.16827,-0.189019,0.107152
80,-0.0760845,-0.167956,-0.194586,0.104918
80.0227,-0.0735429,-0.165789,-0.201079,0.102658
80.0454,-0.0709846,-0.16582,-0.196303,0.10038
80.068,-0.0684101,-0.162554,-0.207126,0.0980781
80.0907,-0.06582,-0.157772,-0.208741,0.0957583
80.1134,-0.0632149,-0.155424,-0.208596,0.0934154
80.1361,-0.0605952,-0.144183,-0.21188,0.0910559
80.1587,-0.0579615,-0.148406,-0.207717,0.0886745
80.1814,-0.0553144,-0.143387,-0.214694,0.0862773
80.2041,-0.0526544,-0.140829,-0.220305,0.0838592
80.2268,-0.0499821,-0.139563,-0.223024,0.0814265
80.2494,-0.0472981,-0.135294,-0.227501,0.0789738
80.2721,-0.0446029,-0.131116,-0.219897,0.0765076
80.2948,-0.0418971,-0.134239,-0.219253,0.0740226
80.3175,-0.0391812,-0.122195,-0.219426,0.071525
80.3401,-0.0364558,-0.123449,-0.22489,0.0690096
80.3628,-0.0337216,-0.114644,-0.224695,0.0664827
80.3855,-0.0309791,-0.11442,-0.231587,0.0639392
80.4082,-0.0282288,-0.105112,-0.224497,0.0613853
80.4308,-0.0254713,-0.109959,-0.232467,0.0588157
80.4535,-0.0227073,-0.1066,-0.234594,0.0562369
80.4762,-0.0199373,-0.105182,-0.234843,0.0536436
80.4989,-0.017162,-0.096966,-0.238262,0.0510421
80.5215,-0.0143818,-0.0904462,-0.236325,0.0484272
80.5442,-0.0115974,-0.0936169,-0.238386,0.0458053
80.5669,-0.00880932,-0.0953337,-0.23887,0.0431709
80.5896,-0.00601825,-0.0828365,-0.245309,0.0405308
80.6122,-0.00322475,-0.0785407,-0.244715,0.0378794
80.6349,-0.000429396,-0.0790278,-0.239362,0.0352233
80.6576,0.00236721,-0.0738714,-0.243722,0.032557
80.6803,0.00516447,-0.0677044,-0.248412,0.0298872
80.7029,0.00796178,-0.0618981,-0.246792,0.0272084
80.7256,0.0107586,-0.0659752,-0.245171,0.0245271
80.7483,0.0135542,-0.0583261,-0.245844,0.021838
80.771,0.0163481,-0.0573303,-0.242475,0.0191476
80.7937,0.0191397,-0.0612681,-0.253537,0.0164505
80.8163,0.0219283,-0.0543941,-0.253866,0.0137532
80.839,0.0247135,-0.0461534,-0.247308,0.0110504
80.8617,0.0274945,-0.039831,-0.244447,0.00834852
80.8844,0.0302708,-0.0398745,-0.245107,0.00564227
80.907,0.0330418,-0.0316805,-0.244768,0.00293814
80.9297,0.0358069,-0.0335244,-0.254431,0.00023076
80.9524,0.0385655,-0.026258,-0.251065,-0.00247334
80.9751,0.041317,-0.0316323,-0.251055,-0.00517956
80.9977,0.0440608,-0.0247532,-0.252869,-0.00788132
81.0204,0.0467964,-0.0201193,-0.253161,-0.0105841
81.0431,0.0495231,-0.0119725,-0.249656,-0.0132813
81.0658,0.0522404,-0.0121219,-0.246816,-0.0159783
81.0884,0.0549476,-0.00975441,-0.246549,-0.0186685
81.1111,0.0576442,-0.00602255,-0.255466,-0.0213575
81.1338,0.0603297,0.00205038,-0.252842,-0.0240386
81.1565,0.0630034,0.00522667,-0.251428,-0.0267173
81.1791,0.0656647,0.00956651,-0.246482,-0.0293869
81.2018,0.0683131,0.0161084,-0.253533,-0.032053
81.2245,0.070948,0.0220533,-0.24728,-0.034709
81.2472,0.0735689,0.0200709,-0.250045,-0.0373603
81.2698,0.0761752,0.0209442,-0.248567,-0.0400003
81.2925,0.0787662,0.0247042,-0.251412,-0.0426346
81.3152,0.0813415,0.0277184,-0.245638,-0.0452564
81.3379,0.0839005,0.0312218,-0.246518,-0.0478714
81.3605,0.0864427,0.0377501,-0.24229,-0.0504729
81.3832,0.0889674,0.0376184,-0.242227,-0.0530663
81.4059,0.0914742,0.0460357,-0.236495,-0.0556453
81.4286,0.0939624,0.045186,-0.239414,-0.0582151
81.4512,0.0964316,0.0489759,-0.241064,-0.0607693
81.4739,0.0988813,0.0561616,-0.245693,-0.0633133
81.4966,0.101311,0.0577024,-0.238606,-0.0658406
81.5193,0.10372,0.0592706,-0.240893,-0.0683566
81.542,0.106107,0.0601712,-0.242556,-0.0708549
81.5646,0.108473,0.060325,-0.237314,-0.0733408
81.5873,0.110817,0.0710757,-0.236219,-0.075808
81.61,0.113138,0.0688022,-0.232061,-0.0782618
81.6327,0.115436,0.0794095,-0.230738,-0.0806958
81.6553,0.117711,0.0745744,-0.234609,-0.0831154
81.678,0.11996,0.0795586,-0.230711,-0.0855142
81.7007,0.122186,0.0819745,-0.231389,-0.0878976
81.7234,0.124386,0.0891194,-0.230681,-0.090259
81.746,0.12656,0.0862096,-0.231931,-0.0926042
81.7687,0.128708,0.095538,-0.224292,-0.0949265
81.7914,0.13083,0.0948701,-0.231753,-0.0972314
81.8141,0.132925,0.104326,-0.225733,-0.0995125
81.8367,0.134991,0.0968925,-0.228483,-0.101775
81.8594,0.13703,0.107608,-0.216798,-0.104013
81.8821,0.139041,0.106235,-0.222361,-0.106232
81.9048,0.141023,0.116439,-0.217454,-0.108425
81.9274,0.142975,0.116074,-0.21906,-0.110598
81.9501,0.144897,0.117996,-0.213141,-0.112745
81.9728,0.14679,0.122999,-0.21245,-0.11487
81.9955,0.148651,0.128796,-0.208307,-0.116968
82.0181,0.150482,0.121165,-0.207187,-0.119044
82.0408,0.152281,0.134636,-0.20732,-0.121091
82.0635,0.154049,0.135863,-0.205761,-0.123116
82.0862,0.155784,0.136696,-0.203722,-0.125112
82.1088,0.157487,0.138052,-0.198971,-0.127084
82.1315,0.159156,0.148201,-0.194101,-0.129025
82.1542,0.160793,0.141824,-0.197469,-0.130943
82.1769,0.162395,0.144531,-0.188236,-0.132829
82.1995,0.163964,0.149399,-0.188454,-0.134691
82.2222,0.165498,0.148568,-0.186554,-0.136521
82.2449,0.166997,0.160661,-0.182596,-0.138324
82.2676,0.168462,0.158063,-0.186139,-0.140096
82.2902,0.16989,0.151129,-0.180564,-0.14184
82.3129,0.171284,0.163891,-0.176236,-0.143552
82.3356,0.172641,0.167451,-0.177313,-0.145236
82.3583,0.173961,0.166873,-0.168228,-0.146887
82.381,0.175245,0.166621,-0.174105,-0.148509
82.4036,0.176492,0.165722,-0.170868,-0.150097
82.4263,0.177702,0.173939,-0.167752,-0.151656
82.449,0.178874,0.178194,-0.164395,-0.153179
82.4717,0.180009,0.172594,-0.164011,-0.154674
82.4943,0.181105,0.179209,-0.161158,-0.156133
82.517,0.182164,0.176944,-0.160344,-0.157561
82.5397,0.183183,0.179374,-0.156649,-0.158954
82.5624,0.184164,0.187511,-0.151884,-0.160316
82.585,0.185106,0.189704,-0.145097,-0.16164
82.6077,0.186009,0.18841,-0.144079,-0.162934
82.6304,0.186872,0.190664,-0.144745,-0.16419
82.6531,0.187696,0.188929,-0.141712,-0.165415
82.6757,0.18848,0.192075,-0.143262,-0.166602
82.6984,0.189223,0.1915,-0.138155,-0.167756
82.7211,0.189927,0.196129,-0.136476,-0.168873
82.7438,0.19059,0.195681,-0.131149,-0.169956
82.7664,0.191213,0.205039,-0.126105,-0.171001
82.7891,0.191796,0.199184,-0.129364,-0.172012
82.8118,0.192337,0.206784,-0.117687,-0.172985
82.8345,0.192838,0.205991,-0.120703,-0.173924
82.8571,0.193297,0.208663,-0.120668,-0.174823
82.8798,0.193715,0.209864,-0.110914,-0.175688
82.9025,0.194092,0.204562,-0.114552,-0.176514
82.9252,0.194428,0.21579,-0.10801,-0.177305
82.9478,0.194722,0.21246,-0.101836,-0.178056
82.9705,0.194975,0.216811,-0.0968788,-0.178772
82.9932,0.195186,0.221171,-0.0961977,-0.179448
83.0159,0.195356,0.212554,-0.0973594,-0.180089
83.0385,0.195484,0.220789,-0.0919764,-0.180689
83.0612,0.19557,0.223765,-0.0831814,-0.181254
83.0839,0.195614,0.21952,-0.0813026,-0.181778
83.1066,0.195616,0.219547,-0.0827419,-0.182267
83.1293,0.195577,0.224047,-0.0781564,-0.182715
83.1519,0.195496,0.219907,-0.0692758,-0.183127
83.1746,0.195373,0.226675,-0.0727496,-0.183498
83.1973,0.195208,0.222112,-0.0701386,-0.183833
83.22,0.195001,0.219564,-0.0651452,-0.184126
83.2426,0.194753,0.224659,-0.0589491,-0.184384
83.2653,0.194463,0.222422,-0.0602658,-0.1846
83.288,0.194131,0.224579,-0.0578713,-0.184781
83.3107,0.193757,0.225033,-0.0536905,-0.184919
83.3333,0.193342,0.228113,-0.0509044,-0.185022
83.356,0.192886,0.235807,-0.0430694,-0.185083
83.3787,0.192388,0.23147,-0.0395253,-0.185108
83.4014,0.191849,0.233002,-0.0370541,-0.185092
83.424,0.191268,0.222556,-0.0402042,-0.18504
83.4467,0.190646,0.228324,-0.0335523,-0.184945
83.4694,0.189984,0.226644,-0.0385312,-0.184815
83.4921,0.18928,0.231262,-0.0221946,-0.184644
83.5147,0.188536,0.228498,-0.0250848,-0.184436
83.5374,0.187752,0.23033,-0.018494,-0.184187
83.5601,0.186926,0.233545,-0.0116297,-0.183903
83.5828,0.186061,0.230462,-0.0143086,-0.183577
83.6054,0.185156,0.230889,-0.00945008,-0.183215
83.6281,0.18421,0.230106,-0.00930402,-0.182813
83.6508,0.183225,0.228636,-0.00926002,-0.182374
83.6735,0.1822,0.235783,0.00488528,-0.181895
83.6961,0.181136,0.229665,-0.00135128,-0.181381
83.7188,0.180033,0.233702,0.00576694,-0.180826
83.7415,0.178891,0.224417,0.00678565,-0.180236
83.7642,0.177711,0.228347,0.00497617,-0.179605
83.7868,0.176492,0.231774,0.017171,-0.17894
83.8095,0.175235,0.230341,0.0177851,-0.178234
83.8322,0.17394,0.228683,0.019071,-0.177494
83.8549,0.172607,0.231476,0.0268493,-0.176714
83.8776,0.171237,0.230553,0.0338881,-0.1759
83.9002,0.16983,0.229391,0.0278395,-0.175046
83.9229,0.168386,0.224799,0.0317862,-0.174159
83.9456,0.166906,0.223355,0.0374422,-0.173232
83.9683,0.165389,0.230511,0.0425009,-0.172272
83.9909,0.163837,0.219234,0.0428727,-0.171273
84.0136,0.162249,0.213937,0.0432833,-0.170242
84.0363,0.160626,0.22131,0.0506185,-0.169171
84.059,0.158968,0.215355,0.0533663,-0.168069
84.0816,0.157275,0.219709,0.0575796,-0.166928
84.1043,0.155549,0.221432,0.0638706,-0.165756
84.127,0.153788,0.223646,0.0629701,-0.164546
84.1497,0.151994,0.216031,0.0662192,-0.163304
84.1723,0.150167,0.218973,0.0654578,-0.162026
84.195,0.148307,0.21448,0.0744426,-0.160717
84.2177,0.146415,0.206741,0.0683598,-0.159371
84.2404,0.144491,0.214377,0.0740358,-0.157995
84.263,0.142536,0.211838,0.0797676,-0.156583
84.2857,0.140549,0.207383,0.0852856,-0.155142
84.3084,0.138532,0.211974,0.0845627,-0.153665
84.3311,0.136485,0.202352,0.0847979,-0.152159
84.3537,0.134407,0.206482,0.0916996,-0.150618
84.3764,0.132301,0.20429,0.0945111,-0.149049
84.3991,0.130165,0.207589,0.0970933,-0.147446
84.4218,0.128001,0.203986,0.0990779,-0.145815
84.4444,0.125809,0.202058,0.098359,-0.14415
84.4671,0.123589,0.201132,0.106934,-0.142459
84.4898,0.121343,0.19188,0.10086,-0.140735
84.5125,0.119069,0.199675,0.111051,-0.138985
84.5351,0.11677,0.193278,0.113111,-0.137202
84.5578,0.114445,0.186291,0.113069,-0.135394
84.5805,0.112095,0.193637,0.118979,-0.133555
84.6032,0.10972,0.191567,0.125666,-0.131691
84.6259,0.107321,0.181039,0.122709,-0.129797
84.6485,0.104898,0.185493,0.122677,-0.127879
84.6712,0.102452,0.184027,0.129628,-0.125931
84.6939,0.0999838,0.181427,0.128925,-0.123959
84.7166,0.0974933,0.183521,0.133292,-0.121959
84.7392,0.0949812,0.171626,0.130273,-0.119937
84.7619,0.0924482,0.172016,0.134814,-0.117886
84.7846,0.0898947,0.174255,0.145121,-0.115814
84.8073,0.0873213,0.170496,0.143739,-0.113715
84.8299,0.0847285,0.165086,0.1464,-0.111595
84.8526,0.0821168,0.163735,0.142572,-0.109449
84.8753,0.0794869,0.166855,0.149435,-0.107283
84.898,0.0768393,0.161766,0.154004,-0.105092
84.9206,0.0741746,0.158038,0.152267,-0.102881
84.9433,0.0714933,0.157878,0.159193,-0.100647
84.966,0.068796,0.152568,0.15467,-0.0983943
84.9887,0.0660833,0.154458,0.161618,-0.0961183
85.0113,0.0633558,0.154682,0.159664,-0.0938252
85.034,0.060614,0.147778,0.162153,-0.0915095
85.0567,0.0578585,0.141805,0.161941,-0.0891777
85.0794,0.05509,0.143159,0.166273,-0.0868244
85.102,0.052309,0.132657,0.162804,-0.084456
85.1247,0.0495161,0.135273,0.172785,-0.0820669
85.1474,0.0467119,0.136043,0.177673,-0.0796638
85.1701,0.0438971,0.125802,0.169244,-0.077241
85.1927,0.0410722,0.133049,0.177541,-0.0748051
85.2154,0.0382378,0.132482,0.182759,-0.0723507
85.2381,0.0353946,0.123932,0.176491,-0.069884
85.2608,0.0325431,0.122511,0.180416,-0.0673998
85.2834,0.0296839,0.118158,0.178543,-0.0649045
85.3061,0.0268178,0.120633,0.181984,-0.0623927
85.3288,0.0239453,0.114273,0.184928,-0.0598708
85.3515,0.0210669,0.115148,0.18799,-0.0573335
85.3741,0.0181835,0.106554,0.186481,-0.0547871
85.3968,0.0152954,0.109812,0.191427,-0.0522262
85.4195,0.0124035,0.104034,0.190667,-0.0496574
85.4422,0.00950827,0.102205,0.187556,-0.0470752
85.4649,0.00661037,0.0983591,0.196764,-0.0444862
85.4875,0.00371042,0.0901271,0.19255,-0.0418848
85.5102,0.000809059,0.0936988,0.196428,-0.0392775
85.5329,-0.0020931,0.0954288,0.198877,-0.0366591
85.5556,-0.00499541,0.0888422,0.197856,-0.0340359
85.5782,-0.00789727,0.084401,0.197519,-0.0314026
85.6009,-0.010798,0.0790956,0.197946,-0.0287655
85.6236,-0.0136971,0.0840403,0.203741,-0.0261195
85.6463,-0.0165938,0.0700283,0.198158,-0.0234708
85.6689,-0.0194875,0.0703272,0.200897,-0.0208142
85.6916,-0.0223776,0.0712025,0.207444,-0.0181561
85.7143,-0.0252635,0.0717754,0.207835,-0.0154912
85.737,-0.0281446,0.0636604,0.20521,-0.0128258
85.7596,-0.0310202,0.0638272,0.205721,-0.0101548
85.7823,-0.0338897,0.0622154,0.210837,-0.00748436
85.805,-0.0367524,0.0551313,0.20335,-0.00480939
85.8277,-0.0396079,0.0536469,0.211528,-0.00213612
85.8503,-0.0424554,0.0503163,0.203863,0.000540606
85.873,-0.0452943,0.0466014,0.209865,0.00321448
85.8957,-0.048124,0.0398781,0.20903,0.00589074
85.9184,-0.0509439,0.0359532,0.208769,0.00856304
85.941,-0.0537533,0.0375349,0.214937,0.0112366
85.9637,-0.0565518,0.0314151,0.208527,0.0139052
85.9864,-0.0593386,0.0277487,0.204433,0.0165738
86.0091,-0.0621132,0.0279695,0.218962,0.0192364
86.0317,-0.0648749,0.0265466,0.211835,0.021898
86.0544,-0.0676232,0.0204777,0.209839,0.0245523
86.0771,-0.0703574,0.0218941,0.210447,0.0272046
86.0998,-0.073077,0.0238326,0.208888,0.0298486
86.1224,-0.0757814,0.0113506,0.207447,0.0324894
86.1451,-0.0784699,0.0142836,0.212317,0.0351209
86.1678,-0.0811421,0.00308939,0.208199,0.0377481
86.1905,-0.0837972,0.00727778,0.211717,0.0403647
86.2132,-0.0864348,-0.00107897,0.211038,0.0429761
86.2358,-0.0890542,-0.0036957,0.210015,0.0455759
86.2585,-0.091655,0.000443361,0.212251,0.0481693
86.2812,-0.0942364,-0.00789719,0.208012,0.05075
86.3039,-0.096798,-0.00538191,0.211706,0.0533233
86.3265,-0.0993392,-0.00969246,0.213757,0.0558829
86.3492,-0.101859,-0.0141812,0.218297,0.058434
86.3719,-0.104358,-0.0154656,0.207472,0.0609703
86.3946,-0.106835,-0.0236349,0.202741,0.063497
86.4172,-0.109289,-0.0201688,0.214238,0.066008
86.4399,-0.11172,-0.0271757,0.207116,0.0685083
86.4626,-0.114127,-0.0319141,0.205441,0.0709918
86.4853,-0.11651,-0.035299,0.208882,0.0734636
86.5079,-0.118869,-0.0316057,0.209852,0.0759176
86.5306,-0.121202,-0.0373349,0.209705,0.0783589
86.5533,-0.123509,-0.0409102,0.204377,0.0807813
86.576,-0.12579,-0.0407827,0.203433,0.0831901
86.5986,-0.128045,-0.0423555,0.205856,0.085579
86.6213,-0.130272,-0.0472094,0.205983,0.0879532
86.644,-0.132471,-0.0530722,0.200857,0.0903067
86.6667,-0.134643,-0.056646,0.19834,0.0926444
86.6893,-0.136785,-0.0606319,0.197261,0.0949604
86.712,-0.138899,-0.0613167,0.197106,0.0972597
86.7347,-0.140982,-0.0632442,0.200088,0.0995363
86.7574,-0.143036,-0.0663034,0.202467,0.101795
86.78,-0.145059,-0.0706835,0.197801,0.104031
86.8027,-0.147051,-0.0798122,0.189342,0.106247
86.8254,-0.149012,-0.0693684,0.196327,0.10844
86.8481,-0.150941,-0.0702765,0.196127,0.110613
86.8707,-0.152838,-0.0784211,0.195493,0.11276
86.8934,-0.154702,-0.0784569,0.18913,0.114887
86.9161,-0.156533,-0.0874754,0.184948,0.116987
86.9388,-0.15833,-0.0823762,0.187094,0.119067
86.9615,-0.160094,-0.0919501,0.184585,0.121119
86.9841,-0.161823,-0.0887112,0.183197,0.123149
87.0068,-0.163517,-0.0950304,0.183866,0.125151
87.0295,-0.165177,-0.0991215,0.1828,0.12713
87.0522,-0.166801,-0.0960616,0.184689,0.129081
87.0748,-0.168389,-0.0971421,0.180508,0.131007
87.0975,-0.169941,-0.102383,0.18037,0.132904
87.1202,-0.171457,-0.108467,0.170767,0.134776
87.1429,-0.172936,-0.109085,0.173892,0.136618
87.1655,-0.174378,-0.108604,0.174201,0.138435
87.1882,-0.175782,-0.113121,0.172055,0.14022
87.2109,-0.177148,-0.116396,0.17329,0.141979
87.2336,-0.178477,-0.116093,0.167463,0.143706
87.2562,-0.179767,-0.12024,0.166666,0.145407
87.2789,-0.181019,-0.126351,0.158499,0.147075
87.3016,-0.182231,-0.123713,0.162572,0.148715
87.3243,-0.183404,-0.127895,0.16816,0.150322
87.3469,-0.184538,-0.124547,0.162245,0.151901
87.3696,-0.185633,-0.129886,0.157099,0.153446
87.3923,-0.186687,-0.135362,0.153711,0.154962
87.415,-0.187701,-0.127993,0.155714,0.156443
87.4376,-0.188674,-0.137785,0.151648,0.157895
87.4603,-0.189607,-0.141083,0.145553,0.159311
87.483,-0.1905,-0.140204,0.143083,0.160698
87.5057,-0.191351,-0.13846,0.149013,0.162048
87.5283,-0.19216,-0.144039,0.143206,0.163368
87.551,-0.192929,-0.147541,0.142185,0.164652
87.5737,-0.193656,-0.145369,0.140159,0.165904
87.5964,-0.194341,-0.147792,0.135681,0.16712
87.619,-0.194984,-0.150753,0.136993,0.168304
87.6417,-0.195585,-0.152153,0.13236,0.16945
87.6644,-0.196144,-0.154456,0.129044,0.170564
87.6871,-0.19666,-0.154482,0.126866,0.17164
87.7098,-0.197134,-0.158755,0.119569,0.172684
87.7324,-0.197566,-0.157767,0.130201,0.173689
87.7551,-0.197955,-0.160046,0.125888,0.174661
87.7778,-0.198301,-0.15925,0.11985,0.175595
87.8005,-0.198604,-0.164135,0.113636,0.176494
87.8231,-0.198864,-0.164879,0.112241,0.177355
87.8458,-0.199082,-0.163544,0.115478,0.178182
87.8685,-0.199256,-0.174423,0.10833,0.178969
87.8912,-0.199387,-0.170416,0.108101,0.179722
87.9138,-0.199475,-0.168317,0.102655,0.180435
87.9365,-0.19952,-0.171874,0.10165,0.181113
87.9592,-0.199522,-0.169561,0.102102,0.181752
87.9819,-0.199481,-0.170372,0.0988138,0.182355
88.0045,-0.199396,-0.179785,0.0956064,0.182918
88.0272,-0.199269,-0.181384,0.0873883,0.183446
88.0499,-0.199098,-0.177913,0.0898011,0.183934
88.0726,-0.198884,-0.17957,0.084879,0.184386
88.0952,-0.198627,-0.179606,0.087925,0.184797
88.1179,-0.198327,-0.17816,0.0799733,0.185172
88.1406,-0.197984,-0.181542,0.0801549,0.185507
88.1633,-0.197598,-0.181776,0.0803948,0.185806
88.1859,-0.19717,-0.18434,0.0727842,0.186063
88.2086,-0.196699,-0.189878,0.0707474,0.186285
88.2313,-0.196185,-0.184565,0.069571,0.186466
88.254,-0.195628,-0.182424,0.068249,0.18661
88.2766,-0.19503,-0.188907,0.0623586,0.186714
88.2993,-0.194388,-0.190369,0.0620774,0.186781
88.322,-0.193705,-0.189384,0.0607918,0.186807
88.3447,-0.19298,-0.192208,0.0583957,0.186796
88.3673,-0.192213,-0.187691,0.0555578,0.186745
88.39,-0.191404,-0.193928,0.0440943,0.186657
88.4127,-0.190554,-0.190543,0.0503774,0.186528
88.4354,-0.189662,-0.193488,0.0442468,0.186362
88.458,-0.188729,-0.190874,0.0448368,0.186156
88.4807,-0.187756,-0.186411,0.046941,0.185913
88.5034,-0.186741,-0.191742,0.0342085,0.185629
88.5261,-0.185686,-0.193544,0.0372746,0.185309
88.5488,-0.184591,-0.196448,0.02927,0.184948
88.5714,-0.183456,-0.188193,0.0298097,0.184552
88.5941,-0.18228,-0.19486,0.0277536,0.184114
88.6168,-0.181066,-0.195749,0.0231011,0.18364
88.6395,-0.179811,-0.194287,0.0177905,0.183126
88.6621,-0.178518,-0.196006,0.0190963,0.182576
88.6848,-0.177186,-0.194777,0.0135421,0.181986
88.7075,-0.175816,-0.194108,0.0101227,0.18136
88.7302,-0.174407,-0.192954,0.0139907,0.180694
88.7528,-0.172961,-0.194693,0.00741261,0.179993
88.7755,-0.171476,-0.196475,0.00293718,0.179251
88.7982,-0.169955,-0.192176,0.00249223,0.178475
88.8209,-0.168397,-0.191368,-0.00155525,0.177659
88.8435,-0.166802,-0.190974,-0.000351564,0.176809
88.8662,-0.16517,-0.199265,-0.00853285,0.175919
88.8889,-0.163503,-0.195121,-0.00596053,0.174995
88.9116,-0.1618,-0.194209,-0.0145362,0.174032
88.9342,-0.160062,-0.195153,-0.0150536,0.173035
88.9569,-0.15829,-0.189596,-0.0132669,0.171999
88.9796,-0.156482,-0.194905,-0.0207988,0.17093
89.0023,-0.154641,-0.193815,-0.0196735,0.169823
89.0249,-0.152766,-0.194965,-0.0284426,0.168682
89.0476,-0.150858,-0.187242,-0.0199846,0.167504
89.0703,-0.148917,-0.189244,-0.0250314,0.166294
89.093,-0.146944,-0.190248,-0.0338083,0.165045
89.1156,-0.144938,-0.193924,-0.0372165,0.163765
89.1383,-0.142902,-0.192306,-0.0380703,0.162448
89.161,-0.140834,-0.1877,-0.0390687,0.1611
89.1837,-0.138735,-0.191723,-0.0425892,0.159715
89.2063,-0.136606,-0.186093,-0.0462302,0.158299
89.229,-0.134447,-0.188972,-0.0484082,0.156847
89.2517,-0.132259,-0.184438,-0.0498429,0.155365
89.2744,-0.130042,-0.185147,-0.053154,0.153848
89.2971,-0.127797,-0.184523,-0.0564949,0.152301
89.3197,-0.125524,-0.179994,-0.057045,0.150719
89.3424,-0.123224,-0.184727,-0.0642896,0.149108
89.3651,-0.120897,-0.178483,-0.0617937,0.147464
89.3878,-0.118543,-0.181105,-0.0654045,0.14579
89.4104,-0.116164,-0.176746,-0.0661834,0.144084
89.4331,-0.113759,-0.181963,-0.0724032,0.142349
89.4558,-0.11133,-0.179874,-0.0731491,0.140582
89.4785,-0.108876,-0.172664,-0.0702861,0.138788
89.5011,-0.106398,-0.17555,-0.0790807,0.136962
89.5238,-0.103898,-0.171379,-0.0776879,0.135109
89.5465,-0.101374,-0.170581,-0.0794182,0.133226
89.5692,-0.0988287,-0.171405,-0.0819265,0.131317
89.5918,-0.0962616,-0.170304,-0.0851647,0.129377
89.6145,-0.0936735,-0.171201,-0.0921834,0.127413
89.6372,-0.091065,-0.168803,-0.0918383,0.125419
89.6599,-0.0884365,-0.167775,-0.0957506,0.1234
89.6825,-0.0857888,-0.16068,-0.0926,0.121354
89.7052,-0.0831224,-0.168218,-0.0982319,0.119283
89.7279,-0.0804377,-0.158894,-0.0953613,0.117185
89.7506,-0.0777356,-0.158491,-0.100278,0.115065
89.7732,-0.0750164,-0.156613,-0.10386,0.112917
89.7959,-0.0722809,-0.152587,-0.103665,0.110748
89.8186,-0.0695295,-0.155916,-0.109559,0.108553
89.8413,-0.066763,-0.153575,-0.112024,0.106337
89.8639,-0.0639819,-0.146435,-0.108988,0.104096
89.8866,-0.0611868,-0.149385,-0.111347,0.101835
89.9093,-0.0583783,-0.151582,-0.117461,0.0995498
89.932,-0.055557,-0.14929,-0.121555,0.0972455
89.9546,-0.0527236,-0.144262,-0.120085,0.094918
89.9773,-0.0498787,-0.14521,-0.120271,0.0925725
90,-0.0470228,-0.139898,-0.118048,0.0902047
90.0227,-0.0441567,-0.145556,-0.127023,0.0878197
90.0454,-0.0412808,-0.13405,-0.125058,0.0854135
90.068,-0.038396,-0.13833,-0.125097,0.0829911
90.0907,-0.0355027,-0.135627,-0.131821,0.0805484
90.1134,-0.0326016,-0.132374,-0.131916,0.0780905
90.1361,-0.0296934,-0.134751,-0.134442,0.0756134
90.1587,-0.0267787,-0.133951,-0.133845,0.0731221
90.1814,-0.0238581,-0.128687,-0.137893,0.0706125
90.2041,-0.0209323,-0.123875,-0.134406,0.0680898
90.2268,-0.0180018,-0.124577,-0.142416,0.0655499
90.2494,-0.0150674,-0.122869,-0.146249,0.0629978
90.2721,-0.0121296,-0.12305,-0.146357,0.0604296
90.2948,-0.0091892,-0.115028,-0.144349,0.0578503
90.3175,-0.00624672,-0.112727,-0.14457,0.055256
90.3401,-0.00330285,-0.115824,-0.149943,0.0526516
90.3628,-0.000358209,-0.109426,-0.148744,0.0500331
90.3855,0.00258654,-0.108047,-0.150226,0.0474058
90.4082,0.00553077,-0.104703,-0.152842,0.0447655
90.4308,0.00847382,-0.103451,-0.149655,0.0421173
90.4535,0.0114151,-0.104837,-0.157392,0.0394573
90.4762,0.0143539,-0.100924,-0.152845,0.0367905
90.4989,0.0172896,-0.0994868,-0.155343,0.034113
90.5215,0.0202215,-0.0948649,-0.156563,0.0314299
90.5442,0.0231491,-0.091296,-0.156264,0.028737
90.5669,0.0260717,-0.0911791,-0.159614,0.0260397
90.5896,0.0289886,-0.089695,-0.160194,0.0233337
90.6122,0.0318992,-0.085455,-0.162517,0.0206244
90.6349,0.0348029,-0.0797318,-0.163139,0.0179077
90.6576,0.037699,-0.0820177,-0.164738,0.0151886
90.6803,0.0405869,-0.0825298,-0.166499,0.0124633
90.7029,0.043466,-0.0749786,-0.166008,0.00973674
90.7256,0.0463356,-0.0755738,-0.1662,0.0070051
90.7483,0.0491952,-0.0748684,-0.16833,0.00427341
90.771,0.0520441,-0.0700276,-0.16968,0.00153769
90.7937,0.0548816,-0.0665538,-0.165385,-0.00119697
90.8163,0.0577071,-0.0671297,-0.170447,-0.00393445
90.839,0.0605201,-0.0623617,-0.170774,-0.00666978
90.8617,0.06332,-0.0678509,-0.171539,-0.00940681
90.8844,0.066106,-0.0574893,-0.172131,-0.0121405
90.907,0.0688776,-0.0563619,-0.174301,-0.0148747
90.9297,0.0716342,-0.056785,-0.176695,-0.0176045
90.9524,0.0743752,-0.05169,-0.172698,-0.0203338
90.9751,0.0770999,-0.049312,-0.177845,-0.0230574
90.9977,0.0798079,-0.0482087,-0.176221,-0.0257793
91.0204,0.0824984,-0.0470215,-0.174862,-0.0284944
91.0431,0.085171,-0.0421938,-0.180386,-0.0312068
91.0658,0.087825,-0.037991,-0.176259,-0.0339112
91.0884,0.0904598,-0.0410204,-0.180895,-0.0366117
91.1111,0.0930749,-0.0362413,-0.177643,-0.0393031
91.1338,0.0956697,-0.030528,-0.17723,-0.0419895
91.1565,0.0982437,-0.0300201,-0.17689,-0.0446657
91.1791,0.100796,-0.0273604,-0.183596,-0.0473357
91.2018,0.103327,-0.0257154,-0.179472,-0.0499945
91.2245,0.105835,-0.0210634,-0.179442,-0.0526458
91.2472,0.108319,-0.0187143,-0.183009,-0.0552849
91.2698,0.110781,-0.018853,-0.181648,-0.0579154
91.2925,0.113218,-0.0150293,-0.175813,-0.0605326
91.3152,0.11563,-0.013403,-0.176703,-0.0631401
91.3379,0.118017,-0.0106583,-0.180219,-0.065733
91.3605,0.120378,-0.00863589,-0.180429,-0.0683153
91.3832,0.122713,-0.00773938,-0.17739,-0.070882
91.4059,0.125022,-0.00386035,-0.179265,-0.0734369
91.4286,0.127303,-0.00295753,-0.176298,-0.075975
91.4512,0.129556,-0.000889345,-0.180821,-0.0785004
91.4739,0.131781,0.00698028,-0.177791,-0.081008
91.4966,0.133977,0.00708492,-0.177675,-0.0835016
91.5193,0.136144,0.0106233,-0.176683,-0.0859764
91.542,0.138281,0.0135954,-0.174983,-0.0884362
91.5646,0.140388,0.0131606,-0.18025,-0.0908763
91.5873,0.142464,0.0129017,-0.178799,-0.0933002
91.61,0.144509,0.0181978,-0.177455,-0.0957033
91.6327,0.146523,0.0205279,-0.175137,-0.0980893
91.6553,0.148504,0.0205912,-0.173457,-0.100453
91.678,0.150453,0.0252623,-0.179165,-0.1028
91.7007,0.15237,0.0300739,-0.16907,-0.105123
91.7234,0.154253,0.0254942,-0.173815,-0.107427
91.746,0.156102,0.0328799,-0.171225,-0.109707
91.7687,0.157917,0.033895,-0.17653,-0.111967
91.7914,0.159698,0.0384936,-0.173177,-0.114203
91.8141,0.161444,0.0356325,-0.17402,-0.116417
91.8367,0.163154,0.0415069,-0.171273,-0.118606
91.8594,0.164829,0.0418487,-0.170518,-0.120772
91.8821,0.166468,0.0480087,-0.168897,-0.122912
91.9048,0.168071,0.0466597,-0.173342,-0.125029
91.9274,0.169636,0.0517556,-0.1692,-0.127119
91.9501,0.171165,0.056137,-0.167528,-0.129184
91.9728,0.172657,0.0543585,-0.16926,-0.131222
91.9955,0.17411,0.0528798,-0.166785,-0.133234
92.0181,0.175526,0.061321,-0.164308,-0.135217
92.0408,0.176903,0.0610129,-0.16602,-0.137175
92.0635,0.178242,0.0654658,-0.16066,-0.139102
92.0862,0.179542,0.064655,-0.166517,-0.141003
92.1088,0.180802,0.0704862,-0.161398,-0.142873
92.1315,0.182023,0.0685326,-0.163904,-0.144716
92.1542,0.183204,0.0719096,-0.159231,-0.146527
92.1769,0.184346,0.071858,-0.158387,-0.14831
92.1995,0.185446,0.077568,-0.156325,-0.150061
92.2222,0.186507,0.0794934,-0.155671,-0.151782
92.2449,0.187527,0.0825106,-0.150593,-0.153471
92.2676,0.188505,0.083657,-0.153544,-0.155129
92.2902,0.189443,0.0871673,-0.151192,-0.156754
92.3129,0.190339,0.0845119,-0.152094,-0.158349
92.3356,0.191194,0.0875329,-0.147231,-0.159908
92.3583,0.192006,0.0894089,-0.149988,-0.161437
92.381,0.192777,0.0946792,-0.143941,-0.162931
92.4036,0.193506,0.0910452,-0.14432,-0.164392
92.4263,0.194192,0.0969548,-0.141711,-0.165818
92.449,0.194837,0.099128,-0.143768,-0.167212
92.4717,0.195438,0.100795,-0.142917,-0.168569
92.4943,0.195997,0.0989262,-0.140642,-0.169892
92.517,0.196513,0.105777,-0.13351,-0.171179
92.5397,0.196986,0.0980141,-0.136464,-0.172432
92.5624,0.197416,0.107089,-0.135018,-0.173648
92.585,0.197803,0.107151,-0.133538,-0.174829
92.6077,0.198147,0.108056,-0.130843,-0.175972
92.6304,0.198447,0.112529,-0.129533,-0.177081
92.6531,0.198705,0.113395,-0.129191,-0.17815
92.6757,0.198918,0.113054,-0.125851,-0.179185
92.6984,0.199089,0.118768,-0.12071,-0.18018
92.7211,0.199216,0.11523,-0.124918,-0.18114
92.7438,0.199299,0.119779,-0.121903,-0.18206
92.7664,0.199339,0.125285,-0.119769,-0.182945
92.7891,0.199335,0.126968,-0.118054,-0.183789
92.8118,0.199288,0.122221,-0.119216,-0.184596
92.8345,0.199197,0.123936,-0.11505,-0.185364
92.8571,0.199063,0.12694,-0.114072,-0.186094
92.8798,0.198885,0.128518,-0.113345,-0.186784
92.9025,0.198664,0.129391,-0.110329,-0.187436
92.9252,0.1984,0.132189,-0.108568,-0.188048
92.9478,0.198092,0.136138,-0.101053,-0.188622
92.9705,0.197741,0.134243,-0.105531,-0.189154
92.9932,0.197347,0.139068,-0.100936,-0.189649
93.0159,0.19691,0.138503,-0.100517,-0.190103
93.0385,0.19643,0.134011,-0.0988252,-0.190518
93.0612,0.195907,0.142619,-0.0990282,-0.190892
93.0839,0.195342,0.142911,-0.0950676,-0.191227
93.1066,0.194733,0.139502,-0.0906951,-0.19152
93.1293,0.194083,0.145382,-0.0866108,-0.191775
93.1519,0.193389,0.142372,-0.0900716,-0.191988
93.1746,0.192654,0.144726,-0.0866826,-0.192163
93.1973,0.191877,0.150097,-0.0813228,-0.192295
93.22,0.191058,0.145595,-0.0806643,-0.192389
93.2426,0.190197,0.149673,-0.080594,-0.19244
93.2653,0.189295,0.147183,-0.0750968,-0.192453
93.288,0.188351,0.147763,-0.0774159,-0.192423
93.3107,0.187367,0.151315,-0.0752679,-0.192354
93.3333,0.186341,0.150772,-0.0699922,-0.192244
93.356,0.185275,0.153468,-0.0695866,-0.192094
93.3787,0.184169,0.149358,-0.0687574,-0.191902
93.4014,0.183023,0.152483,-0.0653388,-0.191672
93.424,0.181836,0.158915,-0.0602414,-0.191399
93.4467,0.18061,0.152559,-0.0606903,-0.191088
93.4694,0.179345,0.154815,-0.0589837,-0.190734
93.4921,0.178041,0.159662,-0.0577161,-0.190342
93.5147,0.176697,0.159334,-0.0546763,-0.189908
93.5374,0.175316,0.160977,-0.049181,-0.189435
93.5601,0.173896,0.159562,-0.0488583,-0.188921
93.5828,0.172438,0.160198,-0.0484428,-0.188368
93.6054,0.170943,0.160497,-0.0477751,-0.187774
93.6281,0.169411,0.15593,-0.0419984,-0.187141
93.6508,0.167842,0.158342,-0.0446291,-0.186467
93.6735,0.166236,0.161922,-0.0368363,-0.185756
93.6961,0.164594,0.161464,-0.0328456,-0.185003
93.7188,0.162917,0.159924,-0.0346818,-0.184213
93.7415,0.161204,0.162602,-0.0294052,-0.183381
93.7642,0.159456,0.165129,-0.0304627,-0.182513
93.7868,0.157673,0.163654,-0.02794,-0.181604
93.8095,0.155856,0.163974,-0.0272092,-0.180658
93.8322,0.154005,0.162113,-0.0251151,-0.179672
93.8549,0.152121,0.165711,-0.0208459,-0.178649
93.8776,0.150204,0.167701,-0.0166188,-0.177587
93.9002,0.148254,0.165419,-0.0149897,-0.176488
93.9229,0.146272,0.167183,-0.0123034,-0.17535
93.9456,0.144258,0.164348,-0.0120902,-0.174177
93.9683,0.142213,0.165878,-0.00838538,-0.172964
93.9909,0.140137,0.167062,-0.00582744,-0.171717
94.0136,0.138031,0.166618,-0.00571541,-0.17043
94.0363,0.135895,0.166271,-0.00388714,-0.16911
94.059,0.133729,0.164938,0.00109717,-0.167751
94.0816,0.131534,0.163328,-0.000713155,-0.166358
94.1043,0.129311,0.166308,0.0035941,-0.164928
94.127,0.12706,0.161302,0.00722533,-0.163464
94.1497,0.124782,0.165426,0.00697941,-0.161963
94.1723,0.122476,0.161655,0.00797077,-0.160429
94.195,0.120144,0.162669,0.0145872,-0.15886
94.2177,0.117786,0.163393,0.0161323,-0.157257
94.2404,0.115403,0.1593,0.0169415,-0.15562
94.263,0.112995,0.162131,0.0227451,-0.15395
94.2857,0.110562,0.168047,0.0204293,-0.152246
94.3084,0.108105,0.162884,0.0251256,-0.150511
94.3311,0.105626,0.163271,0.0262417,-0.148741
94.3537,0.103123,0.163642,0.0288597,-0.146941
94.3764,0.100598,0.156907,0.0254346,-0.145108
94.3991,0.098052,0.155071,0.0270994,-0.143245
94.4218,0.0954845,0.161507,0.0371721,-0.14135
94.4444,0.0928966,0.160142,0.035494,-0.139426
94.4671,0.0902886,0.1591,0.0391389,-0.137469
94.4898,0.0876614,0.157949,0.044961,-0.135485
94.5125,0.0850153,0.158109,0.0397506,-0.13347
94.5351,0.082351,0.153187,0.0464725,-0.131428
94.5578,0.0796691,0.154918,0.0456162,-0.129355
94.5805,0.0769702,0.154963,0.0478399,-0.127256
94.6032,0.0742549,0.155629,0.051528,-0.125128
94.6259,0.0715238,0.154365,0.0495299,-0.122974
94.6485,0.0687774,0.15532,0.0546548,-0.120791
94.6712,0.0660164,0.152276,0.0611335,-0.118584
94.6939,0.0632414,0.153259,0.0588458,-0.11635
94.7166,0.060453,0.149695,0.0612,-0.114092
94.7392,0.0576518,0.149968,0.0597586,-0.111807
94.7619,0.0548385,0.145918,0.0654219,-0.1095
94.7846,0.0520136,0.150474,0.068765,-0.107166
94.8073,0.0491778,0.145861,0.0667132,-0.104812
94.8299,0.0463317,0.146842,0.0737721,-0.102432
94.8526,0.0434759,0.147239,0.0774805,-0.100032
94.8753,0.0406111,0.142466,0.0717974,-0.0976074
94.898,0.0377379,0.144882,0.0797108,-0.0951635
94.9206,0.0348569,0.140879,0.0795795,-0.092697
94.9433,0.0319688,0.14148,0.0801523,-0.0902117
94.966,0.0290741,0.137126,0.0843865,-0.0877047
94.9887,0.0261736,0.13716,0.0857192,-0.08518
95.0113,0.0232679,0.138844,0.0884586,-0.0826348
95.034,0.0203576,0.133528,0.0863091,-0.0800728
95.0567,0.0174433,0.134373,0.0901918,-0.0774915
95.0794,0.0145257,0.132097,0.0906745,-0.0748945
95.102,0.0116055,0.129624,0.0923029,-0.0722791
95.1247,0.00868328,0.128183,0.0936113,-0.0696491
95.1474,0.00575966,0.131868,0.0972292,-0.0670019
95.1701,0.00283531,0.127353,0.0965905,-0.0643413
95.1927,-8.91266e-05,0.125944,0.0976937,-0.0616645
95.2154,-0.00301301,0.127019,0.100731,-0.0589754
95.2381,-0.00593568,0.12126,0.100425,-0.0562713
95.2608,-0.00885652,0.118414,0.0999283,-0.053556
95.2834,-0.0117749,0.119739,0.105992,-0.0508269
95.3061,-0.0146901,0.116806,0.105905,-0.0480877
95.3288,-0.0176015,0.117851,0.111328,-0.0453358
95.3515,-0.0205086,0.115275,0.107335,-0.042575
95.3741,-0.0234106,0.110123,0.109038,-0.0398027
95.3968,-0.0263069,0.114403,0.113524,-0.0370226
95.4195,-0.0291969,0.11837,0.116258,-0.0342322
95.4422,-0.0320799,0.105666,0.113101,-0.0314353
95.4649,-0.0349554,0.108059,0.117971,-0.0286293
95.4875,-0.0378226,0.106288,0.114434,-0.0258177
95.5102,-0.0406809,0.105032,0.120494,-0.0229983
95.5329,-0.0435298,0.10309,0.121175,-0.0201747
95.5556,-0.0463686,0.10084,0.123287,-0.0173443
95.5782,-0.0491966,0.0962905,0.124579,-0.0145109
95.6009,-0.0520133,0.0975149,0.123409,-0.011672
95.6236,-0.054818,0.0947746,0.124271,-0.00883131
95.6463,-0.0576101,0.0945364,0.12947,-0.00598628
95.6689,-0.060389,0.0913298,0.127281,-0.00314062
95.6916,-0.0631542,0.09277,0.131535,-0.000291888
95.7143,-0.0659049,0.0892668,0.131334,0.00255627
95.737,-0.0686405,0.0907621,0.130708,0.0054063
95.7596,-0.0713606,0.0825994,0.133869,0.00825451
95.7823,-0.0740644,0.0839639,0.132828,0.0111034
95.805,-0.0767515,0.0778799,0.135838,0.0139492
95.8277,-0.0794211,0.0786863,0.132764,0.0167945
95.8503,-0.0820728,0.0771563,0.137654,0.0196356
95.873,-0.0847058,0.0763342,0.138915,0.0224748
95.8957,-0.0873198,0.0753277,0.142484,0.0253087
95.9184,-0.089914,0.0708825,0.139996,0.0281395
95.941,-0.092488,0.0709392,0.140818,0.0309637
95.9637,-0.0950411,0.0698969,0.142009,0.0337837
95.9864,-0.0975728,0.0612555,0.14084,0.0365958
96.0091,-0.100083,0.0661603,0.140405,0.0394025
96.0317,-0.10257,0.0638566,0.145364,0.0422001
96.0544,-0.105034,0.061759,0.145929,0.0449911
96.0771,-0.107475,0.0556826,0.141568,0.0477719
96.0998,-0.109891,0.0526138,0.14579,0.0505448
96.1224,-0.112283,0.0525475,0.146688,0.0533064
96.1451,-0.114649,0.0563272,0.147479,0.0560588
96.1678,-0.11699,0.0506144,0.149242,0.0587986
96.1905,-0.119305,0.0486003,0.144661,0.0615283
96.2132,-0.121593,0.0488092,0.151924,0.0642441
96.2358,-0.123854,0.0452572,0.149937,0.0669485
96.2585,-0.126087,0.0448944,0.148598,0.069638
96.2812,-0.128292,0.0408768,0.149069,0.072315
96.3039,-0.130468,0.0378712,0.149688,0.0749758
96.3265,-0.132615,0.0368911,0.151203,0.0776228
96.3492,-0.134733,0.0329917,0.150644,0.0802527
96.3719,-0.13682,0.0291492,0.149605,0.0828677
96.3946,-0.138877,0.0298851,0.151531,0.0854643
96.4172,-0.140903,0.0288483,0.153824,0.0880449
96.4399,-0.142898,0.0272825,0.155574,0.0906061
96.4626,-0.14486,0.0232289,0.15308,0.0931501
96.4853,-0.146791,0.0234788,0.155439,0.0956735
96.5079,-0.148689,0.018429,0.153706,0.0981787
96.5306,-0.150553,0.0192385,0.154296,0.100662
96.5533,-0.152384,0.0138532,0.153518,0.103126
96.576,-0.154181,0.0111781,0.15253,0.105568
96.5986,-0.155944,0.00761832,0.149174,0.107989
96.6213,-0.157673,0.0119631,0.152121,0.110386
96.644,-0.159366,0.00698531,0.156136,0.112762
96.6667,-0.161023,0.00582247,0.157131,0.115113
96.6893,-0.162645,0.00259177,0.154009,0.117442
96.712,-0.164231,-0.00125286,0.153066,0.119745
96.7347,-0.165781,9.59492e-05,0.150954,0.122024
96.7574,-0.167293,-0.000358887,0.156553,0.124276
96.78,-0.168769,-0.00511018,0.154722,0.126504
96.8027,-0.170207,-0.00729864,0.154051,0.128704
96.8254,-0.171607,-0.0113716,0.153125,0.130879
96.8481,-0.172969,-0.0120212,0.156713,0.133025
96.8707,-0.174293,-0.0162815,0.149319,0.135144
96.8934,-0.175578,-0.0139659,0.155886,0.137234
96.9161,-0.176824,-0.0167671,0.153668,0.139297
96.9388,-0.178031,-0.0199786,0.15328,0.141329
96.9615,-0.179199,-0.0184967,0.155034,0.143332
96.9841,-0.180327,-0.02348,0.152732,0.145305
97.0068,-0.181415,-0.0264394,0.151356,0.147248
97.0295,-0.182463,-0.0278193,0.149634,0.149159
97.0522,-0.183471,-0.0273543,0.15112,0.151039
97.0748,-0.184438,-0.0297298,0.150662,0.152887
97.0975,-0.185364,-0.0345098,0.148064,0.154704
97.1202,-0.186249,-0.0360374,0.149027,0.156487
97.1429,-0.187093,-0.0384797,0.146759,0.158238
97.1655,-0.187896,-0.0369018,0.149619,0.159955
97.1882,-0.188657,-0.0423828,0.146346,0.161639
97.2109,-0.189376,-0.0448556,0.144195,0.163288
97.2336,-0.190054,-0.0443425,0.146465,0.164903
97.2562,-0.190689,-0.0452426,0.147066,0.166483
97.2789,-0.191283,-0.0490459,0.141942,0.168029
97.3016,-0.191834,-0.0480682,0.145598,0.169537
97.3243,-0.192343,-0.0532959,0.141441,0.171011
97.3469,-0.19281,-0.0589429,0.139143,0.172448
97.3696,-0.193234,-0.0554282,0.14257,0.17385
97.3923,-0.193615,-0.0584658,0.140737,0.175213
97.415,-0.193954,-0.0636098,0.13807,0.176541
97.4376,-0.19425,-0.0652519,0.140839,0.177829
97.4603,-0.194503,-0.0657561,0.134545,0.179082
97.483,-0.194714,-0.0656442,0.138936,0.180295
97.5057,-0.194881,-0.0709485,0.13706,0.181471
97.5283,-0.195006,-0.066996,0.136875,0.182607
97.551,-0.195087,-0.0725046,0.132665,0.183706
97.5737,-0.195126,-0.0730132,0.133814,0.184765
97.5964,-0.195122,-0.0758186,0.129176,0.185785
97.619,-0.195075,-0.079045,0.129206,0.186765
97.6417,-0.194984,-0.0776355,0.131671,0.187706
97.6644,-0.194852,-0.0812025,0.12587,0.188606
97.6871,-0.194676,-0.0799687,0.129696,0.189467
97.7098,-0.194457,-0.0849547,0.127712,0.190286
97.7324,-0.194196,-0.0860505,0.121725,0.191066
97.7551,-0.193892,-0.0885242,0.121864,0.191805
97.7778,-0.193545,-0.0911252,0.123824,0.192503
97.8005,-0.193156,-0.0877981,0.122299,0.193159
97.8231,-0.192725,-0.0942378,0.115598,0.193776
97.8458,-0.192251,-0.091726,0.121106,0.194349
97.8685,-0.191736,-0.0918051,0.119429,0.194883
97.8912,-0.191178,-0.0988516,0.115271,0.195373
97.9138,-0.190578,-0.098095,0.114434,0.195823
97.9365,-0.189936,-0.0970904,0.114379,0.19623
97.9592,-0.189253,-0.102801,0.112246,0.196596
97.9819,-0.188528,-0.103542,0.111148,0.196919
98.0045,-0.187763,-0.10356,0.106649,0.197201
98.0272,-0.186956,-0.107227,0.107315,0.19744
98.0499,-0.186108,-0.104951,0.108298,0.197637
98.0726,-0.185219,-0.108271,0.106477,0.197791
98.0952,-0.18429,-0.111563,0.10435,0.197904
98.1179,-0.18332,-0.106773,0.103303,0.197973
98.1406,-0.182311,-0.115401,0.0977505,0.198001
98.1633,-0.181262,-0.110704,0.101583,0.197986
98.1859,-0.180173,-0.117186,0.0989973,0.197929
98.2086,-0.179044,-0.117092,0.0968225,0.197828
98.2313,-0.177877,-0.122334,0.0913954,0.197686
98.254,-0.176671,-0.119569,0.0936044,0.197501
98.2766,-0.175426,-0.118069,0.0925312,0.197274
98.2993,-0.174143,-0.124269,0.0914172,0.197004
98.322,-0.172822,-0.12289,0.0876298,0.196692
98.3447,-0.171464,-0.123228,0.0844095,0.196338
98.3673,-0.170068,-0.123008,0.0865603,0.195942
98.39,-0.168635,-0.124055,0.0828512,0.195503
98.4127,-0.167165,-0.126478,0.0793773,0.195022
98.4354,-0.16566,-0.126097,0.0794067,0.194499
98.458,-0.164118,-0.130302,0.070687,0.193935
98.4807,-0.16254,-0.130137,0.0752071,0.193329
98.5034,-0.160927,-0.129364,0.0763215,0.192681
98.5261,-0.159279,-0.134726,0.0716675,0.191991
98.5488,-0.157597,-0.136422,0.067843,0.191261
98.5714,-0.15588,-0.134368,0.0674183,0.190489
98.5941,-0.15413,-0.130752,0.069741,0.189676
98.6168,-0.152346,-0.135287,0.0662077,0.188822
98.6395,-0.150529,-0.13863,0.0625527,0.187928
98.6621,-0.14868,-0.138295,0.0600767,0.186992
98.6848,-0.146799,-0.136151,0.0608584,0.186017
98.7075,-0.144885,-0.140599,0.056031,0.185001
98.7302,-0.142941,-0.14226,0.0553231,0.183946
98.7528,-0.140965,-0.142255,0.0520369,0.18285
98.7755,-0.13896,-0.142884,0.0499798,0.181715
98.7982,-0.136924,-0.141553,0.0504532,0.180541
98.8209,-0.134859,-0.145994,0.0460072,0.179328
98.8435,-0.132764,-0.139708,0.048408,0.178076
98.8662,-0.130641,-0.144337,0.0463228,0.176786
98.8889,-0.128491,-0.143519,0.0396427,0.175456
98.9116,-0.126312,-0.141395,0.0419633,0.17409
98.9342,-0.124106,-0.142946,0.0377654,0.172685
98.9569,-0.121874,-0.142505,0.0360963,0.171244
98.9796,-0.119616,-0.146782,0.0330412,0.169765
99.0023,-0.117332,-0.144213,0.0326659,0.16825
99.0249,-0.115023,-0.14859,0.0280533,0.166697
99.0476,-0.112689,-0.150985,0.0269303,0.165109
99.0703,-0.110331,-0.147203,0.0295393,0.163485
99.093,-0.10795,-0.148011,0.0301477,0.161826
99.1156,-0.105546,-0.146781,0.0260737,0.16013
99.1383,-0.103119,-0.14738,0.0208978,0.158402
99.161,-0.100671,-0.148672,0.0196316,0.156637
99.1837,-0.0982009,-0.147898,0.0180131,0.15484
99.2063,-0.0957102,-0.148119,0.0141077,0.153008
99.229,-0.0931993,-0.148402,0.0133466,0.151144
99.2517,-0.0906687,-0.148487,0.0076585,0.149246
99.2744,-0.088119,-0.149823,0.0123308,0.147316
99.2971,-0.0855508,-0.154607,0.00618418,0.145354
99.3197,-0.0829646,-0.149702,0.00590078,0.143361
99.3424,-0.080361,-0.15102,-9.99894e-05,0.141335
99.3651,-0.0777406,-0.152374,-0.00152395,0.13928
99.3878,-0.075104,-0.151582,-0.00169808,0.137194
99.4104,-0.0724517,-0.14921,-0.00244502,0.135078
99.4331,-0.0697844,-0.14968,-0.00212283,0.132932
99.4558,-0.0671027,-0.148438,-0.00894509,0.130759
99.4785,-0.0644071,-0.148893,-0.00949078,0.128555
99.5011,-0.0616983,-0.148857,-0.00988244,0.126325
99.5238,-0.0589769,-0.150899,-0.0183983,0.124066
99.5465,-0.0562434,-0.148487,-0.0176397,0.121781
99.5692,-0.0534985,-0.152658,-0.0184199,0.119468
99.5918,-0.0507428,-0.149338,-0.0187238,0.117131
99.6145,-0.0479769,-0.151021,-0.021681,0.114766
99.6372,-0.0452014,-0.149948,-0.0225696,0.112378
99.6599,-0.042417,-0.14398,-0.0246978,0.109964
99.6825,-0.0396242,-0.141978,-0.0259766,0.107526
99.7052,-0.0368237,-0.14666,-0.0267724,0.105065
99.7279,-0.0340162,-0.14365,-0.0353927,0.102581
99.7506,-0.0312021,-0.145164,-0.032878,0.100074
99.7732,-0.0283822,-0.14903,-0.0391689,0.0975455
99.7959,-0.0255571,-0.141393,-0.0366039,0.0949949
99.8186,-0.0227274,-0.144587,-0.0379713,0.0924244
99.8413,-0.0198937,-0.144434,-0.0412196,0.0898327
99.8639,-0.0170567,-0.142686,-0.0414305,0.0872221
99.8866,-0.014217,-0.141387,-0.0413733,0.0845914
99.9093,-0.0113752,-0.144065,-0.0436188,0.081943
99.932,-0.00853199,-0.141966,-0.0496043,0.0792756
99.9546,-0.00568796,-0.143307,-0.0498293,0.0765916
99.9773,-0.00284376,-0.140368,-0.0505819,0.0738899
100,9.90717e-16,-0.135735,-0.0518621,0.0711727
100.023,0.00284267,-0.137174,-0.0526102,0.0684388
100.045,0.00568364,-0.138943,-0.0608244,0.0656907
100.068,0.00852226,-0.133774,-0.0586647,0.0629271
100.091,0.0113579,-0.139917,-0.0633372,0.0601505
100.113,0.01419,-0.136923,-0.061669,0.0573596
100.136,0.0170178,-0.133492,-0.0623022,0.0545568
100.159,0.0198408,-0.135953,-0.0677444,0.051741
100.181,0.0226583,-0.133337,-0.0672548,0.0489146
100.204,0.0254697,-0.131807,-0.0700858,0.0460763
100.227,0.0282744,-0.130123,-0.0679999,0.0432285
100.249,0.0310718,-0.130572,-0.0757624,0.0403702
100.272,0.0338612,-0.130318,-0.0771457,0.0375036
100.295,0.036642,-0.12749,-0.0777541,0.0346277
100.317,0.0394137,-0.126533,-0.077819,0.0317449
100.34,0.0421756,-0.122457,-0.0794827,0.0288539
100.363,0.044927,-0.124543,-0.0837742,0.0259572
100.385,0.0476675,-0.121148,-0.0823715,0.0230537
100.408,0.0503963,-0.121937,-0.08733,0.0201456
100.431,0.0531129,-0.118459,-0.0854256,0.017232
100.454,0.0558167,-0.121436,-0.0889706,0.0143152
100.476,0.0585071,-0.118099,-0.0898836,0.011394
100.499,0.0611835,-0.113911,-0.0873805,0.00847094
100.522,0.0638453,-0.115805,-0.0956208,0.00554481
100.544,0.0664919,-0.117673,-0.0940082,0.00261798
100.567,0.0691228,-0.113255,-0.0969889,-0.000310645
100.59,0.0717373,-0.110694,-0.0965104,-0.00323871
100.612,0.074335,-0.110301,-0.0983884,-0.00616722
100.635,0.0769151,-0.107792,-0.102313,-0.00909392
100.658,0.0794772,-0.108395,-0.0999904,-0.0120198
100.68,0.0820207,-0.109763,-0.104376,-0.0149426
100.703,0.0845451,-0.105967,-0.103398,-0.0178633
100.726,0.0870497,-0.103779,-0.106617,-0.0207798
100.748,0.0895341,-0.101642,-0.107552,-0.0236928
100.771,0.0919976,-0.0999056,-0.108339,-0.0266002
100.794,0.0944398,-0.0992869,-0.110856,-0.029503
100.816,0.0968602,-0.0947781,-0.107296,-0.032399
100.839,0.0992581,-0.0937906,-0.110519,-0.035289
100.862,0.101633,-0.0926745,-0.116166,-0.0381709
100.884,0.103985,-0.0974018,-0.118267,-0.0410457
100.907,0.106312,-0.0893924,-0.1127,-0.0439111
100.93,0.108615,-0.0891068,-0.120711,-0.0467681
100.952,0.110893,-0.0881595,-0.11798,-0.0496145
100.975,0.113146,-0.0853353,-0.11604,-0.0524512
100.998,0.115373,-0.0892123,-0.121699,-0.0552761
101.02,0.117573,-0.0828399,-0.120992,-0.0580901
101.043,0.119746,-0.0813392,-0.124212,-0.060891
101.066,0.121892,-0.0785715,-0.124504,-0.0636798
101.088,0.12401,-0.0793336,-0.124792,-0.0664543
101.111,0.1261,-0.0789512,-0.128491,-0.0692155
101.134,0.128161,-0.0717337,-0.124188,-0.0719611
101.156,0.130193,-0.0758412,-0.127949,-0.0746923
101.179,0.132195,-0.0697676,-0.129434,-0.0774068
101.202,0.134167,-0.0697109,-0.134078,-0.0801055
101.224,0.136108,-0.0668573,-0.131355,-0.0827864
101.247,0.138019,-0.0687002,-0.1337,-0.0854503
101.27,0.139898,-0.0658399,-0.136681,-0.0880952
101.293,0.141746,-0.0594717,-0.131216,-0.0907221
101.315,0.143561,-0.0563029,-0.131346,-0.0933288
101.338,0.145344,-0.0551375,-0.133307,-0.0959163
101.361,0.147093,-0.0574892,-0.139491,-0.0984824
101.383,0.14881,-0.0501643,-0.137334,-0.101028
101.406,0.150493,-0.051162,-0.135554,-0.103552
101.429,0.152142,-0.052971,-0.136882,-0.106053
101.451,0.153756,-0.050312,-0.141139,-0.108532
101.474,0.155336,-0.0491793,-0.14111,-0.110988
101.497,0.156881,-0.044796,-0.138922,-0.113419
101.519,0.15839,-0.0445253,-0.142186,-0.115827
101.542,0.159864,-0.038927,-0.139892,-0.118209
101.565,0.161301,-0.0412672,-0.143692,-0.120566
101.587,0.162702,-0.0383777,-0.145062,-0.122896
101.61,0.164067,-0.0346944,-0.14308,-0.125201
101.633,0.165395,-0.0319841,-0.139867,-0.127479
101.655,0.166685,-0.0275539,-0.142514,-0.129729
101.678,0.167938,-0.0343211,-0.146101,-0.131951
101.701,0.169153,-0.0270185,-0.142651,-0.134145
101.723,0.170331,-0.0225578,-0.145222,-0.136309
101.746,0.17147,-0.0249033,-0.144287,-0.138445
101.769,0.172571,-0.0243916,-0.145162,-0.14055
101.791,0.173633,-0.0223171,-0.148202,-0.142626
101.814,0.174656,-0.0214403,-0.14686,-0.14467
101.837,0.175639,-0.0196884,-0.145669,-0.146683
101.859,0.176584,-0.0122713,-0.146008,-0.148665
101.882,0.177489,-0.0105845,-0.145362,-0.150614
101.905,0.178355,-0.00828268,-0.147625,-0.152531
101.927,0.17918,-0.0102087,-0.148388,-0.154415
101.95,0.179965,-0.00865124,-0.148142,-0.156265
101.973,0.180711,-0.00346844,-0.147725,-0.158082
101.995,0.181416,-0.00766078,-0.152906,-0.159865
102.018,0.18208,0.000715328,-0.148817,-0.161613
102.041,0.182704,0.00259157,-0.145561,-0.163326
102.063,0.183287,0.00657787,-0.14806,-0.165004
102.086,0.183829,0.00776928,-0.147289,-0.166646
102.109,0.18433,0.00772464,-0.149169,-0.168252
102.132,0.184791,0.0127481,-0.14532,-0.169821
102.154,0.18521,0.0127281,-0.149397,-0.171354
102.177,0.185588,0.0135551,-0.150058,-0.17285
102.2,0.185924,0.012976,-0.151719,-0.174308
102.222,0.186219,0.0208198,-0.14585,-0.175728
102.245,0.186473,0.021292,-0.146222,-0.177111
102.268,0.186686,0.0212693,-0.146334,-0.178455
102.29,0.186857,0.0222559,-0.145864,-0.179761
102.313,0.186986,0.0257602,-0.146447,-0.181027
102.336,0.187074,0.0290278,-0.145084,-0.182254
102.358,0.187121,0.0291634,-0.143872,-0.183442
102.381,0.187126,0.0316239,-0.143339,-0.18459
102.404,0.18709,0.0365632,-0.139931,-0.185697
102.426,0.187012,0.0374931,-0.14312,-0.186765
102.449,0.186893,0.0420565,-0.139601,-0.187792
102.472,0.186733,0.039034,-0.144143,-0.188779
102.494,0.186531,0.0441042,-0.142474,-0.189724
102.517,0.186288,0.0416098,-0.144944,-0.190629
102.54,0.186004,0.0454974,-0.140833,-0.191491
102.562,0.185678,0.0479663,-0.139656,-0.192313
102.585,0.185312,0.050798,-0.141241,-0.193092
102.608,0.184905,0.0515029,-0.140336,-0.19383
102.63,0.184457,0.0537647,-0.135951,-0.194526
102.653,0.183969,0.0569521,-0.136546,-0.195179
102.676,0.18344,0.0543495,-0.13622,-0.19579
102.698,0.182871,0.0574111,-0.136959,-0.196359
102.721,0.182261,0.0604972,-0.133718,-0.196884
102.744,0.181611,0.0593991,-0.136526,-0.197368
102.766,0.180921,0.0674181,-0.132422,-0.197808
102.789,0.180192,0.0644268,-0.134241,-0.198205
102.812,0.179423,0.0644606,-0.131054,-0.198559
102.834,0.178615,0.0694956,-0.130723,-0.198871
102.857,0.177767,0.0720726,-0.128415,-0.199138
102.88,0.176881,0.0739112,-0.128989,-0.199363
102.902,0.175955,0.0766363,-0.128955,-0.199544
102.925,0.174991,0.0742277,-0.129534,-0.199682
102.948,0.173989,0.0797212,-0.127683,-0.199777
102.971,0.172949,0.0799988,-0.121837,-0.199828
102.993,0.171871,0.0830424,-0.124364,-0.199835
103.016,0.170756,0.084367,-0.12183,-0.1998
103.039,0.169603,0.0855291,-0.118664,-0.19972
103.061,0.168413,0.0863723,-0.123858,-0.199598
103.084,0.167186,0.089161,-0.116848,-0.199432
103.107,0.165923,0.089512,-0.121019,-0.199223
103.129,0.164624,0.0963554,-0.114421,-0.19897
103.152,0.163289,0.094435,-0.111374,-0.198674
103.175,0.161918,0.0961821,-0.115384,-0.198334
103.197,0.160513,0.0997885,-0.113691,-0.197952
103.22,0.159072,0.0988331,-0.112166,-0.197527
103.243,0.157597,0.100073,-0.110252,-0.197059
103.265,0.156087,0.103101,-0.105734,-0.196547
103.288,0.154544,0.104102,-0.105859,-0.195994
103.311,0.152967,0.106035,-0.104834,-0.195397
103.333,0.151358,0.106536,-0.102122,-0.194758
103.356,0.149715,0.106481,-0.101908,-0.194076
103.379,0.14804,0.112187,-0.0968486,-0.193353
103.401,0.146333,0.110762,-0.100532,-0.192587
103.424,0.144595,0.108023,-0.100293,-0.19178
103.447,0.142825,0.116008,-0.0954568,-0.19093
103.469,0.141025,0.114479,-0.0951485,-0.190039
103.492,0.139195,0.116283,-0.0918764,-0.189107
103.515,0.137334,0.115288,-0.0903,-0.188134
103.537,0.135444,0.117458,-0.0921908,-0.187119
103.56,0.133525,0.121318,-0.0855736,-0.186064
103.583,0.131577,0.118037,-0.0882051,-0.184969
103.605,0.129601,0.123157,-0.0834148,-0.183833
103.628,0.127598,0.122803,-0.0851307,-0.182657
103.651,0.125567,0.121312,-0.0823867,-0.181442
103.673,0.123509,0.125445,-0.077184,-0.180187
103.696,0.121425,0.126305,-0.0790101,-0.178893
103.719,0.119316,0.129291,-0.076936,-0.17756
103.741,0.11718,0.127508,-0.0787744,-0.176188
103.764,0.11502,0.131156,-0.0717106,-0.174778
103.787,0.112836,0.131654,-0.0719252,-0.17333
103.81,0.110628,0.129089,-0.0707652,-0.171844
103.832,0.108396,0.130485,-0.0713852,-0.170321
103.855,0.106142,0.137655,-0.0645494,-0.16876
103.878,0.103865,0.135392,-0.0611695,-0.167164
103.9,0.101567,0.133368,-0.0649516,-0.16553
103.923,0.099247,0.134914,-0.0634023,-0.163861
103.946,0.0969064,0.134659,-0.0559839,-0.162156
103.968,0.0945455,0.140712,-0.0554705,-0.160416
103.991,0.092165,0.141181,-0.0528365,-0.158641
104.014,0.0897653,0.139209,-0.0500555,-0.156831
104.036,0.087347,0.143187,-0.0494406,-0.154987
104.059,0.0849107,0.141489,-0.0514353,-0.15311
104.082,0.0824568,0.140156,-0.0447353,-0.151199
104.104,0.079986,0.14254,-0.0432183,-0.149255
104.127,0.0774987,0.145293,-0.0400811,-0.147279
104.15,0.0749957,0.138667,-0.0449645,-0.145271
104.172,0.0724774,0.144392,-0.0397795,-0.143231
104.195,0.0699444,0.146038,-0.0357653,-0.141161
104.218,0.0673973,0.143932,-0.0328816,-0.139059
104.24,0.0648366,0.145918,-0.0317465,-0.136928
104.263,0.0622629,0.140614,-0.0313719,-0.134766
104.286,0.0596769,0.147488,-0.0258799,-0.132575
104.308,0.0570791,0.149121,-0.024856,-0.130356
104.331,0.05447,0.146411,-0.0297611,-0.128108
104.354,0.0518503,0.149699,-0.0194863,-0.125832
104.376,0.0492206,0.144749,-0.0214054,-0.123529
104.399,0.0465814,0.149697,-0.0180485,-0.121199
104.422,0.0439334,0.148748,-0.0162711,-0.118843
104.444,0.0412771,0.150146,-0.0135778,-0.116461
104.467,0.0386132,0.144351,-0.0132412,-0.114054
104.49,0.0359422,0.150388,-0.00935458,-0.111622
104.512,0.0332647,0.149502,-0.00956491,-0.109166
104.535,0.0305814,0.150367,-0.00422648,-0.106685
104.558,0.0278928,0.146022,-0.00355951,-0.104183
104.58,0.0251995,0.148728,-0.00615197,-0.101657
104.603,0.0225022,0.152452,0.00271713,-0.0991094
104.626,0.0198014,0.152485,0.00255477,-0.09654
104.649,0.0170978,0.14599,0.00404812,-0.0939502
104.671,0.014392,0.150768,0.00791437,-0.0913396
104.694,0.0116845,0.147401,0.00719409,-0.0887097
104.717,0.00897596,0.146608,0.00818845,-0.0860602
104.739,0.00626701,0.148664,0.0122419,-0.0833924
104.762,0.00355825,0.152139,0.0149546,-0.0807063
104.785,0.000850267,0.146631,0.0190561,-0.078003
104.807,-0.00185633,0.146395,0.0196451,-0.0752825
104.83,-0.00456093,0.148827,0.0186197,-0.0725462
104.853,-0.00726294,0.153729,0.0250158,-0.0697939
104.875,-0.00996176,0.14825,0.0284656,-0.0670268
104.898,-0.0126568,0.145169,0.023839,-0.064245
104.921,-0.0153474,0.143385,0.0281999,-0.0614497
104.943,-0.018033,0.146019,0.0305475,-0.0586408
104.966,-0.0207131,0.149167,0.0377007,-0.0558197
104.989,-0.0233869,0.141102,0.0362979,-0.0529863
105.011,-0.026054,0.142232,0.0387724,-0.0501417
105.034,-0.0287137,0.148088,0.0405141,-0.0472862
105.057,-0.0313655,0.137501,0.0405829,-0.0444209
105.079,-0.0340087,0.144875,0.0478077,-0.0415458
105.102,-0.0366427,0.145939,0.0494424,-0.0386621
105.125,-0.0392671,0.139382,0.048454,-0.0357699
105.147,-0.0418811,0.13988,0.0478703,-0.0328704
105.17,-0.0444843,0.140596,0.0493616,-0.0299637
105.193,-0.047076,0.137421,0.0552874,-0.027051
105.215,-0.0496557,0.136789,0.0562012,-0.0241323
105.238,-0.0522228,0.136892,0.05853,-0.0212089
105.261,-0.0547768,0.135989,0.0578006,-0.0182807
105.283,-0.057317,0.13749,0.0633171,-0.0153492
105.306,-0.059843,0.136602,0.066419,-0.0124142
105.329,-0.0623541,0.134609,0.0655243,-0.00947709
105.351,-0.0648498,0.134724,0.0698555,-0.00653786
105.374,-0.0673296,0.134105,0.0661784,-0.00359773
105.397,-0.0697929,0.128678,0.0718702,-0.000656806
105.42,-0.0722392,0.132115,0.0723017,0.0022837
105.442,-0.0746679,0.134728,0.075681,0.00522375
105.465,-0.0770785,0.127197,0.0765577,0.00816211
105.488,-0.0794705,0.129434,0.0812778,0.0110987
105.51,-0.0818434,0.125765,0.0813116,0.0140323
105.533,-0.0841966,0.125563,0.0835747,0.0169628
105.556,-0.0865296,0.124771,0.082837,0.0198891
105.578,-0.0888419,0.122943,0.0865323,0.022811
105.601,-0.0911331,0.123517,0.0906872,0.0257274
105.624,-0.0934025,0.120486,0.0889108,0.0286381
105.646,-0.0956498,0.117337,0.0937012,0.0315421
105.669,-0.0978744,0.118721,0.0950425,0.034439
105.692,-0.100076,0.112597,0.09016,0.037328
105.714,-0.102254,0.115557,0.0934409,0.0402087
105.737,-0.104407,0.114675,0.0952314,0.0430801
105.76,-0.106536,0.111155,0.101668,0.045942
105.782,-0.10864,0.112046,0.105714,0.0487934
105.805,-0.110719,0.110066,0.101319,0.051634
105.828,-0.112772,0.108969,0.104701,0.0544627
105.85,-0.114798,0.109069,0.107659,0.0572795
105.873,-0.116797,0.104509,0.10619,0.0600833
105.896,-0.118769,0.104842,0.107521,0.0628738
105.918,-0.120714,0.0998314,0.111487,0.06565
105.941,-0.12263,0.0995749,0.11177,0.0684119
105.964,-0.124518,0.0952317,0.113552,0.0711582
105.986,-0.126377,0.0964044,0.118234,0.0738888
106.009,-0.128207,0.0931923,0.114341,0.0766028
106.032,-0.130007,0.0957227,0.118205,0.0792999
106.054,-0.131777,0.0919853,0.119397,0.0819792
106.077,-0.133516,0.0899412,0.122159,0.0846404
106.1,-0.135224,0.0857212,0.122829,0.0872826
106.122,-0.136902,0.0879961,0.123009,0.0899056
106.145,-0.138548,0.083011,0.123659,0.0925084
106.168,-0.140162,0.0857675,0.123589,0.0950908
106.19,-0.141743,0.0808114,0.130315,0.0976519
106.213,-0.143292,0.081751,0.130029,0.100192
106.236,-0.144808,0.0789188,0.129274,0.102709
106.259,-0.146291,0.077942,0.129699,0.105203
106.281,-0.147741,0.0735938,0.130197,0.107675
106.304,-0.149156,0.0712095,0.132063,0.110122
106.327,-0.150538,0.0702738,0.13361,0.112545
106.349,-0.151885,0.0726635,0.137834,0.114943
106.372,-0.153197,0.0679902,0.13608,0.117315
106.395,-0.154474,0.0674414,0.135706,0.119662
106.417,-0.155716,0.0626794,0.138056,0.121982
106.44,-0.156923,0.0596114,0.138471,0.124275
106.463,-0.158094,0.0574045,0.136784,0.12654
106.485,-0.159228,0.0554556,0.140343,0.128778
106.508,-0.160327,0.0553453,0.147782,0.130987
106.531,-0.161389,0.0530241,0.141863,0.133167
106.553,-0.162415,0.0507603,0.143817,0.135318
106.576,-0.163403,0.0516802,0.144236,0.137439
106.599,-0.164355,0.0489776,0.146444,0.139529
106.621,-0.165269,0.042267,0.14535,0.141588
106.644,-0.166146,0.0418451,0.145444,0.143617
106.667,-0.166986,0.0413323,0.146971,0.145613
106.689,-0.167787,0.0406285,0.146862,0.147577
106.712,-0.168551,0.0373898,0.14479,0.149509
106.735,-0.169276,0.0313007,0.148227,0.151408
106.757,-0.169964,0.0337384,0.14677,0.153273
106.78,-0.170613,0.0291956,0.152024,0.155104
106.803,-0.171223,0.0239027,0.148571,0.156902
106.825,-0.171795,0.0288535,0.151592,0.158664
106.848,-0.172328,0.023304,0.154261,0.160392
106.871,-0.172823,0.0204681,0.15175,0.162084
106.893,-0.173279,0.0180317,0.149014,0.16374
106.916,-0.173695,0.0168247,0.152864,0.16536
106.939,-0.174073,0.0152009,0.152186,0.166944
106.961,-0.174412,0.0138516,0.148376,0.168491
106.984,-0.174711,0.0105695,0.15378,0.170001
107.007,-0.174972,0.00935135,0.153389,0.171473
107.029,-0.175193,0.00529548,0.152481,0.172908
107.052,-0.175375,0.00321859,0.153887,0.174304
107.075,-0.175518,0.00291375,0.155601,0.175662
107.098,-0.175622,0.00142813,0.153015,0.176982
107.12,-0.175686,-0.00199896,0.149992,0.178262
107.143,-0.175711,-0.0038134,0.156912,0.179503
107.166,-0.175697,-0.00670614,0.151267,0.180705
107.188,-0.175644,-0.00940538,0.153807,0.181866
107.211,-0.175551,-0.0155959,0.153011,0.182988
107.234,-0.17542,-0.0106346,0.155109,0.184069
107.256,-0.175249,-0.0148585,0.153263,0.18511
107.279,-0.17504,-0.0179123,0.152069,0.18611
107.302,-0.174792,-0.0198804,0.151727,0.18707
107.324,-0.174505,-0.0218837,0.157945,0.187987
107.347,-0.174179,-0.0270929,0.15125,0.188864
107.37,-0.173814,-0.0269672,0.151881,0.189699
107.392,-0.173411,-0.0268424,0.151425,0.190493
107.415,-0.17297,-0.0295983,0.153016,0.191244
107.438,-0.17249,-0.0311304,0.150005,0.191953
107.46,-0.171972,-0.03623,0.151389,0.19262
107.483,-0.171416,-0.0359165,0.149241,0.193245
107.506,-0.170823,-0.0357494,0.150531,0.193828
107.528,-0.170191,-0.0449007,0.147218,0.194367
107.551,-0.169523,-0.0423279,0.147021,0.194864
107.574,-0.168816,-0.0438284,0.149664,0.195319
107.596,-0.168073,-0.0500598,0.146794,0.19573
107.619,-0.167293,-0.0515982,0.144305,0.196098
107.642,-0.166475,-0.0539023,0.149784,0.196423
107.664,-0.165622,-0.0530995,0.146677,0.196705
107.687,-0.164732,-0.0564665,0.141799,0.196944
107.71,-0.163805,-0.0575986,0.142158,0.19714
107.732,-0.162843,-0.0590066,0.14224,0.197292
107.755,-0.161845,-0.062626,0.142893,0.197401
107.778,-0.160812,-0.0629411,0.143187,0.197467
107.8,-0.159744,-0.0653641,0.138637,0.197489
107.823,-0.158641,-0.0695999,0.140208,0.197468
107.846,-0.157503,-0.0712743,0.134926,0.197404
107.868,-0.156331,-0.0728687,0.136968,0.197296
107.891,-0.155125,-0.076256,0.135795,0.197145
107.914,-0.153885,-0.0771281,0.133327,0.196951
107.937,-0.152611,-0.0815421,0.134985,0.196714
107.959,-0.151305,-0.0816177,0.128596,0.196433
107.982,-0.149965,-0.0817291,0.130782,0.19611
108.005,-0.148593,-0.0817026,0.132422,0.195744
108.027,-0.147189,-0.0891282,0.127146,0.195334
108.05,-0.145753,-0.0872249,0.12802,0.194882
108.073,-0.144286,-0.0877625,0.125912,0.194387
108.095,-0.142787,-0.0938812,0.122198,0.19385
108.118,-0.141258,-0.0952056,0.1243,0.19327
108.141,-0.139698,-0.0946302,0.121323,0.192648
108.163,-0.138108,-0.100524,0.120201,0.191984
108.186,-0.136489,-0.098553,0.123207,0.191277
108.209,-0.13484,-0.100993,0.116125,0.190529
108.231,-0.133162,-0.101835,0.119655,0.18974
108.254,-0.131456,-0.101116,0.117998,0.188908
108.277,-0.129721,-0.104044,0.11436,0.188036
108.299,-0.127959,-0.10779,0.111601,0.187122
108.322,-0.12617,-0.110485,0.111688,0.186167
108.345,-0.124354,-0.111208,0.10889,0.185172
108.367,-0.122511,-0.115826,0.107513,0.184136
108.39,-0.120643,-0.112233,0.108589,0.18306
108.413,-0.118748,-0.115522,0.105456,0.181944
108.435,-0.116829,-0.12101,0.102448,0.180789
108.458,-0.114885,-0.122375,0.103392,0.179593
108.481,-0.112917,-0.120475,0.0985177,0.178359
108.503,-0.110925,-0.120158,0.0996558,0.177086
108.526,-0.10891,-0.124048,0.0948711,0.175774
108.549,-0.106872,-0.124245,0.0937475,0.174424
108.571,-0.104811,-0.122643,0.0907447,0.173036
108.594,-0.102729,-0.127234,0.0901785,0.17161
108.617,-0.100626,-0.129222,0.087211,0.170147
108.639,-0.0985009,-0.12993,0.0834058,0.168646
108.662,-0.096356,-0.135201,0.0821826,0.167109
108.685,-0.0941911,-0.132942,0.0823696,0.165536
108.707,-0.0920068,-0.136314,0.0788348,0.163926
108.73,-0.0898036,-0.137802,0.0805541,0.162281
108.753,-0.087582,-0.136278,0.0767546,0.160601
108.776,-0.0853425,-0.135273,0.0750441,0.158886
108.798,-0.0830856,-0.137371,0.0731819,0.157136
108.821,-0.0808119,-0.136382,0.0706472,0.155352
108.844,-0.0785218,-0.141879,0.0651292,0.153534
108.866,-0.076216,-0.143268,0.0659972,0.151683
108.889,-0.0738949,-0.142839,0.0615594,0.149799
108.912,-0.071559,-0.1418,0.0634478,0.147883
108.934,-0.0692089,-0.145329,0.057586,0.145934
108.957,-0.0668451,-0.145709,0.0570392,0.143954
108.98,-0.0644683,-0.14386,0.0566566,0.141943
109.002,-0.0620788,-0.145385,0.052748,0.139901
109.025,-0.0596773,-0.147361,0.0548857,0.137829
109.048,-0.0572643,-0.15035,0.0487527,0.135727
109.07,-0.0548404,-0.151272,0.0465591,0.133596
109.093,-0.0524061,-0.147548,0.0436282,0.131435
109.116,-0.0499619,-0.150122,0.0419151,0.129247
109.138,-0.0475085,-0.149033,0.0446567,0.12703
109.161,-0.0450464,-0.155114,0.0379016,0.124786
109.184,-0.0425761,-0.155277,0.0360952,0.122516
109.206,-0.0400982,-0.155476,0.0351865,0.120219
109.229,-0.0376132,-0.155043,0.0298959,0.117896
109.252,-0.0351218,-0.157345,0.0313715,0.115547
109.274,-0.0326245,-0.156612,0.0267488,0.113174
109.297,-0.0301218,-0.153095,0.0261566,0.110777
109.32,-0.0276144,-0.15603,0.0246143,0.108355
109.342,-0.0251028,-0.153987,0.0214368,0.105911
109.365,-0.0225875,-0.16025,0.0135837,0.103444
109.388,-0.0200691,-0.156684,0.0167922,0.100954
109.41,-0.0175483,-0.155844,0.0122963,0.0984436
109.433,-0.0150255,-0.15675,0.0101844,0.0959118
109.456,-0.0125013,-0.157372,0.0097795,0.0933594
109.478,-0.00997637,-0.155108,0.00939912,0.0907873
109.501,-0.00745118,-0.158522,0.00485695,0.0881958
109.524,-0.00492633,-0.16101,-0.00135833,0.0855855
109.546,-0.00240239,-0.153796,0.000836574,0.0829572
109.569,0.000120094,-0.158371,-0.0025145,0.0803113
109.592,0.00264053,-0.159171,-0.00472713,0.0776484
109.615,0.00515837,-0.155272,-0.00254852,0.0749691
109.637,0.00767305,-0.158749,-0.00935126,0.072274
109.66,0.010184,-0.157242,-0.0121837,0.0695637
109.683,0.0126906,-0.158383,-0.0156427,0.0668389
109.705,0.0151924,-0.156713,-0.0173298,0.0641
109.728,0.0176888,-0.159466,-0.0190279,0.0613478
109.751,0.0201793,-0.1586,-0.0214085,0.0585829
109.773,0.0226632,-0.154536,-0.0235493,0.0558058
109.796,0.02514,-0.157307,-0.0257794,0.0530172
109.819,0.0276092,-0.151929,-0.0262682,0.0502176
109.841,0.0300702,-0.154246,-0.0300021,0.0474078
109.864,0.0325225,-0.152355,-0.0325343,0.0445883
109.887,0.0349656,-0.15115,-0.0337446,0.0417598
109.909,0.0373988,-0.156112,-0.0391181,0.0389229
109.932,0.0398217,-0.150916,-0.0400448,0.0360782
109.955,0.0422336,-0.153173,-0.0412052,0.0332264
109.977,0.0446342,-0.153077,-0.0459504,0.0303679
110,0.0470228,-0.153966,-0.0495032,0.0275037
110.023,0.049399,-0.147934,-0.0456145,0.0246342
110.045,0.0517621,-0.15003,-0.0471677,0.0217601
110.068,0.0541117,-0.149254,-0.0522865,0.018882
110.091,0.0564472,-0.151601,-0.0567772,0.0160006
110.113,0.0587682,-0.151008,-0.0587819,0.0131165
110.136,0.0610742,-0.145009,-0.0565411,0.0102303
110.159,0.0633645,-0.150019,-0.0639167,0.00734275
110.181,0.0656388,-0.144862,-0.0626276,0.00445437
110.204,0.0678965,-0.141328,-0.0638018,0.00156588
110.227,0.0701371,-0.141697,-0.0667658,-0.00132214
110.249,0.0723601,-0.145704,-0.070295,-0.00420901
110.272,0.0745651,-0.142983,-0.0734536,-0.00709413
110.295,0.0767516,-0.142104,-0.075698,-0.00997677
110.317,0.0789191,-0.143122,-0.0780793,-0.0128564
110.34,0.0810671,-0.139001,-0.0783097,-0.0157323
110.363,0.0831951,-0.136892,-0.0793229,-0.0186039
110.385,0.0853027,-0.138499,-0.0832246,-0.0214706
110.408,0.0873895,-0.135904,-0.0825462,-0.0243316
110.431,0.0894549,-0.133117,-0.0865003,-0.0271864
110.454,0.0914985,-0.12948,-0.0846227,-0.0300344
110.476,0.09352,-0.134332,-0.0919397,-0.0328749
110.499,0.0955187,-0.127816,-0.0946257,-0.0357072
110.522,0.0974944,-0.129937,-0.0958964,-0.0385309
110.544,0.0994466,-0.125747,-0.0954698,-0.0413451
110.567,0.101375,-0.126944,-0.0989674,-0.0441494
110.59,0.103279,-0.125779,-0.0981646,-0.0469431
110.612,0.105158,-0.12196,-0.101833,-0.0497255
110.635,0.107012,-0.12245,-0.105292,-0.0524962
110.658,0.10884,-0.12044,-0.105989,-0.0552544
110.68,0.110643,-0.117876,-0.109417,-0.0579995
110.703,0.112419,-0.115239,-0.10874,-0.060731
110.726,0.114169,-0.114585,-0.110768,-0.0634482
110.748,0.115891,-0.115131,-0.112374,-0.0661506
110.771,0.117586,-0.107733,-0.10942,-0.0688375
110.794,0.119253,-0.112796,-0.118172,-0.0715084
110.816,0.120892,-0.108094,-0.119059,-0.0741627
110.839,0.122502,-0.109288,-0.118183,-0.0767997
110.862,0.124084,-0.1056,-0.119104,-0.0794189
110.884,0.125636,-0.107913,-0.122985,-0.0820198
110.907,0.127159,-0.103043,-0.124304,-0.0846018
110.93,0.128653,-0.10009,-0.122573,-0.0871642
110.952,0.130116,-0.096427,-0.125496,-0.0897066
110.975,0.131548,-0.093176,-0.122635,-0.0922284
110.998,0.13295,-0.0952335,-0.12956,-0.094729
111.02,0.134321,-0.0944756,-0.133559,-0.0972078
111.043,0.13566,-0.0917657,-0.131209,-0.0996643
111.066,0.136968,-0.0906928,-0.136828,-0.102098
111.088,0.138244,-0.0863257,-0.13531,-0.104508
111.111,0.139488,-0.0873908,-0.137507,-0.106895
111.134,0.1407,-0.0841437,-0.138486,-0.109257
111.156,0.141879,-0.08109,-0.138249,-0.111594
111.179,0.143025,-0.0804384,-0.140024,-0.113906
111.202,0.144138,-0.0778132,-0.14183,-0.116192
111.224,0.145217,-0.074186,-0.14364,-0.118452
111.247,0.146264,-0.0735378,-0.143905,-0.120684
111.27,0.147276,-0.0722793,-0.149552,-0.122889
111.293,0.148255,-0.068557,-0.145742,-0.125066
111.315,0.149199,-0.0680569,-0.146819,-0.127215
111.338,0.150109,-0.0632113,-0.146753,-0.129335
111.361,0.150985,-0.0648051,-0.149882,-0.131426
111.383,0.151826,-0.0634898,-0.15282,-0.133487
111.406,0.152632,-0.0582985,-0.150048,-0.135518
111.429,0.153403,-0.0555506,-0.150936,-0.137518
111.451,0.154139,-0.0530757,-0.148044,-0.139487
111.474,0.15484,-0.0531674,-0.150629,-0.141425
111.497,0.155506,-0.0471135,-0.153841,-0.14333
111.519,0.156136,-0.0480233,-0.153302,-0.145204
111.542,0.15673,-0.0449618,-0.156295,-0.147044
111.565,0.157289,-0.0401671,-0.151679,-0.148852
111.587,0.157812,-0.0420503,-0.157028,-0.150625
111.61,0.158299,-0.0398453,-0.160302,-0.152365
111.633,0.15875,-0.0384641,-0.15821,-0.154071
111.655,0.159165,-0.0323617,-0.156161,-0.155742
111.678,0.159544,-0.0303887,-0.156203,-0.157378
111.701,0.159886,-0.0297504,-0.161278,-0.158979
111.723,0.160193,-0.0234213,-0.15642,-0.160543
111.746,0.160463,-0.0236008,-0.159088,-0.162072
111.769,0.160697,-0.0199708,-0.157018,-0.163565
111.791,0.160895,-0.0181317,-0.158763,-0.16502
111.814,0.161056,-0.0168532,-0.159732,-0.166439
111.837,0.161182,-0.0137778,-0.159817,-0.16782
111.859,0.16127,-0.0133563,-0.16137,-0.169164
111.882,0.161323,-0.0132791,-0.160882,-0.17047
111.905,0.161339,-0.00734857,-0.163208,-0.171738
111.927,0.161319,-0.00565977,-0.159424,-0.172967
111.95,0.161263,-0.00392199,-0.162081,-0.174157
111.973,0.161171,-0.000953815,-0.159358,-0.175309
111.995,0.161042,-0.00165027,-0.160032,-0.176421
112.018,0.160878,0.00241702,-0.164539,-0.177494
112.041,0.160677,0.00891666,-0.159753,-0.178527
112.063,0.160441,0.00742531,-0.1611,-0.17952
112.086,0.160169,0.00867051,-0.162059,-0.180473
112.109,0.159861,0.0117466,-0.162386,-0.181386
112.132,0.159517,0.0132065,-0.161949,-0.182259
112.154,0.159138,0.0143118,-0.160664,-0.18309
112.177,0.158724,0.0195657,-0.161794,-0.183881
112.2,0.158274,0.0223535,-0.159132,-0.184631
112.222,0.157789,0.0237072,-0.160793,-0.18534
112.245,0.157269,0.0278145,-0.156774,-0.186007
112.268,0.156714,0.0292128,-0.158614,-0.186633
112.29,0.156125,0.0353473,-0.160178,-0.187218
112.313,0.155501,0.0336878,-0.160451,-0.18776
112.336,0.154842,0.0360046,-0.158926,-0.188261
112.358,0.15415,0.0404526,-0.156964,-0.18872
112.381,0.153423,0.0415968,-0.158127,-0.189137
112.404,0.152663,0.045473,-0.154784,-0.189512
112.426,0.151869,0.0418902,-0.15572,-0.189845
112.449,0.151042,0.0457933,-0.152848,-0.190136
112.472,0.150181,0.0509706,-0.151498,-0.190384
112.494,0.149288,0.052038,-0.153059,-0.190591
112.517,0.148362,0.0552827,-0.148334,-0.190754
112.54,0.147403,0.0571761,-0.152375,-0.190876
112.562,0.146412,0.0601018,-0.147341,-0.190955
112.585,0.145389,0.0617739,-0.148586,-0.190992
112.608,0.144335,0.064893,-0.147571,-0.190987
112.63,0.143249,0.06318,-0.150195,-0.190939
112.653,0.142131,0.0685048,-0.146653,-0.190849
112.676,0.140983,0.070516,-0.142788,-0.190716
112.698,0.139805,0.0700222,-0.143536,-0.190541
112.721,0.138595,0.072598,-0.142819,-0.190325
112.744,0.137356,0.0746131,-0.141511,-0.190066
112.766,0.136088,0.0753657,-0.140748,-0.189765
112.789,0.13479,0.0792445,-0.137791,-0.189422
112.812,0.133462,0.0810374,-0.141593,-0.189037
112.834,0.132106,0.0858244,-0.13397,-0.18861
112.857,0.130722,0.083818,-0.136261,-0.188142
112.88,0.129309,0.090682,-0.135648,-0.187632
112.902,0.127869,0.0873986,-0.135604,-0.187081
112.925,0.126402,0.0932148,-0.130082,-0.186489
112.948,0.124907,0.093964,-0.133765,-0.185855
112.971,0.123386,0.095227,-0.128,-0.18518
112.993,0.121838,0.0954666,-0.129188,-0.184465
113.016,0.120265,0.0980619,-0.126436,-0.183709
113.039,0.118666,0.100785,-0.124731,-0.182912
113.061,0.117042,0.103803,-0.120787,-0.182075
113.084,0.115393,0.108047,-0.121855,-0.181199
113.107,0.113719,0.105533,-0.121106,-0.180282
113.129,0.112022,0.106304,-0.12336,-0.179325
113.152,0.110301,0.114982,-0.116277,-0.17833
113.175,0.108557,0.10989,-0.117802,-0.177295
113.197,0.106791,0.115481,-0.111724,-0.176221
113.22,0.105002,0.115216,-0.112852,-0.175108
113.243,0.103191,0.116581,-0.110671,-0.173957
113.265,0.101359,0.117427,-0.108988,-0.172768
113.288,0.0995052,0.11992,-0.106223,-0.171541
113.311,0.0976313,0.121754,-0.104925,-0.170276
113.333,0.0957372,0.122819,-0.103671,-0.168974
113.356,0.0938235,0.120944,-0.101279,-0.167635
113.379,0.0918905,0.125317,-0.0986399,-0.166259
113.401,0.0899387,0.129874,-0.0947175,-0.164847
113.424,0.0879686,0.129574,-0.0969115,-0.163399
113.447,0.0859806,0.129858,-0.0942724,-0.161916
113.469,0.0839752,0.132477,-0.0914743,-0.160396
113.492,0.0819529,0.131544,-0.091007,-0.158842
113.515,0.0799142,0.135064,-0.0888728,-0.157253
113.537,0.0778594,0.130516,-0.0874693,-0.15563
113.56,0.0757892,0.138467,-0.0813244,-0.153973
113.583,0.073704,0.138076,-0.0813024,-0.152283
113.605,0.0716043,0.13826,-0.080677,-0.150559
113.628,0.0694905,0.1421,-0.0759045,-0.148803
113.651,0.0673631,0.142236,-0.0738045,-0.147014
113.673,0.0652228,0.143245,-0.0736418,-0.145193
113.696,0.0630698,0.144024,-0.0715065,-0.143341
113.719,0.0609048,0.142551,-0.0696613,-0.141458
113.741,0.0587283,0.145401,-0.0693343,-0.139544
113.764,0.0565407,0.147513,-0.0641334,-0.137599
113.787,0.0543426,0.149062,-0.0609523,-0.135625
113.81,0.0521344,0.14738,-0.0608083,-0.133622
113.832,0.0499168,0.147317,-0.0603099,-0.13159
113.855,0.0476901,0.14912,-0.0582409,-0.129529
113.878,0.0454549,0.152374,-0.0537269,-0.127441
113.9,0.0432117,0.149884,-0.0508588,-0.125324
113.923,0.040961,0.155293,-0.0485415,-0.123181
113.946,0.0387034,0.155022,-0.0466857,-0.121012
113.968,0.0364394,0.154869,-0.0449002,-0.118816
113.991,0.0341695,0.160818,-0.0405862,-0.116595
114.014,0.0318941,0.154886,-0.0418694,-0.114349
114.036,0.0296139,0.156768,-0.0393421,-0.112079
114.059,0.0273293,0.154486,-0.0376734,-0.109784
114.082,0.0250409,0.155522,-0.0341304,-0.107466
114.104,0.0227492,0.15824,-0.0303163,-0.105125
114.127,0.0204546,0.157163,-0.0276517,-0.102762
114.15,0.0181579,0.156661,-0.0267367,-0.100377
114.172,0.0158593,0.159634,-0.0262116,-0.0979701
114.195,0.0135596,0.161645,-0.0182752,-0.0955428
114.218,0.0112592,0.159134,-0.0202021,-0.0930952
114.24,0.00895854,0.157436,-0.0181768,-0.0906279
114.263,0.00665827,0.159531,-0.0159963,-0.0881416
114.286,0.00435887,0.159371,-0.013913,-0.0856366
114.308,0.00206084,0.161799,-0.00850398,-0.0831137
114.331,-0.000235274,0.1588,-0.00870714,-0.0805733
114.354,-0.00252897,0.15881,-0.00672463,-0.0780161
114.376,-0.00481972,0.161423,-0.00348854,-0.0754425
114.399,-0.00710702,0.16011,-0.00149593,-0.0728533
114.422,-0.00939034,0.161147,0.00289896,-0.0702489
114.444,-0.0116692,0.160857,0.00248755,-0.06763
114.467,-0.013943,0.159886,0.00508681,-0.0649972
114.49,-0.0162114,0.160336,0.00853936,-0.062351
114.512,-0.0184737,0.161499,0.0100477,-0.0596921
114.535,-0.0207295,0.159508,0.0099354,-0.057021
114.558,-0.0229782,0.160231,0.0164615,-0.0543383
114.58,-0.0252195,0.156672,0.017206,-0.0516447
114.603,-0.0274527,0.159703,0.0203526,-0.0489407
114.626,-0.0296773,0.15923,0.0240432,-0.046227
114.649,-0.031893,0.156301,0.0230755,-0.0435041
114.671,-0.0340991,0.15843,0.0270464,-0.0407727
114.694,-0.0362952,0.156856,0.029669,-0.0380334
114.717,-0.0384809,0.158586,0.0301146,-0.0352868
114.739,-0.0406555,0.159078,0.0347955,-0.0325335
114.762,-0.0428187,0.155988,0.0358335,-0.0297742
114.785,-0.0449699,0.157547,0.0395022,-0.0270094
114.807,-0.0471087,0.155974,0.0398724,-0.0242397
114.83,-0.0492346,0.155308,0.0396587,-0.0214659
114.853,-0.0513472,0.153076,0.0434589,-0.0186885
114.875,-0.0534459,0.154087,0.0472232,-0.0159081
114.898,-0.0555304,0.151702,0.0481501,-0.0131254
114.921,-0.0576001,0.151749,0.0524806,-0.0103408
114.943,-0.0596546,0.152987,0.0555946,-0.00755525
114.966,-0.0616934,0.151578,0.0533835,-0.00476915
114.989,-0.0637162,0.149195,0.0602699,-0.00198322
115.011,-0.0657224,0.148811,0.0583803,0.000801932
115.034,-0.0677116,0.147253,0.0632123,0.00358571
115.057,-0.0696834,0.147327,0.0640841,0.00636754
115.079,-0.0716374,0.144525,0.0643471,0.00914671
115.102,-0.0735731,0.144357,0.0701631,0.0119226
115.125,-0.0754901,0.142946,0.0703555,0.0146947
115.147,-0.077388,0.143372,0.0704569,0.0174623
115.17,-0.0792664,0.140912,0.0727023,0.0202248
115.193,-0.0811249,0.139447,0.077047,0.0229816
115.215,-0.0829631,0.140268,0.0814563,0.0257321
115.238,-0.0847805,0.138611,0.0793066,0.0284756
115.261,-0.0865768,0.136011,0.0815187,0.0312116
115.283,-0.0883517,0.138637,0.0846319,0.0339395
115.306,-0.0901047,0.135427,0.0866595,0.0366586
115.329,-0.0918354,0.13291,0.0878641,0.0393684
115.351,-0.0935435,0.130383,0.0881336,0.0420681
115.374,-0.0952286,0.129843,0.0901685,0.0447574
115.397,-0.0968903,0.127979,0.0930461,0.0474354
115.42,-0.0985284,0.12885,0.0958352,0.0501018
115.442,-0.100142,0.125108,0.0955746,0.0527557
115.465,-0.101732,0.12498,0.0988974,0.0553968
115.488,-0.103297,0.125332,0.0995949,0.0580244
115.51,-0.104837,0.123745,0.102702,0.0606379
115.533,-0.106351,0.119955,0.105238,0.0632367
115.556,-0.10784,0.11927,0.104834,0.0658202
115.578,-0.109303,0.117936,0.107595,0.0683879
115.601,-0.11074,0.114976,0.108077,0.0709393
115.624,-0.112149,0.118115,0.114454,0.0734737
115.646,-0.113532,0.11179,0.111855,0.0759906
115.669,-0.114888,0.111959,0.112932,0.0784895
115.692,-0.116217,0.110459,0.114541,0.0809698
115.714,-0.117517,0.108422,0.117626,0.0834308
115.737,-0.11879,0.106071,0.120409,0.0858722
115.76,-0.120034,0.102763,0.118045,0.0882934
115.782,-0.12125,0.10251,0.122135,0.0906937
115.805,-0.122437,0.100202,0.121303,0.0930728
115.828,-0.123595,0.0995187,0.125315,0.0954301
115.85,-0.124724,0.100481,0.126915,0.097765
115.873,-0.125824,0.0952849,0.127107,0.100077
115.896,-0.126893,0.0918666,0.128253,0.102366
115.918,-0.127933,0.0925801,0.129773,0.104631
115.941,-0.128943,0.092677,0.133139,0.106871
115.964,-0.129923,0.0892565,0.134791,0.109087
115.986,-0.130872,0.0857593,0.133276,0.111277
116.009,-0.13179,0.0839646,0.133135,0.113442
116.032,-0.132677,0.0827294,0.13534,0.11558
116.054,-0.133534,0.0831399,0.138778,0.117691
116.077,-0.134359,0.0757256,0.136507,0.119776
116.1,-0.135153,0.0762481,0.138846,0.121832
116.122,-0.135916,0.0740318,0.140147,0.123861
116.145,-0.136647,0.0730215,0.141749,0.125861
116.168,-0.137346,0.0678577,0.141323,0.127832
116.19,-0.138014,0.0694396,0.143871,0.129773
116.213,-0.138649,0.0678253,0.14457,0.131685
116.236,-0.139252,0.0621894,0.144837,0.133566
116.259,-0.139824,0.0624003,0.145338,0.135417
116.281,-0.140362,0.0606165,0.145735,0.137237
116.304,-0.140869,0.0567071,0.148868,0.139025
116.327,-0.141343,0.0564364,0.147944,0.140781
116.349,-0.141784,0.0552719,0.148299,0.142505
116.372,-0.142193,0.0545015,0.151348,0.144197
116.395,-0.14257,0.0495301,0.149975,0.145855
116.417,-0.142913,0.0492065,0.15154,0.147481
116.44,-0.143224,0.0438965,0.151041,0.149072
116.463,-0.143502,0.0443771,0.151544,0.15063
116.485,-0.143748,0.0382058,0.150921,0.152153
116.508,-0.14396,0.0379079,0.152626,0.153641
116.531,-0.14414,0.0384562,0.155731,0.155095
116.553,-0.144286,0.0344673,0.153321,0.156513
116.576,-0.1444,0.0315551,0.155449,0.157896
116.599,-0.144482,0.0293068,0.155691,0.159242
116.621,-0.14453,0.0265135,0.155918,0.160553
116.644,-0.144546,0.0251456,0.15576,0.161827
116.667,-0.144528,0.0226515,0.156192,0.163064
116.689,-0.144478,0.0229305,0.156282,0.164264
116.712,-0.144396,0.0194255,0.156026,0.165427
116.735,-0.144281,0.0169117,0.158747,0.166553
116.757,-0.144133,0.0136622,0.156366,0.16764
116.78,-0.143953,0.0137523,0.157396,0.16869
116.803,-0.143741,0.00805262,0.154688,0.169702
116.825,-0.143496,0.00759592,0.157815,0.170675
116.848,-0.143219,0.00617054,0.158446,0.17161
116.871,-0.14291,0.00399313,0.157905,0.172505
116.893,-0.142568,0.0014453,0.157185,0.173362
116.916,-0.142195,-0.00151703,0.158145,0.17418
116.939,-0.14179,-0.00334304,0.159061,0.174958
116.961,-0.141354,-0.00693867,0.158176,0.175697
116.984,-0.140886,-0.00757368,0.156298,0.176396
117.007,-0.140387,-0.0103262,0.156333,0.177056
117.029,-0.139856,-0.0143139,0.155615,0.177675
117.052,-0.139294,-0.0153027,0.156135,0.178255
117.075,-0.138702,-0.017465,0.155548,0.178794
117.098,-0.138079,-0.0178499,0.156332,0.179293
117.12,-0.137425,-0.0206875,0.155064,0.179752
117.143,-0.136741,-0.0222417,0.153984,0.180171
117.166,-0.136026,-0.0260182,0.155456,0.180549
117.188,-0.135282,-0.0274629,0.153415,0.180886
117.211,-0.134508,-0.0288656,0.153639,0.181183
117.234,-0.133704,-0.0336167,0.151093,0.181439
117.256,-0.132871,-0.0334461,0.15372,0.181654
117.279,-0.132009,-0.0369958,0.151528,0.181828
117.302,-0.131118,-0.0402322,0.149911,0.181962
117.324,-0.130198,-0.0388885,0.152667,0.182055
117.347,-0.12925,-0.0425759,0.150953,0.182107
117.37,-0.128274,-0.0465007,0.148789,0.182119
117.392,-0.12727,-0.0469076,0.149174,0.182089
117.415,-0.126238,-0.0489716,0.147824,0.182019
117.438,-0.125179,-0.050875,0.148668,0.181908
117.46,-0.124092,-0.0518354,0.14831,0.181756
117.483,-0.122979,-0.0558997,0.1451,0.181564
117.506,-0.121839,-0.0574261,0.144415,0.181331
117.528,-0.120674,-0.0600845,0.145249,0.181058
117.551,-0.119482,-0.0629728,0.140993,0.180744
117.574,-0.118264,-0.0631106,0.143623,0.18039
117.596,-0.117021,-0.0654035,0.140724,0.179996
117.619,-0.115753,-0.0686119,0.141097,0.179561
117.642,-0.11446,-0.0693992,0.139434,0.179087
117.664,-0.113143,-0.0695288,0.138928,0.178572
117.687,-0.111802,-0.0726615,0.138359,0.178018
117.71,-0.110437,-0.0765459,0.134699,0.177424
117.732,-0.109049,-0.0782889,0.133175,0.176791
117.755,-0.107638,-0.079115,0.134632,0.176118
117.778,-0.106204,-0.0821831,0.132185,0.175406
117.8,-0.104747,-0.0824867,0.132236,0.174655
117.823,-0.103269,-0.0849123,0.130572,0.173865
117.846,-0.101769,-0.087562,0.130294,0.173037
117.868,-0.100248,-0.0890711,0.127611,0.17217
117.891,-0.0987056,-0.0902001,0.126725,0.171265
117.914,-0.097143,-0.0910507,0.125685,0.170322
117.937,-0.0955603,-0.0923133,0.123672,0.169342
117.959,-0.0939578,-0.0957902,0.122944,0.168323
117.982,-0.0923359,-0.0961226,0.119875,0.167268
118.005,-0.0906952,-0.0972876,0.119723,0.166175
118.027,-0.0890358,-0.0988174,0.118949,0.165046
118.05,-0.0873583,-0.102736,0.11528,0.16388
118.073,-0.085663,-0.104287,0.114483,0.162678
118.095,-0.0839504,-0.104478,0.113944,0.161439
118.118,-0.0822209,-0.105674,0.112884,0.160166
118.141,-0.0804748,-0.107067,0.112071,0.158856
118.163,-0.0787126,-0.11012,0.110401,0.157512
118.186,-0.0769348,-0.110567,0.107209,0.156133
118.209,-0.0751417,-0.111933,0.10745,0.15472
118.231,-0.0733337,-0.114282,0.103996,0.153272
118.254,-0.0715114,-0.114753,0.10284,0.151791
118.277,-0.0696751,-0.116799,0.101685,0.150276
118.299,-0.0678253,-0.119318,0.0984682,0.148728
118.322,-0.0659624,-0.119214,0.0989105,0.147147
118.345,-0.0640869,-0.121841,0.0967598,0.145534
118.367,-0.0621991,-0.122295,0.0947946,0.14389
118.39,-0.0602996,-0.123128,0.0930394,0.142213
118.413,-0.0583888,-0.124499,0.0919062,0.140505
118.435,-0.0564672,-0.125123,0.0909627,0.138767
118.458,-0.0545351,-0.128436,0.0869265,0.136998
118.481,-0.0525931,-0.129502,0.0852662,0.135199
118.503,-0.0506415,-0.129866,0.0835103,0.13337
118.526,-0.048681,-0.130436,0.0816617,0.131513
118.549,-0.0467119,-0.132409,0.0799824,0.129626
118.571,-0.0447346,-0.133026,0.0798733,0.127711
118.594,-0.0427497,-0.133519,0.0768007,0.125768
118.617,-0.0407576,-0.136035,0.0738435,0.123798
118.639,-0.0387588,-0.136907,0.0717981,0.121801
118.662,-0.0367537,-0.136245,0.0706763,0.119777
118.685,-0.0347428,-0.138454,0.0694188,0.117728
118.707,-0.0327266,-0.139105,0.0665843,0.115652
118.73,-0.0307055,-0.13936,0.0642824,0.113552
118.753,-0.02868,-0.140223,0.066136,0.111427
118.776,-0.0266506,-0.140716,0.0605632,0.109277
118.798,-0.0246178,-0.144239,0.0580912,0.107104
118.821,-0.0225819,-0.14438,0.0548194,0.104908
118.844,-0.0205436,-0.143183,0.0554738,0.102689
118.866,-0.0185032,-0.144966,0.0534499,0.100448
118.889,-0.0164612,-0.144591,0.0516378,0.0981858
118.912,-0.0144181,-0.145901,0.0506641,0.0959019
118.934,-0.0123743,-0.145924,0.0476986,0.0935974
118.957,-0.0103304,-0.146601,0.0437175,0.0912728
118.98,-0.00828679,-0.147717,0.0422482,0.0889286
119.002,-0.00624394,-0.147629,0.0408843,0.0865653
119.025,-0.00420231,-0.148718,0.0390702,0.0841835
119.048,-0.00216237,-0.149662,0.0350467,0.0817838
119.07,-0.0001246,-0.148823,0.0350404,0.0793665
119.093,0.00191055,-0.149482,0.0333795,0.0769324
119.116,0.00394262,-0.150196,0.0306846,0.0744819
119.138,0.00597114,-0.151039,0.0275247,0.0720157
119.161,0.00799566,-0.149951,0.0276178,0.0695341
119.184,0.0100157,-0.152289,0.0232878,0.067038
119.206,0.0120308,-0.152254,0.0225397,0.0645277
119.229,0.0140406,-0.151824,0.0204507,0.0620038
119.252,0.0160445,-0.1522,0.0176342,0.059467
119.274,0.0180422,-0.15235,0.0160492,0.0569178
119.297,0.0200331,-0.153608,0.0142702,0.0543567
119.32,0.0220168,-0.152003,0.0116437,0.0517843
119.342,0.0239929,-0.152002,0.0102593,0.0492013
119.365,0.0259609,-0.154603,0.00687436,0.0466082
119.388,0.0279205,-0.152953,0.00550968,0.0440056
119.41,0.0298711,-0.152677,0.00312641,0.041394
119.433,0.0318123,-0.153186,0.00200429,0.0387741
119.456,0.0337437,-0.155219,-0.0021509,0.0361464
119.478,0.0356648,-0.152798,-0.00275383,0.0335116
119.501,0.0375753,-0.152564,-0.00412289,0.0308701
119.524,0.0394747,-0.153217,-0.00791943,0.0282227
119.546,0.0413626,-0.15381,-0.00924768,0.0255699
119.569,0.0432385,-0.152327,-0.0102625,0.0229123
119.592,0.0451021,-0.153604,-0.01384,0.0202505
119.615,0.0469529,-0.151169,-0.0162008,0.0175851
119.637,0.0487906,-0.151409,-0.0176583,0.0149166
119.66,0.0506147,-0.151141,-0.0195005,0.0122458
119.683,0.0524248,-0.151313,-0.0219176,0.00957313
119.705,0.0542206,-0.152712,-0.0248824,0.00689926
119.728,0.0560016,-0.150629,-0.0257261,0.00422477
119.751,0.0577674,-0.149695,-0.0287831,0.00155027
119.773,0.0595177,-0.149683,-0.0290405,-0.00112366
119.796,0.0612521,-0.148828,-0.0320094,-0.00379646
119.819,0.0629702,-0.148936,-0.034531,-0.00646747
119.841,0.0646716,-0.148352,-0.0369946,-0.00913608
119.864,0.066356,-0.147223,-0.0391536,-0.0118018
119.887,0.068023,-0.147972,-0.0392018,-0.0144639
119.909,0.0696722,-0.145586,-0.0414955,-0.0171219
119.932,0.0713033,-0.145642,-0.0443981,-0.0197752
119.955,0.072916,-0.145306,-0.0453947,-0.0224231
119.977,0.0745098,-0.143838,-0.0482715,-0.0250651
120,0.0760845,-0.143936,-0.0487475,-0.0277006
120.023,0.0776397,-0.142847,-0.0507513,-0.030329
120.045,0.0791751,-0.142194,-0.0542166,-0.0329498
120.068,0.0806903,-0.141558,-0.0559012,-0.0355622
120.091,0.0821851,-0.139857,-0.0570603,-0.0381659
120.113,0.0836591,-0.139575,-0.0589675,-0.0407601
120.136,0.085112,-0.138991,-0.0600449,-0.0433443
120.159,0.0865434,-0.13743,-0.0625864,-0.0459179
120.181,0.0879532,-0.137704,-0.066274,-0.0484804
120.204,0.089341,-0.136819,-0.0670559,-0.0510312
120.227,0.0907065,-0.134483,-0.0681068,-0.0535698
120.249,0.0920494,-0.133749,-0.0701144,-0.0560954
120.272,0.0933695,-0.133644,-0.0727789,-0.0586077
120.295,0.0946665,-0.132549,-0.0732858,-0.0611061
120.317,0.0959401,-0.130268,-0.0758883,-0.0635899
120.34,0.09719,-0.13026,-0.0785301,-0.0660587
120.363,0.098416,-0.127904,-0.079281,-0.0685118
120.385,0.0996179,-0.126247,-0.0812116,-0.0709488
120.408,0.100795,-0.127257,-0.0820165,-0.0733692
120.431,0.101948,-0.126108,-0.0841595,-0.0757723
120.454,0.103076,-0.123952,-0.0875065,-0.0781576
120.476,0.104179,-0.123444,-0.086526,-0.0805247
120.499,0.105257,-0.121431,-0.0894587,-0.0828729
120.522,0.106309,-0.120035,-0.0915558,-0.0852019
120.544,0.107335,-0.119466,-0.0928275,-0.087511
120.567,0.108335,-0.117783,-0.0937668,-0.0897998
120.59,0.109309,-0.117532,-0.0961628,-0.0920677
120.612,0.110257,-0.116413,-0.0973151,-0.0943143
120.635,0.111179,-0.113391,-0.0988725,-0.096539
120.658,0.112073,-0.110578,-0.100062,-0.0987413
120.68,0.112941,-0.112619,-0.101969,-0.100921
120.703,0.113782,-0.110309,-0.103741,-0.103077
120.726,0.114596,-0.109064,-0.104802,-0.10521
120.748,0.115382,-0.106588,-0.105779,-0.107318
120.771,0.116141,-0.105543,-0.108113,-0.109401
120.794,0.116872,-0.103305,-0.10823,-0.11146
120.816,0.117576,-0.1027,-0.110734,-0.113493
120.839,0.118252,-0.0993769,-0.111728,-0.115499
120.862,0.118899,-0.0977429,-0.113231,-0.117479
120.884,0.119519,-0.0962144,-0.113643,-0.119433
120.907,0.120111,-0.09539,-0.115333,-0.121358
120.93,0.120674,-0.0940796,-0.116673,-0.123256
120.952,0.121209,-0.0931623,-0.118577,-0.125126
120.975,0.121715,-0.0907353,-0.118601,-0.126968
120.998,0.122193,-0.0898799,-0.119915,-0.12878
121.02,0.122642,-0.0874703,-0.121442,-0.130563
121.043,0.123062,-0.0858599,-0.121609,-0.132315
121.066,0.123454,-0.0837879,-0.12336,-0.134038
121.088,0.123817,-0.0827773,-0.124832,-0.135731
121.111,0.124151,-0.080288,-0.124905,-0.137392
121.134,0.124457,-0.0786464,-0.126506,-0.139022
121.156,0.124733,-0.0769057,-0.126995,-0.14062
121.179,0.124981,-0.076394,-0.129669,-0.142186
121.202,0.125199,-0.0736724,-0.13064,-0.14372
121.224,0.125389,-0.0723983,-0.130549,-0.145222
121.247,0.12555,-0.0707507,-0.1325,-0.14669
121.27,0.125681,-0.0700247,-0.133139,-0.148125
121.293,0.125784,-0.0667703,-0.134121,-0.149526
121.315,0.125858,-0.064499,-0.134423,-0.150894
121.338,0.125903,-0.0631571,-0.135178,-0.152227
121.361,0.125919,-0.0600826,-0.136046,-0.153525
121.383,0.125906,-0.058323,-0.137109,-0.154789
121.406,0.125865,-0.0578621,-0.137738,-0.156018
121.429,0.125795,-0.0553109,-0.13971,-0.157211
121.451,0.125696,-0.0537976,-0.140384,-0.158369
121.474,0.125568,-0.050557,-0.139881,-0.159491
121.497,0.125412,-0.0499002,-0.140787,-0.160577
121.519,0.125227,-0.0484493,-0.141217,-0.161626
121.542,0.125014,-0.0456333,-0.141586,-0.162639
121.565,0.124773,-0.0437706,-0.141506,-0.163615
121.587,0.124504,-0.0424332,-0.142915,-0.164554
121.61,0.124206,-0.0404533,-0.144188,-0.165456
121.633,0.12388,-0.0372062,-0.143427,-0.166321
121.655,0.123527,-0.035515,-0.144777,-0.167148
121.678,0.123146,-0.0337941,-0.144669,-0.167937
121.701,0.122737,-0.0323016,-0.145233,-0.168688
121.723,0.1223,-0.0294243,-0.145719,-0.169401
121.746,0.121837,-0.0276906,-0.145953,-0.170077
121.769,0.121346,-0.0262962,-0.146684,-0.170713
121.791,0.120828,-0.023014,-0.146075,-0.171311
121.814,0.120283,-0.0228529,-0.146281,-0.171871
121.837,0.119711,-0.0210148,-0.147632,-0.172392
121.859,0.119113,-0.0186054,-0.146675,-0.172874
121.882,0.118488,-0.0161765,-0.147068,-0.173317
121.905,0.117837,-0.0140092,-0.14702,-0.173721
121.927,0.11716,-0.0125268,-0.147835,-0.174085
121.95,0.116458,-0.0101769,-0.148045,-0.174411
121.973,0.115729,-0.00762532,-0.147395,-0.174697
121.995,0.114975,-0.00634206,-0.147878,-0.174944
122.018,0.114196,-0.00612794,-0.149199,-0.175152
122.041,0.113392,-0.00109885,-0.148331,-0.17532
122.063,0.112563,7.03707e-05,-0.147867,-0.175449
122.086,0.11171,0.000693368,-0.148599,-0.175538
122.109,0.110832,0.00458375,-0.147603,-0.175588
122.132,0.10993,0.00560896,-0.146649,-0.175599
122.154,0.109005,0.00776625,-0.148268,-0.17557
122.177,0.108055,0.0101598,-0.148361,-0.175501
122.2,0.107083,0.0122622,-0.147001,-0.175393
122.222,0.106087,0.0141528,-0.147694,-0.175246
122.245,0.105068,0.0156059,-0.148113,-0.175059
122.268,0.104027,0.0178972,-0.146628,-0.174833
122.29,0.102964,0.0199767,-0.145841,-0.174567
122.313,0.101879,0.0224858,-0.14571,-0.174263
122.336,0.100771,0.0230304,-0.146208,-0.173919
122.358,0.0996429,0.0255953,-0.145824,-0.173536
122.381,0.0984932,0.0289274,-0.144584,-0.173115
122.404,0.0973226,0.02903,-0.144715,-0.172654
122.426,0.0961315,0.0317358,-0.143568,-0.172155
122.449,0.0949202,0.0334127,-0.1439,-0.171617
122.472,0.0936889,0.0359828,-0.142932,-0.171041
122.494,0.092438,0.0374103,-0.142967,-0.170426
122.517,0.0911678,0.0403183,-0.142417,-0.169773
122.54,0.0898786,0.0415413,-0.141122,-0.169082
122.562,0.0885707,0.0430587,-0.140915,-0.168353
122.585,0.0872446,0.0453342,-0.141031,-0.167586
122.608,0.0859004,0.0469202,-0.139484,-0.166782
122.63,0.0845386,0.0484049,-0.139096,-0.16594
122.653,0.0831594,0.0500693,-0.138561,-0.165061
122.676,0.0817633,0.0526732,-0.13737,-0.164145
122.698,0.0803505,0.0547208,-0.136427,-0.163192
122.721,0.0789215,0.0569832,-0.135599,-0.162203
122.744,0.0774766,0.058142,-0.134942,-0.161178
122.766,0.0760161,0.0598572,-0.13442,-0.160116
122.789,0.0745404,0.061626,-0.133746,-0.159018
122.812,0.0730499,0.0627179,-0.132921,-0.157885
122.834,0.0715449,0.0652519,-0.131827,-0.156716
122.857,0.0700257,0.0671819,-0.13008,-0.155512
122.88,0.0684929,0.0689084,-0.130373,-0.154274
122.902,0.0669467,0.0703158,-0.128646,-0.153001
122.925,0.0653875,0.0723549,-0.12814,-0.151693
122.948,0.0638158,0.0737606,-0.126833,-0.150352
122.971,0.0622318,0.0746297,-0.126877,-0.148977
122.993,0.060636,0.0775372,-0.123975,-0.147568
123.016,0.0590287,0.0796361,-0.123141,-0.146127
123.039,0.0574104,0.0809957,-0.122674,-0.144653
123.061,0.0557815,0.0823496,-0.121563,-0.143146
123.084,0.0541422,0.084163,-0.119712,-0.141607
123.107,0.0524931,0.0859363,-0.118996,-0.140037
123.129,0.0508345,0.0864831,-0.118176,-0.138435
123.152,0.0491668,0.0884612,-0.117106,-0.136802
123.175,0.0474905,0.0898181,-0.115962,-0.135139
123.197,0.0458058,0.0915506,-0.114824,-0.133445
123.22,0.0441133,0.0938948,-0.112168,-0.131722
123.243,0.0424133,0.0943351,-0.112441,-0.129968
123.265,0.0407063,0.0971239,-0.110136,-0.128186
123.288,0.0389926,0.0985023,-0.108812,-0.126375
123.311,0.0372726,0.0992698,-0.108028,-0.124536
123.333,0.0355468,0.101309,-0.106037,-0.122669
123.356,0.0338155,0.102394,-0.105231,-0.120774
123.379,0.0320792,0.103216,-0.104394,-0.118853
123.401,0.0303383,0.105221,-0.101824,-0.116904
123.424,0.0285932,0.106231,-0.100379,-0.11493
123.447,0.0268442,0.107652,-0.0994217,-0.11293
123.469,0.0250919,0.109061,-0.098134,-0.110904
123.492,0.0233366,0.110011,-0.0965514,-0.108854
123.515,0.0215788,0.11082,-0.0952843,-0.106779
123.537,0.0198188,0.112298,-0.0924247,-0.10468
123.56,0.018057,0.113689,-0.0923514,-0.102558
123.583,0.0162939,0.115946,-0.0897057,-0.100412
123.605,0.0145299,0.115869,-0.0891936,-0.0982447
123.628,0.0127654,0.11824,-0.0873593,-0.0960549
123.651,0.0110007,0.118276,-0.0858609,-0.0938436
123.673,0.00923643,0.119384,-0.0837109,-0.0916111
123.696,0.00747282,0.12053,-0.0820395,-0.0893581
123.719,0.00571035,0.121384,-0.0807591,-0.087085
123.741,0.0039494,0.122621,-0.0788285,-0.0847924
123.764,0.00219039,0.124481,-0.0772574,-0.0824807
123.787,0.000433724,0.125288,-0.0755024,-0.0801505
123.81,-0.0013202,0.126513,-0.0733727,-0.0778023
123.832,-0.00307097,0.127247,-0.072006,-0.0754365
123.855,-0.0048182,0.127815,-0.0706559,-0.0730538
123.878,-0.00656148,0.128712,-0.0690801,-0.0706547
123.9,-0.0083004,0.129976,-0.0675095,-0.0682397
123.923,-0.0100346,0.130277,-0.0658584,-0.0658092
123.946,-0.0117636,0.131457,-0.0633268,-0.063364
123.968,-0.0134871,0.132025,-0.0622131,-0.0609044
123.991,-0.0152047,0.132777,-0.0602794,-0.0584311
124.014,-0.016916,0.134092,-0.0570873,-0.0559447
124.036,-0.0186206,0.134815,-0.0560646,-0.0534455
124.059,-0.0203181,0.135684,-0.0545823,-0.0509343
124.082,-0.0220081,0.135896,-0.0529398,-0.0484116
124.104,-0.0236903,0.137041,-0.0503571,-0.0458779
124.127,-0.0253642,0.138392,-0.0480891,-0.0433338
124.15,-0.0270295,0.138461,-0.047105,-0.0407798
124.172,-0.0286859,0.138886,-0.0453904,-0.0382166
124.195,-0.0303329,0.139532,-0.0434808,-0.0356446
124.218,-0.0319702,0.139554,-0.041521,-0.0330646
124.24,-0.0335974,0.139641,-0.0399749,-0.0304769
124.263,-0.0352142,0.140993,-0.0375163,-0.0278824
124.286,-0.0368202,0.140773,-0.0352811,-0.0252813
124.308,-0.038415,0.142157,-0.0334878,-0.0226744
124.331,-0.0399983,0.142153,-0.0314738,-0.0200623
124.354,-0.0415697,0.142385,-0.0297812,-0.0174455
124.376,-0.043129,0.143778,-0.0269947,-0.0148246
124.399,-0.0446756,0.143411,-0.0260413,-0.0122002
124.422,-0.0462094,0.143989,-0.0243346,-0.00957281
124.444,-0.04773,0.143724,-0.0220435,-0.00694313
124.467,-0.049237,0.143943,-0.0211084,-0.00431165
124.49,-0.0507301,0.144879,-0.0183908,-0.00167904
124.512,-0.0522091,0.145171,-0.0161933,0.000954218
124.535,-0.0536734,0.14504,-0.0139744,0.00358748
124.558,-0.055123,0.14517,-0.0125029,0.00622017
124.58,-0.0565573,0.145739,-0.010431,0.0088517
124.603,-0.0579762,0.14557,-0.00897338,0.0114815
124.626,-0.0593794,0.145763,-0.00632992,0.0141089
124.649,-0.0607664,0.145233,-0.00526982,0.0167335
124.671,-0.0621371,0.145074,-0.00275562,0.0193546
124.694,-0.0634911,0.146155,-0.000410933,0.0219715
124.717,-0.0648281,0.14485,0.00108347,0.0245839
124.739,-0.0661479,0.145851,0.00362648,0.027191
124.762,-0.0674502,0.145645,0.00529476,0.0297923
124.785,-0.0687347,0.144976,0.00685772,0.0323872
124.807,-0.0700011,0.144545,0.00914054,0.0349752
124.83,-0.0712492,0.145187,0.0110386,0.0375555
124.853,-0.0724787,0.14551,0.0131925,0.0401278
124.875,-0.0736893,0.144514,0.0151472,0.0426915
124.898,-0.0748809,0.145089,0.0172603,0.0452458
124.921,-0.0760531,0.144847,0.0190125,0.0477903
124.943,-0.0772057,0.144306,0.0213857,0.0503245
124.966,-0.0783385,0.143775,0.0227018,0.0528477
124.989,-0.0794512,0.143169,0.0242257,0.0553593
125.011,-0.0805437,0.143,0.0268403,0.057859
125.034,-0.0816156,0.143001,0.0284574,0.0603459
125.057,-0.0826669,0.142335,0.0305899,0.0628197
125.079,-0.0836972,0.141536,0.032957,0.0652798
125.102,-0.0847064,0.141701,0.03457,0.0677256
125.125,-0.0856942,0.141154,0.0367646,0.0701566
125.147,-0.0866605,0.139809,0.0381352,0.0725722
125.17,-0.0876051,0.14049,0.040063,0.0749719
125.193,-0.0885278,0.139044,0.0417834,0.0773552
125.215,-0.0894284,0.138628,0.0439787,0.0797215
125.238,-0.0903067,0.137762,0.0458562,0.0820704
125.261,-0.0911626,0.138005,0.047928,0.0844012
125.283,-0.0919959,0.136619,0.0492304,0.0867135
125.306,-0.0928065,0.136312,0.0514116,0.0890067
125.329,-0.0935942,0.135453,0.0533719,0.0912804
125.351,-0.0943588,0.13483,0.0547008,0.093534
125.374,-0.0951003,0.134013,0.0568477,0.0957671
125.397,-0.0958184,0.132914,0.058659,0.097979
125.42,-0.0965131,0.132799,0.0610276,0.100169
125.442,-0.0971842,0.131755,0.0617202,0.102338
125.465,-0.0978316,0.130865,0.0637657,0.104484
125.488,-0.0984553,0.130205,0.065522,0.106607
125.51,-0.099055,0.128505,0.0671128,0.108706
125.533,-0.0996307,0.12829,0.0695095,0.110781
125.556,-0.100182,0.126921,0.0708126,0.112832
125.578,-0.10071,0.125842,0.0724164,0.114858
125.601,-0.101213,0.125087,0.0742237,0.116859
125.624,-0.101692,0.124348,0.0760481,0.118834
125.646,-0.102146,0.123423,0.0778862,0.120783
125.669,-0.102576,0.1216,0.0795734,0.122705
125.692,-0.102981,0.121365,0.0807095,0.1246
125.714,-0.103362,0.119998,0.0823007,0.126467
125.737,-0.103718,0.118771,0.0843226,0.128307
125.76,-0.10405,0.11802,0.0857221,0.130118
125.782,-0.104357,0.116206,0.0870835,0.131901
125.805,-0.104639,0.11547,0.0890539,0.133654
125.828,-0.104896,0.11418,0.0901031,0.135378
125.85,-0.105128,0.112706,0.0922329,0.137072
125.873,-0.105336,0.11169,0.0935162,0.138735
125.896,-0.105519,0.110391,0.0949495,0.140368
125.918,-0.105677,0.10845,0.0963622,0.14197
125.941,-0.10581,0.107935,0.0982679,0.143541
125.964,-0.105918,0.106385,0.0996096,0.145079
125.986,-0.106002,0.104829,0.100763,0.146586
126.009,-0.106061,0.103827,0.102484,0.14806
126.032,-0.106095,0.102228,0.103684,0.149501
126.054,-0.106104,0.10093,0.105347,0.150909
126.077,-0.106089,0.0992005,0.106482,0.152284
126.1,-0.106049,0.0977445,0.10766,0.153625
126.122,-0.105985,0.0963003,0.109349,0.154932
126.145,-0.105896,0.095039,0.110413,0.156205
126.168,-0.105782,0.0936736,0.111892,0.157443
126.19,-0.105645,0.0913512,0.11258,0.158646
126.213,-0.105483,0.0905516,0.114237,0.159814
126.236,-0.105297,0.0889814,0.115319,0.160947
126.259,-0.105086,0.0874487,0.116622,0.162043
126.281,-0.104852,0.0861795,0.118113,0.163104
126.304,-0.104594,0.0842098,0.118647,0.164129
126.327,-0.104311,0.0825478,0.120193,0.165117
126.349,-0.104005,0.0811336,0.121244,0.166069
126.372,-0.103676,0.0791405,0.122418,0.166983
126.395,-0.103323,0.0774445,0.123271,0.167861
126.417,-0.102947,0.0757533,0.124058,0.168701
126.44,-0.102547,0.0742854,0.125363,0.169504
126.463,-0.102124,0.072743,0.126726,0.170269
126.485,-0.101679,0.0716739,0.127883,0.170996
126.508,-0.10121,0.0691604,0.12839,0.171686
126.531,-0.100719,0.0678604,0.129627,0.172337
126.553,-0.100205,0.0661587,0.130139,0.17295
126.576,-0.0996688,0.0642453,0.131029,0.173524
126.599,-0.0991105,0.0622637,0.131996,0.17406
126.621,-0.0985302,0.0601737,0.132378,0.174557
126.644,-0.0979279,0.0584254,0.133797,0.175015
126.667,-0.097304,0.0569812,0.134456,0.175434
126.689,-0.0966587,0.0548518,0.135263,0.175814
126.712,-0.095992,0.0532637,0.136182,0.176155
126.735,-0.0953042,0.0513612,0.136521,0.176456
126.757,-0.0945954,0.0495429,0.137613,0.176719
126.78,-0.093866,0.0476795,0.137763,0.176942
126.803,-0.0931161,0.0457038,0.138837,0.177125
126.825,-0.0923459,0.043872,0.139107,0.177269
126.848,-0.0915556,0.0427216,0.140172,0.177374
126.871,-0.0907454,0.039928,0.140504,0.177439
126.893,-0.0899157,0.0381446,0.140878,0.177464
126.916,-0.0890665,0.0361081,0.141553,0.17745
126.939,-0.0881982,0.0342119,0.142039,0.177396
126.961,-0.0873109,0.0322357,0.142667,0.177302
126.984,-0.086405,0.0303428,0.142966,0.177169
127.007,-0.0854806,0.0284171,0.143319,0.176996
127.029,-0.0845381,0.0269208,0.143762,0.176784
127.052,-0.0835776,0.0246504,0.144395,0.176532
127.075,-0.0825994,0.0229532,0.144508,0.176241
127.098,-0.0816039,0.0207563,0.1443,0.175911
127.12,-0.0805911,0.0189181,0.145078,0.175541
127.143,-0.0795615,0.0168689,0.144864,0.175131
127.166,-0.0785153,0.0149283,0.145805,0.174683
127.188,-0.0774528,0.0128014,0.145509,0.174195
127.211,-0.0763742,0.0112507,0.14583,0.173669
127.234,-0.0752798,0.00893776,0.146245,0.173104
127.256,-0.0741699,0.00705565,0.146232,0.172499
127.279,-0.0730449,0.00524606,0.146659,0.171856
127.302,-0.0719049,0.0030866,0.146099,0.171175
127.324,-0.0707504,0.00128438,0.146317,0.170455
127.347,-0.0695815,-0.00081226,0.146624,0.169697
127.37,-0.0683986,-0.0028269,0.146306,0.168901
127.392,-0.067202,-0.00453854,0.146585,0.168067
127.415,-0.0659921,-0.00694428,0.146102,0.167196
127.438,-0.064769,-0.00890448,0.146023,0.166286
127.46,-0.0635331,-0.0107909,0.146367,0.16534
127.483,-0.0622848,-0.0127065,0.146448,0.164356
127.506,-0.0610243,-0.0150292,0.145951,0.163335
127.528,-0.059752,-0.0167141,0.145541,0.162278
127.551,-0.0584682,-0.0186163,0.145563,0.161184
127.574,-0.0571732,-0.0205019,0.145411,0.160054
127.596,-0.0558674,-0.022316,0.145325,0.158887
127.619,-0.054551,-0.0248715,0.143967,0.157685
127.642,-0.0532244,-0.0265844,0.144363,0.156448
127.664,-0.0518879,-0.0286966,0.143677,0.155175
127.687,-0.0505419,-0.0305468,0.143341,0.153867
127.71,-0.0491867,-0.0325376,0.143183,0.152525
127.732,-0.0478227,-0.0346306,0.142411,0.151148
127.755,-0.04645,-0.036297,0.142245,0.149737
127.778,-0.0450693,-0.0384513,0.141556,0.148292
127.8,-0.0436806,-0.0399891,0.141138,0.146814
127.823,-0.0422845,-0.0420779,0.14079,0.145303
127.846,-0.0408811,-0.0442558,0.140102,0.143758
127.868,-0.039471,-0.0457285,0.139568,0.142182
127.891,-0.0380544,-0.0478179,0.138659,0.140572
127.914,-0.0366317,-0.0498353,0.138439,0.138932
127.937,-0.0352031,-0.0518149,0.137146,0.137259
127.959,-0.0337692,-0.0532847,0.136885,0.135556
127.982,-0.0323301,-0.0553506,0.136018,0.133822
128.005,-0.0308863,-0.0573856,0.135341,0.132057
128.027,-0.0294382,-0.0593961,0.134416,0.130263
128.05,-0.027986,-0.0611454,0.133646,0.128439
128.073,-0.0265301,-0.0625539,0.132997,0.126586
128.095,-0.0250708,-0.0645887,0.132118,0.124704
128.118,-0.0236086,-0.0663114,0.130991,0.122793
128.141,-0.0221438,-0.0682811,0.130274,0.120855
128.163,-0.0206766,-0.0700679,0.129194,0.118889
128.186,-0.0192075,-0.0716478,0.128639,0.116896
128.209,-0.0177369,-0.0732412,0.127708,0.114876
128.231,-0.016265,-0.0748524,0.126434,0.11283
128.254,-0.0147922,-0.0774825,0.125229,0.110759
128.277,-0.0133189,-0.0784088,0.124665,0.108662
128.299,-0.0118454,-0.0801976,0.123235,0.10654
128.322,-0.0103721,-0.0820261,0.122209,0.104393
128.345,-0.00889929,-0.0836778,0.121141,0.102223
128.367,-0.00742733,-0.0855574,0.119895,0.10003
128.39,-0.00595659,-0.0870869,0.118978,0.0978129
128.413,-0.0044874,-0.088484,0.117516,0.0955738
128.435,-0.0030201,-0.0900382,0.116638,0.0933127
128.458,-0.00155505,-0.0918789,0.115427,0.09103
128.481,-9.25772e-05,-0.0935883,0.114037,0.0887264
128.503,0.00136697,-0.0949531,0.112844,0.0864023
128.526,0.00282326,-0.096637,0.111387,0.0840582
128.549,0.00427594,-0.0980171,0.110341,0.0816946
128.571,0.00572469,-0.0996721,0.108757,0.079312
128.594,0.00716916,-0.100992,0.107645,0.0769111
128.617,0.00860902,-0.102738,0.10622,0.0744923
128.639,0.0100439,-0.103941,0.104606,0.0720561
128.662,0.0114736,-0.105501,0.103266,0.0696031
128.685,0.0128977,-0.106951,0.102019,0.0671338
128.707,0.0143158,-0.108224,0.100433,0.0646487
128.73,0.0157277,-0.109857,0.0988028,0.0621485
128.753,0.017133,-0.110741,0.0975796,0.0596336
128.776,0.0185314,-0.112363,0.0960103,0.0571047
128.798,0.0199226,-0.113813,0.0943759,0.0545622
128.821,0.0213063,-0.115221,0.0925559,0.0520068
128.844,0.0226821,-0.116306,0.0914009,0.0494389
128.866,0.0240498,-0.117559,0.0897277,0.0468593
128.889,0.025409,-0.119079,0.0880458,0.0442684
128.912,0.0267595,-0.119865,0.0867242,0.0416667
128.934,0.0281009,-0.121239,0.0847901,0.0390551
128.957,0.0294329,-0.122436,0.0832016,0.0364338
128.98,0.0307553,-0.123587,0.081511,0.0338037
129.002,0.0320677,-0.124605,0.0798397,0.0311651
129.025,0.0333698,-0.125655,0.0781546,0.0285188
129.048,0.0346614,-0.127087,0.0763531,0.0258652
129.07,0.0359422,-0.127716,0.0746413,0.0232051
129.093,0.0372119,-0.12881,0.0731221,0.0205389
129.116,0.0384701,-0.129954,0.0713286,0.0178673
129.138,0.0397167,-0.131239,0.0692856,0.0151909
129.161,0.0409514,-0.132149,0.0674226,0.0125103
129.184,0.0421738,-0.132793,0.0661911,0.00982602
129.206,0.0433838,-0.133649,0.0641271,0.00713871
129.229,0.044581,-0.134667,0.0626121,0.00444891
129.252,0.0457653,-0.135731,0.0602549,0.0017573
129.274,0.0469362,-0.136322,0.0584908,-0.000935604
129.297,0.0480937,-0.137407,0.0567603,-0.00362914
129.32,0.0492374,-0.138056,0.0550047,-0.00632271
129.342,0.0503671,-0.1388,0.0529784,-0.00901571
129.365,0.0514826,-0.139595,0.0510707,-0.0117076
129.388,0.0525836,-0.140439,0.0490577,-0.0143977
129.41,0.0536699,-0.140919,0.0473852,-0.0170855
129.433,0.0547412,-0.141581,0.0453532,-0.0197703
129.456,0.0557974,-0.142324,0.0434473,-0.0224516
129.478,0.0568382,-0.142786,0.0414307,-0.0251288
129.501,0.0578634,-0.143307,0.0397287,-0.0278012
129.524,0.0588727,-0.144101,0.037613,-0.0304683
129.546,0.0598661,-0.144485,0.0356884,-0.0331294
129.569,0.0608432,-0.145099,0.0336885,-0.035784
129.592,0.0618039,-0.145604,0.0316076,-0.0384315
129.615,0.0627479,-0.146134,0.0294701,-0.0410712
129.637,0.0636751,-0.146492,0.0276488,-0.0437027
129.66,0.0645854,-0.147023,0.0255956,-0.0463253
129.683,0.0654784,-0.1473,0.0236979,-0.0489383
129.705,0.0663541,-0.147612,0.0218356,-0.0515413
129.728,0.0672122,-0.148049,0.0194637,-0.0541337
129.751,0.0680526,-0.14818,0.017698,-0.0567149
129.773,0.0688751,-0.148602,0.0156325,-0.0592842
129.796,0.0696796,-0.148792,0.0132422,-0.0618411
129.819,0.070466,-0.148864,0.0114837,-0.0643851
129.841,0.0712339,-0.149305,0.00938006,-0.0669156
129.864,0.0719834,-0.149266,0.00739464,-0.069432
129.887,0.0727143,-0.149623,0.00530628,-0.0719337
129.909,0.0734264,-0.149552,0.00320482,-0.0744202
129.932,0.0741196,-0.149509,0.00114912,-0.0768909
129.955,0.0747937,-0.149555,-0.000981022,-0.0793453
129.977,0.0754488,-0.149644,-0.00286886,-0.0817828
130,0.0760845,-0.149622,-0.00501389,-0.0842028
130.023,0.0767009,-0.149706,-0.00696037,-0.0866049
130.045,0.0772978,-0.149444,-0.00901405,-0.0889885
130.068,0.0778751,-0.149597,-0.0111603,-0.091353
130.091,0.0784327,-0.149387,-0.0131675,-0.0936979
130.113,0.0789706,-0.149185,-0.0150783,-0.0960227
130.136,0.0794886,-0.149126,-0.0173129,-0.0983268
130.159,0.0799866,-0.148701,-0.0193694,-0.10061
130.181,0.0804646,-0.148563,-0.0211761,-0.102871
130.204,0.0809225,-0.148335,-0.0233275,-0.10511
130.227,0.0813602,-0.148046,-0.0254568,-0.107327
130.249,0.0817777,-0.147612,-0.0274475,-0.10952
130.272,0.0821749,-0.147263,-0.0295286,-0.11169
130.295,0.0825518,-0.146883,-0.0314489,-0.113835
130.317,0.0829082,-0.146508,-0.0335588,-0.115956
130.34,0.0832443,-0.14617,-0.0355286,-0.118051
130.363,0.0835598,-0.145806,-0.0377065,-0.120121
130.385,0.0838549,-0.145199,-0.0396329,-0.122165
130.408,0.0841294,-0.144852,-0.0416328,-0.124183
130.431,0.0843833,-0.144165,-0.0435232,-0.126173
130.454,0.0846167,-0.143579,-0.0455499,-0.128136
130.476,0.0848295,-0.142949,-0.0475156,-0.130071
130.499,0.0850216,-0.142276,-0.0494597,-0.131978
130.522,0.0851932,-0.141688,-0.0515149,-0.133855
130.544,0.0853442,-0.141109,-0.0534806,-0.135704
130.567,0.0854746,-0.140393,-0.055435,-0.137523
130.59,0.0855844,-0.139572,-0.0574186,-0.139312
130.612,0.0856736,-0.138801,-0.0592068,-0.141071
130.635,0.0857423,-0.138098,-0.061246,-0.142799
130.658,0.0857904,-0.137199,-0.0631126,-0.144495
130.68,0.0858181,-0.136375,-0.0650361,-0.14616
130.703,0.0858253,-0.135496,-0.0669169,-0.147793
130.726,0.0858121,-0.134696,-0.0687985,-0.149394
130.748,0.0857786,-0.133724,-0.0706265,-0.150962
130.771,0.0857247,-0.132767,-0.0724303,-0.152496
130.794,0.0856506,-0.131811,-0.0743699,-0.153998
130.816,0.0855563,-0.13081,-0.0760923,-0.155465
130.839,0.0854418,-0.129717,-0.0779579,-0.156899
130.862,0.0853073,-0.128632,-0.0796406,-0.158297
130.884,0.0851528,-0.127695,-0.0815713,-0.159662
130.907,0.0849784,-0.126574,-0.0833257,-0.160991
130.93,0.0847841,-0.125472,-0.0850519,-0.162285
130.952,0.0845701,-0.124359,-0.0868923,-0.163543
130.975,0.0843365,-0.123152,-0.0885135,-0.164765
130.998,0.0840833,-0.121895,-0.0901032,-0.16595
131.02,0.0838107,-0.120713,-0.0919618,-0.1671
131.043,0.0835187,-0.11954,-0.0935737,-0.168212
131.066,0.0832075,-0.118208,-0.095263,-0.169287
131.088,0.0828772,-0.116916,-0.0969136,-0.170326
131.111,0.082528,-0.115702,-0.0985075,-0.171326
131.134,0.0821598,-0.114322,-0.100158,-0.172289
131.156,0.0817729,-0.113118,-0.101844,-0.173214
131.179,0.0813674,-0.11154,-0.1033,-0.1741
131.202,0.0809434,-0.110167,-0.104907,-0.174948
131.224,0.0805011,-0.108739,-0.106298,-0.175758
131.247,0.0800406,-0.107311,-0.107815,-0.176529
131.27,0.0795621,-0.105848,-0.109402,-0.17726
131.293,0.0790657,-0.10443,-0.110938,-0.177953
131.315,0.0785516,-0.102914,-0.112397,-0.178606
131.338,0.0780199,-0.101313,-0.113806,-0.17922
131.361,0.0774709,-0.0998593,-0.115275,-0.179794
131.383,0.0769046,-0.0982678,-0.116649,-0.180329
131.406,0.0763212,-0.0965406,-0.117916,-0.180823
131.429,0.075721,-0.095058,-0.119315,-0.181278
131.451,0.0751041,-0.0933745,-0.120626,-0.181692
131.474,0.0744707,-0.0917578,-0.121968,-0.182066
131.497,0.0738209,-0.0900698,-0.123245,-0.1824
131.519,0.0731551,-0.0884683,-0.124581,-0.182693
131.542,0.0724733,-0.08668,-0.125755,-0.182946
131.565,0.0717758,-0.0849983,-0.126902,-0.183159
131.587,0.0710627,-0.0832228,-0.128107,-0.183331
131.61,0.0703343,-0.0815492,-0.12942,-0.183462
131.633,0.0695908,-0.0796724,-0.130514,-0.183552
131.655,0.0688324,-0.0779784,-0.131571,-0.183602
131.678,0.0680593,-0.0761632,-0.132763,-0.183611
131.701,0.0672718,-0.0744075,-0.133815,-0.18358
131.723,0.0664699,-0.0724978,-0.134825,-0.183507
131.746,0.0656541,-0.0706172,-0.135815,-0.183394
131.769,0.0648245,-0.0688067,-0.13688,-0.18324
131.791,0.0639813,-0.0669659,-0.137885,-0.183046
131.814,0.0631247,-0.0649216,-0.138727,-0.182811
131.837,0.0622551,-0.0631244,-0.139721,-0.182535
131.859,0.0613726,-0.0611736,-0.140631,-0.182219
131.882,0.0604775,-0.059257,-0.141455,-0.181862
131.905,0.0595701,-0.0573327,-0.142313,-0.181465
131.927,0.0586504,-0.0552935,-0.143154,-0.181027
131.95,0.057719,-0.0534138,-0.143962,-0.18055
131.973,0.0567759,-0.0513961,-0.144651,-0.180032
131.995,0.0558214,-0.0493588,-0.145388,-0.179474
132.018,0.0548558,-0.0475166,-0.146095,-0.178876
132.041,0.0538794,-0.0455222,-0.146915,-0.178238
132.063,0.0528923,-0.043404,-0.147445,-0.177561
132.086,0.0518949,-0.0414634,-0.14811,-0.176844
132.109,0.0508875,-0.0393126,-0.14872,-0.176088
132.132,0.0498703,-0.0372394,-0.149211,-0.175293
132.154,0.0488435,-0.0352641,-0.14978,-0.174458
132.177,0.0478074,-0.0331518,-0.150322,-0.173585
132.2,0.0467624,-0.0311079,-0.150893,-0.172673
132.222,0.0457086,-0.0289956,-0.151263,-0.171723
132.245,0.0446464,-0.026953,-0.151698,-0.170734
132.268,0.043576,-0.024855,-0.152119,-0.169708
132.29,0.0424977,-0.0227135,-0.152483,-0.168643
132.313,0.0414118,-0.0205516,-0.152813,-0.167541
132.336,0.0403186,-0.0184868,-0.153096,-0.166402
132.358,0.0392183,-0.016358,-0.15341,-0.165225
132.381,0.0381113,-0.0142651,-0.153655,-0.164012
132.404,0.0369978,-0.0120639,-0.15391,-0.162762
132.426,0.035878,-0.0100088,-0.154145,-0.161476
132.449,0.0347524,-0.00787302,-0.1542,-0.160154
132.472,0.0336211,-0.00566193,-0.154404,-0.158796
132.494,0.0324845,-0.00357761,-0.154455,-0.157402
132.517,0.0313428,-0.00145937,-0.154592,-0.155974
132.54,0.0301964,0.000718853,-0.154628,-0.154511
132.562,0.0290455,0.00288845,-0.15461,-0.153013
132.585,0.0278904,0.00498579,-0.15464,-0.151481
132.608,0.0267315,0.00711664,-0.154616,-0.149915
132.63,0.0255689,0.00934993,-0.154513,-0.148316
132.653,0.024403,0.0114581,-0.154343,-0.146684
132.676,0.0232341,0.0136078,-0.154257,-0.145019
132.698,0.0220624,0.0157826,-0.154109,-0.143321
132.721,0.0208883,0.0179193,-0.153932,-0.141592
132.744,0.0197121,0.0200873,-0.153683,-0.13983
132.766,0.018534,0.0221723,-0.153468,-0.138038
132.789,0.0173543,0.0242734,-0.153199,-0.136215
132.812,0.0161734,0.026464,-0.15284,-0.134361
132.834,0.0149915,0.0285493,-0.152521,-0.132477
132.857,0.0138089,0.0307095,-0.152105,-0.130564
132.88,0.0126259,0.0328548,-0.151704,-0.128622
132.902,0.0114427,0.034989,-0.151326,-0.12665
132.925,0.0102598,0.0370548,-0.150863,-0.124651
132.948,0.00907728,0.0391534,-0.1504,-0.122623
132.971,0.00789553,0.041271,-0.149852,-0.120568
132.993,0.00671481,0.0433849,-0.149325,-0.118486
133.016,0.00553542,0.045486,-0.148751,-0.116378
133.039,0.00435764,0.0475865,-0.148129,-0.114244
133.061,0.00318173,0.0496249,-0.147512,-0.112084
133.084,0.00200801,0.0517028,-0.146821,-0.109899
133.107,0.000836726,0.0537363,-0.146148,-0.107689
133.129,-0.000331819,0.0557799,-0.145458,-0.105455
133.152,-0.00149734,0.0578452,-0.144692,-0.103198
133.175,-0.00265959,0.0598395,-0.143897,-0.100917
133.197,-0.00381826,0.0619032,-0.143093,-0.0986141
133.22,-0.0049731,0.0639568,-0.142224,-0.0962889
133.243,-0.00612381,0.0658892,-0.141369,-0.0939421
133.265,-0.00727015,0.0678621,-0.140547,-0.0915743
133.288,-0.00841182,0.0698327,-0.139582,-0.0891859
133.311,-0.00954857,0.0718203,-0.138666,-0.0867776
133.333,-0.0106801,0.0737778,-0.137669,-0.0843499
133.356,-0.0118062,0.0756731,-0.136666,-0.0819032
133.379,-0.0129266,0.0776293,-0.135606,-0.0794381
133.401,-0.014041,0.0795819,-0.134538,-0.0769553
133.424,-0.0151492,0.0814415,-0.133475,-0.0744552
133.447,-0.0162509,0.0833182,-0.132388,-0.0719384
133.469,-0.0173458,0.0852327,-0.131195,-0.0694055
133.492,-0.0184337,0.0870444,-0.1301,-0.0668569
133.515,-0.0195144,0.0888801,-0.128886,-0.0642934
133.537,-0.0205876,0.0907242,-0.127695,-0.0617155
133.56,-0.021653,0.092512,-0.126419,-0.0591237
133.583,-0.0227104,0.0943225,-0.125179,-0.0565186
133.605,-0.0237596,0.0961006,-0.123878,-0.0539008
133.628,-0.0248003,0.0978116,-0.122574,-0.0512709
133.651,-0.0258324,0.0995991,-0.121201,-0.0486295
133.673,-0.0268555,0.101277,-0.119866,-0.0459772
133.696,-0.0278694,0.102989,-0.118466,-0.0433145
133.719,-0.028874,0.104693,-0.117048,-0.040642
133.741,-0.0298689,0.106331,-0.115603,-0.0379605
133.764,-0.030854,0.107965,-0.114161,-0.0352703
133.787,-0.031829,0.109599,-0.112662,-0.0325723
133.81,-0.0327938,0.111224,-0.111155,-0.0298669
133.832,-0.033748,0.112789,-0.109597,-0.0271547
133.855,-0.0346916,0.114328,-0.108085,-0.0244364
133.878,-0.0356243,0.115892,-0.106481,-0.0217126
133.9,-0.0365459,0.1174,-0.104895,-0.018984
133.923,-0.0374561,0.118919,-0.103269,-0.0162509
133.946,-0.0383549,0.120382,-0.10165,-0.0135142
133.968,-0.039242,0.121858,-0.0999518,-0.0107745
133.991,-0.0401171,0.123258,-0.0983112,-0.00803222
134.014,-0.0409803,0.124688,-0.0966016,-0.00528809
134.036,-0.0418311,0.126063,-0.0948547,-0.00254277
134.059,-0.0426695,0.127431,-0.0931126,0.000203175
134.082,-0.0434953,0.128746,-0.091366,0.00294914
134.104,-0.0443083,0.130056,-0.0895825,0.00569453
134.127,-0.0451084,0.131361,-0.0877881,0.00843867
134.15,-0.0458953,0.132639,-0.0859447,0.011181
134.172,-0.046669,0.133846,-0.0841298,0.0139208
134.195,-0.0474292,0.135092,-0.0822488,0.0166576
134.218,-0.0481758,0.136272,-0.0803719,0.0193908
134.24,-0.0489087,0.137432,-0.0785104,0.0221197
134.263,-0.0496276,0.138573,-0.0765985,0.0248436
134.286,-0.0503325,0.139703,-0.0746601,0.027562
134.308,-0.0510233,0.140756,-0.0727304,0.0302743
134.331,-0.0516997,0.141823,-0.0707727,0.0329799
134.354,-0.0523617,0.14284,-0.0688064,0.0356782
134.376,-0.053009,0.143849,-0.0668001,0.0383686
134.399,-0.0536417,0.144811,-0.0648281,0.0410504
134.422,-0.0542596,0.145767,-0.062799,0.0437231
134.444,-0.0548625,0.146714,-0.0607614,0.046386
134.467,-0.0554504,0.147589,-0.0587201,0.0490386
134.49,-0.0560231,0.148436,-0.0566769,0.0516804
134.512,-0.0565805,0.149285,-0.0545935,0.0543106
134.535,-0.0571225,0.15009,-0.0525371,0.0569287
134.558,-0.0576491,0.150872,-0.0504259,0.0595341
134.58,-0.0581602,0.151611,-0.048336,0.0621262
134.603,-0.0586556,0.152341,-0.0462136,0.0647045
134.626,-0.0591352,0.153034,-0.0440788,0.0672684
134.649,-0.0595991,0.153688,-0.0419449,0.0698172
134.671,-0.0600471,0.15431,-0.0398132,0.0723505
134.694,-0.0604791,0.154933,-0.037631,0.0748677
134.717,-0.060895,0.155492,-0.0354927,0.0773681
134.739,-0.0612949,0.156027,-0.0333202,0.0798513
134.762,-0.0616787,0.156554,-0.0311215,0.0823167
134.785,-0.0620462,0.157034,-0.0289343,0.0847637
134.807,-0.0623975,0.157475,-0.0267547,0.0871918
134.83,-0.0627324,0.1579,-0.024539,0.0896004
134.853,-0.0630511,0.158286,-0.0223339,0.0919891
134.875,-0.0633533,0.158647,-0.0201089,0.0943572
134.898,-0.0636391,0.15897,-0.0178948,0.0967043
134.921,-0.0639085,0.159272,-0.0156555,0.0990298
134.943,-0.0641614,0.159533,-0.0134262,0.101333
134.966,-0.0643978,0.159771,-0.011183,0.103614
134.989,-0.0646176,0.159966,-0.00895937,0.105872
135.011,-0.064821,0.160147,-0.00669753,0.108106
135.034,-0.0650078,0.160282,-0.00445902,0.110315
135.057,-0.065178,0.160391,-0.00220479,0.112501
135.079,-0.0653317,0.160458,4.2137e-05,0.114661
135.102,-0.0654689,0.160516,0.00230284,0.116795
135.125,-0.0655895,0.160524,0.00455211,0.118904
135.147,-0.0656936,0.160505,0.00681323,0.120986
135.17,-0.0657812,0.16045,0.00906254,0.123041
135.193,-0.0658523,0.160375,0.0113321,0.125068
135.215,-0.0659069,0.160253,0.0135802,0.127068
135.238,-0.0659451,0.160116,0.0158403,0.129039
135.261,-0.0659669,0.159932,0.0180893,0.130982
135.283,-0.0659723,0.159729,0.0203493,0.132895
135.306,-0.0659614,0.159485,0.0225933,0.134778
135.329,-0.0659341,0.159218,0.0248444,0.136632
135.351,-0.0658907,0.15891,0.0270869,0.138455
135.374,-0.065831,0.158582,0.0293335,0.140247
135.397,-0.0657552,0.158206,0.0315618,0.142008
135.42,-0.0656634,0.157813,0.0338002,0.143737
135.442,-0.0655555,0.157379,0.0360226,0.145434
135.465,-0.0654317,0.156921,0.0382519,0.147098
135.488,-0.065292,0.156423,0.0404618,0.14873
135.51,-0.0651365,0.155906,0.042678,0.150329
135.533,-0.0649653,0.155342,0.0448738,0.151894
135.556,-0.0647785,0.154764,0.04708,0.153425
135.578,-0.0645761,0.154141,0.0492608,0.154922
135.601,-0.0643583,0.153496,0.0514496,0.156384
135.624,-0.064125,0.15281,0.053614,0.157812
135.646,-0.0638766,0.152108,0.0557856,0.159204
135.669,-0.0636129,0.15136,0.0579328,0.160561
135.692,-0.0633342,0.150593,0.0600844,0.161882
135.714,-0.0630405,0.149784,0.0622125,0.163167
135.737,-0.062732,0.148957,0.0643406,0.164416
135.76,-0.0624088,0.148088,0.0664477,0.165628
135.782,-0.0620709,0.147202,0.0685568,0.166803
135.805,-0.0617186,0.146272,0.0706389,0.167941
135.828,-0.0613519,0.145325,0.0727217,0.169041
135.85,-0.060971,0.144338,0.0747795,0.170104
135.873,-0.0605759,0.143332,0.0768374,0.171129
135.896,-0.0601669,0.142284,0.0788683,0.172116
135.918,-0.0597441,0.14122,0.0808981,0.173064
135.941,-0.0593076,0.140115,0.0829003,0.173974
135.964,-0.0588575,0.138993,0.0849007,0.174845
135.986,-0.0583941,0.137831,0.0868731,0.175677
136.009,-0.0579174,0.136653,0.0888427,0.17647
136.032,-0.0574276,0.135434,0.0907834,0.177224
136.054,-0.0569249,0.134199,0.0927203,0.177938
136.077,-0.0564095,0.132925,0.0946275,0.178613
136.1,-0.0558814,0.131635,0.0965302,0.179248
136.122,-0.0553409,0.130306,0.0984025,0.179843
136.145,-0.0547881,0.128962,0.100269,0.180398
136.168,-0.0542232,0.12758,0.102105,0.180913
136.19,-0.0536464,0.126182,0.103935,0.181388
136.213,-0.0530578,0.124747,0.105733,0.181823
136.236,-0.0524576,0.123298,0.107524,0.182217
136.259,-0.0518461,0.121811,0.109282,0.18257
136.281,-0.0512233,0.12031,0.111032,0.182883
136.304,-0.0505896,0.118773,0.112749,0.183155
136.327,-0.049945,0.117222,0.114458,0.183387
136.349,-0.0492897,0.115635,0.116133,0.183577
136.372,-0.048624,0.114035,0.117798,0.183727
136.395,-0.0479481,0.1124,0.119429,0.183837
136.417,-0.0472621,0.110752,0.12105,0.183905
136.44,-0.0465662,0.10907,0.122635,0.183932
136.463,-0.0458607,0.107376,0.12421,0.183919
136.485,-0.0451457,0.105647,0.125748,0.183865
136.508,-0.0444215,0.103908,0.127276,0.18377
136.531,-0.0436883,0.102135,0.128766,0.183634
136.553,-0.0429462,0.100352,0.130245,0.183458
136.576,-0.0421955,0.0985352,0.131686,0.183241
136.599,-0.0414364,0.0967094,0.133115,0.182983
136.621,-0.0406692,0.094851,0.134505,0.182685
136.644,-0.0398939,0.0929841,0.135883,0.182346
136.667,-0.0391109,0.0910852,0.137222,0.181967
136.689,-0.0383204,0.0891785,0.138547,0.181547
136.712,-0.0375225,0.0872405,0.139833,0.181087
136.735,-0.0367176,0.0852954,0.141105,0.180588
136.757,-0.0359057,0.0833199,0.142336,0.180048
136.78,-0.0350873,0.0813379,0.143553,0.179468
136.803,-0.0342624,0.0793263,0.14473,0.178849
136.825,-0.0334313,0.0773089,0.145891,0.17819
136.848,-0.0325943,0.0752627,0.147011,0.177491
136.871,-0.0317515,0.0732116,0.148116,0.176754
136.893,-0.0309032,0.0711324,0.149179,0.175977
136.916,-0.0300497,0.0690491,0.150225,0.175161
136.939,-0.029191,0.0669385,0.15123,0.174307
136.961,-0.0283276,0.0648247,0.152218,0.173414
136.984,-0.0274596,0.0626842,0.153164,0.172483
137.007,-0.0265873,0.0605414,0.154092,0.171514
137.029,-0.0257108,0.0583729,0.154978,0.170507
137.052,-0.0248305,0.0562029,0.155846,0.169463
137.075,-0.0239465,0.0540079,0.15667,0.168381
137.098,-0.0230591,0.0518123,0.157477,0.167262
137.12,-0.0221685,0.0495926,0.15824,0.166106
137.143,-0.021275,0.0473731,0.158984,0.164913
137.166,-0.0203788,0.0451304,0.159685,0.163685
137.188,-0.0194802,0.0428888,0.160367,0.16242
137.211,-0.0185793,0.0406249,0.161004,0.161119
137.234,-0.0176764,0.0383629,0.161623,0.159783
137.256,-0.0167718,0.0360795,0.162197,0.158412
137.279,-0.0158656,0.033799,0.162751,0.157006
137.302,-0.0149582,0.031498,0.163261,0.155566
137.324,-0.0140497,0.0292007,0.16375,0.154091
137.347,-0.0131404,0.0268837,0.164195,0.152583
137.37,-0.0122305,0.0245715,0.16462,0.151041
137.392,-0.0113203,0.0222406,0.164999,0.149466
137.415,-0.01041,0.0199153,0.165358,0.147858
137.438,-0.0094998,0.0175721,0.165672,0.146218
137.46,-0.00858996,0.0152356,0.165965,0.144546
137.483,-0.00768073,0.0128821,0.166212,0.142842
137.506,-0.00677231,0.0105362,0.166439,0.141107
137.528,-0.00586495,0.00817429,0.16662,0.139341
137.551,-0.00495887,0.0058208,0.16678,0.137545
137.574,-0.00405432,0.00345235,0.166894,0.135719
137.596,-0.0031515,0.00109328,0.166987,0.133863
137.619,-0.00225066,-0.00127986,0.167034,0.131978
137.642,-0.00135201,-0.00364269,0.16706,0.130064
137.664,-0.000455789,-0.00601858,0.16704,0.128122
137.687,0.000437789,-0.00838316,0.166999,0.126152
137.71,0.00132849,-0.01076,0.166912,0.124154
137.732,0.00221611,-0.0131245,0.166804,0.12213
137.755,0.00310041,-0.0155002,0.166649,0.120079
137.778,0.00398118,-0.0178627,0.166473,0.118002
137.8,0.0048582,-0.0202355,0.166251,0.115899
137.823,0.00573125,-0.0225941,0.166008,0.113772
137.846,0.00660013,-0.024962,0.165719,0.11162
137.868,0.00746461,-0.0273147,0.165408,0.109443
137.891,0.00832449,-0.0296758,0.165052,0.107244
137.914,0.00917956,-0.0320208,0.164674,0.105021
137.937,0.0100296,-0.0343732,0.164251,0.102775
137.959,0.0108744,-0.0367085,0.163806,0.100507
137.982,0.0117138,-0.0390502,0.163316,0.0982179
138.005,0.0125475,-0.0413739,0.162805,0.0959075
138.027,0.0133755,-0.0437031,0.162248,0.0935766
138.05,0.0141973,-0.0460133,0.16167,0.0912257
138.073,0.015013,-0.0483281,0.161047,0.0888553
138.095,0.0158222,-0.0506229,0.160403,0.086466
138.118,0.0166248,-0.0529214,0.159714,0.0840583
138.141,0.0174206,-0.0551989,0.159005,0.0816327
138.163,0.0182095,-0.0574791,0.15825,0.0791899
138.186,0.0189911,-0.0597374,0.157476,0.0767302
138.209,0.0197654,-0.0619976,0.156656,0.0742544
138.231,0.0205321,-0.0642349,0.155817,0.071763
138.254,0.0212911,-0.066473,0.154933,0.0692565
138.277,0.0220422,-0.0686874,0.154029,0.0667355
138.299,0.0227852,-0.0709018,0.153082,0.0642005
138.322,0.02352,-0.0730914,0.152115,0.0616522
138.345,0.0242464,-0.0752801,0.151104,0.0590911
138.367,0.0249642,-0.0774432,0.150074,0.0565179
138.39,0.0256733,-0.0796044,0.149,0.053933
138.413,0.0263734,-0.0817391,0.147908,0.0513371
138.435,0.0270645,-0.0838711,0.146773,0.0487307
138.458,0.0277464,-0.0859756,0.14562,0.0461144
138.481,0.028419,-0.0880765,0.144424,0.0434889
138.503,0.029082,-0.0901491,0.14321,0.0408547
138.526,0.0297353,-0.0922172,0.141954,0.0382124
138.549,0.0303788,-0.0942561,0.14068,0.0355626
138.571,0.0310124,-0.0962897,0.139365,0.0329059
138.594,0.031636,-0.0982931,0.138033,0.0302429
138.617,0.0322492,-0.10029,0.136659,0.0275742
138.639,0.0328522,-0.102257,0.135269,0.0249005
138.662,0.0334446,-0.104216,0.133838,0.0222222
138.685,0.0340265,-0.106144,0.132392,0.01954
138.707,0.0345976,-0.108064,0.130904,0.0168546
138.73,0.0351578,-0.109951,0.129402,0.0141664
138.753,0.0357071,-0.111829,0.12786,0.0114762
138.776,0.0362453,-0.113674,0.126303,0.00878447
138.798,0.0367724,-0.11551,0.124707,0.00609187
138.821,0.0372881,-0.117312,0.123097,0.003399
138.844,0.0377924,-0.119103,0.121448,0.000706463
138.866,0.0382852,-0.120859,0.119786,-0.00198512
138.889,0.0387664,-0.122605,0.118086,-0.00467518
138.912,0.039236,-0.124314,0.116372,-0.0073631
138.934,0.0396937,-0.126012,0.114622,-0.0100483
138.957,0.0401396,-0.127674,0.112859,-0.0127301
138.98,0.0405735,-0.129323,0.11106,-0.015408
139.002,0.0409954,-0.130934,0.109249,-0.0180813
139.025,0.0414051,-0.132533,0.107402,-0.0207495
139.048,0.0418027,-0.134094,0.105544,-0.023412
139.07,0.042188,-0.135641,0.103651,-0.0260681
139.093,0.042561,-0.137149,0.101748,-0.0287173
139.116,0.0429215,-0.138643,0.0998107,-0.031359
139.138,0.0432697,-0.140098,0.0978637,-0.0339925
139.161,0.0436053,-0.141537,0.095883,-0.0366174
139.184,0.0439284,-0.142937,0.0938935,-0.039233
139.206,0.0442388,-0.144321,0.0918712,-0.0418388
139.229,0.0445366,-0.145664,0.0898409,-0.044434
139.252,0.0448217,-0.146991,0.0877785,-0.0470183
139.274,0.045094,-0.148277,0.085709,-0.049591
139.297,0.0453536,-0.149546,0.0836082,-0.0521515
139.32,0.0456003,-0.150773,0.081501,-0.0546993
139.342,0.0458343,-0.151983,0.0793634,-0.0572337
139.365,0.0460553,-0.15315,0.0772203,-0.0597543
139.388,0.0462635,-0.1543,0.0750476,-0.0622605
139.41,0.0464587,-0.155406,0.0728702,-0.0647517
139.433,0.046641,-0.156495,0.070664,-0.0672273
139.456,0.0468104,-0.157539,0.0684541,-0.0696869
139.478,0.0469668,-0.158565,0.0662163,-0.0721299
139.501,0.0471103,-0.159547,0.0639755,-0.0745556
139.524,0.0472408,-0.16051,0.0617078,-0.0769637
139.546,0.0473584,-0.161428,0.0594381,-0.0793535
139.569,0.0474631,-0.162326,0.0571422,-0.0817246
139.592,0.0475548,-0.16318,0.0548453,-0.0840763
139.615,0.0476335,-0.164013,0.0525231,-0.0864083
139.637,0.0476994,-0.164802,0.0502008,-0.08872
139.66,0.0477524,-0.165569,0.0478542,-0.0910108
139.683,0.0477925,-0.166291,0.0455084,-0.0932803
139.705,0.0478197,-0.166992,0.0431393,-0.0955279
139.728,0.0478341,-0.167647,0.0407718,-0.0977531
139.751,0.0478358,-0.168281,0.038382,-0.0999556
139.773,0.0478247,-0.168869,0.0359949,-0.102135
139.796,0.0478009,-0.169435,0.0335863,-0.10429
139.819,0.0477644,-0.169954,0.0311813,-0.106421
139.841,0.0477154,-0.170451,0.028756,-0.108528
139.864,0.0476537,-0.170902,0.0263352,-0.110609
139.887,0.0475795,-0.17133,0.0238949,-0.112664
139.909,0.0474929,-0.171712,0.0214603,-0.114694
139.932,0.0473938,-0.172071,0.0190071,-0.116697
139.955,0.0472824,-0.172383,0.0165606,-0.118673
139.977,0.0471587,-0.172672,0.0140965,-0.120621
140,0.0470228,-0.172913,0.01164,-0.122542
140.023,0.0468748,-0.173132,0.00916706,-0.124435
140.045,0.0467147,-0.173304,0.00670266,-0.126299
140.068,0.0465426,-0.173452,0.0042228,-0.128133
140.091,0.0463586,-0.173553,0.00175249,-0.129939
140.113,0.0461627,-0.173631,-0.000732239,-0.131714
140.136,0.0459551,-0.17366,-0.00320639,-0.133459
140.159,0.0457359,-0.173667,-0.00569399,-0.135174
140.181,0.0455051,-0.173626,-0.00817,-0.136858
140.204,0.0452628,-0.173562,-0.0106584,-0.13851
140.227,0.0450092,-0.173449,-0.0131342,-0.140131
140.249,0.0447443,-0.173314,-0.0156214,-0.141719
140.272,0.0444682,-0.17313,-0.018095,-0.143275
140.295,0.044181,-0.172924,-0.0205789,-0.144799
140.317,0.0438829,-0.172669,-0.0230481,-0.146289
140.34,0.043574,-0.172392,-0.0255267,-0.147746
140.363,0.0432543,-0.172066,-0.0279897,-0.14917
140.385,0.0429241,-0.171717,-0.030461,-0.150559
140.408,0.0425833,-0.171321,-0.0329155,-0.151914
140.431,0.0422322,-0.170901,-0.0353774,-0.153235
140.454,0.0418708,-0.170434,-0.0378216,-0.15452
140.476,0.0414993,-0.169944,-0.040272,-0.155771
140.499,0.0411178,-0.169406,-0.0427037,-0.156986
140.522,0.0407265,-0.168846,-0.0451407,-0.158166
140.544,0.0403254,-0.168238,-0.0475579,-0.159309
140.567,0.0399147,-0.167608,-0.0499794,-0.160417
140.59,0.0394946,-0.16693,-0.0523802,-0.161488
140.612,0.0390652,-0.166231,-0.0547841,-0.162523
140.635,0.0386266,-0.165484,-0.0571664,-0.163521
140.658,0.038179,-0.164715,-0.0595508,-0.164482
140.68,0.0377225,-0.163899,-0.0619125,-0.165405
140.703,0.0372573,-0.163062,-0.0642755,-0.166292
140.726,0.0367835,-0.162178,-0.0666147,-0.167141
140.748,0.0363013,-0.161272,-0.0689541,-0.167952
140.771,0.0358108,-0.16032,-0.0712689,-0.168725
140.794,0.0353123,-0.159348,-0.0735829,-0.16946
140.816,0.0348057,-0.158329,-0.0758712,-0.170157
140.839,0.0342914,-0.15729,-0.0781578,-0.170816
140.862,0.0337694,-0.156204,-0.0804178,-0.171436
140.884,0.03324,-0.155099,-0.082675,-0.172018
140.907,0.0327033,-0.153948,-0.0849046,-0.172561
140.93,0.0321594,-0.152778,-0.0871306,-0.173065
140.952,0.0316086,-0.151563,-0.0893281,-0.17353
140.975,0.031051,-0.150328,-0.091521,-0.173956
140.998,0.0304868,-0.149049,-0.0936844,-0.174344
141.02,0.0299161,-0.147751,-0.0958422,-0.174692
141.043,0.0293391,-0.146409,-0.0979697,-0.175001
141.066,0.0287561,-0.145049,-0.100091,-0.175271
141.088,0.0281671,-0.143645,-0.10218,-0.175502
141.111,0.0275724,-0.142224,-0.104263,-0.175693
141.134,0.0269721,-0.140759,-0.106313,-0.175845
141.156,0.0263664,-0.139277,-0.108355,-0.175958
141.179,0.0257555,-0.137753,-0.110364,-0.176032
141.202,0.0251397,-0.136212,-0.112364,-0.176066
141.224,0.0245189,-0.134629,-0.11433,-0.176061
141.247,0.0238935,-0.13303,-0.116285,-0.176016
141.27,0.0232637,-0.13139,-0.118207,-0.175933
141.293,0.0226295,-0.129734,-0.120117,-0.17581
141.315,0.0219913,-0.128038,-0.121992,-0.175648
141.338,0.0213492,-0.126327,-0.123855,-0.175447
141.361,0.0207033,-0.124576,-0.125681,-0.175207
141.383,0.0200539,-0.122811,-0.127495,-0.174928
141.406,0.0194012,-0.121006,-0.129272,-0.17461
141.429,0.0187453,-0.119189,-0.131036,-0.174254
141.451,0.0180864,-0.117332,-0.132762,-0.173859
141.474,0.0174248,-0.115463,-0.134474,-0.173425
141.497,0.0167606,-0.113556,-0.136147,-0.172953
141.519,0.016094,-0.111637,-0.137805,-0.172442
141.542,0.0154252,-0.109681,-0.139424,-0.171894
141.565,0.0147544,-0.107714,-0.141027,-0.171307
141.587,0.0140817,-0.10571,-0.14259,-0.170682
141.61,0.0134075,-0.103696,-0.144137,-0.17002
141.633,0.0127318,-0.101646,-0.145643,-0.16932
141.655,0.0120549,-0.0995874,-0.147133,-0.168583
141.678,0.0113769,-0.0974933,-0.14858,-0.167809
141.701,0.010698,-0.0953907,-0.15001,-0.166998
141.723,0.0100185,-0.093254,-0.151398,-0.16615
141.746,0.00933852,-0.0911097,-0.152768,-0.165265
141.769,0.00865823,-0.088932,-0.154095,-0.164344
141.791,0.00797785,-0.0867475,-0.155404,-0.163387
141.814,0.00729755,-0.0845306,-0.156669,-0.162394
141.837,0.00661754,-0.0823078,-0.157914,-0.161366
141.859,0.005938,-0.0800534,-0.159116,-0.160302
141.882,0.00525911,-0.0777941,-0.160297,-0.159203
141.905,0.00458107,-0.0755039,-0.161434,-0.158069
141.927,0.00390406,-0.0732099,-0.162551,-0.156901
141.95,0.00322827,-0.070886,-0.163623,-0.155698
141.973,0.00255388,-0.068559,-0.164674,-0.154462
141.995,0.00188107,-0.0662032,-0.165679,-0.153191
142.018,0.00121005,-0.0638453,-0.166663,-0.151887
142.041,0.000540972,-0.0614594,-0.1676,-0.150551
142.063,-0.000125967,-0.0590723,-0.168516,-0.149181
142.086,-0.000790585,-0.0566583,-0.169386,-0.147779
142.109,-0.00145271,-0.0542442,-0.170233,-0.146345
142.132,-0.00211216,-0.0518041,-0.171033,-0.144879
142.154,-0.00276875,-0.0493648,-0.17181,-0.143382
142.177,-0.00342231,-0.0469005,-0.172541,-0.141854
142.2,-0.00407267,-0.0444381,-0.173248,-0.140295
142.222,-0.00471964,-0.0419516,-0.173908,-0.138705
142.245,-0.00536307,-0.039468,-0.174544,-0.137086
142.268,-0.00600277,-0.0369614,-0.175132,-0.135437
142.29,-0.00663858,-0.0344587,-0.175697,-0.13376
142.313,-0.00727032,-0.0319341,-0.176213,-0.132053
142.336,-0.00789784,-0.0294144,-0.176705,-0.130318
142.358,-0.00852096,-0.0268737,-0.177149,-0.128555
142.381,-0.00913953,-0.0243392,-0.177569,-0.126764
142.404,-0.00975337,-0.0217845,-0.17794,-0.124947
142.426,-0.0103623,-0.0192371,-0.178286,-0.123102
142.449,-0.0109663,-0.0166707,-0.178584,-0.121232
142.472,-0.011565,-0.0141125,-0.178856,-0.119335
142.494,-0.0121584,-0.0115364,-0.17908,-0.117413
142.517,-0.0127462,-0.00896955,-0.179279,-0.115467
142.54,-0.0133284,-0.00638589,-0.179428,-0.113495
142.562,-0.0139048,-0.0038126,-0.179553,-0.1115
142.585,-0.0144753,-0.00122352,-0.179628,-0.109481
142.608,-0.0150397,0.00135409,-0.179678,-0.107439
142.63,-0.0155978,0.00394649,-0.179679,-0.105375
142.653,-0.0161495,0.00652627,-0.179655,-0.103288
142.676,-0.0166947,0.00911974,-0.179581,-0.10118
142.698,-0.0172332,0.0116996,-0.179482,-0.0990501
142.721,-0.017765,0.014292,-0.179333,-0.0968999
142.744,-0.0182898,0.0168697,-0.179159,-0.0947295
142.766,-0.0188075,0.0194589,-0.178936,-0.0925395
142.789,-0.0193181,0.0220324,-0.178687,-0.0903303
142.812,-0.0198213,0.0246162,-0.178389,-0.0881024
142.834,-0.0203171,0.0271831,-0.178066,-0.0858564
142.857,-0.0208054,0.0297594,-0.177694,-0.0835927
142.88,-0.0212859,0.0323177,-0.177296,-0.081312
142.902,-0.0217587,0.0348843,-0.17685,-0.0790146
142.925,-0.0222235,0.0374318,-0.176378,-0.0767013
142.948,-0.0226804,0.0399866,-0.175857,-0.0743723
142.971,-0.0231291,0.0425211,-0.175312,-0.0720284
142.993,-0.0235695,0.0450619,-0.174717,-0.06967
143.016,-0.0240016,0.0475814,-0.174098,-0.0672978
143.039,-0.0244253,0.050106,-0.17343,-0.0649121
143.061,-0.0248404,0.0526082,-0.172738,-0.0625136
143.084,-0.0252469,0.0551146,-0.171997,-0.0601029
143.107,-0.0256446,0.0575974,-0.171232,-0.0576804
143.129,-0.0260335,0.0600833,-0.170419,-0.0552468
143.152,-0.0264135,0.0625447,-0.169582,-0.0528025
143.175,-0.0267845,0.0650081,-0.168697,-0.0503482
143.197,-0.0271464,0.0674459,-0.167788,-0.0478843
143.22,-0.0274991,0.0698847,-0.166832,-0.0454116
143.243,-0.0278426,0.0722968,-0.165852,-0.0429304
143.265,-0.0281768,0.0747089,-0.164826,-0.0404414
143.288,-0.0285015,0.0770933,-0.163776,-0.0379452
143.311,-0.0288168,0.0794767,-0.162679,-0.0354423
143.333,-0.0291226,0.0818313,-0.16156,-0.0329333
143.356,-0.0294188,0.0841839,-0.160395,-0.0304188
143.379,-0.0297054,0.0865067,-0.159207,-0.0278992
143.401,-0.0299822,0.0888265,-0.157974,-0.0253753
143.424,-0.0302493,0.0911155,-0.156719,-0.0228475
143.447,-0.0305065,0.0934005,-0.155418,-0.0203165
143.469,-0.0307539,0.0956537,-0.154096,-0.0177828
143.492,-0.0309914,0.097902,-0.152729,-0.0152469
143.515,-0.0312189,0.100117,-0.151342,-0.0127096
143.537,-0.0314364,0.102327,-0.14991,-0.0101712
143.56,-0.0316439,0.104503,-0.148458,-0.0076324
143.583,-0.0318413,0.106672,-0.146962,-0.0050938
143.605,-0.0320286,0.108806,-0.145446,-0.00255596
143.628,-0.0322058,0.110933,-0.143887,-1.93994e-05
143.651,-0.0323728,0.113023,-0.14231,0.00251526
143.673,-0.0325297,0.115106,-0.140689,0.00504747
143.696,-0.0326763,0.117151,-0.13905,0.00757666
143.719,-0.0328127,0.119187,-0.13737,0.0101023
143.741,-0.0329389,0.121186,-0.135671,0.0126237
143.764,-0.0330549,0.123174,-0.133931,0.0151405
143.787,-0.0331605,0.125124,-0.132174,0.0176519
143.81,-0.033256,0.127062,-0.130377,0.0201576
143.832,-0.0333411,0.128961,-0.128563,0.0226568
143.855,-0.0334161,0.130849,-0.126709,0.025149
143.878,-0.0334807,0.132696,-0.12484,0.0276338
143.9,-0.0335351,0.13453,-0.122931,0.0301104
143.923,-0.0335793,0.136323,-0.121008,0.0325785
143.946,-0.0336132,0.138103,-0.119046,0.0350374
143.968,-0.0336369,0.13984,-0.11707,0.0374866
143.991,-0.0336505,0.141564,-0.115057,0.0399255
144.014,-0.0336538,0.143245,-0.11303,0.0423536
144.036,-0.033647,0.14491,-0.110967,0.0447703
144.059,-0.0336301,0.146533,-0.108891,0.0471752
144.082,-0.0336031,0.148139,-0.106779,0.0495677
144.104,-0.033566,0.149702,-0.104655,0.0519472
144.127,-0.0335189,0.151248,-0.102497,0.0543133
144.15,-0.0334617,0.152749,-0.100328,0.0566653
144.172,-0.0333947,0.154233,-0.098124,0.0590029
144.195,-0.0333177,0.155671,-0.0959107,0.0613255
144.218,-0.0332309,0.157092,-0.093664,0.0636325
144.24,-0.0331342,0.158466,-0.0914085,0.0659234
144.263,-0.0330279,0.159822,-0.0891205,0.0681978
144.286,-0.0329117,0.161131,-0.0868246,0.0704552
144.308,-0.032786,0.162422,-0.0844971,0.072695
144.331,-0.0326506,0.163664,-0.0821628,0.0749168
144.354,-0.0325057,0.164887,-0.0797978,0.0771201
144.376,-0.0323514,0.166063,-0.0774269,0.0793043
144.399,-0.0321877,0.167218,-0.0750264,0.0814691
144.422,-0.0320146,0.168324,-0.0726208,0.0836139
144.444,-0.0318323,0.16941,-0.0701866,0.0857383
144.467,-0.0316408,0.170447,-0.0677485,0.0878418
144.49,-0.0314402,0.171462,-0.0652827,0.0899239
144.512,-0.0312306,0.172428,-0.062814,0.0919843
144.535,-0.031012,0.173373,-0.0603187,0.0940225
144.558,-0.0307846,0.174267,-0.0578214,0.0960379
144.58,-0.0305485,0.175139,-0.0552985,0.0980302
144.603,-0.0303036,0.175961,-0.0527748,0.0999989
144.626,-0.0300502,0.176761,-0.0502266,0.101944
144.649,-0.0297883,0.17751,-0.0476785,0.103864
144.671,-0.029518,0.178235,-0.0451069,0.10576
144.694,-0.0292394,0.17891,-0.0425366,0.10763
144.717,-0.0289526,0.179562,-0.0399439,0.109475
144.739,-0.0286578,0.180162,-0.0373535,0.111293
144.762,-0.0283549,0.180738,-0.0347418,0.113086
144.785,-0.0280442,0.181263,-0.0321336,0.114851
144.807,-0.0277257,0.181764,-0.029505,0.11659
144.83,-0.0273995,0.182213,-0.0268811,0.1183
144.853,-0.0270659,0.182638,-0.024238,0.119983
144.875,-0.0267247,0.18301,-0.0216005,0.121638
144.898,-0.0263763,0.183358,-0.018945,0.123264
144.921,-0.0260207,0.183654,-0.0162962,0.124861
144.943,-0.0256581,0.183925,-0.0136305,0.126429
144.966,-0.0252885,0.184144,-0.0109727,0.127967
144.989,-0.0249121,0.184338,-0.00829916,0.129475
145.011,-0.024529,0.184479,-0.00563457,0.130953
145.034,-0.0241393,0.184596,-0.00295529,0.1324
145.057,-0.0237432,0.18466,-0.000286163,0.133817
145.079,-0.0233409,0.184699,0.0023965,0.135202
145.102,-0.0229323,0.184684,0.00506793,0.136556
145.125,-0.0225178,0.184646,0.00775173,0.137878
145.147,-0.0220973,0.184553,0.0104231,0.139168
145.17,-0.0216711,0.184437,0.0131058,0.140426
145.193,-0.0212393,0.184267,0.0157749,0.141651
145.215,-0.020802,0.184072,0.0184542,0.142843
145.238,-0.0203594,0.183824,0.0211188,0.144003
145.261,-0.0199116,0.183552,0.0237924,0.145129
145.283,-0.0194588,0.183226,0.0264501,0.146222
145.306,-0.0190011,0.182876,0.0291158,0.147281
145.329,-0.0185386,0.182473,0.0317645,0.148306
145.351,-0.0180715,0.182045,0.0344199,0.149297
145.374,-0.0176,0.181564,0.0370572,0.150253
145.397,-0.0171243,0.18106,0.0397001,0.151176
145.42,-0.0166443,0.180502,0.0423238,0.152063
145.442,-0.0161604,0.17992,0.044952,0.152916
145.465,-0.0156726,0.179286,0.0475598,0.153733
145.488,-0.0151812,0.178628,0.050171,0.154516
145.51,-0.0146862,0.177917,0.0527607,0.155263
145.533,-0.0141879,0.177183,0.0553527,0.155974
145.556,-0.0136864,0.176397,0.057922,0.15665
145.578,-0.0131818,0.175588,0.0604925,0.157291
145.601,-0.0126743,0.174726,0.0630393,0.157895
145.624,-0.0121641,0.173842,0.0655861,0.158463
145.646,-0.0116513,0.172906,0.0681081,0.158996
145.669,-0.0111361,0.171947,0.0706291,0.159492
145.692,-0.0106187,0.170937,0.0731242,0.159952
145.714,-0.0100992,0.169906,0.0756171,0.160376
145.737,-0.00957769,0.168823,0.0780831,0.160764
145.76,-0.00905445,0.167718,0.0805458,0.161115
145.782,-0.00852961,0.166563,0.0829805,0.161429
145.805,-0.00800333,0.165387,0.085411,0.161707
145.828,-0.00747577,0.16416,0.0878123,0.161949
145.85,-0.00694709,0.162913,0.0902083,0.162154
145.873,-0.00641746,0.161616,0.0925742,0.162323
145.896,-0.00588704,0.160299,0.0949337,0.162454
145.918,-0.00535599,0.158933,0.0972621,0.16255
145.941,-0.00482448,0.157547,0.0995831,0.162608
145.964,-0.00429267,0.156113,0.101872,0.162631
145.986,-0.00376071,0.154659,0.104152,0.162616
146.009,-0.00322878,0.153158,0.106399,0.162565
146.032,-0.00269704,0.151638,0.108637,0.162478
146.054,-0.00216565,0.15007,0.110841,0.162354
146.077,-0.00163477,0.148485,0.113034,0.162194
146.1,-0.00110456,0.146853,0.115193,0.161998
146.122,-0.000575185,0.145203,0.117339,0.161766
146.145,-4.68045e-05,0.143508,0.11945,0.161497
146.168,0.000480425,0.141796,0.121549,0.161192
146.19,0.00100634,0.140038,0.123611,0.160852
146.213,0.00153078,0.138265,0.125659,0.160475
146.236,0.00205358,0.136446,0.12767,0.160063
146.259,0.00257461,0.134613,0.129666,0.159616
146.281,0.00309368,0.132736,0.131624,0.159133
146.304,0.00361065,0.130844,0.133567,0.158614
146.327,0.00412536,0.128909,0.13547,0.158061
146.349,0.00463767,0.126961,0.137357,0.157472
146.372,0.0051474,0.12497,0.139204,0.156849
146.395,0.00565442,0.122967,0.141034,0.156191
146.417,0.00615856,0.120922,0.142823,0.155498
146.44,0.00665969,0.118865,0.144595,0.154771
146.463,0.00715764,0.116767,0.146324,0.15401
146.485,0.00765228,0.114658,0.148035,0.153216
146.508,0.00814344,0.112509,0.149704,0.152387
146.531,0.008631,0.110351,0.151353,0.151525
146.553,0.00911479,0.108153,0.152959,0.15063
146.576,0.00959469,0.105946,0.154545,0.149701
146.599,0.0100705,0.1037,0.156087,0.14874
146.621,0.0105422,0.101447,0.157608,0.147747
146.644,0.0110095,0.0991563,0.159085,0.146721
146.667,0.0114724,0.0968585,0.16054,0.145663
146.689,0.0119307,0.0945241,0.16195,0.144573
146.712,0.0123842,0.0921837,0.163337,0.143452
146.735,0.0128329,0.0898077,0.164679,0.1423
146.757,0.0132766,0.0874267,0.165998,0.141116
146.78,0.0137151,0.0850111,0.167271,0.139902
146.803,0.0141484,0.0825915,0.16852,0.138658
146.825,0.0145763,0.0801383,0.169722,0.137384
146.848,0.0149986,0.0776821,0.1709,0.13608
146.871,0.0154154,0.0751933,0.172031,0.134746
146.893,0.0158264,0.0727028,0.173137,0.133384
146.916,0.0162315,0.0701805,0.174195,0.131993
146.939,0.0166306,0.0676576,0.175228,0.130573
146.961,0.0170236,0.0651039,0.176212,0.129126
146.984,0.0174103,0.0625507,0.177172,0.127651
147.007,0.0177907,0.059968,0.178081,0.126148
147.029,0.0181647,0.0573867,0.178966,0.124619
147.052,0.0185321,0.0547769,0.1798,0.123063
147.075,0.0188929,0.0521698,0.180609,0.12148
147.098,0.0192469,0.0495353,0.181367,0.119872
147.12,0.019594,0.0469044,0.182099,0.118239
147.143,0.0199341,0.0442473,0.18278,0.11658
147.166,0.0202672,0.0415951,0.183435,0.114897
147.188,0.0205931,0.0389177,0.184039,0.11319
147.211,0.0209117,0.0362464,0.184616,0.111458
147.234,0.021223,0.033551,0.185141,0.109704
147.256,0.0215269,0.0308627,0.18564,0.107926
147.279,0.0218232,0.0281516,0.186087,0.106125
147.302,0.0221119,0.0254488,0.186507,0.104303
147.324,0.0223929,0.0227243,0.186874,0.102459
147.347,0.0226662,0.0200092,0.187215,0.100593
147.37,0.0229316,0.0172735,0.187503,0.0987069
147.392,0.023189,0.0145486,0.187763,0.0968001
147.415,0.0234385,0.0118042,0.187972,0.0948735
147.438,0.0236799,0.00907165,0.188152,0.0929272
147.46,0.0239132,0.00632084,0.188281,0.090962
147.483,0.0241383,0.00358311,0.188381,0.0889782
147.506,0.0243551,0.000828164,0.188429,0.0869763
147.528,0.0245636,-0.0019124,0.188449,0.0849567
147.551,0.0247637,-0.004669,0.188416,0.0829199
147.574,0.0249554,-0.0074101,0.188356,0.0808665
147.596,0.0251386,-0.010166,0.188243,0.0787969
147.619,0.0253133,-0.0129052,0.188101,0.0767115
147.642,0.0254793,-0.0156582,0.187908,0.0746109
147.664,0.0256368,-0.0183931,0.187686,0.0724956
147.687,0.0257855,-0.0211406,0.187413,0.0703659
147.71,0.0259256,-0.023869,0.187111,0.0682226
147.732,0.0260569,-0.0266088,0.186757,0.0660659
147.755,0.0261794,-0.0293281,0.186375,0.0638965
147.778,0.0262932,-0.0320578,0.185941,0.0617148
147.8,0.026398,-0.0347659,0.185479,0.0595213
147.823,0.026494,-0.0374829,0.184965,0.0573167
147.846,0.0265811,-0.0401773,0.184424,0.0551012
147.868,0.0266593,-0.0428796,0.18383,0.0528756
147.891,0.0267286,-0.045558,0.18321,0.0506402
147.914,0.0267889,-0.0482431,0.182538,0.0483955
147.937,0.0268402,-0.0509031,0.181839,0.0461423
147.959,0.0268826,-0.0535687,0.181088,0.0438809
147.982,0.026916,-0.0562081,0.180311,0.0416118
148.005,0.0269404,-0.0588519,0.179483,0.0393356
148.027,0.0269559,-0.0614682,0.178628,0.0370527
148.05,0.0269623,-0.0640879,0.177723,0.0347638
148.073,0.0269598,-0.066679,0.176791,0.0324694
148.095,0.0269483,-0.0692724,0.175809,0.0301699
148.118,0.0269278,-0.0718359,0.174802,0.0278659
148.141,0.0268983,-0.0744007,0.173744,0.0255579
148.163,0.0268599,-0.0769345,0.172661,0.0232465
148.186,0.0268126,-0.0794683,0.171529,0.0209321
148.209,0.0267564,-0.0819701,0.170372,0.0186153
148.231,0.0266913,-0.0844709,0.169165,0.0162967
148.254,0.0266173,-0.0869385,0.167935,0.0139767
148.277,0.0265345,-0.089404,0.166656,0.0116558
148.299,0.0264429,-0.0918353,0.165352,0.00933475
148.322,0.0263425,-0.0942634,0.164001,0.00701389
148.345,0.0262334,-0.0966562,0.162627,0.00469375
148.367,0.0261156,-0.0990448,0.161205,0.00237491
148.39,0.0259891,-0.101397,0.15976,5.78644e-05
148.413,0.025854,-0.103744,0.158269,-0.00225685
148.435,0.0257104,-0.106053,0.156755,-0.00456871
148.458,0.0255582,-0.108357,0.155195,-0.0068772
148.481,0.0253975,-0.110621,0.153614,-0.0091818
148.503,0.0252284,-0.112879,0.151987,-0.011482
148.526,0.025051,-0.115097,0.150339,-0.0137773
148.549,0.0248652,-0.117307,0.148646,-0.0160671
148.571,0.0246712,-0.119477,0.146933,-0.018351
148.594,0.024469,-0.121637,0.145176,-0.0206284
148.617,0.0242587,-0.123756,0.1434,-0.0228988
148.639,0.0240404,-0.125865,0.14158,-0.0251618
148.662,0.023814,-0.127931,0.139741,-0.0274167
148.685,0.0235798,-0.129986,0.13786,-0.0296632
148.707,0.0233377,-0.131998,0.135961,-0.0319007
148.73,0.0230878,-0.133999,0.13402,-0.0341287
148.753,0.0228303,-0.135955,0.132062,-0.0363467
148.776,0.0225652,-0.137898,0.130063,-0.0385542
148.798,0.0222926,-0.139796,0.128047,-0.0407508
148.821,0.0220125,-0.141681,0.125992,-0.0429359
148.844,0.0217251,-0.143519,0.123921,-0.0451091
148.866,0.0214305,-0.145343,0.121811,-0.0472698
148.889,0.0211287,-0.147121,0.119686,-0.0494177
148.912,0.0208199,-0.148883,0.117523,-0.0515522
148.934,0.020504,-0.150598,0.115346,-0.0536728
148.957,0.0201814,-0.152297,0.113132,-0.0557791
148.98,0.0198519,-0.153947,0.110905,-0.0578707
149.002,0.0195158,-0.155581,0.108641,-0.059947
149.025,0.0191732,-0.157165,0.106366,-0.0620077
149.048,0.0188241,-0.158733,0.104056,-0.0640522
149.07,0.0184686,-0.16025,0.101734,-0.0660801
149.093,0.0181069,-0.16175,0.0993784,-0.068091
149.116,0.0177392,-0.163198,0.0970128,-0.0700845
149.138,0.0173654,-0.164629,0.0946136,-0.07206
149.161,0.0169857,-0.166008,0.0922056,-0.0740172
149.184,0.0166003,-0.167367,0.0897652,-0.0759556
149.206,0.0162092,-0.168675,0.0873171,-0.0778749
149.229,0.0158126,-0.169963,0.0848375,-0.0797746
149.252,0.0154106,-0.171199,0.0823513,-0.0816543
149.274,0.0150033,-0.172414,0.0798348,-0.0835135
149.297,0.0145908,-0.173576,0.0773126,-0.085352
149.32,0.0141734,-0.174717,0.0747612,-0.0871692
149.342,0.013751,-0.175805,0.0722053,-0.0889648
149.365,0.0133239,-0.176871,0.0696212,-0.0907385
149.388,0.0128921,-0.177883,0.0670337,-0.0924898
149.41,0.0124559,-0.178873,0.0644192,-0.0942184
149.433,0.0120153,-0.179809,0.0618024,-0.0959239
149.456,0.0115704,-0.180722,0.0591597,-0.0976059
149.478,0.0111215,-0.181581,0.0565159,-0.099264
149.501,0.0106686,-0.182416,0.0538473,-0.100898
149.524,0.0102119,-0.183197,0.0511787,-0.102507
149.546,0.00975158,-0.183954,0.0484865,-0.104092
149.569,0.0092877,-0.184655,0.0457954,-0.105651
149.592,0.00882044,-0.185334,0.0430819,-0.107185
149.615,0.00834994,-0.185956,0.0403708,-0.108693
149.637,0.00787634,-0.186554,0.0376383,-0.110175
149.66,0.0073998,-0.187096,0.0349094,-0.111631
149.683,0.00692046,-0.187614,0.0321603,-0.113059
149.705,0.00643846,-0.188075,0.029416,-0.114461
149.728,0.00595397,-0.188513,0.0266528,-0.115835
149.751,0.00546712,-0.188893,0.0238955,-0.117182
149.773,0.00497807,-0.189249,0.0211204,-0.1185
149.796,0.00448697,-0.189548,0.0183525,-0.119791
149.819,0.00399397,-0.189823,0.0155681,-0.121053
149.841,0.00349922,-0.19004,0.012792,-0.122286
149.864,0.00300288,-0.190232,0.0100006,-0.12349
149.887,0.0025051,-0.190368,0.00721868,-0.124665
149.909,0.00200604,-0.190478,0.00442273,-0.125811
149.932,0.00150584,-0.190531,0.00163748,-0.126927
149.955,0.00100466,-0.19056,-0.00116059,-0.128013
149.977,0.000502664,-0.190531,-0.00394676,-0.129069
150,1.01569e-16,-0.190477,-0.00674454,-0.130095
