offsetMs,input,phase2,phase3,phase35
-150,-2.43118e-15,0.0659624,0.0659624,0.0658777
-149.977,-0.00125374,0.0666636,0.0666636,0.0665809
-149.955,-0.00250716,0.0673484,0.0673484,0.0672678
-149.932,-0.00375998,0.0680167,0.0680167,0.0679381
-149.909,-0.00501187,0.0686682,0.0686682,0.0685917
-149.887,-0.00626252,0.0693029,0.0693029,0.0692285
-149.864,-0.00751164,0.0699206,0.0699206,0.0698483
-149.841,-0.00875892,0.0705211,0.0705211,0.0704509
-149.819,-0.010004,0.0711042,0.0711042,0.0710363
-149.796,-0.0112467,0.0716699,0.0716699,0.0716042
-149.773,-0.0124866,0.072218,0.072218,0.0721545
-149.751,-0.0137234,0.0727484,0.0727484,0.072687
-149.728,-0.0149569,0.0732609,0.0732609,0.0732017
-149.705,-0.0161867,0.0737554,0.0737554,0.0736985
-149.683,-0.0174125,0.0742318,0.0742318,0.0741771
-149.66,-0.0186341,0.0746899,0.0746899,0.0746375
-149.637,-0.019851,0.0751297,0.0751297,0.0750797
-149.615,-0.0210631,0.0755511,0.0755511,0.0755033
-149.592,-0.02227,0.0759538,0.0759538,0.0759084
-149.569,-0.0234715,0.076338,0.076338,0.0762948
-149.546,-0.0246672,0.0767034,0.0767034,0.0766626
-149.524,-0.0258568,0.0770499,0.0770499,0.0770115
-149.501,-0.02704,0.0773775,0.0773775,0.0773414
-149.478,-0.0282167,0.0776861,0.0776861,0.0776524
-149.456,-0.0293864,0.0779756,0.0779756,0.0779443
-149.433,-0.0305488,0.078246,0.078246,0.078217
-149.41,-0.0317038,0.0784972,0.0784972,0.0784706
-149.388,-0.032851,0.078729,0.078729,0.0787048
-149.365,-0.0339901,0.0789416,0.0789416,0.0789198
-149.342,-0.0351209,0.0791347,0.0791347,0.0791154
-149.32,-0.0362431,0.0793084,0.0793084,0.0792915
-149.297,-0.0373563,0.0794626,0.0794626,0.0794481
-149.274,-0.0384604,0.0795973,0.0795973,0.0795852
-149.252,-0.039555,0.0797125,0.0797125,0.0797028
-149.229,-0.0406399,0.0798081,0.0798081,0.0798008
-149.206,-0.0417148,0.079884,0.079884,0.0798792
-149.184,-0.0427795,0.0799404,0.0799404,0.079938
-149.161,-0.0438337,0.0799771,0.0799771,0.0799772
-149.138,-0.0448771,0.0799942,0.0799942,0.0799967
-149.116,-0.0459095,0.0799916,0.0799916,0.0799966
-149.093,-0.0469306,0.0799694,0.0799694,0.0799768
-149.07,-0.0479401,0.0799275,0.0799275,0.0799373
-149.048,-0.0489379,0.079866,0.079866,0.0798783
-149.025,-0.0499237,0.0797849,0.0797849,0.0797996
-149.002,-0.0508973,0.0796841,0.0796841,0.0797013
-148.98,-0.0518583,0.0795638,0.0795638,0.0795834
-148.957,-0.0528066,0.079424,0.079424,0.079446
-148.934,-0.0537419,0.0792647,0.0792647,0.0792891
-148.912,-0.054664,0.0790858,0.0790858,0.0791127
-148.889,-0.0555727,0.0788876,0.0788876,0.0789169
-148.866,-0.0564677,0.07867,0.07867,0.0787017
-148.844,-0.0573489,0.078433,0.078433,0.0784671
-148.821,-0.058216,0.0781768,0.0781768,0.0782133
-148.798,-0.0590687,0.0779014,0.0779014,0.0779403
-148.776,-0.059907,0.0776069,0.0776069,0.0776481
-148.753,-0.0607306,0.0772932,0.0772932,0.0773369
-148.73,-0.0615392,0.0769607,0.0769607,0.0770066
-148.707,-0.0623327,0.0766091,0.0766091,0.0766575
-148.685,-0.063111,0.0762388,0.0762388,0.0762895
-148.662,-0.0638737,0.0758498,0.0758498,0.0759027
-148.639,-0.0646207,0.0754421,0.0754421,0.0754974
-148.617,-0.0653519,0.0750159,0.0750159,0.0750735
-148.594,-0.066067,0.0745713,0.0745713,0.0746311
-148.571,-0.0667659,0.0741084,0.0741084,0.0741705
-148.549,-0.0674483,0.0736272,0.0736272,0.0736916
-148.526,-0.0681143,0.073128,0.073128,0.0731946
-148.503,-0.0687634,0.0726108,0.0726108,0.0726796
-148.481,-0.0693957,0.0720757,0.0720757,0.0721468
-148.458,-0.070011,0.071523,0.071523,0.0715962
-148.435,-0.070609,0.0709527,0.0709527,0.0710281
-148.413,-0.0711897,0.0703649,0.0703649,0.0704425
-148.39,-0.071753,0.0697599,0.0697599,0.0698396
-148.367,-0.0722986,0.0691378,0.0691378,0.0692196
-148.345,-0.0728264,0.0684986,0.0684986,0.0685826
-148.322,-0.0733364,0.0678427,0.0678427,0.0679287
-148.299,-0.0738283,0.06717,0.06717,0.0672581
-148.277,-0.0743021,0.0664809,0.0664809,0.066571
-148.254,-0.0747577,0.0657755,0.0657755,0.0658676
-148.231,-0.0751949,0.0650538,0.0650538,0.065148
-148.209,-0.0756136,0.0643162,0.0643162,0.0644124
-148.186,-0.0760138,0.0635628,0.0635628,0.0636609
-148.163,-0.0763953,0.0627939,0.0627939,0.0628939
-148.141,-0.076758,0.0620094,0.0620094,0.0621113
-148.118,-0.0771018,0.0612098,0.0612098,0.0613136
-148.095,-0.0774268,0.0603951,0.0603951,0.0605007
-148.073,-0.0777327,0.0595655,0.0595655,0.059673
-148.05,-0.0780195,0.0587214,0.0587214,0.0588307
-148.027,-0.0782872,0.0578628,0.0578628,0.0579739
-148.005,-0.0785356,0.05699,0.05699,0.0571028
-147.982,-0.0787647,0.0561032,0.0561032,0.0562177
-147.959,-0.0789745,0.0552026,0.0552026,0.0553189
-147.937,-0.0791649,0.0542885,0.0542885,0.0544064
-147.914,-0.0793359,0.053361,0.053361,0.0534806
-147.891,-0.0794874,0.0524204,0.0524204,0.0525416
-147.868,-0.0796193,0.051467,0.051467,0.0515897
-147.846,-0.0797317,0.0505009,0.0505009,0.0506252
-147.823,-0.0798245,0.0495224,0.0495224,0.0496482
-147.8,-0.0798977,0.0485317,0.0485317,0.048659
-147.778,-0.0799513,0.0475291,0.0475291,0.0476579
-147.755,-0.0799852,0.0465148,0.0465148,0.0466451
-147.732,-0.0799995,0.0454891,0.0454891,0.0456208
-147.71,-0.0799941,0.0444523,0.0444523,0.0445853
-147.687,-0.0799691,0.0434045,0.0434045,0.0435389
-147.664,-0.0799245,0.042346,0.042346,0.0424817
-147.642,-0.0798602,0.0412772,0.0412772,0.0414142
-147.619,-0.0797763,0.0401982,0.0401982,0.0403364
-147.596,-0.0796728,0.0391093,0.0391093,0.0392487
-147.574,-0.0795498,0.0380109,0.0380109,0.0381514
-147.551,-0.0794072,0.036903,0.036903,0.0370448
-147.528,-0.0792451,0.0357862,0.0357862,0.035929
-147.506,-0.0790635,0.0346605,0.0346605,0.0348044
-147.483,-0.0788625,0.0335263,0.0335263,0.0336713
-147.46,-0.0786422,0.0323839,0.0323839,0.0325299
-147.438,-0.0784025,0.0312336,0.0312336,0.0313805
-147.415,-0.0781436,0.0300755,0.0300755,0.0302234
-147.392,-0.0778654,0.0289101,0.0289101,0.0290589
-147.37,-0.0775682,0.0277376,0.0277376,0.0278872
-147.347,-0.0772519,0.0265582,0.0265582,0.0267087
-147.324,-0.0769166,0.0253724,0.0253724,0.0255236
-147.302,-0.0765625,0.0241803,0.0241803,0.0243323
-147.279,-0.0761895,0.0229822,0.0229822,0.0231349
-147.256,-0.0757978,0.0217785,0.0217785,0.0219319
-147.234,-0.0753875,0.0205695,0.0205695,0.0207235
-147.211,-0.0749587,0.0193554,0.0193554,0.0195101
-147.188,-0.0745115,0.0181365,0.0181365,0.0182918
-147.166,-0.0740459,0.0169133,0.0169133,0.017069
-147.143,-0.0735622,0.0156858,0.0156858,0.0158421
-147.12,-0.0730604,0.0144545,0.0144545,0.0146112
-147.098,-0.0725407,0.0132196,0.0132196,0.0133768
-147.075,-0.0720032,0.0119815,0.0119815,0.012139
-147.052,-0.0714479,0.0107404,0.0107404,0.0108983
-147.029,-0.0708752,0.00949676,0.00949676,0.00965495
-147.007,-0.070285,0.00825073,0.00825073,0.00840919
-146.984,-0.0696775,0.00700268,0.00700268,0.00716139
-146.961,-0.0690529,0.0057529,0.0057529,0.00591181
-146.939,-0.0684114,0.00450171,0.00450171,0.00466077
-146.916,-0.0677531,0.00324942,0.00324942,0.00340859
-146.893,-0.0670781,0.00199632,0.00199632,0.00215556
-146.871,-0.0663867,0.000742738,0.000742738,0.000902012
-146.848,-0.0656789,-0.000511027,-0.000511027,-0.000351765
-146.825,-0.064955,-0.00176468,-0.00176468,-0.00160542
-146.803,-0.0642152,-0.0030179,-0.0030179,-0.00285872
-146.78,-0.0634596,-0.00427037,-0.00427037,-0.00411131
-146.757,-0.0626884,-0.00552179,-0.00552179,-0.00536289
-146.735,-0.0619018,-0.00677187,-0.00677187,-0.00661314
-146.712,-0.0611,-0.00802028,-0.00802028,-0.00786178
-146.689,-0.0602832,-0.00926671,-0.00926671,-0.00910849
-146.667,-0.0594516,-0.0105109,-0.0105109,-0.0103529
-146.644,-0.0586054,-0.0117525,-0.0117525,-0.0115949
-146.621,-0.0577448,-0.0129911,-0.0129911,-0.0128339
-146.599,-0.05687,-0.0142267,-0.0142267,-0.0140699
-146.576,-0.0559812,-0.0154587,-0.0154587,-0.0153023
-146.553,-0.0550787,-0.0166869,-0.0166869,-0.0165311
-146.531,-0.0541627,-0.017911,-0.017911,-0.0177557
-146.508,-0.0532333,-0.0191307,-0.0191307,-0.018976
-146.485,-0.0522909,-0.0203458,-0.0203458,-0.0201916
-146.463,-0.0513356,-0.0215558,-0.0215558,-0.0214023
-146.44,-0.0503678,-0.0227605,-0.0227605,-0.0226077
-146.417,-0.0493875,-0.0239597,-0.0239597,-0.0238076
-146.395,-0.0483952,-0.0251529,-0.0251529,-0.0250016
-146.372,-0.0473909,-0.02634,-0.02634,-0.0261895
-146.349,-0.046375,-0.0275206,-0.0275206,-0.0273709
-146.327,-0.0453477,-0.0286945,-0.0286945,-0.0285456
-146.304,-0.0443093,-0.0298613,-0.0298613,-0.0297133
-146.281,-0.04326,-0.0310208,-0.0310208,-0.0308738
-146.259,-0.0422,-0.0321726,-0.0321726,-0.0320266
-146.236,-0.0411297,-0.0333166,-0.0333166,-0.0331715
-146.213,-0.0400493,-0.0344524,-0.0344524,-0.0343084
-146.19,-0.0389591,-0.0355797,-0.0355797,-0.0354367
-146.168,-0.0378593,-0.0366983,-0.0366983,-0.0365564
-146.145,-0.0367502,-0.0378078,-0.0378078,-0.0376671
-146.122,-0.0356321,-0.0389081,-0.0389081,-0.0387686
-146.1,-0.0345052,-0.0399988,-0.0399988,-0.0398605
-146.077,-0.0333698,-0.0410797,-0.0410797,-0.0409427
-146.054,-0.0322263,-0.0421505,-0.0421505,-0.0420147
-146.032,-0.0310748,-0.043211,-0.043211,-0.0430765
-146.009,-0.0299157,-0.0442609,-0.0442609,-0.0441277
-145.986,-0.0287492,-0.0452998,-0.0452998,-0.045168
-145.964,-0.0275757,-0.0463277,-0.0463277,-0.0461973
-145.941,-0.0263954,-0.0473442,-0.0473442,-0.0472152
-145.918,-0.0252087,-0.048349,-0.048349,-0.0482215
-145.896,-0.0240157,-0.049342,-0.049342,-0.049216
-145.873,-0.0228168,-0.0503228,-0.0503228,-0.0501984
-145.85,-0.0216124,-0.0512913,-0.0512913,-0.0511684
-145.828,-0.0204026,-0.0522472,-0.0522472,-0.0521259
-145.805,-0.0191878,-0.0531903,-0.0531903,-0.0530706
-145.782,-0.0179683,-0.0541203,-0.0541203,-0.0540022
-145.76,-0.0167444,-0.055037,-0.055037,-0.0549206
-145.737,-0.0155164,-0.0559402,-0.0559402,-0.0558255
-145.714,-0.0142846,-0.0568296,-0.0568296,-0.0567167
-145.692,-0.0130492,-0.0577051,-0.0577051,-0.0575939
-145.669,-0.0118107,-0.0585665,-0.0585665,-0.058457
-145.646,-0.0105692,-0.0594134,-0.0594134,-0.0593058
-145.624,-0.00932517,-0.0602457,-0.0602457,-0.06014
-145.601,-0.00807883,-0.0610633,-0.0610633,-0.0609594
-145.578,-0.00683051,-0.0618659,-0.0618659,-0.0617638
-145.556,-0.00558052,-0.0626532,-0.0626532,-0.0625531
-145.533,-0.00432915,-0.0634252,-0.0634252,-0.063327
-145.51,-0.00307672,-0.0641816,-0.0641816,-0.0640853
-145.488,-0.00182353,-0.0649222,-0.0649222,-0.0648279
-145.465,-0.000569899,-0.0656469,-0.0656469,-0.0655546
-145.442,0.000683876,-0.0663555,-0.0663555,-0.0662652
-145.42,0.00193748,-0.0670477,-0.0670477,-0.0669595
-145.397,0.00319061,-0.0677235,-0.0677235,-0.0676374
-145.374,0.00444296,-0.0683827,-0.0683827,-0.0682986
-145.351,0.00569422,-0.0690251,-0.0690251,-0.0689431
-145.329,0.00694407,-0.0696505,-0.0696505,-0.0695706
-145.306,0.00819222,-0.0702588,-0.0702588,-0.0701811
-145.283,0.00943836,-0.0708499,-0.0708499,-0.0707743
-145.261,0.0106822,-0.0714235,-0.0714235,-0.0713501
-145.238,0.0119234,-0.0719796,-0.0719796,-0.0719085
-145.215,0.0131616,-0.0725181,-0.0725181,-0.0724491
-145.193,0.0143967,-0.0730387,-0.0730387,-0.072972
-145.17,0.0156282,-0.0735414,-0.0735414,-0.0734769
-145.147,0.0168558,-0.074026,-0.074026,-0.0739638
-145.125,0.0180794,-0.0744924,-0.0744924,-0.0744325
-145.102,0.0192984,-0.0749406,-0.0749406,-0.0748829
-145.079,0.0205128,-0.0753703,-0.0753703,-0.075315
-145.057,0.0217221,-0.0757816,-0.0757816,-0.0757285
-145.034,0.0229261,-0.0761742,-0.0761742,-0.0761235
-145.011,0.0241244,-0.0765481,-0.0765481,-0.0764997
-144.989,0.0253168,-0.0769032,-0.0769032,-0.0768572
-144.966,0.026503,-0.0772394,-0.0772394,-0.0771957
-144.943,0.0276827,-0.0775567,-0.0775567,-0.0775154
-144.921,0.0288556,-0.0778549,-0.0778549,-0.0778159
-144.898,0.0300214,-0.078134,-0.078134,-0.0780974
-144.875,0.0311798,-0.0783938,-0.0783938,-0.0783597
-144.853,0.0323305,-0.0786345,-0.0786345,-0.0786027
-144.83,0.0334734,-0.0788558,-0.0788558,-0.0788265
-144.807,0.034608,-0.0790578,-0.0790578,-0.0790309
-144.785,0.0357341,-0.0792403,-0.0792403,-0.0792158
-144.762,0.0368514,-0.0794034,-0.0794034,-0.0793813
-144.739,0.0379597,-0.079547,-0.079547,-0.0795273
-144.717,0.0390586,-0.079671,-0.079671,-0.0796538
-144.694,0.040148,-0.0797755,-0.0797755,-0.0797607
-144.671,0.0412275,-0.0798603,-0.0798603,-0.079848
-144.649,0.0422968,-0.0799256,-0.0799256,-0.0799158
-144.626,0.0433558,-0.0799713,-0.0799713,-0.0799638
-144.603,0.0444041,-0.0799972,-0.0799972,-0.0799923
-144.58,0.0454416,-0.0800036,-0.0800036,-0.0800011
-144.558,0.0464678,-0.0799903,-0.0799903,-0.0799902
-144.535,0.0474827,-0.0799573,-0.0799573,-0.0799597
-144.512,0.0484859,-0.0799047,-0.0799047,-0.0799096
-144.49,0.0494771,-0.0798325,-0.0798325,-0.0798398
-144.467,0.0504563,-0.0797407,-0.0797407,-0.0797504
-144.444,0.051423,-0.0796293,-0.0796293,-0.0796415
-144.422,0.0523771,-0.0794983,-0.0794983,-0.0795129
-144.399,0.0533183,-0.0793478,-0.0793478,-0.0793649
-144.376,0.0542465,-0.0791779,-0.0791779,-0.0791973
-144.354,0.0551613,-0.0789884,-0.0789884,-0.0790104
-144.331,0.0560626,-0.0787796,-0.0787796,-0.0788039
-144.308,0.0569501,-0.0785514,-0.0785514,-0.0785782
-144.286,0.0578236,-0.078304,-0.078304,-0.0783331
-144.263,0.0586829,-0.0780373,-0.0780373,-0.0780688
-144.24,0.0595278,-0.0777514,-0.0777514,-0.0777853
-144.218,0.0603581,-0.0774465,-0.0774465,-0.0774827
-144.195,0.0611735,-0.0771225,-0.0771225,-0.0771611
-144.172,0.0619739,-0.0767796,-0.0767796,-0.0768206
-144.15,0.0627591,-0.0764178,-0.0764178,-0.0764611
-144.127,0.0635289,-0.0760372,-0.0760372,-0.0760829
-144.104,0.0642831,-0.075638,-0.075638,-0.075686
-144.082,0.0650215,-0.0752202,-0.0752202,-0.0752706
-144.059,0.0657439,-0.0747839,-0.0747839,-0.0748366
-144.036,0.0664502,-0.0743293,-0.0743293,-0.0743842
-144.014,0.0671402,-0.0738564,-0.0738564,-0.0739136
-143.991,0.0678136,-0.0733653,-0.0733653,-0.0734248
-143.968,0.0684704,-0.0728563,-0.0728563,-0.072918
-143.946,0.0691104,-0.0723293,-0.0723293,-0.0723932
-143.923,0.0697334,-0.0717846,-0.0717846,-0.0718507
-143.9,0.0703393,-0.0712223,-0.0712223,-0.0712906
-143.878,0.0709279,-0.0706424,-0.0706424,-0.0707129
-143.855,0.0714991,-0.0700453,-0.0700453,-0.0701179
-143.832,0.0720528,-0.0694309,-0.0694309,-0.0695056
-143.81,0.0725887,-0.0687994,-0.0687994,-0.0688763
-143.787,0.0731068,-0.0681511,-0.0681511,-0.0682301
-143.764,0.0736069,-0.067486,-0.067486,-0.0675671
-143.741,0.074089,-0.0668043,-0.0668043,-0.0668875
-143.719,0.0745529,-0.0661063,-0.0661063,-0.0661915
-143.696,0.0749984,-0.065392,-0.065392,-0.0654792
-143.673,0.0754256,-0.0646616,-0.0646616,-0.0647508
-143.651,0.0758342,-0.0639154,-0.0639154,-0.0640066
-143.628,0.0762242,-0.0631535,-0.0631535,-0.0632466
-143.605,0.0765954,-0.062376,-0.062376,-0.062471
-143.583,0.0769479,-0.0615832,-0.0615832,-0.0616802
-143.56,0.0772814,-0.0607754,-0.0607754,-0.0608742
-143.537,0.077596,-0.0599525,-0.0599525,-0.0600532
-143.515,0.0778915,-0.059115,-0.059115,-0.0592175
-143.492,0.0781679,-0.0582629,-0.0582629,-0.0583672
-143.469,0.0784251,-0.0573965,-0.0573965,-0.0575026
-143.447,0.078663,-0.0565161,-0.0565161,-0.0566239
-143.424,0.0788816,-0.0556217,-0.0556217,-0.0557313
-143.401,0.0790808,-0.0547137,-0.0547137,-0.0548249
-143.379,0.0792606,-0.0537923,-0.0537923,-0.0539052
-143.356,0.0794209,-0.0528576,-0.0528576,-0.0529721
-143.333,0.0795618,-0.05191,-0.05191,-0.0520261
-143.311,0.079683,-0.0509496,-0.0509496,-0.0510673
-143.288,0.0797847,-0.0499767,-0.0499767,-0.0500959
-143.265,0.0798669,-0.0489915,-0.0489915,-0.0491123
-143.243,0.0799294,-0.0479943,-0.0479943,-0.0481166
-143.22,0.0799722,-0.0469853,-0.0469853,-0.047109
-143.197,0.0799954,-0.0459647,-0.0459647,-0.0460899
-143.175,0.079999,-0.0449329,-0.0449329,-0.0450595
-143.152,0.0799829,-0.0438901,-0.0438901,-0.044018
-143.129,0.0799472,-0.0428364,-0.0428364,-0.0429657
-143.107,0.0798918,-0.0417723,-0.0417723,-0.0419028
-143.084,0.0798169,-0.0406979,-0.0406979,-0.0408297
-143.061,0.0797223,-0.0396134,-0.0396134,-0.0397465
-143.039,0.0796081,-0.0385193,-0.0385193,-0.0386536
-143.016,0.0794744,-0.0374157,-0.0374157,-0.0375511
-142.993,0.0793212,-0.0363029,-0.0363029,-0.0364395
-142.971,0.0791484,-0.0351812,-0.0351812,-0.0353189
-142.948,0.0789563,-0.0340508,-0.0340508,-0.0341896
-142.925,0.0787447,-0.0329121,-0.0329121,-0.0330519
-142.902,0.0785138,-0.0317653,-0.0317653,-0.0319061
-142.88,0.0782636,-0.0306107,-0.0306107,-0.0307524
-142.857,0.0779942,-0.0294486,-0.0294486,-0.0295913
-142.834,0.0777057,-0.0282793,-0.0282793,-0.0284228
-142.812,0.077398,-0.027103,-0.027103,-0.0272474
-142.789,0.0770714,-0.02592,-0.02592,-0.0260652
-142.766,0.0767258,-0.0247307,-0.0247307,-0.0248767
-142.744,0.0763614,-0.0235353,-0.0235353,-0.0236821
-142.721,0.0759782,-0.0223342,-0.0223342,-0.0224816
-142.698,0.0755763,-0.0211275,-0.0211275,-0.0212756
-142.676,0.0751559,-0.0199157,-0.0199157,-0.0200644
-142.653,0.074717,-0.018699,-0.018699,-0.0188483
-142.63,0.0742598,-0.0174776,-0.0174776,-0.0176276
-142.608,0.0737843,-0.016252,-0.016252,-0.0164025
-142.585,0.0732908,-0.0150224,-0.0150224,-0.0151733
-142.562,0.0727792,-0.0137891,-0.0137891,-0.0139405
-142.54,0.0722497,-0.0125524,-0.0125524,-0.0127042
-142.517,0.0717025,-0.0113127,-0.0113127,-0.0114648
-142.494,0.0711377,-0.0100702,-0.0100702,-0.0102226
-142.472,0.0705554,-0.00882514,-0.00882514,-0.00897791
-142.449,0.0699558,-0.00757796,-0.00757796,-0.00773098
-142.426,0.069339,-0.00632893,-0.00632893,-0.00648217
-142.404,0.0687051,-0.00507834,-0.00507834,-0.00523175
-142.381,0.0680544,-0.00382649,-0.00382649,-0.00398007
-142.358,0.067387,-0.00257372,-0.00257372,-0.00272739
-142.336,0.066703,-0.0013203,-0.0013203,-0.00147404
-142.313,0.0660026,-6.65669e-05,-6.65669e-05,-0.00022034
-142.29,0.0652861,0.00118718,0.00118718,0.00103342
-142.268,0.0645535,0.00244063,0.00244063,0.00228691
-142.245,0.063805,0.00369349,0.00369349,0.00353985
-142.222,0.0630409,0.00494544,0.00494544,0.00479193
-142.2,0.0622612,0.00619616,0.00619616,0.00604284
-142.177,0.0614663,0.00744537,0.00744537,0.00729225
-142.154,0.0606563,0.00869275,0.00869275,0.00853987
-142.132,0.0598314,0.00993799,0.00993799,0.00978539
-142.109,0.0589918,0.0111808,0.0111808,0.0110285
-142.086,0.0581377,0.0124209,0.0124209,0.0122689
-142.063,0.0572693,0.0136579,0.0136579,0.0135063
-142.041,0.0563869,0.0148915,0.0148915,0.0147404
-142.018,0.0554906,0.0161215,0.0161215,0.0159708
-141.995,0.0545807,0.0173475,0.0173475,0.0171974
-141.973,0.0536574,0.0185693,0.0185693,0.0184197
-141.95,0.0527209,0.0197865,0.0197865,0.0196375
-141.927,0.0517714,0.0209988,0.0209988,0.0208504
-141.905,0.0508093,0.022206,0.022206,0.0220583
-141.882,0.0498346,0.0234078,0.0234078,0.0232607
-141.859,0.0488477,0.0246037,0.0246037,0.0244574
-141.837,0.0478488,0.0257937,0.0257937,0.0256481
-141.814,0.0468382,0.0269773,0.0269773,0.0268325
-141.791,0.0458161,0.0281543,0.0281543,0.0280103
-141.769,0.0447827,0.0293243,0.0293243,0.0291812
-141.746,0.0437383,0.0304872,0.0304872,0.030345
-141.723,0.0426831,0.0316425,0.0316425,0.0315013
-141.701,0.0416175,0.0327901,0.0327901,0.0326499
-141.678,0.0405417,0.0339297,0.0339297,0.0337904
-141.655,0.0394559,0.0350609,0.0350609,0.0349227
-141.633,0.0383604,0.0361835,0.0361835,0.0360463
-141.61,0.0372555,0.0372972,0.0372972,0.0371612
-141.587,0.0361414,0.0384017,0.0384017,0.0382669
-141.565,0.0350185,0.0394968,0.0394968,0.0393632
-141.542,0.0338869,0.0405822,0.0405822,0.0404498
-141.519,0.0327471,0.0416577,0.0416577,0.0415265
-141.497,0.0315991,0.0427229,0.0427229,0.042593
-141.474,0.0304435,0.0437776,0.0437776,0.043649
-141.451,0.0292803,0.0448215,0.0448215,0.0446943
-141.429,0.02811,0.0458545,0.0458545,0.0457286
-141.406,0.0269327,0.0468762,0.0468762,0.0467517
-141.383,0.0257489,0.0478864,0.0478864,0.0477633
-141.361,0.0245587,0.0488847,0.0488847,0.0487632
-141.338,0.0233625,0.0498712,0.0498712,0.0497511
-141.315,0.0221605,0.0508453,0.0508453,0.0507268
-141.293,0.0209531,0.051807,0.051807,0.05169
-141.27,0.0197406,0.0527559,0.0527559,0.0526405
-141.247,0.0185232,0.0536919,0.0536919,0.0535781
-141.224,0.0173013,0.0546147,0.0546147,0.0545026
-141.202,0.0160751,0.055524,0.055524,0.0554136
-141.179,0.0148449,0.0564198,0.0564198,0.0563111
-141.156,0.0136111,0.0573016,0.0573016,0.0571947
-141.134,0.012374,0.0581695,0.0581695,0.0580642
-141.111,0.0111338,0.059023,0.059023,0.0589195
-141.088,0.00989095,0.059862,0.059862,0.0597604
-141.066,0.00864561,0.0606863,0.0606863,0.0605865
-141.043,0.00739816,0.0614957,0.0614957,0.0613978
-141.02,0.00614889,0.06229,0.06229,0.062194
-140.998,0.0048981,0.063069,0.063069,0.0629749
-140.975,0.00364612,0.0638325,0.0638325,0.0637403
-140.952,0.00239324,0.0645803,0.0645803,0.0644901
-140.93,0.00113977,0.0653123,0.0653123,0.0652241
-140.907,-0.000113981,0.0660282,0.0660282,0.065942
-140.884,-0.0013677,0.066728,0.066728,0.0666437
-140.862,-0.00262109,0.0674112,0.0674112,0.0673291
-140.839,-0.00387383,0.068078,0.068078,0.0679979
-140.816,-0.00512562,0.068728,0.068728,0.06865
-140.794,-0.00637615,0.0693612,0.0693612,0.0692853
-140.771,-0.00762511,0.0699773,0.0699773,0.0699035
-140.748,-0.00887221,0.0705762,0.0705762,0.0705046
-140.726,-0.0101171,0.0711578,0.0711578,0.0710883
-140.703,-0.0113595,0.0717219,0.0717219,0.0716546
-140.68,-0.0125992,0.0722684,0.0722684,0.0722033
-140.658,-0.0138357,0.0727972,0.0727972,0.0727343
-140.635,-0.0150689,0.0733081,0.0733081,0.0732474
-140.612,-0.0162983,0.0738009,0.0738009,0.0737425
-140.59,-0.0175238,0.0742757,0.0742757,0.0742195
-140.567,-0.0187449,0.0747321,0.0747321,0.0746782
-140.544,-0.0199614,0.0751703,0.0751703,0.0751186
-140.522,-0.0211731,0.0755899,0.0755899,0.0755406
-140.499,-0.0223795,0.075991,0.075991,0.075944
-140.476,-0.0235804,0.0763735,0.0763735,0.0763288
-140.454,-0.0247756,0.0767372,0.0767372,0.0766948
-140.431,-0.0259646,0.077082,0.077082,0.0770419
-140.408,-0.0271473,0.0774079,0.0774079,0.0773702
-140.385,-0.0283233,0.0777148,0.0777148,0.0776795
-140.363,-0.0294924,0.0780025,0.0780025,0.0779696
-140.34,-0.0306542,0.0782712,0.0782712,0.0782406
-140.317,-0.0318084,0.0785206,0.0785206,0.0784924
-140.295,-0.0329549,0.0787507,0.0787507,0.078725
-140.272,-0.0340933,0.0789615,0.0789615,0.0789381
-140.249,-0.0352233,0.0791529,0.0791529,0.0791319
-140.227,-0.0363446,0.0793248,0.0793248,0.0793063
-140.204,-0.037457,0.0794773,0.0794773,0.0794612
-140.181,-0.0385603,0.0796102,0.0796102,0.0795965
-140.159,-0.039654,0.0797236,0.0797236,0.0797123
-140.136,-0.040738,0.0798174,0.0798174,0.0798086
-140.113,-0.041812,0.0798916,0.0798916,0.0798852
-140.091,-0.0428758,0.0799461,0.0799461,0.0799422
-140.068,-0.043929,0.0799811,0.0799811,0.0799796
-140.045,-0.0449714,0.0799963,0.0799963,0.0799973
-140.023,-0.0460028,0.079992,0.079992,0.0799954
-140,-0.0470228,0.079968,0.079968,0.0799738
-139.977,-0.0480313,0.0799243,0.0799243,0.0799326
-139.955,-0.0490281,0.079861,0.079861,0.0798717
-139.932,-0.0500127,0.0797781,0.0797781,0.0797913
-139.909,-0.0509851,0.0796756,0.0796756,0.0796912
-139.887,-0.051945,0.0795536,0.0795536,0.0795716
-139.864,-0.0528921,0.079412,0.079412,0.0794324
-139.841,-0.0538262,0.0792508,0.0792508,0.0792737
-139.819,-0.0547471,0.0790703,0.0790703,0.0790955
-139.796,-0.0556546,0.0788703,0.0788703,0.0788979
-139.773,-0.0565484,0.0786509,0.0786509,0.078681
-139.751,-0.0574283,0.0784122,0.0784122,0.0784447
-139.728,-0.0582941,0.0781543,0.0781543,0.0781891
-139.705,-0.0591456,0.0778771,0.0778771,0.0779144
-139.683,-0.0599825,0.0775808,0.0775808,0.0776205
-139.66,-0.0608047,0.0772655,0.0772655,0.0773075
-139.637,-0.061612,0.0769312,0.0769312,0.0769755
-139.615,-0.0624041,0.076578,0.076578,0.0766246
-139.592,-0.063181,0.076206,0.076206,0.076255
-139.569,-0.0639423,0.0758152,0.0758152,0.0758666
-139.546,-0.0646878,0.0754059,0.0754059,0.0754595
-139.524,-0.0654176,0.074978,0.074978,0.0750339
-139.501,-0.0661312,0.0745317,0.0745317,0.0745899
-139.478,-0.0668286,0.0740671,0.0740671,0.0741276
-139.456,-0.0675096,0.0735843,0.0735843,0.073647
-139.433,-0.068174,0.0730834,0.0730834,0.0731484
-139.41,-0.0688216,0.0725646,0.0725646,0.0726318
-139.388,-0.0694524,0.072028,0.072028,0.0720973
-139.365,-0.0700661,0.0714736,0.0714736,0.0715452
-139.342,-0.0706625,0.0709017,0.0709017,0.0709755
-139.32,-0.0712417,0.0703124,0.0703124,0.0703883
-139.297,-0.0718033,0.0697058,0.0697058,0.0697839
-139.274,-0.0723473,0.0690822,0.0690822,0.0691623
-139.252,-0.0728735,0.0684415,0.0684415,0.0685237
-139.229,-0.0733818,0.067784,0.067784,0.0678683
-139.206,-0.0738721,0.0671099,0.0671099,0.0671963
-139.184,-0.0743443,0.0664193,0.0664193,0.0665077
-139.161,-0.0747982,0.0657123,0.0657123,0.0658028
-139.138,-0.0752337,0.0649892,0.0649892,0.0650817
-139.116,-0.0756508,0.0642502,0.0642502,0.0643446
-139.093,-0.0760492,0.0634954,0.0634954,0.0635918
-139.07,-0.076429,0.062725,0.062725,0.0628233
-139.048,-0.07679,0.0619392,0.0619392,0.0620394
-139.025,-0.0771322,0.0611381,0.0611381,0.0612402
-139.002,-0.0774554,0.0603221,0.0603221,0.060426
-138.98,-0.0777596,0.0594912,0.0594912,0.059597
-138.957,-0.0780446,0.0586458,0.0586458,0.0587533
-138.934,-0.0783106,0.0577859,0.0577859,0.0578952
-138.912,-0.0785572,0.0569118,0.0569118,0.0570229
-138.889,-0.0787846,0.0560238,0.0560238,0.0561365
-138.866,-0.0789927,0.0551219,0.0551219,0.0552364
-138.844,-0.0791813,0.0542066,0.0542066,0.0543227
-138.821,-0.0793505,0.0532779,0.0532779,0.0533957
-138.798,-0.0795002,0.0523362,0.0523362,0.0524556
-138.776,-0.0796303,0.0513816,0.0513816,0.0515025
-138.753,-0.0797409,0.0504143,0.0504143,0.0505369
-138.73,-0.079832,0.0494347,0.0494347,0.0495588
-138.707,-0.0799034,0.0484429,0.0484429,0.0485685
-138.685,-0.0799552,0.0474393,0.0474393,0.0475663
-138.662,-0.0799873,0.046424,0.046424,0.0465524
-138.639,-0.0799998,0.0453973,0.0453973,0.0455271
-138.617,-0.0799927,0.0443594,0.0443594,0.0444906
-138.594,-0.0799659,0.0433106,0.0433106,0.0434432
-138.571,-0.0799194,0.0422512,0.0422512,0.0423851
-138.549,-0.0798534,0.0411815,0.0411815,0.0413166
-138.526,-0.0797677,0.0401016,0.0401016,0.0402379
-138.503,-0.0796624,0.0390118,0.0390118,0.0391494
-138.481,-0.0795376,0.0379125,0.0379125,0.0380512
-138.458,-0.0793932,0.0368039,0.0368039,0.0369437
-138.435,-0.0792294,0.0356862,0.0356862,0.0358272
-138.413,-0.079046,0.0345598,0.0345598,0.0347018
-138.39,-0.0788433,0.0334248,0.0334248,0.0335679
-138.367,-0.0786212,0.0322817,0.0322817,0.0324258
-138.345,-0.0783797,0.0311306,0.0311306,0.0312757
-138.322,-0.0781191,0.0299719,0.0299719,0.0301179
-138.299,-0.0778392,0.0288058,0.0288058,0.0289527
-138.277,-0.0775402,0.0276326,0.0276326,0.0277804
-138.254,-0.0772222,0.0264527,0.0264527,0.0266013
-138.231,-0.0768852,0.0252663,0.0252663,0.0254156
-138.209,-0.0765293,0.0240736,0.0240736,0.0242237
-138.186,-0.0761547,0.022875,0.022875,0.0230259
-138.163,-0.0757613,0.0216709,0.0216709,0.0218224
-138.141,-0.0753493,0.0204614,0.0204614,0.0206135
-138.118,-0.0749188,0.0192468,0.0192468,0.0193996
-138.095,-0.0744699,0.0180276,0.0180276,0.0181809
-138.073,-0.0740027,0.0168039,0.0168039,0.0169577
-138.05,-0.0735174,0.0155761,0.0155761,0.0157304
-138.027,-0.0730139,0.0143444,0.0143444,0.0144992
-138.005,-0.0724926,0.0131093,0.0131093,0.0132645
-137.982,-0.0719534,0.0118709,0.0118709,0.0120264
-137.959,-0.0713966,0.0106296,0.0106296,0.0107855
-137.937,-0.0708222,0.00938565,0.00938565,0.00954188
-137.914,-0.0702305,0.00813943,0.00813943,0.00829593
-137.891,-0.0696214,0.00689121,0.00689121,0.00704794
-137.868,-0.0689953,0.0056413,0.0056413,0.00579821
-137.846,-0.0683523,0.00439001,0.00439001,0.00454706
-137.823,-0.0676924,0.00313763,0.00313763,0.00329479
-137.8,-0.0670159,0.00188448,0.00188448,0.00204171
-137.778,-0.066323,0.000630877,0.000630877,0.000788133
-137.755,-0.0656138,-0.000622902,-0.000622902,-0.000465631
-137.732,-0.0648884,-0.00187652,-0.00187652,-0.00171929
-137.71,-0.0641472,-0.00312968,-0.00312968,-0.00297252
-137.687,-0.0633901,-0.00438206,-0.00438206,-0.00422503
-137.664,-0.0626175,-0.00563337,-0.00563337,-0.00547649
-137.642,-0.0618295,-0.0068833,-0.0068833,-0.00672661
-137.619,-0.0610264,-0.00813153,-0.00813153,-0.00797508
-137.596,-0.0602082,-0.00937777,-0.00937777,-0.00922159
-137.574,-0.0593753,-0.0106217,-0.0106217,-0.0104658
-137.551,-0.0585277,-0.011863,-0.011863,-0.0117075
-137.528,-0.0576658,-0.0131015,-0.0131015,-0.0129463
-137.506,-0.0567897,-0.0143367,-0.0143367,-0.0141819
-137.483,-0.0558997,-0.0155683,-0.0155683,-0.0154141
-137.46,-0.054996,-0.0167962,-0.0167962,-0.0166424
-137.438,-0.0540787,-0.0180199,-0.0180199,-0.0178667
-137.415,-0.0531482,-0.0192392,-0.0192392,-0.0190866
-137.392,-0.0522046,-0.0204538,-0.0204538,-0.0203017
-137.37,-0.0512482,-0.0216634,-0.0216634,-0.021512
-137.347,-0.0502792,-0.0228676,-0.0228676,-0.0227169
-137.324,-0.0492978,-0.0240662,-0.0240662,-0.0239162
-137.302,-0.0483044,-0.0252589,-0.0252589,-0.0251097
-137.279,-0.047299,-0.0264454,-0.0264454,-0.026297
-137.256,-0.0462821,-0.0276254,-0.0276254,-0.0274778
-137.234,-0.0452538,-0.0287987,-0.0287987,-0.0286519
-137.211,-0.0442143,-0.0299648,-0.0299648,-0.029819
-137.188,-0.0431641,-0.0311236,-0.0311236,-0.0309787
-137.166,-0.0421032,-0.0322747,-0.0322747,-0.0321308
-137.143,-0.0410319,-0.033418,-0.033418,-0.0332751
-137.12,-0.0399506,-0.034553,-0.034553,-0.0344111
-137.098,-0.0388595,-0.0356795,-0.0356795,-0.0355387
-137.075,-0.0377588,-0.0367973,-0.0367973,-0.0366576
-137.052,-0.0366489,-0.037906,-0.037906,-0.0377675
-137.029,-0.03553,-0.0390054,-0.0390054,-0.0388681
-137.007,-0.0344023,-0.0400953,-0.0400953,-0.0399591
-136.984,-0.0332662,-0.0411753,-0.0411753,-0.0410403
-136.961,-0.0321219,-0.0422451,-0.0422451,-0.0421115
-136.939,-0.0309697,-0.0433046,-0.0433046,-0.0431723
-136.916,-0.0298099,-0.0443535,-0.0443535,-0.0442225
-136.893,-0.0286428,-0.0453915,-0.0453915,-0.0452619
-136.871,-0.0274687,-0.0464183,-0.0464183,-0.0462901
-136.848,-0.0262878,-0.0474337,-0.0474337,-0.047307
-136.825,-0.0251005,-0.0484375,-0.0484375,-0.0483122
-136.803,-0.0239069,-0.0494294,-0.0494294,-0.0493056
-136.78,-0.0227076,-0.0504091,-0.0504091,-0.0502869
-136.757,-0.0215026,-0.0513765,-0.0513765,-0.0512558
-136.735,-0.0202924,-0.0523312,-0.0523312,-0.0522121
-136.712,-0.0190771,-0.0532731,-0.0532731,-0.0531556
-136.689,-0.0178572,-0.0542019,-0.0542019,-0.054086
-136.667,-0.0166329,-0.0551174,-0.0551174,-0.0550032
-136.644,-0.0154046,-0.0560193,-0.0560193,-0.0559069
-136.621,-0.0141724,-0.0569075,-0.0569075,-0.0567968
-136.599,-0.0129367,-0.0577817,-0.0577817,-0.0576727
-136.576,-0.0116979,-0.0586417,-0.0586417,-0.0585346
-136.553,-0.0104562,-0.0594874,-0.0594874,-0.059382
-136.531,-0.00921196,-0.0603184,-0.0603184,-0.0602148
-136.508,-0.00796543,-0.0611346,-0.0611346,-0.0610329
-136.485,-0.00671694,-0.0619357,-0.0619357,-0.0618359
-136.463,-0.00546681,-0.0627217,-0.0627217,-0.0626238
-136.44,-0.00421533,-0.0634923,-0.0634923,-0.0633963
-136.417,-0.00296282,-0.0642473,-0.0642473,-0.0641532
-136.395,-0.00170958,-0.0649864,-0.0649864,-0.0648944
-136.372,-0.00045592,-0.0657097,-0.0657097,-0.0656196
-136.349,0.000797852,-0.0664167,-0.0664167,-0.0663287
-136.327,0.00205143,-0.0671075,-0.0671075,-0.0670216
-136.304,0.0033045,-0.0677818,-0.0677818,-0.0676979
-136.281,0.00455676,-0.0684394,-0.0684394,-0.0683576
-136.259,0.0058079,-0.0690803,-0.0690803,-0.0690006
-136.236,0.00705762,-0.0697042,-0.0697042,-0.0696266
-136.213,0.0083056,-0.0703109,-0.0703109,-0.0702355
-136.19,0.00955154,-0.0709004,-0.0709004,-0.0708271
-136.168,0.0107951,-0.0714725,-0.0714725,-0.0714014
-136.145,0.0120361,-0.072027,-0.072027,-0.0719581
-136.122,0.0132741,-0.0725638,-0.0725638,-0.0724971
-136.1,0.0145088,-0.0730828,-0.0730828,-0.0730183
-136.077,0.01574,-0.0735838,-0.0735838,-0.0735216
-136.054,0.0169673,-0.0740668,-0.0740668,-0.0740068
-136.032,0.0181904,-0.0745316,-0.0745316,-0.0744739
-136.009,0.019409,-0.0749781,-0.0749781,-0.0749227
-135.986,0.0206229,-0.0754061,-0.0754061,-0.075353
-135.964,0.0218318,-0.0758156,-0.0758156,-0.0757649
-135.941,0.0230352,-0.0762066,-0.0762066,-0.0761582
-135.918,0.024233,-0.0765788,-0.0765788,-0.0765327
-135.896,0.0254249,-0.0769321,-0.0769321,-0.0768884
-135.873,0.0266105,-0.0772667,-0.0772667,-0.0772253
-135.85,0.0277896,-0.0775822,-0.0775822,-0.0775432
-135.828,0.0289618,-0.0778786,-0.0778786,-0.077842
-135.805,0.030127,-0.078156,-0.078156,-0.0781217
-135.782,0.0312847,-0.0784141,-0.0784141,-0.0783823
-135.76,0.0324348,-0.078653,-0.078653,-0.0786236
-135.737,0.0335769,-0.0788726,-0.0788726,-0.0788455
-135.714,0.0347107,-0.0790728,-0.0790728,-0.0790482
-135.692,0.035836,-0.0792535,-0.0792535,-0.0792314
-135.669,0.0369525,-0.0794148,-0.0794148,-0.0793951
-135.646,0.03806,-0.0795566,-0.0795566,-0.0795393
-135.624,0.039158,-0.0796789,-0.0796789,-0.079664
-135.601,0.0402465,-0.0797816,-0.0797816,-0.0797691
-135.578,0.0413251,-0.0798647,-0.0798647,-0.0798547
-135.556,0.0423935,-0.0799281,-0.0799281,-0.0799206
-135.533,0.0434516,-0.079972,-0.079972,-0.0799669
-135.51,0.0444989,-0.0799962,-0.0799962,-0.0799936
-135.488,0.0455353,-0.0800007,-0.0800007,-0.0800006
-135.465,0.0465606,-0.0799856,-0.0799856,-0.0799879
-135.442,0.0475744,-0.0799509,-0.0799509,-0.0799556
-135.42,0.0485765,-0.0798965,-0.0798965,-0.0799037
-135.397,0.0495667,-0.0798225,-0.0798225,-0.0798322
-135.374,0.0505447,-0.0797289,-0.0797289,-0.079741
-135.351,0.0515103,-0.0796157,-0.0796157,-0.0796303
-135.329,0.0524632,-0.079483,-0.079483,-0.0795
-135.306,0.0534033,-0.0793307,-0.0793307,-0.0793501
-135.283,0.0543302,-0.079159,-0.079159,-0.0791808
-135.261,0.0552438,-0.0789678,-0.0789678,-0.078992
-135.238,0.0561438,-0.0787572,-0.0787572,-0.0787839
-135.215,0.0570301,-0.0785273,-0.0785273,-0.0785563
-135.193,0.0579023,-0.0782781,-0.0782781,-0.0783095
-135.17,0.0587603,-0.0780096,-0.0780096,-0.0780435
-135.147,0.0596039,-0.077722,-0.077722,-0.0777582
-135.125,0.0604328,-0.0774153,-0.0774153,-0.0774539
-135.102,0.0612469,-0.0770896,-0.0770896,-0.0771306
-135.079,0.062046,-0.076745,-0.076745,-0.0767883
-135.057,0.0628298,-0.0763815,-0.0763815,-0.0764272
-135.034,0.0635981,-0.0759992,-0.0759992,-0.0760473
-135.011,0.0643509,-0.0755983,-0.0755983,-0.0756487
-134.989,0.0650878,-0.0751788,-0.0751788,-0.0752315
-134.966,0.0658088,-0.0747409,-0.0747409,-0.0747958
-134.943,0.0665136,-0.0742845,-0.0742845,-0.0743418
-134.921,0.0672021,-0.07381,-0.07381,-0.0738695
-134.898,0.067874,-0.0733173,-0.0733173,-0.0733791
-134.875,0.0685293,-0.0728066,-0.0728066,-0.0728707
-134.853,0.0691678,-0.072278,-0.072278,-0.0723443
-134.83,0.0697892,-0.0717317,-0.0717317,-0.0718002
-134.807,0.0703936,-0.0711678,-0.0711678,-0.0712384
-134.785,0.0709806,-0.0705864,-0.0705864,-0.0706592
-134.762,0.0715502,-0.0699876,-0.0699876,-0.0700626
-134.739,0.0721022,-0.0693716,-0.0693716,-0.0694488
-134.717,0.0726365,-0.0687387,-0.0687387,-0.0688179
-134.694,0.073153,-0.0680888,-0.0680888,-0.0681701
-134.671,0.0736515,-0.0674222,-0.0674222,-0.0675056
-134.649,0.0741319,-0.066739,-0.066739,-0.0668245
-134.626,0.0745941,-0.0660395,-0.0660395,-0.066127
-134.603,0.075038,-0.0653237,-0.0653237,-0.0654133
-134.58,0.0754635,-0.0645919,-0.0645919,-0.0646835
-134.558,0.0758704,-0.0638442,-0.0638442,-0.0639377
-134.535,0.0762587,-0.0630809,-0.0630809,-0.0631763
-134.512,0.0766283,-0.062302,-0.062302,-0.0623994
-134.49,0.076979,-0.0615079,-0.0615079,-0.0616072
-134.467,0.0773108,-0.0606986,-0.0606986,-0.0607998
-134.444,0.0776237,-0.0598744,-0.0598744,-0.0599775
-134.422,0.0779174,-0.0590356,-0.0590356,-0.0591404
-134.399,0.0781921,-0.0581822,-0.0581822,-0.0582888
-134.376,0.0784475,-0.0573145,-0.0573145,-0.0574229
-134.354,0.0786837,-0.0564328,-0.0564328,-0.0565429
-134.331,0.0789005,-0.0555372,-0.0555372,-0.0556491
-134.308,0.0790979,-0.0546279,-0.0546279,-0.0547415
-134.286,0.079276,-0.0537053,-0.0537053,-0.0538205
-134.263,0.0794345,-0.0527694,-0.0527694,-0.0528863
-134.24,0.0795736,-0.0518206,-0.0518206,-0.0519391
-134.218,0.0796931,-0.0508591,-0.0508591,-0.0509791
-134.195,0.079793,-0.049885,-0.049885,-0.0500067
-134.172,0.0798733,-0.0488988,-0.0488988,-0.0490219
-134.15,0.0799341,-0.0479005,-0.0479005,-0.0480251
-134.127,0.0799751,-0.0468904,-0.0468904,-0.0470165
-134.104,0.0799966,-0.0458688,-0.0458688,-0.0459964
-134.082,0.0799984,-0.044836,-0.044836,-0.0449649
-134.059,0.0799805,-0.0437921,-0.0437921,-0.0439224
-134.036,0.079943,-0.0427375,-0.0427375,-0.0428691
-134.014,0.0798858,-0.0416724,-0.0416724,-0.0418053
-133.991,0.0798091,-0.0405971,-0.0405971,-0.0407313
-133.968,0.0797127,-0.0395118,-0.0395118,-0.0396472
-133.946,0.0795968,-0.0384167,-0.0384167,-0.0385534
-133.923,0.0794613,-0.0373123,-0.0373123,-0.0374501
-133.9,0.0793063,-0.0361987,-0.0361987,-0.0363376
-133.878,0.0791318,-0.0350762,-0.0350762,-0.0352162
-133.855,0.0789378,-0.033945,-0.033945,-0.0340861
-133.832,0.0787245,-0.0328056,-0.0328056,-0.0329477
-133.81,0.0784919,-0.0316581,-0.0316581,-0.0318012
-133.787,0.0782399,-0.0305028,-0.0305028,-0.0306468
-133.764,0.0779688,-0.02934,-0.02934,-0.029485
-133.741,0.0776785,-0.02817,-0.02817,-0.0283159
-133.719,0.0773691,-0.0269931,-0.0269931,-0.0271398
-133.696,0.0770407,-0.0258096,-0.0258096,-0.0259571
-133.673,0.0766934,-0.0246197,-0.0246197,-0.024768
-133.651,0.0763273,-0.0234237,-0.0234237,-0.0235728
-133.628,0.0759424,-0.0222221,-0.0222221,-0.0223719
-133.605,0.0755389,-0.0210149,-0.0210149,-0.0211654
-133.583,0.0751168,-0.0198026,-0.0198026,-0.0199537
-133.56,0.0746762,-0.0185855,-0.0185855,-0.0187372
-133.537,0.0742173,-0.0173637,-0.0173637,-0.017516
-133.515,0.0737402,-0.0161378,-0.0161378,-0.0162905
-133.492,0.073245,-0.0149078,-0.0149078,-0.0150611
-133.469,0.0727318,-0.0136742,-0.0136742,-0.0138279
-133.447,0.0722007,-0.0124372,-0.0124372,-0.0125913
-133.424,0.0716519,-0.0111972,-0.0111972,-0.0113517
-133.401,0.0710855,-0.00995439,-0.00995439,-0.0101092
-133.379,0.0705016,-0.00870917,-0.00870917,-0.0088643
-133.356,0.0699004,-0.00746182,-0.00746182,-0.00761719
-133.333,0.069282,-0.00621262,-0.00621262,-0.00636821
-133.311,0.0686467,-0.00496189,-0.00496189,-0.00511768
-133.288,0.0679944,-0.00370996,-0.00370996,-0.00386588
-133.265,0.0673255,-0.00245709,-0.00245709,-0.00261313
-133.243,0.06664,-0.00120366,-0.00120366,-0.00135975
-133.22,0.0659382,5.01112e-05,5.01112e-05,-0.00010603
-133.197,0.0652201,0.00130384,0.00130384,0.00114771
-133.175,0.0644861,0.00255726,0.00255726,0.00240118
-133.152,0.0637362,0.00381004,0.00381004,0.00365406
-133.129,0.0629706,0.00506189,0.00506189,0.00490604
-133.107,0.0621896,0.0063125,0.0063125,0.00615681
-133.084,0.0613933,0.00756157,0.00756157,0.00740607
-133.061,0.0605819,0.00880876,0.00880876,0.0086535
-133.039,0.0597557,0.0100538,0.0100538,0.00989882
-133.016,0.0589148,0.0112964,0.0112964,0.0111417
-132.993,0.0580594,0.0125362,0.0125362,0.0123818
-132.971,0.0571897,0.0137729,0.0137729,0.013619
-132.948,0.056306,0.0150062,0.0150062,0.0148527
-132.925,0.0554085,0.0162359,0.0162359,0.0160828
-132.902,0.0544973,0.0174615,0.0174615,0.017309
-132.88,0.0535728,0.0186829,0.0186829,0.0185309
-132.857,0.0526351,0.0198997,0.0198997,0.0197482
-132.834,0.0516845,0.0211116,0.0211116,0.0209608
-132.812,0.0507212,0.0223183,0.0223183,0.0221681
-132.789,0.0497454,0.0235195,0.0235195,0.02337
-132.766,0.0487574,0.0247149,0.0247149,0.0245662
-132.744,0.0477574,0.0259043,0.0259043,0.0257563
-132.721,0.0467458,0.0270873,0.0270873,0.0269401
-132.698,0.0457226,0.0282637,0.0282637,0.0281173
-132.676,0.0446882,0.0294331,0.0294331,0.0292876
-132.653,0.0436428,0.0305953,0.0305953,0.0304507
-132.63,0.0425867,0.03175,0.03175,0.0316063
-132.608,0.0415201,0.0328968,0.0328968,0.0327542
-132.585,0.0404434,0.0340356,0.0340356,0.033894
-132.562,0.0393567,0.0351661,0.0351661,0.0350255
-132.54,0.0382603,0.0362879,0.0362879,0.0361484
-132.517,0.0371546,0.0374008,0.0374008,0.0372624
-132.494,0.0360397,0.0385045,0.0385045,0.0383672
-132.472,0.0349159,0.0395987,0.0395987,0.0394626
-132.449,0.0337836,0.0406832,0.0406832,0.0405484
-132.426,0.032643,0.0417577,0.0417577,0.0416241
-132.404,0.0314944,0.042822,0.042822,0.0426897
-132.381,0.030338,0.0438757,0.0438757,0.0437447
-132.358,0.0291742,0.0449187,0.0449187,0.0447891
-132.336,0.0280032,0.0459506,0.0459506,0.0458224
-132.313,0.0268254,0.0469713,0.0469713,0.0468444
-132.29,0.0256409,0.0479804,0.0479804,0.047855
-132.268,0.0244502,0.0489778,0.0489778,0.0488538
-132.245,0.0232534,0.0499631,0.0499631,0.0498406
-132.222,0.022051,0.0509361,0.0509361,0.0508151
-132.2,0.0208431,0.0518966,0.0518966,0.0517772
-132.177,0.0196301,0.0528444,0.0528444,0.0527266
-132.154,0.0184123,0.0537792,0.0537792,0.053663
-132.132,0.01719,0.0547008,0.0547008,0.0545862
-132.109,0.0159634,0.0556089,0.0556089,0.055496
-132.086,0.0147329,0.0565034,0.0565034,0.0563922
-132.063,0.0134988,0.057384,0.057384,0.0572746
-132.041,0.0122614,0.0582505,0.0582505,0.0581428
-132.018,0.011021,0.0591027,0.0591027,0.0589968
-131.995,0.00977783,0.0599404,0.0599404,0.0598363
-131.973,0.00853229,0.0607634,0.0607634,0.0606611
-131.95,0.00728466,0.0615714,0.0615714,0.061471
-131.927,0.00603524,0.0623643,0.0623643,0.0622658
-131.905,0.00478433,0.0631419,0.0631419,0.0630453
-131.882,0.00353225,0.063904,0.063904,0.0638094
-131.859,0.00227931,0.0646504,0.0646504,0.0645577
-131.837,0.0010258,0.065381,0.065381,0.0652902
-131.814,-0.000227961,0.0660954,0.0660954,0.0660067
-131.791,-0.00148166,0.0667936,0.0667936,0.0667069
-131.769,-0.002735,0.0674755,0.0674755,0.0673908
-131.746,-0.00398767,0.0681407,0.0681407,0.0680581
-131.723,-0.00523936,0.0687892,0.0687892,0.0687087
-131.701,-0.00648976,0.0694208,0.0694208,0.0693424
-131.678,-0.00773857,0.0700354,0.0700354,0.0699591
-131.655,-0.00898547,0.0706328,0.0706328,0.0705586
-131.633,-0.0102302,0.0712128,0.0712128,0.0711408
-131.61,-0.0114724,0.0717753,0.0717753,0.0717054
-131.587,-0.0127117,0.0723202,0.0723202,0.0722525
-131.565,-0.013948,0.0728473,0.0728473,0.0727819
-131.542,-0.0151808,0.0733565,0.0733565,0.0732933
-131.519,-0.0164099,0.0738478,0.0738478,0.0737868
-131.497,-0.017635,0.0743208,0.0743208,0.0742621
-131.474,-0.0188557,0.0747757,0.0747757,0.0747192
-131.451,-0.0200718,0.0752121,0.0752121,0.075158
-131.429,-0.0212829,0.0756301,0.0756301,0.0755782
-131.406,-0.0224889,0.0760295,0.0760295,0.0759799
-131.383,-0.0236893,0.0764103,0.0764103,0.076363
-131.361,-0.0248839,0.0767722,0.0767722,0.0767273
-131.338,-0.0260724,0.0771153,0.0771153,0.0770728
-131.315,-0.0272545,0.0774395,0.0774395,0.0773993
-131.293,-0.0284299,0.0777447,0.0777447,0.0777068
-131.27,-0.0295983,0.0780307,0.0780307,0.0779952
-131.247,-0.0307594,0.0782976,0.0782976,0.0782645
-131.224,-0.031913,0.0785453,0.0785453,0.0785145
-131.202,-0.0330587,0.0787736,0.0787736,0.0787453
-131.179,-0.0341964,0.0789827,0.0789827,0.0789567
-131.156,-0.0353256,0.0791723,0.0791723,0.0791487
-131.134,-0.0364461,0.0793424,0.0793424,0.0793213
-131.111,-0.0375577,0.0794932,0.0794932,0.0794744
-131.088,-0.0386601,0.0796243,0.0796243,0.079608
-131.066,-0.039753,0.0797359,0.0797359,0.079722
-131.043,-0.0408361,0.0798279,0.0798279,0.0798165
-131.02,-0.0419092,0.0799003,0.0799003,0.0798913
-130.998,-0.042972,0.0799531,0.0799531,0.0799465
-130.975,-0.0440242,0.0799863,0.0799863,0.0799821
-130.952,-0.0450656,0.0799998,0.0799998,0.0799981
-130.93,-0.046096,0.0799936,0.0799936,0.0799944
-130.907,-0.047115,0.0799678,0.0799678,0.079971
-130.884,-0.0481224,0.0799224,0.0799224,0.079928
-130.862,-0.0491181,0.0798573,0.0798573,0.0798654
-130.839,-0.0501017,0.0797726,0.0797726,0.0797831
-130.816,-0.0510729,0.0796684,0.0796684,0.0796812
-130.794,-0.0520316,0.0795445,0.0795445,0.0795598
-130.771,-0.0529776,0.0794011,0.0794011,0.0794189
-130.748,-0.0539105,0.0792383,0.0792383,0.0792584
-130.726,-0.0548302,0.0790559,0.0790559,0.0790785
-130.703,-0.0557364,0.0788542,0.0788542,0.0788791
-130.68,-0.056629,0.078633,0.078633,0.0786604
-130.658,-0.0575076,0.0783926,0.0783926,0.0784223
-130.635,-0.0583721,0.0781329,0.0781329,0.078165
-130.612,-0.0592222,0.077854,0.077854,0.0778885
-130.59,-0.0600579,0.077556,0.077556,0.0775928
-130.567,-0.0608787,0.0772389,0.0772389,0.0772781
-130.544,-0.0616846,0.0769029,0.0769029,0.0769444
-130.522,-0.0624754,0.076548,0.076548,0.0765919
-130.499,-0.0632508,0.0761742,0.0761742,0.0762205
-130.476,-0.0640107,0.0757818,0.0757818,0.0758304
-130.454,-0.0647548,0.0753708,0.0753708,0.0754216
-130.431,-0.0654831,0.0749412,0.0749412,0.0749943
-130.408,-0.0661953,0.0744933,0.0744933,0.0745487
-130.385,-0.0668912,0.074027,0.074027,0.0740847
-130.363,-0.0675706,0.0735426,0.0735426,0.0736025
-130.34,-0.0682335,0.0730401,0.0730401,0.0731022
-130.317,-0.0688797,0.0725196,0.0725196,0.072584
-130.295,-0.0695089,0.0719814,0.0719814,0.0720479
-130.272,-0.070121,0.0714254,0.0714254,0.0714942
-130.249,-0.0707159,0.070852,0.070852,0.0709228
-130.227,-0.0712935,0.0702611,0.0702611,0.0703341
-130.204,-0.0718535,0.0696529,0.0696529,0.0697281
-130.181,-0.0723959,0.0690277,0.0690277,0.0691049
-130.159,-0.0729205,0.0683855,0.0683855,0.0684648
-130.136,-0.0734272,0.0677265,0.0677265,0.0678079
-130.113,-0.0739158,0.0670508,0.0670508,0.0671343
-130.091,-0.0743863,0.0663587,0.0663587,0.0664443
-130.068,-0.0748385,0.0656503,0.0656503,0.0657379
-130.045,-0.0752724,0.0649258,0.0649258,0.0650153
-130.023,-0.0756878,0.0641854,0.0641854,0.0642768
-130,-0.0760845,0.0634291,0.0634291,0.0635225
-129.977,-0.0764626,0.0626573,0.0626573,0.0627526
-129.955,-0.0768219,0.0618701,0.0618701,0.0619673
-129.932,-0.0771623,0.0610677,0.0610677,0.0611668
-129.909,-0.0774838,0.0602503,0.0602503,0.0603512
-129.887,-0.0777863,0.0594181,0.0594181,0.0595208
-129.864,-0.0780696,0.0585713,0.0585713,0.0586759
-129.841,-0.0783338,0.0577101,0.0577101,0.0578164
-129.819,-0.0785787,0.0568347,0.0568347,0.0569428
-129.796,-0.0788043,0.0559454,0.0559454,0.0560552
-129.773,-0.0790106,0.0550424,0.0550424,0.0551539
-129.751,-0.0791975,0.0541258,0.0541258,0.0542389
-129.728,-0.0793649,0.0531959,0.0531959,0.0533107
-129.705,-0.0795128,0.052253,0.052253,0.0523694
-129.683,-0.0796412,0.0512972,0.0512972,0.0514152
-129.66,-0.07975,0.0503289,0.0503289,0.0504484
-129.637,-0.0798393,0.0493481,0.0493481,0.0494692
-129.615,-0.0799089,0.0483553,0.0483553,0.0484778
-129.592,-0.0799589,0.0473506,0.0473506,0.0474745
-129.569,-0.0799893,0.0463342,0.0463342,0.0464596
-129.546,-0.08,0.0453065,0.0453065,0.0454332
-129.524,-0.0799911,0.0442676,0.0442676,0.0443957
-129.501,-0.0799625,0.0432179,0.0432179,0.0433473
-129.478,-0.0799142,0.0421575,0.0421575,0.0422883
-129.456,-0.0798464,0.0410868,0.0410868,0.0412188
-129.433,-0.0797589,0.040006,0.040006,0.0401393
-129.41,-0.0796519,0.0389154,0.0389154,0.0390498
-129.388,-0.0795253,0.0378152,0.0378152,0.0379508
-129.365,-0.0793791,0.0367057,0.0367057,0.0368425
-129.342,-0.0792135,0.0355873,0.0355873,0.0357251
-129.32,-0.0790284,0.03446,0.03446,0.0345989
-129.297,-0.0788239,0.0333243,0.0333243,0.0334643
-129.274,-0.0786,0.0321805,0.0321805,0.0323214
-129.252,-0.0783568,0.0310287,0.0310287,0.0311706
-129.229,-0.0780944,0.0298693,0.0298693,0.0300121
-129.206,-0.0778128,0.0287026,0.0287026,0.0288462
-129.184,-0.0775121,0.0275288,0.0275288,0.0276733
-129.161,-0.0771923,0.0263482,0.0263482,0.0264936
-129.138,-0.0768536,0.0251612,0.0251612,0.0253073
-129.116,-0.076496,0.023968,0.023968,0.0241149
-129.093,-0.0761197,0.0227689,0.0227689,0.0229165
-129.07,-0.0757246,0.0215643,0.0215643,0.0217125
-129.048,-0.0753109,0.0203543,0.0203543,0.0205031
-129.025,-0.0748787,0.0191393,0.0191393,0.0192888
-129.002,-0.0744282,0.0179196,0.0179196,0.0180696
-128.98,-0.0739593,0.0166956,0.0166956,0.0168461
-128.957,-0.0734723,0.0154674,0.0154674,0.0156184
-128.934,-0.0729673,0.0142354,0.0142354,0.0143869
-128.912,-0.0724443,0.0129999,0.0129999,0.0131518
-128.889,-0.0719035,0.0117613,0.0117613,0.0119135
-128.866,-0.0713451,0.0105197,0.0105197,0.0106723
-128.844,-0.0707691,0.00927558,0.00927558,0.00942845
-128.821,-0.0701758,0.00802916,0.00802916,0.00818229
-128.798,-0.0695652,0.00678078,0.00678078,0.00693412
-128.776,-0.0689376,0.00553072,0.00553072,0.00568424
-128.753,-0.068293,0.00427932,0.00427932,0.00443297
-128.73,-0.0676316,0.00302685,0.00302685,0.00318061
-128.707,-0.0669536,0.00177367,0.00177367,0.00192748
-128.685,-0.0662592,0.000520017,0.000520017,0.000673872
-128.662,-0.0655485,-0.00073374,-0.00073374,-0.000579907
-128.639,-0.0648217,-0.00198733,-0.00198733,-0.00183354
-128.617,-0.064079,-0.00324042,-0.00324042,-0.00308673
-128.594,-0.0633205,-0.00449274,-0.00449274,-0.00433916
-128.571,-0.0625465,-0.00574392,-0.00574392,-0.00559053
-128.549,-0.0617571,-0.00699372,-0.00699372,-0.00684051
-128.526,-0.0609526,-0.00824178,-0.00824178,-0.00808882
-128.503,-0.0601331,-0.00948783,-0.00948783,-0.00933515
-128.481,-0.0592988,-0.0107316,-0.0107316,-0.0105792
-128.458,-0.05845,-0.0119726,-0.0119726,-0.0118206
-128.435,-0.0575868,-0.0132108,-0.0132108,-0.0130591
-128.413,-0.0567094,-0.0144456,-0.0144456,-0.0142945
-128.39,-0.0558181,-0.015677,-0.015677,-0.0155263
-128.367,-0.0549131,-0.0169045,-0.0169045,-0.0167543
-128.345,-0.0539947,-0.0181278,-0.0181278,-0.0179782
-128.322,-0.0530629,-0.0193467,-0.0193467,-0.0191976
-128.299,-0.0521182,-0.0205608,-0.0205608,-0.0204124
-128.277,-0.0511606,-0.0217699,-0.0217699,-0.0216221
-128.254,-0.0501905,-0.0229737,-0.0229737,-0.0228266
-128.231,-0.049208,-0.0241718,-0.0241718,-0.0240254
-128.209,-0.0482134,-0.0253639,-0.0253639,-0.0252183
-128.186,-0.0472071,-0.0265499,-0.0265499,-0.026405
-128.163,-0.0461891,-0.0277292,-0.0277292,-0.0275853
-128.141,-0.0451597,-0.0289018,-0.0289018,-0.0287587
-128.118,-0.0441193,-0.0300673,-0.0300673,-0.0299251
-128.095,-0.043068,-0.0312255,-0.0312255,-0.0310842
-128.073,-0.0420062,-0.0323759,-0.0323759,-0.0322356
-128.05,-0.0409341,-0.0335184,-0.0335184,-0.0333791
-128.027,-0.0398518,-0.0346526,-0.0346526,-0.0345144
-128.005,-0.0387598,-0.0357784,-0.0357784,-0.0356413
-127.982,-0.0376583,-0.0368953,-0.0368953,-0.0367593
-127.959,-0.0365476,-0.0380032,-0.0380032,-0.0378684
-127.937,-0.0354278,-0.0391018,-0.0391018,-0.0389681
-127.914,-0.0342994,-0.0401907,-0.0401907,-0.0400583
-127.891,-0.0331625,-0.0412698,-0.0412698,-0.0411387
-127.868,-0.0320175,-0.0423388,-0.0423388,-0.0422089
-127.846,-0.0308646,-0.0433973,-0.0433973,-0.0432687
-127.823,-0.0297041,-0.0444452,-0.0444452,-0.044318
-127.8,-0.0285364,-0.0454822,-0.0454822,-0.0453563
-127.778,-0.0273616,-0.046508,-0.046508,-0.0463836
-127.755,-0.0261801,-0.0475224,-0.0475224,-0.0473994
-127.732,-0.0249922,-0.0485251,-0.0485251,-0.0484036
-127.71,-0.0237982,-0.0495158,-0.0495158,-0.0493959
-127.687,-0.0225982,-0.0504945,-0.0504945,-0.050376
-127.664,-0.0213928,-0.0514607,-0.0514607,-0.0513438
-127.642,-0.0201821,-0.0524143,-0.0524143,-0.052299
-127.619,-0.0189664,-0.0533549,-0.0533549,-0.0532413
-127.596,-0.0177461,-0.0542826,-0.0542826,-0.0541706
-127.574,-0.0165214,-0.0551968,-0.0551968,-0.0550865
-127.551,-0.0152927,-0.0560975,-0.0560975,-0.0559889
-127.528,-0.0140602,-0.0569845,-0.0569845,-0.0568776
-127.506,-0.0128242,-0.0578574,-0.0578574,-0.0577523
-127.483,-0.0115852,-0.0587161,-0.0587161,-0.0586128
-127.46,-0.0103432,-0.0595604,-0.0595604,-0.0594589
-127.438,-0.00909872,-0.0603901,-0.0603901,-0.0602904
-127.415,-0.00785201,-0.0612049,-0.0612049,-0.0611072
-127.392,-0.00660336,-0.0620047,-0.0620047,-0.0619088
-127.37,-0.00535309,-0.0627893,-0.0627893,-0.0626953
-127.347,-0.00410151,-0.0635584,-0.0635584,-0.0634664
-127.324,-0.00284891,-0.064312,-0.064312,-0.0642219
-127.302,-0.00159562,-0.0650497,-0.0650497,-0.0649617
-127.279,-0.000341941,-0.0657715,-0.0657715,-0.0656854
-127.256,0.000911826,-0.0664771,-0.0664771,-0.0663931
-127.234,0.00216537,-0.0671664,-0.0671664,-0.0670844
-127.211,0.00341838,-0.0678392,-0.0678392,-0.0677593
-127.188,0.00467055,-0.0684953,-0.0684953,-0.0684175
-127.166,0.00592157,-0.0691346,-0.0691346,-0.0690589
-127.143,0.00717114,-0.0697569,-0.0697569,-0.0696834
-127.12,0.00841895,-0.0703621,-0.0703621,-0.0702907
-127.098,0.00966469,-0.07095,-0.07095,-0.0708808
-127.075,0.0109081,-0.0715205,-0.0715205,-0.0714534
-127.052,0.0121487,-0.0720734,-0.0720734,-0.0720086
-127.029,0.0133865,-0.0726086,-0.0726086,-0.072546
-127.007,0.0146209,-0.073126,-0.073126,-0.0730656
-126.984,0.0158517,-0.0736254,-0.0736254,-0.0735672
-126.961,0.0170786,-0.0741067,-0.0741067,-0.0740508
-126.939,0.0183014,-0.0745698,-0.0745698,-0.0745163
-126.916,0.0195196,-0.0750146,-0.0750146,-0.0749634
-126.893,0.020733,-0.075441,-0.075441,-0.075392
-126.871,0.0219414,-0.0758489,-0.0758489,-0.0758022
-126.848,0.0231444,-0.0762381,-0.0762381,-0.0761938
-126.825,0.0243416,-0.0766086,-0.0766086,-0.0765666
-126.803,0.0255329,-0.0769603,-0.0769603,-0.0769207
-126.78,0.026718,-0.0772931,-0.0772931,-0.0772558
-126.757,0.0278964,-0.0776068,-0.0776068,-0.077572
-126.735,0.0290681,-0.0779016,-0.0779016,-0.0778691
-126.712,0.0302325,-0.0781772,-0.0781772,-0.0781471
-126.689,0.0313896,-0.0784336,-0.0784336,-0.0784059
-126.667,0.0325389,-0.0786707,-0.0786707,-0.0786454
-126.644,0.0336803,-0.0788885,-0.0788885,-0.0788656
-126.621,0.0348134,-0.0790869,-0.0790869,-0.0790665
-126.599,0.0359379,-0.0792659,-0.0792659,-0.0792479
-126.576,0.0370536,-0.0794255,-0.0794255,-0.0794099
-126.553,0.0381602,-0.0795655,-0.0795655,-0.0795524
-126.531,0.0392574,-0.079686,-0.079686,-0.0796753
-126.508,0.040345,-0.0797869,-0.0797869,-0.0797786
-126.485,0.0414227,-0.0798682,-0.0798682,-0.0798624
-126.463,0.0424902,-0.0799299,-0.0799299,-0.0799266
-126.44,0.0435472,-0.079972,-0.079972,-0.0799711
-126.417,0.0445936,-0.0799944,-0.0799944,-0.079996
-126.395,0.045629,-0.0799971,-0.0799971,-0.0800012
-126.372,0.0466532,-0.0799803,-0.0799803,-0.0799868
-126.349,0.047666,-0.0799437,-0.0799437,-0.0799527
-126.327,0.048667,-0.0798876,-0.0798876,-0.079899
-126.304,0.0496561,-0.0798118,-0.0798118,-0.0798257
-126.281,0.050633,-0.0797164,-0.0797164,-0.0797327
-126.259,0.0515974,-0.0796014,-0.0796014,-0.0796202
-126.236,0.0525492,-0.0794669,-0.0794669,-0.0794881
-126.213,0.0534881,-0.0793129,-0.0793129,-0.0793365
-126.19,0.0544138,-0.0791394,-0.0791394,-0.0791655
-126.168,0.0553262,-0.0789464,-0.0789464,-0.0789749
-126.145,0.056225,-0.0787341,-0.0787341,-0.078765
-126.122,0.0571099,-0.0785024,-0.0785024,-0.0785357
-126.1,0.0579809,-0.0782514,-0.0782514,-0.0782872
-126.077,0.0588376,-0.0779812,-0.0779812,-0.0780194
-126.054,0.0596798,-0.0776919,-0.0776919,-0.0777324
-126.032,0.0605074,-0.0773835,-0.0773835,-0.0774264
-126.009,0.0613202,-0.077056,-0.077056,-0.0771013
-125.986,0.0621178,-0.0767097,-0.0767097,-0.0767573
-125.964,0.0629003,-0.0763445,-0.0763445,-0.0763945
-125.941,0.0636672,-0.0759605,-0.0759605,-0.0760129
-125.918,0.0644185,-0.0755579,-0.0755579,-0.0756126
-125.896,0.0651541,-0.0751367,-0.0751367,-0.0751937
-125.873,0.0658736,-0.0746971,-0.0746971,-0.0747564
-125.85,0.0665769,-0.0742392,-0.0742392,-0.0743007
-125.828,0.0672638,-0.0737629,-0.0737629,-0.0738268
-125.805,0.0679343,-0.0732686,-0.0732686,-0.0733347
-125.782,0.0685881,-0.0727563,-0.0727563,-0.0728246
-125.76,0.069225,-0.0722261,-0.0722261,-0.0722967
-125.737,0.0698449,-0.0716782,-0.0716782,-0.071751
-125.714,0.0704476,-0.0711126,-0.0711126,-0.0711876
-125.692,0.0710331,-0.0705296,-0.0705296,-0.0706068
-125.669,0.0716011,-0.0699293,-0.0699293,-0.0700086
-125.646,0.0721515,-0.0693118,-0.0693118,-0.0693933
-125.624,0.0726842,-0.0686773,-0.0686773,-0.0687609
-125.601,0.0731991,-0.0680259,-0.0680259,-0.0681116
-125.578,0.0736959,-0.0673578,-0.0673578,-0.0674455
-125.556,0.0741747,-0.0666731,-0.0666731,-0.066763
-125.533,0.0746353,-0.0659721,-0.0659721,-0.066064
-125.51,0.0750775,-0.0652549,-0.0652549,-0.0653488
-125.488,0.0755012,-0.0645216,-0.0645216,-0.0646175
-125.465,0.0759065,-0.0637725,-0.0637725,-0.0638704
-125.442,0.0762931,-0.0630077,-0.0630077,-0.0631075
-125.42,0.0766609,-0.0622275,-0.0622275,-0.0623292
-125.397,0.0770099,-0.0614319,-0.0614319,-0.0615356
-125.374,0.07734,-0.0606213,-0.0606213,-0.0607268
-125.351,0.0776512,-0.0597958,-0.0597958,-0.0599032
-125.329,0.0779432,-0.0589556,-0.0589556,-0.0590648
-125.306,0.0782161,-0.0581009,-0.0581009,-0.0582119
-125.283,0.0784698,-0.057232,-0.057232,-0.0573447
-125.261,0.0787042,-0.056349,-0.056349,-0.0564635
-125.238,0.0789192,-0.0554521,-0.0554521,-0.0555684
-125.215,0.0791149,-0.0545416,-0.0545416,-0.0546596
-125.193,0.0792912,-0.0536178,-0.0536178,-0.0537374
-125.17,0.079448,-0.0526807,-0.0526807,-0.052802
-125.147,0.0795853,-0.0517308,-0.0517308,-0.0518536
-125.125,0.079703,-0.0507681,-0.0507681,-0.0508925
-125.102,0.0798011,-0.0497929,-0.0497929,-0.0499189
-125.079,0.0798797,-0.0488055,-0.0488055,-0.048933
-125.057,0.0799386,-0.0478062,-0.0478062,-0.0479352
-125.034,0.0799779,-0.0467951,-0.0467951,-0.0469255
-125.011,0.0799975,-0.0457724,-0.0457724,-0.0459043
-124.989,0.0799975,-0.0447386,-0.0447386,-0.0448719
-124.966,0.0799779,-0.0436938,-0.0436938,-0.0438284
-124.943,0.0799386,-0.0426382,-0.0426382,-0.0427741
-124.921,0.0798797,-0.0415721,-0.0415721,-0.0417094
-124.898,0.0798011,-0.0404959,-0.0404959,-0.0406344
-124.875,0.079703,-0.0394097,-0.0394097,-0.0395494
-124.853,0.0795853,-0.0383138,-0.0383138,-0.0384548
-124.83,0.079448,-0.0372085,-0.0372085,-0.0373506
-124.807,0.0792912,-0.0360941,-0.0360941,-0.0362373
-124.785,0.0791149,-0.0349708,-0.0349708,-0.0351151
-124.762,0.0789192,-0.0338389,-0.0338389,-0.0339843
-124.739,0.0787042,-0.0326987,-0.0326987,-0.0328451
-124.717,0.0784698,-0.0315504,-0.0315504,-0.0316979
-124.694,0.0782161,-0.0303944,-0.0303944,-0.0305429
-124.671,0.0779432,-0.029231,-0.029231,-0.0293803
-124.649,0.0776512,-0.0280604,-0.0280604,-0.0282106
-124.626,0.07734,-0.0268828,-0.0268828,-0.0270339
-124.603,0.0770099,-0.0256987,-0.0256987,-0.0258506
-124.58,0.0766609,-0.0245083,-0.0245083,-0.0246609
-124.558,0.0762931,-0.0233118,-0.0233118,-0.0234652
-124.535,0.0759065,-0.0221096,-0.0221096,-0.0222637
-124.512,0.0755012,-0.020902,-0.020902,-0.0210568
-124.49,0.0750775,-0.0196893,-0.0196893,-0.0198447
-124.467,0.0746353,-0.0184717,-0.0184717,-0.0186277
-124.444,0.0741747,-0.0172495,-0.0172495,-0.0174061
-124.422,0.0736959,-0.0160232,-0.0160232,-0.0161803
-124.399,0.0731991,-0.0147929,-0.0147929,-0.0149505
-124.376,0.0726842,-0.013559,-0.013559,-0.013717
-124.354,0.0721515,-0.0123217,-0.0123217,-0.0124801
-124.331,0.0716011,-0.0110814,-0.0110814,-0.0112402
-124.308,0.0710331,-0.00983838,-0.00983838,-0.00999753
-124.286,0.0704476,-0.00859296,-0.00859296,-0.00875239
-124.263,0.0698449,-0.00734541,-0.00734541,-0.0075051
-124.24,0.069225,-0.00609607,-0.00609607,-0.00625597
-124.218,0.0685881,-0.00484522,-0.00484522,-0.0050053
-124.195,0.0679343,-0.00359318,-0.00359318,-0.0037534
-124.172,0.0672638,-0.00234029,-0.00234029,-0.00250059
-124.15,0.0665769,-0.00108678,-0.00108678,-0.00124717
-124.127,0.0658736,0.000166985,0.000166985,6.55886e-06
-124.104,0.0651541,0.00142071,0.00142071,0.00126029
-124.082,0.0644185,0.00267408,0.00267408,0.00251371
-124.059,0.0636672,0.00392679,0.00392679,0.00376652
-124.036,0.0629003,0.00517854,0.00517854,0.0050184
-124.014,0.0621178,0.00642902,0.00642902,0.00626906
-123.991,0.0613202,0.00767792,0.00767792,0.00751815
-123.968,0.0605074,0.00892494,0.00892494,0.00876542
-123.946,0.0596798,0.0101698,0.0101698,0.0100105
-123.923,0.0588376,0.0114121,0.0114121,0.0112532
-123.9,0.0579809,0.0126516,0.0126516,0.012493
-123.878,0.0571099,0.013888,0.013888,0.0137299
-123.855,0.056225,0.015121,0.015121,0.0149633
-123.832,0.0553262,0.0163503,0.0163503,0.0161931
-123.81,0.0544138,0.0175756,0.0175756,0.0174188
-123.787,0.0534881,0.0187966,0.0187966,0.0186404
-123.764,0.0525492,0.0200129,0.0200129,0.0198573
-123.741,0.0515974,0.0212243,0.0212243,0.0210693
-123.719,0.050633,0.0224306,0.0224306,0.0222762
-123.696,0.0496561,0.0236313,0.0236313,0.0234776
-123.673,0.048667,0.0248262,0.0248262,0.0246732
-123.651,0.047666,0.026015,0.026015,0.0258628
-123.628,0.0466532,0.0271974,0.0271974,0.027046
-123.605,0.045629,0.0283731,0.0283731,0.0282226
-123.583,0.0445936,0.0295419,0.0295419,0.0293923
-123.56,0.0435472,0.0307034,0.0307034,0.0305547
-123.537,0.0424902,0.0318574,0.0318574,0.0317096
-123.515,0.0414227,0.0330036,0.0330036,0.0328567
-123.492,0.040345,0.0341416,0.0341416,0.0339958
-123.469,0.0392574,0.0352713,0.0352713,0.0351265
-123.447,0.0381602,0.0363923,0.0363923,0.0362486
-123.424,0.0370536,0.0375043,0.0375043,0.0373618
-123.401,0.0359379,0.0386072,0.0386072,0.0384658
-123.379,0.0348134,0.0397005,0.0397005,0.0395603
-123.356,0.0336803,0.0407842,0.0407842,0.0406452
-123.333,0.0325389,0.0418578,0.0418578,0.04172
-123.311,0.0313896,0.0429211,0.0429211,0.0427846
-123.288,0.0302325,0.0439739,0.0439739,0.0438387
-123.265,0.0290681,0.0450158,0.0450158,0.044882
-123.243,0.0278964,0.0460468,0.0460468,0.0459143
-123.22,0.026718,0.0470664,0.0470664,0.0469354
-123.197,0.0255329,0.0480744,0.0480744,0.0479449
-123.175,0.0243416,0.0490707,0.0490707,0.0489426
-123.152,0.0231444,0.0500549,0.0500549,0.0499283
-123.129,0.0219414,0.0510268,0.0510268,0.0509017
-123.107,0.020733,0.0519861,0.0519861,0.0518626
-123.084,0.0195196,0.0529327,0.0529327,0.0528108
-123.061,0.0183014,0.0538663,0.0538663,0.0537461
-123.039,0.0170786,0.0547867,0.0547867,0.0546681
-123.016,0.0158517,0.0556936,0.0556936,0.0555767
-122.993,0.0146209,0.0565868,0.0565868,0.0564716
-122.971,0.0133865,0.0574662,0.0574662,0.0573527
-122.948,0.0121487,0.0583314,0.0583314,0.0582197
-122.925,0.0109081,0.0591823,0.0591823,0.0590723
-122.902,0.00966469,0.0600186,0.0600186,0.0599105
-122.88,0.00841895,0.0608403,0.0608403,0.060734
-122.857,0.00717114,0.0616469,0.0616469,0.0615425
-122.834,0.00592157,0.0624385,0.0624385,0.0623359
-122.812,0.00467055,0.0632147,0.0632147,0.063114
-122.789,0.00341838,0.0639754,0.0639754,0.0638766
-122.766,0.00216537,0.0647203,0.0647203,0.0646236
-122.744,0.000911826,0.0654494,0.0654494,0.0653546
-122.721,-0.000341941,0.0661624,0.0661624,0.0660696
-122.698,-0.00159562,0.0668591,0.0668591,0.0667684
-122.676,-0.00284891,0.0675394,0.0675394,0.0674507
-122.653,-0.00410151,0.0682032,0.0682032,0.0681165
-122.63,-0.00535309,0.0688501,0.0688501,0.0687656
-122.608,-0.00660336,0.0694802,0.0694802,0.0693978
-122.585,-0.00785201,0.0700932,0.0700932,0.0700129
-122.562,-0.00909872,0.070689,0.070689,0.0706108
-122.54,-0.0103432,0.0712674,0.0712674,0.0711914
-122.517,-0.0115852,0.0718284,0.0718284,0.0717545
-122.494,-0.0128242,0.0723716,0.0723716,0.0723
-122.472,-0.0140602,0.0728971,0.0728971,0.0728277
-122.449,-0.0152927,0.0734047,0.0734047,0.0733375
-122.426,-0.0165214,0.0738943,0.0738943,0.0738294
-122.404,-0.0177461,0.0743657,0.0743657,0.074303
-122.381,-0.0189664,0.0748189,0.0748189,0.0747585
-122.358,-0.0201821,0.0752537,0.0752537,0.0751955
-122.336,-0.0213928,0.07567,0.07567,0.0756142
-122.313,-0.0225982,0.0760677,0.0760677,0.0760142
-122.29,-0.0237982,0.0764467,0.0764467,0.0763955
-122.268,-0.0249922,0.076807,0.076807,0.0767581
-122.245,-0.0261801,0.0771484,0.0771484,0.0771019
-122.222,-0.0273616,0.0774708,0.0774708,0.0774266
-122.2,-0.0285364,0.0777742,0.0777742,0.0777324
-122.177,-0.0297041,0.0780586,0.0780586,0.0780191
-122.154,-0.0308646,0.0783237,0.0783237,0.0782866
-122.132,-0.0320175,0.0785696,0.0785696,0.0785349
-122.109,-0.0331625,0.0787962,0.0787962,0.0787639
-122.086,-0.0342994,0.0790035,0.0790035,0.0789736
-122.063,-0.0354278,0.0791913,0.0791913,0.0791638
-122.041,-0.0365476,0.0793597,0.0793597,0.0793347
-122.018,-0.0376583,0.0795086,0.0795086,0.079486
-121.995,-0.0387598,0.079638,0.079638,0.0796178
-121.973,-0.0398518,0.0797478,0.0797478,0.0797301
-121.95,-0.0409341,0.0798381,0.0798381,0.0798227
-121.927,-0.0420062,0.0799087,0.0799087,0.0798958
-121.905,-0.043068,0.0799597,0.0799597,0.0799492
-121.882,-0.0441193,0.079991,0.079991,0.079983
-121.859,-0.0451597,0.0800028,0.0800028,0.0799972
-121.837,-0.0461891,0.0799948,0.0799948,0.0799917
-121.814,-0.0472071,0.0799673,0.0799673,0.0799665
-121.791,-0.0482134,0.07992,0.07992,0.0799218
-121.769,-0.049208,0.0798532,0.0798532,0.0798573
-121.746,-0.0501905,0.0797667,0.0797667,0.0797733
-121.723,-0.0511606,0.0796607,0.0796607,0.0796697
-121.701,-0.0521182,0.079535,0.079535,0.0795465
-121.678,-0.0530629,0.0793899,0.0793899,0.0794037
-121.655,-0.0539947,0.0792252,0.0792252,0.0792415
-121.633,-0.0549131,0.0790411,0.0790411,0.0790598
-121.61,-0.0558181,0.0788376,0.0788376,0.0788587
-121.587,-0.0567094,0.0786147,0.0786147,0.0786382
-121.565,-0.0575868,0.0783725,0.0783725,0.0783984
-121.542,-0.05845,0.078111,0.078111,0.0781393
-121.519,-0.0592988,0.0778304,0.0778304,0.0778611
-121.497,-0.0601331,0.0775307,0.0775307,0.0775637
-121.474,-0.0609526,0.0772119,0.0772119,0.0772473
-121.451,-0.0617571,0.0768741,0.0768741,0.0769119
-121.429,-0.0625465,0.0765175,0.0765175,0.0765576
-121.406,-0.0633205,0.0761421,0.0761421,0.0761845
-121.383,-0.064079,0.0757479,0.0757479,0.0757927
-121.361,-0.0648217,0.0753352,0.0753352,0.0753822
-121.338,-0.0655485,0.074904,0.074904,0.0749533
-121.315,-0.0662592,0.0744543,0.0744543,0.0745059
-121.293,-0.0669536,0.0739864,0.0739864,0.0740403
-121.27,-0.0676316,0.0735003,0.0735003,0.0735564
-121.247,-0.068293,0.0729962,0.0729962,0.0730545
-121.224,-0.0689376,0.0724741,0.0724741,0.0725347
-121.202,-0.0695652,0.0719342,0.0719342,0.071997
-121.179,-0.0701758,0.0713767,0.0713767,0.0714416
-121.156,-0.0707691,0.0708016,0.0708016,0.0708687
-121.134,-0.0713451,0.0702092,0.0702092,0.0702784
-121.111,-0.0719035,0.0695995,0.0695995,0.0696708
-121.088,-0.0724443,0.0689727,0.0689727,0.0690462
-121.066,-0.0729673,0.0683289,0.0683289,0.0684045
-121.043,-0.0734723,0.0676684,0.0676684,0.0677461
-121.02,-0.0739593,0.0669913,0.0669913,0.067071
-120.998,-0.0744282,0.0662977,0.0662977,0.0663794
-120.975,-0.0748787,0.0655878,0.0655878,0.0656716
-120.952,-0.0753109,0.0648618,0.0648618,0.0649476
-120.93,-0.0757246,0.0641199,0.0641199,0.0642076
-120.907,-0.0761197,0.0633622,0.0633622,0.0634519
-120.884,-0.076496,0.062589,0.062589,0.0626806
-120.862,-0.0768536,0.0618004,0.0618004,0.0618939
-120.839,-0.0771923,0.0609966,0.0609966,0.061092
-120.816,-0.0775121,0.0601779,0.0601779,0.0602751
-120.794,-0.0778128,0.0593443,0.0593443,0.0594434
-120.771,-0.0780944,0.0584962,0.0584962,0.058597
-120.748,-0.0783568,0.0576338,0.0576338,0.0577363
-120.726,-0.0786,0.0567571,0.0567571,0.0568614
-120.703,-0.0788239,0.0558665,0.0558665,0.0559726
-120.68,-0.0790284,0.0549622,0.0549622,0.05507
-120.658,-0.0792135,0.0540445,0.0540445,0.0541538
-120.635,-0.0793791,0.0531134,0.0531134,0.0532244
-120.612,-0.0795253,0.0521693,0.0521693,0.0522819
-120.59,-0.0796519,0.0512124,0.0512124,0.0513266
-120.567,-0.0797589,0.0502428,0.0502428,0.0503586
-120.544,-0.0798464,0.049261,0.049261,0.0493783
-120.522,-0.0799142,0.048267,0.048267,0.0483858
-120.499,-0.0799625,0.0472613,0.0472613,0.0473815
-120.476,-0.0799911,0.0462439,0.0462439,0.0463655
-120.454,-0.08,0.0452151,0.0452151,0.0453381
-120.431,-0.0799893,0.0441752,0.0441752,0.0442996
-120.408,-0.0799589,0.0431245,0.0431245,0.0432502
-120.385,-0.0799089,0.0420632,0.0420632,0.0421902
-120.363,-0.0798393,0.0409916,0.0409916,0.0411198
-120.34,-0.07975,0.0399099,0.0399099,0.0400394
-120.317,-0.0796412,0.0388183,0.0388183,0.0389491
-120.295,-0.0795128,0.0377173,0.0377173,0.0378492
-120.272,-0.0793649,0.036607,0.036607,0.03674
-120.249,-0.0791975,0.0354877,0.0354877,0.0356218
-120.227,-0.0790106,0.0343597,0.0343597,0.0344949
-120.204,-0.0788043,0.0332232,0.0332232,0.0333595
-120.181,-0.0785787,0.0320786,0.0320786,0.0322159
-120.159,-0.0783338,0.0309262,0.0309262,0.0310643
-120.136,-0.0780696,0.0297661,0.0297661,0.0299052
-120.113,-0.0777863,0.0285987,0.0285987,0.0287387
-120.091,-0.0774838,0.0274243,0.0274243,0.0275651
-120.068,-0.0771623,0.0262431,0.0262431,0.0263848
-120.045,-0.0768219,0.0250555,0.0250555,0.0251979
-120.023,-0.0764626,0.0238618,0.0238618,0.0240049
-120,-0.0760845,0.0226622,0.0226622,0.022806
-119.977,-0.0756878,0.021457,0.021457,0.0216015
-119.955,-0.0752724,0.0202466,0.0202466,0.0203917
-119.932,-0.0748385,0.0190311,0.0190311,0.0191769
-119.909,-0.0743863,0.017811,0.017811,0.0179574
-119.887,-0.0739158,0.0165866,0.0165866,0.0167334
-119.864,-0.0734272,0.0153581,0.0153581,0.0155054
-119.841,-0.0729205,0.0141257,0.0141257,0.0142735
-119.819,-0.0723959,0.01289,0.01289,0.0130382
-119.796,-0.0718535,0.011651,0.011651,0.0117996
-119.773,-0.0712935,0.0104092,0.0104092,0.0105581
-119.751,-0.0707159,0.00916486,0.00916486,0.00931406
-119.728,-0.070121,0.00791825,0.00791825,0.0080677
-119.705,-0.0695089,0.00666971,0.00666971,0.00681937
-119.683,-0.0688797,0.00541951,0.00541951,0.00556936
-119.66,-0.0682335,0.00416799,0.00416799,0.00431796
-119.637,-0.0675706,0.00291546,0.00291546,0.00306554
-119.615,-0.0668912,0.00166219,0.00166219,0.00181233
-119.592,-0.0661953,0.000408524,0.000408524,0.000558707
-119.569,-0.0654831,-0.000845245,-0.000845245,-0.000695067
-119.546,-0.0647548,-0.00209879,-0.00209879,-0.00194868
-119.524,-0.0640107,-0.00335184,-0.00335184,-0.00320181
-119.501,-0.0632508,-0.00460405,-0.00460405,-0.00445414
-119.478,-0.0624754,-0.00585515,-0.00585515,-0.0057054
-119.456,-0.0616846,-0.00710479,-0.00710479,-0.00695525
-119.433,-0.0608787,-0.0083527,-0.0083527,-0.00820339
-119.41,-0.0600579,-0.00959853,-0.00959853,-0.0094495
-119.388,-0.0592222,-0.010842,-0.010842,-0.0106933
-119.365,-0.0583721,-0.0120829,-0.0120829,-0.0119345
-119.342,-0.0575076,-0.0133207,-0.0133207,-0.0131728
-119.32,-0.056629,-0.0145553,-0.0145553,-0.0144078
-119.297,-0.0557364,-0.0157863,-0.0157863,-0.0156393
-119.274,-0.0548302,-0.0170134,-0.0170134,-0.0168669
-119.252,-0.0539105,-0.0182364,-0.0182364,-0.0180904
-119.229,-0.0529776,-0.0194548,-0.0194548,-0.0193094
-119.206,-0.0520316,-0.0206685,-0.0206685,-0.0205237
-119.184,-0.0510729,-0.0218771,-0.0218771,-0.021733
-119.161,-0.0501017,-0.0230804,-0.0230804,-0.0229369
-119.138,-0.0491181,-0.024278,-0.024278,-0.0241352
-119.116,-0.0481224,-0.0254696,-0.0254696,-0.0253276
-119.093,-0.047115,-0.0266549,-0.0266549,-0.0265137
-119.07,-0.046096,-0.0278337,-0.0278337,-0.0276934
-119.048,-0.0450656,-0.0290057,-0.0290057,-0.0288662
-119.025,-0.0440242,-0.0301705,-0.0301705,-0.030032
-119.002,-0.042972,-0.031328,-0.031328,-0.0311904
-118.98,-0.0419092,-0.0324777,-0.0324777,-0.0323411
-118.957,-0.0408361,-0.0336194,-0.0336194,-0.0334838
-118.934,-0.039753,-0.0347529,-0.0347529,-0.0346184
-118.912,-0.0386601,-0.0358779,-0.0358779,-0.0357444
-118.889,-0.0375577,-0.036994,-0.036994,-0.0368617
-118.866,-0.0364461,-0.0381011,-0.0381011,-0.0379699
-118.844,-0.0353256,-0.0391988,-0.0391988,-0.0390688
-118.821,-0.0341964,-0.0402869,-0.0402869,-0.0401581
-118.798,-0.0330587,-0.0413651,-0.0413651,-0.0412375
-118.776,-0.031913,-0.0424331,-0.0424331,-0.0423068
-118.753,-0.0307594,-0.0434907,-0.0434907,-0.0433657
-118.73,-0.0295983,-0.0445376,-0.0445376,-0.044414
-118.707,-0.0284299,-0.0455736,-0.0455736,-0.0454513
-118.685,-0.0272545,-0.0465983,-0.0465983,-0.0464775
-118.662,-0.0260724,-0.0476117,-0.0476117,-0.0474923
-118.639,-0.0248839,-0.0486133,-0.0486133,-0.0484954
-118.617,-0.0236893,-0.049603,-0.049603,-0.0494866
-118.594,-0.0224889,-0.0505805,-0.0505805,-0.0504656
-118.571,-0.0212829,-0.0515456,-0.0515456,-0.0514323
-118.549,-0.0200718,-0.052498,-0.052498,-0.0523863
-118.526,-0.0188557,-0.0534375,-0.0534375,-0.0533275
-118.503,-0.017635,-0.0543639,-0.0543639,-0.0542555
-118.481,-0.0164099,-0.055277,-0.055277,-0.0551702
-118.458,-0.0151808,-0.0561764,-0.0561764,-0.0560714
-118.435,-0.013948,-0.0570621,-0.0570621,-0.0569588
-118.413,-0.0127117,-0.0579337,-0.0579337,-0.0578322
-118.39,-0.0114724,-0.0587912,-0.0587912,-0.0586915
-118.367,-0.0102302,-0.0596341,-0.0596341,-0.0595363
-118.345,-0.00898547,-0.0604625,-0.0604625,-0.0603664
-118.322,-0.00773857,-0.061276,-0.061276,-0.0611818
-118.299,-0.00648976,-0.0620744,-0.0620744,-0.0619821
-118.277,-0.00523936,-0.0628576,-0.0628576,-0.0627672
-118.254,-0.00398767,-0.0636253,-0.0636253,-0.0635369
-118.231,-0.002735,-0.0643774,-0.0643774,-0.0642909
-118.209,-0.00148166,-0.0651138,-0.0651138,-0.0650292
-118.186,-0.000227961,-0.0658341,-0.0658341,-0.0657516
-118.163,0.0010258,-0.0665382,-0.0665382,-0.0664577
-118.141,0.00227931,-0.067226,-0.067226,-0.0671476
-118.118,0.00353225,-0.0678973,-0.0678973,-0.0678209
-118.095,0.00478433,-0.0685519,-0.0685519,-0.0684776
-118.073,0.00603524,-0.0691896,-0.0691896,-0.0691175
-118.05,0.00728466,-0.0698104,-0.0698104,-0.0697404
-118.027,0.00853229,-0.070414,-0.070414,-0.0703462
-118.005,0.00977783,-0.0710004,-0.0710004,-0.0709347
-117.982,0.011021,-0.0715693,-0.0715693,-0.0715057
-117.959,0.0122614,-0.0721206,-0.0721206,-0.0720592
-117.937,0.0134988,-0.0726542,-0.0726542,-0.0725951
-117.914,0.0147329,-0.0731699,-0.0731699,-0.073113
-117.891,0.0159634,-0.0736677,-0.0736677,-0.0736131
-117.868,0.01719,-0.0741474,-0.0741474,-0.074095
-117.846,0.0184123,-0.0746088,-0.0746088,-0.0745587
-117.823,0.0196301,-0.075052,-0.075052,-0.0750042
-117.8,0.0208431,-0.0754767,-0.0754767,-0.0754312
-117.778,0.022051,-0.0758828,-0.0758828,-0.0758397
-117.755,0.0232534,-0.0762704,-0.0762704,-0.0762295
-117.732,0.0244502,-0.0766392,-0.0766392,-0.0766007
-117.71,0.0256409,-0.0769891,-0.0769891,-0.076953
-117.687,0.0268254,-0.0773202,-0.0773202,-0.0772864
-117.664,0.0280032,-0.0776322,-0.0776322,-0.0776009
-117.642,0.0291742,-0.0779252,-0.0779252,-0.0778962
-117.619,0.030338,-0.0781991,-0.0781991,-0.0781725
-117.596,0.0314944,-0.0784537,-0.0784537,-0.0784295
-117.574,0.032643,-0.0786891,-0.0786891,-0.0786673
-117.551,0.0337836,-0.0789052,-0.0789052,-0.0788858
-117.528,0.0349159,-0.0791018,-0.0791018,-0.0790849
-117.506,0.0360397,-0.0792791,-0.0792791,-0.0792645
-117.483,0.0371546,-0.0794368,-0.0794368,-0.0794247
-117.46,0.0382603,-0.0795751,-0.0795751,-0.0795654
-117.438,0.0393567,-0.0796938,-0.0796938,-0.0796866
-117.415,0.0404434,-0.0797929,-0.0797929,-0.0797882
-117.392,0.0415201,-0.0798725,-0.0798725,-0.0798701
-117.37,0.0425867,-0.0799324,-0.0799324,-0.0799325
-117.347,0.0436428,-0.0799727,-0.0799727,-0.0799752
-117.324,0.0446882,-0.0799933,-0.0799933,-0.0799983
-117.302,0.0457226,-0.0799943,-0.0799943,-0.0800018
-117.279,0.0467458,-0.0799756,-0.0799756,-0.0799855
-117.256,0.0477574,-0.0799373,-0.0799373,-0.0799497
-117.234,0.0487574,-0.0798794,-0.0798794,-0.0798942
-117.211,0.0497454,-0.0798018,-0.0798018,-0.0798191
-117.188,0.0507212,-0.0797047,-0.0797047,-0.0797244
-117.166,0.0516845,-0.0795879,-0.0795879,-0.0796101
-117.143,0.0526351,-0.0794517,-0.0794517,-0.0794762
-117.12,0.0535728,-0.0792958,-0.0792958,-0.0793229
-117.098,0.0544973,-0.0791205,-0.0791205,-0.07915
-117.075,0.0554085,-0.0789258,-0.0789258,-0.0789577
-117.052,0.056306,-0.0787117,-0.0787117,-0.078746
-117.029,0.0571897,-0.0784783,-0.0784783,-0.078515
-117.007,0.0580594,-0.0782256,-0.0782256,-0.0782647
-116.984,0.0589148,-0.0779537,-0.0779537,-0.0779951
-116.961,0.0597557,-0.0776626,-0.0776626,-0.0777064
-116.939,0.0605819,-0.0773524,-0.0773524,-0.0773987
-116.916,0.0613933,-0.0770233,-0.0770233,-0.0770719
-116.893,0.0621896,-0.0766752,-0.0766752,-0.0767262
-116.871,0.0629706,-0.0763083,-0.0763083,-0.0763616
-116.848,0.0637362,-0.0759226,-0.0759226,-0.0759783
-116.825,0.0644861,-0.0755183,-0.0755183,-0.0755763
-116.803,0.0652201,-0.0750955,-0.0750955,-0.0751558
-116.78,0.0659382,-0.0746542,-0.0746542,-0.0747168
-116.757,0.06664,-0.0741946,-0.0741946,-0.0742594
-116.735,0.0673255,-0.0737167,-0.0737167,-0.0737839
-116.712,0.0679944,-0.0732208,-0.0732208,-0.0732902
-116.689,0.0686467,-0.0727068,-0.0727068,-0.0727784
-116.667,0.069282,-0.072175,-0.072175,-0.0722489
-116.644,0.0699004,-0.0716255,-0.0716255,-0.0717015
-116.621,0.0705016,-0.0710584,-0.0710584,-0.0711366
-116.599,0.0710855,-0.0704738,-0.0704738,-0.0705542
-116.576,0.0716519,-0.0698719,-0.0698719,-0.0699544
-116.553,0.0722007,-0.0692528,-0.0692528,-0.0693375
-116.531,0.0727318,-0.0686168,-0.0686168,-0.0687036
-116.508,0.073245,-0.0679639,-0.0679639,-0.0680527
-116.485,0.0737402,-0.0672942,-0.0672942,-0.0673852
-116.463,0.0742173,-0.0666081,-0.0666081,-0.0667011
-116.44,0.0746762,-0.0659056,-0.0659056,-0.0660006
-116.417,0.0751168,-0.0651869,-0.0651869,-0.065284
-116.395,0.0755389,-0.0644522,-0.0644522,-0.0645512
-116.372,0.0759424,-0.0637017,-0.0637017,-0.0638027
-116.349,0.0763273,-0.0629355,-0.0629355,-0.0630384
-116.327,0.0766934,-0.0621538,-0.0621538,-0.0622587
-116.304,0.0770407,-0.0613569,-0.0613569,-0.0614637
-116.281,0.0773691,-0.0605449,-0.0605449,-0.0606536
-116.259,0.0776785,-0.0597181,-0.0597181,-0.0598286
-116.236,0.0779688,-0.0588766,-0.0588766,-0.0589889
-116.213,0.0782399,-0.0580206,-0.0580206,-0.0581347
-116.19,0.0784919,-0.0571504,-0.0571504,-0.0572662
-116.168,0.0787245,-0.0562661,-0.0562661,-0.0563837
-116.145,0.0789378,-0.055368,-0.055368,-0.0554873
-116.122,0.0791318,-0.0544563,-0.0544563,-0.0545773
-116.1,0.0793063,-0.0535312,-0.0535312,-0.0536539
-116.077,0.0794613,-0.052593,-0.052593,-0.0527173
-116.054,0.0795968,-0.0516419,-0.0516419,-0.0517678
-116.032,0.0797127,-0.050678,-0.050678,-0.0508055
-116.009,0.0798091,-0.0497018,-0.0497018,-0.0498308
-115.986,0.0798858,-0.0487133,-0.0487133,-0.0488438
-115.964,0.079943,-0.0477129,-0.0477129,-0.0478448
-115.941,0.0799805,-0.0467007,-0.0467007,-0.0468341
-115.918,0.0799984,-0.0456771,-0.0456771,-0.0458119
-115.896,0.0799966,-0.0446422,-0.0446422,-0.0447784
-115.873,0.0799751,-0.0435964,-0.0435964,-0.043734
-115.85,0.0799341,-0.0425398,-0.0425398,-0.0426788
-115.828,0.0798733,-0.0414729,-0.0414729,-0.0416131
-115.805,0.079793,-0.0403957,-0.0403957,-0.0405372
-115.782,0.0796931,-0.0393086,-0.0393086,-0.0394513
-115.76,0.0795736,-0.0382118,-0.0382118,-0.0383557
-115.737,0.0794345,-0.0371057,-0.0371057,-0.0372508
-115.714,0.079276,-0.0359905,-0.0359905,-0.0361366
-115.692,0.0790979,-0.0348664,-0.0348664,-0.0350136
-115.669,0.0789005,-0.0337337,-0.0337337,-0.033882
-115.646,0.0786837,-0.0325928,-0.0325928,-0.0327421
-115.624,0.0784475,-0.0314438,-0.0314438,-0.0315942
-115.601,0.0781921,-0.0302872,-0.0302872,-0.0304384
-115.578,0.0779174,-0.0291231,-0.0291231,-0.0292752
-115.556,0.0776237,-0.0279518,-0.0279518,-0.0281049
-115.533,0.0773108,-0.0267737,-0.0267737,-0.0269276
-115.51,0.076979,-0.025589,-0.025589,-0.0257437
-115.488,0.0766283,-0.024398,-0.024398,-0.0245534
-115.465,0.0762587,-0.023201,-0.023201,-0.0233572
-115.442,0.0758704,-0.0219983,-0.0219983,-0.0221552
-115.42,0.0754635,-0.0207902,-0.0207902,-0.0209478
-115.397,0.075038,-0.019577,-0.019577,-0.0197352
-115.374,0.0745941,-0.018359,-0.018359,-0.0185178
-115.351,0.0741319,-0.0171365,-0.0171365,-0.0172958
-115.329,0.0736515,-0.0159097,-0.0159097,-0.0160696
-115.306,0.073153,-0.0146791,-0.0146791,-0.0148394
-115.283,0.0726365,-0.0134449,-0.0134449,-0.0136056
-115.261,0.0721022,-0.0122073,-0.0122073,-0.0123685
-115.238,0.0715502,-0.0109668,-0.0109668,-0.0111283
-115.215,0.0709806,-0.00972354,-0.00972354,-0.00988535
-115.193,0.0703936,-0.00847789,-0.00847789,-0.00864
-115.17,0.0697892,-0.00723019,-0.00723019,-0.00739254
-115.147,0.0691678,-0.0059807,-0.0059807,-0.00614326
-115.125,0.0685293,-0.00472974,-0.00472974,-0.00489246
-115.102,0.067874,-0.00347762,-0.00347762,-0.00364047
-115.079,0.0672021,-0.00222463,-0.00222463,-0.00238759
-115.057,0.0665136,-0.000971112,-0.000971112,-0.00113411
-115.034,0.0658088,0.000282652,0.000282652,0.000119631
-115.011,0.0650878,0.00153634,0.00153634,0.00137335
-114.989,0.0643509,0.00278966,0.00278966,0.00262673
-114.966,0.0635981,0.00404229,0.00404229,0.00387946
-114.943,0.0628298,0.00529394,0.00529394,0.00513125
-114.921,0.062046,0.00654428,0.00654428,0.00638176
-114.898,0.0612469,0.00779303,0.00779303,0.00763072
-114.875,0.0604328,0.00903984,0.00903984,0.00887779
-114.853,0.0596039,0.0102845,0.0102845,0.0101227
-114.83,0.0587603,0.0115265,0.0115265,0.0113651
-114.807,0.0579023,0.0127658,0.0127658,0.0126047
-114.785,0.0570301,0.0140019,0.0140019,0.0138412
-114.762,0.0561438,0.0152346,0.0152346,0.0150744
-114.739,0.0552438,0.0164635,0.0164635,0.0163038
-114.717,0.0543302,0.0176884,0.0176884,0.0175292
-114.694,0.0534033,0.018909,0.018909,0.0187503
-114.671,0.0524632,0.0201249,0.0201249,0.0199668
-114.649,0.0515103,0.0213358,0.0213358,0.0211784
-114.626,0.0505447,0.0225415,0.0225415,0.0223848
-114.603,0.0495667,0.0237417,0.0237417,0.0235857
-114.58,0.0485765,0.0249361,0.0249361,0.0247808
-114.558,0.0475744,0.0261243,0.0261243,0.0259698
-114.535,0.0465606,0.0273061,0.0273061,0.0271524
-114.512,0.0455353,0.0284813,0.0284813,0.0283284
-114.49,0.0444989,0.0296494,0.0296494,0.0294974
-114.467,0.0434516,0.0308102,0.0308102,0.0306591
-114.444,0.0423935,0.0319635,0.0319635,0.0318133
-114.422,0.0413251,0.0331089,0.0331089,0.0329598
-114.399,0.0402465,0.0342462,0.0342462,0.0340981
-114.376,0.039158,0.0353751,0.0353751,0.035228
-114.354,0.03806,0.0364953,0.0364953,0.0363493
-114.331,0.0369525,0.0376065,0.0376065,0.0374617
-114.308,0.035836,0.0387085,0.0387085,0.0385648
-114.286,0.0347107,0.039801,0.039801,0.0396585
-114.263,0.0335769,0.0408837,0.0408837,0.0407424
-114.24,0.0324348,0.0419564,0.0419564,0.0418164
-114.218,0.0312847,0.0430187,0.0430187,0.04288
-114.195,0.030127,0.0440705,0.0440705,0.0439332
-114.172,0.0289618,0.0451115,0.0451115,0.0449755
-114.15,0.0277896,0.0461414,0.0461414,0.0460068
-114.127,0.0266105,0.04716,0.04716,0.0470268
-114.104,0.0254249,0.0481669,0.0481669,0.0480352
-114.082,0.024233,0.0491621,0.0491621,0.0490319
-114.059,0.0230352,0.0501452,0.0501452,0.0500165
-114.036,0.0218318,0.0511159,0.0511159,0.0509888
-114.014,0.0206229,0.0520741,0.0520741,0.0519485
-113.991,0.019409,0.0530196,0.0530196,0.0528956
-113.968,0.0181904,0.053952,0.053952,0.0538296
-113.946,0.0169673,0.0548711,0.0548711,0.0547504
-113.923,0.01574,0.0557768,0.0557768,0.0556578
-113.9,0.0145088,0.0566688,0.0566688,0.0565515
-113.878,0.0132741,0.0575468,0.0575468,0.0574313
-113.855,0.0120361,0.0584107,0.0584107,0.058297
-113.832,0.0107951,0.0592603,0.0592603,0.0591483
-113.81,0.00955154,0.0600954,0.0600954,0.0599852
-113.787,0.0083056,0.0609156,0.0609156,0.0608073
-113.764,0.00705762,0.0617209,0.0617209,0.0616144
-113.741,0.0058079,0.0625111,0.0625111,0.0624065
-113.719,0.00455676,0.0632858,0.0632858,0.0631832
-113.696,0.0033045,0.0640451,0.0640451,0.0639444
-113.673,0.00205143,0.0647886,0.0647886,0.0646899
-113.651,0.000797852,0.0655162,0.0655162,0.0654195
-113.628,-0.00045592,0.0662277,0.0662277,0.066133
-113.605,-0.00170958,0.066923,0.066923,0.0668303
-113.583,-0.00296282,0.0676018,0.0676018,0.0675111
-113.56,-0.00421533,0.068264,0.068264,0.0681754
-113.537,-0.00546681,0.0689094,0.0689094,0.068823
-113.515,-0.00671694,0.069538,0.069538,0.0694536
-113.492,-0.00796543,0.0701494,0.0701494,0.0700672
-113.469,-0.00921196,0.0707436,0.0707436,0.0706635
-113.447,-0.0104562,0.0713205,0.0713205,0.0712426
-113.424,-0.0116979,0.0718798,0.0718798,0.0718041
-113.401,-0.0129367,0.0724214,0.0724214,0.0723479
-113.379,-0.0141724,0.0729453,0.0729453,0.072874
-113.356,-0.0154046,0.0734513,0.0734513,0.0733822
-113.333,-0.0166329,0.0739392,0.0739392,0.0738724
-113.311,-0.0178572,0.0744089,0.0744089,0.0743444
-113.288,-0.0190771,0.0748605,0.0748605,0.0747982
-113.265,-0.0202924,0.0752935,0.0752935,0.0752336
-113.243,-0.0215026,0.0757082,0.0757082,0.0756505
-113.22,-0.0227076,0.0761042,0.0761042,0.0760489
-113.197,-0.0239069,0.0764815,0.0764815,0.0764285
-113.175,-0.0251005,0.07684,0.07684,0.0767894
-113.152,-0.0262878,0.0771797,0.0771797,0.0771314
-113.129,-0.0274687,0.0775004,0.0775004,0.0774545
-113.107,-0.0286428,0.0778021,0.0778021,0.0777585
-113.084,-0.0298099,0.0780846,0.0780846,0.0780435
-113.061,-0.0309697,0.078348,0.078348,0.0783093
-113.039,-0.0321219,0.0785922,0.0785922,0.0785558
-113.016,-0.0332662,0.078817,0.078817,0.0787831
-112.993,-0.0344023,0.0790225,0.0790225,0.078991
-112.971,-0.03553,0.0792086,0.0792086,0.0791795
-112.948,-0.0366489,0.0793752,0.0793752,0.0793485
-112.925,-0.0377588,0.0795223,0.0795223,0.0794981
-112.902,-0.0388595,0.0796499,0.0796499,0.0796281
-112.88,-0.0399506,0.079758,0.079758,0.0797386
-112.857,-0.0410319,0.0798464,0.0798464,0.0798295
-112.834,-0.0421032,0.0799153,0.0799153,0.0799007
-112.812,-0.0431641,0.0799645,0.0799645,0.0799524
-112.789,-0.0442143,0.079994,0.079994,0.0799844
-112.766,-0.0452538,0.080004,0.080004,0.0799968
-112.744,-0.0462821,0.0799942,0.0799942,0.0799895
-112.721,-0.047299,0.0799649,0.0799649,0.0799626
-112.698,-0.0483044,0.0799158,0.0799158,0.079916
-112.676,-0.0492978,0.0798472,0.0798472,0.0798498
-112.653,-0.0502792,0.0797589,0.0797589,0.079764
-112.63,-0.0512482,0.0796511,0.0796511,0.0796586
-112.608,-0.0522046,0.0795237,0.0795237,0.0795336
-112.585,-0.0531482,0.0793768,0.0793768,0.0793891
-112.562,-0.0540787,0.0792103,0.0792103,0.0792251
-112.54,-0.054996,0.0790244,0.0790244,0.0790416
-112.517,-0.0558997,0.0788191,0.0788191,0.0788387
-112.494,-0.0567897,0.0785945,0.0785945,0.0786165
-112.472,-0.0576658,0.0783505,0.0783505,0.0783749
-112.449,-0.0585277,0.0780873,0.0780873,0.0781141
-112.426,-0.0593753,0.077805,0.077805,0.0778342
-112.404,-0.0602082,0.0775035,0.0775035,0.077535
-112.381,-0.0610264,0.0771829,0.0771829,0.0772169
-112.358,-0.0618295,0.0768435,0.0768435,0.0768797
-112.336,-0.0626175,0.0764851,0.0764851,0.0765237
-112.313,-0.0633901,0.076108,0.076108,0.0761489
-112.29,-0.0641472,0.0757121,0.0757121,0.0757554
-112.268,-0.0648884,0.0752977,0.0752977,0.0753433
-112.245,-0.0656138,0.0748648,0.0748648,0.0749127
-112.222,-0.066323,0.0744135,0.0744135,0.0744637
-112.2,-0.0670159,0.0739439,0.0739439,0.0739964
-112.177,-0.0676924,0.0734562,0.0734562,0.0735109
-112.154,-0.0683523,0.0729504,0.0729504,0.0730073
-112.132,-0.0689953,0.0724267,0.0724267,0.0724858
-112.109,-0.0696214,0.0718852,0.0718852,0.0719466
-112.086,-0.0702305,0.071326,0.071326,0.0713896
-112.063,-0.0708222,0.0707494,0.0707494,0.0708151
-112.041,-0.0713966,0.0701553,0.0701553,0.0702232
-112.018,-0.0719534,0.0695441,0.0695441,0.0696141
-111.995,-0.0724926,0.0689157,0.0689157,0.0689879
-111.973,-0.0730139,0.0682704,0.0682704,0.0683447
-111.95,-0.0735174,0.0676084,0.0676084,0.0676847
-111.927,-0.0740027,0.0669297,0.0669297,0.0670081
-111.905,-0.0744699,0.0662346,0.0662346,0.0663151
-111.882,-0.0749188,0.0655233,0.0655233,0.0656057
-111.859,-0.0753493,0.0647958,0.0647958,0.0648803
-111.837,-0.0757613,0.0640525,0.0640525,0.0641389
-111.814,-0.0761547,0.0632934,0.0632934,0.0633818
-111.791,-0.0765293,0.0625188,0.0625188,0.0626091
-111.769,-0.0768852,0.0617288,0.0617288,0.061821
-111.746,-0.0772222,0.0609236,0.0609236,0.0610177
-111.723,-0.0775402,0.0601035,0.0601035,0.0601994
-111.701,-0.0778392,0.0592686,0.0592686,0.0593664
-111.678,-0.0781191,0.0584192,0.0584192,0.0585187
-111.655,-0.0783797,0.0575554,0.0575554,0.0576567
-111.633,-0.0786212,0.0566775,0.0566775,0.0567806
-111.61,-0.0788433,0.0557856,0.0557856,0.0558904
-111.587,-0.079046,0.0548801,0.0548801,0.0549866
-111.565,-0.0792294,0.0539611,0.0539611,0.0540693
-111.542,-0.0793932,0.0530288,0.0530288,0.0531386
-111.519,-0.0795376,0.0520835,0.0520835,0.052195
-111.497,-0.0796624,0.0511254,0.0511254,0.0512385
-111.474,-0.0797677,0.0501548,0.0501548,0.0502694
-111.451,-0.0798534,0.0491718,0.0491718,0.0492879
-111.429,-0.0799194,0.0481768,0.0481768,0.0482944
-111.406,-0.0799659,0.0471699,0.0471699,0.047289
-111.383,-0.0799927,0.0461515,0.0461515,0.0462719
-111.361,-0.0799998,0.0451217,0.0451217,0.0452436
-111.338,-0.0799873,0.0440808,0.0440808,0.0442041
-111.315,-0.0799552,0.0430291,0.0430291,0.0431537
-111.293,-0.0799034,0.0419669,0.0419669,0.0420927
-111.27,-0.079832,0.0408943,0.0408943,0.0410214
-111.247,-0.0797409,0.0398117,0.0398117,0.0399401
-111.224,-0.0796303,0.0387193,0.0387193,0.0388489
-111.202,-0.0795002,0.0376174,0.0376174,0.0377481
-111.179,-0.0793505,0.0365062,0.0365062,0.0366381
-111.156,-0.0791813,0.0353861,0.0353861,0.0355191
-111.134,-0.0789927,0.0342573,0.0342573,0.0343914
-111.111,-0.0787846,0.0331201,0.0331201,0.0332552
-111.088,-0.0785572,0.0319748,0.0319748,0.0321109
-111.066,-0.0783106,0.0308216,0.0308216,0.0309587
-111.043,-0.0780446,0.0296608,0.0296608,0.0297988
-111.02,-0.0777596,0.0284928,0.0284928,0.0286317
-110.998,-0.0774554,0.0273177,0.0273177,0.0274575
-110.975,-0.0771322,0.026136,0.026136,0.0262765
-110.952,-0.07679,0.0249478,0.0249478,0.0250892
-110.93,-0.076429,0.0237535,0.0237535,0.0238956
-110.907,-0.0760492,0.0225534,0.0225534,0.0226962
-110.884,-0.0756508,0.0213477,0.0213477,0.0214912
-110.862,-0.0752337,0.0201368,0.0201368,0.0202809
-110.839,-0.0747982,0.0189209,0.0189209,0.0190656
-110.816,-0.0743443,0.0177004,0.0177004,0.0178457
-110.794,-0.0738721,0.0164756,0.0164756,0.0166214
-110.771,-0.0733818,0.0152467,0.0152467,0.015393
-110.748,-0.0728735,0.014014,0.014014,0.0141608
-110.726,-0.0723473,0.012778,0.012778,0.0129251
-110.703,-0.0718033,0.0115387,0.0115387,0.0116863
-110.68,-0.0712417,0.0102967,0.0102967,0.0104446
-110.658,-0.0706625,0.00905208,0.00905208,0.00920026
-110.635,-0.0700661,0.00780529,0.00780529,0.00795372
-110.612,-0.0694524,0.00655657,0.00655657,0.00670521
-110.59,-0.0688216,0.00530624,0.00530624,0.00545508
-110.567,-0.068174,0.0040546,0.0040546,0.00420359
-110.544,-0.0675096,0.00280198,0.00280198,0.00295107
-110.522,-0.0668286,0.00154867,0.00154867,0.00169783
-110.499,-0.0661312,0.000294976,0.000294976,0.000444166
-110.476,-0.0654176,-0.000958789,-0.000958789,-0.000809605
-110.454,-0.0646878,-0.00221233,-0.00221233,-0.00206318
-110.431,-0.0639423,-0.0034653,-0.0034653,-0.00331624
-110.408,-0.063181,-0.00471744,-0.00471744,-0.0045685
-110.385,-0.0624041,-0.00596841,-0.00596841,-0.00581964
-110.363,-0.061612,-0.00721792,-0.00721792,-0.00706934
-110.34,-0.0608047,-0.00846565,-0.00846565,-0.00831731
-110.317,-0.0599825,-0.00971131,-0.00971131,-0.00956324
-110.295,-0.0591456,-0.0109546,-0.0109546,-0.0108068
-110.272,-0.0582941,-0.0121951,-0.0121951,-0.0120477
-110.249,-0.0574283,-0.0134327,-0.0134327,-0.0132857
-110.227,-0.0565484,-0.014667,-0.014667,-0.0145204
-110.204,-0.0556546,-0.0158977,-0.0158977,-0.0157515
-110.181,-0.0547471,-0.0171244,-0.0171244,-0.0169788
-110.159,-0.0538262,-0.018347,-0.018347,-0.0182019
-110.136,-0.0528921,-0.019565,-0.019565,-0.0194206
-110.113,-0.051945,-0.0207783,-0.0207783,-0.0206344
-110.091,-0.0509851,-0.0219864,-0.0219864,-0.0218432
-110.068,-0.0500127,-0.0231892,-0.0231892,-0.0230466
-110.045,-0.0490281,-0.0243862,-0.0243862,-0.0242444
-110.023,-0.0480313,-0.0255773,-0.0255773,-0.0254362
-110,-0.0470228,-0.0267621,-0.0267621,-0.0266218
-109.977,-0.0460028,-0.0279403,-0.0279403,-0.0278008
-109.955,-0.0449714,-0.0291116,-0.0291116,-0.028973
-109.932,-0.043929,-0.0302758,-0.0302758,-0.0301381
-109.909,-0.0428758,-0.0314325,-0.0314325,-0.0312958
-109.887,-0.041812,-0.0325815,-0.0325815,-0.0324458
-109.864,-0.040738,-0.0337226,-0.0337226,-0.0335878
-109.841,-0.039654,-0.0348553,-0.0348553,-0.0347216
-109.819,-0.0385603,-0.0359795,-0.0359795,-0.0358469
-109.796,-0.037457,-0.0370948,-0.0370948,-0.0369633
-109.773,-0.0363446,-0.038201,-0.038201,-0.0380707
-109.751,-0.0352233,-0.0392979,-0.0392979,-0.0391687
-109.728,-0.0340933,-0.0403851,-0.0403851,-0.0402571
-109.705,-0.0329549,-0.0414623,-0.0414623,-0.0413356
-109.683,-0.0318084,-0.0425294,-0.0425294,-0.042404
-109.66,-0.0306542,-0.043586,-0.043586,-0.043462
-109.637,-0.0294924,-0.044632,-0.044632,-0.0445093
-109.615,-0.0283233,-0.0456669,-0.0456669,-0.0455456
-109.592,-0.0271473,-0.0466907,-0.0466907,-0.0465708
-109.569,-0.0259646,-0.0477029,-0.0477029,-0.0475845
-109.546,-0.0247756,-0.0487035,-0.0487035,-0.0485865
-109.524,-0.0235804,-0.0496921,-0.0496921,-0.0495766
-109.501,-0.0223795,-0.0506685,-0.0506685,-0.0505545
-109.478,-0.0211731,-0.0516324,-0.0516324,-0.05152
-109.456,-0.0199614,-0.0525837,-0.0525837,-0.0524729
-109.433,-0.0187449,-0.0535221,-0.0535221,-0.0534129
-109.41,-0.0175238,-0.0544473,-0.0544473,-0.0543397
-109.388,-0.0162983,-0.0553591,-0.0553591,-0.0552532
-109.365,-0.0150689,-0.0562573,-0.0562573,-0.0561531
-109.342,-0.0138357,-0.0571417,-0.0571417,-0.0570393
-109.32,-0.0125992,-0.0580121,-0.0580121,-0.0579114
-109.297,-0.0113595,-0.0588682,-0.0588682,-0.0587693
-109.274,-0.0101171,-0.0597099,-0.0597099,-0.0596128
-109.252,-0.00887221,-0.0605369,-0.0605369,-0.0604416
-109.229,-0.00762511,-0.061349,-0.061349,-0.0612556
-109.206,-0.00637615,-0.0621461,-0.0621461,-0.0620546
-109.184,-0.00512562,-0.0629278,-0.0629278,-0.0628383
-109.161,-0.00387383,-0.0636942,-0.0636942,-0.0636066
-109.138,-0.00262109,-0.0644449,-0.0644449,-0.0643592
-109.116,-0.0013677,-0.0651797,-0.0651797,-0.065096
-109.093,-0.000113981,-0.0658986,-0.0658986,-0.0658169
-109.07,0.00113977,-0.0666013,-0.0666013,-0.0665216
-109.048,0.00239324,-0.0672876,-0.0672876,-0.0672099
-109.025,0.00364612,-0.0679573,-0.0679573,-0.0678818
-109.002,0.0048981,-0.0686104,-0.0686104,-0.0685369
-108.98,0.00614889,-0.0692466,-0.0692466,-0.0691753
-108.957,0.00739816,-0.0698659,-0.0698659,-0.0697966
-108.934,0.00864561,-0.0704679,-0.0704679,-0.0704009
-108.912,0.00989095,-0.0710527,-0.0710527,-0.0709878
-108.889,0.0111338,-0.07162,-0.07162,-0.0715572
-108.866,0.012374,-0.0721697,-0.0721697,-0.0721092
-108.844,0.0136111,-0.0727017,-0.0727017,-0.0726433
-108.821,0.0148449,-0.0732158,-0.0732158,-0.0731597
-108.798,0.0160751,-0.0737119,-0.0737119,-0.0736581
-108.776,0.0173013,-0.07419,-0.07419,-0.0741384
-108.753,0.0185232,-0.0746498,-0.0746498,-0.0746005
-108.73,0.0197406,-0.0750912,-0.0750912,-0.0750442
-108.707,0.0209531,-0.0755142,-0.0755142,-0.0754695
-108.685,0.0221605,-0.0759187,-0.0759187,-0.0758763
-108.662,0.0233625,-0.0763046,-0.0763046,-0.0762645
-108.639,0.0245587,-0.0766716,-0.0766716,-0.0766339
-108.617,0.0257489,-0.0770199,-0.0770199,-0.0769845
-108.594,0.0269327,-0.0773492,-0.0773492,-0.0773162
-108.571,0.02811,-0.0776596,-0.0776596,-0.0776289
-108.549,0.0292803,-0.0779509,-0.0779509,-0.0779226
-108.526,0.0304435,-0.078223,-0.078223,-0.0781971
-108.503,0.0315991,-0.0784759,-0.0784759,-0.0784524
-108.481,0.0327471,-0.0787095,-0.0787095,-0.0786884
-108.458,0.0338869,-0.0789238,-0.0789238,-0.0789051
-108.435,0.0350185,-0.0791187,-0.0791187,-0.0791025
-108.413,0.0361414,-0.0792941,-0.0792941,-0.0792804
-108.39,0.0372555,-0.0794501,-0.0794501,-0.0794388
-108.367,0.0383604,-0.0795866,-0.0795866,-0.0795777
-108.345,0.0394559,-0.0797036,-0.0797036,-0.0796971
-108.322,0.0405417,-0.0798009,-0.0798009,-0.0797968
-108.299,0.0416175,-0.0798787,-0.0798787,-0.079877
-108.277,0.0426831,-0.0799368,-0.0799368,-0.0799376
-108.254,0.0437383,-0.0799753,-0.0799753,-0.0799786
-108.231,0.0447827,-0.0799941,-0.0799941,-0.0799999
-108.209,0.0458161,-0.0799934,-0.0799934,-0.0800015
-108.186,0.0468382,-0.0799729,-0.0799729,-0.0799835
-108.163,0.0478488,-0.0799328,-0.0799328,-0.0799459
-108.141,0.0488477,-0.0798731,-0.0798731,-0.0798886
-108.118,0.0498346,-0.0797938,-0.0797938,-0.0798117
-108.095,0.0508093,-0.0796948,-0.0796948,-0.0797152
-108.073,0.0517714,-0.0795763,-0.0795763,-0.0795991
-108.05,0.0527209,-0.0794382,-0.0794382,-0.0794635
-108.027,0.0536574,-0.0792807,-0.0792807,-0.0793083
-108.005,0.0545807,-0.0791036,-0.0791036,-0.0791337
-107.982,0.0554906,-0.0789071,-0.0789071,-0.0789397
-107.959,0.0563869,-0.0786913,-0.0786913,-0.0787262
-107.937,0.0572693,-0.0784561,-0.0784561,-0.0784934
-107.914,0.0581377,-0.0782016,-0.0782016,-0.0782414
-107.891,0.0589918,-0.0779279,-0.0779279,-0.0779701
-107.868,0.0598314,-0.0776351,-0.0776351,-0.0776797
-107.846,0.0606563,-0.0773233,-0.0773233,-0.0773702
-107.823,0.0614663,-0.0769924,-0.0769924,-0.0770416
-107.8,0.0622612,-0.0766426,-0.0766426,-0.0766942
-107.778,0.0630409,-0.076274,-0.076274,-0.0763279
-107.755,0.063805,-0.0758866,-0.0758866,-0.0759429
-107.732,0.0645535,-0.0754807,-0.0754807,-0.0755393
-107.71,0.0652861,-0.0750561,-0.0750561,-0.075117
-107.687,0.0660026,-0.0746132,-0.0746132,-0.0746764
-107.664,0.066703,-0.0741519,-0.0741519,-0.0742173
-107.642,0.067387,-0.0736724,-0.0736724,-0.0737401
-107.619,0.0680544,-0.0731748,-0.0731748,-0.0732448
-107.596,0.0687051,-0.0726592,-0.0726592,-0.0727314
-107.574,0.069339,-0.0721258,-0.0721258,-0.0722002
-107.551,0.0699558,-0.0715746,-0.0715746,-0.0716513
-107.528,0.0705554,-0.0710059,-0.0710059,-0.0710847
-107.506,0.0711377,-0.0704198,-0.0704198,-0.0705008
-107.483,0.0717025,-0.0698163,-0.0698163,-0.0698995
-107.46,0.0722497,-0.0691957,-0.0691957,-0.069281
-107.438,0.0727792,-0.0685581,-0.0685581,-0.0686455
-107.415,0.0732908,-0.0679037,-0.0679037,-0.0679931
-107.392,0.0737843,-0.0672325,-0.0672325,-0.0673241
-107.37,0.0742598,-0.0665449,-0.0665449,-0.0666385
-107.347,0.074717,-0.0658409,-0.0658409,-0.0659365
-107.324,0.0751559,-0.0651208,-0.0651208,-0.0652184
-107.302,0.0755763,-0.0643846,-0.0643846,-0.0644842
-107.279,0.0759782,-0.0636326,-0.0636326,-0.0637342
-107.256,0.0763614,-0.0628651,-0.0628651,-0.0629686
-107.234,0.0767258,-0.062082,-0.062082,-0.0621874
-107.211,0.0770714,-0.0612837,-0.0612837,-0.061391
-107.188,0.077398,-0.0604704,-0.0604704,-0.0605796
-107.166,0.0777057,-0.0596422,-0.0596422,-0.0597532
-107.143,0.0779942,-0.0587994,-0.0587994,-0.0589122
-107.12,0.0782636,-0.0579421,-0.0579421,-0.0580567
-107.098,0.0785138,-0.0570706,-0.0570706,-0.0571869
-107.075,0.0787447,-0.056185,-0.056185,-0.0563031
-107.052,0.0789563,-0.0552857,-0.0552857,-0.0554055
-107.029,0.0791484,-0.0543728,-0.0543728,-0.0544943
-107.007,0.0793212,-0.0534465,-0.0534465,-0.0535697
-106.984,0.0794744,-0.0525071,-0.0525071,-0.0526319
-106.961,0.0796081,-0.0515548,-0.0515548,-0.0516812
-106.939,0.0797223,-0.0505898,-0.0505898,-0.0507178
-106.916,0.0798169,-0.0496124,-0.0496124,-0.0497419
-106.893,0.0798918,-0.0486229,-0.0486229,-0.0487539
-106.871,0.0799472,-0.0476213,-0.0476213,-0.0477538
-106.848,0.0799829,-0.0466081,-0.0466081,-0.046742
-106.825,0.079999,-0.0455835,-0.0455835,-0.0457188
-106.803,0.0799954,-0.0445476,-0.0445476,-0.0446843
-106.78,0.0799722,-0.0435008,-0.0435008,-0.0436388
-106.757,0.0799294,-0.0424433,-0.0424433,-0.0425827
-106.735,0.0798669,-0.0413754,-0.0413754,-0.041516
-106.712,0.0797847,-0.0402973,-0.0402973,-0.0404392
-106.689,0.079683,-0.0392093,-0.0392093,-0.0393525
-106.667,0.0795618,-0.0381117,-0.0381117,-0.038256
-106.644,0.0794209,-0.0370047,-0.0370047,-0.0371502
-106.621,0.0792606,-0.0358887,-0.0358887,-0.0360353
-106.599,0.0790808,-0.0347638,-0.0347638,-0.0349115
-106.576,0.0788816,-0.0336304,-0.0336304,-0.0337791
-106.553,0.078663,-0.0324887,-0.0324887,-0.0326384
-106.531,0.0784251,-0.031339,-0.031339,-0.0314898
-106.508,0.0781679,-0.0301817,-0.0301817,-0.0303333
-106.485,0.0778915,-0.0290169,-0.0290169,-0.0291695
-106.463,0.077596,-0.027845,-0.027845,-0.0279985
-106.44,0.0772814,-0.0266663,-0.0266663,-0.0268206
-106.417,0.0769479,-0.025481,-0.025481,-0.0256361
-106.395,0.0765954,-0.0242894,-0.0242894,-0.0244453
-106.372,0.0762242,-0.0230919,-0.0230919,-0.0232485
-106.349,0.0758342,-0.0218887,-0.0218887,-0.022046
-106.327,0.0754256,-0.0206802,-0.0206802,-0.0208381
-106.304,0.0749984,-0.0194665,-0.0194665,-0.0196251
-106.281,0.0745529,-0.0182481,-0.0182481,-0.0184072
-106.259,0.074089,-0.0170252,-0.0170252,-0.0171848
-106.236,0.0736069,-0.0157981,-0.0157981,-0.0159582
-106.213,0.0731068,-0.0145671,-0.0145671,-0.0147277
-106.19,0.0725887,-0.0133325,-0.0133325,-0.0134936
-106.168,0.0720528,-0.0120947,-0.0120947,-0.0122562
-106.145,0.0714991,-0.0108539,-0.0108539,-0.0110157
-106.122,0.0709279,-0.00961043,-0.00961043,-0.00977258
-106.1,0.0703393,-0.00836459,-0.00836459,-0.00852704
-106.077,0.0697334,-0.00711671,-0.00711671,-0.00727939
-106.054,0.0691104,-0.00586707,-0.00586707,-0.00602995
-106.032,0.0684704,-0.004616,-0.004616,-0.00477904
-106.009,0.0678136,-0.00336378,-0.00336378,-0.00352695
-105.986,0.0671402,-0.00211075,-0.00211075,-0.002274
-105.964,0.0664502,-0.000857184,-0.000857184,-0.0010205
-105.941,0.0657439,0.00039659,0.00039659,0.000233262
-105.918,0.0650215,0.00165027,0.00165027,0.00148697
-105.896,0.0642831,0.00290353,0.00290353,0.00274031
-105.873,0.0635289,0.00415609,0.00415609,0.00399296
-105.85,0.0627591,0.00540763,0.00540763,0.00524464
-105.828,0.0619739,0.00665783,0.00665783,0.00649504
-105.805,0.0611735,0.00790641,0.00790641,0.00774383
-105.782,0.0603581,0.00915304,0.00915304,0.00899072
-105.76,0.0595278,0.0103974,0.0103974,0.0102354
-105.737,0.0586829,0.0116393,0.0116393,0.0114776
-105.714,0.0578236,0.0128782,0.0128782,0.0127169
-105.692,0.0569501,0.0141141,0.0141141,0.0139531
-105.669,0.0560626,0.0153464,0.0153464,0.0151859
-105.646,0.0551613,0.016575,0.016575,0.016415
-105.624,0.0542465,0.0177995,0.0177995,0.01764
-105.601,0.0533183,0.0190196,0.0190196,0.0188607
-105.578,0.0523771,0.0202351,0.0202351,0.0200768
-105.556,0.051423,0.0214456,0.0214456,0.0212879
-105.533,0.0504563,0.0226508,0.0226508,0.0224938
-105.51,0.0494771,0.0238505,0.0238505,0.0236942
-105.488,0.0484859,0.0250443,0.0250443,0.0248888
-105.465,0.0474827,0.026232,0.026232,0.0260772
-105.442,0.0464678,0.0274132,0.0274132,0.0272592
-105.42,0.0454416,0.0285877,0.0285877,0.0284346
-105.397,0.0444041,0.0297552,0.0297552,0.0296029
-105.374,0.0433558,0.0309153,0.0309153,0.030764
-105.351,0.0422968,0.0320679,0.0320679,0.0319176
-105.329,0.0412275,0.0332126,0.0332126,0.0330632
-105.306,0.040148,0.0343491,0.0343491,0.0342008
-105.283,0.0390586,0.0354772,0.0354772,0.03533
-105.261,0.0379597,0.0365966,0.0365966,0.0364505
-105.238,0.0368514,0.037707,0.037707,0.037562
-105.215,0.0357341,0.0388081,0.0388081,0.0386643
-105.193,0.034608,0.0398998,0.0398998,0.0397571
-105.17,0.0334734,0.0409816,0.0409816,0.0408401
-105.147,0.0323305,0.0420533,0.0420533,0.0419131
-105.125,0.0311798,0.0431147,0.0431147,0.0429759
-105.102,0.0300214,0.0441656,0.0441656,0.044028
-105.079,0.0288556,0.0452055,0.0452055,0.0450694
-105.057,0.0276827,0.0462344,0.0462344,0.0460996
-105.034,0.026503,0.0472519,0.0472519,0.0471186
-105.011,0.0253168,0.0482579,0.0482579,0.048126
-104.989,0.0241244,0.0492519,0.0492519,0.0491215
-104.966,0.0229261,0.0502339,0.0502339,0.050105
-104.943,0.0217221,0.0512035,0.0512035,0.0510762
-104.921,0.0205128,0.0521606,0.0521606,0.0520348
-104.898,0.0192984,0.0531048,0.0531048,0.0529807
-104.875,0.0180794,0.054036,0.054036,0.0539135
-104.853,0.0168558,0.054954,0.054954,0.0548331
-104.83,0.0156282,0.0558584,0.0558584,0.0557392
-104.807,0.0143967,0.0567491,0.0567491,0.0566317
-104.785,0.0131616,0.0576259,0.0576259,0.0575102
-104.762,0.0119234,0.0584885,0.0584885,0.0583746
-104.739,0.0106822,0.0593368,0.0593368,0.0592247
-104.717,0.00943836,0.0601705,0.0601705,0.0600602
-104.694,0.00819222,0.0609894,0.0609894,0.0608809
-104.671,0.00694407,0.0617933,0.0617933,0.0616867
-104.649,0.00569422,0.0625821,0.0625821,0.0624774
-104.626,0.00444296,0.0633555,0.0633555,0.0632527
-104.603,0.00319061,0.0641133,0.0641133,0.0640125
-104.58,0.00193748,0.0648554,0.0648554,0.0647565
-104.558,0.000683876,0.0655815,0.0655815,0.0654847
-104.535,-0.000569899,0.0662916,0.0662916,0.0661967
-104.512,-0.00182353,0.0669853,0.0669853,0.0668925
-104.49,-0.00307672,0.0676626,0.0676626,0.0675719
-104.467,-0.00432915,0.0683233,0.0683233,0.0682347
-104.444,-0.00558052,0.0689672,0.0689672,0.0688806
-104.422,-0.00683051,0.0695942,0.0695942,0.0695097
-104.399,-0.00807883,0.0702041,0.0702041,0.0701217
-104.376,-0.00932517,0.0707967,0.0707967,0.0707165
-104.354,-0.0105692,0.071372,0.071372,0.071294
-104.331,-0.0118107,0.0719297,0.0719297,0.0718539
-104.308,-0.0130492,0.0724697,0.0724697,0.0723961
-104.286,-0.0142846,0.072992,0.072992,0.0729206
-104.263,-0.0155164,0.0734963,0.0734963,0.0734272
-104.24,-0.0167444,0.0739826,0.0739826,0.0739157
-104.218,-0.0179683,0.0744507,0.0744507,0.0743861
-104.195,-0.0191878,0.0749005,0.0749005,0.0748382
-104.172,-0.0204026,0.0753319,0.0753319,0.0752719
-104.15,-0.0216124,0.0757449,0.0757449,0.0756871
-104.127,-0.0228168,0.0761392,0.0761392,0.0760838
-104.104,-0.0240157,0.0765148,0.0765148,0.0764617
-104.082,-0.0252087,0.0768716,0.0768716,0.0768209
-104.059,-0.0263954,0.0772096,0.0772096,0.0771612
-104.036,-0.0275757,0.0775286,0.0775286,0.0774825
-104.014,-0.0287492,0.0778285,0.0778285,0.0777849
-103.991,-0.0299157,0.0781093,0.0781093,0.0780681
-103.968,-0.0310748,0.078371,0.078371,0.0783321
-103.946,-0.0322263,0.0786134,0.0786134,0.0785769
-103.923,-0.0333698,0.0788365,0.0788365,0.0788024
-103.9,-0.0345052,0.0790402,0.0790402,0.0790085
-103.878,-0.0356321,0.0792245,0.0792245,0.0791953
-103.855,-0.0367502,0.0793893,0.0793893,0.0793626
-103.832,-0.0378593,0.0795347,0.0795347,0.0795104
-103.81,-0.0389591,0.0796605,0.0796605,0.0796386
-103.787,-0.0400493,0.0797668,0.0797668,0.0797473
-103.764,-0.0411297,0.0798535,0.0798535,0.0798364
-103.741,-0.0422,0.0799205,0.0799205,0.0799059
-103.719,-0.04326,0.0799679,0.0799679,0.0799558
-103.696,-0.0443093,0.0799957,0.0799957,0.079986
-103.673,-0.0453477,0.0800039,0.0800039,0.0799966
-103.651,-0.046375,0.0799923,0.0799923,0.0799875
-103.628,-0.0473909,0.0799612,0.0799612,0.0799588
-103.605,-0.0483952,0.0799104,0.0799104,0.0799104
-103.583,-0.0493875,0.07984,0.07984,0.0798425
-103.56,-0.0503678,0.0797499,0.0797499,0.0797549
-103.537,-0.0513356,0.0796403,0.0796403,0.0796477
-103.515,-0.0522909,0.0795111,0.0795111,0.0795209
-103.492,-0.0532333,0.0793624,0.0793624,0.0793747
-103.469,-0.0541627,0.0791942,0.0791942,0.0792089
-103.447,-0.0550787,0.0790066,0.0790066,0.0790236
-103.424,-0.0559812,0.0787995,0.0787995,0.078819
-103.401,-0.05687,0.0785731,0.0785731,0.078595
-103.379,-0.0577448,0.0783274,0.0783274,0.0783517
-103.356,-0.0586054,0.0780624,0.0780624,0.0780891
-103.333,-0.0594516,0.0777783,0.0777783,0.0778074
-103.311,-0.0602832,0.0774751,0.0774751,0.0775066
-103.288,-0.0611,0.0771528,0.0771528,0.0771867
-103.265,-0.0619018,0.0768116,0.0768116,0.0768479
-103.243,-0.0626884,0.0764516,0.0764516,0.0764901
-103.22,-0.0634596,0.0760727,0.0760727,0.0761136
-103.197,-0.0642152,0.0756752,0.0756752,0.0757184
-103.175,-0.064955,0.0752591,0.0752591,0.0753046
-103.152,-0.0656789,0.0748245,0.0748245,0.0748723
-103.129,-0.0663867,0.0743716,0.0743716,0.0744216
-103.107,-0.0670781,0.0739003,0.0739003,0.0739527
-103.084,-0.0677531,0.0734109,0.0734109,0.0734655
-103.061,-0.0684114,0.0729035,0.0729035,0.0729604
-103.039,-0.0690529,0.0723782,0.0723782,0.0724373
-103.016,-0.0696775,0.0718351,0.0718351,0.0718964
-102.993,-0.070285,0.0712743,0.0712743,0.0713378
-102.971,-0.0708752,0.0706961,0.0706961,0.0707618
-102.948,-0.0714479,0.0701005,0.0701005,0.0701683
-102.925,-0.0720032,0.0694877,0.0694877,0.0695576
-102.902,-0.0725407,0.0688578,0.0688578,0.0689298
-102.88,-0.0730604,0.0682109,0.0682109,0.0682851
-102.857,-0.0735622,0.0675474,0.0675474,0.0676236
-102.834,-0.0740459,0.0668672,0.0668672,0.0669455
-102.812,-0.0745115,0.0661707,0.0661707,0.066251
-102.789,-0.0749587,0.0654578,0.0654578,0.0655402
-102.766,-0.0753875,0.0647289,0.0647289,0.0648133
-102.744,-0.0757978,0.0639842,0.0639842,0.0640705
-102.721,-0.0761895,0.0632236,0.0632236,0.0633119
-102.698,-0.0765625,0.0624476,0.0624476,0.0625378
-102.676,-0.0769166,0.0616562,0.0616562,0.0617483
-102.653,-0.0772519,0.0608497,0.0608497,0.0609437
-102.63,-0.0775682,0.0600282,0.0600282,0.0601241
-102.608,-0.0778654,0.059192,0.059192,0.0592897
-102.585,-0.0781436,0.0583413,0.0583413,0.0584407
-102.562,-0.0784025,0.0574762,0.0574762,0.0575774
-102.54,-0.0786422,0.056597,0.056597,0.0567
-102.517,-0.0788625,0.0557039,0.0557039,0.0558086
-102.494,-0.0790635,0.0547972,0.0547972,0.0549035
-102.472,-0.0792451,0.0538769,0.0538769,0.053985
-102.449,-0.0794072,0.0529435,0.0529435,0.0530532
-102.426,-0.0795498,0.051997,0.051997,0.0521083
-102.404,-0.0796728,0.0510378,0.0510378,0.0511507
-102.381,-0.0797763,0.050066,0.050066,0.0501804
-102.358,-0.0798602,0.0490819,0.0490819,0.0491979
-102.336,-0.0799245,0.0480858,0.0480858,0.0482033
-102.313,-0.0799691,0.0470779,0.0470779,0.0471968
-102.29,-0.0799941,0.0460584,0.0460584,0.0461787
-102.268,-0.0799995,0.0450276,0.0450276,0.0451493
-102.245,-0.0799852,0.0439857,0.0439857,0.0441088
-102.222,-0.0799513,0.042933,0.042933,0.0430575
-102.2,-0.0798977,0.0418698,0.0418698,0.0419956
-102.177,-0.0798245,0.0407963,0.0407963,0.0409234
-102.154,-0.0797317,0.0397128,0.0397128,0.0398411
-102.132,-0.0796193,0.0386196,0.0386196,0.038749
-102.109,-0.0794874,0.0375168,0.0375168,0.0376474
-102.086,-0.0793359,0.0364048,0.0364048,0.0365366
-102.063,-0.0791649,0.0352839,0.0352839,0.0354168
-102.041,-0.0789745,0.0341544,0.0341544,0.0342883
-102.018,-0.0787647,0.0330164,0.0330164,0.0331514
-101.995,-0.0785356,0.0318704,0.0318704,0.0320063
-101.973,-0.0782872,0.0307165,0.0307165,0.0308534
-101.95,-0.0780195,0.029555,0.029555,0.0296929
-101.927,-0.0777327,0.0283863,0.0283863,0.0285251
-101.905,-0.0774268,0.0272107,0.0272107,0.0273502
-101.882,-0.0771018,0.0260283,0.0260283,0.0261687
-101.859,-0.076758,0.0248396,0.0248396,0.0249808
-101.837,-0.0763953,0.0236447,0.0236447,0.0237867
-101.814,-0.0760138,0.0224441,0.0224441,0.0225867
-101.791,-0.0756136,0.0212379,0.0212379,0.0213812
-101.769,-0.0751949,0.0200266,0.0200266,0.0201705
-101.746,-0.0747577,0.0188103,0.0188103,0.0189548
-101.723,-0.0743021,0.0175894,0.0175894,0.0177345
-101.701,-0.0738283,0.0163641,0.0163641,0.0165098
-101.678,-0.0733364,0.0151349,0.0151349,0.015281
-101.655,-0.0728264,0.0139019,0.0139019,0.0140485
-101.633,-0.0722986,0.0126655,0.0126655,0.0128125
-101.61,-0.071753,0.011426,0.011426,0.0115734
-101.587,-0.0711897,0.0101837,0.0101837,0.0103314
-101.565,-0.070609,0.00893895,0.00893895,0.00908696
-101.542,-0.070011,0.00769195,0.00769195,0.00784022
-101.519,-0.0693957,0.00644307,0.00644307,0.00659157
-101.497,-0.0687634,0.0051926,0.0051926,0.00534129
-101.474,-0.0681143,0.00394088,0.00394088,0.0040897
-101.451,-0.0674483,0.00268818,0.00268818,0.00283711
-101.429,-0.0667659,0.00143482,0.00143482,0.00158382
-101.406,-0.066067,0.000181122,0.000181122,0.000330138
-101.383,-0.0653519,-0.00107265,-0.00107265,-0.000923623
-101.361,-0.0646207,-0.00232614,-0.00232614,-0.00217716
-101.338,-0.0638737,-0.00357905,-0.00357905,-0.00343017
-101.315,-0.063111,-0.00483109,-0.00483109,-0.00468233
-101.293,-0.0623327,-0.00608194,-0.00608194,-0.00593333
-101.27,-0.0615392,-0.0073313,-0.0073313,-0.00718289
-101.247,-0.0607306,-0.00857886,-0.00857886,-0.00843068
-101.224,-0.059907,-0.00982431,-0.00982431,-0.0096764
-101.202,-0.0590687,-0.0110673,-0.0110673,-0.0109197
-101.179,-0.058216,-0.0123076,-0.0123076,-0.0121604
-101.156,-0.0573489,-0.0135449,-0.0135449,-0.0133981
-101.134,-0.0564677,-0.0147789,-0.0147789,-0.0146325
-101.111,-0.0555727,-0.0160092,-0.0160092,-0.0158633
-101.088,-0.054664,-0.0172356,-0.0172356,-0.0170902
-101.066,-0.0537419,-0.0184578,-0.0184578,-0.0183129
-101.043,-0.0528066,-0.0196754,-0.0196754,-0.0195311
-101.02,-0.0518583,-0.0208882,-0.0208882,-0.0207445
-100.998,-0.0508973,-0.0220959,-0.0220959,-0.0219528
-100.975,-0.0499237,-0.0232981,-0.0232981,-0.0231557
-100.952,-0.0489379,-0.0244946,-0.0244946,-0.024353
-100.93,-0.0479401,-0.0256851,-0.0256851,-0.0255442
-100.907,-0.0469306,-0.0268693,-0.0268693,-0.0267292
-100.884,-0.0459095,-0.0280469,-0.0280469,-0.0279076
-100.862,-0.0448771,-0.0292176,-0.0292176,-0.0290792
-100.839,-0.0438337,-0.0303811,-0.0303811,-0.0302436
-100.816,-0.0427795,-0.0315372,-0.0315372,-0.0314006
-100.794,-0.0417148,-0.0326855,-0.0326855,-0.0325499
-100.771,-0.0406399,-0.0338257,-0.0338257,-0.0336912
-100.748,-0.039555,-0.0349577,-0.0349577,-0.0348242
-100.726,-0.0384604,-0.0360811,-0.0360811,-0.0359486
-100.703,-0.0373563,-0.0371956,-0.0371956,-0.0370643
-100.68,-0.0362431,-0.038301,-0.038301,-0.0381708
-100.658,-0.0351209,-0.039397,-0.039397,-0.0392679
-100.635,-0.0339901,-0.0404833,-0.0404833,-0.0403555
-100.612,-0.032851,-0.0415596,-0.0415596,-0.0414331
-100.59,-0.0317038,-0.0426257,-0.0426257,-0.0425005
-100.567,-0.0305488,-0.0436814,-0.0436814,-0.0435575
-100.544,-0.0293864,-0.0447264,-0.0447264,-0.0446038
-100.522,-0.0282167,-0.0457603,-0.0457603,-0.0456391
-100.499,-0.02704,-0.046783,-0.046783,-0.0466632
-100.476,-0.0258568,-0.0477943,-0.0477943,-0.0476759
-100.454,-0.0246672,-0.0487937,-0.0487937,-0.0486768
-100.431,-0.0234715,-0.0497812,-0.0497812,-0.0496658
-100.408,-0.02227,-0.0507565,-0.0507565,-0.0506426
-100.385,-0.0210631,-0.0517193,-0.0517193,-0.051607
-100.363,-0.019851,-0.0526694,-0.0526694,-0.0525587
-100.34,-0.0186341,-0.0536066,-0.0536066,-0.0534975
-100.317,-0.0174125,-0.0545306,-0.0545306,-0.0544231
-100.295,-0.0161867,-0.0554412,-0.0554412,-0.0553354
-100.272,-0.0149569,-0.0563381,-0.0563381,-0.0562341
-100.249,-0.0137234,-0.0572213,-0.0572213,-0.0571189
-100.227,-0.0124866,-0.0580904,-0.0580904,-0.0579898
-100.204,-0.0112467,-0.0589452,-0.0589452,-0.0588464
-100.181,-0.010004,-0.0597855,-0.0597855,-0.0596885
-100.159,-0.00875892,-0.0606112,-0.0606112,-0.060516
-100.136,-0.00751164,-0.0614219,-0.0614219,-0.0613287
-100.113,-0.00626252,-0.0622176,-0.0622176,-0.0621262
-100.091,-0.00501187,-0.062998,-0.062998,-0.0629085
-100.068,-0.00375998,-0.0637629,-0.0637629,-0.0636754
-100.045,-0.00250716,-0.0645122,-0.0645122,-0.0644266
-100.023,-0.00125374,-0.0652456,-0.0652456,-0.065162
-100,2.0392e-15,-0.065963,-0.065963,-0.0658813
-99.9773,0.00125374,-0.0666642,-0.0666642,-0.0665845
-99.9546,0.00250716,-0.067349,-0.067349,-0.0672714
-99.932,0.00375998,-0.0680172,-0.0680172,-0.0679417
-99.9093,0.00501187,-0.0686688,-0.0686688,-0.0685954
-99.8866,0.00626252,-0.0693035,-0.0693035,-0.0692322
-99.8639,0.00751164,-0.0699212,-0.0699212,-0.069852
-99.8413,0.00875892,-0.0705217,-0.0705217,-0.0704546
-99.8186,0.010004,-0.0711048,-0.0711048,-0.0710399
-99.7959,0.0112467,-0.0716705,-0.0716705,-0.0716078
-99.7732,0.0124866,-0.0722186,-0.0722186,-0.0721581
-99.7506,0.0137234,-0.072749,-0.072749,-0.0726907
-99.7279,0.0149569,-0.0732615,-0.0732615,-0.0732054
-99.7052,0.0161867,-0.073756,-0.073756,-0.0737021
-99.6825,0.0174125,-0.0742324,-0.0742324,-0.0741808
-99.6599,0.0186341,-0.0746905,-0.0746905,-0.0746412
-99.6372,0.019851,-0.0751303,-0.0751303,-0.0750833
-99.6145,0.0210631,-0.0755516,-0.0755516,-0.0755069
-99.5918,0.02227,-0.0759544,-0.0759544,-0.075912
-99.5692,0.0234715,-0.0763386,-0.0763386,-0.0762985
-99.5465,0.0246672,-0.076704,-0.076704,-0.0766662
-99.5238,0.0258568,-0.0770505,-0.0770505,-0.0770151
-99.5011,0.02704,-0.0773781,-0.0773781,-0.077345
-99.4785,0.0282167,-0.0776867,-0.0776867,-0.077656
-99.4558,0.0293864,-0.0779762,-0.0779762,-0.0779479
-99.4331,0.0305488,-0.0782466,-0.0782466,-0.0782207
-99.4104,0.0317038,-0.0784978,-0.0784978,-0.0784742
-99.3878,0.032851,-0.0787296,-0.0787296,-0.0787085
-99.3651,0.0339901,-0.0789422,-0.0789422,-0.0789234
-99.3424,0.0351209,-0.0791353,-0.0791353,-0.079119
-99.3197,0.0362431,-0.079309,-0.079309,-0.0792951
-99.2971,0.0373563,-0.0794632,-0.0794632,-0.0794517
-99.2744,0.0384604,-0.0795979,-0.0795979,-0.0795889
-99.2517,0.039555,-0.0797131,-0.0797131,-0.0797064
-99.229,0.0406399,-0.0798087,-0.0798087,-0.0798044
-99.2063,0.0417148,-0.0798846,-0.0798846,-0.0798829
-99.1837,0.0427795,-0.079941,-0.079941,-0.0799416
-99.161,0.0438337,-0.0799777,-0.0799777,-0.0799808
-99.1383,0.0448771,-0.0799947,-0.0799947,-0.0800003
-99.1156,0.0459095,-0.0799922,-0.0799922,-0.0800002
-99.093,0.0469306,-0.0799699,-0.0799699,-0.0799804
-99.0703,0.0479401,-0.0799281,-0.0799281,-0.0799409
-99.0476,0.0489379,-0.0798666,-0.0798666,-0.0798819
-99.0249,0.0499237,-0.0797854,-0.0797854,-0.0798032
-99.0023,0.0508973,-0.0796847,-0.0796847,-0.0797049
-98.9796,0.0518583,-0.0795644,-0.0795644,-0.079587
-98.9569,0.0528066,-0.0794246,-0.0794246,-0.0794496
-98.9342,0.0537419,-0.0792653,-0.0792653,-0.0792927
-98.9116,0.054664,-0.0790864,-0.0790864,-0.0791163
-98.8889,0.0555727,-0.0788882,-0.0788882,-0.0789204
-98.8662,0.0564677,-0.0786706,-0.0786706,-0.0787052
-98.8435,0.0573489,-0.0784336,-0.0784336,-0.0784707
-98.8209,0.058216,-0.0781774,-0.0781774,-0.0782169
-98.7982,0.0590687,-0.077902,-0.077902,-0.0779438
-98.7755,0.059907,-0.0776075,-0.0776075,-0.0776517
-98.7528,0.0607306,-0.0772939,-0.0772939,-0.0773404
-98.7302,0.0615392,-0.0769613,-0.0769613,-0.0770102
-98.7075,0.0623327,-0.0766098,-0.0766098,-0.076661
-98.6848,0.063111,-0.0762394,-0.0762394,-0.076293
-98.6621,0.0638737,-0.0758504,-0.0758504,-0.0759063
-98.6395,0.0646207,-0.0754427,-0.0754427,-0.0755009
-98.6168,0.0653519,-0.0750165,-0.0750165,-0.075077
-98.5941,0.066067,-0.0745719,-0.0745719,-0.0746347
-98.5714,0.0667659,-0.0741089,-0.0741089,-0.074174
-98.5488,0.0674483,-0.0736278,-0.0736278,-0.0736951
-98.5261,0.0681143,-0.0731285,-0.0731285,-0.0731981
-98.5034,0.0687634,-0.0726113,-0.0726113,-0.0726831
-98.4807,0.0693957,-0.0720763,-0.0720763,-0.0721503
-98.458,0.070011,-0.0715236,-0.0715236,-0.0715997
-98.4354,0.070609,-0.0709533,-0.0709533,-0.0710316
-98.4127,0.0711897,-0.0703655,-0.0703655,-0.070446
-98.39,0.071753,-0.0697605,-0.0697605,-0.0698431
-98.3673,0.0722986,-0.0691383,-0.0691383,-0.0692231
-98.3447,0.0728264,-0.0684992,-0.0684992,-0.0685861
-98.322,0.0733364,-0.0678432,-0.0678432,-0.0679322
-98.2993,0.0738283,-0.0671706,-0.0671706,-0.0672616
-98.2766,0.0743021,-0.0664815,-0.0664815,-0.0665745
-98.254,0.0747577,-0.065776,-0.065776,-0.0658711
-98.2313,0.0751949,-0.0650544,-0.0650544,-0.0651515
-98.2086,0.0756136,-0.0643168,-0.0643168,-0.0644158
-98.1859,0.0760138,-0.0635634,-0.0635634,-0.0636644
-98.1633,0.0763953,-0.0627944,-0.0627944,-0.0628973
-98.1406,0.076758,-0.06201,-0.06201,-0.0621148
-98.1179,0.0771018,-0.0612103,-0.0612103,-0.061317
-98.0952,0.0774268,-0.0603956,-0.0603956,-0.0605042
-98.0726,0.0777327,-0.0595661,-0.0595661,-0.0596765
-98.0499,0.0780195,-0.0587219,-0.0587219,-0.0588341
-98.0272,0.0782872,-0.0578634,-0.0578634,-0.0579773
-98.0045,0.0785356,-0.0569906,-0.0569906,-0.0571062
-97.9819,0.0787647,-0.0561038,-0.0561038,-0.0562212
-97.9592,0.0789745,-0.0552032,-0.0552032,-0.0553223
-97.9365,0.0791649,-0.0542891,-0.0542891,-0.0544098
-97.9138,0.0793359,-0.0533616,-0.0533616,-0.053484
-97.8912,0.0794874,-0.052421,-0.052421,-0.052545
-97.8685,0.0796193,-0.0514675,-0.0514675,-0.0515931
-97.8458,0.0797317,-0.0505014,-0.0505014,-0.0506286
-97.8231,0.0798245,-0.0495229,-0.0495229,-0.0496516
-97.8005,0.0798977,-0.0485322,-0.0485322,-0.0486624
-97.7778,0.0799513,-0.0475297,-0.0475297,-0.0476613
-97.7551,0.0799852,-0.0465154,-0.0465154,-0.0466485
-97.7324,0.0799995,-0.0454897,-0.0454897,-0.0456242
-97.7098,0.0799941,-0.0444528,-0.0444528,-0.0445887
-97.6871,0.0799691,-0.043405,-0.043405,-0.0435422
-97.6644,0.0799245,-0.0423466,-0.0423466,-0.0424851
-97.6417,0.0798602,-0.0412777,-0.0412777,-0.0414175
-97.619,0.0797763,-0.0401988,-0.0401988,-0.0403398
-97.5964,0.0796728,-0.0391099,-0.0391099,-0.0392521
-97.5737,0.0795498,-0.0380114,-0.0380114,-0.0381548
-97.551,0.0794072,-0.0369036,-0.0369036,-0.0370481
-97.5283,0.0792451,-0.0357867,-0.0357867,-0.0359324
-97.5057,0.0790635,-0.0346611,-0.0346611,-0.0348078
-97.483,0.0788625,-0.0335269,-0.0335269,-0.0336746
-97.4603,0.0786422,-0.0323845,-0.0323845,-0.0325332
-97.4376,0.0784025,-0.0312341,-0.0312341,-0.0313838
-97.415,0.0781436,-0.0300761,-0.0300761,-0.0302267
-97.3923,0.0778654,-0.0289106,-0.0289106,-0.0290622
-97.3696,0.0775682,-0.0277381,-0.0277381,-0.0278905
-97.3469,0.0772519,-0.0265588,-0.0265588,-0.026712
-97.3243,0.0769166,-0.0253729,-0.0253729,-0.0255269
-97.3016,0.0765625,-0.0241808,-0.0241808,-0.0243356
-97.2789,0.0761895,-0.0229827,-0.0229827,-0.0231382
-97.2562,0.0757978,-0.0217791,-0.0217791,-0.0219352
-97.2336,0.0753875,-0.02057,-0.02057,-0.0207268
-97.2109,0.0749587,-0.0193559,-0.0193559,-0.0195133
-97.1882,0.0745115,-0.0181371,-0.0181371,-0.018295
-97.1655,0.0740459,-0.0169138,-0.0169138,-0.0170723
-97.1429,0.0735622,-0.0156863,-0.0156863,-0.0158453
-97.1202,0.0730604,-0.014455,-0.014455,-0.0146144
-97.0975,0.0725407,-0.0132201,-0.0132201,-0.01338
-97.0748,0.0720032,-0.011982,-0.011982,-0.0121423
-97.0522,0.0714479,-0.010741,-0.010741,-0.0109015
-97.0295,0.0708752,-0.00949727,-0.00949727,-0.00965816
-97.0068,0.070285,-0.00825124,-0.00825124,-0.00841239
-96.9841,0.0696775,-0.00700319,-0.00700319,-0.00716456
-96.9615,0.0690529,-0.00575341,-0.00575341,-0.00591497
-96.9388,0.0684114,-0.00450221,-0.00450221,-0.00466394
-96.9161,0.0677531,-0.00324992,-0.00324992,-0.00341175
-96.8934,0.0670781,-0.00199682,-0.00199682,-0.00215872
-96.8707,0.0663867,-0.000743234,-0.000743234,-0.000905166
-96.8481,0.0656789,0.000510532,0.000510532,0.000348609
-96.8254,0.064955,0.00176419,0.00176419,0.0016023
-96.8027,0.0642152,0.0030174,0.0030174,0.00285559
-96.78,0.0634596,0.00426988,0.00426988,0.00410818
-96.7574,0.0626884,0.0055213,0.0055213,0.00535976
-96.7347,0.0619018,0.00677137,0.00677137,0.00661003
-96.712,0.0611,0.00801978,0.00801978,0.00785867
-96.6893,0.0602832,0.00926622,0.00926622,0.00910538
-96.6667,0.0594516,0.0105104,0.0105104,0.0103499
-96.644,0.0586054,0.011752,0.011752,0.0115918
-96.6213,0.0577448,0.0129907,0.0129907,0.0128309
-96.5986,0.05687,0.0142262,0.0142262,0.0140668
-96.576,0.0559812,0.0154582,0.0154582,0.0152993
-96.5533,0.0550787,0.0166864,0.0166864,0.016528
-96.5306,0.0541627,0.0179105,0.0179105,0.0177527
-96.5079,0.0532333,0.0191303,0.0191303,0.018973
-96.4853,0.0522909,0.0203453,0.0203453,0.0201886
-96.4626,0.0513356,0.0215553,0.0215553,0.0213993
-96.4399,0.0503678,0.0227601,0.0227601,0.0226047
-96.4172,0.0493875,0.0239592,0.0239592,0.0238046
-96.3946,0.0483952,0.0251525,0.0251525,0.0249986
-96.3719,0.0473909,0.0263396,0.0263396,0.0261865
-96.3492,0.046375,0.0275202,0.0275202,0.0273679
-96.3265,0.0453477,0.028694,0.028694,0.0285427
-96.3039,0.0443093,0.0298609,0.0298609,0.0297104
-96.2812,0.04326,0.0310203,0.0310203,0.0308708
-96.2585,0.0422,0.0321722,0.0321722,0.0320236
-96.2358,0.0411297,0.0333161,0.0333161,0.0331686
-96.2132,0.0400493,0.0344519,0.0344519,0.0343054
-96.1905,0.0389591,0.0355792,0.0355792,0.0354338
-96.1678,0.0378593,0.0366978,0.0366978,0.0365535
-96.1451,0.0367502,0.0378074,0.0378074,0.0376642
-96.1224,0.0356321,0.0389077,0.0389077,0.0387657
-96.0998,0.0345052,0.0399984,0.0399984,0.0398576
-96.0771,0.0333698,0.0410793,0.0410793,0.0409398
-96.0544,0.0322263,0.0421501,0.0421501,0.0420119
-96.0317,0.0310748,0.0432106,0.0432106,0.0430736
-96.0091,0.0299157,0.0442604,0.0442604,0.0441248
-95.9864,0.0287492,0.0452994,0.0452994,0.0451652
-95.9637,0.0275757,0.0463273,0.0463273,0.0461945
-95.941,0.0263954,0.0473437,0.0473437,0.0472124
-95.9184,0.0252087,0.0483486,0.0483486,0.0482187
-95.8957,0.0240157,0.0493416,0.0493416,0.0492132
-95.873,0.0228168,0.0503224,0.0503224,0.0501956
-95.8503,0.0216124,0.0512909,0.0512909,0.0511656
-95.8277,0.0204026,0.0522468,0.0522468,0.0521231
-95.805,0.0191878,0.0531899,0.0531899,0.0530678
-95.7823,0.0179683,0.0541199,0.0541199,0.0539995
-95.7596,0.0167444,0.0550366,0.0550366,0.0549178
-95.737,0.0155164,0.0559398,0.0559398,0.0558227
-95.7143,0.0142846,0.0568293,0.0568293,0.0567139
-95.6916,0.0130492,0.0577048,0.0577048,0.0575912
-95.6689,0.0118107,0.0585661,0.0585661,0.0584543
-95.6463,0.0105692,0.059413,0.059413,0.0593031
-95.6236,0.00932517,0.0602454,0.0602454,0.0601372
-95.6009,0.00807883,0.0610629,0.0610629,0.0609567
-95.5782,0.00683051,0.0618655,0.0618655,0.0617611
-95.5556,0.00558052,0.0626529,0.0626529,0.0625504
-95.5329,0.00432915,0.0634248,0.0634248,0.0633243
-95.5102,0.00307672,0.0641812,0.0641812,0.0640827
-95.4875,0.00182353,0.0649218,0.0649218,0.0648253
-95.4649,0.000569899,0.0656465,0.0656465,0.065552
-95.4422,-0.000683876,0.0663551,0.0663551,0.0662626
-95.4195,-0.00193748,0.0670474,0.0670474,0.0669569
-95.3968,-0.00319061,0.0677232,0.0677232,0.0676348
-95.3741,-0.00444296,0.0683824,0.0683824,0.068296
-95.3515,-0.00569422,0.0690247,0.0690247,0.0689405
-95.3288,-0.00694407,0.0696501,0.0696501,0.0695681
-95.3061,-0.00819222,0.0702585,0.0702585,0.0701785
-95.2834,-0.00943836,0.0708495,0.0708495,0.0707717
-95.2608,-0.0106822,0.0714232,0.0714232,0.0713476
-95.2381,-0.0119234,0.0719793,0.0719793,0.0719059
-95.2154,-0.0131616,0.0725177,0.0725177,0.0724466
-95.1927,-0.0143967,0.0730384,0.0730384,0.0729694
-95.1701,-0.0156282,0.0735411,0.0735411,0.0734744
-95.1474,-0.0168558,0.0740257,0.0740257,0.0739613
-95.1247,-0.0180794,0.0744921,0.0744921,0.07443
-95.102,-0.0192984,0.0749403,0.0749403,0.0748805
-95.0794,-0.0205128,0.07537,0.07537,0.0753125
-95.0567,-0.0217221,0.0757813,0.0757813,0.075726
-95.034,-0.0229261,0.0761739,0.0761739,0.076121
-95.0113,-0.0241244,0.0765478,0.0765478,0.0764973
-94.9887,-0.0253168,0.0769029,0.0769029,0.0768547
-94.966,-0.026503,0.0772391,0.0772391,0.0771933
-94.9433,-0.0276827,0.0775564,0.0775564,0.077513
-94.9206,-0.0288556,0.0778546,0.0778546,0.0778136
-94.898,-0.0300214,0.0781337,0.0781337,0.078095
-94.8753,-0.0311798,0.0783935,0.0783935,0.0783573
-94.8526,-0.0323305,0.0786342,0.0786342,0.0786004
-94.8299,-0.0334734,0.0788555,0.0788555,0.0788241
-94.8073,-0.034608,0.0790575,0.0790575,0.0790285
-94.7846,-0.0357341,0.07924,0.07924,0.0792135
-94.7619,-0.0368514,0.0794031,0.0794031,0.079379
-94.7392,-0.0379597,0.0795467,0.0795467,0.079525
-94.7166,-0.0390586,0.0796707,0.0796707,0.0796515
-94.6939,-0.040148,0.0797752,0.0797752,0.0797584
-94.6712,-0.0412275,0.0798601,0.0798601,0.0798458
-94.6485,-0.0422968,0.0799253,0.0799253,0.0799135
-94.6259,-0.0433558,0.079971,0.079971,0.0799616
-94.6032,-0.0444041,0.079997,0.079997,0.07999
-94.5805,-0.0454416,0.0800033,0.0800033,0.0799988
-94.5578,-0.0464678,0.07999,0.07999,0.079988
-94.5351,-0.0474827,0.0799571,0.0799571,0.0799575
-94.5125,-0.0484859,0.0799045,0.0799045,0.0799074
-94.4898,-0.0494771,0.0798323,0.0798323,0.0798376
-94.4671,-0.0504563,0.0797404,0.0797404,0.0797482
-94.4444,-0.051423,0.079629,0.079629,0.0796393
-94.4218,-0.0523771,0.0794981,0.0794981,0.0795108
-94.3991,-0.0533183,0.0793476,0.0793476,0.0793627
-94.3764,-0.0542465,0.0791776,0.0791776,0.0791952
-94.3537,-0.0551613,0.0789882,0.0789882,0.0790082
-94.3311,-0.0560626,0.0787794,0.0787794,0.0788018
-94.3084,-0.0569501,0.0785512,0.0785512,0.0785761
-94.2857,-0.0578236,0.0783037,0.0783037,0.078331
-94.263,-0.0586829,0.0780371,0.0780371,0.0780667
-94.2404,-0.0595278,0.0777512,0.0777512,0.0777832
-94.2177,-0.0603581,0.0774462,0.0774462,0.0774807
-94.195,-0.0611735,0.0771223,0.0771223,0.0771591
-94.1723,-0.0619739,0.0767793,0.0767793,0.0768185
-94.1497,-0.0627591,0.0764176,0.0764176,0.0764591
-94.127,-0.0635289,0.076037,0.076037,0.0760809
-94.1043,-0.0642831,0.0756378,0.0756378,0.075684
-94.0816,-0.0650215,0.07522,0.07522,0.0752685
-94.059,-0.0657439,0.0747837,0.0747837,0.0748346
-94.0363,-0.0664502,0.0743291,0.0743291,0.0743822
-94.0136,-0.0671402,0.0738562,0.0738562,0.0739116
-93.9909,-0.0678136,0.0733651,0.0733651,0.0734228
-93.9683,-0.0684704,0.0728561,0.0728561,0.072916
-93.9456,-0.0691104,0.0723291,0.0723291,0.0723913
-93.9229,-0.0697334,0.0717844,0.0717844,0.0718488
-93.9002,-0.0703393,0.0712221,0.0712221,0.0712887
-93.8776,-0.0709279,0.0706423,0.0706423,0.070711
-93.8549,-0.0714991,0.0700451,0.0700451,0.070116
-93.8322,-0.0720528,0.0694307,0.0694307,0.0695038
-93.8095,-0.0725887,0.0687992,0.0687992,0.0688744
-93.7868,-0.0731068,0.0681509,0.0681509,0.0682282
-93.7642,-0.0736069,0.0674858,0.0674858,0.0675652
-93.7415,-0.074089,0.0668042,0.0668042,0.0668856
-93.7188,-0.0745529,0.0661061,0.0661061,0.0661896
-93.6961,-0.0749984,0.0653918,0.0653918,0.0654774
-93.6735,-0.0754256,0.0646615,0.0646615,0.064749
-93.6508,-0.0758342,0.0639152,0.0639152,0.0640047
-93.6281,-0.0762242,0.0631533,0.0631533,0.0632448
-93.6054,-0.0765954,0.0623758,0.0623758,0.0624693
-93.5828,-0.0769479,0.0615831,0.0615831,0.0616784
-93.5601,-0.0772814,0.0607752,0.0607752,0.0608724
-93.5374,-0.077596,0.0599524,0.0599524,0.0600514
-93.5147,-0.0778915,0.0591148,0.0591148,0.0592157
-93.4921,-0.0781679,0.0582628,0.0582628,0.0583655
-93.4694,-0.0784251,0.0573964,0.0573964,0.0575009
-93.4467,-0.078663,0.0565159,0.0565159,0.0566222
-93.424,-0.0788816,0.0556216,0.0556216,0.0557296
-93.4014,-0.0790808,0.0547136,0.0547136,0.0548233
-93.3787,-0.0792606,0.0537921,0.0537921,0.0539035
-93.356,-0.0794209,0.0528575,0.0528575,0.0529705
-93.3333,-0.0795618,0.0519098,0.0519098,0.0520245
-93.3107,-0.079683,0.0509495,0.0509495,0.0510657
-93.288,-0.0797847,0.0499765,0.0499765,0.0500943
-93.2653,-0.0798669,0.0489914,0.0489914,0.0491107
-93.2426,-0.0799294,0.0479942,0.0479942,0.048115
-93.22,-0.0799722,0.0469852,0.0469852,0.0471074
-93.1973,-0.0799954,0.0459646,0.0459646,0.0460883
-93.1746,-0.079999,0.0449328,0.0449328,0.0450579
-93.1519,-0.0799829,0.04389,0.04389,0.0440164
-93.1293,-0.0799472,0.0428363,0.0428363,0.0429641
-93.1066,-0.0798918,0.0417722,0.0417722,0.0419013
-93.0839,-0.0798169,0.0406977,0.0406977,0.0408281
-93.0612,-0.0797223,0.0396133,0.0396133,0.039745
-93.0385,-0.0796081,0.0385192,0.0385192,0.038652
-93.0159,-0.0794744,0.0374156,0.0374156,0.0375496
-92.9932,-0.0793212,0.0363028,0.0363028,0.036438
-92.9705,-0.0791484,0.0351811,0.0351811,0.0353174
-92.9478,-0.0789563,0.0340507,0.0340507,0.0341881
-92.9252,-0.0787447,0.032912,0.032912,0.0330504
-92.9025,-0.0785138,0.0317652,0.0317652,0.0319046
-92.8798,-0.0782636,0.0306106,0.0306106,0.030751
-92.8571,-0.0779942,0.0294485,0.0294485,0.0295898
-92.8345,-0.0777057,0.0282792,0.0282792,0.0284214
-92.8118,-0.077398,0.0271029,0.0271029,0.027246
-92.7891,-0.0770714,0.02592,0.02592,0.0260638
-92.7664,-0.0767258,0.0247307,0.0247307,0.0248753
-92.7438,-0.0763614,0.0235353,0.0235353,0.0236807
-92.7211,-0.0759782,0.0223341,0.0223341,0.0224802
-92.6984,-0.0755763,0.0211275,0.0211275,0.0212743
-92.6757,-0.0751559,0.0199156,0.0199156,0.0200631
-92.6531,-0.074717,0.0186989,0.0186989,0.018847
-92.6304,-0.0742598,0.0174776,0.0174776,0.0176262
-92.6077,-0.0737843,0.016252,0.016252,0.0164011
-92.585,-0.0732908,0.0150224,0.0150224,0.015172
-92.5624,-0.0727792,0.0137891,0.0137891,0.0139392
-92.5397,-0.0722497,0.0125524,0.0125524,0.0127029
-92.517,-0.0717025,0.0113126,0.0113126,0.0114635
-92.4943,-0.0711377,0.0100701,0.0100701,0.0102214
-92.4717,-0.0705554,0.00882508,0.00882508,0.00897664
-92.449,-0.0699558,0.0075779,0.0075779,0.00772974
-92.4263,-0.069339,0.00632887,0.00632887,0.00648093
-92.4036,-0.0687051,0.00507829,0.00507829,0.00523053
-92.381,-0.0680544,0.00382644,0.00382644,0.00397885
-92.3583,-0.067387,0.00257366,0.00257366,0.00272618
-92.3356,-0.066703,0.00132026,0.00132026,0.00147285
-92.3129,-0.0660026,6.65196e-05,6.65196e-05,0.000219153
-92.2902,-0.0652861,-0.00118723,-0.00118723,-0.0010346
-92.2676,-0.0645535,-0.00244067,-0.00244067,-0.00228809
-92.2449,-0.063805,-0.00369352,-0.00369352,-0.00354102
-92.2222,-0.0630409,-0.00494547,-0.00494547,-0.00479308
-92.1995,-0.0622612,-0.0061962,-0.0061962,-0.00604397
-92.1769,-0.0614663,-0.00744541,-0.00744541,-0.00729337
-92.1542,-0.0606563,-0.00869278,-0.00869278,-0.00854098
-92.1315,-0.0598314,-0.00993803,-0.00993803,-0.00978649
-92.1088,-0.0589918,-0.0111808,-0.0111808,-0.0110296
-92.0862,-0.0581377,-0.0124209,-0.0124209,-0.01227
-92.0635,-0.0572693,-0.0136579,-0.0136579,-0.0135074
-92.0408,-0.0563869,-0.0148915,-0.0148915,-0.0147414
-92.0181,-0.0554906,-0.0161215,-0.0161215,-0.0159719
-91.9955,-0.0545807,-0.0173476,-0.0173476,-0.0171984
-91.9728,-0.0536574,-0.0185693,-0.0185693,-0.0184207
-91.9501,-0.0527209,-0.0197865,-0.0197865,-0.0196385
-91.9274,-0.0517714,-0.0209989,-0.0209989,-0.0208514
-91.9048,-0.0508093,-0.022206,-0.022206,-0.0220593
-91.8821,-0.0498346,-0.0234078,-0.0234078,-0.0232617
-91.8594,-0.0488477,-0.0246037,-0.0246037,-0.0244584
-91.8367,-0.0478488,-0.0257937,-0.0257937,-0.0256491
-91.8141,-0.0468382,-0.0269773,-0.0269773,-0.0268335
-91.7914,-0.0458161,-0.0281543,-0.0281543,-0.0280113
-91.7687,-0.0447827,-0.0293243,-0.0293243,-0.0291822
-91.746,-0.0437383,-0.0304872,-0.0304872,-0.0303459
-91.7234,-0.0426831,-0.0316425,-0.0316425,-0.0315022
-91.7007,-0.0416175,-0.0327901,-0.0327901,-0.0326508
-91.678,-0.0405417,-0.0339296,-0.0339296,-0.0337913
-91.6553,-0.0394559,-0.0350608,-0.0350608,-0.0349236
-91.6327,-0.0383604,-0.0361835,-0.0361835,-0.0360472
-91.61,-0.0372555,-0.0372971,-0.0372971,-0.0371621
-91.5873,-0.0361414,-0.0384017,-0.0384017,-0.0382677
-91.5646,-0.0350185,-0.0394968,-0.0394968,-0.039364
-91.542,-0.0338869,-0.0405822,-0.0405822,-0.0404506
-91.5193,-0.0327471,-0.0416576,-0.0416576,-0.0415273
-91.4966,-0.0315991,-0.0427228,-0.0427228,-0.0425938
-91.4739,-0.0304435,-0.0437776,-0.0437776,-0.0436498
-91.4512,-0.0292803,-0.0448215,-0.0448215,-0.0446951
-91.4286,-0.02811,-0.0458544,-0.0458544,-0.0457294
-91.4059,-0.0269327,-0.0468761,-0.0468761,-0.0467525
-91.3832,-0.0257489,-0.0478863,-0.0478863,-0.0477641
-91.3605,-0.0245587,-0.0488847,-0.0488847,-0.048764
-91.3379,-0.0233625,-0.0498711,-0.0498711,-0.0497519
-91.3152,-0.0221605,-0.0508453,-0.0508453,-0.0507275
-91.2925,-0.0209531,-0.0518069,-0.0518069,-0.0516907
-91.2698,-0.0197406,-0.0527559,-0.0527559,-0.0526413
-91.2472,-0.0185232,-0.0536918,-0.0536918,-0.0535788
-91.2245,-0.0173013,-0.0546146,-0.0546146,-0.0545033
-91.2018,-0.0160751,-0.055524,-0.055524,-0.0554143
-91.1791,-0.0148449,-0.0564197,-0.0564197,-0.0563117
-91.1565,-0.0136111,-0.0573016,-0.0573016,-0.0571953
-91.1338,-0.012374,-0.0581694,-0.0581694,-0.0580649
-91.1111,-0.0111338,-0.0590229,-0.0590229,-0.0589202
-91.0884,-0.00989095,-0.0598619,-0.0598619,-0.059761
-91.0658,-0.00864561,-0.0606862,-0.0606862,-0.0605871
-91.0431,-0.00739816,-0.0614956,-0.0614956,-0.0613984
-91.0204,-0.00614889,-0.0622899,-0.0622899,-0.0621946
-90.9977,-0.0048981,-0.0630689,-0.0630689,-0.0629755
-90.9751,-0.00364612,-0.0638324,-0.0638324,-0.0637409
-90.9524,-0.00239324,-0.0645803,-0.0645803,-0.0644907
-90.9297,-0.00113977,-0.0653122,-0.0653122,-0.0652246
-90.907,0.000113981,-0.0660281,-0.0660281,-0.0659425
-90.8844,0.0013677,-0.0667278,-0.0667278,-0.0666442
-90.8617,0.00262109,-0.0674111,-0.0674111,-0.0673296
-90.839,0.00387383,-0.0680779,-0.0680779,-0.0679984
-90.8163,0.00512562,-0.0687279,-0.0687279,-0.0686505
-90.7937,0.00637615,-0.0693611,-0.0693611,-0.0692858
-90.771,0.00762511,-0.0699772,-0.0699772,-0.069904
-90.7483,0.00887221,-0.0705761,-0.0705761,-0.0705051
-90.7256,0.0101171,-0.0711577,-0.0711577,-0.0710888
-90.7029,0.0113595,-0.0717218,-0.0717218,-0.0716551
-90.6803,0.0125992,-0.0722683,-0.0722683,-0.0722037
-90.6576,0.0138357,-0.0727971,-0.0727971,-0.0727347
-90.6349,0.0150689,-0.0733079,-0.0733079,-0.0732478
-90.6122,0.0162983,-0.0738008,-0.0738008,-0.0737429
-90.5896,0.0175238,-0.0742755,-0.0742755,-0.0742199
-90.5669,0.0187449,-0.074732,-0.074732,-0.0746786
-90.5442,0.0199614,-0.0751701,-0.0751701,-0.075119
-90.5215,0.0211731,-0.0755898,-0.0755898,-0.075541
-90.4989,0.0223795,-0.0759909,-0.0759909,-0.0759444
-90.4762,0.0235804,-0.0763733,-0.0763733,-0.0763291
-90.4535,0.0247756,-0.076737,-0.076737,-0.0766951
-90.4308,0.0259646,-0.0770818,-0.0770818,-0.0770423
-90.4082,0.0271473,-0.0774077,-0.0774077,-0.0773705
-90.3855,0.0283233,-0.0777146,-0.0777146,-0.0776798
-90.3628,0.0294924,-0.0780024,-0.0780024,-0.0779699
-90.3401,0.0306542,-0.078271,-0.078271,-0.0782409
-90.3175,0.0318084,-0.0785204,-0.0785204,-0.0784927
-90.2948,0.0329549,-0.0787505,-0.0787505,-0.0787252
-90.2721,0.0340933,-0.0789613,-0.0789613,-0.0789384
-90.2494,0.0352233,-0.0791527,-0.0791527,-0.0791322
-90.2268,0.0363446,-0.0793246,-0.0793246,-0.0793065
-90.2041,0.037457,-0.079477,-0.079477,-0.0794614
-90.1814,0.0385603,-0.07961,-0.07961,-0.0795967
-90.1587,0.039654,-0.0797234,-0.0797234,-0.0797125
-90.1361,0.040738,-0.0798172,-0.0798172,-0.0798087
-90.1134,0.041812,-0.0798913,-0.0798913,-0.0798853
-90.0907,0.0428758,-0.0799459,-0.0799459,-0.0799424
-90.068,0.043929,-0.0799808,-0.0799808,-0.0799797
-90.0454,0.0449714,-0.0799961,-0.0799961,-0.0799974
-90.0227,0.0460028,-0.0799918,-0.0799918,-0.0799955
-90,0.0470228,-0.0799677,-0.0799677,-0.0799739
-89.9773,0.0480313,-0.0799241,-0.0799241,-0.0799327
-89.9546,0.0490281,-0.0798608,-0.0798608,-0.0798719
-89.932,0.0500127,-0.0797779,-0.0797779,-0.0797914
-89.9093,0.0509851,-0.0796754,-0.0796754,-0.0796913
-89.8866,0.051945,-0.0795533,-0.0795533,-0.0795716
-89.8639,0.0528921,-0.0794117,-0.0794117,-0.0794325
-89.8413,0.0538262,-0.0792506,-0.0792506,-0.0792737
-89.8186,0.0547471,-0.07907,-0.07907,-0.0790955
-89.7959,0.0556546,-0.07887,-0.07887,-0.0788979
-89.7732,0.0565484,-0.0786506,-0.0786506,-0.078681
-89.7506,0.0574283,-0.0784119,-0.0784119,-0.0784447
-89.7279,0.0582941,-0.078154,-0.078154,-0.0781891
-89.7052,0.0591456,-0.0778768,-0.0778768,-0.0779143
-89.6825,0.0599825,-0.0775805,-0.0775805,-0.0776204
-89.6599,0.0608047,-0.0772652,-0.0772652,-0.0773074
-89.6372,0.061612,-0.0769309,-0.0769309,-0.0769754
-89.6145,0.0624041,-0.0765777,-0.0765777,-0.0766245
-89.5918,0.063181,-0.0762056,-0.0762056,-0.0762549
-89.5692,0.0639423,-0.0758149,-0.0758149,-0.0758664
-89.5465,0.0646878,-0.0754055,-0.0754055,-0.0754594
-89.5238,0.0654176,-0.0749777,-0.0749777,-0.0750338
-89.5011,0.0661312,-0.0745314,-0.0745314,-0.0745897
-89.4785,0.0668286,-0.0740668,-0.0740668,-0.0741274
-89.4558,0.0675096,-0.0735839,-0.0735839,-0.0736468
-89.4331,0.068174,-0.0730831,-0.0730831,-0.0731482
-89.4104,0.0688216,-0.0725643,-0.0725643,-0.0726316
-89.3878,0.0694524,-0.0720276,-0.0720276,-0.0720971
-89.3651,0.0700661,-0.0714733,-0.0714733,-0.071545
-89.3424,0.0706625,-0.0709014,-0.0709014,-0.0709752
-89.3197,0.0712417,-0.0703121,-0.0703121,-0.0703881
-89.2971,0.0718033,-0.0697055,-0.0697055,-0.0697836
-89.2744,0.0723473,-0.0690818,-0.0690818,-0.069162
-89.2517,0.0728735,-0.0684411,-0.0684411,-0.0685234
-89.229,0.0733818,-0.0677836,-0.0677836,-0.067868
-89.2063,0.0738721,-0.0671095,-0.0671095,-0.0671959
-89.1837,0.0743443,-0.0664188,-0.0664188,-0.0665074
-89.161,0.0747982,-0.0657119,-0.0657119,-0.0658024
-89.1383,0.0752337,-0.0649888,-0.0649888,-0.0650814
-89.1156,0.0756508,-0.0642498,-0.0642498,-0.0643443
-89.093,0.0760492,-0.063495,-0.063495,-0.0635914
-89.0703,0.076429,-0.0627246,-0.0627246,-0.0628229
-89.0476,0.07679,-0.0619387,-0.0619387,-0.062039
-89.0249,0.0771322,-0.0611377,-0.0611377,-0.0612398
-89.0023,0.0774554,-0.0603217,-0.0603217,-0.0604256
-88.9796,0.0777596,-0.0594908,-0.0594908,-0.0595965
-88.9569,0.0780446,-0.0586453,-0.0586453,-0.0587529
-88.9342,0.0783106,-0.0577854,-0.0577854,-0.0578947
-88.9116,0.0785572,-0.0569113,-0.0569113,-0.0570224
-88.8889,0.0787846,-0.0560233,-0.0560233,-0.0561361
-88.8662,0.0789927,-0.0551215,-0.0551215,-0.0552359
-88.8435,0.0791813,-0.0542061,-0.0542061,-0.0543222
-88.8209,0.0793505,-0.0532774,-0.0532774,-0.0533952
-88.7982,0.0795002,-0.0523357,-0.0523357,-0.052455
-88.7755,0.0796303,-0.0513811,-0.0513811,-0.051502
-88.7528,0.0797409,-0.0504138,-0.0504138,-0.0505363
-88.7302,0.079832,-0.0494342,-0.0494342,-0.0495582
-88.7075,0.0799034,-0.0484424,-0.0484424,-0.0485679
-88.6848,0.0799552,-0.0474388,-0.0474388,-0.0475657
-88.6621,0.0799873,-0.0464235,-0.0464235,-0.0465518
-88.6395,0.0799998,-0.0453967,-0.0453967,-0.0455265
-88.6168,0.0799927,-0.0443589,-0.0443589,-0.04449
-88.5941,0.0799659,-0.0433101,-0.0433101,-0.0434425
-88.5714,0.0799194,-0.0422507,-0.0422507,-0.0423844
-88.5488,0.0798534,-0.0411809,-0.0411809,-0.0413159
-88.5261,0.0797677,-0.040101,-0.040101,-0.0402372
-88.5034,0.0796624,-0.0390113,-0.0390113,-0.0391487
-88.4807,0.0795376,-0.0379119,-0.0379119,-0.0380505
-88.458,0.0793932,-0.0368033,-0.0368033,-0.036943
-88.4354,0.0792294,-0.0356856,-0.0356856,-0.0358264
-88.4127,0.079046,-0.0345592,-0.0345592,-0.034701
-88.39,0.0788433,-0.0334242,-0.0334242,-0.0335671
-88.3673,0.0786212,-0.0322811,-0.0322811,-0.032425
-88.3447,0.0783797,-0.03113,-0.03113,-0.0312748
-88.322,0.0781191,-0.0299713,-0.0299713,-0.030117
-88.2993,0.0778392,-0.0288052,-0.0288052,-0.0289519
-88.2766,0.0775402,-0.027632,-0.027632,-0.0277795
-88.254,0.0772222,-0.0264521,-0.0264521,-0.0266004
-88.2313,0.0768852,-0.0252656,-0.0252656,-0.0254147
-88.2086,0.0765293,-0.024073,-0.024073,-0.0242228
-88.1859,0.0761547,-0.0228744,-0.0228744,-0.023025
-88.1633,0.0757613,-0.0216702,-0.0216702,-0.0218214
-88.1406,0.0753493,-0.0204607,-0.0204607,-0.0206126
-88.1179,0.0749188,-0.0192462,-0.0192462,-0.0193986
-88.0952,0.0744699,-0.0180269,-0.0180269,-0.0181799
-88.0726,0.0740027,-0.0168032,-0.0168032,-0.0169567
-88.0499,0.0735174,-0.0155754,-0.0155754,-0.0157294
-88.0272,0.0730139,-0.0143438,-0.0143438,-0.0144982
-88.0045,0.0724926,-0.0131086,-0.0131086,-0.0132634
-87.9819,0.0719534,-0.0118702,-0.0118702,-0.0120254
-87.9592,0.0713966,-0.0106289,-0.0106289,-0.0107844
-87.9365,0.0708222,-0.00938497,-0.00938497,-0.00954082
-87.9138,0.0702305,-0.00813875,-0.00813875,-0.00829485
-87.8912,0.0696214,-0.00689052,-0.00689052,-0.00704684
-87.8685,0.0689953,-0.00564061,-0.00564061,-0.0057971
-87.8458,0.0683523,-0.00438931,-0.00438931,-0.00454594
-87.8231,0.0676924,-0.00313693,-0.00313693,-0.00329365
-87.8005,0.0670159,-0.00188377,-0.00188377,-0.00204058
-87.7778,0.066323,-0.000630154,-0.000630154,-0.000786991
-87.7551,0.0656138,0.000623621,0.000623621,0.000466815
-87.7324,0.0648884,0.00187724,0.00187724,0.00172047
-87.7098,0.0641472,0.0031304,0.0031304,0.00297371
-87.6871,0.0633901,0.00438279,0.00438279,0.00422625
-87.6644,0.0626175,0.0056341,0.0056341,0.00547771
-87.6417,0.0618295,0.00688404,0.00688404,0.00672786
-87.619,0.0610264,0.00813228,0.00813228,0.00797634
-87.5964,0.0602082,0.00937853,0.00937853,0.00922286
-87.5737,0.0593753,0.0106225,0.0106225,0.0104671
-87.551,0.0585277,0.0118638,0.0118638,0.0117088
-87.5283,0.0576658,0.0131022,0.0131022,0.0129476
-87.5057,0.0567897,0.0143374,0.0143374,0.0141833
-87.483,0.0558997,0.0155691,0.0155691,0.0154154
-87.4603,0.054996,0.016797,0.016797,0.0166438
-87.4376,0.0540787,0.0180207,0.0180207,0.0178681
-87.415,0.0531482,0.01924,0.01924,0.0190879
-87.3923,0.0522046,0.0204546,0.0204546,0.0203032
-87.3696,0.0512482,0.0216641,0.0216641,0.0215134
-87.3469,0.0502792,0.0228684,0.0228684,0.0227183
-87.3243,0.0492978,0.024067,0.024067,0.0239177
-87.3016,0.0483044,0.0252597,0.0252597,0.0251111
-87.2789,0.047299,0.0264462,0.0264462,0.0262985
-87.2562,0.0462821,0.0276262,0.0276262,0.0274793
-87.2336,0.0452538,0.0287995,0.0287995,0.0286534
-87.2109,0.0442143,0.0299656,0.0299656,0.0298205
-87.1882,0.0431641,0.0311244,0.0311244,0.0309802
-87.1655,0.0421032,0.0322756,0.0322756,0.0321324
-87.1429,0.0410319,0.0334188,0.0334188,0.0332766
-87.1202,0.0399506,0.0345538,0.0345538,0.0344127
-87.0975,0.0388595,0.0356804,0.0356804,0.0355403
-87.0748,0.0377588,0.0367981,0.0367981,0.0366592
-87.0522,0.0366489,0.0379069,0.0379069,0.0377691
-87.0295,0.03553,0.0390063,0.0390063,0.0388697
-87.0068,0.0344023,0.0400961,0.0400961,0.0399608
-86.9841,0.0332662,0.0411761,0.0411761,0.041042
-86.9615,0.0321219,0.042246,0.042246,0.0421132
-86.9388,0.0309697,0.0433055,0.0433055,0.043174
-86.9161,0.0298099,0.0443544,0.0443544,0.0442242
-86.8934,0.0286428,0.0453924,0.0453924,0.0452636
-86.8707,0.0274687,0.0464192,0.0464192,0.0462918
-86.8481,0.0262878,0.0474346,0.0474346,0.0473087
-86.8254,0.0251005,0.0484384,0.0484384,0.048314
-86.8027,0.0239069,0.0494303,0.0494303,0.0493074
-86.78,0.0227076,0.05041,0.05041,0.0502887
-86.7574,0.0215026,0.0513774,0.0513774,0.0512576
-86.7347,0.0202924,0.0523321,0.0523321,0.0522139
-86.712,0.0190771,0.053274,0.053274,0.0531574
-86.6893,0.0178572,0.0542028,0.0542028,0.0540879
-86.6667,0.0166329,0.0551183,0.0551183,0.0550051
-86.644,0.0154046,0.0560202,0.0560202,0.0559087
-86.6213,0.0141724,0.0569084,0.0569084,0.0567987
-86.5986,0.0129367,0.0577826,0.0577826,0.0576747
-86.576,0.0116979,0.0586427,0.0586427,0.0585365
-86.5533,0.0104562,0.0594883,0.0594883,0.0593839
-86.5306,0.00921196,0.0603193,0.0603193,0.0602168
-86.5079,0.00796543,0.0611355,0.0611355,0.0610348
-86.4853,0.00671694,0.0619367,0.0619367,0.0618379
-86.4626,0.00546681,0.0627227,0.0627227,0.0626258
-86.4399,0.00421533,0.0634932,0.0634932,0.0633983
-86.4172,0.00296282,0.0642482,0.0642482,0.0641553
-86.3946,0.00170958,0.0649874,0.0649874,0.0648965
-86.3719,0.00045592,0.0657106,0.0657106,0.0656217
-86.3492,-0.000797852,0.0664177,0.0664177,0.0663308
-86.3265,-0.00205143,0.0671085,0.0671085,0.0670237
-86.3039,-0.0033045,0.0677828,0.0677828,0.0677
-86.2812,-0.00455676,0.0684404,0.0684404,0.0683598
-86.2585,-0.0058079,0.0690813,0.0690813,0.0690027
-86.2358,-0.00705762,0.0697051,0.0697051,0.0696288
-86.2132,-0.0083056,0.0703119,0.0703119,0.0702377
-86.1905,-0.00955154,0.0709014,0.0709014,0.0708293
-86.1678,-0.0107951,0.0714734,0.0714734,0.0714036
-86.1451,-0.0120361,0.072028,0.072028,0.0719603
-86.1224,-0.0132741,0.0725648,0.0725648,0.0724993
-86.0998,-0.0145088,0.0730838,0.0730838,0.0730206
-86.0771,-0.01574,0.0735848,0.0735848,0.0735239
-86.0544,-0.0169673,0.0740678,0.0740678,0.0740091
-86.0317,-0.0181904,0.0745326,0.0745326,0.0744762
-86.0091,-0.019409,0.0749791,0.0749791,0.074925
-85.9864,-0.0206229,0.0754071,0.0754071,0.0753554
-85.9637,-0.0218318,0.0758167,0.0758167,0.0757672
-85.941,-0.0230352,0.0762076,0.0762076,0.0761605
-85.9184,-0.024233,0.0765798,0.0765798,0.076535
-85.8957,-0.0254249,0.0769332,0.0769332,0.0768908
-85.873,-0.0266105,0.0772677,0.0772677,0.0772277
-85.8503,-0.0277896,0.0775832,0.0775832,0.0775456
-85.8277,-0.0289618,0.0778797,0.0778797,0.0778444
-85.805,-0.030127,0.078157,0.078157,0.0781242
-85.7823,-0.0312847,0.0784152,0.0784152,0.0783847
-85.7596,-0.0324348,0.0786541,0.0786541,0.078626
-85.737,-0.0335769,0.0788736,0.0788736,0.078848
-85.7143,-0.0347107,0.0790738,0.0790738,0.0790507
-85.6916,-0.035836,0.0792546,0.0792546,0.0792339
-85.6689,-0.0369525,0.0794159,0.0794159,0.0793976
-85.6463,-0.03806,0.0795577,0.0795577,0.0795419
-85.6236,-0.039158,0.07968,0.07968,0.0796666
-85.6009,-0.0402465,0.0797826,0.0797826,0.0797717
-85.5782,-0.0413251,0.0798657,0.0798657,0.0798573
-85.5556,-0.0423935,0.0799292,0.0799292,0.0799232
-85.5329,-0.0434516,0.0799731,0.0799731,0.0799695
-85.5102,-0.0444989,0.0799973,0.0799973,0.0799962
-85.4875,-0.0455353,0.0800018,0.0800018,0.0800032
-85.4649,-0.0465606,0.0799867,0.0799867,0.0799906
-85.4422,-0.0475744,0.079952,0.079952,0.0799583
-85.4195,-0.0485765,0.0798976,0.0798976,0.0799064
-85.3968,-0.0495667,0.0798236,0.0798236,0.0798349
-85.3741,-0.0505447,0.07973,0.07973,0.0797437
-85.3515,-0.0515103,0.0796168,0.0796168,0.079633
-85.3288,-0.0524632,0.0794841,0.0794841,0.0795027
-85.3061,-0.0534033,0.0793318,0.0793318,0.0793529
-85.2834,-0.0543302,0.0791601,0.0791601,0.0791836
-85.2608,-0.0552438,0.0789689,0.0789689,0.0789948
-85.2381,-0.0561438,0.0787583,0.0787583,0.0787867
-85.2154,-0.0570301,0.0785284,0.0785284,0.0785592
-85.1927,-0.0579023,0.0782792,0.0782792,0.0783124
-85.1701,-0.0587603,0.0780107,0.0780107,0.0780463
-85.1474,-0.0596039,0.0777231,0.0777231,0.0777611
-85.1247,-0.0604328,0.0774165,0.0774165,0.0774568
-85.102,-0.0612469,0.0770907,0.0770907,0.0771335
-85.0794,-0.062046,0.0767461,0.0767461,0.0767912
-85.0567,-0.0628298,0.0763826,0.0763826,0.0764301
-85.034,-0.0635981,0.0760004,0.0760004,0.0760502
-85.0113,-0.0643509,0.0755994,0.0755994,0.0756516
-84.9887,-0.0650878,0.07518,0.07518,0.0752344
-84.966,-0.0658088,0.074742,0.074742,0.0747988
-84.9433,-0.0665136,0.0742857,0.0742857,0.0743448
-84.9206,-0.0672021,0.0738112,0.0738112,0.0738725
-84.898,-0.067874,0.0733185,0.0733185,0.0733821
-84.8753,-0.0685293,0.0728078,0.0728078,0.0728737
-84.8526,-0.0691678,0.0722792,0.0722792,0.0723474
-84.8299,-0.0697892,0.0717329,0.0717329,0.0718032
-84.8073,-0.0703936,0.071169,0.071169,0.0712415
-84.7846,-0.0709806,0.0705875,0.0705875,0.0706623
-84.7619,-0.0715502,0.0699888,0.0699888,0.0700657
-84.7392,-0.0721022,0.0693728,0.0693728,0.0694519
-84.7166,-0.0726365,0.0687398,0.0687398,0.068821
-84.6939,-0.073153,0.06809,0.06809,0.0681733
-84.6712,-0.0736515,0.0674234,0.0674234,0.0675088
-84.6485,-0.0741319,0.0667402,0.0667402,0.0668277
-84.6259,-0.0745941,0.0660407,0.0660407,0.0661302
-84.6032,-0.075038,0.0653249,0.0653249,0.0654165
-84.5805,-0.0754635,0.0645931,0.0645931,0.0646867
-84.5578,-0.0758704,0.0638454,0.0638454,0.063941
-84.5351,-0.0762587,0.0630821,0.0630821,0.0631796
-84.5125,-0.0766283,0.0623032,0.0623032,0.0624027
-84.4898,-0.076979,0.0615091,0.0615091,0.0616104
-84.4671,-0.0773108,0.0606998,0.0606998,0.060803
-84.4444,-0.0776237,0.0598757,0.0598757,0.0599807
-84.4218,-0.0779174,0.0590368,0.0590368,0.0591437
-84.3991,-0.0781921,0.0581834,0.0581834,0.0582921
-84.3764,-0.0784475,0.0573158,0.0573158,0.0574263
-84.3537,-0.0786837,0.056434,0.056434,0.0565463
-84.3311,-0.0789005,0.0555384,0.0555384,0.0556524
-84.3084,-0.0790979,0.0546292,0.0546292,0.0547449
-84.2857,-0.079276,0.0537065,0.0537065,0.0538239
-84.263,-0.0794345,0.0527707,0.0527707,0.0528897
-84.2404,-0.0795736,0.0518219,0.0518219,0.0519425
-84.2177,-0.0796931,0.0508603,0.0508603,0.0509826
-84.195,-0.079793,0.0498863,0.0498863,0.0500101
-84.1723,-0.0798733,0.0489,0.0489,0.0490253
-84.1497,-0.0799341,0.0479017,0.0479017,0.0480285
-84.127,-0.0799751,0.0468917,0.0468917,0.04702
-84.1043,-0.0799966,0.0458701,0.0458701,0.0459998
-84.0816,-0.0799984,0.0448373,0.0448373,0.0449684
-84.059,-0.0799805,0.0437934,0.0437934,0.0439259
-84.0363,-0.079943,0.0427388,0.0427388,0.0428726
-84.0136,-0.0798858,0.0416737,0.0416737,0.0418088
-83.9909,-0.0798091,0.0405984,0.0405984,0.0407348
-83.9683,-0.0797127,0.0395131,0.0395131,0.0396507
-83.9456,-0.0795968,0.0384181,0.0384181,0.0385569
-83.9229,-0.0794613,0.0373136,0.0373136,0.0374536
-83.9002,-0.0793063,0.0362,0.0362,0.0363412
-83.8776,-0.0791318,0.0350775,0.0350775,0.0352198
-83.8549,-0.0789378,0.0339464,0.0339464,0.0340897
-83.8322,-0.0787245,0.0328069,0.0328069,0.0329513
-83.8095,-0.0784919,0.0316594,0.0316594,0.0318048
-83.7868,-0.0782399,0.0305041,0.0305041,0.0306505
-83.7642,-0.0779688,0.0293413,0.0293413,0.0294886
-83.7415,-0.0776785,0.0281713,0.0281713,0.0283195
-83.7188,-0.0773691,0.0269944,0.0269944,0.0271435
-83.6961,-0.0770407,0.0258109,0.0258109,0.0259608
-83.6735,-0.0766934,0.024621,0.024621,0.0247717
-83.6508,-0.0763273,0.0234251,0.0234251,0.0235765
-83.6281,-0.0759424,0.0222234,0.0222234,0.0223756
-83.6054,-0.0755389,0.0210163,0.0210163,0.0211691
-83.5828,-0.0751168,0.019804,0.019804,0.0199575
-83.5601,-0.0746762,0.0185869,0.0185869,0.0187409
-83.5374,-0.0742173,0.0173651,0.0173651,0.0175198
-83.5147,-0.0737402,0.0161391,0.0161391,0.0162943
-83.4921,-0.073245,0.0149092,0.0149092,0.0150648
-83.4694,-0.0727318,0.0136756,0.0136756,0.0138317
-83.4467,-0.0722007,0.0124386,0.0124386,0.0125951
-83.424,-0.0716519,0.0111986,0.0111986,0.0113555
-83.4014,-0.0710855,0.00995581,0.00995581,0.010113
-83.3787,-0.0705016,0.00871058,0.00871058,0.00886813
-83.356,-0.0699004,0.00746323,0.00746323,0.00762105
-83.3333,-0.069282,0.00621404,0.00621404,0.00637207
-83.3107,-0.0686467,0.00496333,0.00496333,0.00512155
-83.288,-0.0679944,0.00371139,0.00371139,0.00386976
-83.2653,-0.0673255,0.00245854,0.00245854,0.00261702
-83.2426,-0.06664,0.00120509,0.00120509,0.00136366
-83.22,-0.0659382,-4.8654e-05,-4.8654e-05,0.000109947
-83.1973,-0.0652201,-0.00130238,-0.00130238,-0.0011438
-83.1746,-0.0644861,-0.00255579,-0.00255579,-0.00239724
-83.1519,-0.0637362,-0.00380857,-0.00380857,-0.00365011
-83.1293,-0.0629706,-0.00506041,-0.00506041,-0.00490208
-83.1066,-0.0621896,-0.00631103,-0.00631103,-0.00615284
-83.0839,-0.0613933,-0.00756008,-0.00756008,-0.00740208
-83.0612,-0.0605819,-0.00880727,-0.00880727,-0.00864951
-83.0385,-0.0597557,-0.0100523,-0.0100523,-0.00989483
-83.0159,-0.0589148,-0.0112949,-0.0112949,-0.0111377
-82.9932,-0.0580594,-0.0125347,-0.0125347,-0.0123778
-82.9705,-0.0571897,-0.0137714,-0.0137714,-0.0136149
-82.9478,-0.056306,-0.0150047,-0.0150047,-0.0148487
-82.9252,-0.0554085,-0.0162343,-0.0162343,-0.0160788
-82.9025,-0.0544973,-0.01746,-0.01746,-0.0173049
-82.8798,-0.0535728,-0.0186813,-0.0186813,-0.0185268
-82.8571,-0.0526351,-0.0198981,-0.0198981,-0.0197442
-82.8345,-0.0516845,-0.02111,-0.02111,-0.0209567
-82.8118,-0.0507212,-0.0223167,-0.0223167,-0.022164
-82.7891,-0.0497454,-0.0235179,-0.0235179,-0.0233659
-82.7664,-0.0487574,-0.0247133,-0.0247133,-0.0245621
-82.7438,-0.0477574,-0.0259027,-0.0259027,-0.0257522
-82.7211,-0.0467458,-0.0270857,-0.0270857,-0.026936
-82.6984,-0.0457226,-0.0282621,-0.0282621,-0.0281132
-82.6757,-0.0446882,-0.0294315,-0.0294315,-0.0292835
-82.6531,-0.0436428,-0.0305937,-0.0305937,-0.0304465
-82.6304,-0.0425867,-0.0317484,-0.0317484,-0.0316022
-82.6077,-0.0415201,-0.0328952,-0.0328952,-0.03275
-82.585,-0.0404434,-0.034034,-0.034034,-0.0338898
-82.5624,-0.0393567,-0.0351644,-0.0351644,-0.0350213
-82.5397,-0.0382603,-0.0362862,-0.0362862,-0.0361441
-82.517,-0.0371546,-0.0373991,-0.0373991,-0.0372581
-82.4943,-0.0360397,-0.0385028,-0.0385028,-0.038363
-82.4717,-0.0349159,-0.039597,-0.039597,-0.0394584
-82.449,-0.0337836,-0.0406815,-0.0406815,-0.0405441
-82.4263,-0.032643,-0.0417561,-0.0417561,-0.0416198
-82.4036,-0.0314944,-0.0428203,-0.0428203,-0.0426854
-82.381,-0.030338,-0.0438741,-0.0438741,-0.0437404
-82.3583,-0.0291742,-0.044917,-0.044917,-0.0447848
-82.3356,-0.0280032,-0.0459489,-0.0459489,-0.045818
-82.3129,-0.0268254,-0.0469696,-0.0469696,-0.0468401
-82.2902,-0.0256409,-0.0479787,-0.0479787,-0.0478506
-82.2676,-0.0244502,-0.048976,-0.048976,-0.0488494
-82.2449,-0.0232534,-0.0499613,-0.0499613,-0.0498362
-82.2222,-0.022051,-0.0509343,-0.0509343,-0.0508108
-82.1995,-0.0208431,-0.0518948,-0.0518948,-0.0517728
-82.1769,-0.0196301,-0.0528426,-0.0528426,-0.0527222
-82.1542,-0.0184123,-0.0537774,-0.0537774,-0.0536586
-82.1315,-0.01719,-0.054699,-0.054699,-0.0545818
-82.1088,-0.0159634,-0.0556071,-0.0556071,-0.0554916
-82.0862,-0.0147329,-0.0565016,-0.0565016,-0.0563878
-82.0635,-0.0134988,-0.0573822,-0.0573822,-0.0572701
-82.0408,-0.0122614,-0.0582487,-0.0582487,-0.0581384
-82.0181,-0.011021,-0.0591009,-0.0591009,-0.0589924
-81.9955,-0.00977783,-0.0599386,-0.0599386,-0.0598319
-81.9728,-0.00853229,-0.0607615,-0.0607615,-0.0606566
-81.9501,-0.00728466,-0.0615696,-0.0615696,-0.0614665
-81.9274,-0.00603524,-0.0623625,-0.0623625,-0.0622613
-81.9048,-0.00478433,-0.0631401,-0.0631401,-0.0630408
-81.8821,-0.00353225,-0.0639022,-0.0639022,-0.0638048
-81.8594,-0.00227931,-0.0646486,-0.0646486,-0.0645532
-81.8367,-0.0010258,-0.0653791,-0.0653791,-0.0652857
-81.8141,0.000227961,-0.0660935,-0.0660935,-0.0660021
-81.7914,0.00148166,-0.0667917,-0.0667917,-0.0667024
-81.7687,0.002735,-0.0674735,-0.0674735,-0.0673862
-81.746,0.00398767,-0.0681388,-0.0681388,-0.0680535
-81.7234,0.00523936,-0.0687873,-0.0687873,-0.0687041
-81.7007,0.00648976,-0.0694189,-0.0694189,-0.0693378
-81.678,0.00773857,-0.0700334,-0.0700334,-0.0699545
-81.6553,0.00898547,-0.0706308,-0.0706308,-0.070554
-81.6327,0.0102302,-0.0712108,-0.0712108,-0.0711361
-81.61,0.0114724,-0.0717733,-0.0717733,-0.0717008
-81.5873,0.0127117,-0.0723182,-0.0723182,-0.0722479
-81.5646,0.013948,-0.0728453,-0.0728453,-0.0727772
-81.542,0.0151808,-0.0733545,-0.0733545,-0.0732886
-81.5193,0.0164099,-0.0738457,-0.0738457,-0.0737821
-81.4966,0.017635,-0.0743188,-0.0743188,-0.0742574
-81.4739,0.0188557,-0.0747736,-0.0747736,-0.0747145
-81.4512,0.0200718,-0.0752101,-0.0752101,-0.0751532
-81.4286,0.0212829,-0.075628,-0.075628,-0.0755735
-81.4059,0.0224889,-0.0760275,-0.0760275,-0.0759752
-81.3832,0.0236893,-0.0764082,-0.0764082,-0.0763583
-81.3605,0.0248839,-0.0767701,-0.0767701,-0.0767226
-81.3379,0.0260724,-0.0771132,-0.0771132,-0.077068
-81.3152,0.0272545,-0.0774374,-0.0774374,-0.0773945
-81.2925,0.0284299,-0.0777426,-0.0777426,-0.077702
-81.2698,0.0295983,-0.0780286,-0.0780286,-0.0779904
-81.2472,0.0307594,-0.0782955,-0.0782955,-0.0782597
-81.2245,0.031913,-0.0785431,-0.0785431,-0.0785097
-81.2018,0.0330587,-0.0787715,-0.0787715,-0.0787404
-81.1791,0.0341964,-0.0789805,-0.0789805,-0.0789519
-81.1565,0.0353256,-0.0791701,-0.0791701,-0.0791439
-81.1338,0.0364461,-0.0793403,-0.0793403,-0.0793164
-81.1111,0.0375577,-0.0794909,-0.0794909,-0.0794695
-81.0884,0.0386601,-0.0796221,-0.0796221,-0.0796031
-81.0658,0.039753,-0.0797337,-0.0797337,-0.0797171
-81.0431,0.0408361,-0.0798257,-0.0798257,-0.0798116
-81.0204,0.0419092,-0.0798981,-0.0798981,-0.0798864
-80.9977,0.042972,-0.0799508,-0.0799508,-0.0799416
-80.9751,0.0440242,-0.079984,-0.079984,-0.0799772
-80.9524,0.0450656,-0.0799975,-0.0799975,-0.0799931
-80.9297,0.046096,-0.0799913,-0.0799913,-0.0799894
-80.907,0.047115,-0.0799655,-0.0799655,-0.079966
-80.8844,0.0481224,-0.0799201,-0.0799201,-0.079923
-80.8617,0.0491181,-0.079855,-0.079855,-0.0798604
-80.839,0.0501017,-0.0797703,-0.0797703,-0.0797781
-80.8163,0.0510729,-0.079666,-0.079666,-0.0796762
-80.7937,0.0520316,-0.0795422,-0.0795422,-0.0795548
-80.771,0.0529776,-0.0793988,-0.0793988,-0.0794138
-80.7483,0.0539105,-0.0792359,-0.0792359,-0.0792534
-80.7256,0.0548302,-0.0790535,-0.0790535,-0.0790734
-80.7029,0.0557364,-0.0788518,-0.0788518,-0.0788741
-80.6803,0.056629,-0.0786306,-0.0786306,-0.0786553
-80.6576,0.0575076,-0.0783902,-0.0783902,-0.0784173
-80.6349,0.0583721,-0.0781305,-0.0781305,-0.0781599
-80.6122,0.0592222,-0.0778516,-0.0778516,-0.0778834
-80.5896,0.0600579,-0.0775536,-0.0775536,-0.0775877
-80.5669,0.0608787,-0.0772365,-0.0772365,-0.077273
-80.5442,0.0616846,-0.0769004,-0.0769004,-0.0769393
-80.5215,0.0624754,-0.0765455,-0.0765455,-0.0765867
-80.4989,0.0632508,-0.0761718,-0.0761718,-0.0762153
-80.4762,0.0640107,-0.0757793,-0.0757793,-0.0758252
-80.4535,0.0647548,-0.0753683,-0.0753683,-0.0754165
-80.4308,0.0654831,-0.0749387,-0.0749387,-0.0749892
-80.4082,0.0661953,-0.0744907,-0.0744907,-0.0745435
-80.3855,0.0668912,-0.0740245,-0.0740245,-0.0740795
-80.3628,0.0675706,-0.07354,-0.07354,-0.0735973
-80.3401,0.0682335,-0.0730375,-0.0730375,-0.073097
-80.3175,0.0688797,-0.072517,-0.072517,-0.0725787
-80.2948,0.0695089,-0.0719788,-0.0719788,-0.0720427
-80.2721,0.070121,-0.0714228,-0.0714228,-0.0714889
-80.2494,0.0707159,-0.0708493,-0.0708493,-0.0709176
-80.2268,0.0712935,-0.0702584,-0.0702584,-0.0703288
-80.2041,0.0718535,-0.0696503,-0.0696503,-0.0697228
-80.1814,0.0723959,-0.069025,-0.069025,-0.0690997
-80.1587,0.0729205,-0.0683828,-0.0683828,-0.0684596
-80.1361,0.0734272,-0.0677238,-0.0677238,-0.0678026
-80.1134,0.0739158,-0.0670482,-0.0670482,-0.067129
-80.0907,0.0743863,-0.0663561,-0.0663561,-0.0664389
-80.068,0.0748385,-0.0656476,-0.0656476,-0.0657326
-80.0454,0.0752724,-0.0649231,-0.0649231,-0.06501
-80.0227,0.0756878,-0.0641826,-0.0641826,-0.0642715
-80,0.0760845,-0.0634264,-0.0634264,-0.0635172
-79.9773,0.0764626,-0.0626545,-0.0626545,-0.0627473
-79.9546,0.0768219,-0.0618673,-0.0618673,-0.0619619
-79.932,0.0771623,-0.0610649,-0.0610649,-0.0611614
-79.9093,0.0774838,-0.0602475,-0.0602475,-0.0603458
-79.8866,0.0777863,-0.0594153,-0.0594153,-0.0595154
-79.8639,0.0780696,-0.0585685,-0.0585685,-0.0586704
-79.8413,0.0783338,-0.0577073,-0.0577073,-0.057811
-79.8186,0.0785787,-0.0568319,-0.0568319,-0.0569374
-79.7959,0.0788043,-0.0559426,-0.0559426,-0.0560498
-79.7732,0.0790106,-0.0550396,-0.0550396,-0.0551484
-79.7506,0.0791975,-0.054123,-0.054123,-0.0542335
-79.7279,0.0793649,-0.0531931,-0.0531931,-0.0533052
-79.7052,0.0795128,-0.0522502,-0.0522502,-0.0523639
-79.6825,0.0796412,-0.0512944,-0.0512944,-0.0514097
-79.6599,0.07975,-0.050326,-0.050326,-0.0504429
-79.6372,0.0798393,-0.0493453,-0.0493453,-0.0494636
-79.6145,0.0799089,-0.0483524,-0.0483524,-0.0484723
-79.5918,0.0799589,-0.0473477,-0.0473477,-0.047469
-79.5692,0.0799893,-0.0463313,-0.0463313,-0.046454
-79.5465,0.08,-0.0453035,-0.0453035,-0.0454277
-79.5238,0.0799911,-0.0442647,-0.0442647,-0.0443902
-79.5011,0.0799625,-0.0432149,-0.0432149,-0.0433418
-79.4785,0.0799142,-0.0421546,-0.0421546,-0.0422827
-79.4558,0.0798464,-0.0410839,-0.0410839,-0.0412132
-79.4331,0.0797589,-0.040003,-0.0400031,-0.0401337
-79.4104,0.0796519,-0.0389123,-0.0389124,-0.0390442
-79.3878,0.0795253,-0.037812,-0.0378122,-0.0379452
-79.3651,0.0793791,-0.0367023,-0.0367028,-0.0368368
-79.3424,0.0792135,-0.0355836,-0.0355843,-0.0357194
-79.3197,0.0790284,-0.0344561,-0.034457,-0.0345933
-79.2971,0.0788239,-0.0333201,-0.0333213,-0.0334586
-79.2744,0.0786,-0.0321758,-0.0321774,-0.0323157
-79.2517,0.0783568,-0.0310236,-0.0310256,-0.0311649
-79.229,0.0780944,-0.0298637,-0.0298662,-0.0300064
-79.2063,0.0778128,-0.0286964,-0.0286995,-0.0288405
-79.1837,0.0775121,-0.027522,-0.0275257,-0.0276676
-79.161,0.0771923,-0.0263409,-0.0263452,-0.0264878
-79.1383,0.0768536,-0.0251531,-0.0251581,-0.0253016
-79.1156,0.076496,-0.0239595,-0.0239649,-0.0241091
-79.093,0.0761197,-0.0227596,-0.0227658,-0.0229107
-79.0703,0.0757246,-0.0215541,-0.0215611,-0.0217067
-79.0476,0.0753109,-0.0203427,-0.0203512,-0.0204974
-79.0249,0.0748787,-0.0191274,-0.0191362,-0.019283
-79.0023,0.0744282,-0.0179067,-0.0179165,-0.0180639
-78.9796,0.0739593,-0.0166811,-0.0166924,-0.0168403
-78.9569,0.0734723,-0.0154519,-0.0154642,-0.0156126
-78.9342,0.0729673,-0.0142195,-0.0142322,-0.014381
-78.9116,0.0724443,-0.0129817,-0.0129968,-0.013146
-78.8889,0.0719035,-0.0117428,-0.0117581,-0.0119077
-78.8662,0.0713451,-0.0105001,-0.0105165,-0.0106665
-78.8435,0.0707691,-0.00925564,-0.00927239,-0.00942259
-78.8209,0.0701758,-0.00800664,-0.00802596,-0.00817642
-78.7982,0.0695652,-0.00675653,-0.00677757,-0.00692825
-78.7755,0.0689376,-0.00550467,-0.00552752,-0.00567837
-78.7528,0.068293,-0.00425501,-0.00427609,-0.00442708
-78.7302,0.0676316,-0.00299978,-0.00302362,-0.00317472
-78.7075,0.0669536,-0.00174549,-0.00177041,-0.00192157
-78.6848,0.0662592,-0.000488481,-0.000516761,-0.000667936
-78.6621,0.0655485,0.000766681,0.000737028,0.000585842
-78.6395,0.0648217,0.00202133,0.00199061,0.00183948
-78.6168,0.064079,0.00327567,0.00324372,0.0030927
-78.5941,0.0633205,0.00453018,0.00449603,0.00434512
-78.5714,0.0625465,0.00577957,0.00574725,0.00559651
-78.5488,0.0617571,0.00703179,0.00699704,0.00684652
-78.5261,0.0609526,0.0082824,0.00824511,0.00809483
-78.5034,0.0601331,0.00952953,0.00949117,0.00934117
-78.4807,0.0592988,0.0107723,0.0107349,0.0105852
-78.458,0.05845,0.0120187,0.011976,0.0118267
-78.4354,0.0575868,0.0132582,0.0132141,0.0130652
-78.4127,0.0567094,0.0144944,0.014449,0.0143005
-78.39,0.0558181,0.0157268,0.0156804,0.0155324
-78.3673,0.0549131,0.0169579,0.0169079,0.0167604
-78.3447,0.0539947,0.0181825,0.0181312,0.0179843
-78.322,0.0530629,0.0194014,0.0193501,0.0192038
-78.2993,0.0521182,0.02062,0.0205643,0.0204185
-78.2766,0.0511606,0.0218312,0.0217734,0.0216283
-78.254,0.0501905,0.0230311,0.0229771,0.0228327
-78.2313,0.049208,0.0242362,0.0241752,0.0240315
-78.2086,0.0482134,0.025428,0.0253674,0.0252245
-78.1859,0.0472071,0.026613,0.0265533,0.0264112
-78.1633,0.0461891,0.0277931,0.0277328,0.0275915
-78.1406,0.0451597,0.0289674,0.0289054,0.028765
-78.1179,0.0441193,0.0301365,0.0300709,0.0299314
-78.0952,0.043068,0.0312968,0.031229,0.0310905
-78.0726,0.0420062,0.0324496,0.0323794,0.0322419
-78.0499,0.0409341,0.0335966,0.0335219,0.0333854
-78.0272,0.0398518,0.0347229,0.0346562,0.0345207
-78.0045,0.0387598,0.0358523,0.035782,0.0356476
-77.9819,0.0376583,0.0369709,0.0368989,0.0367657
-77.9592,0.0365476,0.0380832,0.0380068,0.0378747
-77.9365,0.0354278,0.039182,0.0391054,0.0389745
-77.9138,0.0342994,0.0402759,0.0401943,0.0400647
-77.8912,0.0331625,0.0413536,0.0412734,0.041145
-77.8685,0.0320175,0.0424162,0.0423424,0.0422152
-77.8458,0.0308646,0.0434788,0.0434009,0.0432751
-77.8231,0.0297041,0.0445398,0.0444488,0.0443243
-77.8005,0.0285364,0.0455664,0.0454858,0.0453627
-77.7778,0.0273616,0.0465975,0.0465116,0.0463899
-77.7551,0.0261801,0.0476094,0.0475259,0.0474057
-77.7324,0.0249922,0.0486222,0.0485286,0.0484099
-77.7098,0.0237982,0.0496138,0.0495194,0.0494022
-77.6871,0.0225982,0.050588,0.050498,0.0503824
-77.6644,0.0213928,0.0515488,0.0514642,0.0513501
-77.6417,0.0201821,0.052518,0.0524178,0.0523053
-77.619,0.0189664,0.0534452,0.0533585,0.0532476
-77.5964,0.0177461,0.0543763,0.0542861,0.0541769
-77.5737,0.0165214,0.0552874,0.0552003,0.0550928
-77.551,0.0152927,0.0561952,0.056101,0.0559952
-77.5283,0.0140602,0.0570803,0.0569879,0.0568839
-77.5057,0.0128242,0.0579605,0.0578608,0.0577585
-77.483,0.0115852,0.0588102,0.0587195,0.058619
-77.4603,0.0103432,0.0596589,0.0595638,0.0594651
-77.4376,0.00909872,0.0604812,0.0603934,0.0602966
-77.415,0.00785201,0.061301,0.0612082,0.0611132
-77.3923,0.00660336,0.0620939,0.062008,0.0619149
-77.3696,0.00535309,0.0628953,0.0627925,0.0627014
-77.3469,0.00410151,0.0636567,0.0635616,0.0634724
-77.3243,0.00284891,0.0644133,0.0643151,0.0642279
-77.3016,0.00159562,0.0651406,0.0650527,0.0649676
-77.2789,0.000341941,0.0658683,0.0657744,0.0656913
-77.2562,-0.000911826,0.0665693,0.06648,0.0663988
-77.2336,-0.00216537,0.0672625,0.0671692,0.0670901
-77.2109,-0.00341838,0.0679252,0.0678419,0.0677649
-77.1882,-0.00467055,0.0685872,0.068498,0.0684231
-77.1655,-0.00592157,0.0692121,0.0691372,0.0690644
-77.1429,-0.00717114,0.0698433,0.0697594,0.0696888
-77.1202,-0.00841895,0.070452,0.0703645,0.070296
-77.0975,-0.00966469,0.0710403,0.0709523,0.070886
-77.0748,-0.0109081,0.0716082,0.0715226,0.0714585
-77.0522,-0.0121487,0.0721657,0.0720754,0.0720135
-77.0295,-0.0133865,0.072686,0.0726105,0.0725509
-77.0068,-0.0146209,0.0732014,0.0731278,0.0730703
-76.9841,-0.0158517,0.0736977,0.073627,0.0735719
-76.9615,-0.0170786,0.0741737,0.0741082,0.0740554
-76.9388,-0.0183014,0.0746411,0.0745712,0.0745206
-76.9161,-0.0195196,0.0750961,0.0750158,0.0749676
-76.8934,-0.020733,0.0754867,0.0754421,0.0753962
-76.8707,-0.0219414,0.0758925,0.0758497,0.0758062
-76.8481,-0.0231444,0.0763158,0.0762388,0.0761975
-76.8254,-0.0243416,0.0766932,0.0766091,0.0765702
-76.8027,-0.0255329,0.0770205,0.0769606,0.0769241
-76.78,-0.026718,0.077349,0.0772931,0.077259
-76.7574,-0.0278964,0.0776737,0.0776067,0.077575
-76.7347,-0.0290681,0.0779664,0.0779012,0.0778719
-76.712,-0.0302325,0.0782262,0.0781766,0.0781497
-76.6893,-0.0313896,0.0784838,0.0784328,0.0784083
-76.6667,-0.0325389,0.0787128,0.0786696,0.0786476
-76.644,-0.0336803,0.0789405,0.0788872,0.0788676
-76.6213,-0.0348134,0.0791128,0.0790854,0.0790682
-76.5986,-0.0359379,0.0793051,0.0792641,0.0792494
-76.576,-0.0370536,0.0794589,0.0794233,0.0794111
-76.5533,-0.0381602,0.0795816,0.0795631,0.0795533
-76.5306,-0.0392574,0.0796887,0.0796832,0.0796759
-76.5079,-0.040345,0.0798125,0.0797838,0.079779
-76.4853,-0.0414227,0.0798621,0.0798648,0.0798625
-76.4626,-0.0424902,0.0799279,0.0799262,0.0799263
-76.4399,-0.0435472,0.0799545,0.0799679,0.0799705
-76.4172,-0.0445936,0.079982,0.07999,0.0799951
-76.3946,-0.045629,0.0800119,0.0799924,0.0799999
-76.3719,-0.0466532,0.0799882,0.0799751,0.0799852
-76.3492,-0.047666,0.0799079,0.0799382,0.0799507
-76.3265,-0.048667,0.0798662,0.0798816,0.0798967
-76.3039,-0.0496561,0.0797619,0.0798054,0.079823
-76.2812,-0.050633,0.0796559,0.0797096,0.0797296
-76.2585,-0.0515974,0.0795538,0.0795942,0.0796167
-76.2358,-0.0525492,0.0794334,0.0794593,0.0794842
-76.2132,-0.0534881,0.0792493,0.0793048,0.0793322
-76.1905,-0.0544138,0.0790884,0.0791308,0.0791607
-76.1678,-0.0553262,0.0788992,0.0789374,0.0789697
-76.1451,-0.056225,0.0786483,0.0787245,0.0787593
-76.1224,-0.0571099,0.0784479,0.0784923,0.0785296
-76.0998,-0.0579809,0.0781826,0.0782408,0.0782806
-76.0771,-0.0588376,0.0778929,0.0779702,0.0780123
-76.0544,-0.0596798,0.0776356,0.0776803,0.0777248
-76.0317,-0.0605074,0.077279,0.0773713,0.0774183
-76.0091,-0.0613202,0.0769589,0.0770433,0.0770927
-75.9864,-0.0621178,0.0766178,0.0766964,0.0767482
-75.9637,-0.0629003,0.0762433,0.0763306,0.0763848
-75.941,-0.0636672,0.0758238,0.075946,0.0760026
-75.9184,-0.0644185,0.0754254,0.0755428,0.0756018
-75.8957,-0.0651541,0.0749927,0.075121,0.0751823
-75.873,-0.0658736,0.074558,0.0746808,0.0747444
-75.8503,-0.0665769,0.0741054,0.0742222,0.0742881
-75.8277,-0.0672638,0.0736283,0.0737453,0.0738136
-75.805,-0.0679343,0.0730901,0.0732503,0.0733209
-75.7823,-0.0685881,0.0726165,0.0727373,0.0728102
-75.7596,-0.069225,0.0720477,0.0722064,0.0722816
-75.737,-0.0698449,0.071474,0.0716578,0.0717352
-75.7143,-0.0704476,0.0709398,0.0710916,0.0711713
-75.6916,-0.0710331,0.0703526,0.0705078,0.0705897
-75.6689,-0.0716011,0.0697156,0.0699068,0.0699909
-75.6463,-0.0721515,0.0691394,0.0692885,0.0693748
-75.6236,-0.0726842,0.0684539,0.0686533,0.0687418
-75.6009,-0.0731991,0.0677974,0.0680011,0.0680918
-75.5782,-0.0736959,0.0671211,0.0673322,0.067425
-75.5556,-0.0741747,0.0664271,0.0666468,0.0667417
-75.5329,-0.0746353,0.0657154,0.065945,0.066042
-75.5102,-0.0750775,0.0650071,0.065227,0.065326
-75.4875,-0.0755012,0.0642492,0.0644929,0.064594
-75.4649,-0.0759065,0.0635025,0.063743,0.0638461
-75.4422,-0.0762931,0.0627473,0.0629774,0.0630826
-75.4195,-0.0766609,0.0619069,0.0621963,0.0623035
-75.3968,-0.0770099,0.0611153,0.0614,0.0615091
-75.3741,-0.07734,0.0603495,0.0605885,0.0606995
-75.3515,-0.0776512,0.0594773,0.0597622,0.0598751
-75.3288,-0.0779432,0.0586421,0.0589211,0.0590359
-75.3061,-0.0782161,0.0577601,0.0580656,0.0581822
-75.2834,-0.0784698,0.0568827,0.0571958,0.0573143
-75.2608,-0.0787042,0.0559814,0.0563119,0.0564322
-75.2381,-0.0789192,0.0551087,0.0554142,0.0555363
-75.2154,-0.0791149,0.0541968,0.0545029,0.0546267
-75.1927,-0.0792912,0.0532396,0.0535781,0.0537037
-75.1701,-0.079448,0.0523087,0.0526402,0.0527675
-75.1474,-0.0795853,0.051372,0.0516894,0.0518183
-75.1247,-0.079703,0.050385,0.0507258,0.0508564
-75.102,-0.0798011,0.0493897,0.0497498,0.049882
-75.0794,-0.0798797,0.0483914,0.0487615,0.0488953
-75.0567,-0.0799386,0.04736,0.0477613,0.0478966
-75.034,-0.0799779,0.0463458,0.0467493,0.0468861
-75.0113,-0.0799975,0.0453157,0.0457258,0.0458641
-74.9887,-0.0799975,0.0443447,0.0446911,0.0448309
-74.966,-0.0799779,0.0432832,0.0436454,0.0437866
-74.9433,-0.0799386,0.0421367,0.042589,0.0427315
-74.9206,-0.0798797,0.0411174,0.0415221,0.041666
-74.898,-0.0798011,0.0399926,0.0404449,0.0405902
-74.8753,-0.079703,0.0389144,0.0393579,0.0395045
-74.8526,-0.0795853,0.0378057,0.0382612,0.038409
-74.8299,-0.079448,0.0366787,0.0371551,0.0373041
-74.8073,-0.0792912,0.0355786,0.0360398,0.0361901
-74.7846,-0.0791149,0.0344718,0.0349157,0.0350671
-74.7619,-0.0789192,0.0332951,0.033783,0.0339355
-74.7392,-0.0787042,0.0321664,0.0326421,0.0327957
-74.7166,-0.0784698,0.0309553,0.0314931,0.0316477
-74.6939,-0.0782161,0.0298404,0.0303363,0.030492
-74.6712,-0.0779432,0.0286876,0.0291721,0.0293288
-74.6485,-0.0776512,0.0275693,0.0280008,0.0281583
-74.6259,-0.07734,0.0263241,0.0268225,0.026981
-74.6032,-0.0770099,0.0251372,0.0256377,0.0257971
-74.5805,-0.0766609,0.0239063,0.0244466,0.0246068
-74.5578,-0.0762931,0.0227702,0.0232495,0.0234105
-74.5351,-0.0759065,0.021497,0.0220467,0.0222084
-74.5125,-0.0755012,0.020294,0.0208385,0.0210009
-74.4898,-0.0750775,0.0190536,0.0196251,0.0197882
-74.4671,-0.0746353,0.0178866,0.018407,0.0185707
-74.4444,-0.0741747,0.0166022,0.0171843,0.0173486
-74.4218,-0.0736959,0.0153745,0.0159574,0.0161223
-74.3991,-0.0731991,0.0140968,0.0147266,0.014892
-74.3764,-0.0726842,0.0129034,0.0134923,0.0136581
-74.3537,-0.0721515,0.0116323,0.0122546,0.0124209
-74.3311,-0.0716011,0.0103924,0.0110139,0.0111806
-74.3084,-0.0710331,0.00908755,0.00977051,0.00993757
-74.2857,-0.0704476,0.00796495,0.00852474,0.00869214
-74.263,-0.0698449,0.00662803,0.0072769,0.00744456
-74.2404,-0.069225,0.00540791,0.0060273,0.0061952
-74.2177,-0.0685881,0.0040916,0.00477621,0.00494431
-74.195,-0.0679343,0.0028673,0.003524,0.00369225
-74.1723,-0.0672638,0.00159449,0.00227092,0.0024393
-74.1497,-0.0665769,0.000360007,0.00101732,0.00118577
-74.127,-0.0658736,-0.000926885,-0.000236504,-6.80302e-05
-74.1043,-0.0651541,-0.00204227,-0.00149026,-0.00132179
-74.0816,-0.0644185,-0.00341268,-0.00274361,-0.00257519
-74.059,-0.0636672,-0.00466315,-0.00399626,-0.00382793
-74.0363,-0.0629003,-0.00595305,-0.00524792,-0.00507971
-74.0136,-0.0621178,-0.00715021,-0.00649824,-0.00633021
-73.9909,-0.0613202,-0.00852425,-0.00774693,-0.00757912
-73.9683,-0.0605074,-0.0097075,-0.0089937,-0.00882615
-73.9456,-0.0596798,-0.0108679,-0.0102382,-0.010071
-73.9229,-0.0588376,-0.0121473,-0.0114802,-0.0113133
-73.9002,-0.0579809,-0.0134215,-0.0127193,-0.0125528
-73.8776,-0.0571099,-0.014597,-0.0139552,-0.0137891
-73.8549,-0.056225,-0.01587,-0.0151877,-0.0150221
-73.8322,-0.0553262,-0.0170491,-0.0164165,-0.0162513
-73.8095,-0.0544138,-0.0184124,-0.0176411,-0.0174765
-73.7868,-0.0534881,-0.0196083,-0.0188614,-0.0186973
-73.7642,-0.0525492,-0.0207696,-0.0200769,-0.0199136
-73.7415,-0.0515974,-0.0219856,-0.0212876,-0.0211248
-73.7188,-0.050633,-0.0232262,-0.0224929,-0.0223309
-73.6961,-0.0496561,-0.0244274,-0.0236926,-0.0235314
-73.6735,-0.048667,-0.025631,-0.0248865,-0.0247261
-73.6508,-0.047666,-0.0267806,-0.0260743,-0.0259146
-73.6281,-0.0466532,-0.0280283,-0.0272555,-0.0270968
-73.6054,-0.045629,-0.0291518,-0.02843,-0.0282722
-73.5828,-0.0445936,-0.0303605,-0.0295975,-0.0294406
-73.5601,-0.0435472,-0.0315032,-0.0307577,-0.0306018
-73.5374,-0.0424902,-0.032622,-0.0319102,-0.0317554
-73.5147,-0.0414227,-0.0337733,-0.0330548,-0.0329011
-73.4921,-0.040345,-0.0348991,-0.0341913,-0.0340387
-73.4694,-0.0392574,-0.0360287,-0.0353193,-0.0351678
-73.4467,-0.0381602,-0.0371823,-0.0364385,-0.0362883
-73.424,-0.0370536,-0.0383175,-0.0375488,-0.0373997
-73.4014,-0.0359379,-0.0394616,-0.0386497,-0.0385019
-73.3787,-0.0348134,-0.0404763,-0.0397411,-0.0395946
-73.356,-0.0336803,-0.0416121,-0.0408226,-0.0406775
-73.3333,-0.0325389,-0.042702,-0.0418941,-0.0417504
-73.3107,-0.0313896,-0.0437282,-0.0429551,-0.0428129
-73.288,-0.0302325,-0.0447785,-0.0440056,-0.0438648
-73.2653,-0.0290681,-0.0458175,-0.0450452,-0.0449059
-73.2426,-0.0278964,-0.0467728,-0.0460736,-0.0459359
-73.22,-0.026718,-0.0478515,-0.0470906,-0.0469544
-73.1973,-0.0255329,-0.0487419,-0.048096,-0.0479614
-73.1746,-0.0243416,-0.0497582,-0.0490894,-0.0489566
-73.1519,-0.0231444,-0.050782,-0.0500708,-0.0499396
-73.1293,-0.0219414,-0.0517863,-0.0510397,-0.0509103
-73.1066,-0.020733,-0.0526478,-0.0519961,-0.0518684
-73.0839,-0.0195196,-0.0536391,-0.0529395,-0.0528136
-73.0612,-0.0183014,-0.054625,-0.0538699,-0.0537458
-73.0385,-0.0170786,-0.0555295,-0.0547869,-0.0546647
-73.0159,-0.0158517,-0.0563499,-0.0556904,-0.0555701
-72.9932,-0.0146209,-0.0573445,-0.0565801,-0.0564618
-72.9705,-0.0133865,-0.0581231,-0.0574558,-0.0573395
-72.9478,-0.0121487,-0.0589868,-0.0583173,-0.058203
-72.9252,-0.0109081,-0.0598384,-0.0591644,-0.0590521
-72.9025,-0.00966469,-0.0606558,-0.0599969,-0.0598866
-72.8798,-0.00841895,-0.0614721,-0.0608144,-0.0607063
-72.8571,-0.00717114,-0.0623443,-0.061617,-0.061511
-72.8345,-0.00592157,-0.0630807,-0.0624043,-0.0623005
-72.8118,-0.00467055,-0.0637755,-0.0631762,-0.0630746
-72.7891,-0.00341838,-0.06455,-0.0639325,-0.0638331
-72.7664,-0.00216537,-0.0653271,-0.064673,-0.0645758
-72.7438,-0.000911826,-0.0661236,-0.0653974,-0.0653025
-72.7211,0.000341941,-0.0668678,-0.0661057,-0.0660131
-72.6984,0.00159562,-0.067447,-0.0667976,-0.0667074
-72.6757,0.00284891,-0.0681903,-0.067473,-0.0673852
-72.6531,0.00410151,-0.0688865,-0.0681317,-0.0680463
-72.6304,0.00535309,-0.0694189,-0.0687735,-0.0686906
-72.6077,0.00660336,-0.0699683,-0.0693984,-0.0693178
-72.585,0.00785201,-0.0706071,-0.0700061,-0.069928
-72.5624,0.00909872,-0.0711459,-0.0705964,-0.0705209
-72.5397,0.0103432,-0.0717659,-0.0711693,-0.0710963
-72.517,0.0115852,-0.072226,-0.0717246,-0.0716542
-72.4943,0.0128242,-0.072724,-0.0722622,-0.0721943
-72.4717,0.0140602,-0.0732685,-0.0727818,-0.0727166
-72.449,0.0152927,-0.0738684,-0.0732835,-0.0732209
-72.4263,0.0165214,-0.0742599,-0.073767,-0.073707
-72.4036,0.0177461,-0.0746798,-0.0742324,-0.074175
-72.381,0.0189664,-0.0750733,-0.0746793,-0.0746247
-72.3583,0.0201821,-0.075643,-0.0751077,-0.0750558
-72.3356,0.0213928,-0.0759665,-0.0755176,-0.0754684
-72.3129,0.0225982,-0.0764151,-0.0759088,-0.0758624
-72.2902,0.0237982,-0.0767741,-0.0762812,-0.0762376
-72.2676,0.0249922,-0.0770695,-0.0766348,-0.0765939
-72.2449,0.0261801,-0.0773721,-0.0769694,-0.0769313
-72.2222,0.0273616,-0.0776198,-0.0772849,-0.0772497
-72.1995,0.0285364,-0.077887,-0.0775814,-0.0775489
-72.1769,0.0297041,-0.078357,-0.0778586,-0.077829
-72.1542,0.0308646,-0.0784051,-0.0781166,-0.0780899
-72.1315,0.0320175,-0.07866,-0.0783553,-0.0783314
-72.1088,0.0331625,-0.0789461,-0.0785745,-0.0785536
-72.0862,0.0342994,-0.0791616,-0.0787744,-0.0787563
-72.0635,0.0354278,-0.0791997,-0.0789547,-0.0789396
-72.0408,0.0365476,-0.0794482,-0.0791155,-0.0791033
-72.0181,0.0376583,-0.0795472,-0.0792568,-0.0792475
-71.9955,0.0387598,-0.079744,-0.0793784,-0.0793721
-71.9728,0.0398518,-0.0797516,-0.0794804,-0.0794771
-71.9501,0.0409341,-0.0797719,-0.0795628,-0.0795624
-71.9274,0.0420062,-0.0797724,-0.0796254,-0.079628
-71.9048,0.043068,-0.0798537,-0.0796684,-0.079674
-71.8821,0.0441193,-0.0798003,-0.0796917,-0.0797002
-71.8594,0.0451597,-0.0798394,-0.0796952,-0.0797068
-71.8367,0.0461891,-0.0797485,-0.079679,-0.0796936
-71.8141,0.0472071,-0.0797211,-0.0796432,-0.0796607
-71.7914,0.0482134,-0.079681,-0.0795876,-0.0796081
-71.7687,0.049208,-0.0796595,-0.0795123,-0.0795359
-71.746,0.0501905,-0.0795004,-0.0794174,-0.079444
-71.7234,0.0511606,-0.0793666,-0.0793028,-0.0793324
-71.7007,0.0521182,-0.0792371,-0.0791686,-0.0792012
-71.678,0.0530629,-0.0789336,-0.0790148,-0.0790504
-71.6553,0.0539947,-0.0787485,-0.0788415,-0.0788801
-71.6327,0.0549131,-0.0786266,-0.0786487,-0.0786903
-71.61,0.0558181,-0.078415,-0.0784364,-0.078481
-71.5873,0.0567094,-0.0782624,-0.0782047,-0.0782524
-71.5646,0.0575868,-0.0778592,-0.0779537,-0.0780043
-71.542,0.05845,-0.0775632,-0.0776834,-0.0777371
-71.5193,0.0592988,-0.0773746,-0.0773939,-0.0774505
-71.4966,0.0601331,-0.0768678,-0.0770853,-0.0771449
-71.4739,0.0609526,-0.0765004,-0.0767576,-0.0768201
-71.4512,0.0617571,-0.0762384,-0.0764109,-0.0764764
-71.4286,0.0625465,-0.0758503,-0.0760453,-0.0761138
-71.4059,0.0633205,-0.0755433,-0.0756609,-0.0757323
-71.3832,0.064079,-0.0749725,-0.0752578,-0.0753322
-71.3605,0.0648217,-0.0745694,-0.0748361,-0.0749134
-71.3379,0.0655485,-0.0740846,-0.0743959,-0.0744761
-71.3152,0.0662592,-0.073727,-0.0739373,-0.0740204
-71.2925,0.0669536,-0.0731346,-0.0734605,-0.0735464
-71.2698,0.0676316,-0.0725896,-0.0729654,-0.0730542
-71.2472,0.068293,-0.072155,-0.0724524,-0.072544
-71.2245,0.0689376,-0.0716565,-0.0719214,-0.0720159
-71.2018,0.0695652,-0.0708594,-0.0713726,-0.0714699
-71.1791,0.0701758,-0.0704588,-0.0708062,-0.0709063
-71.1565,0.0707691,-0.0697781,-0.0702223,-0.0703252
-71.1338,0.0713451,-0.0691418,-0.0696211,-0.0697267
-71.1111,0.0719035,-0.0685366,-0.0690027,-0.069111
-71.0884,0.0724443,-0.0678852,-0.0683672,-0.0684782
-71.0658,0.0729673,-0.0670378,-0.0677148,-0.0678285
-71.0431,0.0734723,-0.0664932,-0.0670457,-0.0671621
-71.0204,0.0739593,-0.0659235,-0.06636,-0.066479
-70.9977,0.0744282,-0.0651687,-0.0656579,-0.0657796
-70.9751,0.0748787,-0.0641673,-0.0649396,-0.0650639
-70.9524,0.0753109,-0.0634096,-0.0642053,-0.0643321
-70.9297,0.0757246,-0.0626589,-0.0634552,-0.0635845
-70.907,0.0761197,-0.0620335,-0.0626893,-0.0628212
-70.8844,0.076496,-0.0611663,-0.061908,-0.0620423
-70.8617,0.0768536,-0.0603571,-0.0611114,-0.0612482
-70.839,0.0771923,-0.0595069,-0.0602998,-0.0604389
-70.8163,0.0775121,-0.0586086,-0.0594732,-0.0596148
-70.7937,0.0778128,-0.0577068,-0.058632,-0.0587759
-70.771,0.0780944,-0.0570133,-0.0577763,-0.0579226
-70.7483,0.0783568,-0.0559684,-0.0569064,-0.0570549
-70.7256,0.0786,-0.0550398,-0.0560224,-0.0561732
-70.7029,0.0788239,-0.0542338,-0.0551246,-0.0552776
-70.6803,0.0790284,-0.0533064,-0.0542132,-0.0543684
-70.6576,0.0792135,-0.0522456,-0.0532885,-0.0534459
-70.6349,0.0793791,-0.0514161,-0.0523506,-0.0525101
-70.6122,0.0795253,-0.0504773,-0.0513999,-0.0515614
-70.5896,0.0796519,-0.0494718,-0.0504364,-0.0506
-70.5669,0.0797589,-0.0483801,-0.0494606,-0.0496262
-70.5442,0.0798464,-0.0474017,-0.0484726,-0.0486401
-70.5215,0.0799142,-0.0462976,-0.0474727,-0.0476421
-70.4989,0.0799625,-0.0453973,-0.046461,-0.0466323
-70.4762,0.0799911,-0.0442507,-0.045438,-0.0456111
-70.4535,0.08,-0.0433314,-0.0444038,-0.0445786
-70.4308,0.0799893,-0.042035,-0.0433586,-0.0435352
-70.4082,0.0799589,-0.0410133,-0.0423029,-0.0424811
-70.3855,0.0799089,-0.0399933,-0.0412367,-0.0414166
-70.3628,0.0798393,-0.0387061,-0.0401604,-0.0403419
-70.3401,0.07975,-0.0375137,-0.0390742,-0.0392573
-70.3175,0.0796412,-0.0367342,-0.0379785,-0.0381631
-70.2948,0.0795128,-0.0354241,-0.0368734,-0.0370595
-70.2721,0.0793649,-0.0343753,-0.0357594,-0.0359468
-70.2494,0.0791975,-0.0329771,-0.0346365,-0.0348253
-70.2268,0.0790106,-0.0319044,-0.0335052,-0.0336953
-70.2041,0.0788043,-0.0307419,-0.0323657,-0.0325571
-70.1814,0.0785787,-0.029777,-0.0312183,-0.0314108
-70.1587,0.0783338,-0.0284153,-0.0300633,-0.030257
-70.1361,0.0780696,-0.0274592,-0.0289009,-0.0290957
-70.1134,0.0777863,-0.026068,-0.0277315,-0.0279273
-70.0907,0.0774838,-0.0249961,-0.0265554,-0.0267521
-70.068,0.0771623,-0.0236262,-0.0253728,-0.0255705
-70.0454,0.0768219,-0.0224684,-0.024184,-0.0243826
-70.0227,0.0764626,-0.0212527,-0.0229893,-0.0231887
-70,0.0760845,-0.0200245,-0.0217891,-0.0219893
-69.9773,0.0756878,-0.0186602,-0.0205837,-0.0207845
-69.9546,0.0752724,-0.0174004,-0.0193733,-0.0195747
-69.932,0.0748385,-0.0162058,-0.0181582,-0.0183602
-69.9093,0.0743863,-0.0154047,-0.0169387,-0.0171413
-69.8866,0.0739158,-0.0138405,-0.0157152,-0.0159183
-69.8639,0.0734272,-0.0126113,-0.014488,-0.0146914
-69.8413,0.0729205,-0.011236,-0.0132573,-0.0134611
-69.8186,0.0723959,-0.00983334,-0.0120235,-0.0122276
-69.7959,0.0718535,-0.00871526,-0.0107868,-0.0109911
-69.7732,0.0712935,-0.00754124,-0.00954767,-0.00975213
-69.7506,0.0707159,-0.00599213,-0.00830631,-0.00851085
-69.7279,0.070121,-0.00487804,-0.00706305,-0.00726762
-69.7052,0.0695089,-0.00366372,-0.00581821,-0.00602275
-69.6825,0.0688797,-0.00234241,-0.00457209,-0.00477654
-69.6599,0.0682335,-0.000969706,-0.00332501,-0.0035293
-69.6372,0.0675706,0.000154371,-0.0020773,-0.00228135
-69.6145,0.0668912,0.00151626,-0.00082923,-0.00103299
-69.5918,0.0661953,0.00279745,0.000418857,0.000215445
-69.5692,0.0654831,0.00408651,0.00166666,0.00146367
-69.5465,0.0647548,0.00520012,0.00291385,0.00271136
-69.5238,0.0640107,0.0065757,0.00416014,0.00395821
-69.5011,0.0632508,0.00788213,0.00540522,0.00520391
-69.4785,0.0624754,0.00916746,0.00664874,0.00644811
-69.4558,0.0616846,0.0101957,0.00789044,0.00769056
-69.4331,0.0608787,0.0117832,0.00912996,0.00893091
-69.4104,0.0600579,0.0128647,0.010367,0.0101689
-69.3878,0.0592222,0.0140412,0.0116013,0.0114041
-69.3651,0.0583721,0.0156662,0.0128325,0.0126364
-69.3424,0.0575076,0.0168767,0.0140603,0.0138653
-69.3197,0.056629,0.01782,0.0152844,0.0150905
-69.2971,0.0557364,0.01917,0.0165046,0.0163119
-69.2744,0.0548302,0.0205724,0.0177203,0.017529
-69.2517,0.0539105,0.0218161,0.0189315,0.0187415
-69.229,0.0529776,0.0229938,0.0201378,0.0199492
-69.2063,0.0520316,0.0243066,0.0213388,0.0211518
-69.1837,0.0510729,0.0252042,0.0225343,0.0223489
-69.161,0.0501017,0.0266403,0.023724,0.0235402
-69.1383,0.0491181,0.0279408,0.0249076,0.0247255
-69.1156,0.0481224,0.0291712,0.0260848,0.0259045
-69.093,0.047115,0.0303501,0.0272552,0.0270768
-69.0703,0.046096,0.031355,0.0284187,0.0282422
-69.0476,0.0450656,0.0323792,0.0295749,0.0294003
-69.0249,0.0440242,0.0339571,0.0307234,0.030551
-69.0023,0.042972,0.0349913,0.0318642,0.0316938
-68.9796,0.0419092,0.0361293,0.0329967,0.0328286
-68.9569,0.0408361,0.0373908,0.0341208,0.033955
-68.9342,0.039753,0.038472,0.0352362,0.0350727
-68.9116,0.0386601,0.0395649,0.0363426,0.0361815
-68.8889,0.0375577,0.0408667,0.0374398,0.0372811
-68.8662,0.0364461,0.0416921,0.0385273,0.0383712
-68.8435,0.0353256,0.0428971,0.0396051,0.0394516
-68.8209,0.0341964,0.0439696,0.0406727,0.040522
-68.7982,0.0330587,0.0451687,0.04173,0.041582
-68.7755,0.031913,0.0461645,0.0427767,0.0426315
-68.7528,0.0307594,0.0474322,0.0438125,0.0436702
-68.7302,0.0295983,0.0483807,0.0448372,0.0446978
-68.7075,0.0284299,0.0493659,0.0458504,0.0457141
-68.6848,0.0272545,0.0506109,0.046852,0.0467187
-68.6621,0.0260724,0.0517921,0.0478417,0.0477116
-68.6395,0.0248839,0.0525715,0.0488193,0.0486923
-68.6168,0.0236893,0.0534261,0.0497844,0.0496608
-68.5941,0.0224889,0.0543823,0.0507369,0.0506166
-68.5714,0.0212829,0.0555843,0.0516765,0.0515597
-68.5488,0.0200718,0.0563679,0.052603,0.0524896
-68.5261,0.0188557,0.0573168,0.0535162,0.0534064
-68.5034,0.017635,0.058191,0.0544158,0.0543095
-68.4807,0.0164099,0.0590094,0.0553016,0.055199
-68.458,0.0151808,0.0598571,0.0561734,0.0560745
-68.4354,0.013948,0.0609205,0.057031,0.0569359
-68.4127,0.0127117,0.0617602,0.0578741,0.0577828
-68.39,0.0114724,0.0626448,0.0587026,0.0586152
-68.3673,0.0102302,0.0636169,0.0595161,0.0594327
-68.3447,0.00898547,0.0642983,0.0603146,0.0602352
-68.322,0.00773857,0.0648927,0.0610979,0.0610226
-68.2993,0.00648976,0.0658255,0.0618657,0.0617945
-68.2766,0.00523936,0.066976,0.0626178,0.0625508
-68.254,0.00398767,0.0674959,0.0633541,0.0632913
-68.2313,0.002735,0.0681764,0.0640743,0.0640159
-68.2086,0.00148166,0.0691034,0.0647784,0.0647243
-68.1859,0.000227961,0.0696964,0.065466,0.0654164
-68.1633,-0.0010258,0.0702657,0.0661371,0.0660919
-68.1406,-0.00227931,0.0710367,0.0667915,0.0667508
-68.1179,-0.00353225,0.0717451,0.067429,0.0673929
-68.0952,-0.00478433,0.0722982,0.0680495,0.068018
-68.0726,-0.00603524,0.0729352,0.0686527,0.0686259
-68.0499,-0.00728466,0.0738532,0.0692387,0.0692165
-68.0272,-0.00853229,0.0743855,0.0698071,0.0697897
-68.0045,-0.00977783,0.0746912,0.0703579,0.0703453
-67.9819,-0.011021,0.0755343,0.0708909,0.0708832
-67.9592,-0.0122614,0.0759948,0.071406,0.0714032
-67.9365,-0.0134988,0.0762106,0.0719031,0.0719052
-67.9138,-0.0147329,0.0765529,0.0723821,0.0723891
-67.8912,-0.0159634,0.0775188,0.0728427,0.0728548
-67.8685,-0.01719,0.0776867,0.073285,0.0733021
-67.8458,-0.0184123,0.0779886,0.0737088,0.073731
-67.8231,-0.0196301,0.0786343,0.074114,0.0741413
-67.8005,-0.0208431,0.0790707,0.0745004,0.074533
-67.7778,-0.022051,0.0792446,0.0748681,0.0749059
-67.7551,-0.0232534,0.079746,0.075217,0.0752599
-67.7324,-0.0244502,0.0798008,0.0755468,0.075595
-67.7098,-0.0256409,0.0804852,0.0758575,0.0759111
-67.6871,-0.0268254,0.0811302,0.0761492,0.0762081
-67.6644,-0.0280032,0.0813986,0.0764217,0.0764859
-67.6417,-0.0291742,0.0813246,0.0766748,0.0767445
-67.619,-0.030338,0.0814805,0.0769087,0.0769838
-67.5964,-0.0314944,0.0818324,0.0771232,0.0772037
-67.5737,-0.032643,0.0821146,0.0773183,0.0774042
-67.551,-0.0337836,0.0820383,0.0774938,0.0775853
-67.5283,-0.0349159,0.0822739,0.0776499,0.0777468
-67.5057,-0.0360397,0.082463,0.0777864,0.0778888
-67.483,-0.0371546,0.0827194,0.0779032,0.0780113
-67.4603,-0.0382603,0.082499,0.0780005,0.0781141
-67.4376,-0.0393567,0.0830236,0.0780781,0.0781973
-67.415,-0.0404434,0.0830258,0.0781361,0.0782609
-67.3923,-0.0415201,0.0827837,0.0781744,0.0783048
-67.3696,-0.0425867,0.0827101,0.0781931,0.0783291
-67.3469,-0.0436428,0.0831273,0.078192,0.0783336
-67.3243,-0.0446882,0.0829928,0.0781714,0.0783185
-67.3016,-0.0457226,0.0830325,0.078131,0.0782838
-67.2789,-0.0467458,0.082877,0.0780709,0.0782294
-67.2562,-0.0477574,0.0828053,0.0779913,0.0781554
-67.2336,-0.0487574,0.0824768,0.077892,0.0780618
-67.2109,-0.0497454,0.0826391,0.0777731,0.0779485
-67.1882,-0.0507212,0.0823113,0.0776347,0.0778158
-67.1655,-0.0516845,0.0822726,0.0774768,0.0776635
-67.1429,-0.0526351,0.0818886,0.0772995,0.0774918
-67.1202,-0.0535728,0.0819473,0.0771026,0.0773006
-67.0975,-0.0544973,0.081749,0.0768865,0.07709
-67.0748,-0.0554085,0.0816919,0.076651,0.0768601
-67.0522,-0.056306,0.0813684,0.0763962,0.076611
-67.0295,-0.0571897,0.0809669,0.0761223,0.0763427
-67.0068,-0.0580594,0.0803231,0.0758293,0.0760553
-66.9841,-0.0589148,0.0805069,0.0755173,0.0757487
-66.9615,-0.0597557,0.0800599,0.0751863,0.0754233
-66.9388,-0.0605819,0.079702,0.0748364,0.0750789
-66.9161,-0.0613933,0.0789947,0.0744678,0.0747158
-66.8934,-0.0621896,0.078781,0.0740805,0.074334
-66.8707,-0.0629706,0.0784175,0.0736747,0.0739336
-66.8481,-0.0637362,0.0780438,0.0732504,0.0735146
-66.8254,-0.0644861,0.0773803,0.0728077,0.0730774
-66.8027,-0.0652201,0.0772929,0.0723468,0.0726218
-66.78,-0.0659382,0.0761748,0.0718677,0.0721481
-66.7574,-0.06664,0.076034,0.0713707,0.0716563
-66.7347,-0.0673255,0.0756285,0.0708558,0.0711467
-66.712,-0.0679944,0.0751135,0.0703232,0.0706193
-66.6893,-0.0686467,0.0744369,0.069773,0.0700742
-66.6667,-0.069282,0.0739187,0.0692054,0.0695117
-66.644,-0.0699004,0.0730641,0.0686204,0.0689318
-66.6213,-0.0705016,0.0727585,0.0680183,0.0683348
-66.5986,-0.0710855,0.0720999,0.0673993,0.0677207
-66.576,-0.0716519,0.0713578,0.0667633,0.0670897
-66.5533,-0.0722007,0.0705939,0.0661107,0.066442
-66.5306,-0.0727318,0.0702474,0.0654417,0.0657777
-66.5079,-0.073245,0.0695061,0.0647562,0.065097
-66.4853,-0.0737402,0.0686483,0.0640547,0.0644002
-66.4626,-0.0742173,0.0679723,0.0633372,0.0636873
-66.4399,-0.0746762,0.0670288,0.0626039,0.0629586
-66.4172,-0.0751168,0.0663013,0.061855,0.0622143
-66.3946,-0.0755389,0.0653394,0.0610907,0.0614544
-66.3719,-0.0759424,0.0647562,0.0603112,0.0606793
-66.3492,-0.0763273,0.0644174,0.0595167,0.0598891
-66.3265,-0.0766934,0.062894,0.0587074,0.0590841
-66.3039,-0.0770407,0.0618741,0.0578836,0.0582644
-66.2812,-0.0773691,0.0613872,0.0570453,0.0574303
-66.2585,-0.0776785,0.0605862,0.0561929,0.0565819
-66.2358,-0.0779688,0.0595555,0.0553266,0.0557196
-66.2132,-0.0782399,0.0586255,0.0544466,0.0548434
-66.1905,-0.0784919,0.0575968,0.053553,0.0539537
-66.1678,-0.0787245,0.0566773,0.0526463,0.0530506
-66.1451,-0.0789378,0.0559416,0.0517265,0.0521344
-66.1224,-0.0791318,0.0551634,0.0507939,0.0512054
-66.0998,-0.0793063,0.0536943,0.0498488,0.0502637
-66.0771,-0.0794613,0.0527214,0.0488914,0.0493096
-66.0544,-0.0795968,0.0518515,0.0479219,0.0483434
-66.0317,-0.0797127,0.0508404,0.0469406,0.0473653
-66.0091,-0.0798091,0.0499826,0.0459478,0.0463755
-65.9864,-0.0798858,0.0491338,0.0449437,0.0453744
-65.9637,-0.079943,0.0476418,0.0439286,0.0443621
-65.941,-0.0799805,0.0470436,0.0429026,0.0433389
-65.9184,-0.0799984,0.0455713,0.0418662,0.0423051
-65.8957,-0.0799966,0.0443539,0.0408195,0.041261
-65.873,-0.0799751,0.0433501,0.0397629,0.0402068
-65.8503,-0.0799341,0.0423056,0.0386965,0.0391428
-65.8277,-0.0798733,0.0412559,0.0376208,0.0380692
-65.805,-0.079793,0.0403798,0.0365358,0.0369864
-65.7823,-0.0796931,0.0387878,0.0354421,0.0358946
-65.7596,-0.0795736,0.0379099,0.0343397,0.0347941
-65.737,-0.0794345,0.0366556,0.033229,0.0336852
-65.7143,-0.079276,0.0355307,0.0321103,0.0325681
-65.6916,-0.0790979,0.0338642,0.0309839,0.0314432
-65.6689,-0.0789005,0.0330037,0.02985,0.0303107
-65.6463,-0.0786837,0.0318164,0.0287089,0.029171
-65.6236,-0.0784475,0.0308279,0.0275611,0.0280242
-65.6009,-0.0781921,0.0294279,0.0264066,0.0268708
-65.5782,-0.0779174,0.0282437,0.0252459,0.025711
-65.5556,-0.0776237,0.0268634,0.0240792,0.0245451
-65.5329,-0.0773108,0.0261693,0.0229069,0.0233734
-65.5102,-0.076979,0.0246358,0.0217292,0.0221961
-65.4875,-0.0766283,0.0236875,0.0205464,0.0210137
-65.4649,-0.0762587,0.0220687,0.0193589,0.0198264
-65.4422,-0.0758704,0.0207188,0.0181669,0.0186345
-65.4195,-0.0754635,0.0193862,0.0169708,0.0174384
-65.3968,-0.075038,0.0184372,0.0157709,0.0162382
-65.3741,-0.0745941,0.0170771,0.0145674,0.0150344
-65.3515,-0.0741319,0.0155504,0.0133607,0.0138272
-65.3288,-0.0736515,0.014212,0.0121511,0.012617
-65.3061,-0.073153,0.0133648,0.0109388,0.011404
-65.2834,-0.0726365,0.011982,0.00972433,0.0101886
-65.2608,-0.0721022,0.0107841,0.00850784,0.00897101
-65.2381,-0.0715502,0.00908902,0.00728969,0.00775165
-65.2154,-0.0709806,0.00805889,0.0060702,0.00653079
-65.1927,-0.0703936,0.00658121,0.00484966,0.00530873
-65.1701,-0.0697892,0.00527437,0.00362839,0.00408581
-65.1474,-0.0691678,0.00414195,0.00240672,0.00286232
-65.1247,-0.0685293,0.00302129,0.00118495,0.00163858
-65.102,-0.067874,0.00155358,-3.6615e-05,0.000414896
-65.0794,-0.0672021,0.000228736,-0.00125763,-0.000808394
-65.0567,-0.0665136,-0.000985465,-0.00247782,-0.00203101
-65.034,-0.0658088,-0.0020594,-0.00369683,-0.00325264
-65.0113,-0.0650878,-0.00403824,-0.00491438,-0.00447294
-64.9887,-0.0643509,-0.00496017,-0.00613016,-0.00569163
-64.966,-0.0635981,-0.00604728,-0.00734385,-0.00690838
-64.9433,-0.0628298,-0.00788078,-0.00855513,-0.00812289
-64.9206,-0.062046,-0.00874651,-0.00976368,-0.00933484
-64.898,-0.0612469,-0.00974925,-0.0109692,-0.0105439
-64.8753,-0.0604328,-0.0114873,-0.0121714,-0.0117498
-64.8526,-0.0596039,-0.0127883,-0.01337,-0.0129523
-64.8299,-0.0587603,-0.014003,-0.0145646,-0.0141509
-64.8073,-0.0579023,-0.015037,-0.015755,-0.0153455
-64.7846,-0.0570301,-0.0163305,-0.0169408,-0.0165356
-64.7619,-0.0561438,-0.0177704,-0.0181217,-0.0177211
-64.7392,-0.0552438,-0.0191768,-0.0192975,-0.0189016
-64.7166,-0.0543302,-0.0204174,-0.0204678,-0.0200767
-64.6939,-0.0534033,-0.0217014,-0.0216323,-0.0212463
-64.6712,-0.0524632,-0.0227175,-0.0227907,-0.0224099
-64.6485,-0.0515103,-0.0239559,-0.0239428,-0.0235674
-64.6259,-0.0505447,-0.0254139,-0.0250883,-0.0247183
-64.6032,-0.0495667,-0.026744,-0.0262268,-0.0258625
-64.5805,-0.0485765,-0.0277534,-0.027358,-0.0269996
-64.5578,-0.0475744,-0.0291172,-0.0284817,-0.0281293
-64.5351,-0.0465606,-0.0300127,-0.0295976,-0.0292514
-64.5125,-0.0455353,-0.0309847,-0.0307055,-0.0303655
-64.4898,-0.0444989,-0.0327621,-0.0318049,-0.0314714
-64.4671,-0.0434516,-0.0338625,-0.0328956,-0.0325688
-64.4444,-0.0423935,-0.0346256,-0.0339774,-0.0336575
-64.4218,-0.0413251,-0.0358792,-0.03505,-0.034737
-64.3991,-0.0402465,-0.0367745,-0.0361131,-0.0358073
-64.3764,-0.039158,-0.0384451,-0.0371664,-0.0368679
-64.3537,-0.03806,-0.0395924,-0.0382096,-0.0379186
-64.3311,-0.0369525,-0.040644,-0.0392426,-0.0389592
-64.3084,-0.035836,-0.0420099,-0.040265,-0.0399894
-64.2857,-0.0347107,-0.043262,-0.0412766,-0.041009
-64.263,-0.0335769,-0.0440561,-0.0422771,-0.0420176
-64.2404,-0.0324348,-0.0449366,-0.0432662,-0.043015
-64.2177,-0.0312847,-0.0463242,-0.0442438,-0.044001
-64.195,-0.030127,-0.0474892,-0.0452095,-0.0449753
-64.1723,-0.0289618,-0.0484659,-0.0461631,-0.0459377
-64.1497,-0.0277896,-0.0496052,-0.0471045,-0.0468879
-64.127,-0.0266105,-0.0505005,-0.0480332,-0.0478257
-64.1043,-0.0254249,-0.0517588,-0.0489491,-0.0487508
-64.0816,-0.024233,-0.0525101,-0.049852,-0.0496631
-64.059,-0.0230352,-0.0535836,-0.0507417,-0.0505622
-64.0363,-0.0218318,-0.0547183,-0.0516178,-0.051448
-64.0136,-0.0206229,-0.0559044,-0.0524802,-0.0523202
-63.9909,-0.019409,-0.0566248,-0.0533287,-0.0531786
-63.9683,-0.0181904,-0.0574349,-0.054163,-0.0540231
-63.9456,-0.0169673,-0.0584856,-0.054983,-0.0548533
-63.9229,-0.01574,-0.0596105,-0.0557884,-0.0556691
-63.9002,-0.0145088,-0.0602886,-0.0565791,-0.0564702
-63.8776,-0.0132741,-0.0612299,-0.0573548,-0.0572565
-63.8549,-0.0120361,-0.0617961,-0.0581153,-0.0580279
-63.8322,-0.0107951,-0.0628561,-0.0588604,-0.0587839
-63.8095,-0.00955154,-0.0637445,-0.0595901,-0.0595246
-63.7868,-0.0083056,-0.0640392,-0.0603039,-0.0602496
-63.7642,-0.00705762,-0.0651637,-0.0610019,-0.0609589
-63.7415,-0.0058079,-0.0665204,-0.0616838,-0.0616523
-63.7188,-0.00455676,-0.0666377,-0.0623494,-0.0623295
-63.6961,-0.0033045,-0.0677351,-0.0629987,-0.0629903
-63.6735,-0.00205143,-0.0682796,-0.0636313,-0.0636348
-63.6508,-0.000797852,-0.0687646,-0.0642472,-0.0642626
-63.6281,0.00045592,-0.0700546,-0.0648462,-0.0648736
-63.6054,0.00170958,-0.07069,-0.0654281,-0.0654677
-63.5828,0.00296282,-0.0709428,-0.0659928,-0.0660447
-63.5601,0.00421533,-0.0718254,-0.0665403,-0.0666045
-63.5374,0.00546681,-0.0721949,-0.0670702,-0.0671469
-63.5147,0.00671694,-0.0731079,-0.0675826,-0.0676718
-63.4921,0.00796543,-0.0735482,-0.0680772,-0.0681791
-63.4694,0.00921196,-0.0744541,-0.068554,-0.0686686
-63.4467,0.0104562,-0.0745116,-0.0690128,-0.0691403
-63.424,0.0116979,-0.0753534,-0.0694535,-0.069594
-63.4014,0.0129367,-0.0758741,-0.0698761,-0.0700296
-63.3787,0.0141724,-0.076271,-0.0702804,-0.070447
-63.356,0.0154046,-0.0765526,-0.0706662,-0.0708461
-63.3333,0.0166329,-0.0777572,-0.0710336,-0.0712268
-63.3107,0.0178572,-0.0779864,-0.0713825,-0.071589
-63.288,0.0190771,-0.0788079,-0.0717126,-0.0719326
-63.2653,0.0202924,-0.0782704,-0.0720241,-0.0722575
-63.2426,0.0215026,-0.0790379,-0.0723167,-0.0725638
-63.22,0.0227076,-0.080002,-0.0725905,-0.0728512
-63.1973,0.0239069,-0.0800066,-0.0728453,-0.0731197
-63.1746,0.0251005,-0.0799239,-0.0730812,-0.0733693
-63.1519,0.0262878,-0.0806686,-0.073298,-0.0735999
-63.1293,0.0274687,-0.0808828,-0.0734956,-0.0738114
-63.1066,0.0286428,-0.0812421,-0.0736742,-0.0740039
-63.0839,0.0298099,-0.0810065,-0.0738335,-0.0741772
-63.0612,0.0309697,-0.0815829,-0.0739737,-0.0743313
-63.0385,0.0321219,-0.0818067,-0.0740946,-0.0744662
-63.0159,0.0332662,-0.0820127,-0.0741962,-0.0745819
-62.9932,0.0344023,-0.0818138,-0.0742785,-0.0746783
-62.9705,0.03553,-0.0823583,-0.0743415,-0.0747555
-62.9478,0.0366489,-0.0826574,-0.0743853,-0.0748133
-62.9252,0.0377588,-0.0819507,-0.0744097,-0.0748519
-62.9025,0.0388595,-0.0825672,-0.0744148,-0.0748711
-62.8798,0.0399506,-0.0829431,-0.0744006,-0.0748711
-62.8571,0.0410319,-0.0822267,-0.074367,-0.0748517
-62.8345,0.0421032,-0.0824655,-0.0743143,-0.0748131
-62.8118,0.0431641,-0.0822805,-0.0742422,-0.0747552
-62.7891,0.0442143,-0.0825178,-0.074151,-0.0746781
-62.7664,0.0452538,-0.0823699,-0.0740405,-0.0745818
-62.7438,0.0462821,-0.0826299,-0.0739108,-0.0744663
-62.7211,0.047299,-0.0821878,-0.0737621,-0.0743316
-62.6984,0.0483044,-0.082371,-0.0735943,-0.0741779
-62.6757,0.0492978,-0.0821054,-0.0734074,-0.0740051
-62.6531,0.0502792,-0.0822032,-0.0732016,-0.0738133
-62.6304,0.0512482,-0.0820654,-0.0729769,-0.0736026
-62.6077,0.0522046,-0.0825558,-0.0727334,-0.0733729
-62.585,0.0531482,-0.0813933,-0.0724711,-0.0731245
-62.5624,0.0540787,-0.0811457,-0.0721901,-0.0728574
-62.5397,0.054996,-0.0807275,-0.0718905,-0.0725715
-62.517,0.0558997,-0.0805048,-0.0715724,-0.0722671
-62.4943,0.0567897,-0.0806483,-0.0712358,-0.0719442
-62.4717,0.0576658,-0.0806549,-0.070881,-0.0716029
-62.449,0.0585277,-0.0798464,-0.0705079,-0.0712433
-62.4263,0.0593753,-0.0804197,-0.0701166,-0.0708655
-62.4036,0.0602082,-0.0792912,-0.0697074,-0.0704696
-62.381,0.0610264,-0.0788703,-0.0692803,-0.0700557
-62.3583,0.0618295,-0.0781812,-0.0688354,-0.069624
-62.3356,0.0626175,-0.0779321,-0.0683728,-0.0691745
-62.3129,0.0633901,-0.0772253,-0.0678927,-0.0687073
-62.2902,0.0641472,-0.0772446,-0.0673952,-0.0682227
-62.2676,0.0648884,-0.0764444,-0.0668805,-0.0677207
-62.2449,0.0656138,-0.0757633,-0.0663487,-0.0672014
-62.2222,0.066323,-0.0755154,-0.0657999,-0.0666651
-62.1995,0.0670159,-0.0751884,-0.0652343,-0.0661118
-62.1769,0.0676924,-0.0739287,-0.064652,-0.0655418
-62.1542,0.0683523,-0.0738562,-0.0640533,-0.0649551
-62.1315,0.0689953,-0.0730654,-0.0634382,-0.064352
-62.1088,0.0696214,-0.072239,-0.062807,-0.0637325
-62.0862,0.0702305,-0.0719398,-0.0621598,-0.0630969
-62.0635,0.0708222,-0.0720185,-0.0614968,-0.0624454
-62.0408,0.0713966,-0.0711871,-0.0608181,-0.0617781
-62.0181,0.0719534,-0.0701046,-0.060124,-0.0610951
-61.9955,0.0724926,-0.0690017,-0.0594147,-0.0603967
-61.9728,0.0730139,-0.0686408,-0.0586903,-0.0596831
-61.9501,0.0735174,-0.0679394,-0.057951,-0.0589545
-61.9274,0.0740027,-0.0671477,-0.0571971,-0.058211
-61.9048,0.0744699,-0.0664616,-0.0564288,-0.0574529
-61.8821,0.0749188,-0.065487,-0.0556462,-0.0566803
-61.8594,0.0753493,-0.0646696,-0.0548496,-0.0558935
-61.8367,0.0757613,-0.0638188,-0.0540391,-0.0550927
-61.8141,0.0761547,-0.0627363,-0.0532151,-0.0542781
-61.7914,0.0765293,-0.0619547,-0.0523777,-0.0534499
-61.7687,0.0768852,-0.0614458,-0.0515272,-0.0526083
-61.746,0.0772222,-0.0608452,-0.0506638,-0.0517536
-61.7234,0.0775402,-0.0597738,-0.0497876,-0.050886
-61.7007,0.0778392,-0.0586847,-0.0488991,-0.0500057
-61.678,0.0781191,-0.0570729,-0.0479983,-0.049113
-61.6553,0.0783797,-0.0566332,-0.0470856,-0.0482081
-61.6327,0.0786212,-0.0556519,-0.0461612,-0.0472912
-61.61,0.0788433,-0.0543387,-0.0452254,-0.0463626
-61.5873,0.079046,-0.0531495,-0.0442783,-0.0454225
-61.5646,0.0792294,-0.0527848,-0.0433203,-0.0444713
-61.542,0.0793932,-0.0515658,-0.0423516,-0.043509
-61.5193,0.0795376,-0.0507928,-0.0413725,-0.0425361
-61.4966,0.0796624,-0.0496092,-0.0403832,-0.0415528
-61.4739,0.0797677,-0.0485653,-0.039384,-0.0405592
-61.4512,0.0798534,-0.0474071,-0.0383752,-0.0395558
-61.4286,0.0799194,-0.0464365,-0.037357,-0.0385427
-61.4059,0.0799659,-0.044926,-0.0363298,-0.0375202
-61.3832,0.0799927,-0.0440797,-0.0352937,-0.0364886
-61.3605,0.0799998,-0.0434117,-0.0342491,-0.0354482
-61.3379,0.0799873,-0.0424741,-0.0331963,-0.0343992
-61.3152,0.0799552,-0.0403855,-0.0321355,-0.0333419
-61.2925,0.0799034,-0.039552,-0.0310671,-0.0322767
-61.2698,0.079832,-0.0384309,-0.0299912,-0.0312038
-61.2472,0.0797409,-0.0369221,-0.0289083,-0.0301234
-61.2245,0.0796303,-0.035732,-0.0278185,-0.0290359
-61.2018,0.0795002,-0.0346528,-0.0267223,-0.0279415
-61.1791,0.0793505,-0.0340822,-0.0256198,-0.0268406
-61.1565,0.0791813,-0.0328825,-0.0245113,-0.0257334
-61.1338,0.0789927,-0.0308327,-0.0233973,-0.0246202
-61.1111,0.0787846,-0.0299704,-0.0222779,-0.0235014
-61.0884,0.0785572,-0.0287337,-0.0211535,-0.0223771
-61.0658,0.0783106,-0.0278302,-0.0200243,-0.0212478
-61.0431,0.0780446,-0.0264012,-0.0188908,-0.0201137
-61.0204,0.0777596,-0.024789,-0.0177531,-0.0189752
-60.9977,0.0774554,-0.0239913,-0.0166116,-0.0178324
-60.9751,0.0771322,-0.0226461,-0.0154665,-0.0166857
-60.9524,0.07679,-0.0210599,-0.0143183,-0.0155355
-60.9297,0.076429,-0.0202403,-0.0131672,-0.014382
-60.907,0.0760492,-0.0186222,-0.0120134,-0.0132255
-60.8844,0.0756508,-0.0168252,-0.0108574,-0.0120664
-60.8617,0.0752337,-0.0155912,-0.00969946,-0.0109049
-60.839,0.0747982,-0.0145799,-0.0085398,-0.00974132
-60.8163,0.0743443,-0.0133333,-0.00737879,-0.00857602
-60.7937,0.0738721,-0.0116654,-0.00621673,-0.00740927
-60.771,0.0733818,-0.0106132,-0.00505394,-0.00624141
-60.7483,0.0728735,-0.00967371,-0.00389073,-0.00507272
-60.7256,0.0723473,-0.0075905,-0.0027274,-0.00390351
-60.7029,0.0718033,-0.00636017,-0.00156426,-0.0027341
-60.6803,0.0712417,-0.00540016,-0.000401628,-0.00156479
-60.6576,0.0706625,-0.00378998,0.000760196,-0.000395886
-60.6349,0.0700661,-0.00242062,0.00192089,0.000772304
-60.6122,0.0694524,-0.00128129,0.00308016,0.00193948
-60.5896,0.0688216,0.000321995,0.00423768,0.0031053
-60.5669,0.068174,0.00121268,0.00539316,0.00426949
-60.5442,0.0675096,0.00311152,0.00654629,0.00543176
-60.5215,0.0668286,0.00410635,0.00769674,0.00659177
-60.4989,0.0661312,0.00528744,0.00884423,0.00774921
-60.4762,0.0654176,0.00668875,0.00998845,0.00890382
-60.4535,0.0646878,0.00790452,0.0111291,0.0100553
-60.4308,0.0639423,0.00869108,0.0122659,0.0112032
-60.4082,0.063181,0.0109436,0.0133984,0.0123475
-60.3855,0.0624041,0.0120467,0.0145265,0.0134876
-60.3628,0.061612,0.0132192,0.0156499,0.0146234
-60.3401,0.0608047,0.0142396,0.0167681,0.0157546
-60.3175,0.0599825,0.0155965,0.017881,0.0168807
-60.2948,0.0591456,0.0172348,0.0189881,0.0180017
-60.2721,0.0582941,0.0189765,0.0200894,0.0191171
-60.2494,0.0574283,0.0197635,0.0211844,0.0202267
-60.2268,0.0565484,0.0208604,0.0222728,0.0213301
-60.2041,0.0556546,0.0222738,0.0233544,0.0224271
-60.1814,0.0547471,0.0245164,0.0244289,0.0235175
-60.1587,0.0538262,0.0251785,0.025496,0.0246008
-60.1361,0.0528921,0.0264865,0.0265554,0.0256769
-60.1134,0.051945,0.0281573,0.0276068,0.0267455
-60.0907,0.0509851,0.0297077,0.02865,0.0278062
-60.068,0.0500127,0.030548,0.0296847,0.0288589
-60.0454,0.0490281,0.0315659,0.0307106,0.0299031
-60.0227,0.0480313,0.0325605,0.0317274,0.0309387
-60,0.0470228,0.0344633,0.0327349,0.0319655
-59.9773,0.0460028,0.0355758,0.0337328,0.032983
-59.9546,0.0449714,0.0367523,0.0347209,0.0339911
-59.932,0.043929,0.0375691,0.0356988,0.0349895
-59.9093,0.0428758,0.0393391,0.0366664,0.0359779
-59.8866,0.041812,0.0402753,0.0376234,0.0369561
-59.8639,0.040738,0.041863,0.0385695,0.0379238
-59.8413,0.039654,0.0429596,0.0395045,0.0388808
-59.8186,0.0385603,0.0439384,0.0404281,0.0398268
-59.7959,0.037457,0.0449447,0.0413401,0.0407617
-59.7732,0.0363446,0.0462792,0.0422402,0.041685
-59.7506,0.0352233,0.0471591,0.0431283,0.0425967
-59.7279,0.0340933,0.0487054,0.044004,0.0434964
-59.7052,0.0329549,0.0501811,0.0448673,0.044384
-59.6825,0.0318084,0.0508732,0.0457177,0.0452592
-59.6599,0.0306542,0.0517364,0.0465552,0.0461218
-59.6372,0.0294924,0.0532292,0.0473794,0.0469715
-59.6145,0.0283233,0.0542352,0.0481903,0.0478082
-59.5918,0.0271473,0.0553879,0.0489875,0.0486317
-59.5692,0.0259646,0.0564855,0.0497708,0.0494416
-59.5465,0.0247756,0.0574557,0.0505402,0.0502379
-59.5238,0.0235804,0.0587411,0.0512952,0.0510202
-59.5011,0.0223795,0.059965,0.0520359,0.0517885
-59.4785,0.0211731,0.0604851,0.0527619,0.0525425
-59.4558,0.0199614,0.0615762,0.0534732,0.0532821
-59.4331,0.0187449,0.0625411,0.0541694,0.0540069
-59.4104,0.0175238,0.063725,0.0548505,0.054717
-59.3878,0.0162983,0.0646048,0.0555161,0.0554119
-59.3651,0.0150689,0.0656974,0.0561663,0.0560917
-59.3424,0.0138357,0.0663771,0.0568009,0.0567561
-59.3197,0.0125992,0.0673498,0.0574195,0.057405
-59.2971,0.0113595,0.0678453,0.0580222,0.0580382
-59.2744,0.0101171,0.0693458,0.0586087,0.0586555
-59.2517,0.00887221,0.0702727,0.0591789,0.0592567
-59.229,0.00762511,0.0707816,0.0597326,0.0598419
-59.2063,0.00637615,0.0717338,0.0602698,0.0604107
-59.1837,0.00512562,0.0728255,0.0607902,0.060963
-59.161,0.00387383,0.0732793,0.0612938,0.0614987
-59.1383,0.00262109,0.0744374,0.0617804,0.0620177
-59.1156,0.0013677,0.0749282,0.0622499,0.0625199
-59.093,0.000113981,0.0756196,0.0627022,0.0630051
-59.0703,-0.00113977,0.0761315,0.0631372,0.0634732
-59.0476,-0.00239324,0.0774781,0.0635547,0.063924
-59.0249,-0.00364612,0.0783363,0.0639547,0.0643576
-59.0023,-0.0048981,0.0788134,0.0643371,0.0647737
-58.9796,-0.00614889,0.0792538,0.0647017,0.0651723
-58.9569,-0.00739816,0.0798983,0.0650485,0.0655533
-58.9342,-0.00864561,0.0802977,0.0653774,0.0659166
-58.9116,-0.00989095,0.0812207,0.0656884,0.066262
-58.8889,-0.0111338,0.0810925,0.0659813,0.0665896
-58.8662,-0.012374,0.0826954,0.066256,0.0668992
-58.8435,-0.0136111,0.0827709,0.0665126,0.0671908
-58.8209,-0.0148449,0.0831956,0.066751,0.0674643
-58.7982,-0.0160751,0.0833583,0.0669711,0.0677197
-58.7755,-0.0173013,0.0840425,0.0671728,0.0679568
-58.7528,-0.0185232,0.0848505,0.0673562,0.0681757
-58.7302,-0.0197406,0.0855143,0.0675211,0.0683763
-58.7075,-0.0209531,0.0855009,0.0676676,0.0685585
-58.6848,-0.0221605,0.0865966,0.0677956,0.0687223
-58.6621,-0.0233625,0.0868606,0.0679051,0.0688677
-58.6395,-0.0245587,0.0879843,0.0679961,0.0689946
-58.6168,-0.0257489,0.0870936,0.0680685,0.0691031
-58.5941,-0.0269327,0.0873961,0.0681224,0.069193
-58.5714,-0.02811,0.0882144,0.0681578,0.0692645
-58.5488,-0.0292803,0.0883391,0.0681747,0.0693175
-58.5261,-0.0304435,0.088561,0.068173,0.0693519
-58.5034,-0.0315991,0.089644,0.0681527,0.0693678
-58.4807,-0.0327471,0.0889354,0.068114,0.0693653
-58.458,-0.0338869,0.0895168,0.0680568,0.0693442
-58.4354,-0.0350185,0.0894629,0.0679812,0.0693047
-58.4127,-0.0361414,0.0896816,0.0678871,0.0692467
-58.39,-0.0372555,0.0897605,0.0677747,0.0691703
-58.3673,-0.0383604,0.0900128,0.0676439,0.0690755
-58.3447,-0.0394559,0.0899818,0.0674948,0.0689623
-58.322,-0.0405417,0.0904065,0.0673275,0.0688309
-58.2993,-0.0416175,0.0896908,0.067142,0.0686812
-58.2766,-0.0426831,0.0903961,0.0669384,0.0685132
-58.254,-0.0437383,0.08986,0.0667168,0.0683271
-58.2313,-0.0447827,0.0902498,0.0664772,0.0681229
-58.2086,-0.0458161,0.0893601,0.0662196,0.0679007
-58.1859,-0.0468382,0.089674,0.0659443,0.0676605
-58.1633,-0.0478488,0.0892975,0.0656512,0.0674025
-58.1406,-0.0488477,0.0901382,0.0653405,0.0671266
-58.1179,-0.0498346,0.0901795,0.0650123,0.066833
-58.0952,-0.0508093,0.0896981,0.0646666,0.0665218
-58.0726,-0.0517714,0.0892229,0.0643036,0.0661931
-58.0499,-0.0527209,0.0897264,0.0639234,0.0658469
-58.0272,-0.0536574,0.0889339,0.0635261,0.0654835
-58.0045,-0.0545807,0.0899291,0.0631118,0.0651028
-57.9819,-0.0554906,0.0892358,0.0626806,0.0647049
-57.9592,-0.0563869,0.0888683,0.0622327,0.0642902
-57.9365,-0.0572693,0.0885077,0.0617683,0.0638585
-57.9138,-0.0581377,0.0881063,0.0612873,0.0634101
-57.8912,-0.0589918,0.0880118,0.0607901,0.0629451
-57.8685,-0.0598314,0.0874132,0.0602767,0.0624637
-57.8458,-0.0606563,0.0861758,0.0597473,0.0619659
-57.8231,-0.0614663,0.0869113,0.059202,0.0614519
-57.8005,-0.0622612,0.0867371,0.058641,0.0609219
-57.7778,-0.0630409,0.0854998,0.0580645,0.060376
-57.7551,-0.063805,0.0851491,0.0574727,0.0598144
-57.7324,-0.0645535,0.084994,0.0568656,0.0592373
-57.7098,-0.0652861,0.0841257,0.0562436,0.0586447
-57.6871,-0.0660026,0.083446,0.0556067,0.0580369
-57.6644,-0.066703,0.0839162,0.0549552,0.0574141
-57.6417,-0.067387,0.083623,0.0542893,0.0567763
-57.619,-0.0680544,0.0817783,0.0536091,0.0561239
-57.5964,-0.0687051,0.0813699,0.0529148,0.055457
-57.5737,-0.069339,0.0819614,0.0522066,0.0547758
-57.551,-0.0699558,0.0803742,0.0514848,0.0540804
-57.5283,-0.0705554,0.0792985,0.0507496,0.0533711
-57.5057,-0.0711377,0.0788119,0.0500011,0.0526481
-57.483,-0.0717025,0.0785568,0.0492396,0.0519116
-57.4603,-0.0722497,0.077294,0.0484653,0.0511617
-57.4376,-0.0727792,0.077148,0.0476785,0.0503988
-57.415,-0.0732908,0.0771702,0.0468792,0.0496229
-57.3923,-0.0737843,0.0760694,0.0460679,0.0488344
-57.3696,-0.0742598,0.075247,0.0452447,0.0480334
-57.3469,-0.074717,0.0743763,0.0444098,0.0472202
-57.3243,-0.0751559,0.0730448,0.0435635,0.0463951
-57.3016,-0.0755763,0.0727055,0.042706,0.0455581
-57.2789,-0.0759782,0.0718516,0.0418376,0.0447096
-57.2562,-0.0763614,0.0704897,0.0409585,0.0438498
-57.2336,-0.0767258,0.0697227,0.040069,0.042979
-57.2109,-0.0770714,0.0686887,0.0391693,0.0420974
-57.1882,-0.077398,0.0683335,0.0382597,0.0412051
-57.1655,-0.0777057,0.0672566,0.0373405,0.0403026
-57.1429,-0.0779942,0.0659676,0.0364118,0.03939
-57.1202,-0.0782636,0.065204,0.035474,0.0384676
-57.0975,-0.0785138,0.0648806,0.0345273,0.0375356
-57.0748,-0.0787447,0.063366,0.0335721,0.0365943
-57.0522,-0.0789563,0.0622059,0.0326085,0.035644
-57.0295,-0.0791484,0.0617563,0.0316368,0.0346849
-57.0068,-0.0793212,0.060757,0.0306574,0.0337173
-56.9841,-0.0794744,0.0590886,0.0296704,0.0327414
-56.9615,-0.0796081,0.0595888,0.0286763,0.0317576
-56.9388,-0.0797223,0.057252,0.0276752,0.0307661
-56.9161,-0.0798169,0.0563513,0.0266674,0.0297672
-56.8934,-0.0798918,0.0556906,0.0256532,0.0287611
-56.8707,-0.0799472,0.0540735,0.024633,0.0277481
-56.8481,-0.0799829,0.0525801,0.023607,0.0267286
-56.8254,-0.079999,0.0520003,0.0225754,0.0257027
-56.8027,-0.0799954,0.0509069,0.0215386,0.0246708
-56.78,-0.0799722,0.0492956,0.0204969,0.0236332
-56.7574,-0.0799294,0.0482888,0.0194506,0.0225901
-56.7347,-0.0798669,0.0471135,0.0183999,0.0215418
-56.712,-0.0797847,0.045819,0.0173452,0.0204886
-56.6893,-0.079683,0.0457243,0.0162867,0.0194309
-56.6667,-0.0795618,0.0439514,0.0152247,0.0183688
-56.644,-0.0794209,0.0422047,0.0141596,0.0173027
-56.6213,-0.0792606,0.0407255,0.0130917,0.0162329
-56.5986,-0.0790808,0.0396952,0.0120212,0.0151597
-56.576,-0.0788816,0.0388556,0.0109484,0.0140833
-56.5533,-0.078663,0.0376052,0.0098737,0.0130041
-56.5306,-0.0784251,0.0352615,0.00879734,0.0119223
-56.5079,-0.0781679,0.034969,0.00771961,0.0108383
-56.4853,-0.0778915,0.034146,0.00664083,0.00975234
-56.4626,-0.077596,0.031804,0.0055613,0.00866471
-56.4399,-0.0772814,0.0308355,0.00448133,0.00757573
-56.4172,-0.0769479,0.0303851,0.00340119,0.00648566
-56.3946,-0.0765954,0.028359,0.00232123,0.00539485
-56.3719,-0.0762242,0.0272534,0.00124173,0.00430355
-56.3492,-0.0758342,0.0261913,0.000162976,0.00321209
-56.3265,-0.0754256,0.024362,-0.000914722,0.00212074
-56.3039,-0.0749984,0.0229836,-0.00199104,0.00102983
-56.2812,-0.0745529,0.0224418,-0.00306571,-6.03726e-05
-56.2585,-0.074089,0.0201063,-0.00413842,-0.00114957
-56.2358,-0.0736069,0.0192302,-0.00520888,-0.00223745
-56.2132,-0.0731068,0.0176098,-0.00627676,-0.00332372
-56.1905,-0.0725887,0.0162832,-0.00734181,-0.0044081
-56.1678,-0.0720528,0.0149339,-0.00840369,-0.00549028
-56.1451,-0.0714991,0.0131869,-0.00946215,-0.00656997
-56.1224,-0.0709279,0.0126027,-0.0105168,-0.00764689
-56.0998,-0.0703393,0.0121113,-0.0115675,-0.00872075
-56.0771,-0.0697334,0.00920395,-0.0126139,-0.00979123
-56.0544,-0.0691104,0.00772128,-0.0136556,-0.0108581
-56.0317,-0.0684704,0.0069847,-0.0146924,-0.0119209
-56.0091,-0.0678136,0.00515614,-0.0157241,-0.0129796
-55.9864,-0.0671402,0.00386275,-0.0167502,-0.0140338
-55.9637,-0.0664502,0.00397179,-0.0177707,-0.0150831
-55.941,-0.0657439,0.00163147,-0.018785,-0.0161274
-55.9184,-0.0650215,-0.000208678,-0.0197931,-0.0171663
-55.8957,-0.0642831,-0.00105852,-0.0207945,-0.0181996
-55.873,-0.0635289,-0.00202715,-0.021789,-0.019227
-55.8503,-0.0627591,-0.00390507,-0.0227764,-0.0202481
-55.8277,-0.0619739,-0.00480499,-0.0237564,-0.0212628
-55.805,-0.0611735,-0.00667133,-0.0247287,-0.0222708
-55.7823,-0.0603581,-0.00778697,-0.025693,-0.0232717
-55.7596,-0.0595278,-0.00877859,-0.0266491,-0.0242654
-55.737,-0.0586829,-0.0101882,-0.0275967,-0.0252515
-55.7143,-0.0578236,-0.0118419,-0.0285355,-0.0262298
-55.6916,-0.0569501,-0.0123303,-0.0294654,-0.0272
-55.6689,-0.0560626,-0.0143334,-0.0303859,-0.0281619
-55.6463,-0.0551613,-0.0166805,-0.031297,-0.0291152
-55.6236,-0.0542465,-0.0178732,-0.0321982,-0.0300597
-55.6009,-0.0533183,-0.0182503,-0.0330895,-0.0309951
-55.5782,-0.0523771,-0.0197287,-0.0339705,-0.0319211
-55.5556,-0.051423,-0.0204764,-0.034841,-0.0328375
-55.5329,-0.0504563,-0.022828,-0.0357007,-0.0337441
-55.5102,-0.0494771,-0.0236492,-0.0365495,-0.0346406
-55.4875,-0.0484859,-0.0250052,-0.0373871,-0.0355268
-55.4649,-0.0474827,-0.0268887,-0.0382132,-0.0364024
-55.4422,-0.0464678,-0.0281456,-0.0390276,-0.0372673
-55.4195,-0.0454416,-0.0287096,-0.0398302,-0.0381211
-55.3968,-0.0444041,-0.0307955,-0.0406207,-0.0389637
-55.3741,-0.0433558,-0.0310502,-0.0413989,-0.0397948
-55.3515,-0.0422968,-0.0322617,-0.0421645,-0.0406143
-55.3288,-0.0412275,-0.0339758,-0.0429174,-0.0414218
-55.3061,-0.040148,-0.0361682,-0.0436574,-0.0422173
-55.2834,-0.0390586,-0.0358173,-0.0443842,-0.0430004
-55.2608,-0.0379597,-0.0370991,-0.0450977,-0.043771
-55.2381,-0.0368514,-0.0383318,-0.0457977,-0.0445289
-55.2154,-0.0357341,-0.0397606,-0.0464839,-0.0452738
-55.1927,-0.034608,-0.0411988,-0.0471562,-0.0460056
-55.1701,-0.0334734,-0.042793,-0.0478145,-0.0467241
-55.1474,-0.0323305,-0.0433679,-0.0484585,-0.0474291
-55.1247,-0.0311798,-0.0445675,-0.0490881,-0.0481204
-55.102,-0.0300214,-0.0457116,-0.049703,-0.0487978
-55.0794,-0.0288556,-0.0477228,-0.0503032,-0.0494612
-55.0567,-0.0276827,-0.0487183,-0.0508885,-0.0501104
-55.034,-0.026503,-0.0486321,-0.0514587,-0.0507452
-55.0113,-0.0253168,-0.0495348,-0.0520137,-0.0513655
-54.9887,-0.0241244,-0.0513589,-0.0525533,-0.051971
-54.966,-0.0229261,-0.0520325,-0.0530773,-0.0525617
-54.9433,-0.0217221,-0.0540869,-0.0535857,-0.0531373
-54.9206,-0.0205128,-0.0547064,-0.0540784,-0.0536978
-54.898,-0.0192984,-0.0554239,-0.054555,-0.054243
-54.8753,-0.0180794,-0.0558638,-0.0550157,-0.0547728
-54.8526,-0.0168558,-0.0575644,-0.0554602,-0.0552869
-54.8299,-0.0156282,-0.0581306,-0.0558884,-0.0557854
-54.8073,-0.0143967,-0.0589085,-0.0563002,-0.056268
-54.7846,-0.0131616,-0.0605206,-0.0566955,-0.0567347
-54.7619,-0.0119234,-0.0615941,-0.0570742,-0.0571852
-54.7392,-0.0106822,-0.0615965,-0.0574363,-0.0576196
-54.7166,-0.00943836,-0.0637688,-0.0577815,-0.0580377
-54.6939,-0.00819222,-0.0636132,-0.0581099,-0.0584394
-54.6712,-0.00694407,-0.0649853,-0.0584213,-0.0588246
-54.6485,-0.00569422,-0.0651022,-0.0587156,-0.0591932
-54.6259,-0.00444296,-0.0663008,-0.0589929,-0.0595451
-54.6032,-0.00319061,-0.068133,-0.059253,-0.0598803
-54.5805,-0.00193748,-0.0683348,-0.0594959,-0.0601986
-54.5578,-0.000683876,-0.068984,-0.0597215,-0.0605
-54.5351,0.000569899,-0.0705307,-0.0599297,-0.0607843
-54.5125,0.00182353,-0.070024,-0.0601206,-0.0610517
-54.4898,0.00307672,-0.0716932,-0.0602939,-0.0613018
-54.4671,0.00432915,-0.0729453,-0.0604499,-0.0615348
-54.4444,0.00558052,-0.0727036,-0.0605883,-0.0617506
-54.4218,0.00683051,-0.0726755,-0.0607092,-0.0619491
-54.3991,0.00807883,-0.073482,-0.0608126,-0.0621303
-54.3764,0.00932517,-0.075065,-0.0608983,-0.0622941
-54.3537,0.0105692,-0.0759993,-0.0609665,-0.0624405
-54.3311,0.0118107,-0.0767833,-0.0610171,-0.0625695
-54.3084,0.0130492,-0.07671,-0.0610501,-0.0626811
-54.2857,0.0142846,-0.0761844,-0.0610655,-0.0627751
-54.263,0.0155164,-0.0776717,-0.0610633,-0.0628517
-54.2404,0.0167444,-0.0786338,-0.0610435,-0.0629109
-54.2177,0.0179683,-0.0786745,-0.0610062,-0.0629525
-54.195,0.0191878,-0.0781867,-0.0609514,-0.0629766
-54.1723,0.0204026,-0.0793083,-0.060879,-0.0629833
-54.1497,0.0216124,-0.0801122,-0.0607892,-0.0629725
-54.127,0.0228168,-0.0801115,-0.0606819,-0.0629442
-54.1043,0.0240157,-0.0807811,-0.0605572,-0.0628985
-54.0816,0.0252087,-0.0818201,-0.0604152,-0.0628353
-54.059,0.0263954,-0.0816153,-0.0602559,-0.0627548
-54.0363,0.0275757,-0.08219,-0.0600794,-0.062657
-54.0136,0.0287492,-0.0821728,-0.0598857,-0.0625418
-53.9909,0.0299157,-0.0828894,-0.0596748,-0.0624094
-53.9683,0.0310748,-0.0828283,-0.059447,-0.0622597
-53.9456,0.0322263,-0.0829828,-0.0592021,-0.0620929
-53.9229,0.0333698,-0.0842211,-0.0589404,-0.061909
-53.9002,0.0345052,-0.0838129,-0.0586619,-0.061708
-53.8776,0.0356321,-0.0839312,-0.0583667,-0.0614901
-53.8549,0.0367502,-0.0850933,-0.0580549,-0.0612552
-53.8322,0.0378593,-0.0836921,-0.0577265,-0.0610035
-53.8095,0.0389591,-0.0843049,-0.0573818,-0.0607351
-53.7868,0.0400493,-0.0845076,-0.0570208,-0.0604501
-53.7642,0.0411297,-0.0854914,-0.0566436,-0.0601484
-53.7415,0.0422,-0.0847649,-0.0562503,-0.0598303
-53.7188,0.04326,-0.0844961,-0.0558411,-0.0594958
-53.6961,0.0443093,-0.0846275,-0.0554161,-0.0591451
-53.6735,0.0453477,-0.08493,-0.0549755,-0.0587782
-53.6508,0.046375,-0.0848588,-0.0545192,-0.0583952
-53.6281,0.0473909,-0.0856662,-0.0540476,-0.0579963
-53.6054,0.0483952,-0.08469,-0.0535608,-0.0575816
-53.5828,0.0493875,-0.0853906,-0.0530588,-0.0571512
-53.5601,0.0503678,-0.0837616,-0.0525418,-0.0567053
-53.5374,0.0513356,-0.0837379,-0.0520102,-0.0562439
-53.5147,0.0522909,-0.0844623,-0.0514638,-0.0557673
-53.4921,0.0532333,-0.0840744,-0.050903,-0.0552756
-53.4694,0.0541627,-0.0838728,-0.0503279,-0.0547688
-53.4467,0.0550787,-0.0841634,-0.0497387,-0.0542472
-53.424,0.0559812,-0.082149,-0.0491356,-0.0537109
-53.4014,0.05687,-0.0827249,-0.0485187,-0.0531602
-53.3787,0.0577448,-0.0839969,-0.0478882,-0.052595
-53.356,0.0586054,-0.0837448,-0.0472444,-0.0520157
-53.3333,0.0594516,-0.0821975,-0.0465874,-0.0514223
-53.3107,0.0602832,-0.0812355,-0.0459174,-0.0508151
-53.288,0.0611,-0.0820667,-0.0452346,-0.0501943
-53.2653,0.0619018,-0.0821446,-0.0445393,-0.0495599
-53.2426,0.0626884,-0.0813836,-0.0438315,-0.0489123
-53.22,0.0634596,-0.0802208,-0.0431116,-0.0482515
-53.1973,0.0642152,-0.0795982,-0.0423798,-0.0475778
-53.1746,0.064955,-0.0794494,-0.0416363,-0.0468914
-53.1519,0.0656789,-0.0791758,-0.0408812,-0.0461925
-53.1293,0.0663867,-0.0782133,-0.0401149,-0.0454812
-53.1066,0.0670781,-0.0781202,-0.0393375,-0.0447579
-53.0839,0.0677531,-0.0780172,-0.0385493,-0.0440226
-53.0612,0.0684114,-0.0769395,-0.0377506,-0.0432757
-53.0385,0.0690529,-0.076644,-0.0369415,-0.0425173
-53.0159,0.0696775,-0.0767834,-0.0361223,-0.0417476
-52.9932,0.070285,-0.0764617,-0.0352932,-0.0409669
-52.9705,0.0708752,-0.0748292,-0.0344545,-0.0401755
-52.9478,0.0714479,-0.0740983,-0.0336064,-0.0393734
-52.9252,0.0720032,-0.0743665,-0.0327493,-0.038561
-52.9025,0.0725407,-0.0733715,-0.0318833,-0.0377384
-52.8798,0.0730604,-0.071688,-0.0310087,-0.036906
-52.8571,0.0735622,-0.0706964,-0.0301257,-0.036064
-52.8345,0.0740459,-0.0701354,-0.0292347,-0.0352125
-52.8118,0.0745115,-0.0698235,-0.0283358,-0.034352
-52.7891,0.0749587,-0.0694422,-0.0274294,-0.0334825
-52.7664,0.0753875,-0.0689608,-0.0265157,-0.0326043
-52.7438,0.0757978,-0.0673272,-0.025595,-0.0317178
-52.7211,0.0761895,-0.0667963,-0.0246675,-0.0308231
-52.6984,0.0765625,-0.0653674,-0.0237336,-0.0299205
-52.6757,0.0769166,-0.0645807,-0.0227934,-0.0290102
-52.6531,0.0772519,-0.0643993,-0.0218474,-0.0280926
-52.6304,0.0775682,-0.063903,-0.0208957,-0.0271679
-52.6077,0.0778654,-0.0620468,-0.0199387,-0.0262363
-52.585,0.0781436,-0.0607225,-0.0189765,-0.0252982
-52.5624,0.0784025,-0.0602781,-0.0180096,-0.0243537
-52.5397,0.0786422,-0.0599378,-0.0170382,-0.0234031
-52.517,0.0788625,-0.0582967,-0.0160625,-0.0224468
-52.4943,0.0790635,-0.0570638,-0.0150829,-0.021485
-52.4717,0.0792451,-0.0551454,-0.0140996,-0.0205179
-52.449,0.0794072,-0.0551836,-0.013113,-0.0195459
-52.4263,0.0795498,-0.0546136,-0.0121233,-0.0185691
-52.4036,0.0796728,-0.0535719,-0.0111308,-0.017588
-52.381,0.0797763,-0.0531495,-0.0101358,-0.0166028
-52.3583,0.0798602,-0.0512052,-0.00913864,-0.0156136
-52.3356,0.0799245,-0.0504894,-0.00813954,-0.0146209
-52.3129,0.0799691,-0.0498009,-0.00713882,-0.013625
-52.2902,0.0799941,-0.0479522,-0.00613675,-0.0126259
-52.2676,0.0799995,-0.0465834,-0.00513368,-0.0116242
-52.2449,0.0799852,-0.0450131,-0.00412985,-0.0106201
-52.2222,0.0799513,-0.0442771,-0.00312558,-0.00961371
-52.1995,0.0798977,-0.0441021,-0.00212115,-0.00860549
-52.1769,0.0798245,-0.0415753,-0.00111687,-0.00759568
-52.1542,0.0797317,-0.0403083,-0.000113017,-0.00658455
-52.1315,0.0796193,-0.0397786,0.000890111,-0.00557239
-52.1088,0.0794874,-0.0377793,0.00189223,-0.00455949
-52.0862,0.0793359,-0.0367665,0.00289303,-0.00354613
-52.0635,0.0791649,-0.0355854,0.00389222,-0.0025326
-52.0408,0.0789745,-0.0348883,0.00488953,-0.00151919
-52.0181,0.0787647,-0.0336743,0.00588466,-0.000506175
-51.9955,0.0785356,-0.031636,0.0068773,0.000506164
-51.9728,0.0782872,-0.0302443,0.00786718,0.00151754
-51.9501,0.0780195,-0.0300006,0.00885402,0.00252765
-51.9274,0.0777327,-0.02817,0.00983751,0.00353624
-51.9048,0.0774268,-0.0270519,0.0108174,0.00454302
-51.8821,0.0771018,-0.025388,0.0117933,0.00554769
-51.8594,0.076758,-0.0246184,0.0127651,0.00654998
-51.8367,0.0763953,-0.0229245,0.0137324,0.00754962
-51.8141,0.0760138,-0.0223693,0.0146949,0.00854631
-51.7914,0.0756136,-0.0199403,0.0156524,0.00953978
-51.7687,0.0751949,-0.0192996,0.0166046,0.0105298
-51.746,0.0747577,-0.017604,0.0175512,0.011516
-51.7234,0.0743021,-0.0157429,0.0184919,0.0124981
-51.7007,0.0738283,-0.0148557,0.0194265,0.013476
-51.678,0.0733364,-0.0143873,0.0203547,0.0144492
-51.6553,0.0728264,-0.0122205,0.0212762,0.0154176
-51.6327,0.0722986,-0.0113712,0.0221907,0.0163808
-51.61,0.071753,-0.00952601,0.0230981,0.0173387
-51.5873,0.0711897,-0.00913127,0.0239979,0.0182908
-51.5646,0.070609,-0.00569605,0.0248901,0.0192371
-51.542,0.070011,-0.00459294,0.0257742,0.0201771
-51.5193,0.0693957,-0.00366281,0.0266501,0.0211107
-51.4966,0.0687634,-0.00267334,0.0275175,0.0220375
-51.4739,0.0681143,-0.00117714,0.0283761,0.0229574
-51.4512,0.0674483,0.000236805,0.0292257,0.02387
-51.4286,0.0667659,0.00274702,0.0300661,0.0247752
-51.4059,0.066067,0.00212395,0.0308969,0.0256726
-51.3832,0.0653519,0.00460795,0.0317181,0.0265621
-51.3605,0.0646207,0.00599495,0.0325293,0.0274432
-51.3379,0.0638737,0.00730826,0.0333303,0.028316
-51.3152,0.063111,0.00815321,0.0341208,0.02918
-51.2925,0.0623327,0.00980864,0.0349007,0.030035
-51.2698,0.0615392,0.0111279,0.0356697,0.0308809
-51.2472,0.0607306,0.0129246,0.0364276,0.0317173
-51.2245,0.059907,0.0139712,0.0371742,0.0325441
-51.2018,0.0590687,0.0157571,0.0379092,0.0333609
-51.1791,0.058216,0.0164893,0.0386324,0.0341677
-51.1565,0.0573489,0.0188656,0.0393438,0.0349642
-51.1338,0.0564677,0.019633,0.0400429,0.03575
-51.1111,0.0555727,0.0206689,0.0407297,0.0365251
-51.0884,0.054664,0.0220275,0.0414038,0.0372893
-51.0658,0.0537419,0.0233504,0.0420653,0.0380422
-51.0431,0.0528066,0.0249356,0.0427138,0.0387837
-51.0204,0.0518583,0.0272817,0.0433492,0.0395137
-50.9977,0.0508973,0.0279678,0.0439712,0.0402318
-50.9751,0.0499237,0.029237,0.0445797,0.0409379
-50.9524,0.0489379,0.029981,0.0451746,0.0416319
-50.9297,0.0479401,0.0311585,0.0457557,0.0423134
-50.907,0.0469306,0.0325457,0.0463227,0.0429824
-50.8844,0.0459095,0.0338461,0.0468756,0.0436387
-50.8617,0.0448771,0.0344564,0.0474141,0.044282
-50.839,0.0438337,0.036915,0.0479382,0.0449122
-50.8163,0.0427795,0.0373757,0.0484476,0.0455291
-50.7937,0.0417148,0.0394749,0.0489423,0.0461326
-50.771,0.0406399,0.040535,0.049422,0.0467225
-50.7483,0.039555,0.0416242,0.0498867,0.0472986
-50.7256,0.0384604,0.0427454,0.0503362,0.0478608
-50.7029,0.0373563,0.0441011,0.0507704,0.0484089
-50.6803,0.0362431,0.045267,0.0511892,0.0489428
-50.6576,0.0351209,0.0470592,0.0515924,0.0494623
-50.6349,0.0339901,0.0484141,0.0519799,0.0499673
-50.6122,0.032851,0.0490304,0.0523517,0.0504576
-50.5896,0.0317038,0.0508452,0.0527076,0.0509332
-50.5669,0.0305488,0.0527626,0.0530475,0.0513939
-50.5442,0.0293864,0.05316,0.0533713,0.0518396
-50.5215,0.0282167,0.0544884,0.0536789,0.0522701
-50.4989,0.02704,0.0551196,0.0539704,0.0526854
-50.4762,0.0258568,0.0567225,0.0542454,0.0530853
-50.4535,0.0246672,0.057552,0.0545041,0.0534697
-50.4308,0.0234715,0.0579297,0.0547463,0.0538385
-50.4082,0.02227,0.0607951,0.0549719,0.0541917
-50.3855,0.0210631,0.061483,0.0551809,0.0545291
-50.3628,0.019851,0.0610203,0.0553733,0.0548507
-50.3401,0.0186341,0.0628727,0.0555489,0.0551563
-50.3175,0.0174125,0.0646681,0.0557078,0.0554459
-50.2948,0.0161867,0.0649829,0.0558498,0.0557194
-50.2721,0.0149569,0.0650834,0.055975,0.0559768
-50.2494,0.0137234,0.0667529,0.0560834,0.0562179
-50.2268,0.0124866,0.0676721,0.0561748,0.0564427
-50.2041,0.0112467,0.0680333,0.0562493,0.0566513
-50.1814,0.010004,0.0687527,0.0563068,0.0568434
-50.1587,0.00875892,0.0700278,0.0563474,0.0570191
-50.1361,0.00751164,0.0709234,0.056371,0.0571783
-50.1134,0.00626252,0.0726475,0.0563777,0.0573209
-50.0907,0.00501187,0.072918,0.0563674,0.0574471
-50.068,0.00375998,0.0739961,0.0563401,0.0575566
-50.0454,0.00250716,0.0746354,0.0562958,0.0576496
-50.0227,0.00125374,0.076208,0.0562347,0.0577259
-50,-1.64721e-15,0.0772559,0.0561566,0.0577856
-49.9773,-0.00125374,0.0765556,0.0560617,0.0578286
-49.9546,-0.00250716,0.0782947,0.0559499,0.0578551
-49.932,-0.00375998,0.0801437,0.0558213,0.0578648
-49.9093,-0.00501187,0.0796139,0.0556759,0.0578579
-49.8866,-0.00626252,0.0807488,0.0555138,0.0578344
-49.8639,-0.00751164,0.0819981,0.055335,0.0577942
-49.8413,-0.00875892,0.0824911,0.0551396,0.0577375
-49.8186,-0.010004,0.0825079,0.0549276,0.0576642
-49.7959,-0.0112467,0.0834025,0.0546992,0.0575743
-49.7732,-0.0124866,0.0840028,0.0544543,0.057468
-49.7506,-0.0137234,0.0839497,0.0541931,0.0573451
-49.7279,-0.0149569,0.0851789,0.0539157,0.0572058
-49.7052,-0.0161867,0.0867628,0.053622,0.0570501
-49.6825,-0.0174125,0.0870308,0.0533123,0.0568781
-49.6599,-0.0186341,0.0872643,0.0529866,0.0566898
-49.6372,-0.019851,0.0864911,0.0526449,0.0564853
-49.6145,-0.0210631,0.0875668,0.0522875,0.0562646
-49.5918,-0.02227,0.0888505,0.0519144,0.0560279
-49.5692,-0.0234715,0.0883921,0.0515258,0.0557751
-49.5465,-0.0246672,0.0889944,0.0511217,0.0555064
-49.5238,-0.0258568,0.0914705,0.0507023,0.0552219
-49.5011,-0.02704,0.08983,0.0502677,0.0549215
-49.4785,-0.0282167,0.0902423,0.049818,0.0546056
-49.4558,-0.0293864,0.0905615,0.0493533,0.054274
-49.4331,-0.0305488,0.0907567,0.0488739,0.053927
-49.4104,-0.0317038,0.091497,0.0483799,0.0535647
-49.3878,-0.032851,0.0923686,0.0478713,0.053187
-49.3651,-0.0339901,0.0913102,0.0473484,0.0527943
-49.3424,-0.0351209,0.0924613,0.0468113,0.0523865
-49.3197,-0.0362431,0.0929261,0.0462602,0.0519638
-49.2971,-0.0373563,0.0931098,0.0456952,0.0515263
-49.2744,-0.0384604,0.0938241,0.0451165,0.0510742
-49.2517,-0.039555,0.0936988,0.0445243,0.0506076
-49.229,-0.0406399,0.0924109,0.0439188,0.0501267
-49.2063,-0.0417148,0.0933529,0.0433001,0.0496315
-49.1837,-0.0427795,0.0938417,0.0426684,0.0491222
-49.161,-0.0438337,0.094582,0.0420239,0.048599
-49.1383,-0.0448771,0.0934416,0.0413668,0.048062
-49.1156,-0.0459095,0.0932566,0.0406974,0.0475115
-49.093,-0.0469306,0.0937212,0.0400157,0.0469474
-49.0703,-0.0479401,0.0936872,0.0393221,0.0463701
-49.0476,-0.0489379,0.0930933,0.0386166,0.0457797
-49.0249,-0.0499237,0.0932806,0.0378996,0.0451763
-49.0023,-0.0508973,0.0950074,0.0371712,0.0445602
-48.9796,-0.0518583,0.0941631,0.0364317,0.0439315
-48.9569,-0.0528066,0.0934446,0.0356812,0.0432904
-48.9342,-0.0537419,0.0941194,0.0349201,0.0426371
-48.9116,-0.054664,0.093452,0.0341485,0.0419718
-48.8889,-0.0555727,0.0929613,0.0333666,0.0412946
-48.8662,-0.0564677,0.0933487,0.0325747,0.0406059
-48.8435,-0.0573489,0.0921224,0.031773,0.0399057
-48.8209,-0.058216,0.0923377,0.0309618,0.0391943
-48.7982,-0.0590687,0.0933761,0.0301413,0.0384719
-48.7755,-0.059907,0.0919579,0.0293117,0.0377387
-48.7528,-0.0607306,0.0903509,0.0284733,0.0369949
-48.7302,-0.0615392,0.0908637,0.0276264,0.0362407
-48.7075,-0.0623327,0.0905969,0.0267712,0.0354764
-48.6848,-0.063111,0.0909902,0.0259079,0.0347022
-48.6621,-0.0638737,0.0893454,0.0250368,0.0339182
-48.6395,-0.0646207,0.088825,0.0241582,0.0331248
-48.6168,-0.0653519,0.0905451,0.0232724,0.0323221
-48.5941,-0.066067,0.0893096,0.0223794,0.0315105
-48.5714,-0.0667659,0.0880326,0.0214798,0.03069
-48.5488,-0.0674483,0.0887846,0.0205737,0.0298611
-48.5261,-0.0681143,0.0884373,0.0196614,0.0290238
-48.5034,-0.0687634,0.0863246,0.0187431,0.0281785
-48.4807,-0.0693957,0.0864327,0.0178192,0.0273254
-48.458,-0.070011,0.086251,0.0168898,0.0264647
-48.4354,-0.070609,0.0863088,0.0159554,0.0255967
-48.4127,-0.0711897,0.0856295,0.0150161,0.0247216
-48.39,-0.071753,0.0850913,0.0140723,0.0238398
-48.3673,-0.0722986,0.0826015,0.0131242,0.0229513
-48.3447,-0.0728264,0.0838744,0.0121724,0.0220566
-48.322,-0.0733364,0.0832765,0.0112161,0.0211559
-48.2993,-0.0738283,0.0825662,0.0102572,0.0202494
-48.2766,-0.0743021,0.0822652,0.0092951,0.0193374
-48.254,-0.0747577,0.0814252,0.00832945,0.0184201
-48.2313,-0.0751949,0.0796479,0.00736181,0.0174978
-48.2086,-0.0756136,0.0791455,0.00639255,0.0165708
-48.1859,-0.0760138,0.0777253,0.00541953,0.0156394
-48.1633,-0.0763953,0.0768189,0.0044475,0.0147038
-48.1406,-0.076758,0.0759931,0.00347095,0.0137643
-48.1179,-0.0771018,0.0760861,0.0024945,0.0128211
-48.0952,-0.0774268,0.0740118,0.00151799,0.0118746
-48.0726,-0.0777327,0.0738969,0.000540641,0.0109249
-48.0499,-0.0780195,0.0729927,-0.000437363,0.00997248
-48.0272,-0.0782872,0.0717249,-0.0014157,0.00901749
-48.0045,-0.0785356,0.0711547,-0.00239379,0.0080602
-47.9819,-0.0787647,0.0709318,-0.00337305,0.00710095
-47.9592,-0.0789745,0.069103,-0.00434476,0.00613996
-47.9365,-0.0791649,0.0687464,-0.00532153,0.00517751
-47.9138,-0.0793359,0.0670829,-0.00629399,0.00421393
-47.8912,-0.0794874,0.0663778,-0.0072639,0.00324942
-47.8685,-0.0796193,0.0658215,-0.0082376,0.00228432
-47.8458,-0.0797317,0.0650117,-0.00920738,0.00131889
-47.8231,-0.0798245,0.0637387,-0.0101697,0.000353387
-47.8005,-0.0798977,0.0625593,-0.0111341,-0.00061186
-47.7778,-0.0799513,0.0611034,-0.0120843,-0.00157664
-47.7551,-0.0799852,0.0606178,-0.0130427,-0.00254064
-47.7324,-0.0799995,0.0602121,-0.0139979,-0.00350358
-47.7098,-0.0799941,0.0588566,-0.0149438,-0.00446521
-47.6871,-0.0799691,0.0563449,-0.0158826,-0.00542518
-47.6644,-0.0799245,0.0564494,-0.0168241,-0.00638332
-47.6417,-0.0798602,0.0553747,-0.0177568,-0.00733928
-47.619,-0.0797763,0.0536798,-0.0186866,-0.0082928
-47.5964,-0.0796728,0.0517418,-0.0196058,-0.00924362
-47.5737,-0.0795498,0.0511612,-0.020522,-0.0101915
-47.551,-0.0794072,0.0516218,-0.0214207,-0.0111361
-47.5283,-0.0792451,0.0494,-0.0223472,-0.0120771
-47.5057,-0.0790635,0.0459736,-0.0232339,-0.0130144
-47.483,-0.0788625,0.0457097,-0.0241275,-0.0139476
-47.4603,-0.0786422,0.0449065,-0.0250066,-0.0148765
-47.4376,-0.0784025,0.044366,-0.0258922,-0.0158008
-47.415,-0.0781436,0.0435582,-0.0267449,-0.0167202
-47.3923,-0.0778654,0.0424999,-0.0276214,-0.0176345
-47.3696,-0.0775682,0.0393135,-0.0284655,-0.0185434
-47.3469,-0.0772519,0.0387551,-0.02931,-0.0194466
-47.3243,-0.0769166,0.038411,-0.03017,-0.020344
-47.3016,-0.0765625,0.0365877,-0.0309817,-0.0212351
-47.2789,-0.0761895,0.0344611,-0.0318153,-0.0221199
-47.2562,-0.0757978,0.0344302,-0.0326296,-0.022998
-47.2336,-0.0753875,0.0313691,-0.0334004,-0.0238691
-47.2109,-0.0749587,0.0311993,-0.0341937,-0.0247331
-47.1882,-0.0745115,0.0299084,-0.0349688,-0.0255896
-47.1655,-0.0740459,0.0279094,-0.0357383,-0.0264385
-47.1429,-0.0735622,0.0275919,-0.0365094,-0.0272794
-47.1202,-0.0730604,0.0260853,-0.0372549,-0.0281122
-47.0975,-0.0725407,0.0239158,-0.0379741,-0.0289366
-47.0748,-0.0720032,0.0231493,-0.0387026,-0.0297524
-47.0522,-0.0714479,0.0220206,-0.0394197,-0.0305593
-47.0295,-0.0708752,0.0208102,-0.0401137,-0.0313571
-47.0068,-0.070285,0.0189211,-0.0408305,-0.0321455
-46.9841,-0.0696775,0.0179404,-0.0415062,-0.0329245
-46.9615,-0.0690529,0.0157962,-0.0421444,-0.0336936
-46.9388,-0.0684114,0.0146258,-0.0428596,-0.0344528
-46.9161,-0.0677531,0.0134696,-0.0434345,-0.0352017
-46.8934,-0.0670781,0.0120134,-0.0441081,-0.0359402
-46.8707,-0.0663867,0.01118,-0.0446796,-0.0366681
-46.8481,-0.0656789,0.0104478,-0.0453207,-0.0373851
-46.8254,-0.064955,0.00720348,-0.0459087,-0.038091
-46.8027,-0.0642152,0.00741532,-0.0464733,-0.0387857
-46.78,-0.0634596,0.00559761,-0.0470548,-0.039469
-46.7574,-0.0626884,0.00358205,-0.0475842,-0.0401406
-46.7347,-0.0619018,0.00372579,-0.0481304,-0.0408003
-46.712,-0.0611,0.00351403,-0.0486122,-0.041448
-46.6893,-0.0602832,-0.000680753,-0.0491152,-0.0420835
-46.6667,-0.0594516,-0.00184957,-0.0496381,-0.0427066
-46.644,-0.0586054,-0.00213811,-0.0500724,-0.0433171
-46.6213,-0.0577448,-0.00379709,-0.0505739,-0.0439149
-46.5986,-0.05687,-0.00650298,-0.0510327,-0.0444996
-46.576,-0.0559812,-0.00601527,-0.0514477,-0.0450714
-46.5533,-0.0550787,-0.00793228,-0.0518546,-0.0456298
-46.5306,-0.0541627,-0.00980297,-0.0522792,-0.0461749
-46.5079,-0.0532333,-0.0110114,-0.0526271,-0.0467063
-46.4853,-0.0522909,-0.013492,-0.0529568,-0.0472241
-46.4626,-0.0513356,-0.0137272,-0.0533244,-0.0477279
-46.4399,-0.0503678,-0.0141381,-0.0536934,-0.0482177
-46.4172,-0.0493875,-0.016468,-0.0540556,-0.0486934
-46.3946,-0.0483952,-0.016249,-0.0542831,-0.0491548
-46.3719,-0.0473909,-0.0195692,-0.054589,-0.0496017
-46.3492,-0.046375,-0.0202359,-0.0548745,-0.0500341
-46.3265,-0.0453477,-0.0208568,-0.0551061,-0.0504517
-46.3039,-0.0443093,-0.0226429,-0.0553899,-0.0508546
-46.2812,-0.04326,-0.0235654,-0.0555895,-0.0512426
-46.2585,-0.0422,-0.0249848,-0.0557319,-0.0516155
-46.2358,-0.0411297,-0.0268601,-0.0559952,-0.0519733
-46.2132,-0.0400493,-0.0273607,-0.0561423,-0.0523159
-46.1905,-0.0389591,-0.0292138,-0.0563612,-0.0526431
-46.1678,-0.0378593,-0.0295793,-0.0564017,-0.0529549
-46.1451,-0.0367502,-0.0316768,-0.0565477,-0.0532511
-46.1224,-0.0356321,-0.0328491,-0.0566704,-0.0535317
-46.0998,-0.0345052,-0.0339092,-0.0567685,-0.0537967
-46.0771,-0.0333698,-0.0348457,-0.056882,-0.0540459
-46.0544,-0.0322263,-0.0355932,-0.0568863,-0.0542792
-46.0317,-0.0310748,-0.0367803,-0.0569659,-0.0544966
-46.0091,-0.0299157,-0.0383015,-0.0569614,-0.0546981
-45.9864,-0.0287492,-0.0403354,-0.0569341,-0.0548835
-45.9637,-0.0275757,-0.0422953,-0.0569533,-0.0550529
-45.941,-0.0263954,-0.0429074,-0.0568994,-0.0552061
-45.9184,-0.0252087,-0.0437854,-0.0568886,-0.0553432
-45.8957,-0.0240157,-0.0449909,-0.0567756,-0.055464
-45.873,-0.0228168,-0.0449822,-0.0568339,-0.0555686
-45.8503,-0.0216124,-0.0460881,-0.0566259,-0.0556569
-45.8277,-0.0204026,-0.0467496,-0.056571,-0.0557289
-45.805,-0.0191878,-0.0487846,-0.0563671,-0.0557846
-45.7823,-0.0179683,-0.0502692,-0.056202,-0.0558239
-45.7596,-0.0167444,-0.0523243,-0.0560781,-0.0558469
-45.737,-0.0155164,-0.0525482,-0.0558844,-0.0558535
-45.7143,-0.0142846,-0.0509241,-0.0556481,-0.0558438
-45.6916,-0.0130492,-0.0532149,-0.0554362,-0.0558177
-45.6689,-0.0118107,-0.0547862,-0.0552087,-0.0557752
-45.6463,-0.0105692,-0.0543315,-0.0549584,-0.0557164
-45.6236,-0.00932517,-0.0562743,-0.0547161,-0.0556413
-45.6009,-0.00807883,-0.0567506,-0.0544638,-0.0555499
-45.5782,-0.00683051,-0.0576449,-0.0541677,-0.0554421
-45.5556,-0.00558052,-0.0594788,-0.0538164,-0.0553181
-45.5329,-0.00432915,-0.0601613,-0.0533808,-0.055178
-45.5102,-0.00307672,-0.0607782,-0.0530789,-0.0550216
-45.4875,-0.00182353,-0.0620791,-0.0528244,-0.0548491
-45.4649,-0.000569899,-0.0623287,-0.0523203,-0.0546605
-45.4422,0.000683876,-0.0634561,-0.052026,-0.0544559
-45.4195,0.00193748,-0.0637987,-0.0516118,-0.0542353
-45.3968,0.00319061,-0.065672,-0.0511301,-0.0539988
-45.3741,0.00444296,-0.0660646,-0.0507162,-0.0537465
-45.3515,0.00569422,-0.0662411,-0.0502543,-0.0534784
-45.3288,0.00694407,-0.0667137,-0.0497703,-0.0531946
-45.3061,0.00819222,-0.0683107,-0.0493318,-0.0528952
-45.2834,0.00943836,-0.069003,-0.0488479,-0.0525802
-45.2608,0.0106822,-0.0690183,-0.0483061,-0.0522498
-45.2381,0.0119234,-0.0711268,-0.0477887,-0.0519041
-45.2154,0.0131616,-0.0722573,-0.0471513,-0.0515431
-45.1927,0.0143967,-0.0712232,-0.0465749,-0.051167
-45.1701,0.0156282,-0.071433,-0.0460727,-0.0507759
-45.1474,0.0168558,-0.0729087,-0.0455526,-0.0503698
-45.1247,0.0180794,-0.0727132,-0.044831,-0.0499489
-45.102,0.0192984,-0.0732121,-0.0440919,-0.0495133
-45.0794,0.0205128,-0.0746307,-0.0436844,-0.0490632
-45.0567,0.0217221,-0.0757114,-0.0429058,-0.0485986
-45.034,0.0229261,-0.0751049,-0.0423331,-0.0481197
-45.0113,0.0241244,-0.0749853,-0.041556,-0.0476266
-44.9887,0.0253168,-0.0750237,-0.0409287,-0.0471195
-44.966,0.026503,-0.0768613,-0.040268,-0.0465985
-44.9433,0.0276827,-0.0765572,-0.0395356,-0.0460638
-44.9206,0.0288556,-0.0778793,-0.0388894,-0.0455156
-44.898,0.0300214,-0.0778822,-0.0382084,-0.0449539
-44.8753,0.0311798,-0.0776571,-0.0375253,-0.0443789
-44.8526,0.0323305,-0.0788127,-0.0366296,-0.0437908
-44.8299,0.0334734,-0.0796035,-0.0357641,-0.0431898
-44.8073,0.034608,-0.0786797,-0.0349724,-0.042576
-44.7846,0.0357341,-0.0793828,-0.0342041,-0.0419496
-44.7619,0.0368514,-0.078055,-0.0334325,-0.0413109
-44.7392,0.0379597,-0.0787499,-0.0326474,-0.0406599
-44.7166,0.0390586,-0.0798689,-0.0318523,-0.0399969
-44.6939,0.040148,-0.0802916,-0.0311425,-0.039322
-44.6712,0.0412275,-0.0791512,-0.0300665,-0.0386355
-44.6485,0.0422968,-0.0800595,-0.0291849,-0.0379375
-44.6259,0.0433558,-0.080183,-0.0283548,-0.0372282
-44.6032,0.0444041,-0.0799124,-0.0274287,-0.0365079
-44.5805,0.0454416,-0.0789547,-0.0266515,-0.0357768
-44.5578,0.0464678,-0.078862,-0.0257117,-0.035035
-44.5351,0.0474827,-0.0810204,-0.0248003,-0.0342828
-44.5125,0.0484859,-0.0808831,-0.0239032,-0.0335204
-44.4898,0.0494771,-0.0791718,-0.0232654,-0.0327479
-44.4671,0.0504563,-0.0802555,-0.0221307,-0.0319657
-44.4444,0.051423,-0.0804624,-0.0213158,-0.0311739
-44.4218,0.0523771,-0.0803221,-0.0202355,-0.0303729
-44.3991,0.0533183,-0.080415,-0.0193419,-0.0295627
-44.3764,0.0542465,-0.0804226,-0.0183844,-0.0287437
-44.3537,0.0551613,-0.0798418,-0.0175458,-0.027916
-44.3311,0.0560626,-0.079815,-0.0163443,-0.02708
-44.3084,0.0569501,-0.0804811,-0.01547,-0.0262358
-44.2857,0.0578236,-0.0800798,-0.0147586,-0.0253837
-44.263,0.0586829,-0.0788805,-0.0136574,-0.0245239
-44.2404,0.0595278,-0.0788674,-0.0124711,-0.0236567
-44.2177,0.0603581,-0.079969,-0.0116131,-0.0227824
-44.195,0.0611735,-0.0783547,-0.0106141,-0.0219011
-44.1723,0.0619739,-0.0774432,-0.00985845,-0.0210132
-44.1497,0.0627591,-0.0786124,-0.00871713,-0.0201189
-44.127,0.0635289,-0.0771039,-0.00761262,-0.0192184
-44.1043,0.0642831,-0.0772297,-0.00657407,-0.018312
-44.0816,0.0650215,-0.07696,-0.00561772,-0.0174
-44.059,0.0657439,-0.0769657,-0.00464413,-0.0164826
-44.0363,0.0664502,-0.0748224,-0.00370295,-0.0155601
-44.0136,0.0671402,-0.0750963,-0.00260514,-0.0146328
-43.9909,0.0678136,-0.0751022,-0.0015619,-0.0137009
-43.9683,0.0684704,-0.0743164,-0.00045757,-0.0127647
-43.9456,0.0691104,-0.0733414,0.000619369,-0.0118244
-43.9229,0.0697334,-0.0744804,0.00158688,-0.0108804
-43.9002,0.0703393,-0.0720183,0.00248814,-0.00993284
-43.8776,0.0709279,-0.0720898,0.00363595,-0.00898207
-43.8549,0.0714991,-0.0725948,0.00469907,-0.00802839
-43.8322,0.0720528,-0.0713955,0.00540385,-0.00707202
-43.8095,0.0725887,-0.070258,0.0067075,-0.00611323
-43.7868,0.0731068,-0.0705767,0.00748313,-0.00515233
-43.7642,0.0736069,-0.0695309,0.00837971,-0.00418957
-43.7415,0.074089,-0.0686122,0.00962345,-0.00322525
-43.7188,0.0745529,-0.0670803,0.0106526,-0.00225963
-43.6961,0.0749984,-0.068329,0.0116338,-0.00129301
-43.6735,0.0754256,-0.0670869,0.0127255,-0.000325633
-43.6508,0.0758342,-0.0659501,0.0136473,0.000642191
-43.6281,0.0762242,-0.0653777,0.0146211,0.0016102
-43.6054,0.0765954,-0.0648059,0.0158442,0.00257809
-43.5828,0.0769479,-0.064799,0.0165761,0.00354563
-43.5601,0.0772814,-0.0616237,0.0176804,0.00451249
-43.5374,0.077596,-0.0617826,0.0187858,0.00547841
-43.5147,0.0778915,-0.0615202,0.0197155,0.00644312
-43.4921,0.0781679,-0.0589982,0.0206925,0.00740632
-43.4694,0.0784251,-0.0601167,0.0215323,0.00836776
-43.4467,0.078663,-0.0589654,0.0225873,0.00932714
-43.424,0.0788816,-0.0560044,0.0234484,0.0102842
-43.4014,0.0790808,-0.0569389,0.0241291,0.0112387
-43.3787,0.0792606,-0.0559622,0.0253385,0.0121902
-43.356,0.0794209,-0.0553224,0.0264144,0.0131386
-43.3333,0.0795618,-0.0551972,0.0271383,0.0140836
-43.3107,0.079683,-0.0524888,0.0280858,0.0150249
-43.288,0.0797847,-0.0519691,0.028823,0.0159622
-43.2653,0.0798669,-0.0512983,0.0300033,0.0168952
-43.2426,0.0799294,-0.0507647,0.0309474,0.0178237
-43.22,0.0799722,-0.0500521,0.0319563,0.0187475
-43.1973,0.0799954,-0.0481606,0.0325083,0.0196662
-43.1746,0.079999,-0.0464692,0.0336137,0.0205795
-43.1519,0.0799829,-0.0457774,0.0344531,0.0214873
-43.1293,0.0799472,-0.0450362,0.0353353,0.0223892
-43.1066,0.0798918,-0.0433512,0.0362941,0.023285
-43.0839,0.0798169,-0.041258,0.0368134,0.0241744
-43.0612,0.0797223,-0.0421585,0.0377187,0.0250572
-43.0385,0.0796081,-0.0397749,0.0386608,0.0259331
-43.0159,0.0794744,-0.0397768,0.0396402,0.0268018
-42.9932,0.0793212,-0.0394697,0.0402678,0.0276632
-42.9705,0.0791484,-0.0376648,0.0410565,0.0285169
-42.9478,0.0789563,-0.0349735,0.0421219,0.0293627
-42.9252,0.0787447,-0.0346495,0.0426367,0.0302004
-42.9025,0.0785138,-0.0320935,0.0435856,0.0310297
-42.8798,0.0782636,-0.0312008,0.0439629,0.0318503
-42.8571,0.0779942,-0.0302239,0.0449729,0.0326621
-42.8345,0.0777057,-0.0290063,0.0458567,0.0334647
-42.8118,0.077398,-0.0266751,0.0462553,0.0342581
-42.7891,0.0770714,-0.0281424,0.0469273,0.0350418
-42.7664,0.0767258,-0.0263415,0.0476097,0.0358158
-42.7438,0.0763614,-0.0248188,0.0484296,0.0365797
-42.7211,0.0759782,-0.0226545,0.0489838,0.0373334
-42.6984,0.0755763,-0.0213618,0.0492977,0.0380766
-42.6757,0.0751559,-0.0221791,0.0499453,0.0388091
-42.6531,0.074717,-0.0202362,0.0508893,0.0395307
-42.6304,0.0742598,-0.0173365,0.0518587,0.0402411
-42.6077,0.0737843,-0.0174499,0.0517975,0.0409403
-42.585,0.0732908,-0.0148901,0.0527438,0.0416279
-42.5624,0.0727792,-0.0140884,0.0532443,0.0423037
-42.5397,0.0722497,-0.0129634,0.0539524,0.0429677
-42.517,0.0717025,-0.0106802,0.0545112,0.0436195
-42.4943,0.0711377,-0.0107249,0.0546899,0.044259
-42.4717,0.0705554,-0.00897982,0.0552962,0.0448859
-42.449,0.0699558,-0.00727523,0.0558353,0.0455002
-42.4263,0.069339,-0.00481775,0.0565716,0.0461016
-42.4036,0.0687051,-0.00422414,0.0566326,0.0466899
-42.381,0.0680544,-0.00486858,0.0571018,0.0472649
-42.3583,0.067387,-0.00205954,0.0576211,0.0478266
-42.3356,0.066703,-0.000542022,0.0578423,0.0483747
-42.3129,0.0660026,-0.000161844,0.0586603,0.0489091
-42.2902,0.0652861,0.00140784,0.0586304,0.0494295
-42.2676,0.0645535,0.00148409,0.0592104,0.049936
-42.2449,0.063805,0.00293712,0.0593298,0.0504282
-42.2222,0.0630409,0.00738866,0.0597328,0.050906
-42.1995,0.0622612,0.0079952,0.0597459,0.0513694
-42.1769,0.0614663,0.00885898,0.0605013,0.0518181
-42.1542,0.0606563,0.00847515,0.0605992,0.0522521
-42.1315,0.0598314,0.0112333,0.0607342,0.0526711
-42.1088,0.0589918,0.0143038,0.0607568,0.0530751
-42.0862,0.0581377,0.012414,0.0611796,0.053464
-42.0635,0.0572693,0.0134821,0.0616175,0.0538376
-42.0408,0.0563869,0.016826,0.0613084,0.0541958
-42.0181,0.0554906,0.017794,0.0617536,0.0545385
-41.9955,0.0545807,0.0189904,0.0618457,0.0548656
-41.9728,0.0536574,0.020935,0.0621434,0.055177
-41.9501,0.0527209,0.0228826,0.0622007,0.0554726
-41.9274,0.0517714,0.0233109,0.0625224,0.0557523
-41.9048,0.0508093,0.0236874,0.0625006,0.056016
-41.8821,0.0498346,0.0268233,0.0628094,0.0562636
-41.8594,0.0488477,0.0291088,0.0627599,0.0564952
-41.8367,0.0478488,0.0309176,0.062692,0.0567105
-41.8141,0.0468382,0.0291019,0.0621893,0.0569095
-41.7914,0.0458161,0.0310367,0.0624756,0.0570921
-41.7687,0.0447827,0.0326394,0.0622429,0.0572584
-41.746,0.0437383,0.0330671,0.0625109,0.0574081
-41.7234,0.0426831,0.0351946,0.0620001,0.0575414
-41.7007,0.0416175,0.036774,0.0624951,0.0576581
-41.678,0.0405417,0.0366374,0.0624674,0.0577582
-41.6553,0.0394559,0.0382588,0.0620566,0.0578416
-41.6327,0.0383604,0.0391001,0.0619273,0.0579083
-41.61,0.0372555,0.0415366,0.0629253,0.0579584
-41.5873,0.0361414,0.0431916,0.0619875,0.0579917
-41.5646,0.0350185,0.0438725,0.0618239,0.0580083
-41.542,0.0338869,0.0439499,0.0612398,0.0580081
-41.5193,0.0327471,0.0459731,0.0613211,0.0579911
-41.4966,0.0315991,0.047869,0.0608885,0.0579574
-41.4739,0.0304435,0.0480894,0.0604804,0.0579069
-41.4512,0.0292803,0.0494355,0.0602335,0.0578396
-41.4286,0.02811,0.0504079,0.0601524,0.0577556
-41.4059,0.0269327,0.0505905,0.059631,0.0576548
-41.3832,0.0257489,0.0537151,0.0599265,0.0575373
-41.3605,0.0245587,0.0535571,0.058723,0.0574031
-41.3379,0.0233625,0.0543642,0.0588464,0.0572522
-41.3152,0.0221605,0.0562537,0.0586656,0.0570847
-41.2925,0.0209531,0.0570748,0.0586668,0.0569007
-41.2698,0.0197406,0.0585922,0.0578782,0.0567
-41.2472,0.0185232,0.0602275,0.0574865,0.0564829
-41.2245,0.0173013,0.0593631,0.0568761,0.0562493
-41.2018,0.0160751,0.0611466,0.0567314,0.0559993
-41.1791,0.0148449,0.0620579,0.0558188,0.055733
-41.1565,0.0136111,0.0634544,0.0554015,0.0554504
-41.1338,0.012374,0.0653183,0.0547064,0.0551517
-41.1111,0.0111338,0.0670692,0.0541515,0.0548368
-41.0884,0.00989095,0.0662209,0.0537497,0.0545059
-41.0658,0.00864561,0.0657171,0.0532256,0.054159
-41.0431,0.00739816,0.0679136,0.0527169,0.0537963
-41.0204,0.00614889,0.0695382,0.0521087,0.0534178
-40.9977,0.0048981,0.0701337,0.0511665,0.0530237
-40.9751,0.00364612,0.072525,0.0511123,0.052614
-40.9524,0.00239324,0.0719642,0.0504886,0.0521888
-40.9297,0.00113977,0.071777,0.050016,0.0517483
-40.907,-0.000113981,0.0742453,0.0493349,0.0512926
-40.8844,-0.0013677,0.0762166,0.047722,0.0508218
-40.8617,-0.00262109,0.0765126,0.0475918,0.050336
-40.839,-0.00387383,0.075836,0.0469646,0.0498354
-40.8163,-0.00512562,0.0766699,0.0464174,0.04932
-40.7937,-0.00637615,0.0777214,0.0457995,0.0487901
-40.771,-0.00762511,0.078346,0.0447869,0.0482457
-40.7483,-0.00887221,0.080472,0.0437955,0.0476871
-40.7256,-0.0101171,0.0807498,0.0434225,0.0471143
-40.7029,-0.0113595,0.0799698,0.0423221,0.0465275
-40.6803,-0.0125992,0.0790024,0.0411555,0.045927
-40.6576,-0.0138357,0.0814382,0.0406668,0.0453127
-40.6349,-0.0150689,0.0836408,0.0402718,0.044685
-40.6122,-0.0162983,0.0824295,0.0386783,0.044044
-40.5896,-0.0175238,0.0824612,0.0386142,0.0433898
-40.5669,-0.0187449,0.0841161,0.0379142,0.0427227
-40.5442,-0.0199614,0.0859956,0.0368054,0.0420428
-40.5215,-0.0211731,0.0850099,0.0352339,0.0413502
-40.4989,-0.0223795,0.0855763,0.0342396,0.0406453
-40.4762,-0.0235804,0.085395,0.0333984,0.0399281
-40.4535,-0.0247756,0.0868373,0.0330727,0.039199
-40.4308,-0.0259646,0.0900413,0.0316436,0.038458
-40.4082,-0.0271473,0.0893295,0.030434,0.0377054
-40.3855,-0.0283233,0.087915,0.0305364,0.0369414
-40.3628,-0.0294924,0.0891606,0.02983,0.0361662
-40.3401,-0.0306542,0.0880317,0.0284702,0.03538
-40.3175,-0.0318084,0.0904197,0.0279195,0.034583
-40.2948,-0.0329549,0.0891267,0.0268338,0.0337755
-40.2721,-0.0340933,0.0897791,0.0253227,0.0329577
-40.2494,-0.0352233,0.0920755,0.0250689,0.0321298
-40.2268,-0.0363446,0.0905432,0.0239524,0.031292
-40.2041,-0.037457,0.0888377,0.0220731,0.0304445
-40.1814,-0.0385603,0.0920176,0.0212342,0.0295877
-40.1587,-0.039654,0.0928045,0.0206139,0.0287217
-40.1361,-0.040738,0.0912685,0.0187084,0.0278468
-40.1134,-0.041812,0.0894505,0.0183231,0.0269632
-40.0907,-0.0428758,0.090685,0.018176,0.0260711
-40.068,-0.043929,0.0925786,0.0162284,0.0251709
-40.0454,-0.0449714,0.0913392,0.0147622,0.0242627
-40.0227,-0.0460028,0.0915511,0.0146255,0.0233469
-40,-0.0470228,0.0919044,0.0124934,0.0224236
-39.9773,-0.0480313,0.0896064,0.012227,0.0214932
-39.9546,-0.0490281,0.0913121,0.0107882,0.0205558
-39.932,-0.0500127,0.091411,0.00925902,0.0196117
-39.9093,-0.0509851,0.0913583,0.00963391,0.0186613
-39.8866,-0.051945,0.0901603,0.00671703,0.0177048
-39.8639,-0.0528921,0.0912642,0.00553304,0.0167424
-39.8413,-0.0538262,0.0922834,0.00538931,0.0157744
-39.8186,-0.0547471,0.0922872,0.00442497,0.0148011
-39.7959,-0.0556546,0.0902198,0.00265933,0.0138228
-39.7732,-0.0565484,0.0930181,0.00270771,0.0128396
-39.7506,-0.0574283,0.0915736,0.000129798,0.011852
-39.7279,-0.0582941,0.0915381,0.000377232,0.0108602
-39.7052,-0.0591456,0.0906599,-0.00111211,0.00986443
-39.6825,-0.0599825,0.0906731,-0.00192263,0.008865
-39.6599,-0.0608047,0.0904173,-0.00349273,0.00786218
-39.6372,-0.061612,0.0907347,-0.00432181,0.00685627
-39.6145,-0.0624041,0.0889529,-0.00503305,0.00584754
-39.5918,-0.063181,0.0893285,-0.00681598,0.00483626
-39.5692,-0.0639423,0.0904775,-0.00849712,0.00382273
-39.5465,-0.0646878,0.0896114,-0.00875172,0.00280727
-39.5238,-0.0654176,0.0858397,-0.0104941,0.0017901
-39.5011,-0.0661312,0.0875266,-0.0109538,0.000771544
-39.4785,-0.0668286,0.0887289,-0.0122895,-0.000248109
-39.4558,-0.0675096,0.0883081,-0.0128885,-0.00126857
-39.4331,-0.068174,0.0882484,-0.0139926,-0.00228959
-39.4104,-0.0688216,0.0869069,-0.0152784,-0.00331085
-39.3878,-0.0694524,0.0849462,-0.0165731,-0.00433204
-39.3651,-0.0700661,0.0850896,-0.0169162,-0.00535291
-39.3424,-0.0706625,0.0828517,-0.0183397,-0.00637315
-39.3197,-0.0712417,0.0837951,-0.0192114,-0.00739247
-39.2971,-0.0718033,0.0848766,-0.0210083,-0.0084106
-39.2744,-0.0723473,0.0835561,-0.0212756,-0.00942725
-39.2517,-0.0728735,0.082022,-0.0226551,-0.0104421
-39.229,-0.0733818,0.0821443,-0.0238247,-0.0114549
-39.2063,-0.0738721,0.0819643,-0.0237722,-0.0124654
-39.1837,-0.0743443,0.0797312,-0.0260476,-0.0134732
-39.161,-0.0747982,0.0813617,-0.0267094,-0.0144781
-39.1383,-0.0752337,0.0786351,-0.0280194,-0.0154798
-39.1156,-0.0756508,0.0780455,-0.0284171,-0.0164779
-39.093,-0.0760492,0.0779512,-0.0304287,-0.0174723
-39.0703,-0.076429,0.077104,-0.031236,-0.0184627
-39.0476,-0.07679,0.0765936,-0.0325384,-0.0194487
-39.0249,-0.0771322,0.0773166,-0.0331857,-0.0204301
-39.0023,-0.0774554,0.0729673,-0.034544,-0.0214066
-38.9796,-0.0777596,0.073039,-0.0349467,-0.0223779
-38.9569,-0.0780446,0.0733282,-0.0347157,-0.0233438
-38.9342,-0.0783106,0.0727014,-0.035648,-0.0243039
-38.9116,-0.0785572,0.0725971,-0.037569,-0.025258
-38.8889,-0.0787846,0.0693176,-0.0387798,-0.0262058
-38.8662,-0.0789927,0.0705302,-0.0389044,-0.0271471
-38.8435,-0.0791813,0.0708932,-0.0401468,-0.0280816
-38.8209,-0.0793505,0.0683021,-0.0421903,-0.029009
-38.7982,-0.0795002,0.0666553,-0.0416506,-0.029929
-38.7755,-0.0796303,0.0650654,-0.0428105,-0.0308414
-38.7528,-0.0797409,0.066526,-0.0433716,-0.0317459
-38.7302,-0.079832,0.0658475,-0.0448301,-0.0326423
-38.7075,-0.0799034,0.0647163,-0.0455919,-0.0335303
-38.6848,-0.0799552,0.0646275,-0.0469386,-0.0344097
-38.6621,-0.0799873,0.0604249,-0.0475795,-0.0352802
-38.6395,-0.0799998,0.0604647,-0.0475628,-0.0361415
-38.6168,-0.0799927,0.0608169,-0.0489861,-0.0369933
-38.5941,-0.0799659,0.0596246,-0.0499509,-0.0378356
-38.5714,-0.0799194,0.0587374,-0.0497754,-0.0386679
-38.5488,-0.0798534,0.0555134,-0.0514392,-0.0394902
-38.5261,-0.0797677,0.0542111,-0.0515731,-0.040302
-38.5034,-0.0796624,0.053851,-0.0529899,-0.0411033
-38.4807,-0.0795376,0.053414,-0.0543481,-0.0418937
-38.458,-0.0793932,0.0513576,-0.053728,-0.0426731
-38.4354,-0.0792294,0.0514446,-0.0547712,-0.0434411
-38.4127,-0.079046,0.0488333,-0.0553486,-0.0441977
-38.39,-0.0788433,0.0486894,-0.0548773,-0.0449425
-38.3673,-0.0786212,0.0484407,-0.0564289,-0.0456753
-38.3447,-0.0783797,0.0472883,-0.0578561,-0.046396
-38.322,-0.0781191,0.0455576,-0.0579907,-0.0471044
-38.2993,-0.0778392,0.0455511,-0.0582875,-0.0478001
-38.2766,-0.0775402,0.0420602,-0.0595556,-0.0484831
-38.254,-0.0772222,0.0417782,-0.0602253,-0.049153
-38.2313,-0.0768852,0.0429366,-0.0607269,-0.0498098
-38.2086,-0.0765293,0.0412139,-0.0609688,-0.0504532
-38.1859,-0.0761547,0.0377244,-0.0620055,-0.0510831
-38.1633,-0.0757613,0.0414329,-0.0621863,-0.0516992
-38.1406,-0.0753493,0.0358203,-0.0628193,-0.0523013
-38.1179,-0.0749188,0.0346301,-0.0636542,-0.0528894
-38.0952,-0.0744699,0.0354677,-0.062535,-0.0534632
-38.0726,-0.0740027,0.0324727,-0.0639179,-0.0540225
-38.0499,-0.0735174,0.031456,-0.0642846,-0.0545672
-38.0272,-0.0730139,0.0318802,-0.0653094,-0.055097
-38.0045,-0.0724926,0.0290373,-0.0648582,-0.055612
-37.9819,-0.0719534,0.0276242,-0.0658219,-0.0561119
-37.9592,-0.0713966,0.0260766,-0.0671271,-0.0565965
-37.9365,-0.0708222,0.0253659,-0.066489,-0.0570657
-37.9138,-0.0702305,0.0242388,-0.0673243,-0.0575194
-37.8912,-0.0696214,0.0232132,-0.0671651,-0.0579574
-37.8685,-0.0689953,0.0211347,-0.0673934,-0.0583796
-37.8458,-0.0683523,0.0187835,-0.0688486,-0.0587859
-37.8231,-0.0676924,0.0168253,-0.0682319,-0.0591761
-37.8005,-0.0670159,0.0173928,-0.066647,-0.0595501
-37.7778,-0.066323,0.0161553,-0.0688123,-0.0599078
-37.7551,-0.0656138,0.015417,-0.0686291,-0.0602491
-37.7324,-0.0648884,0.0135768,-0.0701724,-0.0605739
-37.7098,-0.0641472,0.0126906,-0.0685042,-0.0608821
-37.6871,-0.0633901,0.0131727,-0.0691744,-0.0611736
-37.6644,-0.0626175,0.00972917,-0.0692998,-0.0614482
-37.6417,-0.0618295,0.00703038,-0.0696954,-0.061706
-37.619,-0.0610264,0.00839763,-0.0690911,-0.0619468
-37.5964,-0.0602082,0.00881986,-0.0696641,-0.0621706
-37.5737,-0.0593753,0.00438622,-0.069232,-0.0623771
-37.551,-0.0585277,0.00292883,-0.0705706,-0.0625665
-37.5283,-0.0576658,0.000941689,-0.0701597,-0.0627387
-37.5057,-0.0567897,0.00073636,-0.0697612,-0.0628934
-37.483,-0.0558997,-0.00104287,-0.0688643,-0.0630309
-37.4603,-0.054996,-0.00250106,-0.0684371,-0.0631508
-37.4376,-0.0540787,-0.00225617,-0.0694724,-0.0632533
-37.415,-0.0531482,-0.00512395,-0.0709707,-0.0633383
-37.3923,-0.0522046,-0.00682959,-0.0679161,-0.0634057
-37.3696,-0.0512482,-0.00669266,-0.0684425,-0.0634555
-37.3469,-0.0502792,-0.00798945,-0.069634,-0.0634878
-37.3243,-0.0492978,-0.00844333,-0.068866,-0.0635023
-37.3016,-0.0483044,-0.00948683,-0.0679102,-0.0634993
-37.2789,-0.047299,-0.0109239,-0.0679533,-0.0634785
-37.2562,-0.0462821,-0.0126665,-0.0691005,-0.0634401
-37.2336,-0.0452538,-0.0139086,-0.0684654,-0.063384
-37.2109,-0.0442143,-0.0157721,-0.0682004,-0.0633103
-37.1882,-0.0431641,-0.0170733,-0.0681562,-0.0632189
-37.1655,-0.0421032,-0.018341,-0.0672775,-0.0631098
-37.1429,-0.0410319,-0.0190684,-0.0667475,-0.0629831
-37.1202,-0.0399506,-0.0220973,-0.0673939,-0.0628388
-37.0975,-0.0388595,-0.0226507,-0.0664743,-0.0626769
-37.0748,-0.0377588,-0.0225137,-0.0652009,-0.0624974
-37.0522,-0.0366489,-0.0264973,-0.0660408,-0.0623005
-37.0295,-0.03553,-0.0241361,-0.0644242,-0.0620861
-37.0068,-0.0344023,-0.0260647,-0.0649761,-0.0618542
-36.9841,-0.0332662,-0.0280157,-0.0644606,-0.061605
-36.9615,-0.0321219,-0.0279032,-0.0628897,-0.0613385
-36.9388,-0.0309697,-0.030848,-0.0645356,-0.0610546
-36.9161,-0.0298099,-0.0301796,-0.0616596,-0.0607537
-36.8934,-0.0286428,-0.0323269,-0.0627124,-0.0604356
-36.8707,-0.0274687,-0.0331058,-0.0609157,-0.0601005
-36.8481,-0.0262878,-0.0330791,-0.0611087,-0.0597483
-36.8254,-0.0251005,-0.0371507,-0.0613794,-0.0593794
-36.8027,-0.0239069,-0.0372095,-0.0590711,-0.0589936
-36.78,-0.0227076,-0.0393658,-0.0608373,-0.0585912
-36.7574,-0.0215026,-0.0370948,-0.0581009,-0.0581721
-36.7347,-0.0202924,-0.0375803,-0.0573032,-0.0577366
-36.712,-0.0190771,-0.0392126,-0.0575917,-0.0572847
-36.6893,-0.0178572,-0.0416171,-0.0562292,-0.0568165
-36.6667,-0.0166329,-0.0420717,-0.0565764,-0.0563322
-36.644,-0.0154046,-0.0417349,-0.0558254,-0.0558319
-36.6213,-0.0141724,-0.0437248,-0.056027,-0.0553157
-36.5986,-0.0129367,-0.0462415,-0.0538347,-0.0547836
-36.576,-0.0116979,-0.0461144,-0.0533808,-0.054236
-36.5533,-0.0104562,-0.04558,-0.0510382,-0.0536729
-36.5306,-0.00921196,-0.0477005,-0.0530279,-0.0530944
-36.5079,-0.00796543,-0.050469,-0.0519753,-0.0525007
-36.4853,-0.00671694,-0.0494148,-0.0502718,-0.051892
-36.4626,-0.00546681,-0.049874,-0.0490707,-0.0512684
-36.4399,-0.00421533,-0.0511523,-0.0485451,-0.0506301
-36.4172,-0.00296282,-0.0546747,-0.0483717,-0.0499771
-36.3946,-0.00170958,-0.0534106,-0.0457657,-0.0493099
-36.3719,-0.00045592,-0.0563769,-0.0451146,-0.0486284
-36.3492,0.000797852,-0.0556215,-0.0454633,-0.0479328
-36.3265,0.00205143,-0.0543106,-0.043514,-0.0472234
-36.3039,0.0033045,-0.0594035,-0.0446517,-0.0465003
-36.2812,0.00455676,-0.0569914,-0.0415267,-0.0457637
-36.2585,0.0058079,-0.0581787,-0.0414441,-0.0450139
-36.2358,0.00705762,-0.058689,-0.0405529,-0.0442509
-36.2132,0.0083056,-0.0585727,-0.0411241,-0.0434751
-36.1905,0.00955154,-0.0592902,-0.0394155,-0.0426866
-36.1678,0.0107951,-0.0611399,-0.0395511,-0.0418855
-36.1451,0.0120361,-0.0598832,-0.0364444,-0.0410723
-36.1224,0.0132741,-0.0627159,-0.0346735,-0.0402469
-36.0998,0.0145088,-0.0628775,-0.0357713,-0.0394097
-36.0771,0.01574,-0.0625244,-0.0336735,-0.0385609
-36.0544,0.0169673,-0.0621906,-0.0328927,-0.0377008
-36.0317,0.0181904,-0.0644921,-0.03426,-0.0368294
-36.0091,0.019409,-0.0626387,-0.0314196,-0.0359471
-35.9864,0.0206229,-0.0636345,-0.0294288,-0.0350542
-35.9637,0.0218318,-0.0646345,-0.0290717,-0.0341507
-35.941,0.0230352,-0.0640907,-0.0271229,-0.0332371
-35.9184,0.024233,-0.0663106,-0.0277056,-0.0323135
-35.8957,0.0254249,-0.065904,-0.0258155,-0.0313801
-35.873,0.0266105,-0.0665371,-0.0252756,-0.0304373
-35.8503,0.0277896,-0.0671951,-0.0243842,-0.0294852
-35.8277,0.0289618,-0.066252,-0.0227466,-0.0285242
-35.805,0.030127,-0.0684384,-0.0222783,-0.0275544
-35.7823,0.0312847,-0.0686695,-0.0205914,-0.0265763
-35.7596,0.0324348,-0.0678195,-0.0193396,-0.0255898
-35.737,0.0335769,-0.0703711,-0.0191137,-0.0245955
-35.7143,0.0347107,-0.0713861,-0.0178941,-0.0235935
-35.6916,0.035836,-0.0708523,-0.0150003,-0.0225842
-35.6689,0.0369525,-0.0711524,-0.0137233,-0.0215677
-35.6463,0.03806,-0.0713523,-0.0140667,-0.0205443
-35.6236,0.039158,-0.0704038,-0.0118847,-0.0195144
-35.6009,0.0402465,-0.067606,-0.0107238,-0.0184782
-35.5782,0.0413251,-0.0712696,-0.0115724,-0.017436
-35.5556,0.0423935,-0.0700604,-0.010864,-0.016388
-35.5329,0.0434516,-0.0684403,-0.00704028,-0.0153346
-35.5102,0.0444989,-0.0725115,-0.00702387,-0.014276
-35.4875,0.0455353,-0.0716783,-0.00712356,-0.0132125
-35.4649,0.0465606,-0.0710783,-0.00500315,-0.0121445
-35.4422,0.0475744,-0.0724374,-0.00290907,-0.0110721
-35.4195,0.0485765,-0.0698081,-0.00265734,-0.00999572
-35.3968,0.0495667,-0.0702165,-0.00107631,-0.00891558
-35.3741,0.0505447,-0.0720486,-0.00109912,-0.00783206
-35.3515,0.0515103,-0.070655,0.00169539,-0.00674536
-35.3288,0.0524632,-0.0690005,0.00289064,-0.00565582
-35.3061,0.0534033,-0.0704105,0.0035059,-0.00456373
-35.2834,0.0543302,-0.0696525,0.00501717,-0.00346941
-35.2608,0.0552438,-0.0704471,0.00359301,-0.0023731
-35.2381,0.0561438,-0.0707706,0.00723525,-0.00127514
-35.2154,0.0570301,-0.0691873,0.00813218,-0.000175825
-35.1927,0.0579023,-0.0698793,0.0072037,0.00092456
-35.1701,0.0587603,-0.069812,0.0106015,0.00202569
-35.1474,0.0596039,-0.0693835,0.0107147,0.00312728
-35.1247,0.0604328,-0.0686414,0.0138783,0.00422908
-35.102,0.0612469,-0.0691959,0.0135376,0.0053307
-35.0794,0.062046,-0.0667866,0.0163543,0.00643189
-35.0567,0.0628298,-0.0701851,0.0152118,0.00753236
-35.034,0.0635981,-0.068608,0.0174365,0.00863177
-35.0113,0.0643509,-0.0680349,0.0184652,0.00972987
-34.9887,0.0650878,-0.0669161,0.0201632,0.0108263
-34.966,0.0658088,-0.0682301,0.0222677,0.0119208
-34.9433,0.0665136,-0.0648969,0.0226983,0.0130131
-34.9206,0.0672021,-0.0662049,0.0223632,0.0141029
-34.898,0.067874,-0.0678907,0.0250093,0.0151898
-34.8753,0.0685293,-0.0672719,0.0253779,0.0162736
-34.8526,0.0691678,-0.0630812,0.0261684,0.0173539
-34.8299,0.0697892,-0.0671701,0.0281237,0.0184306
-34.8073,0.0703936,-0.0642956,0.0285274,0.0195032
-34.7846,0.0709806,-0.064753,0.0294962,0.0205715
-34.7619,0.0715502,-0.0625314,0.0324785,0.0216352
-34.7392,0.0721022,-0.0622296,0.0325211,0.022694
-34.7166,0.0726365,-0.062399,0.0343189,0.0237476
-34.6939,0.073153,-0.0618041,0.0359542,0.0247958
-34.6712,0.0736515,-0.0617073,0.0338487,0.0258382
-34.6485,0.0741319,-0.0618946,0.0373077,0.0268745
-34.6259,0.0745941,-0.0586726,0.0376125,0.0279045
-34.6032,0.075038,-0.0593745,0.0378337,0.0289279
-34.5805,0.0754635,-0.0581175,0.0397478,0.0299443
-34.5578,0.0758704,-0.0579588,0.0399296,0.0309536
-34.5351,0.0762587,-0.0553273,0.0426672,0.0319555
-34.5125,0.0766283,-0.0560476,0.042502,0.0329496
-34.4898,0.076979,-0.0539062,0.044272,0.0339357
-34.4671,0.0773108,-0.0529442,0.0440508,0.0349135
-34.4444,0.0776237,-0.0539529,0.0458246,0.0358827
-34.4218,0.0779174,-0.0534495,0.0467122,0.0368431
-34.3991,0.0781921,-0.0507646,0.0496598,0.0377945
-34.3764,0.0784475,-0.051375,0.0487098,0.0387365
-34.3537,0.0786837,-0.0505898,0.0487357,0.0396689
-34.3311,0.0789005,-0.0464644,0.0515087,0.0405914
-34.3084,0.0790979,-0.0494721,0.0512678,0.0415037
-34.2857,0.079276,-0.0485251,0.0536332,0.0424058
-34.263,0.0794345,-0.0456274,0.0528294,0.0432971
-34.2404,0.0795736,-0.0475752,0.0541201,0.0441776
-34.2177,0.0796931,-0.0458369,0.0553847,0.045047
-34.195,0.079793,-0.0453058,0.0552751,0.045905
-34.1723,0.0798733,-0.0436565,0.0568495,0.0467514
-34.1497,0.0799341,-0.0423448,0.0560772,0.0475859
-34.127,0.0799751,-0.0432206,0.0561131,0.0484084
-34.1043,0.0799966,-0.0406932,0.0629984,0.0492186
-34.0816,0.0799984,-0.0373027,0.0587683,0.0500163
-34.059,0.0799805,-0.0361476,0.060423,0.0508011
-34.0363,0.079943,-0.0377456,0.0604389,0.0515731
-34.0136,0.0798858,-0.0357876,0.0614119,0.0523318
-33.9909,0.0798091,-0.0340929,0.0617308,0.0530771
-33.9683,0.0797127,-0.0333667,0.064288,0.0538089
-33.9456,0.0795968,-0.0334999,0.0612282,0.0545267
-33.9229,0.0794613,-0.0313465,0.0653529,0.0552306
-33.9002,0.0793063,-0.0312627,0.0647508,0.0559202
-33.8776,0.0791318,-0.0267516,0.0662162,0.0565955
-33.8549,0.0789378,-0.0259035,0.0665886,0.0572561
-33.8322,0.0787245,-0.032218,0.0638039,0.0579019
-33.8095,0.0784919,-0.025145,0.0671373,0.0585328
-33.7868,0.0782399,-0.0238608,0.0695419,0.0591485
-33.7642,0.0779688,-0.0222938,0.0674676,0.0597488
-33.7415,0.0776785,-0.0230485,0.06635,0.0603337
-33.7188,0.0773691,-0.0208502,0.0690603,0.0609029
-33.6961,0.0770407,-0.0195556,0.0714069,0.0614562
-33.6735,0.0766934,-0.0212476,0.0681055,0.0619936
-33.6508,0.0763273,-0.0164535,0.0711773,0.0625148
-33.6281,0.0759424,-0.0197335,0.0715062,0.0630197
-33.6054,0.0755389,-0.0186851,0.0717976,0.0635082
-33.5828,0.0751168,-0.0136606,0.0695884,0.0639801
-33.5601,0.0746762,-0.0126491,0.0706374,0.0644353
-33.5374,0.0742173,-0.00999667,0.0722623,0.0648736
-33.5147,0.0737402,-0.0136457,0.0710467,0.0652949
-33.4921,0.073245,-0.00900558,0.0741285,0.0656991
-33.4694,0.0727318,-0.00406555,0.0731003,0.0660861
-33.4467,0.0722007,-0.00790542,0.0763038,0.0664558
-33.424,0.0716519,-0.00551966,0.0762792,0.066808
-33.4014,0.0710855,-0.00412362,0.0731023,0.0671426
-33.3787,0.0705016,-0.00123895,0.0749439,0.0674596
-33.356,0.0699004,-0.00169492,0.0743303,0.0677589
-33.3333,0.069282,-0.000901064,0.0735747,0.0680403
-33.3107,0.0686467,-0.000749067,0.0741351,0.0683037
-33.288,0.0679944,0.00195311,0.0732877,0.0685492
-33.2653,0.0673255,0.00374628,0.0770907,0.0687765
-33.2426,0.06664,0.00297354,0.0737475,0.0689858
-33.22,0.0659382,0.00605123,0.0751872,0.0691767
-33.1973,0.0652201,0.00602115,0.0752251,0.0693494
-33.1746,0.0644861,0.0100904,0.0784758,0.0695038
-33.1519,0.0637362,0.0123657,0.0740657,0.0696397
-33.1293,0.0629706,0.00967661,0.0741634,0.0697572
-33.1066,0.0621896,0.0100094,0.0755003,0.0698562
-33.0839,0.0613933,0.00992526,0.0729904,0.0699367
-33.0612,0.0605819,0.0159243,0.0772382,0.0699986
-33.0385,0.0597557,0.0155438,0.0765381,0.0700419
-33.0159,0.0589148,0.0148359,0.0748876,0.0700667
-32.9932,0.0580594,0.0171974,0.0770786,0.0700728
-32.9705,0.0571897,0.0169343,0.0735823,0.0700602
-32.9478,0.056306,0.0202649,0.075747,0.070029
-32.9252,0.0554085,0.0211024,0.0744549,0.0699791
-32.9025,0.0544973,0.0210645,0.0741407,0.0699107
-32.8798,0.0535728,0.0245197,0.076399,0.0698235
-32.8571,0.0526351,0.0254101,0.0748423,0.0697177
-32.8345,0.0516845,0.0271577,0.0751238,0.0695934
-32.8118,0.0507212,0.0288539,0.0727122,0.0694504
-32.7891,0.0497454,0.0291965,0.0718486,0.0692888
-32.7664,0.0487574,0.0280605,0.0729028,0.0691088
-32.7438,0.0477574,0.0316439,0.0712643,0.0689102
-32.7211,0.0467458,0.0345207,0.0735346,0.0686932
-32.6984,0.0457226,0.0306971,0.0710492,0.0684578
-32.6757,0.0446882,0.0356271,0.0710303,0.068204
-32.6531,0.0436428,0.0350533,0.0709166,0.067932
-32.6304,0.0425867,0.0407094,0.0733729,0.0676417
-32.6077,0.0415201,0.0368209,0.0665614,0.0673332
-32.585,0.0404434,0.0430299,0.0694139,0.0670066
-32.5624,0.0393567,0.0386376,0.0703861,0.066662
-32.5397,0.0382603,0.0406406,0.0679035,0.0662995
-32.517,0.0371546,0.0450532,0.0704912,0.0659192
-32.4943,0.0360397,0.0452081,0.0693085,0.065521
-32.4717,0.0349159,0.0457455,0.0677501,0.0651053
-32.449,0.0337836,0.0474731,0.0672156,0.0646719
-32.4263,0.032643,0.0463324,0.0662231,0.0642211
-32.4036,0.0314944,0.0510547,0.0657803,0.0637529
-32.381,0.030338,0.0473256,0.0644447,0.0632675
-32.3583,0.0291742,0.0531407,0.0649167,0.062765
-32.3356,0.0280032,0.0524097,0.0625984,0.0622455
-32.3129,0.0268254,0.054632,0.0641368,0.0617092
-32.2902,0.0256409,0.0562602,0.0660929,0.061156
-32.2676,0.0244502,0.0551812,0.0626087,0.0605864
-32.2449,0.0232534,0.0567668,0.063145,0.0600001
-32.2222,0.022051,0.0540964,0.0602863,0.0593978
-32.1995,0.0208431,0.0591834,0.0607712,0.0587791
-32.1769,0.0196301,0.0623253,0.0601585,0.0581447
-32.1542,0.0184123,0.0611355,0.0596661,0.0574939
-32.1315,0.01719,0.0617115,0.057866,0.0568279
-32.1088,0.0159634,0.0598717,0.0552224,0.0561462
-32.0862,0.0147329,0.062414,0.0570773,0.0554496
-32.0635,0.0134988,0.0647862,0.0552717,0.054737
-32.0408,0.0122614,0.0651897,0.055064,0.0540107
-32.0181,0.011021,0.0660599,0.0529028,0.0532682
-31.9955,0.00977783,0.0644704,0.0505754,0.0525118
-31.9728,0.00853229,0.0651833,0.0500286,0.0517408
-31.9501,0.00728466,0.068554,0.0501386,0.0509562
-31.9274,0.00603524,0.0692236,0.0504287,0.0501563
-31.9048,0.00478433,0.0706412,0.0495959,0.049344
-31.8821,0.00353225,0.0728769,0.0477504,0.0485164
-31.8594,0.00227931,0.0728744,0.0472128,0.0476778
-31.8367,0.0010258,0.0730087,0.0473169,0.0468236
-31.8141,-0.000227961,0.075712,0.0473568,0.0459587
-31.7914,-0.00148166,0.0750014,0.0444902,0.0450785
-31.7687,-0.002735,0.0741593,0.0437872,0.0441886
-31.746,-0.00398767,0.077321,0.0434487,0.0432838
-31.7234,-0.00523936,0.0775608,0.0414655,0.0423695
-31.7007,-0.00648976,0.0796644,0.0416155,0.0414411
-31.678,-0.00773857,0.0773157,0.0361382,0.0405035
-31.6553,-0.00898547,0.0779926,0.0367481,0.0395513
-31.6327,-0.0102302,0.0795499,0.0342068,0.0385914
-31.61,-0.0114724,0.0830709,0.0363731,0.0376172
-31.5873,-0.0127117,0.0840399,0.0357872,0.0366366
-31.5646,-0.013948,0.0820956,0.0350086,0.0356415
-31.542,-0.0151808,0.0820813,0.0334468,0.0346401
-31.5193,-0.0164099,0.0863302,0.0296292,0.033624
-31.4966,-0.017635,0.0866271,0.029437,0.0326035
-31.4739,-0.0188557,0.084046,0.0295628,0.0315691
-31.4512,-0.0200718,0.0859487,0.026531,0.0305319
-31.4286,-0.0212829,0.0876544,0.0291178,0.0294796
-31.4059,-0.0224889,0.0857069,0.0223438,0.0284221
-31.3832,-0.0236893,0.0863676,0.0245334,0.0273545
-31.3605,-0.0248839,0.0868823,0.0247046,0.0262849
-31.3379,-0.0260724,0.0869389,0.0213643,0.0251985
-31.3152,-0.0272545,0.0871641,0.0192724,0.0241117
-31.2925,-0.0284299,0.0863129,0.0206267,0.0230128
-31.2698,-0.0295983,0.0887957,0.0204407,0.021914
-31.2472,-0.0307594,0.08618,0.0175551,0.0207999
-31.2245,-0.031913,0.0880787,0.0184447,0.0196864
-31.2018,-0.0330587,0.090823,0.0186219,0.018561
-31.1791,-0.0341964,0.0859594,0.0143777,0.0174378
-31.1565,-0.0353256,0.0862117,0.0152208,0.0163018
-31.1338,-0.0364461,0.0909022,0.0144387,0.015167
-31.1111,-0.0375577,0.0892016,0.00875547,0.0140218
-31.0884,-0.0386601,0.0907512,0.0112698,0.0128769
-31.0658,-0.039753,0.0885347,0.00870538,0.0117216
-31.0431,-0.0408361,0.0871463,0.0046195,0.0105704
-31.0204,-0.0419092,0.0915482,0.00526227,0.00940875
-30.9977,-0.042972,0.0884633,0.00344601,0.00825289
-30.9751,-0.0440242,0.0894103,0.00255209,0.00708121
-30.9524,-0.0450656,0.0921038,0.00141356,0.00591813
-30.9297,-0.046096,0.0921098,-0.00113583,0.00474622
-30.907,-0.047115,0.0931692,-0.000914692,0.00357675
-30.8844,-0.0481224,0.0932617,-0.00198096,0.00240196
-30.8617,-0.0491181,0.0902692,-0.00293337,0.00123034
-30.839,-0.0501017,0.0888214,-0.00391546,4.85595e-05
-30.8163,-0.0510729,0.0894199,-0.00627964,-0.00112313
-30.7937,-0.0520316,0.0903373,-0.0105992,-0.00230718
-30.771,-0.0529776,0.0927558,-0.00865775,-0.0034787
-30.7483,-0.0539105,0.0915205,-0.00842666,-0.00465891
-30.7256,-0.0548302,0.0914307,-0.0130578,-0.00582995
-30.7029,-0.0557364,0.0900618,-0.0128549,-0.00701314
-30.6803,-0.056629,0.0886545,-0.0119512,-0.00818388
-30.6576,-0.0575076,0.0895591,-0.0142885,-0.00936291
-30.6349,-0.0583721,0.0932274,-0.0129388,-0.0105278
-30.6122,-0.0592222,0.0880199,-0.0144162,-0.011703
-30.5896,-0.0600579,0.0879102,-0.018053,-0.0128662
-30.5669,-0.0608787,0.088331,-0.017093,-0.0140344
-30.5442,-0.0616846,0.086939,-0.0175101,-0.0151899
-30.5215,-0.0624754,0.0876665,-0.0217919,-0.0163548
-30.4989,-0.0632508,0.0884043,-0.0221936,-0.0175084
-30.4762,-0.0640107,0.0872613,-0.0216134,-0.0186693
-30.4535,-0.0647548,0.0859444,-0.0261153,-0.0198045
-30.4308,-0.0654831,0.0867434,-0.0222864,-0.0209647
-30.4082,-0.0661953,0.0855711,-0.0276782,-0.0220885
-30.3855,-0.0668912,0.0839671,-0.032008,-0.0232324
-30.3628,-0.0675706,0.0880624,-0.0266743,-0.0243479
-30.3401,-0.0682335,0.0838674,-0.0299645,-0.0254815
-30.3175,-0.0688797,0.0850457,-0.0335863,-0.026581
-30.2948,-0.0695089,0.0854391,-0.031316,-0.0277091
-30.2721,-0.070121,0.0851468,-0.0338495,-0.0288008
-30.2494,-0.0707159,0.0815407,-0.0345417,-0.0299082
-30.2268,-0.0712935,0.0831927,-0.0337208,-0.030988
-30.2041,-0.0718535,0.0777723,-0.0374859,-0.032085
-30.1814,-0.0723959,0.0834917,-0.0380989,-0.0331399
-30.1587,-0.0729205,0.0785494,-0.038684,-0.0342277
-30.1361,-0.0734272,0.0775883,-0.0411784,-0.0352657
-30.1134,-0.0739158,0.0793934,-0.0403372,-0.0363275
-30.0907,-0.0743863,0.0793268,-0.0421909,-0.0373581
-30.068,-0.0748385,0.0791599,-0.0433265,-0.0384031
-30.0454,-0.0752724,0.0800142,-0.0446523,-0.0394176
-30.0227,-0.0756878,0.0730546,-0.0475596,-0.0404413
-30,-0.0760845,0.0800124,-0.0438012,-0.0414262
-29.9773,-0.0764626,0.0740423,-0.0501471,-0.0424434
-29.9546,-0.0768219,0.0753635,-0.0500076,-0.0434131
-29.932,-0.0771623,0.0716076,-0.0520024,-0.0443916
-29.9093,-0.0774838,0.0749203,-0.0504972,-0.0453402
-29.8866,-0.0777863,0.0726495,-0.0523309,-0.0463061
-29.8639,-0.0780696,0.0685895,-0.0544589,-0.0472258
-29.8413,-0.0783338,0.0717091,-0.0495935,-0.0481716
-29.8186,-0.0785787,0.0684075,-0.0548132,-0.0490613
-29.7959,-0.0788043,0.0726129,-0.0572356,-0.0499895
-29.7732,-0.0790106,0.0684781,-0.0545385,-0.0508525
-29.7506,-0.0791975,0.0638311,-0.0551053,-0.0517522
-29.7279,-0.0793649,0.0658674,-0.0568282,-0.0526178
-29.7052,-0.0795128,0.0640941,-0.0594318,-0.0534689
-29.6825,-0.0796412,0.0656202,-0.0556958,-0.0542869
-29.6599,-0.07975,0.0619939,-0.0607896,-0.0551337
-29.6372,-0.0798393,0.0646472,-0.0599333,-0.0559244
-29.6145,-0.0799089,0.0630166,-0.0617007,-0.0567322
-29.5918,-0.0799589,0.0574646,-0.0626244,-0.0575106
-29.5692,-0.0799893,0.0577824,-0.0630442,-0.0582969
-29.5465,-0.08,0.0595512,-0.0636717,-0.059032
-29.5238,-0.0799911,0.0615538,-0.0639518,-0.0597896
-29.5011,-0.0799625,0.0547666,-0.067045,-0.0604999
-29.4785,-0.0799142,0.0557445,-0.0639859,-0.0612146
-29.4558,-0.0798464,0.0552239,-0.0631448,-0.0618942
-29.4331,-0.0797589,0.0495548,-0.0693288,-0.0625812
-29.4104,-0.0796519,0.052843,-0.069149,-0.0632434
-29.3878,-0.0795253,0.051768,-0.0713708,-0.0638997
-29.3651,-0.0793791,0.0526462,-0.0668165,-0.0644999
-29.3424,-0.0792135,0.0521285,-0.0693718,-0.0651456
-29.3197,-0.0790284,0.0499795,-0.07189,-0.0657304
-29.2971,-0.0788239,0.0470885,-0.0704428,-0.0663189
-29.2744,-0.0786,0.0450897,-0.0751448,-0.0668574
-29.2517,-0.0783568,0.0476707,-0.0715237,-0.0674212
-29.229,-0.0780944,0.042984,-0.0745944,-0.0679403
-29.2063,-0.0778128,0.039122,-0.0741529,-0.0684705
-29.1837,-0.0775121,0.041339,-0.0744825,-0.0689527
-29.161,-0.0771923,0.0388921,-0.0725743,-0.0694507
-29.1383,-0.0768536,0.0408931,-0.0725307,-0.0698914
-29.1156,-0.076496,0.0360024,-0.0770656,-0.0703451
-29.093,-0.0761197,0.0369826,-0.0752883,-0.0707448
-29.0703,-0.0757246,0.0367157,-0.0749563,-0.0711648
-29.0476,-0.0753109,0.0374911,-0.0741963,-0.0715328
-29.0249,-0.0748787,0.0318462,-0.0694307,-0.0719133
-29.0023,-0.0744282,0.030046,-0.0774208,-0.0722576
-28.9796,-0.0739593,0.0303151,-0.0743344,-0.0726093
-28.9569,-0.0734723,0.0287151,-0.0773265,-0.0728834
-28.9342,-0.0729673,0.031561,-0.0763643,-0.0732157
-28.9116,-0.0724443,0.0257187,-0.0798377,-0.0734622
-28.8889,-0.0719035,0.0256686,-0.0783926,-0.0737513
-28.8662,-0.0713451,0.0224385,-0.0814139,-0.0739686
-28.8435,-0.0707691,0.0242004,-0.0753523,-0.0742084
-28.8209,-0.0701758,0.0243761,-0.0772959,-0.0744015
-28.7982,-0.0695652,0.0225031,-0.0780314,-0.0746
-28.7755,-0.0689376,0.0181765,-0.079346,-0.0747461
-28.7528,-0.068293,0.0175629,-0.0792002,-0.074904
-28.7302,-0.0676316,0.017009,-0.0801805,-0.0750027
-28.7075,-0.0669536,0.0160922,-0.082789,-0.0751476
-28.6848,-0.0662592,0.0181267,-0.0798592,-0.0752001
-28.6621,-0.0655485,0.0183773,-0.0789752,-0.075264
-28.6395,-0.0648217,0.0139561,-0.078881,-0.0753004
-28.6168,-0.064079,0.00915881,-0.0787238,-0.0753703
-28.5941,-0.0633205,0.00899296,-0.0758003,-0.0753212
-28.5714,-0.0625465,0.00897371,-0.0805736,-0.0753659
-28.5488,-0.0617571,0.0103124,-0.0789582,-0.0753008
-28.5261,-0.0609526,0.00466527,-0.0800914,-0.0752836
-28.5034,-0.0601331,0.00255847,-0.0775056,-0.0751633
-28.4807,-0.0592988,0.00885208,-0.0726435,-0.075117
-28.458,-0.05845,0.00516655,-0.075606,-0.07498
-28.4354,-0.0575868,-0.000606432,-0.0799588,-0.074898
-28.4127,-0.0567094,-0.0052141,-0.0812208,-0.0747194
-28.39,-0.0558181,0.00187512,-0.0772683,-0.074598
-28.3673,-0.0549131,-0.00334993,-0.0797883,-0.0743667
-28.3447,-0.0539947,0.000236547,-0.0768217,-0.0741943
-28.322,-0.0530629,-0.00168862,-0.0724867,-0.0739085
-28.2993,-0.0521182,-0.00754626,-0.0791656,-0.0737338
-28.2766,-0.0511606,-0.00620485,-0.0784202,-0.0734293
-28.254,-0.0501905,-0.00610195,-0.0779832,-0.0731948
-28.2313,-0.049208,-0.00732132,-0.0741055,-0.0728631
-28.2086,-0.0482134,-0.0103716,-0.0786469,-0.0725688
-28.1859,-0.0472071,-0.00793619,-0.0734066,-0.0721938
-28.1633,-0.0461891,-0.0129053,-0.0741855,-0.0718952
-28.1406,-0.0451597,-0.0150386,-0.0764593,-0.0714768
-28.1179,-0.0441193,-0.0116126,-0.0734613,-0.0711236
-28.0952,-0.043068,-0.0165932,-0.0749464,-0.0706908
-28.0726,-0.0420062,-0.0179419,-0.0718812,-0.0702688
-28.0499,-0.0409341,-0.0205887,-0.0714823,-0.0697911
-28.0272,-0.0398518,-0.0177846,-0.0684561,-0.0693682
-28.0045,-0.0387598,-0.0169872,-0.0690731,-0.0688425
-27.9819,-0.0376583,-0.0187146,-0.0699553,-0.0684015
-27.9592,-0.0365476,-0.0221308,-0.0729605,-0.0678457
-27.9365,-0.0354278,-0.0227274,-0.0683255,-0.0673276
-27.9138,-0.0342994,-0.0248121,-0.0689607,-0.0667283
-27.8912,-0.0331625,-0.0275491,-0.0666156,-0.0662211
-27.8685,-0.0320175,-0.0255715,-0.064848,-0.0655422
-27.8458,-0.0308646,-0.0261014,-0.0650184,-0.0650138
-27.8231,-0.0297041,-0.0292674,-0.0712667,-0.0643647
-27.8005,-0.0285364,-0.0326919,-0.0697975,-0.0637824
-27.7778,-0.0273616,-0.031079,-0.0641699,-0.0630784
-27.7551,-0.0261801,-0.0324292,-0.0603557,-0.0624221
-27.7324,-0.0249922,-0.0308159,-0.0636791,-0.0616899
-27.7098,-0.0237982,-0.0352242,-0.0658631,-0.0610776
-27.6871,-0.0225982,-0.0342308,-0.0603926,-0.0602745
-27.6644,-0.0213928,-0.0393699,-0.0624405,-0.059593
-27.6417,-0.0201821,-0.0323885,-0.0598497,-0.0587666
-27.619,-0.0189664,-0.0390212,-0.0617843,-0.0581001
-27.5964,-0.0177461,-0.039346,-0.0574633,-0.0572271
-27.5737,-0.0165214,-0.0441107,-0.0597485,-0.0565182
-27.551,-0.0152927,-0.0368453,-0.0601501,-0.0556461
-27.5283,-0.0140602,-0.0439369,-0.056307,-0.0548517
-27.5057,-0.0128242,-0.0428264,-0.0560611,-0.0539896
-27.483,-0.0115852,-0.0454619,-0.0570098,-0.0531872
-27.4603,-0.0103432,-0.0424956,-0.0527548,-0.0522796
-27.4376,-0.00909872,-0.0432646,-0.0518556,-0.0514231
-27.415,-0.00785201,-0.0438203,-0.0550192,-0.0504755
-27.3923,-0.00660336,-0.044958,-0.0514014,-0.0496454
-27.3696,-0.00535309,-0.0405417,-0.046348,-0.0486401
-27.3469,-0.00410151,-0.0494905,-0.0499541,-0.0477628
-27.3243,-0.00284891,-0.0479288,-0.0484014,-0.0467618
-27.3016,-0.00159562,-0.0461282,-0.0480733,-0.0458341
-27.2789,-0.000341941,-0.04467,-0.046234,-0.0448468
-27.2562,0.000911826,-0.0499435,-0.0466051,-0.0439238
-27.2336,0.00216537,-0.0520093,-0.0467427,-0.0428853
-27.2109,0.00341838,-0.0566426,-0.0477648,-0.0419003
-27.1882,0.00467055,-0.0529349,-0.0331237,-0.0408095
-27.1655,0.00592157,-0.0581668,-0.041414,-0.0398607
-27.1429,0.00717114,-0.0573288,-0.0421602,-0.0387803
-27.1202,0.00841895,-0.0560616,-0.0394056,-0.0377897
-27.0975,0.00966469,-0.0542633,-0.0356174,-0.0366576
-27.0748,0.0109081,-0.0598624,-0.0348486,-0.0356672
-27.0522,0.0121487,-0.0613651,-0.0317455,-0.034497
-27.0295,0.0133865,-0.0580413,-0.0320598,-0.0334858
-27.0068,0.0146209,-0.0585239,-0.0301035,-0.0323255
-26.9841,0.0158517,-0.0576565,-0.0299828,-0.0313268
-26.9615,0.0170786,-0.0596716,-0.0312464,-0.0301049
-26.9388,0.0183014,-0.063748,-0.0321087,-0.029079
-26.9161,0.0195196,-0.0631133,-0.0261495,-0.0278506
-26.8934,0.020733,-0.0600819,-0.0261686,-0.0267922
-26.8707,0.0219414,-0.0604216,-0.0264384,-0.0256119
-26.8481,0.0231444,-0.0626924,-0.0274792,-0.0245018
-26.8254,0.0243416,-0.0604905,-0.0246112,-0.0232573
-26.8027,0.0255329,-0.0638763,-0.0214697,-0.0222161
-26.78,0.026718,-0.0658469,-0.0192779,-0.0209696
-26.7574,0.0278964,-0.0632451,-0.0250306,-0.0198912
-26.7347,0.0290681,-0.0578949,-0.0201946,-0.0185745
-26.712,0.0302325,-0.0657255,-0.0213729,-0.0174918
-26.6893,0.0313896,-0.0620462,-0.0198963,-0.0162272
-26.6667,0.0325389,-0.0608246,-0.0149012,-0.0151154
-26.644,0.0336803,-0.0634004,-0.0154321,-0.013831
-26.6213,0.0348134,-0.063159,-0.0143836,-0.01266
-26.5986,0.0359379,-0.0668072,-0.0140343,-0.0114119
-26.576,0.0370536,-0.0655154,-0.0116423,-0.0102999
-26.5533,0.0381602,-0.0620848,-0.0098694,-0.00895544
-26.5306,0.0392574,-0.0700385,-0.00864755,-0.00786419
-26.5079,0.040345,-0.0669545,-0.00872777,-0.00658856
-26.4853,0.0414227,-0.0659875,-0.00635884,-0.00543152
-26.4626,0.0424902,-0.0691723,-0.00660594,-0.00410291
-26.4399,0.0435472,-0.0652204,0.00184374,-0.00296835
-26.4172,0.0445936,-0.0626326,-0.00734714,-0.00165187
-26.3946,0.045629,-0.0628069,0.000364929,-0.000512506
-26.3719,0.0466532,-0.0668671,-0.000255153,0.000774165
-26.3492,0.047666,-0.0674503,0.00485276,0.0019217
-26.3265,0.048667,-0.0669157,0.00134684,0.00326855
-26.3039,0.0496561,-0.0638495,0.0072073,0.00436444
-26.2812,0.050633,-0.0677698,0.00212416,0.00566383
-26.2585,0.0515974,-0.0696962,0.0016102,0.00681198
-26.2358,0.0525492,-0.0637914,0.00762333,0.00814449
-26.2132,0.0534881,-0.072337,0.0100784,0.00929049
-26.1905,0.0544138,-0.0726473,0.00770671,0.0105463
-26.1678,0.0553262,-0.0644772,0.010231,0.0116967
-26.1451,0.056225,-0.0628563,0.0126266,0.0130363
-26.1224,0.0571099,-0.069467,0.0147509,0.014124
-26.0998,0.0579809,-0.0691206,0.0140509,0.0153965
-26.0771,0.0588376,-0.0646312,0.0210165,0.0165454
-26.0544,0.0596798,-0.0667846,0.0178411,0.017873
-26.0317,0.0605074,-0.0640123,0.0186508,0.0189345
-26.0091,0.0613202,-0.0645756,0.0152339,0.0202248
-25.9864,0.0621178,-0.0649433,0.0178898,0.0213157
-25.9637,0.0629003,-0.0635868,0.0191901,0.0225769
-25.941,0.0636672,-0.0627943,0.0263559,0.0236481
-25.9184,0.0644185,-0.0630713,0.0233357,0.0249552
-25.8957,0.0651541,-0.0662643,0.0221896,0.0259799
-25.873,0.0658736,-0.0622933,0.0289302,0.0272863
-25.8503,0.0665769,-0.0629057,0.0252007,0.0283302
-25.8277,0.0672638,-0.0563257,0.0298014,0.0295976
-25.805,0.0679343,-0.0614522,0.0338883,0.030644
-25.7823,0.0685881,-0.0604413,0.0295753,0.0318177
-25.7596,0.069225,-0.0518312,0.0327327,0.0329108
-25.737,0.0698449,-0.0596129,0.0321193,0.0340977
-25.7143,0.0704476,-0.0585263,0.0344499,0.0350969
-25.6916,0.0710331,-0.0617496,0.0333815,0.0363374
-25.6689,0.0716011,-0.0583605,0.0397619,0.0373405
-25.6463,0.0721515,-0.0608605,0.0336778,0.0384454
-25.6236,0.0726842,-0.0612339,0.038418,0.0394523
-25.6009,0.0731991,-0.0591729,0.043291,0.0406531
-25.5782,0.0736959,-0.0509785,0.0379253,0.0415719
-25.5556,0.0741747,-0.0599363,0.0397178,0.042704
-25.5329,0.0746353,-0.0558951,0.0484747,0.0436433
-25.5102,0.0750775,-0.0580011,0.0510575,0.0448633
-25.4875,0.0755012,-0.0569705,0.0496966,0.0456798
-25.4649,0.0759065,-0.0546401,0.0519897,0.0468165
-25.4422,0.0762931,-0.0524225,0.0504577,0.0476532
-25.4195,0.0766609,-0.0561016,0.0504702,0.0487809
-25.3968,0.0770099,-0.0508417,0.0515853,0.0495838
-25.3741,0.07734,-0.0496926,0.0457845,0.0506401
-25.3515,0.0776512,-0.0472757,0.0531178,0.0515347
-25.3288,0.0779432,-0.0547767,0.0527036,0.0525594
-25.3061,0.0782161,-0.0431861,0.0546485,0.0533737
-25.2834,0.0784698,-0.039755,0.0520064,0.0543471
-25.2608,0.0787042,-0.0471167,0.0496594,0.055163
-25.2381,0.0789192,-0.0431226,0.052739,0.056118
-25.2154,0.0791149,-0.0434732,0.0599009,0.0569009
-25.1927,0.0792912,-0.0466821,0.0587705,0.0578146
-25.1701,0.079448,-0.038688,0.0493587,0.0584817
-25.1474,0.0795853,-0.0379447,0.0575339,0.0594709
-25.1247,0.079703,-0.0435002,0.0589831,0.0600887
-25.102,0.0798011,-0.0354591,0.058402,0.0610451
-25.0794,0.0798797,-0.0357509,0.0628193,0.0617582
-25.0567,0.0799386,-0.0377419,0.0595038,0.0626092
-25.034,0.0799779,-0.038155,0.0582629,0.063262
-25.0113,0.0799975,-0.0322018,0.0690245,0.0641374
-24.9887,0.0799975,-0.0312232,0.0702021,0.0647134
-24.966,0.0799779,-0.0298221,0.0639116,0.0654813
-24.9433,0.0799386,-0.0344928,0.0715138,0.066073
-24.9206,0.0798797,-0.0278858,0.0702142,0.0668059
-24.898,0.0798011,-0.028611,0.0626473,0.0673405
-24.8753,0.079703,-0.0212676,0.0677354,0.0681165
-24.8526,0.0795853,-0.0276838,0.0669249,0.0686347
-24.8299,0.079448,-0.0243349,0.0731063,0.0693441
-24.8073,0.0792912,-0.0269893,0.0743194,0.0698243
-24.7846,0.0791149,-0.0231394,0.0703021,0.0704504
-24.7619,0.0789192,-0.0215656,0.0734147,0.0708696
-24.7392,0.0787042,-0.0212378,0.0709502,0.0715842
-24.7166,0.0784698,-0.0220427,0.0759773,0.07191
-24.6939,0.0782161,-0.0126576,0.0694662,0.0725549
-24.6712,0.0779432,-0.0181693,0.0668028,0.072848
-24.6485,0.0776512,-0.00908867,0.0776201,0.0734859
-24.6259,0.07734,-0.0166832,0.0737254,0.0737995
-24.6032,0.0770099,-0.0166613,0.0731814,0.0742971
-24.5805,0.0766609,-0.0131085,0.06871,0.0745787
-24.5578,0.0762931,-0.00993545,0.0747842,0.0752126
-24.5351,0.0759065,-0.0146681,0.0790172,0.0753524
-24.5125,0.0755012,-0.0105823,0.0808006,0.0758526
-24.4898,0.0750775,-0.00917554,0.076046,0.0760392
-24.4671,0.0746353,-0.00461228,0.0763631,0.0764817
-24.4444,0.0741747,-0.00259915,0.0736872,0.0766583
-24.4218,0.0736959,-0.00912041,0.0775448,0.0771113
-24.3991,0.0731991,-0.0028293,0.0767164,0.077156
-24.3764,0.0726842,0.000284913,0.0800031,0.0775918
-24.3537,0.0721515,-0.00211026,0.0798456,0.0775966
-24.3311,0.0716011,0.00148339,0.0782268,0.0779346
-24.3084,0.0710331,0.00126715,0.071173,0.0779617
-24.2857,0.0704476,0.00962478,0.0799816,0.0782469
-24.263,0.0698449,0.00598361,0.0769824,0.0782422
-24.2404,0.069225,0.0101434,0.0801679,0.0784506
-24.2177,0.0685881,0.00666285,0.0743993,0.0784098
-24.195,0.0679343,0.0139043,0.078258,0.0786926
-24.1723,0.0672638,0.0132192,0.0769326,0.0785348
-24.1497,0.0665769,0.013531,0.0758987,0.0787979
-24.127,0.0658736,0.0144121,0.069537,0.0785514
-24.1043,0.0651541,0.012341,0.0763474,0.0788389
-24.0816,0.0644185,0.0125273,0.0775338,0.0785349
-24.059,0.0636672,0.0223845,0.0774422,0.0787187
-24.0363,0.0629003,0.0187671,0.0771142,0.078443
-24.0136,0.0621178,0.02036,0.0767926,0.0784844
-23.9909,0.0613202,0.0204745,0.0713628,0.0782846
-23.9683,0.0605074,0.0210312,0.0747439,0.0783616
-23.9456,0.0596798,0.0220259,0.0762724,0.0780504
-23.9229,0.0588376,0.0291698,0.0821545,0.0780603
-23.9002,0.0579809,0.0284378,0.0801934,0.0777847
-23.8776,0.0571099,0.0225084,0.0723169,0.0776126
-23.8549,0.056225,0.0328222,0.0825407,0.0772981
-23.8322,0.0553262,0.026778,0.0770721,0.0772524
-23.8095,0.0544138,0.0283072,0.0797182,0.0768079
-23.7868,0.0534881,0.0354932,0.0783848,0.0767056
-23.7642,0.0525492,0.0348879,0.0747605,0.0762431
-23.7415,0.0515974,0.0338301,0.0694986,0.0760538
-23.7188,0.050633,0.0355474,0.0676356,0.075542
-23.6961,0.0496561,0.0358173,0.0714102,0.0753902
-23.6735,0.048667,0.0336681,0.0730568,0.0749393
-23.6508,0.047666,0.0445205,0.0725796,0.074681
-23.6281,0.0466532,0.0340112,0.0726136,0.0740797
-23.6054,0.045629,0.042645,0.0759753,0.0737372
-23.5828,0.0445936,0.0443857,0.0714945,0.0732014
-23.5601,0.0435472,0.0385911,0.0684709,0.0729929
-23.5374,0.0424902,0.044234,0.0769157,0.072181
-23.5147,0.0414227,0.0457701,0.0671078,0.0718624
-23.4921,0.040345,0.0453245,0.0724834,0.0712574
-23.4694,0.0392574,0.0482569,0.0745434,0.0708331
-23.4467,0.0381602,0.0542951,0.0696539,0.0700674
-23.424,0.0370536,0.0496188,0.066218,0.0696894
-23.4014,0.0359379,0.0509495,0.0721697,0.0689907
-23.3787,0.0348134,0.0501217,0.0683847,0.0684784
-23.356,0.0336803,0.0483261,0.0688248,0.0677445
-23.3333,0.0325389,0.0567627,0.0652781,0.0672624
-23.3107,0.0313896,0.0510414,0.0636131,0.0663878
-23.288,0.0302325,0.0561081,0.0729293,0.0659663
-23.2653,0.0290681,0.0490829,0.0621607,0.0650347
-23.2426,0.0278964,0.0590066,0.0673003,0.0645848
-23.22,0.026718,0.059952,0.0671624,0.063599
-23.1973,0.0255329,0.0630243,0.0697202,0.063017
-23.1746,0.0243416,0.0601279,0.0653716,0.0621948
-23.1519,0.0231444,0.0582399,0.0648116,0.0615773
-23.1293,0.0219414,0.0653482,0.0658549,0.0605668
-23.1066,0.020733,0.0611611,0.0587385,0.0598979
-23.0839,0.0195196,0.0651026,0.0635054,0.0589636
-23.0612,0.0183014,0.0687523,0.0599511,0.0581665
-23.0385,0.0170786,0.0656933,0.0544882,0.0572481
-23.0159,0.0158517,0.0678755,0.0560416,0.0565301
-22.9932,0.0146209,0.072394,0.0580766,0.0555259
-22.9705,0.0133865,0.0627234,0.0529864,0.0548022
-22.9478,0.0121487,0.0709662,0.0571536,0.0536796
-22.9252,0.0109081,0.0683902,0.0575007,0.0531541
-22.9025,0.00966469,0.0767062,0.0566067,0.0518688
-22.8798,0.00841895,0.0751646,0.0528875,0.0511322
-22.8571,0.00717114,0.0727072,0.048748,0.0499911
-22.8345,0.00592157,0.0702277,0.0499228,0.0491308
-22.8118,0.00467055,0.0774935,0.0489447,0.0480077
-22.7891,0.00341838,0.0777542,0.0526475,0.0472193
-22.7664,0.00216537,0.0848751,0.0471848,0.0460034
-22.7438,0.000911826,0.0850115,0.0422068,0.0452935
-22.7211,-0.000341941,0.0880021,0.0431024,0.0439232
-22.6984,-0.00159562,0.0836271,0.044269,0.0431294
-22.6757,-0.00284891,0.0769372,0.042024,0.0418363
-22.6531,-0.00410151,0.0812761,0.038729,0.0410324
-22.6304,-0.00535309,0.0800551,0.0342271,0.0397949
-22.6077,-0.00660336,0.0910578,0.0432705,0.0388945
-22.585,-0.00785201,0.0851938,0.0398059,0.0377692
-22.5624,-0.00909872,0.080306,0.037193,0.0368044
-22.5397,-0.0103432,0.0856865,0.0375993,0.0354615
-22.517,-0.0115852,0.089213,0.0289637,0.0344425
-22.4943,-0.0128242,0.0908443,0.037494,0.033194
-22.4717,-0.0140602,0.0907274,0.0278314,0.032138
-22.449,-0.0152927,0.0901495,0.0331219,0.0308074
-22.4263,-0.0165214,0.0905756,0.0261409,0.0297945
-22.4036,-0.0177461,0.0923546,0.028947,0.0285626
-22.381,-0.0189664,0.0854896,0.0228156,0.0276309
-22.3583,-0.0201821,0.0901405,0.0338774,0.0261668
-22.3356,-0.0213928,0.0923684,0.0185035,0.0252338
-22.3129,-0.0225982,0.0883121,0.0240617,0.0238291
-22.2902,-0.0237982,0.0954748,0.0263271,0.0227564
-22.2676,-0.0249922,0.0886827,0.0213072,0.021561
-22.2449,-0.0261801,0.100411,0.0268722,0.0204075
-22.2222,-0.0273616,0.0889741,0.0217755,0.0190634
-22.1995,-0.0285364,0.0880954,0.0134942,0.018041
-22.1769,-0.0297041,0.096763,0.0228146,0.0165488
-22.1542,-0.0308646,0.0922898,0.011719,0.0156113
-22.1315,-0.0320175,0.0956892,0.013644,0.0141299
-22.1088,-0.0331625,0.0987139,0.00953622,0.0130083
-22.0862,-0.0342994,0.0896604,0.0162392,0.0117228
-22.0635,-0.0354278,0.0967219,0.00759411,0.0106185
-22.0408,-0.0365476,0.100627,0.00642863,0.00922084
-22.0181,-0.0376583,0.0965214,0.00771828,0.00799333
-21.9955,-0.0387598,0.0951367,0.00206429,0.00673378
-21.9728,-0.0398518,0.0921131,0.00302812,0.00572614
-21.9501,-0.0409341,0.0934183,0.00444226,0.00434566
-21.9274,-0.0420062,0.100299,0.000194899,0.00312406
-21.9048,-0.043068,0.0883408,-0.000393338,0.00174874
-21.8821,-0.0441193,0.094845,0.0022595,0.000779702
-21.8594,-0.0451597,0.0901004,-0.00290091,-0.000858968
-21.8367,-0.0461891,0.0876126,0.0015706,-0.00179915
-21.8141,-0.0472071,0.0999164,-0.00289273,-0.00323447
-21.7914,-0.0482134,0.0937377,-0.0120305,-0.00435205
-21.7687,-0.049208,0.0918748,-0.00659541,-0.00584055
-21.746,-0.0501905,0.0967849,-0.011319,-0.00685855
-21.7234,-0.0511606,0.0967137,-0.00647743,-0.00825305
-21.7007,-0.0521182,0.0933902,-0.00524507,-0.00929975
-21.678,-0.0530629,0.0870697,-0.0157491,-0.0108444
-21.6553,-0.0539947,0.0957478,-0.00760678,-0.0116739
-21.6327,-0.0549131,0.0968059,-0.0133251,-0.0131652
-21.61,-0.0558181,0.095811,-0.0154041,-0.0143114
-21.5873,-0.0567094,0.0908168,-0.0161105,-0.0157292
-21.5646,-0.0575868,0.0916947,-0.0201623,-0.0165474
-21.542,-0.05845,0.100061,-0.0178449,-0.0183709
-21.5193,-0.0592988,0.0889793,-0.0170883,-0.0190238
-21.4966,-0.0601331,0.0942823,-0.0210707,-0.0205692
-21.4739,-0.0609526,0.0953798,-0.0276051,-0.0216285
-21.4512,-0.0617571,0.0914937,-0.0194676,-0.0230853
-21.4286,-0.0625465,0.0912534,-0.024102,-0.0239639
-21.4059,-0.0633205,0.0916186,-0.0324012,-0.0253443
-21.3832,-0.064079,0.0999878,-0.0259032,-0.026353
-21.3605,-0.0648217,0.0887981,-0.034873,-0.027933
-21.3379,-0.0655485,0.0879216,-0.0344486,-0.0285796
-21.3152,-0.0662592,0.0875495,-0.030524,-0.0301117
-21.2925,-0.0669536,0.0869193,-0.0275236,-0.0309638
-21.2698,-0.0676316,0.0918206,-0.0285671,-0.0323708
-21.2472,-0.068293,0.0804026,-0.0343245,-0.0330902
-21.2245,-0.0689376,0.0811166,-0.0289315,-0.0345633
-21.2018,-0.0695652,0.08772,-0.0253925,-0.0355079
-21.1791,-0.0701758,0.0851096,-0.0344407,-0.0370395
-21.1565,-0.0707691,0.0826862,-0.0331478,-0.037725
-21.1338,-0.0713451,0.0820007,-0.0363545,-0.0392029
-21.1111,-0.0719035,0.0858715,-0.0270316,-0.0398915
-21.0884,-0.0724443,0.0887473,-0.0360856,-0.0413334
-21.0658,-0.0729673,0.0903517,-0.0485065,-0.0423734
-21.0431,-0.0734723,0.0805631,-0.045402,-0.0436823
-21.0204,-0.0739593,0.0795738,-0.0441716,-0.044189
-20.9977,-0.0744282,0.0810455,-0.0483911,-0.0456419
-20.9751,-0.0748787,0.0777247,-0.0427805,-0.0463603
-20.9524,-0.0753109,0.0771653,-0.0461146,-0.0476921
-20.9297,-0.0757246,0.0789305,-0.0466434,-0.0482982
-20.907,-0.0761197,0.0751273,-0.049716,-0.0496012
-20.8844,-0.076496,0.0838467,-0.0473065,-0.0503871
-20.8617,-0.0768536,0.0716831,-0.0608957,-0.0515224
-20.839,-0.0771923,0.0729479,-0.0462714,-0.0522468
-20.8163,-0.0775121,0.075721,-0.052534,-0.0536107
-20.7937,-0.0778128,0.0793698,-0.0544033,-0.0542885
-20.771,-0.0780944,0.0689793,-0.0575296,-0.0554313
-20.7483,-0.0783568,0.0793529,-0.0464372,-0.0559749
-20.7256,-0.0786,0.0693221,-0.0521681,-0.0571364
-20.7029,-0.0788239,0.0785732,-0.0595695,-0.0578206
-20.6803,-0.0790284,0.0696895,-0.06682,-0.058776
-20.6576,-0.0792135,0.0761576,-0.055201,-0.0595519
-20.6349,-0.0793791,0.0639215,-0.0599116,-0.0605681
-20.6122,-0.0795253,0.0678934,-0.0620205,-0.06107
-20.5896,-0.0796519,0.0748229,-0.0573888,-0.0622184
-20.5669,-0.0797589,0.0663131,-0.0626493,-0.0628946
-20.5442,-0.0798464,0.0638432,-0.0630837,-0.0638584
-20.5215,-0.0799142,0.0622962,-0.0631313,-0.0644113
-20.4989,-0.0799625,0.0655103,-0.0639736,-0.0651821
-20.4762,-0.0799911,0.0695112,-0.069695,-0.06588
-20.4535,-0.08,0.0690483,-0.0619628,-0.0666218
-20.4308,-0.0799893,0.0628078,-0.0707536,-0.0673028
-20.4082,-0.0799589,0.0677642,-0.065494,-0.0680142
-20.3855,-0.0799089,0.0608227,-0.0655467,-0.0687284
-20.3628,-0.0798393,0.0571479,-0.0684273,-0.0695501
-20.3401,-0.07975,0.0574679,-0.0664718,-0.0697576
-20.3175,-0.0796412,0.0480082,-0.074109,-0.0705757
-20.2948,-0.0795128,0.0564765,-0.0705118,-0.0708505
-20.2721,-0.0793649,0.0487596,-0.0743285,-0.0717348
-20.2494,-0.0791975,0.059349,-0.0662557,-0.0721414
-20.2268,-0.0790106,0.0535882,-0.0738262,-0.0728977
-20.2041,-0.0788043,0.0461446,-0.0746078,-0.0733749
-20.1814,-0.0785787,0.0485799,-0.0723122,-0.0740177
-20.1587,-0.0783338,0.0520283,-0.0743222,-0.0740291
-20.1361,-0.0780696,0.0493452,-0.0702001,-0.07487
-20.1134,-0.0777863,0.0468725,-0.0858979,-0.0753046
-20.0907,-0.0774838,0.0509558,-0.0853458,-0.0758372
-20.068,-0.0771623,0.051907,-0.0800222,-0.0759471
-20.0454,-0.0768219,0.0412484,-0.0762467,-0.0766255
-20.0227,-0.0764626,0.0505796,-0.0802588,-0.07683
-20,-0.0760845,0.0418731,-0.0827871,-0.0774377
-19.9773,-0.0756878,0.0369645,-0.0882148,-0.077572
-19.9546,-0.0752724,0.0460223,-0.076784,-0.0779669
-19.932,-0.0748385,0.0315508,-0.0837709,-0.0779065
-19.9093,-0.0743863,0.0358722,-0.0870627,-0.0787648
-19.8866,-0.0739158,0.0356311,-0.0870898,-0.0784753
-19.8639,-0.0734272,0.0282068,-0.0794482,-0.0791991
-19.8413,-0.0729205,0.027877,-0.0881161,-0.0793225
-19.8186,-0.0723959,0.0335762,-0.078545,-0.0792361
-19.7959,-0.0718535,0.0282925,-0.0818705,-0.0793781
-19.7732,-0.0712935,0.0337421,-0.0772138,-0.0799801
-19.7506,-0.0707159,0.0194415,-0.0897812,-0.0795053
-19.7279,-0.070121,0.0238632,-0.0853435,-0.0801918
-19.7052,-0.0695089,0.0198373,-0.0879625,-0.0799044
-19.6825,-0.0688797,0.0255132,-0.0808359,-0.0803853
-19.6599,-0.0682335,0.0224396,-0.0791824,-0.0799372
-19.6372,-0.0675706,0.0105122,-0.0877205,-0.0804735
-19.6145,-0.0668912,0.0192857,-0.0833372,-0.0801937
-19.5918,-0.0661953,0.022727,-0.0789479,-0.0802379
-19.5692,-0.0654831,0.0128886,-0.081677,-0.07987
-19.5465,-0.0647548,0.0193254,-0.0876284,-0.0805176
-19.5238,-0.0640107,0.0127512,-0.0864222,-0.0800984
-19.5011,-0.0632508,0.00949855,-0.0788521,-0.0799651
-19.4785,-0.0624754,0.0107519,-0.090368,-0.0800632
-19.4558,-0.0616846,0.0126787,-0.0825887,-0.0803293
-19.4331,-0.0608787,-0.00136746,-0.0832791,-0.0795107
-19.4104,-0.0600579,0.00558114,-0.0857677,-0.0797902
-19.3878,-0.0592222,-0.00158478,-0.0875005,-0.0791368
-19.3651,-0.0583721,0.00171088,-0.0860791,-0.0792505
-19.3424,-0.0575076,0.00461694,-0.0892487,-0.0788284
-19.3197,-0.056629,-0.00377962,-0.0806928,-0.078891
-19.2971,-0.0557364,-0.0023341,-0.0819851,-0.0781224
-19.2744,-0.0548302,-0.00571767,-0.0883427,-0.0783924
-19.2517,-0.0539105,-0.0109414,-0.0790386,-0.0776177
-19.229,-0.0529776,0.00134281,-0.0778618,-0.0776069
-19.2063,-0.0520316,-0.00901338,-0.078751,-0.0770572
-19.1837,-0.0510729,-0.00524672,-0.0765813,-0.0768868
-19.161,-0.0501017,-0.0159138,-0.0885687,-0.076301
-19.1383,-0.0491181,-0.01272,-0.0749278,-0.0763113
-19.1156,-0.0481224,-0.0138354,-0.0827898,-0.0755438
-19.093,-0.047115,-0.0132721,-0.0748179,-0.0752532
-19.0703,-0.046096,-0.0190699,-0.0795476,-0.0749379
-19.0476,-0.0450656,-0.0226427,-0.0854014,-0.0744951
-19.0249,-0.0440242,-0.00911655,-0.0703184,-0.0734379
-19.0023,-0.042972,-0.0197147,-0.0766124,-0.0734912
-18.9796,-0.0419092,-0.0191823,-0.080269,-0.0727191
-18.9569,-0.0408361,-0.0340664,-0.0752509,-0.0722894
-18.9342,-0.039753,-0.0222667,-0.0703316,-0.0716385
-18.9116,-0.0386601,-0.0156409,-0.0661865,-0.0712828
-18.8889,-0.0375577,-0.0293087,-0.0782237,-0.0705957
-18.8662,-0.0364461,-0.0266688,-0.0780388,-0.0703788
-18.8435,-0.0353256,-0.0320194,-0.082751,-0.0692807
-18.8209,-0.0341964,-0.0305808,-0.0740614,-0.0689539
-18.7982,-0.0330587,-0.0236644,-0.0671274,-0.0677559
-18.7755,-0.031913,-0.0318762,-0.069247,-0.0676195
-18.7528,-0.0307594,-0.0259241,-0.0640212,-0.0664303
-18.7302,-0.0295983,-0.0313498,-0.0723353,-0.0662449
-18.7075,-0.0284299,-0.0315585,-0.0683157,-0.0649824
-18.6848,-0.0272545,-0.0414227,-0.0725705,-0.0648532
-18.6621,-0.0260724,-0.0344857,-0.0651379,-0.0637529
-18.6395,-0.0248839,-0.0355332,-0.0732403,-0.0631922
-18.6168,-0.0236893,-0.0309089,-0.0658168,-0.0621068
-18.5941,-0.0224889,-0.0384316,-0.0655081,-0.0616356
-18.5714,-0.0212829,-0.0448394,-0.0694305,-0.0601671
-18.5488,-0.0200718,-0.037766,-0.0615152,-0.0599428
-18.5261,-0.0188557,-0.0491304,-0.0659824,-0.0585313
-18.5034,-0.017635,-0.0467029,-0.0650851,-0.0580466
-18.4807,-0.0164099,-0.0399294,-0.051217,-0.0568267
-18.458,-0.0151808,-0.0510724,-0.0663376,-0.0563442
-18.4354,-0.013948,-0.0310068,-0.0597439,-0.0552393
-18.4127,-0.0127117,-0.0491373,-0.0616074,-0.0547554
-18.39,-0.0114724,-0.0451037,-0.0592707,-0.0534163
-18.3673,-0.0102302,-0.0539153,-0.0638679,-0.0527972
-18.3447,-0.00898547,-0.0487772,-0.0495313,-0.0513096
-18.322,-0.00773857,-0.0563698,-0.0580766,-0.0511719
-18.2993,-0.00648976,-0.0528735,-0.0587638,-0.0496303
-18.2766,-0.00523936,-0.0424361,-0.0445649,-0.0484948
-18.254,-0.00398767,-0.0519202,-0.0602129,-0.047604
-18.2313,-0.002735,-0.0592045,-0.0639394,-0.0468475
-18.2086,-0.00148166,-0.0397188,-0.0484572,-0.0452052
-18.1859,-0.000227961,-0.0553339,-0.0549999,-0.044528
-18.1633,0.0010258,-0.0517395,-0.0428903,-0.0431775
-18.1406,0.00227931,-0.056606,-0.0574059,-0.0425242
-18.1179,0.00353225,-0.0562977,-0.0544817,-0.0409191
-18.0952,0.00478433,-0.0616706,-0.0441094,-0.0402892
-18.0726,0.00603524,-0.0581716,-0.0465651,-0.0388629
-18.0499,0.00728466,-0.0584735,-0.0499543,-0.0380351
-18.0272,0.00853229,-0.05616,-0.0529917,-0.0368998
-18.0045,0.00977783,-0.0628419,-0.0480804,-0.036095
-17.9819,0.011021,-0.0718515,-0.0426883,-0.0344433
-17.9592,0.0122614,-0.0542332,-0.041157,-0.033812
-17.9365,0.0134988,-0.0564992,-0.0463838,-0.0321837
-17.9138,0.0147329,-0.0707328,-0.0435318,-0.0316454
-17.8912,0.0159634,-0.0590806,-0.0347689,-0.0298957
-17.8685,0.01719,-0.0674582,-0.0392843,-0.0287667
-17.8458,0.0184123,-0.0566544,-0.032931,-0.0276936
-17.8231,0.0196301,-0.0746785,-0.0411445,-0.0268562
-17.8005,0.0208431,-0.0747735,-0.0375797,-0.024959
-17.7778,0.022051,-0.0580674,-0.0299398,-0.0242421
-17.7551,0.0232534,-0.0677531,-0.0343726,-0.0228871
-17.7324,0.0244502,-0.0720115,-0.0309724,-0.0218544
-17.7098,0.0256409,-0.0661423,-0.0353672,-0.0201165
-17.6871,0.0268254,-0.0752075,-0.0212373,-0.0192688
-17.6644,0.0280032,-0.0680777,-0.024508,-0.0178512
-17.6417,0.0291742,-0.0722444,-0.033492,-0.016993
-17.619,0.030338,-0.0646884,-0.0143433,-0.0152612
-17.5964,0.0314944,-0.0692143,-0.0277945,-0.0145719
-17.5737,0.032643,-0.0682088,-0.018668,-0.0127463
-17.551,0.0337836,-0.0710438,-0.0192917,-0.0118974
-17.5283,0.0349159,-0.0685536,-0.0262222,-0.0102468
-17.5057,0.0360397,-0.0678141,-0.0220367,-0.00973232
-17.483,0.0371546,-0.0767708,-0.0249464,-0.0076463
-17.4603,0.0382603,-0.0781144,-0.0267477,-0.00675339
-17.4376,0.0393567,-0.0748256,-0.0223324,-0.00533674
-17.415,0.0404434,-0.0826864,-0.0102695,-0.00434171
-17.3923,0.0415201,-0.081489,-0.0189777,-0.00257908
-17.3696,0.0425867,-0.0710152,-0.00764348,-0.00185751
-17.3469,0.0436428,-0.0747837,-0.0123553,-0.000154704
-17.3243,0.0446882,-0.0749932,-0.0119192,0.00074666
-17.3016,0.0457226,-0.0746963,-0.0019783,0.00240392
-17.2789,0.0467458,-0.0771324,-0.00384251,0.00310197
-17.2562,0.0477574,-0.0741172,-0.00661453,0.00487474
-17.2336,0.0487574,-0.0804474,0.000591124,0.00565485
-17.2109,0.0497454,-0.0733236,-0.00341122,0.00730896
-17.1882,0.0507212,-0.0658551,0.00100193,0.00815552
-17.1655,0.0516845,-0.0886679,-0.0128276,0.00953589
-17.1429,0.0526351,-0.0758403,0.0044529,0.0107718
-17.1202,0.0535728,-0.0799192,-0.00721842,0.012059
-17.0975,0.0544973,-0.0806777,-0.0021413,0.0129554
-17.0748,0.0554085,-0.0766229,0.0078674,0.0148683
-17.0522,0.056306,-0.0679511,0.0109922,0.0155856
-17.0295,0.0571897,-0.0729931,-0.000778361,0.0170365
-17.0068,0.0580594,-0.0702003,0.00615874,0.0181508
-16.9841,0.0589148,-0.0743998,0.0160225,0.0197162
-16.9615,0.0597557,-0.0727139,0.0208108,0.0207083
-16.9388,0.0605819,-0.0770584,0.0104142,0.0219293
-16.9161,0.0613933,-0.0684658,0.0164417,0.0227488
-16.8934,0.0621896,-0.0698023,0.0187342,0.0247373
-16.8707,0.0629706,-0.0709518,0.0113651,0.0251628
-16.8481,0.0637362,-0.0719365,0.00589485,0.0266151
-16.8254,0.0644861,-0.072924,0.00895127,0.0276713
-16.8027,0.0652201,-0.0747807,0.00775128,0.0288833
-16.78,0.0659382,-0.0703573,0.0192545,0.0300056
-16.7574,0.06664,-0.0727132,0.0279733,0.0317524
-16.7347,0.0673255,-0.0651785,0.0348967,0.0320407
-16.712,0.0679944,-0.0686922,0.0233326,0.0339447
-16.6893,0.0686467,-0.0814514,0.0232503,0.0344554
-16.6667,0.069282,-0.0712738,0.0332241,0.0362979
-16.644,0.0699004,-0.0688292,0.0289745,0.0366484
-16.6213,0.0705016,-0.0619685,0.0287667,0.0382563
-16.5986,0.0710855,-0.0672416,0.0277408,0.038778
-16.576,0.0716519,-0.0677028,0.0340755,0.0408405
-16.5533,0.0722007,-0.059073,0.0450558,0.0413109
-16.5306,0.0727318,-0.0674276,0.0265471,0.0423784
-16.5079,0.073245,-0.0678383,0.0356524,0.0431942
-16.4853,0.0737402,-0.0779832,0.0283805,0.0441519
-16.4626,0.0742173,-0.0605546,0.0403659,0.0455338
-16.4399,0.0746762,-0.069319,0.0384151,0.0466193
-16.4172,0.0751168,-0.0529363,0.0402592,0.0471923
-16.3946,0.0755389,-0.0632351,0.0360744,0.0483868
-16.3719,0.0759424,-0.060882,0.039515,0.0493105
-16.3492,0.0763273,-0.056616,0.0461931,0.0507512
-16.3265,0.0766934,-0.0665447,0.0400427,0.0512147
-16.3039,0.0770407,-0.0538165,0.0564207,0.052798
-16.2812,0.0773691,-0.0619592,0.0411111,0.0530404
-16.2585,0.0776785,-0.0518414,0.048569,0.054516
-16.2358,0.0779688,-0.0429813,0.0469735,0.0546139
-16.2132,0.0782399,-0.0506848,0.042135,0.0560026
-16.1905,0.0784919,-0.0497038,0.0458408,0.0565151
-16.1678,0.0787245,-0.0607752,0.0381888,0.0575027
-16.1451,0.0789378,-0.0425414,0.0510926,0.0582862
-16.1224,0.0791318,-0.0435314,0.0462153,0.0599438
-16.0998,0.0793063,-0.0497411,0.0530935,0.059544
-16.0771,0.0794613,-0.0517502,0.054247,0.0611007
-16.0544,0.0795968,-0.0419127,0.0553434,0.0614602
-16.0317,0.0797127,-0.0454015,0.0496559,0.0625518
-16.0091,0.0798091,-0.048414,0.0574097,0.0626503
-15.9864,0.0798858,-0.0385967,0.0688472,0.0640131
-15.9637,0.079943,-0.0553083,0.0530904,0.064343
-15.941,0.0799805,-0.0389828,0.0535756,0.0652979
-15.9184,0.0799984,-0.0404103,0.0542051,0.0652266
-15.8957,0.0799966,-0.0464057,0.0546543,0.0669329
-15.873,0.0799751,-0.0352891,0.0541592,0.0670285
-15.8503,0.0799341,-0.0399723,0.0557775,0.0680387
-15.8277,0.0798733,-0.0464012,0.0672266,0.0683287
-15.805,0.079793,-0.0348627,0.0543181,0.0691627
-15.7823,0.0796931,-0.0332724,0.0562647,0.0694425
-15.7596,0.0795736,-0.0224359,0.0719241,0.07064
-15.737,0.0794345,-0.0405746,0.0569421,0.0703886
-15.7143,0.079276,-0.0292862,0.0634457,0.0715784
-15.6916,0.0790979,-0.0286063,0.0693048,0.0718656
-15.6689,0.0789005,-0.023791,0.0585256,0.0721066
-15.6463,0.0786837,-0.0244079,0.0630311,0.0726362
-15.6236,0.0784475,-0.0247358,0.0586516,0.0731063
-15.6009,0.0781921,-0.0269605,0.0682973,0.0735
-15.5782,0.0779174,-0.0269594,0.0640345,0.0742396
-15.5556,0.0776237,-0.0234472,0.0596464,0.0739856
-15.5329,0.0773108,-0.0195136,0.0632655,0.0752882
-15.5102,0.076979,-0.0162013,0.0686314,0.0744906
-15.4875,0.0766283,0.00140141,0.0637168,0.0758865
-15.4649,0.0762587,-0.0213519,0.0558051,0.0753489
-15.4422,0.0758704,-0.0108401,0.0650521,0.0763529
-15.4195,0.0754635,-0.0158486,0.067977,0.0763415
-15.3968,0.075038,0.000346792,0.082314,0.0773589
-15.3741,0.0745941,-0.00488972,0.0670123,0.0767576
-15.3515,0.0741319,-0.0193891,0.0712482,0.0775109
-15.3288,0.0736515,-0.0148477,0.0750369,0.0768656
-15.3061,0.073153,-0.00644989,0.0613853,0.0774953
-15.2834,0.0726365,0.00234635,0.0788738,0.0775716
-15.2608,0.0721022,-0.00802469,0.0752441,0.0780837
-15.2381,0.0715502,-0.0176335,0.0603624,0.0771147
-15.2154,0.0709806,-0.000372244,0.0849304,0.0788829
-15.1927,0.0703936,-0.000362609,0.0609548,0.0776671
-15.1701,0.0697892,0.00192721,0.0728042,0.0782461
-15.1474,0.0691678,0.00668282,0.0694376,0.0781329
-15.1247,0.0685293,0.00220507,0.0711917,0.0786577
-15.102,0.067874,0.000409243,0.0781409,0.0783576
-15.0794,0.0672021,0.0141514,0.0804883,0.078729
-15.0567,0.0665136,0.0071468,0.0739682,0.0782517
-15.034,0.0658088,0.00181732,0.0709091,0.0786482
-15.0113,0.0650878,0.00271863,0.0626493,0.0775552
-14.9887,0.0643509,0.00878585,0.0832702,0.0790467
-14.966,0.0635981,0.00587665,0.0652838,0.0777379
-14.9433,0.0628298,0.020136,0.0762409,0.0784636
-14.9206,0.062046,0.0165796,0.0873916,0.0777665
-14.898,0.0612469,0.0166748,0.0802167,0.0783154
-14.8753,0.0604328,0.00690587,0.0644822,0.0770033
-14.8526,0.0596039,0.0164855,0.0688639,0.0771389
-14.8299,0.0587603,0.0249814,0.0773102,0.0773334
-14.8073,0.0579023,0.0249072,0.0736894,0.0770466
-14.7846,0.0570301,0.0390217,0.0772293,0.0768207
-14.7619,0.0561438,0.0168779,0.0601209,0.0767303
-14.7392,0.0552438,0.0306341,0.0805428,0.0758919
-14.7166,0.0543302,0.0146176,0.0603622,0.0758185
-14.6939,0.0534033,0.0299545,0.0697432,0.0748518
-14.6712,0.0524632,0.0297322,0.0626355,0.0752794
-14.6485,0.0515103,0.0300376,0.0662722,0.0740418
-14.6259,0.0505447,0.0340563,0.0732609,0.074748
-14.6032,0.0495667,0.0300969,0.0658407,0.0734987
-14.5805,0.0485765,0.0503532,0.0806299,0.0743506
-14.5578,0.0475744,0.0414969,0.0735156,0.0729671
-14.5351,0.0465606,0.0371016,0.0603103,0.0727209
-14.5125,0.0455353,0.0431379,0.0713153,0.0719635
-14.4898,0.0444989,0.0405498,0.0703261,0.0722732
-14.4671,0.0434516,0.0454801,0.0825347,0.0710566
-14.4444,0.0423935,0.0463105,0.0640703,0.0708314
-14.4218,0.0413251,0.037891,0.0618441,0.069376
-14.3991,0.0402465,0.0519793,0.0680124,0.0701485
-14.3764,0.039158,0.0465138,0.0767927,0.0693143
-14.3537,0.03806,0.0525601,0.0672795,0.0690836
-14.3311,0.0369525,0.0475719,0.0587151,0.0671571
-14.3084,0.035836,0.0478358,0.067341,0.0677697
-14.2857,0.0347107,0.0446436,0.0653963,0.0660214
-14.263,0.0335769,0.0637966,0.0713428,0.0663166
-14.2404,0.0324348,0.0573001,0.0630474,0.0649566
-14.2177,0.0312847,0.0595893,0.0504008,0.0645577
-14.195,0.030127,0.0631827,0.0662443,0.0640064
-14.1723,0.0289618,0.0669455,0.0570162,0.0637229
-14.1497,0.0277896,0.0650775,0.0665926,0.0618538
-14.127,0.0266105,0.0437639,0.0560005,0.062176
-14.1043,0.0254249,0.0604558,0.0564441,0.0606143
-14.0816,0.024233,0.0802058,0.0737371,0.0611759
-14.059,0.0230352,0.0683809,0.0595117,0.0589739
-14.0363,0.0218318,0.0696429,0.0543011,0.0589601
-14.0136,0.0206229,0.0627111,0.0554036,0.0577121
-13.9909,0.019409,0.0672959,0.0576615,0.0572132
-13.9683,0.0181904,0.0719335,0.0453805,0.0556116
-13.9456,0.0169673,0.0671776,0.0491278,0.0556078
-13.9229,0.01574,0.0726882,0.0571757,0.0540025
-13.9002,0.0145088,0.0655531,0.0481499,0.0537244
-13.8776,0.0132741,0.0727759,0.0459812,0.0520576
-13.8549,0.0120361,0.0708061,0.0486648,0.0520526
-13.8322,0.0107951,0.0730995,0.0483899,0.0503385
-13.8095,0.00955154,0.076595,0.0498634,0.0502638
-13.7868,0.0083056,0.0887977,0.0515062,0.0488708
-13.7642,0.00705762,0.0829177,0.0529083,0.0483144
-13.7415,0.0058079,0.0803281,0.0499332,0.0465705
-13.7188,0.00455676,0.0725047,0.0459703,0.0461817
-13.6961,0.0033045,0.0771297,0.0455939,0.0443237
-13.6735,0.00205143,0.0674251,0.0386657,0.0439721
-13.6508,0.000797852,0.0758775,0.0392685,0.0425998
-13.6281,-0.00045592,0.0838812,0.0342242,0.042279
-13.6054,-0.00170958,0.0933672,0.0336799,0.040077
-13.5828,-0.00296282,0.077266,0.0340868,0.0397867
-13.5601,-0.00421533,0.0903334,0.0331923,0.0381059
-13.5374,-0.00546681,0.0891874,0.040136,0.0380358
-13.5147,-0.00671694,0.0937857,0.0366503,0.036018
-13.4921,-0.00796543,0.0904154,0.0329633,0.0354421
-13.4694,-0.00921196,0.0903295,0.0286252,0.0347364
-13.4467,-0.0104562,0.103261,0.0447312,0.0343814
-13.424,-0.0116979,0.0867298,0.0307628,0.0318613
-13.4014,-0.0129367,0.0960645,0.0243769,0.0309073
-13.3787,-0.0141724,0.0992315,0.0345235,0.0302624
-13.356,-0.0154046,0.0998394,0.0272208,0.0287738
-13.3333,-0.0166329,0.10276,0.0360015,0.0275706
-13.3107,-0.0178572,0.105581,0.0256944,0.0271608
-13.288,-0.0190771,0.101624,0.0307823,0.0254364
-13.2653,-0.0202924,0.099322,0.014215,0.0242051
-13.2426,-0.0215026,0.0899642,0.0222964,0.0229611
-13.22,-0.0227076,0.0940533,0.0222906,0.0225728
-13.1973,-0.0239069,0.0968203,0.0283278,0.0207516
-13.1746,-0.0251005,0.0988209,0.0239093,0.020345
-13.1519,-0.0262878,0.0839551,0.0156729,0.0184251
-13.1293,-0.0274687,0.104959,0.017934,0.0177621
-13.1066,-0.0286428,0.0929793,0.0153934,0.016005
-13.0839,-0.0298099,0.098788,0.0145882,0.015959
-13.0612,-0.0309697,0.0877889,0.00877114,0.0134092
-13.0385,-0.0321219,0.099685,0.00563992,0.0127478
-13.0159,-0.0332662,0.0956747,0.0118132,0.0109132
-12.9932,-0.0344023,0.100035,0.00279882,0.0105087
-12.9705,-0.03553,0.104304,0.0089688,0.00953104
-12.9478,-0.0366489,0.0985618,-0.000425355,0.00787625
-12.9252,-0.0377588,0.113299,0.00878076,0.00670568
-12.9025,-0.0388595,0.102492,-0.00431092,0.00572661
-12.8798,-0.0399506,0.103051,0.00313655,0.00461993
-12.8571,-0.0410319,0.111123,0.0100757,0.00398795
-12.8345,-0.0421032,0.0978705,-0.00380204,0.00124853
-12.8118,-0.0431641,0.108507,0.00150182,0.00111555
-12.7891,-0.0442143,0.101556,-0.0149066,-0.00128767
-12.7664,-0.0452538,0.101369,-0.00248078,-0.000791646
-12.7438,-0.0462821,0.102679,0.00234668,-0.00294748
-12.7211,-0.047299,0.118428,-0.00763104,-0.00315161
-12.6984,-0.0483044,0.101961,-0.00952319,-0.00604791
-12.6757,-0.0492978,0.104066,0.00337604,-0.00563133
-12.6531,-0.0502792,0.110697,-0.0161315,-0.00813437
-12.6304,-0.0512482,0.109007,-0.0100806,-0.00879086
-12.6077,-0.0522046,0.107002,-0.0140355,-0.0105539
-12.585,-0.0531482,0.0990829,-0.0187393,-0.0109682
-12.5624,-0.0540787,0.107498,-0.0151463,-0.0129124
-12.5397,-0.054996,0.1083,-0.0186765,-0.0130886
-12.517,-0.0558997,0.110266,-0.0277774,-0.0155475
-12.4943,-0.0567897,0.11758,-0.0106911,-0.0149519
-12.4717,-0.0576658,0.110744,-0.0138299,-0.0171087
-12.449,-0.0585277,0.0964975,-0.0201817,-0.0176003
-12.4263,-0.0593753,0.100212,-0.0296816,-0.0199497
-12.4036,-0.0602082,0.110778,-0.0188526,-0.0199129
-12.381,-0.0610264,0.110262,-0.0420261,-0.0227969
-12.3583,-0.0618295,0.0946522,-0.0312235,-0.0225179
-12.3356,-0.0626175,0.112254,-0.0243082,-0.024163
-12.3129,-0.0633901,0.103861,-0.0425722,-0.0249744
-12.2902,-0.0641472,0.105569,-0.023846,-0.0265405
-12.2676,-0.0648884,0.0939582,-0.0320415,-0.0265695
-12.2449,-0.0656138,0.101593,-0.0322865,-0.0290031
-12.2222,-0.066323,0.0989242,-0.0290521,-0.0290481
-12.1995,-0.0670159,0.102616,-0.0368373,-0.0304925
-12.1769,-0.0676924,0.118714,-0.0348046,-0.031012
-12.1542,-0.0683523,0.0954131,-0.0352336,-0.0328616
-12.1315,-0.0689953,0.0963551,-0.0330121,-0.0326079
-12.1088,-0.0696214,0.110979,-0.0232797,-0.0347249
-12.0862,-0.0702305,0.0766259,-0.0510866,-0.0358965
-12.0635,-0.0708222,0.0923137,-0.03959,-0.0370234
-12.0408,-0.0713966,0.097032,-0.0361117,-0.037763
-12.0181,-0.0719534,0.0899899,-0.0325377,-0.0385695
-11.9955,-0.0724926,0.101206,-0.0555349,-0.0404832
-11.9728,-0.0730139,0.0927226,-0.0468128,-0.0416138
-11.9501,-0.0735174,0.0778668,-0.0518216,-0.0414813
-11.9274,-0.0740027,0.111996,-0.0438186,-0.0429511
-11.9048,-0.0744699,0.112018,-0.0521173,-0.0437884
-11.8821,-0.0749188,0.0984588,-0.0443972,-0.0453707
-11.8594,-0.0753493,0.0946972,-0.0642194,-0.0460262
-11.8367,-0.0757613,0.0998196,-0.0478955,-0.0468349
-11.8141,-0.0761547,0.10421,-0.0482388,-0.0471983
-11.7914,-0.0765293,0.100351,-0.0637967,-0.0490574
-11.7687,-0.0768852,0.101848,-0.0603459,-0.0490796
-11.746,-0.0772222,0.0701338,-0.0565882,-0.0503515
-11.7234,-0.0775402,0.0930135,-0.0598154,-0.0510987
-11.7007,-0.0778392,0.0861579,-0.0560815,-0.052834
-11.678,-0.0781191,0.0889113,-0.0682754,-0.0532746
-11.6553,-0.0783797,0.0977386,-0.0535092,-0.0541537
-11.6327,-0.0786212,0.0869192,-0.0640771,-0.0549916
-11.61,-0.0788433,0.0844124,-0.0583897,-0.0553308
-11.5873,-0.079046,0.106832,-0.063136,-0.0565279
-11.5646,-0.0792294,0.0864978,-0.0549293,-0.0565452
-11.542,-0.0793932,0.07574,-0.0677435,-0.0578283
-11.5193,-0.0795376,0.0876789,-0.0599933,-0.0580041
-11.4966,-0.0796624,0.0775538,-0.0676325,-0.0596047
-11.4739,-0.0797677,0.0836134,-0.067134,-0.0609309
-11.4512,-0.0798534,0.100415,-0.0602508,-0.0605401
-11.4286,-0.0799194,0.07583,-0.0694174,-0.0619445
-11.4059,-0.0799659,0.0633459,-0.0768372,-0.0624471
-11.3832,-0.0799927,0.0900831,-0.0710266,-0.0630245
-11.3605,-0.0799998,0.0851731,-0.0683808,-0.0635283
-11.3379,-0.0799873,0.0861494,-0.074895,-0.0647754
-11.3152,-0.0799552,0.0950396,-0.0631522,-0.0639293
-11.2925,-0.0799034,0.0726278,-0.0716281,-0.0655822
-11.2698,-0.079832,0.0771917,-0.0741311,-0.0658618
-11.2472,-0.0797409,0.0933948,-0.0725935,-0.0668299
-11.2245,-0.0796303,0.0581409,-0.0836377,-0.067391
-11.2018,-0.0795002,0.0845577,-0.0804041,-0.067262
-11.1791,-0.0793505,0.0732865,-0.0769325,-0.0678665
-11.1565,-0.0791813,0.063907,-0.0838603,-0.069424
-11.1338,-0.0789927,0.0653598,-0.0778192,-0.0686326
-11.1111,-0.0787846,0.0802379,-0.0756806,-0.0698123
-11.0884,-0.0785572,0.0513537,-0.0881535,-0.0701435
-11.0658,-0.0783106,0.0613467,-0.0861671,-0.0711236
-11.0431,-0.0780446,0.0647253,-0.0722994,-0.0705433
-11.0204,-0.0777596,0.0470262,-0.0865302,-0.0717891
-10.9977,-0.0774554,0.0700966,-0.0785827,-0.0715837
-10.9751,-0.0771322,0.0743666,-0.0855485,-0.0723658
-10.9524,-0.07679,0.0354006,-0.0934921,-0.0728015
-10.9297,-0.076429,0.061914,-0.0967116,-0.0742716
-10.907,-0.0760492,0.0762589,-0.0830702,-0.0729728
-10.8844,-0.0756508,0.0483738,-0.097886,-0.0744472
-10.8617,-0.0752337,0.0603417,-0.0900226,-0.072861
-10.839,-0.0747982,0.0445576,-0.0921514,-0.0738607
-10.8163,-0.0743443,0.0548244,-0.0798373,-0.0736577
-10.7937,-0.0738721,0.0570525,-0.097502,-0.0756123
-10.771,-0.0733818,0.051115,-0.0978629,-0.0752703
-10.7483,-0.0728735,0.0549974,-0.0900255,-0.0757696
-10.7256,-0.0723473,0.0501418,-0.0957315,-0.0752313
-10.7029,-0.0718033,0.0453751,-0.0972636,-0.0759784
-10.6803,-0.0712417,0.0579254,-0.094286,-0.0755874
-10.6576,-0.0706625,0.057028,-0.0981343,-0.0767153
-10.6349,-0.0700661,0.0493618,-0.100608,-0.0755683
-10.6122,-0.0694524,0.0393724,-0.099972,-0.0770395
-10.5896,-0.0688216,0.0336245,-0.0960342,-0.0757665
-10.5669,-0.068174,0.0211054,-0.0820207,-0.0757823
-10.5442,-0.0675096,0.0372771,-0.0976921,-0.0754804
-10.5215,-0.0668286,0.0310951,-0.0824098,-0.0759782
-10.4989,-0.0661312,0.0212952,-0.102659,-0.0754117
-10.4762,-0.0654176,0.0175074,-0.107462,-0.0767694
-10.4535,-0.0646878,0.0444726,-0.0918309,-0.0754307
-10.4308,-0.0639423,0.013263,-0.0888247,-0.0758016
-10.4082,-0.063181,-0.00374272,-0.096179,-0.0753695
-10.3855,-0.0624041,0.033706,-0.0988553,-0.0752615
-10.3628,-0.061612,0.0250778,-0.0872816,-0.0757192
-10.3401,-0.0608047,0.00245213,-0.0937385,-0.0755432
-10.3175,-0.0599825,0.0248958,-0.0835436,-0.0745229
-10.2948,-0.0591456,0.00521723,-0.101231,-0.0759493
-10.2721,-0.0582941,0.0262321,-0.099965,-0.0741443
-10.2494,-0.0574283,-0.0048133,-0.108251,-0.0755994
-10.2268,-0.0565484,0.00775885,-0.0856863,-0.0743193
-10.2041,-0.0556546,0.0203482,-0.108497,-0.0740907
-10.1814,-0.0547471,0.00670009,-0.100116,-0.0733906
-10.1587,-0.0538262,-0.00806149,-0.0901329,-0.0733762
-10.1361,-0.0528921,0.00498919,-0.0925949,-0.0733206
-10.1134,-0.051945,-0.0108659,-0.0915757,-0.0734538
-10.0907,-0.0509851,-0.000989056,-0.0931172,-0.071824
-10.068,-0.0500127,-0.014112,-0.0951459,-0.0730777
-10.0454,-0.0490281,-0.00364467,-0.09253,-0.0718589
-10.0227,-0.0480313,-0.0225281,-0.0867,-0.0713185
-10,-0.0470228,-0.0308929,-0.0901995,-0.0707194
-9.97732,-0.0460028,-0.003833,-0.108591,-0.0716893
-9.95465,-0.0449714,0.00472743,-0.0774567,-0.0690849
-9.93197,-0.043929,-0.0299574,-0.0775071,-0.0690163
-9.9093,-0.0428758,-0.0153752,-0.0947125,-0.069618
-9.88662,-0.041812,-0.0365113,-0.0872303,-0.0691466
-9.86395,-0.040738,-0.0305061,-0.0843043,-0.0668294
-9.84127,-0.039654,-0.0263626,-0.0867155,-0.0678965
-9.81859,-0.0385603,-0.0334932,-0.0854814,-0.0674145
-9.79592,-0.037457,-0.0260912,-0.0969194,-0.0667437
-9.77324,-0.0363446,0.0100406,-0.0835842,-0.0650182
-9.75057,-0.0352233,-0.0125105,-0.0816046,-0.0660998
-9.72789,-0.0340933,-0.0513156,-0.0978695,-0.0647032
-9.70522,-0.0329549,-0.0374314,-0.0862855,-0.0644564
-9.68254,-0.0318084,-0.0526331,-0.0795106,-0.0622001
-9.65986,-0.0306542,-0.00539952,-0.0784754,-0.0635165
-9.63719,-0.0294924,-0.00809104,-0.0886659,-0.0619466
-9.61451,-0.0283233,-0.0422969,-0.0723012,-0.0613642
-9.59184,-0.0271473,-0.0513303,-0.0933847,-0.061298
-9.56916,-0.0259646,-0.0398491,-0.0899637,-0.0614847
-9.54649,-0.0247756,-0.0514637,-0.0754348,-0.0588391
-9.52381,-0.0235804,-0.0594118,-0.0939879,-0.0595185
-9.50113,-0.0223795,-0.0502677,-0.0836653,-0.0571336
-9.47846,-0.0211731,-0.0491122,-0.0758187,-0.0570672
-9.45578,-0.0199614,-0.0663287,-0.071964,-0.0562381
-9.43311,-0.0187449,-0.062976,-0.0621373,-0.0554769
-9.41043,-0.0175238,-0.0822866,-0.0858251,-0.0546189
-9.38776,-0.0162983,-0.0729328,-0.0655318,-0.0543367
-9.36508,-0.0150689,-0.0546202,-0.0756699,-0.0524438
-9.3424,-0.0138357,-0.0664826,-0.0730362,-0.052352
-9.31973,-0.0125992,-0.0696496,-0.0658874,-0.0511077
-9.29705,-0.0113595,-0.0383636,-0.0751514,-0.0510314
-9.27438,-0.0101171,-0.0778364,-0.0777697,-0.0490194
-9.2517,-0.00887221,-0.0711602,-0.0720203,-0.0492015
-9.22902,-0.00762511,-0.0441678,-0.0759818,-0.0473879
-9.20635,-0.00637615,-0.0513438,-0.0657356,-0.0478622
-9.18367,-0.00512562,-0.0832591,-0.0775643,-0.0456505
-9.161,-0.00387383,-0.0623375,-0.0632192,-0.0452215
-9.13832,-0.00262109,-0.0609908,-0.0521328,-0.0435614
-9.11565,-0.0013677,-0.0730237,-0.0770645,-0.0431603
-9.09297,-0.000113981,-0.0457891,-0.0824364,-0.0419675
-9.07029,0.00113977,-0.0601906,-0.0598642,-0.0406485
-9.04762,0.00239324,-0.0755764,-0.065341,-0.0400151
-9.02494,0.00364612,-0.0579548,-0.0625564,-0.0390478
-9.00227,0.0048981,-0.080109,-0.045511,-0.037678
-8.97959,0.00614889,-0.0868258,-0.0515117,-0.0364183
-8.95692,0.00739816,-0.0717651,-0.0746221,-0.036193
-8.93424,0.00864561,-0.0637389,-0.0516664,-0.0351094
-8.91156,0.00989095,-0.0736165,-0.0559251,-0.0330735
-8.88889,0.0111338,-0.0705405,-0.0481092,-0.032904
-8.86621,0.012374,-0.098623,-0.0629418,-0.0319302
-8.84354,0.0136111,-0.102428,-0.0579199,-0.030412
-8.82086,0.0148449,-0.0631438,-0.0615147,-0.0299599
-8.79819,0.0160751,-0.0904841,-0.045427,-0.0274724
-8.77551,0.0173013,-0.113681,-0.0566487,-0.0266564
-8.75283,0.0185232,-0.0778593,-0.054009,-0.0269205
-8.73016,0.0197406,-0.108537,-0.0483908,-0.0236932
-8.70748,0.0209531,-0.0911403,-0.0471093,-0.0230991
-8.68481,0.0221605,-0.107294,-0.0521949,-0.0217731
-8.66213,0.0233625,-0.078291,-0.0353007,-0.0210912
-8.63946,0.0245587,-0.079796,-0.0428851,-0.0200247
-8.61678,0.0257489,-0.0955241,-0.0513755,-0.0193833
-8.5941,0.0269327,-0.112829,-0.0472397,-0.0182651
-8.57143,0.02811,-0.118744,-0.0510502,-0.0175258
-8.54875,0.0292803,-0.128165,-0.0565531,-0.0160371
-8.52608,0.0304435,-0.110404,-0.0521696,-0.014609
-8.5034,0.0315991,-0.0923502,-0.0553753,-0.0129136
-8.48073,0.0327471,-0.0981092,-0.0452717,-0.0124833
-8.45805,0.0338869,-0.137639,-0.032246,-0.00899159
-8.43537,0.0350185,-0.125011,-0.0451449,-0.010018
-8.4127,0.0361414,-0.0795776,-0.0370494,-0.00798604
-8.39002,0.0372555,-0.118714,-0.0477491,-0.00704781
-8.36735,0.0383604,-0.0901219,-0.0579552,-0.00568843
-8.34467,0.0394559,-0.0907935,-0.0506282,-0.00568222
-8.322,0.0405417,-0.0987045,-0.0364789,-0.0022192
-8.29932,0.0416175,-0.0999836,-0.0380848,-0.00380583
-8.27664,0.0426831,-0.090956,-0.03489,-0.00057362
-8.25397,0.0437383,-0.106456,-0.100826,-0.0958628
-8.23129,0.0447827,-0.107227,-0.115443,-0.0887698
-8.20862,0.0458161,-0.0907611,-0.0365138,0.0248951
-8.18594,0.0468382,-0.113851,-0.0338117,0.0516042
-8.16327,0.0478488,-0.0761319,0.0144563,0.114512
-8.14059,0.0488477,-0.131183,-0.0718914,-0.0353213
-8.11791,0.0498346,-0.117307,-0.0390603,0.0479927
-8.09524,0.0508093,-0.0888436,-0.0176747,0.0687302
-8.07256,0.0517714,-0.125544,0.0011573,0.0855055
-8.04989,0.0527209,-0.15042,0.0115677,0.132221
-8.02721,0.0536574,-0.133842,-0.0502373,-0.00839222
-8.00454,0.0545807,-0.14242,0.0299001,0.139619
-7.98186,0.0554906,-0.13864,0.0441139,0.191096
-7.95918,0.0563869,-0.149271,-0.0497871,0.0223691
-7.93651,0.0572693,-0.123339,0.027727,0.154802
-7.91383,0.0581377,-0.145058,-0.00141145,0.115323
-7.89116,0.0589918,-0.196927,-0.00317745,0.110221
-7.86848,0.0598314,-0.154316,0.072502,0.231831
-7.8458,0.0606563,-0.170201,0.0175909,0.128332
-7.82313,0.0614663,-0.129263,0.0566655,0.245966
-7.80045,0.0622612,-0.133091,0.0665407,0.260959
-7.77778,0.0630409,-0.156386,0.0322446,0.204099
-7.7551,0.063805,-0.159971,0.0139982,0.16315
-7.73243,0.0645535,-0.142737,0.035138,0.188033
-7.70975,0.0652861,-0.171778,0.0201745,0.152231
-7.68707,0.0660026,-0.130075,0.0246958,0.188139
-7.6644,0.066703,-0.142139,0.0620021,0.245481
-7.64172,0.067387,-0.12644,-0.00380005,0.14896
-7.61905,0.0680544,-0.117174,-0.0129137,0.143399
-7.59637,0.0687051,-0.167929,0.0694088,0.303635
-7.5737,0.069339,-0.124387,0.0267783,0.201495
-7.55102,0.0699558,-0.144438,-0.0219518,0.149517
-7.52834,0.0705554,-0.142093,0.034977,0.246615
-7.50567,0.0711377,-0.119463,0.00675319,0.221055
-7.48299,0.0717025,-0.156847,0.054116,0.283481
-7.46032,0.0722497,-0.138572,0.1037,0.368338
-7.43764,0.0727792,-0.158853,0.00242334,0.18719
-7.41497,0.0732908,-0.110153,0.0796993,0.347414
-7.39229,0.0737843,-0.171527,0.0334907,0.25836
-7.36961,0.0742598,-0.145299,0.0293723,0.269102
-7.34694,0.074717,-0.103271,0.114868,0.402877
-7.32426,0.0751559,-0.14131,0.0816733,0.32729
-7.30159,0.0755763,-0.14524,0.0743869,0.3567
-7.27891,0.0759782,-0.151251,0.0856732,0.364353
-7.25624,0.0763614,-0.111259,0.0779448,0.361794
-7.23356,0.0767258,-0.112616,0.0242867,0.277934
-7.21088,0.0770714,-0.112876,0.114584,0.436731
-7.18821,0.077398,-0.149796,0.106973,0.411912
-7.16553,0.0777057,-0.142297,0.0640117,0.354754
-7.14286,0.0779942,-0.0875041,0.103483,0.415209
-7.12018,0.0782636,-0.144761,0.054444,0.342206
-7.09751,0.0785138,-0.105637,0.0864067,0.424071
-7.07483,0.0787447,-0.121578,0.0778828,0.401338
-7.05215,0.0789563,-0.146617,0.107436,0.445965
-7.02948,0.0791484,-0.0863731,0.0694149,0.388524
-7.0068,0.0793212,-0.116769,0.0611298,0.348666
-6.98413,0.0794744,-0.134412,0.0937137,0.401648
-6.96145,0.0796081,-0.0765595,0.0942969,0.451743
-6.93878,0.0797223,-0.098841,0.0851824,0.425579
-6.9161,0.0798169,-0.10207,0.125083,0.501892
-6.89342,0.0798918,-0.121109,0.0544735,0.409246
-6.87075,0.0799472,-0.0714497,0.133201,0.522792
-6.84807,0.0799829,-0.0641174,0.111034,0.490407
-6.8254,0.079999,-0.117795,0.0326531,0.374965
-6.80272,0.0799954,-0.102386,0.0954991,0.489738
-6.78005,0.0799722,-0.0906087,0.0667947,0.428497
-6.75737,0.0799294,-0.110578,0.0644159,0.434067
-6.73469,0.0798669,-0.0896534,0.143131,0.524838
-6.71202,0.0797847,-0.0721202,0.115826,0.528796
-6.68934,0.079683,-0.0677902,0.0479522,0.410617
-6.66667,0.0795618,-0.0878706,0.0428565,0.401664
-6.64399,0.0794209,-0.0589859,0.0669677,0.464629
-6.62132,0.0792606,-0.0915167,0.115272,0.561509
-6.59864,0.0790808,-0.0934678,0.124054,0.535515
-6.57596,0.0788816,-0.0530831,0.0877796,0.501612
-6.55329,0.078663,-0.0684409,0.0540548,0.448052
-6.53061,0.0784251,-0.0820963,0.0814521,0.479579
-6.50794,0.0781679,-0.0342149,0.11986,0.57997
-6.48526,0.0778915,-0.100577,0.119825,0.570497
-6.46259,0.077596,-0.10714,0.0840426,0.487654
-6.43991,0.0772814,-0.0844304,0.131864,0.581718
-6.41723,0.0769479,-0.0904911,0.125999,0.557037
-6.39456,0.0765954,-0.0658679,0.0999479,0.527012
-6.37188,0.0762242,-0.0649309,0.136003,0.602888
-6.34921,0.0758342,-0.0991993,0.115419,0.552408
-6.32653,0.0754256,-0.0744488,0.149411,0.6133
-6.30385,0.0749984,-0.0870747,0.0840573,0.50831
-6.28118,0.0745529,-0.0564996,0.108354,0.589447
-6.2585,0.074089,-0.0199288,0.139716,0.601433
-6.23583,0.0736069,-0.0449802,0.0554596,0.458969
-6.21315,0.0731068,-0.0867404,0.110683,0.565038
-6.19048,0.0725887,-0.0632315,0.109,0.564858
-6.1678,0.0720528,-0.0517855,0.0438951,0.466453
-6.14512,0.0714991,-0.066932,0.102484,0.562384
-6.12245,0.0709279,-0.0285543,0.133037,0.624481
-6.09977,0.0703393,-0.0567547,0.0487723,0.46809
-6.0771,0.0697334,-0.0651494,0.0561368,0.505287
-6.05442,0.0691104,-0.0656654,0.108743,0.608259
-6.03175,0.0684704,-0.0671587,0.116205,0.598962
-6.00907,0.0678136,-0.0644982,0.0816003,0.53059
-5.98639,0.0671402,-0.0132005,0.0570967,0.491183
-5.96372,0.0664502,-0.0546512,0.0618065,0.511258
-5.94104,0.0657439,-0.039985,0.124338,0.632061
-5.91837,0.0650215,-0.0431201,0.0994877,0.536987
-5.89569,0.0642831,-0.0350415,0.111343,0.611932
-5.87302,0.0635289,-0.0525327,0.117444,0.601419
-5.85034,0.0627591,-0.0579172,0.0623675,0.4762
-5.82766,0.0619739,-0.0471712,0.117056,0.607105
-5.80499,0.0611735,-0.0230758,0.142761,0.625645
-5.78231,0.0603581,-0.00606341,0.105657,0.570054
-5.75964,0.0595278,-0.0592931,0.0703727,0.50088
-5.73696,0.0586829,-0.0263129,0.137125,0.639024
-5.71429,0.0578236,-0.0482083,0.0849947,0.5361
-5.69161,0.0569501,-0.0134118,0.0546212,0.497789
-5.66893,0.0560626,0.0245506,0.112549,0.59027
-5.64626,0.0551613,-0.0530169,0.126356,0.619233
-5.62358,0.0542465,0.00741535,0.154563,0.651877
-5.60091,0.0533183,-0.0431602,0.0246043,0.454134
-5.57823,0.0523771,0.0294856,0.109621,0.581952
-5.55556,0.051423,-0.0157844,0.0462763,0.453777
-5.53288,0.0504563,-0.0535387,0.0910674,0.51725
-5.5102,0.0494771,-0.0494139,0.0524031,0.469557
-5.48753,0.0484859,-0.0328428,0.0841855,0.54625
-5.46485,0.0474827,-0.0231624,0.141647,0.625895
-5.44218,0.0464678,-0.00832645,0.135775,0.637561
-5.4195,0.0454416,-0.0535098,0.0810624,0.502029
-5.39683,0.0444041,-0.0288801,0.0778572,0.505432
-5.37415,0.0433558,0.00776685,0.138661,0.621107
-5.35147,0.0422968,-0.0337431,0.146682,0.612887
-5.3288,0.0412275,-0.0385962,0.0713429,0.470042
-5.30612,0.040148,0.0224303,0.123234,0.571611
-5.28345,0.0390586,0.0244931,0.107917,0.547558
-5.26077,0.0379597,-0.000479538,0.0934931,0.506549
-5.2381,0.0368514,-0.0398228,0.0819835,0.488972
-5.21542,0.0357341,-0.0494938,0.138874,0.610451
-5.19274,0.034608,-0.0368582,0.108268,0.567789
-5.17007,0.0334734,-0.00522989,0.108322,0.540776
-5.14739,0.0323305,-0.0405553,0.0821427,0.49758
-5.12472,0.0311798,0.011331,0.0914088,0.499163
-5.10204,0.0300214,0.0339761,0.0981584,0.500505
-5.07937,0.0288556,-0.0172415,0.0730094,0.470815
-5.05669,0.0276827,0.0340297,0.083926,0.465408
-5.03401,0.026503,-0.0346847,0.122257,0.578177
-5.01134,0.0253168,-0.0103453,0.0784725,0.463439
-4.98866,0.0241244,0.0638903,0.041864,0.403662
-4.96599,0.0229261,0.0244801,0.0890068,0.502634
-4.94331,0.0217221,-0.00283723,0.0953045,0.506424
-4.92063,0.0205128,0.0137294,0.0833453,0.459065
-4.89796,0.0192984,0.0387719,0.132386,0.534252
-4.87528,0.0180794,0.0121302,0.0415394,0.389212
-4.85261,0.0168558,0.0306163,0.0274251,0.380936
-4.82993,0.0156282,0.0603399,0.0958507,0.470972
-4.80726,0.0143967,0.0284194,0.0799753,0.461018
-4.78458,0.0131616,0.0798059,0.0943153,0.468123
-4.7619,0.0119234,0.033276,0.0654474,0.426665
-4.73923,0.0106822,0.0069842,0.0715262,0.423632
-4.71655,0.00943836,0.0746123,0.058061,0.441431
-4.69388,0.00819222,0.0172143,0.0479268,0.394037
-4.6712,0.00694407,0.0958533,0.0888096,0.442084
-4.64853,0.00569422,-0.00152851,0.041115,0.336082
-4.62585,0.00444296,0.0568451,0.0485311,0.367918
-4.60317,0.00319061,0.0752761,0.0219621,0.33837
-4.5805,0.00193748,0.0454906,0.0548836,0.408928
-4.55782,0.000683876,0.00618154,0.017473,0.290097
-4.53515,-0.000569899,0.0121076,0.000932699,0.304125
-4.51247,-0.00182353,0.108917,0.10101,0.452379
-4.4898,-0.00307672,0.021394,0.0252388,0.320671
-4.46712,-0.00432915,0.0702549,0.0853387,0.448532
-4.44444,-0.00558052,0.0582436,-0.00912326,0.277005
-4.42177,-0.00683051,0.0385734,0.0258724,0.324072
-4.39909,-0.00807883,0.0734335,0.0394434,0.355845
-4.37642,-0.00932517,0.0900028,-0.00170629,0.242134
-4.35374,-0.0105692,0.0308047,0.00980907,0.277024
-4.33107,-0.0118107,0.0478206,-0.000681096,0.258411
-4.30839,-0.0130492,0.110937,0.0573858,0.376564
-4.28571,-0.0142846,0.039899,0.00961727,0.260395
-4.26304,-0.0155164,0.100405,-0.0380582,0.209505
-4.24036,-0.0167444,0.0916594,0.0113279,0.269335
-4.21769,-0.0179683,0.0397786,0.0280426,0.312853
-4.19501,-0.0191878,0.112203,0.0192825,0.264314
-4.17234,-0.0204026,0.048937,0.0247325,0.316972
-4.14966,-0.0216124,0.146312,0.0271975,0.320194
-4.12698,-0.0228168,0.0906547,-0.0543366,0.192337
-4.10431,-0.0240157,0.0538942,-0.0212607,0.181629
-4.08163,-0.0252087,0.0734341,0.0225702,0.276253
-4.05896,-0.0263954,0.029975,-0.0396557,0.173677
-4.03628,-0.0275757,0.0715497,-0.0250812,0.217704
-4.01361,-0.0287492,0.0733775,-0.0549467,0.148684
-3.99093,-0.0299157,0.035245,-0.0286691,0.18068
-3.96825,-0.0310748,0.0807697,0.0231041,0.273497
-3.94558,-0.0322263,0.028684,-0.0363597,0.163847
-3.9229,-0.0333698,0.110626,-0.0151889,0.210047
-3.90023,-0.0345052,0.0326024,-0.0467387,0.159144
-3.87755,-0.0356321,0.0666313,-0.0191197,0.172488
-3.85488,-0.0367502,0.057038,-0.0109927,0.226066
-3.8322,-0.0378593,0.0482732,0.00731231,0.224074
-3.80952,-0.0389591,0.00955125,-0.0451957,0.0932049
-3.78685,-0.0400493,0.0496138,0.00259954,0.19052
-3.76417,-0.0411297,0.0554635,0.0159428,0.24872
-3.7415,-0.0422,0.040097,-0.0708748,0.0646681
-3.71882,-0.04326,0.0761055,-0.0788224,0.0845024
-3.69615,-0.0443093,0.0312968,-0.0374661,0.107196
-3.67347,-0.0453477,0.0794125,0.00158825,0.193421
-3.65079,-0.046375,0.0968001,0.0155623,0.201499
-3.62812,-0.0473909,0.057568,-0.0382861,0.0873883
-3.60544,-0.0483952,0.086825,-0.0309833,0.118869
-3.58277,-0.0493875,0.0662301,-0.0496484,0.0742645
-3.56009,-0.0503678,0.0246878,-0.0764963,0.0293672
-3.53741,-0.0513356,0.104471,-0.093412,0.0147854
-3.51474,-0.0522909,0.0854786,-0.0226069,0.112042
-3.49206,-0.0532333,0.0119478,-0.0231213,0.105121
-3.46939,-0.0541627,0.0970285,-0.0257774,0.12345
-3.44671,-0.0550787,0.0621061,-0.0802142,0.00668032
-3.42404,-0.0559812,0.0491815,-0.0693731,0.0234596
-3.40136,-0.05687,0.100283,-0.0893754,0.00791197
-3.37868,-0.0577448,0.085897,-0.0119459,0.115011
-3.35601,-0.0586054,0.0590746,-0.0909784,-0.0562214
-3.33333,-0.0594516,0.0890333,-0.0784709,0.0124444
-3.31066,-0.0602832,0.039048,-0.0284971,0.0940997
-3.28798,-0.0611,0.0758207,-0.0609982,0.0348637
-3.26531,-0.0619018,0.0741927,-0.105542,-0.0578151
-3.24263,-0.0626884,0.0404721,-0.076168,-0.0597221
-3.21995,-0.0634596,0.0137758,-0.053935,0.00464001
-3.19728,-0.0642152,-0.0253898,-0.0828206,-0.0624704
-3.1746,-0.064955,0.0883326,-0.0191093,0.0189107
-3.15193,-0.0656789,0.0612845,-0.0818136,-0.0517919
-3.12925,-0.0663867,0.0548618,-0.0596034,0.0012725
-3.10658,-0.0670781,0.0720616,-0.056523,-0.0427271
-3.0839,-0.0677531,0.0299065,-0.0436039,-0.030769
-3.06122,-0.0684114,0.0450618,-0.0590831,-0.0436323
-3.03855,-0.0690529,0.121118,-0.0487799,-0.00453384
-3.01587,-0.0696775,0.0465945,-0.0840813,-0.106771
-2.9932,-0.070285,0.0914786,-0.0696027,-0.042203
-2.97052,-0.0708752,-0.0130377,-0.149943,-0.213488
-2.94785,-0.0714479,0.0694606,-0.0648406,-0.0893952
-2.92517,-0.0720032,0.118313,-0.125765,-0.220406
-2.90249,-0.0725407,0.0695861,-0.0733594,-0.0669391
-2.87982,-0.0730604,0.0490302,-0.135211,-0.222791
-2.85714,-0.0735622,0.0534967,-0.114753,-0.14371
-2.83447,-0.0740459,0.0504846,-0.089801,-0.14462
-2.81179,-0.0745115,0.0655093,-0.0875789,-0.0933358
-2.78912,-0.0749587,0.0336744,-0.124833,-0.23744
-2.76644,-0.0753875,0.0525868,-0.106333,-0.163457
-2.74376,-0.0757978,0.0446177,-0.0900697,-0.138351
-2.72109,-0.0761895,0.0755446,-0.0675174,-0.117522
-2.69841,-0.0765625,0.0558055,-0.143542,-0.272623
-2.67574,-0.0769166,0.0655881,-0.14058,-0.274544
-2.65306,-0.0772519,0.0687505,-0.120276,-0.204078
-2.63039,-0.0775682,0.0573047,-0.0955898,-0.231183
-2.60771,-0.0778654,0.0432974,-0.145308,-0.262542
-2.58503,-0.0781436,0.0432104,-0.137559,-0.219506
-2.56236,-0.0784025,0.0775631,-0.115599,-0.242667
-2.53968,-0.0786422,0.034188,-0.113068,-0.215382
-2.51701,-0.0788625,-0.00443783,-0.107296,-0.242879
-2.49433,-0.0790635,0.0239235,-0.144991,-0.307036
-2.47166,-0.0792451,0.0558619,-0.132904,-0.300447
-2.44898,-0.0794072,0.0588103,-0.103731,-0.212159
-2.4263,-0.0795498,0.0625525,-0.170355,-0.348376
-2.40363,-0.0796728,0.0738586,-0.134938,-0.246818
-2.38095,-0.0797763,0.00388652,-0.163845,-0.366499
-2.35828,-0.0798602,0.0616464,-0.149693,-0.300071
-2.3356,-0.0799245,0.0173267,-0.151356,-0.333935
-2.31293,-0.0799691,0.0634309,-0.149799,-0.351235
-2.29025,-0.0799941,0.00463852,-0.204299,-0.40592
-2.26757,-0.0799995,0.0133413,-0.174148,-0.391224
-2.2449,-0.0799852,-0.0193636,-0.171974,-0.391544
-2.22222,-0.0799513,0.0559222,-0.097098,-0.249934
-2.19955,-0.0798977,0.0280391,-0.157576,-0.386535
-2.17687,-0.0798245,0.019578,-0.161401,-0.396765
-2.1542,-0.0797317,-0.034547,-0.130156,-0.276696
-2.13152,-0.0796193,-0.00672345,-0.1311,-0.301737
-2.10884,-0.0794874,0.0466895,-0.10176,-0.293448
-2.08617,-0.0793359,0.0305735,-0.167889,-0.412748
-2.06349,-0.0791649,-0.0757427,-0.171568,-0.443587
-2.04082,-0.0789745,0.0329088,-0.119592,-0.309311
-2.01814,-0.0787647,0.064313,-0.150901,-0.366457
-1.99546,-0.0785356,0.0444469,-0.13048,-0.310409
-1.97279,-0.0782872,-0.0462345,-0.210587,-0.476809
-1.95011,-0.0780195,-0.00936225,-0.190888,-0.472005
-1.92744,-0.0777327,-0.0330993,-0.163055,-0.479622
-1.90476,-0.0774268,-0.0105154,-0.185436,-0.428509
-1.88209,-0.0771018,0.0133774,-0.156389,-0.411243
-1.85941,-0.076758,0.00675709,-0.186869,-0.464352
-1.83673,-0.0763953,-0.0264224,-0.153728,-0.388132
-1.81406,-0.0760138,-0.0860858,-0.190651,-0.461923
-1.79138,-0.0756136,0.0222448,-0.126602,-0.365366
-1.76871,-0.0751949,-0.0238565,-0.150362,-0.453054
-1.74603,-0.0747577,-0.0125837,-0.189426,-0.454715
-1.72336,-0.0743021,-0.00422724,-0.214802,-0.47257
-1.70068,-0.0738283,-0.0142477,-0.228412,-0.538491
-1.678,-0.0733364,0.00330916,-0.182613,-0.46007
-1.65533,-0.0728264,-0.0971959,-0.195659,-0.4839
-1.63265,-0.0722986,-0.0464894,-0.173828,-0.493528
-1.60998,-0.071753,-0.0603762,-0.209098,-0.523981
-1.5873,-0.0711897,-0.0235306,-0.158061,-0.412429
-1.56463,-0.070609,0.0609144,-0.152465,-0.400465
-1.54195,-0.070011,-0.0639641,-0.227579,-0.5389
-1.51927,-0.0693957,-0.0339471,-0.193972,-0.483505
-1.4966,-0.0687634,-0.0648768,-0.210573,-0.513312
-1.47392,-0.0681143,0.0131908,-0.162567,-0.440129
-1.45125,-0.0674483,-0.0298017,-0.221768,-0.551289
-1.42857,-0.0667659,-0.0170321,-0.149519,-0.410153
-1.4059,-0.066067,-0.0544667,-0.185409,-0.440818
-1.38322,-0.0653519,-0.0571696,-0.242452,-0.579452
-1.36054,-0.0646207,-0.0157355,-0.174972,-0.429987
-1.33787,-0.0638737,-0.101768,-0.242231,-0.578626
-1.31519,-0.063111,-0.108157,-0.211117,-0.507167
-1.29252,-0.0623327,-0.0262501,-0.200309,-0.487802
-1.26984,-0.0615392,-0.0869057,-0.243432,-0.563102
-1.24717,-0.0607306,-0.052967,-0.179656,-0.456195
-1.22449,-0.059907,-0.144039,-0.236606,-0.519425
-1.20181,-0.0590687,-0.0701474,-0.155573,-0.445545
-1.17914,-0.058216,-0.102682,-0.24022,-0.52862
-1.15646,-0.0573489,-0.0965383,-0.204701,-0.492693
-1.13379,-0.0564677,-0.118202,-0.186379,-0.451821
-1.11111,-0.0555727,-0.0946515,-0.21372,-0.490194
-1.08844,-0.054664,-0.0419584,-0.194162,-0.427502
-1.06576,-0.0537419,-0.0910404,-0.228293,-0.570646
-1.04308,-0.0528066,-0.0651958,-0.231356,-0.536542
-1.02041,-0.0518583,-0.102691,-0.274163,-0.604872
-0.997732,-0.0508973,-0.106331,-0.255817,-0.50292
-0.975057,-0.0499237,-0.0188427,-0.176989,-0.445775
-0.952381,-0.0489379,-0.110262,-0.272092,-0.562943
-0.929705,-0.0479401,-0.0979051,-0.196992,-0.419717
-0.907029,-0.0469306,-0.126802,-0.239964,-0.53165
-0.884354,-0.0459095,-0.0565306,-0.288198,-0.60992
-0.861678,-0.0448771,-0.0835592,-0.24795,-0.539476
-0.839002,-0.0438337,-0.0817833,-0.261294,-0.488862
-0.816327,-0.0427795,-0.165792,-0.283918,-0.563705
-0.793651,-0.0417148,-0.115044,-0.215464,-0.453468
-0.770975,-0.0406399,-0.108611,-0.27626,-0.577092
-0.748299,-0.039555,-0.160933,-0.237057,-0.513363
-0.725624,-0.0384604,-0.116631,-0.21264,-0.428961
-0.702948,-0.0373563,-0.105021,-0.226147,-0.449925
-0.680272,-0.0362431,-0.228911,-0.2198,-0.428735
-0.657596,-0.0351209,-0.151313,-0.238524,-0.504316
-0.634921,-0.0339901,-0.0724795,-0.219258,-0.437782
-0.612245,-0.032851,-0.161482,-0.230438,-0.526789
-0.589569,-0.0317038,-0.15852,-0.251887,-0.511433
-0.566893,-0.0305488,-0.169303,-0.256848,-0.516166
-0.544218,-0.0293864,-0.206909,-0.215654,-0.434964
-0.521542,-0.0282167,-0.201299,-0.209007,-0.44804
-0.498866,-0.02704,-0.119049,-0.223591,-0.474146
-0.47619,-0.0258568,-0.165734,-0.237455,-0.478399
-0.453515,-0.0246672,-0.233039,-0.24451,-0.504246
-0.430839,-0.0234715,-0.184301,-0.214767,-0.481185
-0.408163,-0.02227,-0.151796,-0.252531,-0.46756
-0.385488,-0.0210631,-0.214489,-0.253767,-0.423749
-0.362812,-0.019851,-0.210027,-0.292047,-0.587683
-0.340136,-0.0186341,-0.193309,-0.233806,-0.477741
-0.31746,-0.0174125,-0.228975,-0.252534,-0.485644
-0.294785,-0.0161867,-0.218831,-0.295557,-0.574392
-0.272109,-0.0149569,-0.201064,-0.233461,-0.445541
-0.249433,-0.0137234,-0.281596,-0.277274,-0.516644
-0.226757,-0.0124866,-0.214951,-0.237253,-0.441415
-0.204082,-0.0112467,-0.254405,-0.241414,-0.483013
-0.181406,-0.010004,-0.240049,-0.256393,-0.496143
-0.15873,-0.00875892,-0.239857,-0.280546,-0.561525
-0.136054,-0.00751164,-0.23446,-0.21522,-0.407713
-0.113379,-0.00626252,-0.298856,-0.256322,-0.525133
-0.0907029,-0.00501187,-0.284178,-0.255415,-0.445103
-0.0680272,-0.00375998,-0.271025,-0.199796,-0.39031
-0.0453515,-0.00250716,-0.23896,-0.198234,-0.416735
-0.0226757,-0.00125374,-0.24825,-0.271963,-0.531732
0,-0.0959195,-0.246798,-0.204144,-0.381704
0.0226757,-0.0883156,-0.344509,-0.241833,-0.498624
0.0453515,0.0253743,-0.269579,-0.180035,-0.364183
0.0680272,0.0520839,-0.264094,-0.263221,-0.518719
0.0907029,0.115459,-0.275175,-0.179503,-0.331498
0.113379,-0.0357168,-0.319134,-0.178791,-0.391443
0.136054,0.0492932,-0.308353,-0.21219,-0.46448
0.15873,0.0680942,-0.242766,-0.166783,-0.371034
0.181406,0.0859366,-0.352682,-0.219117,-0.431537
0.204082,0.13168,-0.359978,-0.212605,-0.455675
0.226757,-0.00878645,-0.348438,-0.158909,-0.338652
0.249433,0.140234,-0.301473,-0.171224,-0.394424
0.272109,0.192842,-0.323038,-0.197835,-0.446071
0.294785,0.0225947,-0.39244,-0.249966,-0.476131
0.31746,0.155936,-0.360794,-0.132152,-0.281251
0.340136,0.116199,-0.379471,-0.22969,-0.457885
0.362812,0.111531,-0.296175,-0.106052,-0.273284
0.385488,0.2322,-0.439369,-0.155224,-0.367655
0.408163,0.129548,-0.408068,-0.113495,-0.271695
0.430839,0.246868,-0.339966,-0.119335,-0.332256
0.453515,0.263005,-0.38102,-0.0959104,-0.249401
0.47619,0.204926,-0.486263,-0.165538,-0.41248
0.498866,0.16464,-0.377291,-0.139383,-0.375336
0.521542,0.187878,-0.389966,-0.0974267,-0.280532
0.544218,0.153139,-0.440395,-0.155748,-0.420252
0.566893,0.188086,-0.431808,-0.0907983,-0.32145
0.589569,0.246185,-0.376586,-0.0817616,-0.230035
0.612245,0.14983,-0.423036,-0.11986,-0.396089
0.634921,0.14412,-0.466158,-0.105792,-0.27687
0.657596,0.304449,-0.466419,-0.0968826,-0.303345
0.680272,0.203717,-0.405601,-0.0853994,-0.299273
0.702948,0.150256,-0.43102,-0.0179544,-0.212435
0.725624,0.248756,-0.439744,-0.0295503,-0.230403
0.748299,0.221881,-0.467774,-0.0818403,-0.324203
0.770975,0.285406,-0.457706,-0.0423614,-0.183326
0.793651,0.370467,-0.480429,0.00915571,-0.205616
0.816327,0.188245,-0.438014,0.0132711,-0.219318
0.839002,0.34818,-0.471709,-0.043767,-0.298019
0.861678,0.259689,-0.467128,-0.0369982,-0.28366
0.884354,0.270411,-0.4447,-0.00416121,-0.249346
0.907029,0.404058,-0.422625,-0.0142673,-0.216425
0.929705,0.329233,-0.490269,-0.00928215,-0.248524
0.952381,0.360055,-0.473262,-0.00143013,-0.235852
0.975057,0.364659,-0.461188,-0.0139728,-0.26299
0.997732,0.364539,-0.453579,0.0511906,-0.146565
1.02041,0.278621,-0.500018,0.0687846,-0.0928604
1.04308,0.438622,-0.46463,0.0490259,-0.147827
1.06576,0.412655,-0.479776,0.0235815,-0.264256
1.08844,0.356866,-0.473698,0.0747798,-0.0795528
1.11111,0.41679,-0.45,0.0707506,-0.191856
1.13379,0.344129,-0.448342,0.120006,-0.0918547
1.15646,0.426343,-0.544354,0.0666136,-0.189628
1.17914,0.404977,-0.463197,0.116244,-0.0756516
1.20181,0.44792,-0.527619,0.0711856,-0.218148
1.22449,0.389965,-0.454537,0.139161,-0.0342375
1.24717,0.348306,-0.527246,0.113516,-0.119717
1.26984,0.40411,-0.438965,0.147615,-0.098692
1.29252,0.452609,-0.471482,0.10386,-0.195939
1.31519,0.427864,-0.517393,0.113309,-0.144433
1.33787,0.503537,-0.508686,0.14309,-0.0425711
1.36054,0.412559,-0.520948,0.162912,-0.0545083
1.38322,0.524514,-0.441484,0.166206,-0.112984
1.4059,0.492888,-0.485115,0.195691,0.0351041
1.42857,0.377965,-0.503568,0.200859,-0.0644369
1.45125,0.491289,-0.518493,0.19261,-0.0388764
1.47392,0.429048,-0.463183,0.272527,0.0397875
1.4966,0.435323,-0.51941,0.191896,-0.0391575
1.51927,0.526867,-0.461634,0.180763,-0.103341
1.54195,0.532024,-0.490281,0.229127,-0.00527544
1.56463,0.412282,-0.42612,0.248793,0.01465
1.5873,0.405116,-0.400047,0.201776,-0.063553
1.60998,0.466288,-0.474839,0.203474,-0.0492055
1.63265,0.564436,-0.512791,0.235944,-0.00636753
1.65533,0.538167,-0.478697,0.271466,0.0290557
1.678,0.504479,-0.407881,0.255164,-0.0182052
1.70068,0.45059,-0.453011,0.261457,0.015562
1.72336,0.483062,-0.503388,0.295272,0.0971235
1.74603,0.582192,-0.415309,0.332788,0.137582
1.76871,0.574269,-0.437011,0.250301,0.00622447
1.79138,0.489261,-0.39689,0.322649,0.102032
1.81406,0.584572,-0.434283,0.34741,0.153271
1.83673,0.559627,-0.46726,0.308043,0.0314852
1.85941,0.529803,-0.411481,0.305542,0.0389152
1.88209,0.606111,-0.487834,0.283451,-0.000629571
1.90476,0.556017,-0.441584,0.321091,0.121291
1.92744,0.616445,-0.423505,0.374761,0.168621
1.95011,0.51169,-0.405326,0.349393,0.160647
1.97279,0.593967,-0.363984,0.403293,0.214431
1.99546,0.60467,-0.417645,0.323888,0.128808
2.01814,0.461082,-0.397953,0.413162,0.157122
2.04082,0.567346,-0.390889,0.400941,0.179445
2.06349,0.56801,-0.405412,0.391028,0.170568
2.08617,0.470103,-0.423184,0.35454,0.135734
2.10884,0.565125,-0.385458,0.404982,0.14668
2.13152,0.628783,-0.283067,0.415463,0.177005
2.1542,0.470861,-0.380293,0.430308,0.212438
2.17687,0.50911,-0.324565,0.354521,0.086808
2.19955,0.61108,-0.429038,0.345492,0.100674
2.22222,0.602322,-0.313027,0.430913,0.284513
2.2449,0.532558,-0.333089,0.378687,0.128954
2.26757,0.494106,-0.311938,0.384835,0.210111
2.29025,0.515337,-0.272068,0.419118,0.202299
2.31293,0.63584,-0.229768,0.377292,0.124852
2.3356,0.538535,-0.355395,0.425258,0.250966
2.35828,0.615633,-0.308237,0.393116,0.241436
2.38095,0.604447,-0.302424,0.450084,0.289743
2.40363,0.479185,-0.27472,0.494516,0.340983
2.4263,0.608736,-0.26754,0.478944,0.310692
2.44898,0.629589,-0.299796,0.45459,0.301989
2.47166,0.572855,-0.279606,0.411807,0.184577
2.49433,0.503374,-0.273502,0.389712,0.185729
2.51701,0.640987,-0.271798,0.396077,0.214126
2.53968,0.539802,-0.253753,0.477821,0.345331
2.56236,0.50019,-0.222999,0.456166,0.238872
2.58503,0.594213,-0.205809,0.40199,0.277353
2.60771,0.621751,-0.256176,0.482201,0.270027
2.63039,0.656598,-0.250575,0.504915,0.397066
2.65306,0.456264,-0.2135,0.427572,0.262397
2.67574,0.585948,-0.256364,0.489148,0.408456
2.69841,0.457388,-0.199844,0.465805,0.26591
2.72109,0.521948,-0.177934,0.517119,0.391005
2.74376,0.47188,-0.211152,0.482508,0.313653
2.76644,0.550585,-0.194435,0.483364,0.372167
2.78912,0.629052,-0.220674,0.462815,0.2537
2.81179,0.641864,-0.16817,0.452977,0.308178
2.83447,0.503594,-0.155502,0.488237,0.343357
2.85714,0.508499,-0.191482,0.534258,0.45123
2.87982,0.624344,-0.155909,0.524698,0.352378
2.90249,0.616628,-0.149625,0.461921,0.390498
2.92517,0.470542,-0.154931,0.481903,0.320606
2.94785,0.575954,-0.156105,0.504297,0.400163
2.97052,0.548844,-0.155351,0.464274,0.303351
2.9932,0.509507,-0.057511,0.490338,0.338139
3.01587,0.491463,-0.17012,0.465691,0.318654
3.03855,0.615167,-0.0836446,0.541277,0.461753
3.06122,0.570661,-0.166609,0.513966,0.408101
3.0839,0.544571,-0.126565,0.538777,0.433732
3.10658,0.500047,-0.0656386,0.544991,0.497537
3.12925,0.502529,-0.124757,0.494167,0.366441
3.15193,0.501102,-0.0790099,0.545292,0.469264
3.1746,0.47423,0.0107552,0.514958,0.400841
3.19728,0.466717,-0.129745,0.497802,0.323215
3.21995,0.580621,-0.0594707,0.475841,0.342612
3.24263,0.46461,-0.0328867,0.538717,0.469256
3.26531,0.40713,-0.034095,0.479187,0.388339
3.28798,0.504995,-0.0278698,0.575094,0.519331
3.31066,0.509642,-0.0876211,0.495814,0.392381
3.33333,0.461079,-0.0858403,0.566823,0.522072
3.35601,0.537023,-0.0520891,0.536504,0.432686
3.37868,0.390558,-0.110105,0.482546,0.372138
3.40136,0.383878,-0.00358674,0.464241,0.362741
3.42404,0.47368,-0.025014,0.547475,0.497088
3.44671,0.463232,-0.00979686,0.540331,0.479581
3.46939,0.471105,-0.00506295,0.57521,0.521762
3.49206,0.428827,0.0338718,0.486979,0.358967
3.51474,0.425318,-0.035981,0.454221,0.391318
3.53741,0.443358,-0.00965504,0.52501,0.418279
3.56009,0.395187,0.0241044,0.506653,0.459088
3.58277,0.444627,0.111939,0.545734,0.537804
3.60544,0.336846,0.0281051,0.577886,0.525896
3.62812,0.36882,0.0381632,0.564563,0.505624
3.65079,0.338091,0.0229561,0.504461,0.520307
3.67347,0.411386,0.0846075,0.519852,0.522668
3.69615,0.290164,0.0301162,0.540057,0.527312
3.71882,0.303887,0.0871556,0.542435,0.521009
3.7415,0.452933,0.0790826,0.501607,0.447895
3.76417,0.322054,0.0290598,0.471737,0.376873
3.78685,0.449323,0.0941353,0.57388,0.516404
3.80952,0.278802,0.0827738,0.519032,0.554304
3.8322,0.325055,0.127737,0.516138,0.47818
3.85488,0.358464,0.117541,0.551798,0.488188
3.87755,0.242766,0.100251,0.547858,0.532449
3.90023,0.277636,0.149647,0.483136,0.45811
3.9229,0.257887,0.133647,0.553819,0.541427
3.94558,0.376156,0.0736141,0.477582,0.385027
3.96825,0.259822,0.181746,0.487503,0.512498
3.99093,0.211495,0.117391,0.54498,0.550455
4.01361,0.268362,0.10623,0.544773,0.537057
4.03628,0.313617,0.16282,0.510807,0.546369
4.05896,0.264588,0.144718,0.577383,0.560473
4.08163,0.3177,0.0845721,0.510595,0.53237
4.10431,0.320036,0.101398,0.50348,0.433796
4.12698,0.191563,0.136327,0.50555,0.526933
4.14966,0.180313,0.213827,0.531679,0.533065
4.17234,0.275571,0.12895,0.490562,0.472161
4.19501,0.172026,0.224335,0.510184,0.495989
4.21769,0.21788,0.246734,0.539881,0.567829
4.24036,0.147417,0.204888,0.458365,0.38231
4.26304,0.179438,0.272082,0.502507,0.54092
4.28571,0.27189,0.192983,0.450736,0.405318
4.30839,0.163859,0.199226,0.474661,0.470329
4.33107,0.208272,0.262918,0.526427,0.556808
4.35374,0.159498,0.21838,0.463342,0.445671
4.37642,0.170586,0.225985,0.46767,0.505414
4.39909,0.227338,0.190625,0.445758,0.471768
4.42177,0.221862,0.212416,0.448633,0.402436
4.44444,0.0911612,0.281436,0.479444,0.542454
4.46712,0.187614,0.305486,0.514801,0.480674
4.4898,0.248394,0.253818,0.383558,0.358361
4.51247,0.0614465,0.307367,0.446152,0.42124
4.53515,0.0834824,0.261802,0.454361,0.482573
4.55782,0.104491,0.263958,0.481218,0.539648
4.5805,0.193189,0.286384,0.421555,0.443242
4.60317,0.198366,0.306505,0.527778,0.544471
4.62585,0.0873321,0.281015,0.461141,0.471222
4.64853,0.114661,0.280206,0.386006,0.360984
4.6712,0.0716086,0.242983,0.369611,0.378045
4.69388,0.0251001,0.272341,0.438583,0.441117
4.71655,0.0139124,0.338378,0.485418,0.490068
4.73923,0.107979,0.32208,0.46603,0.521242
4.7619,0.104316,0.366164,0.466379,0.521522
4.78458,0.120707,0.225145,0.465446,0.491177
4.80726,0.00425159,0.326137,0.439714,0.444133
4.82993,0.0178949,0.321278,0.399758,0.406538
4.85261,0.00484306,0.38959,0.462723,0.48458
4.87528,0.111774,0.330369,0.357745,0.345731
4.89796,-0.0596999,0.390304,0.370554,0.3416
4.92063,0.00945095,0.425526,0.429546,0.430619
4.94331,0.0923486,0.34248,0.314348,0.348515
4.96599,0.0320011,0.410891,0.407798,0.420266
4.98866,-0.0617472,0.316716,0.280445,0.297477
5.01134,-0.0637729,0.257063,0.37671,0.401629
5.03401,0.000660306,0.350666,0.443709,0.455202
5.05669,-0.0664615,0.328595,0.307298,0.311074
5.07937,0.0147228,0.382962,0.379854,0.414512
5.10204,-0.0556426,0.403936,0.399125,0.44152
5.12472,-0.00076431,0.348162,0.277131,0.289568
5.14739,-0.0467892,0.458254,0.376716,0.432209
5.17007,-0.0336077,0.491778,0.383357,0.413777
5.19274,-0.0482592,0.351585,0.31048,0.335935
5.21542,-0.00834018,0.446283,0.332319,0.363294
5.2381,-0.113253,0.393875,0.27335,0.310812
5.26077,-0.0462356,0.418495,0.353109,0.376493
5.28345,-0.219427,0.422357,0.283168,0.259841
5.30612,-0.0926924,0.419459,0.276529,0.284653
5.3288,-0.225854,0.404776,0.300134,0.340246
5.35147,-0.070358,0.469488,0.349408,0.382685
5.37415,-0.228678,0.369073,0.211272,0.217246
5.39683,-0.148205,0.509931,0.31449,0.360193
5.4195,-0.150707,0.473287,0.343935,0.39058
5.44218,-0.0970421,0.380251,0.240198,0.253551
5.46485,-0.243723,0.447314,0.25402,0.286653
5.48753,-0.168155,0.433389,0.238369,0.307289
5.5102,-0.143031,0.372002,0.253154,0.314439
5.53288,-0.121418,0.48856,0.299613,0.356561
5.55556,-0.279211,0.482392,0.202191,0.279084
5.57823,-0.279809,0.473441,0.197549,0.25938
5.60091,-0.20964,0.500323,0.244289,0.245616
5.62358,-0.236273,0.501184,0.253761,0.340803
5.64626,-0.269666,0.46554,0.191261,0.188877
5.66893,-0.223854,0.438804,0.115995,0.15856
5.69161,-0.247799,0.37932,0.232574,0.282031
5.71429,-0.21841,0.439069,0.190349,0.24974
5.73696,-0.248478,0.512255,0.183918,0.2015
5.75964,-0.31254,0.419532,0.206669,0.248208
5.78231,-0.307319,0.534502,0.234977,0.302206
5.80499,-0.217169,0.499436,0.105972,0.196318
5.82766,-0.354826,0.521165,0.206214,0.27216
5.85034,-0.250907,0.454829,0.122997,0.213858
5.87302,-0.372774,0.515769,0.1617,0.217897
5.89569,-0.30446,0.49668,0.11471,0.184323
5.91837,-0.340405,0.496746,0.103025,0.162135
5.94104,-0.355477,0.550126,0.158042,0.200128
5.96372,-0.412707,0.506116,0.105322,0.129195
5.98639,-0.395698,0.511951,0.069813,0.0794206
6.00907,-0.397829,0.501416,0.0740265,0.0840882
6.03175,-0.254776,0.50941,0.0972281,0.166825
6.05442,-0.392703,0.544351,0.125801,0.161963
6.0771,-0.401011,0.489669,0.0355419,0.054472
6.09977,-0.282595,0.443579,0.0248367,0.0734995
6.12245,-0.306074,0.504138,0.0372466,0.11239
6.14512,-0.299207,0.504506,0.0516882,0.156743
6.1678,-0.416101,0.550745,0.0656227,0.0635086
6.19048,-0.450472,0.473477,-0.0426252,0.0112192
6.21315,-0.312703,0.501904,0.0171343,0.104557
6.23583,-0.370957,0.509744,0.0749479,0.128169
6.2585,-0.312123,0.469691,0.00785228,0.0790313
6.28118,-0.482196,0.484718,-0.000659452,0.0496983
6.30385,-0.476342,0.588291,0.0524638,0.141533
6.32653,-0.484907,0.500935,-0.0183437,0.0988802
6.34921,-0.433959,0.486425,-0.0622609,-0.00104242
6.37188,-0.417343,0.564915,0.0322329,0.107215
6.39456,-0.468635,0.520056,-0.0878563,-0.0490948
6.41723,-0.393523,0.440732,-0.0741459,-0.0422975
6.43991,-0.46628,0.467087,0.00430431,0.0661601
6.46259,-0.369264,0.503614,-0.0313205,0.0780709
6.48526,-0.456523,0.455872,-0.0964508,-0.0349353
6.50794,-0.460316,0.47076,-0.0258266,0.0907338
6.53061,-0.476738,0.484343,-0.0675965,-0.0423696
6.55329,-0.542937,0.492902,-0.100045,-0.0818313
6.57596,-0.465656,0.473027,-0.14124,-0.100836
6.59864,-0.490496,0.444597,-0.0849273,0.0492392
6.62132,-0.495695,0.514931,-0.0777046,-0.0622311
6.64399,-0.527636,0.526724,-0.15842,-0.0732545
6.66667,-0.416273,0.479048,-0.104987,-0.0653136
6.68934,-0.403612,0.486489,-0.107123,-0.0428291
6.71202,-0.541846,0.500514,-0.160203,-0.0846431
6.73469,-0.48627,0.451062,-0.151269,-0.0671742
6.75737,-0.515914,0.443634,-0.10516,-0.0386818
6.78005,-0.445069,0.395909,-0.199631,-0.17128
6.80272,-0.553111,0.406578,-0.240513,-0.108742
6.8254,-0.413288,0.497804,-0.063562,0.0109033
6.84807,-0.44334,0.449507,-0.11913,-0.0175667
6.87075,-0.583377,0.4983,-0.119525,-0.0358771
6.89342,-0.432185,0.454377,-0.166736,-0.0707956
6.9161,-0.582997,0.421416,-0.170391,-0.162077
6.93878,-0.508047,0.429825,-0.151558,-0.0897513
6.96145,-0.490022,0.470356,-0.185163,-0.0821971
6.98413,-0.566101,0.396957,-0.219675,-0.145939
7.0068,-0.460204,0.405719,-0.143184,-0.0670206
7.02948,-0.519735,0.45134,-0.23035,-0.119531
7.05215,-0.448834,0.422569,-0.208373,-0.101395
7.07483,-0.529201,0.442567,-0.122194,-0.0661854
7.09751,-0.495021,0.324259,-0.250058,-0.226898
7.12018,-0.452112,0.409319,-0.258786,-0.197971
7.14286,-0.49171,0.360569,-0.251025,-0.18529
7.16553,-0.428872,0.328177,-0.275857,-0.229641
7.18821,-0.573736,0.407688,-0.237801,-0.186298
7.21088,-0.535413,0.407567,-0.196016,-0.125087
7.23356,-0.607591,0.350375,-0.198717,-0.126261
7.25624,-0.503435,0.449468,-0.279503,-0.161116
7.27891,-0.447608,0.362744,-0.232611,-0.154618
7.30159,-0.562004,0.350372,-0.233394,-0.203676
7.32426,-0.421549,0.341891,-0.326592,-0.293183
7.34694,-0.53156,0.374891,-0.291386,-0.227891
7.36961,-0.611467,0.339509,-0.268193,-0.21151
7.39229,-0.539442,0.372246,-0.319668,-0.311088
7.41497,-0.49087,0.415215,-0.253499,-0.191886
7.43764,-0.56257,0.417736,-0.392004,-0.314969
7.46032,-0.453996,0.346847,-0.2404,-0.218845
7.48299,-0.575382,0.319896,-0.274772,-0.182278
7.50567,-0.515003,0.334785,-0.298375,-0.240728
7.52834,-0.427031,0.384392,-0.268109,-0.186663
7.55102,-0.451567,0.357113,-0.264818,-0.191863
7.5737,-0.428679,0.30148,-0.379091,-0.349267
7.59637,-0.506247,0.354649,-0.263273,-0.327573
7.61905,-0.436979,0.332962,-0.434483,-0.37801
7.64172,-0.527505,0.324581,-0.374852,-0.338952
7.6644,-0.511091,0.290728,-0.362089,-0.27711
7.68707,-0.518065,0.206789,-0.282191,-0.254563
7.70975,-0.435176,0.297806,-0.334177,-0.253524
7.73243,-0.448658,0.338483,-0.305846,-0.236113
7.7551,-0.473936,0.217519,-0.355544,-0.351502
7.77778,-0.477881,0.228345,-0.294347,-0.218787
7.80045,-0.502768,0.380744,-0.393937,-0.386628
7.82313,-0.481147,0.279636,-0.398693,-0.353617
7.8458,-0.464083,0.268323,-0.326809,-0.35037
7.86848,-0.421245,0.21057,-0.412726,-0.397665
7.89116,-0.584707,0.314667,-0.356603,-0.318335
7.91383,-0.477167,0.158562,-0.37677,-0.317427
7.93651,-0.483657,0.181489,-0.438839,-0.421963
7.95918,-0.574249,0.240297,-0.395415,-0.329076
7.98186,-0.442327,0.258967,-0.406301,-0.452465
8.00454,-0.514727,0.204049,-0.358903,-0.326238
8.02721,-0.437833,0.245098,-0.463903,-0.465048
8.04989,-0.481047,0.314762,-0.410759,-0.364236
8.07256,-0.492447,0.171746,-0.435687,-0.400109
8.09524,-0.562183,0.205918,-0.335516,-0.276183
8.11791,-0.405082,0.289,-0.45915,-0.404939
8.14059,-0.523377,0.223028,-0.422845,-0.374094
8.16327,-0.442365,0.171412,-0.382259,-0.365814
8.18594,-0.389458,0.190951,-0.398512,-0.359602
8.20862,-0.414261,0.131444,-0.463104,-0.411438
8.23129,-0.528949,0.124467,-0.493219,-0.481251
8.25397,-0.380129,0.147492,-0.421776,-0.362553
8.27664,-0.497813,0.0989434,-0.495732,-0.458266
8.29932,-0.362913,0.146075,-0.498874,-0.464901
8.322,-0.515569,0.0931881,-0.443327,-0.444575
8.34467,-0.329459,0.21286,-0.364501,-0.328256
8.36735,-0.390055,0.172458,-0.467007,-0.467431
8.39002,-0.461147,0.0388166,-0.490618,-0.488731
8.4127,-0.367887,0.119817,-0.417553,-0.448036
8.43537,-0.428685,0.0897175,-0.393144,-0.388402
8.45805,-0.453037,-0.0193853,-0.506241,-0.462793
8.48073,-0.335485,0.154353,-0.380937,-0.337261
8.5034,-0.393634,0.0702701,-0.452302,-0.414998
8.52608,-0.443091,0.0746159,-0.480213,-0.425206
8.54875,-0.474348,0.135845,-0.363429,-0.390741
8.57143,-0.277045,-0.0469856,-0.528556,-0.467348
8.5941,-0.456228,0.0133393,-0.380455,-0.373227
8.61678,-0.270032,-0.0367536,-0.386842,-0.375577
8.63946,-0.365056,0.0523535,-0.371554,-0.329943
8.66213,-0.268429,-0.00925157,-0.418752,-0.397839
8.68481,-0.330619,-0.0613554,-0.452639,-0.48527
8.70748,-0.246191,-0.0320356,-0.488776,-0.471612
8.73016,-0.410378,0.0264626,-0.407887,-0.427139
8.75283,-0.373702,0.029243,-0.482842,-0.470055
8.77551,-0.279252,-0.0421611,-0.441871,-0.441048
8.79819,-0.41637,-0.0661379,-0.484984,-0.460871
8.82086,-0.320152,-0.0651247,-0.504373,-0.513551
8.84354,-0.225833,-0.0116954,-0.387389,-0.357426
8.86621,-0.395028,-0.0484232,-0.35238,-0.346798
8.88889,-0.273172,-0.0874909,-0.515907,-0.533307
8.91156,-0.301,-0.0690348,-0.387279,-0.417313
8.93424,-0.295968,-0.164135,-0.439481,-0.420974
8.95692,-0.208123,-0.0856269,-0.518588,-0.531385
8.97959,-0.226963,-0.0645221,-0.485079,-0.499536
9.00227,-0.322031,-0.143055,-0.339304,-0.41372
9.02494,-0.178913,-0.00386504,-0.434525,-0.419031
9.04762,-0.203555,-0.0955064,-0.449899,-0.478765
9.07029,-0.215475,-0.160043,-0.451028,-0.438744
9.09297,-0.295986,-0.0624008,-0.345129,-0.36821
9.11565,-0.279212,-0.0992547,-0.353779,-0.368021
9.13832,-0.246369,-0.214981,-0.487185,-0.473106
9.161,-0.212434,-0.103415,-0.444702,-0.481369
9.18367,-0.247679,-0.206988,-0.310083,-0.328306
9.20635,-0.23217,-0.138801,-0.442711,-0.442371
9.22902,-0.261307,-0.196903,-0.42678,-0.526599
9.2517,-0.144598,-0.185759,-0.386032,-0.405779
9.27438,-0.0916231,-0.158018,-0.3635,-0.407527
9.29705,-0.144232,-0.178168,-0.374899,-0.441636
9.31973,-0.263855,-0.208684,-0.35861,-0.430926
9.3424,-0.0765462,-0.236211,-0.434043,-0.472181
9.36508,-0.190709,-0.142759,-0.361929,-0.371912
9.38776,-0.0870531,-0.267159,-0.393174,-0.393323
9.41043,-0.189525,-0.290415,-0.287933,-0.340189
9.43311,-0.0726405,-0.196451,-0.385419,-0.403996
9.45578,-0.217813,-0.218386,-0.32718,-0.357764
9.47846,-0.0296699,-0.293081,-0.376369,-0.425999
9.50113,-0.118258,-0.238907,-0.30961,-0.348278
9.52381,-0.0954925,-0.33124,-0.378569,-0.49719
9.54649,-0.192212,-0.275362,-0.331043,-0.375003
9.56916,-0.143123,-0.29787,-0.327744,-0.377302
9.59184,-0.0408149,-0.243588,-0.253205,-0.337695
9.61451,-0.050338,-0.269103,-0.401039,-0.454712
9.63719,-0.112673,-0.197336,-0.254658,-0.301777
9.65986,0.0380789,-0.221407,-0.296449,-0.399154
9.68254,-0.0640406,-0.256335,-0.274774,-0.29359
9.70522,-0.0346829,-0.270893,-0.334211,-0.373068
9.72789,0.0408951,-0.35573,-0.360098,-0.411491
9.75057,-0.0367127,-0.305376,-0.288864,-0.339323
9.77324,-0.101865,-0.26872,-0.259916,-0.34433
9.79592,-0.00259664,-0.332189,-0.210777,-0.283219
9.81859,0.0153677,-0.337246,-0.252591,-0.327058
9.84127,-0.0625461,-0.377043,-0.336258,-0.398309
9.86395,-0.0489256,-0.299385,-0.184316,-0.265004
9.88662,-0.00303001,-0.404151,-0.302785,-0.262866
9.9093,0.0300204,-0.267297,-0.111581,-0.257621
9.93197,-0.0170885,-0.406198,-0.368128,-0.405535
9.95465,0.0163242,-0.282389,-0.239913,-0.287512
9.97732,0.0984688,-0.434632,-0.205334,-0.299358
10,0.137968,-0.35438,-0.29114,-0.436903
10.0227,0.00681766,-0.304083,-0.226871,-0.296118
10.0454,0.102131,-0.361761,-0.212692,-0.338742
10.068,0.155265,-0.340745,-0.299412,-0.376004
10.0907,0.0315478,-0.320539,-0.197632,-0.293754
10.1134,0.0398883,-0.422115,-0.183674,-0.22981
10.1361,0.000721909,-0.297105,-0.165092,-0.237088
10.1587,0.122999,-0.326024,-0.182168,-0.297068
10.1814,0.169775,-0.320205,-0.183253,-0.288015
10.2041,0.162045,-0.382212,-0.27394,-0.381341
10.2268,0.215465,-0.340259,-0.132548,-0.251476
10.2494,0.131425,-0.399786,-0.296709,-0.397283
10.2721,0.155989,-0.361375,-0.257826,-0.333283
10.2948,0.1806,-0.342411,-0.105708,-0.235034
10.3175,0.171039,-0.442159,-0.167344,-0.282137
10.3401,0.135353,-0.378633,-0.232473,-0.330808
10.3628,0.143825,-0.369225,-0.190346,-0.287062
10.3855,0.17661,-0.492892,-0.205122,-0.300965
10.4082,0.209732,-0.304187,-0.170737,-0.300983
10.4308,0.0853121,-0.34893,-0.204822,-0.263831
10.4535,0.0996316,-0.357854,-0.11618,-0.306563
10.4762,0.285011,-0.439952,-0.157858,-0.242479
10.4989,0.127005,-0.45587,-0.16014,-0.315391
10.5215,0.208572,-0.44864,-0.133613,-0.287855
10.5442,0.199449,-0.353841,-0.12727,-0.29263
10.5669,0.124176,-0.442155,-0.194085,-0.278756
10.5896,0.24943,-0.395724,-0.138567,-0.311822
10.6122,0.241138,-0.352746,-0.170813,-0.284666
10.6349,0.288694,-0.406099,-0.177545,-0.279658
10.6576,0.340505,-0.347643,-0.0188133,-0.133136
10.6803,0.308143,-0.33877,-0.0557937,-0.120243
10.7029,0.301344,-0.486103,-0.13105,-0.230796
10.7256,0.182663,-0.377577,-0.0951676,-0.283756
10.7483,0.183683,-0.36002,-0.04182,-0.180387
10.771,0.210926,-0.432066,0.019372,-0.100514
10.7937,0.345679,-0.483981,-0.101213,-0.17642
10.8163,0.235973,-0.503997,-0.123794,-0.264565
10.839,0.278224,-0.481169,-0.0270473,-0.203731
10.8617,0.266047,-0.419096,-0.0237147,-0.113614
10.8844,0.397461,-0.503388,0.0514303,-0.0592753
10.907,0.25908,-0.507749,-0.0486615,-0.243836
10.9297,0.406933,-0.450589,-0.0629281,-0.203174
10.9524,0.260983,-0.463213,0.0732743,-0.0551217
10.9751,0.388986,-0.518258,0.0738012,-0.050473
10.9977,0.309991,-0.444169,0.101446,-0.0681666
11.0204,0.371903,-0.444823,0.0619141,-0.0982613
11.0431,0.249152,-0.424299,-0.0132288,-0.191715
11.0658,0.307784,-0.589053,0.038035,-0.11593
11.0884,0.339296,-0.445659,0.0433275,-0.195983
11.1111,0.448678,-0.456285,-0.00519497,-0.174481
11.1338,0.347778,-0.454815,0.0368373,-0.136934
11.1565,0.387597,-0.433881,0.0765693,-0.147673
11.1791,0.316647,-0.44433,0.0877889,-0.0783244
11.2018,0.399207,-0.473998,0.148143,-0.0154792
11.2245,0.30001,-0.461157,0.122652,-0.0754353
11.2472,0.334707,-0.572146,0.0320471,-0.122779
11.2698,0.316801,-0.426642,0.111122,-0.0642918
11.2925,0.459206,-0.46766,0.0553219,-0.143769
11.3152,0.40443,-0.381597,0.149344,-0.0242768
11.3379,0.430247,-0.308429,0.135664,-0.0793952
11.3605,0.493366,-0.502167,0.144161,-0.0166803
11.3832,0.365566,-0.509139,0.176214,0.0675325
11.4059,0.465062,-0.378467,0.178429,0.0691746
11.4286,0.399109,-0.537382,0.104901,-0.0751937
11.4512,0.318364,-0.420279,0.242215,0.0885445
11.4739,0.339421,-0.430957,0.228176,0.0293249
11.4966,0.46502,-0.490531,0.156083,0.0435563
11.5193,0.386077,-0.488947,0.154898,-0.0416113
11.542,0.515741,-0.503662,0.217338,0.0371414
11.5646,0.390508,-0.472562,0.283633,0.11302
11.5873,0.516908,-0.345098,0.33372,0.130257
11.61,0.429818,-0.467798,0.133169,-0.0299126
11.6327,0.36694,-0.420806,0.28901,0.086059
11.6553,0.358436,-0.398779,0.201711,0.0230081
11.678,0.493111,-0.426934,0.214987,0.0186842
11.7007,0.475342,-0.443717,0.16659,0.0486287
11.7234,0.516683,-0.287904,0.303456,0.116308
11.746,0.356496,-0.439998,0.251724,0.121652
11.7687,0.389081,-0.328033,0.279189,0.0420559
11.7914,0.415569,-0.340575,0.210061,0.104406
11.8141,0.457057,-0.347365,0.317389,0.176271
11.8367,0.533644,-0.433509,0.20655,-0.00101876
11.8594,0.522771,-0.50572,0.155265,0.00825141
11.8821,0.50262,-0.337527,0.235528,0.105834
11.9048,0.518063,-0.325745,0.37742,0.198467
11.9274,0.520255,-0.32632,0.405137,0.202026
11.9501,0.523312,-0.312928,0.324401,0.127499
11.9728,0.51946,-0.325148,0.279267,0.0990199
11.9955,0.442715,-0.349909,0.257712,0.074436
12.0181,0.373309,-0.386269,0.219457,0.065973
12.0408,0.512087,-0.218546,0.414245,0.236605
12.0635,0.552517,-0.347587,0.350001,0.225797
12.0862,0.474857,-0.36822,0.223574,0.0684566
12.1088,0.486604,-0.281599,0.353306,0.152466
12.1315,0.529301,-0.305469,0.195155,0.0868651
12.1542,0.455904,-0.370921,0.35715,0.167856
12.1769,0.537777,-0.251421,0.363075,0.170811
12.1995,0.38164,-0.358209,0.312963,0.156541
12.2222,0.50919,-0.26303,0.474622,0.225079
12.2449,0.547869,-0.350356,0.368125,0.158357
12.2676,0.531788,-0.206003,0.33693,0.230327
12.2902,0.544788,-0.241278,0.416678,0.284082
12.3129,0.556984,-0.243804,0.351828,0.177205
12.3356,0.53009,-0.34854,0.381973,0.213893
12.3583,0.42886,-0.20618,0.382821,0.160358
12.381,0.526375,-0.305838,0.354905,0.198696
12.4036,0.530761,-0.361141,0.370228,0.195508
12.4263,0.470454,-0.327602,0.42333,0.245366
12.449,0.492466,-0.327633,0.308013,0.136415
12.4717,0.567307,-0.267025,0.495773,0.329912
12.4943,0.381297,-0.204928,0.422698,0.237547
12.517,0.539931,-0.255434,0.434635,0.294667
12.5397,0.400729,-0.240073,0.414746,0.291723
12.5624,0.468855,-0.230496,0.426266,0.325197
12.585,0.553057,-0.145549,0.45138,0.307535
12.6077,0.444184,-0.252269,0.502965,0.347352
12.6304,0.50103,-0.293574,0.516108,0.3345
12.6531,0.471237,-0.208101,0.512319,0.372608
12.6757,0.399443,-0.214967,0.396342,0.264819
12.6984,0.540519,-0.231352,0.410014,0.21932
12.7211,0.47418,-0.229389,0.340519,0.222363
12.7438,0.356602,-0.225351,0.330684,0.190534
12.7664,0.415418,-0.153178,0.38652,0.208469
12.7891,0.480817,-0.0977119,0.445985,0.307019
12.8118,0.536285,-0.165127,0.523594,0.355104
12.8345,0.442065,-0.240649,0.397125,0.293539
12.8571,0.540652,-0.0851749,0.479687,0.294432
12.8798,0.471072,-0.179179,0.547293,0.34221
12.9025,0.356436,-0.255893,0.491446,0.297017
12.9252,0.378396,-0.0515542,0.493863,0.297583
12.9478,0.436283,-0.164933,0.52788,0.365767
12.9705,0.488147,-0.136919,0.470041,0.284921
12.9932,0.518341,-0.132798,0.425211,0.245011
13.0159,0.520007,-0.0149793,0.580922,0.412618
13.0385,0.48845,-0.215654,0.508803,0.39472
13.0612,0.444389,-0.135434,0.431517,0.238784
13.0839,0.40403,-0.00225308,0.620076,0.401632
13.1066,0.481847,-0.159317,0.470868,0.408412
13.1293,0.341701,0.00648872,0.612619,0.415739
13.1519,0.340713,-0.138078,0.434607,0.266931
13.1746,0.427749,-0.0531788,0.439319,0.309997
13.1973,0.348837,-0.0510653,0.478847,0.283594
13.22,0.415413,-0.0726641,0.534384,0.355489
13.2426,0.298795,0.0304055,0.487404,0.297308
13.2653,0.398188,-0.0823414,0.403889,0.270286
13.288,0.45347,0.0406936,0.608279,0.407395
13.3107,0.306341,-0.122408,0.418049,0.301303
13.3333,0.412989,0.0573107,0.559752,0.317628
13.356,0.437136,-0.0729116,0.39792,0.263869
13.3787,0.287204,0.0907878,0.599069,0.44672
13.4014,0.43043,-0.0719454,0.523454,0.336056
13.424,0.412592,-0.053105,0.528947,0.464711
13.4467,0.332722,0.0614598,0.61405,0.440147
13.4694,0.361259,0.068305,0.468693,0.282533
13.4921,0.307004,0.0486731,0.430236,0.303159
13.5147,0.375089,-0.102147,0.469893,0.27765
13.5374,0.255341,0.0412949,0.554436,0.391973
13.5601,0.282463,0.0497856,0.500379,0.32905
13.5828,0.338466,0.032241,0.481986,0.349775
13.6054,0.381,0.0139538,0.589968,0.366598
13.6281,0.214407,0.031144,0.591627,0.472624
13.6508,0.359755,0.0456127,0.625923,0.478053
13.6735,0.388631,0.148384,0.566877,0.352739
13.6961,0.250954,0.119844,0.452617,0.309877
13.7188,0.284047,0.0879372,0.43278,0.306371
13.7415,0.306986,-0.0564247,0.503899,0.360899
13.7642,0.312815,0.236266,0.510153,0.330574
13.7868,0.35561,0.150409,0.573955,0.419929
13.8095,0.275868,0.162497,0.477932,0.373698
13.8322,0.25762,0.0793161,0.454916,0.350514
13.8549,0.24281,0.170427,0.527471,0.466632
13.8776,0.339058,0.120751,0.475678,0.296512
13.9002,0.186917,0.209321,0.530304,0.368098
13.9229,0.156989,0.116398,0.561566,0.392316
13.9456,0.279862,0.18844,0.480146,0.302022
13.9683,0.246324,0.233634,0.496477,0.42568
13.9909,0.200962,0.26223,0.490574,0.297956
14.0136,0.247704,0.128867,0.499952,0.357712
14.0363,0.298785,0.230772,0.479216,0.347532
14.059,0.195595,0.0715709,0.44286,0.339578
14.0816,0.271222,0.198263,0.576784,0.455298
14.1043,0.213852,0.256094,0.462831,0.298172
14.127,0.216335,0.216872,0.530565,0.40427
14.1497,0.185802,0.252198,0.480793,0.435596
14.1723,0.16266,0.304853,0.437931,0.315891
14.195,0.199618,0.125596,0.461362,0.377549
14.2177,0.126962,0.359807,0.553637,0.443122
14.2404,0.0801758,0.253417,0.392883,0.288778
14.263,0.081978,0.197498,0.532973,0.388346
14.2857,0.167934,0.204064,0.438915,0.351896
14.3084,0.159071,0.194107,0.446629,0.286134
14.3311,0.0564062,0.264759,0.547677,0.469984
14.3537,0.0734282,0.174482,0.558063,0.368528
14.3764,0.114801,0.278004,0.505932,0.377775
14.3991,0.154918,0.285104,0.369116,0.282091
14.4218,0.0640251,0.332105,0.428149,0.351679
14.4444,0.0085724,0.397343,0.478799,0.394981
14.4671,0.104895,0.293259,0.387186,0.356908
14.4898,0.127263,0.393434,0.537319,0.444079
14.5125,0.0796449,0.267286,0.313584,0.287947
14.5351,0.0481095,0.358351,0.558456,0.456685
14.5578,0.144089,0.387018,0.362017,0.335448
14.5805,0.0959032,0.401671,0.446261,0.26934
14.6032,0.000670526,0.275386,0.368686,0.34101
14.6259,0.103899,0.393519,0.314391,0.24908
14.6485,-0.0454853,0.386817,0.371834,0.337544
14.6712,-0.0427803,0.363013,0.411613,0.332461
14.6939,0.0681147,0.457609,0.337101,0.284354
14.7166,0.0793054,0.432083,0.291306,0.236847
14.7392,-0.0322153,0.305838,0.432956,0.406528
14.7619,0.0898499,0.311653,0.459208,0.397516
14.7846,-0.0408612,0.30888,0.299282,0.225724
14.8073,-0.0840128,0.516462,0.334734,0.239953
14.8299,-0.0979906,0.430763,0.405955,0.399904
14.8526,0.0496235,0.413452,0.386415,0.359287
14.8753,-0.0600544,0.365477,0.25597,0.31136
14.898,-0.0747437,0.48096,0.317541,0.255698
14.9206,-0.0617767,0.41838,0.370884,0.349682
14.9433,-0.0431221,0.407577,0.203743,0.205302
14.966,-0.0803513,0.476976,0.382035,0.303292
14.9887,-0.0678667,0.440812,0.360108,0.357293
15.0113,-0.0381479,0.329143,0.264568,0.313904
15.034,-0.170716,0.358874,0.271419,0.285523
15.0567,-0.104256,0.495858,0.446519,0.331493
15.0794,0.0102224,0.4844,0.336718,0.32505
15.102,-0.0151559,0.478818,0.318783,0.239175
15.1247,-0.0366997,0.51505,0.271336,0.2601
15.1474,-0.0681954,0.406145,0.30126,0.250615
15.1701,-0.164468,0.524418,0.378738,0.374559
15.1927,-0.0859099,0.462044,0.173772,0.164981
15.2154,-0.0826067,0.45473,0.161006,0.172653
15.2381,-0.141965,0.355217,0.158282,0.193136
15.2608,-0.0626348,0.581948,0.353381,0.354728
15.2834,-0.118242,0.46934,0.291406,0.266464
15.3061,-0.09987,0.53948,0.212727,0.225175
15.3288,-0.0647098,0.428617,0.182397,0.245113
15.3515,-0.225593,0.460567,0.162109,0.142157
15.3741,-0.196835,0.521897,0.285439,0.238509
15.3968,-0.183713,0.584677,0.166947,0.218507
15.4195,-0.226791,0.447558,0.11335,0.163546
15.4422,-0.185871,0.421347,0.202749,0.214826
15.4649,-0.122184,0.426377,0.286885,0.246914
15.4875,-0.125914,0.636176,0.146654,0.164174
15.5102,-0.156937,0.539922,0.137866,0.143969
15.5329,-0.156357,0.495438,0.147606,0.139815
15.5556,-0.200771,0.514396,0.132783,0.120789
15.5782,-0.293305,0.434805,0.0988953,0.136318
15.6009,-0.224035,0.58825,0.271543,0.275434
15.6236,-0.209877,0.524758,0.203295,0.227861
15.6463,-0.310821,0.486348,0.163162,0.233484
15.6689,-0.188898,0.531707,0.0492744,0.117959
15.6916,-0.312951,0.457392,0.137119,0.127401
15.7143,-0.22108,0.47886,0.0794165,0.114012
15.737,-0.178029,0.589876,0.209921,0.22559
15.7596,-0.242496,0.501208,0.197092,0.25814
15.7823,-0.183746,0.478454,0.165189,0.131316
15.805,-0.192496,0.507569,0.0968163,0.154549
15.8277,-0.345611,0.627804,0.107526,0.199518
15.8503,-0.32767,0.593802,0.19231,0.17407
15.873,-0.373664,0.498494,0.0486185,0.175633
15.8957,-0.336658,0.604387,-0.0333055,0.0306371
15.9184,-0.273071,0.620881,0.0797833,0.129425
15.941,-0.251987,0.491745,-0.0343508,0.0399432
15.9637,-0.251273,0.557089,-0.0619925,0.00825525
15.9864,-0.236143,0.494156,0.0364695,0.148454
16.0091,-0.34806,0.537674,0.0241972,0.0511861
16.0317,-0.217346,0.534258,-0.029455,0.0312546
16.0544,-0.382125,0.427418,-0.00629566,0.0670642
16.0771,-0.353427,0.443331,-0.0407822,0.0263795
16.0998,-0.345684,0.586981,-0.0310852,0.0761676
16.1224,-0.397309,0.685997,0.0597592,0.11276
16.1451,-0.31532,0.536118,-0.0770998,0.0125136
16.1678,-0.312415,0.465177,-0.0925506,0.00567935
16.1905,-0.419655,0.624739,0.0676616,0.130091
16.2132,-0.328303,0.567593,-0.0852147,0.00336145
16.2358,-0.450332,0.586687,-0.121907,-0.0223675
16.2585,-0.323527,0.40973,-0.10543,-0.0549035
16.2812,-0.459656,0.525685,-0.0217144,0.0530775
16.3039,-0.36156,0.473904,-0.175559,-0.0744162
16.3265,-0.393499,0.649128,-0.0217561,0.0561223
16.3492,-0.274212,0.527964,-0.225663,-0.0831334
16.3719,-0.399284,0.465994,-0.168439,-0.0872698
16.3946,-0.372673,0.647042,-0.153389,-0.0484642
16.4172,-0.363524,0.535194,-0.0898947,-0.0050025
16.4399,-0.356771,0.620139,-0.18244,-0.0800763
16.4626,-0.40896,0.561933,-0.13955,-0.0844993
16.4853,-0.475649,0.527553,-0.0953794,0.0350166
16.5079,-0.355381,0.481801,-0.162087,-0.0810034
16.5306,-0.455351,0.388216,-0.295006,-0.0762814
16.5533,-0.45817,0.55285,-0.0278757,0.0730183
16.576,-0.438325,0.5638,-0.267738,-0.140587
16.5986,-0.321992,0.529772,-0.0674698,0.0461839
16.6213,-0.464006,0.465801,-0.239006,-0.108465
16.644,-0.481424,0.527467,-0.200207,-0.0905651
16.6667,-0.44603,0.536449,-0.145921,0.00766679
16.6893,-0.38305,0.356798,-0.241374,-0.151867
16.712,-0.457675,0.378317,-0.207456,-0.0979299
16.7347,-0.332292,0.418151,-0.134312,0.0254276
16.7574,-0.410359,0.576154,-0.141249,-0.0744818
16.78,-0.420373,0.431434,-0.171321,-0.0829025
16.8027,-0.387976,0.512427,-0.242793,-0.0870209
16.8254,-0.45991,0.488713,-0.210676,-0.0953526
16.8481,-0.369944,0.459769,-0.257927,-0.0974048
16.8707,-0.369148,0.45097,-0.257306,-0.102691
16.8934,-0.325669,0.482845,-0.279875,-0.110247
16.9161,-0.392313,0.405289,-0.31546,-0.111172
16.9388,-0.48009,0.475935,-0.256522,-0.109188
16.9615,-0.464454,0.477241,-0.244338,-0.120804
16.9841,-0.421685,0.434321,-0.309425,-0.128205
17.0068,-0.460987,0.357645,-0.270856,-0.128313
17.0295,-0.438153,0.428347,-0.223171,-0.137578
17.0522,-0.452428,0.412853,-0.264389,-0.14602
17.0748,-0.508571,0.423842,-0.360419,-0.144771
17.0975,-0.351,0.364326,-0.334021,-0.15092
17.1202,-0.341536,0.440172,-0.33422,-0.154521
17.1429,-0.525465,0.269966,-0.378294,-0.168324
17.1655,-0.414256,0.375872,-0.266187,-0.161427
17.1882,-0.411103,0.384234,-0.425129,-0.169141
17.2109,-0.525175,0.472704,-0.257106,-0.171715
17.2336,-0.490801,0.383972,-0.369491,-0.182328
17.2562,-0.409982,0.359291,-0.326808,-0.180605
17.2789,-0.408152,0.39232,-0.365957,-0.187008
17.3016,-0.4754,0.350745,-0.396007,-0.180018
17.3243,-0.431883,0.260565,-0.420106,-0.195816
17.3469,-0.364295,0.434684,-0.312812,-0.196486
17.3696,-0.360258,0.49222,-0.30009,-0.203518
17.3923,-0.467022,0.316418,-0.319158,-0.20562
17.415,-0.47188,0.301733,-0.269379,-0.209386
17.4376,-0.324973,0.267394,-0.338102,-0.212864
17.4603,-0.433014,0.434578,-0.363005,-0.220225
17.483,-0.520558,0.316947,-0.3309,-0.21281
17.5057,-0.398722,0.19029,-0.410768,-0.222
17.5283,-0.400744,0.37139,-0.369926,-0.222318
17.551,-0.433178,0.357457,-0.452349,-0.237584
17.5737,-0.426429,0.251555,-0.491262,-0.239491
17.5964,-0.461032,0.262414,-0.447037,-0.242823
17.619,-0.364698,0.235866,-0.39112,-0.238846
17.6417,-0.384205,0.290421,-0.398957,-0.245951
17.6644,-0.333039,0.207996,-0.444917,-0.245933
17.6871,-0.394336,0.263527,-0.393839,-0.25866
17.7098,-0.351242,0.279705,-0.390939,-0.252454
17.7324,-0.41798,0.188264,-0.343006,-0.266828
17.7551,-0.345589,0.253088,-0.381021,-0.260378
17.7778,-0.486917,0.289479,-0.434827,-0.264533
17.8005,-0.368496,0.311693,-0.403688,-0.273042
17.8231,-0.367136,0.259405,-0.464659,-0.277854
17.8458,-0.332509,0.306615,-0.466633,-0.275271
17.8685,-0.444702,0.208613,-0.47855,-0.283696
17.8912,-0.297981,0.204586,-0.434003,-0.2858
17.9138,-0.392343,0.168626,-0.422359,-0.291439
17.9365,-0.286384,0.190297,-0.487298,-0.290712
17.9592,-0.364534,0.172418,-0.431695,-0.29297
17.9819,-0.4035,0.261285,-0.459198,-0.293076
18.0045,-0.328922,0.096557,-0.488224,-0.297669
18.0272,-0.336249,0.239045,-0.541571,-0.292275
18.0499,-0.275226,0.211851,-0.424895,-0.300655
18.0726,-0.321063,0.215341,-0.442315,-0.298451
18.0952,-0.387177,0.193705,-0.343806,-0.307595
18.1179,-0.258117,0.204133,-0.398991,-0.304656
18.1406,-0.255764,0.0707117,-0.398575,-0.306058
18.1633,-0.251744,0.166567,-0.481181,-0.309854
18.1859,-0.390809,0.120649,-0.43447,-0.304761
18.2086,-0.280637,0.0734013,-0.560088,-0.318813
18.2313,-0.290026,0.0485673,-0.509648,-0.317754
18.254,-0.42935,0.0394604,-0.526243,-0.323138
18.2766,-0.287792,0.181491,-0.34326,-0.322174
18.2993,-0.332736,0.084893,-0.47572,-0.326418
18.322,-0.36741,0.0755718,-0.395738,-0.320319
18.3447,-0.284761,0.0721884,-0.420799,-0.323543
18.3673,-0.218085,0.0618429,-0.430029,-0.320956
18.39,-0.230128,-0.010933,-0.493495,-0.328322
18.4127,-0.288726,0.0308504,-0.455263,-0.327188
18.4354,-0.278826,-0.0496978,-0.469166,-0.332308
18.458,-0.372557,0.00715887,-0.508799,-0.331022
18.4807,-0.24757,0.0996983,-0.497379,-0.336529
18.5034,-0.386742,0.0880205,-0.423537,-0.339774
18.5261,-0.325693,0.0594665,-0.468523,-0.33088
18.5488,-0.227496,0.123949,-0.450353,-0.332591
18.5714,-0.273731,0.0156238,-0.493772,-0.335405
18.5941,-0.320751,0.00612627,-0.579671,-0.341389
18.6168,-0.278441,-0.0324216,-0.545172,-0.338796
18.6395,-0.289075,0.0579393,-0.453398,-0.34255
18.6621,-0.295553,0.0377202,-0.482573,-0.342272
18.6848,-0.254535,0.0787712,-0.444304,-0.336407
18.7075,-0.298891,-0.02667,-0.41218,-0.332612
18.7302,-0.232164,-0.0900156,-0.477533,-0.340123
18.7528,-0.308985,-0.0939456,-0.437118,-0.33888
18.7755,-0.277109,-0.0986564,-0.476978,-0.341425
18.7982,-0.283471,-0.0201177,-0.494244,-0.343362
18.8209,-0.267841,0.0152248,-0.471533,-0.344446
18.8435,-0.30295,-0.060898,-0.438852,-0.335212
18.8662,-0.275606,0.0667593,-0.412637,-0.339107
18.8889,-0.267017,-0.0507096,-0.529517,-0.336578
18.9116,-0.123999,0.0506032,-0.481285,-0.342449
18.9342,-0.113439,-0.117546,-0.488928,-0.339707
18.9569,-0.219689,-0.0475007,-0.496703,-0.341131
18.9796,-0.276367,-0.126387,-0.540063,-0.343756
19.0023,-0.173409,-0.0609306,-0.402656,-0.336766
19.0249,-0.094588,-0.0674855,-0.453045,-0.34095
19.0476,-0.16686,-0.147745,-0.454559,-0.343969
19.0703,-0.255647,-0.0621887,-0.401033,-0.337208
19.093,-0.193616,-0.0766221,-0.500754,-0.335837
19.1156,-0.103629,-0.300252,-0.514328,-0.330846
19.1383,-0.0480437,-0.157187,-0.383634,-0.339318
19.161,-0.235104,-0.238247,-0.49817,-0.329072
19.1837,-0.193056,-0.153974,-0.412777,-0.326256
19.2063,-0.0465786,-0.125656,-0.502176,-0.330465
19.229,-0.0428213,-0.126022,-0.419777,-0.328624
19.2517,-0.0653705,-0.168462,-0.396177,-0.324427
19.2744,-0.0877452,-0.148713,-0.431075,-0.328051
19.2971,-0.18155,-0.204022,-0.470339,-0.319136
19.3197,-0.103682,-0.235353,-0.450764,-0.326746
19.3424,-0.189036,-0.201285,-0.451671,-0.315064
19.3651,-0.162944,-0.208215,-0.435958,-0.323735
19.3878,-0.126546,-0.158523,-0.378502,-0.315607
19.4104,-0.138679,-0.264515,-0.403827,-0.317542
19.4331,-0.0713937,-0.248837,-0.42515,-0.310923
19.4558,-0.0041478,-0.280508,-0.433591,-0.316043
19.4785,-0.0686356,-0.281452,-0.371994,-0.315234
19.5011,-0.111855,-0.265251,-0.445448,-0.316436
19.5238,-0.0622463,-0.160244,-0.421226,-0.3035
19.5465,-0.131788,-0.22441,-0.430065,-0.301853
19.5692,-0.0213537,-0.15808,-0.391552,-0.304409
19.5918,-0.07082,-0.279064,-0.424704,-0.306768
19.6145,-0.0106386,-0.241048,-0.353078,-0.296634
19.6372,0.0759708,-0.254928,-0.36721,-0.293842
19.6599,0.0727656,-0.238733,-0.345674,-0.285547
19.6825,-0.0608466,-0.321967,-0.265239,-0.289298
19.7052,0.0956036,-0.280356,-0.382795,-0.28773
19.7279,0.0379867,-0.312014,-0.35362,-0.284639
19.7506,0.0476732,-0.344712,-0.391355,-0.282972
19.7732,-0.0348702,-0.370118,-0.366546,-0.27831
19.7959,0.0436558,-0.358518,-0.313027,-0.264391
19.8186,0.118048,-0.3839,-0.329033,-0.271368
19.8413,0.130418,-0.346886,-0.316103,-0.271817
19.8639,-0.0187587,-0.290677,-0.291483,-0.264532
19.8866,0.0909219,-0.396882,-0.354284,-0.264827
19.9093,0.0315789,-0.312709,-0.32222,-0.264697
19.932,0.0220184,-0.25767,-0.349432,-0.260288
19.9546,0.0587683,-0.392764,-0.270227,-0.256024
19.9773,0.119832,-0.393001,-0.304641,-0.257582
20,0.126752,-0.265817,-0.260766,-0.250358
20.0227,0.045719,-0.42248,-0.232519,-0.240824
20.0454,0.112197,-0.379119,-0.314572,-0.243157
20.068,0.180336,-0.401467,-0.343402,-0.234787
20.0907,0.00564638,-0.432687,-0.212224,-0.23501
20.1134,0.0157505,-0.409408,-0.279412,-0.233975
20.1361,0.111878,-0.410991,-0.224907,-0.235077
20.1587,0.198214,-0.35001,-0.14161,-0.220425
20.1814,0.201065,-0.434219,-0.284671,-0.22605
20.2041,0.129727,-0.383068,-0.273825,-0.213125
20.2268,0.103913,-0.34035,-0.162612,-0.213658
20.2494,0.0773404,-0.467755,-0.235797,-0.213919
20.2721,0.0746439,-0.368048,-0.145572,-0.203844
20.2948,0.237796,-0.363292,-0.178846,-0.199875
20.3175,0.227889,-0.471749,-0.145508,-0.203257
20.3401,0.074006,-0.414347,-0.227261,-0.19758
20.3628,0.151873,-0.481101,-0.230678,-0.191346
20.3855,0.0916799,-0.455138,-0.137063,-0.184026
20.4082,0.173096,-0.413606,-0.134225,-0.17611
20.4308,0.171447,-0.34419,-0.172274,-0.184118
20.4535,0.159659,-0.412964,-0.10144,-0.176268
20.4762,0.226713,-0.51409,-0.201991,-0.176067
20.4989,0.163837,-0.493675,-0.0695057,-0.164752
20.5215,0.232688,-0.485057,-0.115587,-0.167788
20.5442,0.282049,-0.462986,-0.196369,-0.166103
20.5669,0.180024,-0.456161,-0.065196,-0.14859
20.5896,0.214476,-0.459549,-0.0391303,-0.149903
20.6122,0.159832,-0.403754,-0.17568,-0.149858
20.6349,0.199747,-0.397691,-0.0974932,-0.138686
20.6576,0.197965,-0.46726,-0.0475618,-0.143053
20.6803,0.244826,-0.376853,-0.014315,-0.137326
20.7029,0.137918,-0.52374,-0.0432843,-0.128961
20.7256,0.329039,-0.497025,-0.0509071,-0.131308
20.7483,0.235933,-0.411086,-0.0637534,-0.12891
20.771,0.29652,-0.406699,-0.0568151,-0.119814
20.7937,0.291482,-0.444565,-0.0737321,-0.110797
20.8163,0.325766,-0.347675,-0.0430007,-0.114922
20.839,0.303691,-0.450892,-0.0337618,-0.108036
20.8617,0.340986,-0.368844,0.033375,-0.100252
20.8844,0.331927,-0.510799,0.00672162,-0.0886828
20.907,0.369948,-0.480628,-0.0218331,-0.088425
20.9297,0.259329,-0.507122,0.00990644,-0.0778191
20.9524,0.219639,-0.454173,-0.0495003,-0.0831857
20.9751,0.223845,-0.355066,0.0713222,-0.0719581
20.9977,0.196712,-0.421828,-0.0691784,-0.0820542
21.0204,0.204979,-0.459248,-0.0224047,-0.074325
21.0431,0.306935,-0.36583,0.0693459,-0.0606985
21.0658,0.348413,-0.419265,0.0533715,-0.0595068
21.0884,0.289122,-0.452114,-0.0105775,-0.0687007
21.1111,0.287409,-0.508283,0.0766456,-0.0460842
21.1338,0.336896,-0.495178,-0.0765232,-0.0507041
21.1565,0.291972,-0.354278,0.0423286,-0.0438545
21.1791,0.298552,-0.409959,0.0857758,-0.0308713
21.2018,0.356637,-0.477922,0.0739477,-0.0364507
21.2245,0.283736,-0.319117,0.0519369,-0.0338725
21.2472,0.237942,-0.387456,-0.0454184,-0.0301598
21.2698,0.40823,-0.453808,0.0745978,-0.0159706
21.2925,0.38566,-0.36905,0.18855,-0.00900937
21.3152,0.237217,-0.369713,0.132274,-0.0155452
21.3379,0.390166,-0.424686,0.0348075,-0.00416043
21.3605,0.405556,-0.394342,0.120723,-0.00959602
21.3832,0.404461,-0.450177,0.0832626,0.002447
21.4059,0.263352,-0.45014,0.118517,0.00486409
21.4286,0.305838,-0.456219,0.0501478,0.0103582
21.4512,0.278851,-0.465488,0.0846138,0.014756
21.4739,0.351382,-0.377741,0.134126,0.0263956
21.4966,0.291093,-0.357413,0.241868,0.0232744
21.5193,0.266122,-0.405304,0.144341,0.0312903
21.542,0.40413,-0.314896,0.175828,0.0343403
21.5646,0.29501,-0.36601,0.141517,0.0421888
21.5873,0.315608,-0.507092,0.157606,0.03782
21.61,0.262583,-0.369801,0.201055,0.0521948
21.6327,0.437551,-0.392628,0.155027,0.0457271
21.6553,0.329704,-0.448601,0.0558503,0.0556305
21.678,0.458794,-0.414982,0.196776,0.0654752
21.7007,0.427577,-0.350296,0.185695,0.0670365
21.7234,0.279146,-0.381035,0.107707,0.0665128
21.746,0.297866,-0.3228,0.147943,0.0695514
21.7687,0.277641,-0.327783,0.224823,0.0727433
21.7914,0.386702,-0.422483,0.135513,0.0847151
21.8141,0.323467,-0.351164,0.290481,0.0923752
21.8367,0.342106,-0.323169,0.232037,0.0937142
21.8594,0.361067,-0.386788,0.255331,0.0929796
21.8821,0.461447,-0.314951,0.289391,0.102887
21.9048,0.462774,-0.348779,0.268851,0.106294
21.9274,0.340409,-0.346304,0.234545,0.0991617
21.9501,0.30586,-0.336126,0.241977,0.111605
21.9728,0.300162,-0.419941,0.103658,0.107337
21.9955,0.358383,-0.373157,0.283864,0.117763
22.0181,0.327434,-0.33033,0.308735,0.124574
22.0408,0.412344,-0.339013,0.217768,0.126249
22.0635,0.365473,-0.305913,0.221986,0.132821
22.0862,0.345808,-0.33837,0.28507,0.13557
22.1088,0.455078,-0.325532,0.297609,0.133825
22.1315,0.290396,-0.354314,0.265344,0.140477
22.1542,0.356263,-0.357351,0.20659,0.149632
22.1769,0.389312,-0.264366,0.288613,0.151311
22.1995,0.295414,-0.296677,0.292561,0.145344
22.2222,0.416445,-0.278925,0.270537,0.154183
22.2449,0.292358,-0.33803,0.169235,0.160958
22.2676,0.351498,-0.278885,0.317818,0.161725
22.2902,0.339142,-0.436186,0.344846,0.174048
22.3129,0.332059,-0.280298,0.278212,0.164454
22.3356,0.440023,-0.231717,0.316028,0.172395
22.3583,0.293571,-0.300795,0.298739,0.177932
22.381,0.392671,-0.263456,0.361739,0.18365
22.4036,0.42478,-0.232546,0.343935,0.187615
22.4263,0.306411,-0.288659,0.407158,0.190868
22.449,0.371876,-0.186685,0.312521,0.193652
22.4717,0.426961,-0.230992,0.42363,0.199224
22.4943,0.281787,-0.279374,0.304442,0.192656
22.517,0.381074,-0.279406,0.364253,0.208167
22.5397,0.346362,-0.262504,0.377172,0.20057
22.5624,0.281241,-0.230229,0.365429,0.214808
22.585,0.457052,-0.186063,0.324255,0.209349
22.6077,0.352682,-0.261372,0.396704,0.224069
22.6304,0.36658,-0.128864,0.362454,0.221851
22.6531,0.274749,-0.247439,0.362716,0.220854
22.6757,0.342595,-0.17914,0.391667,0.220285
22.6984,0.379047,-0.298836,0.358355,0.224412
22.7211,0.350843,-0.21787,0.437437,0.228378
22.7438,0.429585,-0.304213,0.318082,0.228984
22.7664,0.284457,-0.19267,0.348636,0.237729
22.7891,0.438604,-0.175326,0.426345,0.245121
22.8118,0.324182,-0.0948361,0.426108,0.234873
22.8345,0.257841,-0.215672,0.379139,0.248696
22.8571,0.334033,-0.126146,0.377598,0.247609
22.8798,0.241458,-0.164931,0.361165,0.249487
22.9025,0.330706,-0.235613,0.452307,0.252614
22.9252,0.3161,-0.170482,0.46939,0.256916
22.9478,0.275382,-0.220171,0.330165,0.259618
22.9705,0.228127,-0.121904,0.461799,0.2551
22.9932,0.386013,-0.119793,0.466811,0.256722
23.0159,0.380451,-0.133817,0.382343,0.255923
23.0385,0.219129,-0.0753526,0.355037,0.252462
23.0612,0.234101,-0.0642287,0.391753,0.264421
23.0839,0.385252,-0.112735,0.387312,0.261498
23.1066,0.345133,-0.105411,0.445064,0.267379
23.1293,0.303607,-0.0665793,0.436793,0.271784
23.1519,0.248356,-0.0507946,0.43254,0.27718
23.1746,0.332486,-0.0803771,0.420991,0.269523
23.1973,0.197937,-0.0683496,0.424588,0.27828
23.22,0.293839,-0.0123835,0.483559,0.267491
23.2426,0.343928,-0.0919233,0.422584,0.276988
23.2653,0.306961,-0.14729,0.396317,0.273748
23.288,0.275492,-0.0619922,0.359015,0.285398
23.3107,0.319002,-0.0291879,0.495103,0.282509
23.3333,0.308688,-0.180936,0.403597,0.281024
23.356,0.231918,-0.0473088,0.394383,0.282887
23.3787,0.251557,0.00645137,0.528088,0.296181
23.4014,0.238995,-0.0715391,0.433519,0.288647
23.424,0.354437,0.0283214,0.441909,0.277281
23.4467,0.161569,-0.0449081,0.431592,0.2848
23.4694,0.161452,-0.0480798,0.46246,0.294178
23.4921,0.180725,0.00449179,0.449505,0.281988
23.5147,0.332444,-0.000677818,0.505429,0.291403
23.5374,0.251857,-0.0355003,0.410007,0.284602
23.5601,0.215735,0.0403367,0.433658,0.2864
23.5828,0.234754,0.0256923,0.426923,0.283701
23.6054,0.133558,0.0246964,0.48301,0.292329
23.6281,0.230637,0.0204025,0.490138,0.289279
23.6508,0.206272,0.0149048,0.49116,0.289172
23.6735,0.152918,0.0104379,0.503346,0.30075
23.6961,0.201008,0.0512454,0.506881,0.296289
23.7188,0.232896,0.110332,0.492732,0.295351
23.7415,0.157813,0.0625722,0.425348,0.298129
23.7642,0.137545,0.105239,0.345405,0.286288
23.7868,0.134034,0.094574,0.376978,0.301581
23.8095,0.116626,0.0532411,0.378412,0.29023
23.8322,0.128197,0.0346797,0.348801,0.288295
23.8549,0.262907,0.0943545,0.452797,0.298895
23.8776,0.210455,0.0733074,0.400998,0.297801
23.9002,0.225003,0.203878,0.414127,0.29207
23.9229,0.110317,0.110157,0.421795,0.291345
23.9456,0.119513,0.225536,0.431997,0.292142
23.9683,0.106309,0.195367,0.275529,0.290166
23.9909,0.210464,0.151245,0.345674,0.290123
24.0136,0.238971,0.131684,0.476997,0.297077
24.0363,0.121893,0.177694,0.392879,0.292666
24.059,0.14069,0.103755,0.425288,0.290772
24.0816,0.186337,0.242813,0.536415,0.289716
24.1043,0.155713,0.0824465,0.426341,0.28486
24.127,0.170466,0.185909,0.407099,0.284651
24.1497,0.0239072,0.13482,0.380742,0.285873
24.1723,0.121622,0.185866,0.419903,0.27592
24.195,0.0348447,0.169966,0.42304,0.283311
24.2177,0.00815237,0.186816,0.310624,0.279797
24.2404,0.137081,0.250195,0.44444,0.285864
24.263,0.0445719,0.198605,0.42148,0.276646
24.2857,0.0236622,0.147304,0.415515,0.272403
24.3084,0.0623221,0.251361,0.422572,0.27567
24.3311,0.0213205,0.206361,0.433778,0.27833
24.3537,0.0706806,0.148886,0.373038,0.274226
24.3764,0.100083,0.208249,0.275178,0.271465
24.3991,0.0127313,0.17054,0.267264,0.267806
24.4218,0.00458822,0.204369,0.415843,0.273793
24.4444,0.120714,0.246411,0.335684,0.264178
24.4671,0.000784792,0.293171,0.3473,0.267189
24.4898,-0.0239466,0.367584,0.447856,0.269358
24.5125,-0.0556114,0.238743,0.382392,0.274807
24.5351,0.0444026,0.219189,0.347463,0.255115
24.5578,-0.0770261,0.249461,0.416393,0.259779
24.5805,0.0476403,0.185324,0.34267,0.261262
24.6032,-0.0855989,0.240028,0.368353,0.253574
24.6259,-0.0845751,0.288798,0.298812,0.255797
24.6485,-0.0470861,0.258651,0.184484,0.255253
24.6712,-0.00886671,0.446882,0.414773,0.2482
24.6939,-0.0868167,0.275729,0.278534,0.253409
24.7166,-0.0866964,0.405627,0.310869,0.240421
24.7392,0.0243356,0.284799,0.321175,0.245312
24.7619,-0.0834487,0.268954,0.314925,0.239226
24.7846,-0.0769301,0.396405,0.390424,0.240435
24.8073,0.0578418,0.416939,0.352024,0.233731
24.8299,-0.140145,0.368722,0.353009,0.241554
24.8526,0.037481,0.287781,0.246204,0.223583
24.8753,-0.102608,0.306287,0.192379,0.227667
24.898,-0.0882775,0.360282,0.229665,0.218289
24.9206,-0.00147393,0.356209,0.296416,0.226744
24.9433,-0.152007,0.211452,0.213987,0.213727
24.966,-0.0958606,0.332185,0.288799,0.214603
24.9887,0.0168978,0.359776,0.269344,0.215099
25.0113,-0.0824452,0.294814,0.220659,0.211396
25.034,-0.0873177,0.320208,0.216595,0.211177
25.0567,-0.0921659,0.41399,0.284858,0.211842
25.0794,-0.0969886,0.341105,0.24719,0.200057
25.102,-0.101785,0.379795,0.322739,0.20356
25.1247,-0.106554,0.319438,0.150961,0.194885
25.1474,-0.111294,0.388348,0.270842,0.191541
25.1701,-0.116006,0.331286,0.163875,0.185852
25.1927,-0.120687,0.435911,0.229468,0.182106
25.2154,-0.125336,0.413039,0.09849,0.18196
25.2381,-0.129954,0.428805,0.216804,0.187499
25.2608,-0.134539,0.34645,0.218619,0.174221
25.2834,-0.13909,0.431859,0.278254,0.175942
25.3061,-0.143606,0.432178,0.143731,0.165207
25.3288,-0.148086,0.372808,0.183206,0.167235
25.3515,-0.15253,0.349882,0.178747,0.162651
25.3741,-0.156936,0.449309,0.235734,0.160622
25.3968,-0.161304,0.321464,0.0345204,0.150754
25.4195,-0.165632,0.407067,0.105321,0.158793
25.4422,-0.169921,0.389364,0.095064,0.147149
25.4649,-0.174168,0.368675,0.0831807,0.149489
25.4875,-0.178374,0.456848,0.120457,0.146071
25.5102,-0.182537,0.382716,0.14139,0.139231
25.5329,-0.186657,0.355686,0.181799,0.142499
25.5556,-0.190733,0.375156,0.147145,0.134281
25.5782,-0.194763,0.358222,0.0648444,0.131429
25.6009,-0.198748,0.488293,0.228772,0.134263
25.6236,-0.202687,0.454625,0.106759,0.119641
25.6463,-0.206578,0.326704,0.0512155,0.122689
25.6689,-0.210421,0.423248,0.120929,0.11456
25.6916,-0.214216,0.431763,0.117598,0.106964
25.7143,-0.21796,0.420884,0.0638751,0.106771
25.737,-0.221655,0.420567,0.0964622,0.105648
25.7596,-0.225299,0.370425,0.0535694,0.0966762
25.7823,-0.228891,0.39041,0.0432097,0.0991956
25.805,-0.232431,0.465003,0.105091,0.0908604
25.8277,-0.235918,0.419189,0.162561,0.0893944
25.8503,-0.239352,0.420039,0.0866022,0.0870883
25.873,-0.242731,0.482464,0.076866,0.080278
25.8957,-0.246055,0.386703,-0.0100381,0.0761941
25.9184,-0.249324,0.37823,-0.0456803,0.0717109
25.941,-0.252537,0.353538,0.035528,0.0633202
25.9637,-0.255693,0.437362,0.0550783,0.0674
25.9864,-0.258792,0.34077,0.00170354,0.060123
26.0091,-0.261832,0.432537,0.10978,0.0606094
26.0317,-0.264815,0.378561,0.070288,0.0564117
26.0544,-0.267739,0.339129,-0.00720732,0.0545506
26.0771,-0.270603,0.353325,0.0148751,0.04165
26.0998,-0.273407,0.564026,-0.0323772,0.0406156
26.1224,-0.276151,0.459857,0.0849995,0.0437411
26.1451,-0.278834,0.354785,-0.0838058,0.0396642
26.1678,-0.281455,0.398171,-0.0614783,0.0280201
26.1905,-0.284015,0.39221,-0.0530527,0.0280404
26.2132,-0.286512,0.379094,-0.0235401,0.018757
26.2358,-0.288946,0.265991,-0.0643422,0.022176
26.2585,-0.291317,0.38106,0.0144615,0.012102
26.2812,-0.293625,0.405099,-0.0902151,0.011797
26.3039,-0.295869,0.424841,-0.0668636,0.00423939
26.3265,-0.298048,0.465897,-0.0216687,0.0170452
26.3492,-0.300162,0.451843,-0.0173064,-0.00413435
26.3719,-0.302211,0.440441,-0.0550535,-0.00385733
26.3946,-0.304195,0.47133,0.0202383,-0.00865124
26.4172,-0.306114,0.45014,0.00938217,-0.00932434
26.4399,-0.307966,0.337548,-0.125846,-0.0184906
26.4626,-0.309751,0.29688,-0.0565183,-0.017791
26.4853,-0.311471,0.395342,-0.0810918,-0.022715
26.5079,-0.313123,0.391921,-0.17902,-0.031184
26.5306,-0.314708,0.36809,-0.0558279,-0.0323189
26.5533,-0.316226,0.390017,-0.118588,-0.0284337
26.576,-0.317676,0.452357,-0.142153,-0.0442272
26.5986,-0.319058,0.389192,-0.141231,-0.0438904
26.6213,-0.320372,0.313941,-0.192861,-0.0501597
26.644,-0.321618,0.489622,-0.0303098,-0.0386943
26.6667,-0.322796,0.350312,-0.209557,-0.0497313
26.6893,-0.323905,0.371624,-0.19824,-0.059387
26.712,-0.324946,0.440741,-0.20824,-0.0628015
26.7347,-0.325918,0.412276,-0.150823,-0.0647108
26.7574,-0.326821,0.388453,-0.20249,-0.0690996
26.78,-0.327655,0.387193,-0.12055,-0.06879
26.8027,-0.32842,0.395963,-0.17072,-0.078796
26.8254,-0.329115,0.387093,-0.270388,-0.0785054
26.8481,-0.329742,0.474911,-0.151446,-0.0793465
26.8707,-0.3303,0.339678,-0.19097,-0.0839009
26.8934,-0.330788,0.467312,-0.28684,-0.0850667
26.9161,-0.331207,0.315294,-0.240538,-0.0967432
26.9388,-0.331557,0.373934,-0.151065,-0.101972
26.9615,-0.331838,0.344321,-0.15306,-0.0956107
26.9841,-0.33205,0.39158,-0.212161,-0.10322
27.0068,-0.332192,0.368825,-0.237535,-0.111001
27.0295,-0.332266,0.319258,-0.306044,-0.115594
27.0522,-0.332271,0.350967,-0.25616,-0.112707
27.0748,-0.332207,0.295212,-0.311727,-0.118996
27.0975,-0.332074,0.404079,-0.205912,-0.121181
27.1202,-0.331872,0.387821,-0.364447,-0.125358
27.1429,-0.331602,0.276906,-0.296784,-0.128183
27.1655,-0.331264,0.367593,-0.17553,-0.130247
27.1882,-0.330858,0.369199,-0.256741,-0.133005
27.2109,-0.330384,0.240258,-0.298957,-0.141754
27.2336,-0.329842,0.247073,-0.300121,-0.140567
27.2562,-0.329232,0.274324,-0.274037,-0.141013
27.2789,-0.328555,0.261092,-0.21788,-0.142355
27.3016,-0.327811,0.326328,-0.326468,-0.150964
27.3243,-0.327,0.24119,-0.313037,-0.151212
27.3469,-0.326123,0.239458,-0.28919,-0.157763
27.3696,-0.325179,0.240303,-0.268508,-0.159617
27.3923,-0.32417,0.233116,-0.294134,-0.158777
27.415,-0.323094,0.360248,-0.225176,-0.169622
27.4376,-0.321953,0.203183,-0.345657,-0.162483
27.4603,-0.320748,0.1808,-0.331773,-0.163742
27.483,-0.319477,0.220894,-0.283688,-0.172336
27.5057,-0.318142,0.299264,-0.320374,-0.171185
27.5283,-0.316743,0.262952,-0.363363,-0.179609
27.551,-0.315281,0.205657,-0.413202,-0.181437
27.5737,-0.313755,0.206247,-0.318784,-0.184925
27.5964,-0.312167,0.311937,-0.268184,-0.181534
27.619,-0.310516,0.226906,-0.268594,-0.190317
27.6417,-0.308803,0.223536,-0.319062,-0.193837
27.6644,-0.307029,0.181287,-0.314406,-0.195336
27.6871,-0.305193,0.211817,-0.352266,-0.194262
27.7098,-0.303297,0.104049,-0.225865,-0.20137
27.7324,-0.301341,0.168888,-0.355135,-0.197631
27.7551,-0.299326,0.201727,-0.276062,-0.205812
27.7778,-0.297251,0.18228,-0.342264,-0.199803
27.8005,-0.295118,0.151351,-0.383664,-0.199247
27.8231,-0.292926,0.19284,-0.458033,-0.208384
27.8458,-0.290678,0.155375,-0.358939,-0.212202
27.8685,-0.288372,0.127787,-0.350722,-0.205606
27.8912,-0.286009,0.143833,-0.368826,-0.21855
27.9138,-0.283591,0.170605,-0.441514,-0.214208
27.9365,-0.281118,0.207529,-0.311322,-0.21822
27.9592,-0.27859,0.182456,-0.288937,-0.217047
27.9819,-0.276008,0.0957017,-0.425291,-0.222629
28.0045,-0.273373,0.200154,-0.301568,-0.217581
28.0272,-0.270684,0.13014,-0.369709,-0.225699
28.0499,-0.267944,0.13473,-0.259778,-0.224724
28.0726,-0.265152,0.147644,-0.321269,-0.229618
28.0952,-0.262309,0.0220992,-0.458739,-0.235638
28.1179,-0.259416,0.084946,-0.368027,-0.234772
28.1406,-0.256474,0.145594,-0.327962,-0.229962
28.1633,-0.253482,0.0569517,-0.342202,-0.236316
28.1859,-0.250442,0.0580879,-0.352594,-0.231892
28.2086,-0.247355,0.042958,-0.511505,-0.241075
28.2313,-0.244222,0.0398975,-0.373954,-0.237616
28.254,-0.241042,0.0721956,-0.319055,-0.239316
28.2766,-0.237817,0.0304352,-0.378777,-0.236771
28.2993,-0.234547,0.071658,-0.340673,-0.241684
28.322,-0.231233,0.046759,-0.404013,-0.243182
28.3447,-0.227876,0.0986238,-0.383297,-0.242792
28.3673,-0.224478,-0.00499468,-0.41357,-0.243108
28.39,-0.221037,0.0854213,-0.380999,-0.245828
28.4127,-0.217556,0.0298827,-0.353178,-0.251274
28.4354,-0.214034,0.0632729,-0.365855,-0.253607
28.458,-0.210474,-0.044432,-0.32259,-0.249555
28.4807,-0.206875,0.000875914,-0.292349,-0.247143
28.5034,-0.203238,0.0841485,-0.339788,-0.247645
28.5261,-0.199565,0.0717394,-0.461203,-0.254409
28.5488,-0.195856,0.00954266,-0.344263,-0.246783
28.5714,-0.192111,-0.107459,-0.464454,-0.258082
28.5941,-0.188332,0.0207966,-0.350434,-0.24433
28.6168,-0.18452,0.0892195,-0.310455,-0.247265
28.6395,-0.180675,-0.0658868,-0.322361,-0.253866
28.6621,-0.176798,-0.124521,-0.34713,-0.254018
28.6848,-0.172891,-0.0538392,-0.336388,-0.254124
28.7075,-0.168953,-0.043506,-0.337927,-0.250149
28.7302,-0.164986,-0.0813998,-0.351538,-0.252539
28.7528,-0.16099,-0.000678632,-0.398483,-0.252858
28.7755,-0.156967,-0.0358842,-0.354353,-0.249655
28.7982,-0.152918,-0.13678,-0.264346,-0.251599
28.8209,-0.148842,-0.0789676,-0.315718,-0.25003
28.8435,-0.144742,-0.05026,-0.352278,-0.249762
28.8662,-0.140618,-0.0537234,-0.321168,-0.249204
28.8889,-0.13647,-0.0178862,-0.350142,-0.249632
28.9116,-0.132301,-0.0228974,-0.37043,-0.254409
28.9342,-0.12811,-0.126695,-0.437534,-0.250835
28.9569,-0.123899,-0.100264,-0.310383,-0.248942
28.9796,-0.119668,-0.104789,-0.295504,-0.25349
29.0023,-0.115418,-0.101651,-0.339105,-0.248232
29.0249,-0.111151,-0.0832541,-0.404451,-0.251135
29.0476,-0.106867,-0.118592,-0.328805,-0.244915
29.0703,-0.102568,-0.0722558,-0.300186,-0.244713
29.093,-0.098253,-0.0847804,-0.373118,-0.249085
29.1156,-0.0939243,-0.197664,-0.378317,-0.244595
29.1383,-0.0895825,-0.161699,-0.292311,-0.245134
29.161,-0.0852284,-0.0993982,-0.378139,-0.247036
29.1837,-0.080863,-0.0357457,-0.269205,-0.239091
29.2063,-0.0764873,-0.177973,-0.305174,-0.247591
29.229,-0.0721021,-0.067859,-0.292616,-0.236214
29.2517,-0.0677084,-0.146224,-0.418307,-0.2432
29.2744,-0.0633071,-0.166509,-0.356913,-0.241246
29.2971,-0.0588992,-0.205498,-0.33422,-0.239074
29.3197,-0.0544854,-0.145595,-0.306231,-0.237663
29.3424,-0.0500669,-0.218211,-0.250233,-0.235173
29.3651,-0.0456444,-0.188307,-0.306368,-0.234951
29.3878,-0.0412189,-0.245459,-0.361927,-0.232872
29.4104,-0.0367914,-0.213257,-0.300952,-0.232994
29.4331,-0.0323627,-0.132399,-0.23888,-0.229956
29.4558,-0.0279337,-0.153788,-0.352407,-0.228311
29.4785,-0.0235055,-0.279606,-0.369441,-0.225949
29.5011,-0.0190788,-0.152447,-0.272152,-0.222341
29.5238,-0.0146547,-0.167205,-0.273168,-0.225756
29.5465,-0.0102339,-0.180325,-0.154261,-0.219891
29.5692,-0.00581755,-0.177769,-0.309287,-0.228917
29.5918,-0.00140639,-0.186095,-0.338207,-0.218671
29.6145,0.00299864,-0.221458,-0.245527,-0.215776
29.6372,0.00739662,-0.217323,-0.293771,-0.213833
29.6599,0.0117867,-0.166538,-0.314462,-0.212761
29.6825,0.0161679,-0.182291,-0.238091,-0.210711
29.7052,0.0205394,-0.294537,-0.285004,-0.213092
29.7279,0.0249002,-0.283058,-0.282475,-0.208563
29.7506,0.0292496,-0.219525,-0.263669,-0.206189
29.7732,0.0335866,-0.230555,-0.313031,-0.205925
29.7959,0.0379103,-0.196123,-0.202137,-0.201542
29.8186,0.0422199,-0.293764,-0.244022,-0.199899
29.8413,0.0465145,-0.334241,-0.327011,-0.197034
29.8639,0.0507932,-0.162995,-0.249292,-0.189461
29.8866,0.0550552,-0.274324,-0.145604,-0.193236
29.9093,0.0592996,-0.260903,-0.134978,-0.192788
29.932,0.0635256,-0.236151,-0.221597,-0.191148
29.9546,0.0677323,-0.267922,-0.249077,-0.185141
29.9773,0.0719189,-0.232281,-0.215082,-0.18604
30,0.0760845,-0.282569,-0.307997,-0.177327
30.0227,0.0802284,-0.353946,-0.195894,-0.181011
30.0454,0.0843496,-0.281772,-0.175732,-0.175754
30.068,0.0884475,-0.304346,-0.228346,-0.176056
30.0907,0.0925211,-0.273668,-0.208557,-0.173782
30.1134,0.0965697,-0.281414,-0.139976,-0.17269
30.1361,0.100592,-0.284026,-0.163325,-0.165042
30.1587,0.104589,-0.334644,-0.231402,-0.166814
30.1814,0.108557,-0.344005,-0.195347,-0.158847
30.2041,0.112498,-0.307568,-0.158819,-0.15904
30.2268,0.11641,-0.275488,-0.0870904,-0.153069
30.2494,0.120291,-0.334514,-0.136828,-0.152137
30.2721,0.124143,-0.247826,-0.171144,-0.148544
30.2948,0.127963,-0.310933,-0.121152,-0.149893
30.3175,0.131751,-0.413708,-0.144251,-0.146178
30.3401,0.135507,-0.311336,-0.135281,-0.137889
30.3628,0.139229,-0.335886,-0.136674,-0.138816
30.3855,0.142917,-0.34613,-0.0426612,-0.136201
30.4082,0.14657,-0.300878,-0.0931315,-0.133621
30.4308,0.150188,-0.397653,-0.12254,-0.132184
30.4535,0.153769,-0.358914,-0.057157,-0.127327
30.4762,0.157314,-0.350116,-0.138928,-0.130758
30.4989,0.160821,-0.347995,-0.0359653,-0.118419
30.5215,0.16429,-0.367911,-0.0735573,-0.122157
30.5442,0.167719,-0.266629,-0.1151,-0.118631
30.5669,0.17111,-0.309048,-0.091157,-0.115029
30.5896,0.17446,-0.383289,-0.0963356,-0.10938
30.6122,0.177769,-0.315434,-0.10809,-0.105866
30.6349,0.181037,-0.345033,-0.0651429,-0.104684
30.6576,0.184263,-0.282294,-0.0272427,-0.102699
30.6803,0.187446,-0.40584,-0.0261824,-0.0990215
30.7029,0.190586,-0.342679,-0.0285482,-0.0909457
30.7256,0.193682,-0.253218,0.0356793,-0.0880882
30.7483,0.196733,-0.380368,-0.0920399,-0.0897844
30.771,0.19974,-0.2782,-0.079262,-0.0847217
30.7937,0.202701,-0.379108,-0.0632035,-0.0827589
30.8163,0.205617,-0.319317,0.0947311,-0.0789528
30.839,0.208485,-0.338161,-0.0683284,-0.0764353
30.8617,0.211307,-0.308593,0.083982,-0.0737173
30.8844,0.214081,-0.300875,0.0356546,-0.0695115
30.907,0.216807,-0.364191,-0.0324195,-0.0632792
30.9297,0.219484,-0.420632,0.0389993,-0.0613554
30.9524,0.222113,-0.306792,-0.0375464,-0.0605855
30.9751,0.224691,-0.269094,-0.0260982,-0.0548706
30.9977,0.22722,-0.363692,-0.00487209,-0.0537191
31.0204,0.229699,-0.346974,-0.0224227,-0.0511437
31.0431,0.232126,-0.259845,-0.0224616,-0.0485878
31.0658,0.234503,-0.280102,0.0707387,-0.0423886
31.0884,0.236828,-0.301389,-0.0280643,-0.0395791
31.1111,0.2391,-0.389654,0.0027411,-0.0359872
31.1338,0.241321,-0.341347,0.0875212,-0.0297175
31.1565,0.243488,-0.287214,0.0694766,-0.0337203
31.1791,0.245602,-0.325767,0.0200706,-0.0262522
31.2018,0.247663,-0.339761,0.0489016,-0.02618
31.2245,0.24967,-0.295988,0.0815844,-0.0210601
31.2472,0.251622,-0.351991,0.0892805,-0.0121941
31.2698,0.253521,-0.34334,0.0544594,-0.0157756
31.2925,0.255364,-0.322078,0.0855229,-0.0100931
31.3152,0.257152,-0.316237,0.0783178,-0.00717065
31.3379,0.258885,-0.352681,0.138224,-0.00486634
31.3605,0.260562,-0.385491,0.0625888,0.000116472
31.3832,0.262184,-0.303094,0.0959856,-0.00242965
31.4059,0.263749,-0.309992,0.122665,0.00603137
31.4286,0.265257,-0.340351,0.139135,0.0100291
31.4512,0.26671,-0.235403,0.106683,0.0157484
31.4739,0.268105,-0.3462,0.155375,0.0108011
31.4966,0.269443,-0.245134,0.0887868,0.0215484
31.5193,0.270724,-0.317711,0.104587,0.0206812
31.542,0.271948,-0.294179,0.209235,0.0243675
31.5646,0.273114,-0.342381,0.121621,0.02905
31.5873,0.274223,-0.324801,0.162583,0.0334735
31.61,0.275273,-0.31459,0.179793,0.0332006
31.6327,0.276266,-0.310668,0.0885304,0.0346446
31.6553,0.277201,-0.338243,0.145238,0.0414065
31.678,0.278077,-0.219365,0.143014,0.0417923
31.7007,0.278896,-0.320855,0.157243,0.0429101
31.7234,0.279656,-0.275608,0.164381,0.0529801
31.746,0.280357,-0.343242,0.167552,0.0517632
31.7687,0.281001,-0.333483,0.259362,0.0559071
31.7914,0.281585,-0.262129,0.230172,0.0582453
31.8141,0.282112,-0.25171,0.165608,0.0621193
31.8367,0.28258,-0.222581,0.211596,0.0642771
31.8594,0.282989,-0.228796,0.178315,0.0707358
31.8821,0.28334,-0.233212,0.231035,0.068897
31.9048,0.283632,-0.296441,0.147058,0.0728774
31.9274,0.283866,-0.198308,0.248529,0.0830902
31.9501,0.284041,-0.307487,0.210171,0.0824676
31.9728,0.284159,-0.256046,0.24129,0.082904
31.9955,0.284218,-0.24629,0.138657,0.0856199
32.0181,0.284218,-0.196534,0.228923,0.0921596
32.0408,0.284161,-0.242431,0.23261,0.0943802
32.0635,0.284046,-0.240728,0.213347,0.0943279
32.0862,0.283872,-0.179843,0.252076,0.0963145
32.1088,0.283642,-0.204926,0.286761,0.098113
32.1315,0.283353,-0.272757,0.224364,0.103533
32.1542,0.283007,-0.224198,0.254691,0.107943
32.1769,0.282604,-0.243093,0.222045,0.106382
32.1995,0.282144,-0.276162,0.208205,0.110359
32.2222,0.281626,-0.173514,0.223887,0.114181
32.2449,0.281053,-0.196942,0.236988,0.117812
32.2676,0.280422,-0.246043,0.25549,0.120038
32.2902,0.279735,-0.15945,0.272819,0.12405
32.3129,0.278993,-0.270346,0.261032,0.124766
32.3356,0.278194,-0.220934,0.308075,0.127128
32.3583,0.27734,-0.153464,0.279827,0.131298
32.381,0.276431,-0.195253,0.355304,0.129797
32.4036,0.275466,-0.164203,0.230343,0.134916
32.4263,0.274447,-0.13397,0.2423,0.134865
32.449,0.273374,-0.123198,0.384085,0.141863
32.4717,0.272246,-0.24615,0.187765,0.142316
32.4943,0.271064,-0.193801,0.257741,0.147482
32.517,0.26983,-0.191665,0.313049,0.147402
32.5397,0.268542,-0.119038,0.244344,0.145603
32.5624,0.267201,-0.124895,0.285772,0.150396
32.585,0.265808,-0.163265,0.270616,0.153447
32.6077,0.264362,-0.0777822,0.263325,0.151118
32.6304,0.262865,-0.0734405,0.243989,0.155342
32.6531,0.261317,-0.16635,0.291098,0.158299
32.6757,0.259718,-0.1092,0.295334,0.158835
32.6984,0.258069,-0.0688122,0.30467,0.163278
32.7211,0.256369,-0.109125,0.262164,0.162717
32.7438,0.25462,-0.1091,0.261584,0.164008
32.7664,0.252822,-0.0932356,0.242489,0.168488
32.7891,0.250975,-0.101739,0.282414,0.169003
32.8118,0.24908,-0.101163,0.263814,0.173386
32.8345,0.247137,-0.129553,0.262177,0.174443
32.8571,0.245146,-0.11844,0.313492,0.174765
32.8798,0.243109,-0.0400455,0.327253,0.179626
32.9025,0.241025,-0.0497549,0.364776,0.177947
32.9252,0.238896,-0.0813172,0.300531,0.183079
32.9478,0.236722,-0.0692701,0.268554,0.18493
32.9705,0.234502,-0.0810908,0.327129,0.182191
32.9932,0.232238,-0.0996753,0.342177,0.18872
33.0159,0.229931,-0.0865147,0.366999,0.18831
33.0385,0.22758,-0.100189,0.290053,0.192567
33.0612,0.225187,-0.0832408,0.299121,0.189217
33.0839,0.222752,-0.0314868,0.371297,0.194251
33.1066,0.220275,-0.0874431,0.303865,0.190519
33.1293,0.217757,-0.0124309,0.37319,0.197895
33.1519,0.215199,-0.0654559,0.354571,0.19934
33.1746,0.212601,-0.045094,0.348549,0.201975
33.1973,0.209964,-0.0747549,0.327454,0.198308
33.22,0.207288,0.0276559,0.371203,0.203408
33.2426,0.204575,-0.0493158,0.302872,0.201126
33.2653,0.201824,-0.0433424,0.282063,0.200519
33.288,0.199036,-0.0102962,0.313958,0.199038
33.3107,0.196213,-0.057872,0.32861,0.203816
33.3333,0.193353,-0.0283894,0.351775,0.202502
33.356,0.19046,0.0554529,0.325706,0.208116
33.3787,0.187531,0.0106192,0.387003,0.204664
33.4014,0.18457,-0.0173577,0.283495,0.206754
33.424,0.181576,0.0283136,0.340762,0.207439
33.4467,0.178549,-0.0153074,0.314256,0.209334
33.4694,0.175491,-0.00874166,0.279124,0.208301
33.4921,0.172402,0.104995,0.407644,0.210294
33.5147,0.169283,0.010303,0.358585,0.206951
33.5374,0.166135,-0.010619,0.251796,0.21173
33.5601,0.162957,0.0306578,0.311016,0.209146
33.5828,0.159752,0.0207844,0.397706,0.214583
33.6054,0.15652,0.0985909,0.416556,0.211759
33.6281,0.15326,0.0365898,0.229219,0.208892
33.6508,0.149975,0.0553998,0.312218,0.211418
33.6735,0.146665,0.104287,0.341158,0.213595
33.6961,0.14333,0.0778736,0.338774,0.211725
33.7188,0.139971,0.152328,0.372378,0.217591
33.7415,0.136589,0.0830713,0.299977,0.210876
33.7642,0.133185,0.0453189,0.34488,0.220309
33.7868,0.129759,0.0350004,0.311795,0.214789
33.8095,0.126313,0.121691,0.318473,0.213938
33.8322,0.122846,0.130342,0.350296,0.21661
33.8549,0.11936,0.0999822,0.275906,0.214554
33.8776,0.115855,0.10423,0.288295,0.211036
33.9002,0.112333,0.0647318,0.31323,0.21345
33.9229,0.108793,0.171584,0.378447,0.213608
33.9456,0.105236,0.154505,0.239877,0.214846
33.9683,0.101665,0.14067,0.261686,0.211424
33.9909,0.0980778,0.060214,0.290824,0.217072
34.0136,0.0944769,0.134293,0.3536,0.211554
34.0363,0.0908626,0.197338,0.29506,0.214428
34.059,0.0872356,0.199949,0.292857,0.212912
34.0816,0.0835968,0.172474,0.285995,0.211888
34.1043,0.079947,0.0965332,0.26873,0.210414
34.127,0.0762867,0.188234,0.308817,0.215299
34.1497,0.0726169,0.178307,0.248276,0.209388
34.1723,0.0689382,0.132806,0.235783,0.211389
34.195,0.0652516,0.184734,0.21383,0.210955
34.2177,0.0615576,0.203811,0.241981,0.209058
34.2404,0.0578571,0.278432,0.321202,0.205837
34.263,0.0541508,0.235517,0.215725,0.208815
34.2857,0.0504395,0.206404,0.270378,0.204775
34.3084,0.046724,0.161418,0.253916,0.204458
34.3311,0.0430051,0.237106,0.291205,0.204624
34.3537,0.0392834,0.151894,0.227887,0.200619
34.3764,0.0355598,0.217769,0.272735,0.204498
34.3991,0.031835,0.194061,0.292665,0.202821
34.4218,0.0281097,0.197358,0.279391,0.197715
34.4444,0.0243848,0.239988,0.224728,0.20112
34.4671,0.020661,0.205015,0.208297,0.197474
34.4898,0.016939,0.242213,0.293908,0.198874
34.5125,0.0132196,0.232539,0.247162,0.194449
34.5351,0.00950359,0.187864,0.292564,0.196195
34.5578,0.00579164,0.244949,0.278661,0.193184
34.5805,0.00208455,0.235933,0.2783,0.189857
34.6032,-0.00161697,0.242297,0.262666,0.190416
34.6259,-0.00531215,0.215683,0.221003,0.189646
34.6485,-0.00900026,0.24311,0.225698,0.187115
34.6712,-0.0126806,0.25718,0.223174,0.187738
34.6939,-0.0163523,0.171146,0.187076,0.185916
34.7166,-0.0200148,0.204682,0.220142,0.187334
34.7392,-0.0236673,0.282718,0.219574,0.179456
34.7619,-0.0273091,0.25189,0.201831,0.180788
34.7846,-0.0309394,0.296564,0.217568,0.175115
34.8073,-0.0345576,0.280235,0.160179,0.179554
34.8299,-0.0381629,0.249058,0.189191,0.178542
34.8526,-0.0417546,0.214339,0.203199,0.177668
34.8753,-0.045332,0.314777,0.220365,0.174029
34.898,-0.0488945,0.245161,0.14784,0.171564
34.9206,-0.0524412,0.29329,0.172232,0.164266
34.9433,-0.0559716,0.261907,0.0839361,0.167901
34.966,-0.0594849,0.306037,0.15535,0.16517
34.9887,-0.0629805,0.3059,0.143347,0.161745
35.0113,-0.0664576,0.219229,0.107849,0.159709
35.034,-0.0699156,0.326923,0.151551,0.158828
35.0567,-0.0733539,0.335537,0.114494,0.155362
35.0794,-0.0767717,0.334674,0.150801,0.155739
35.102,-0.0801685,0.299747,0.168322,0.150566
35.1247,-0.0835435,0.349808,0.154287,0.153409
35.1474,-0.0868961,0.344139,0.155984,0.14876
35.1701,-0.0902257,0.289972,0.0710442,0.151545
35.1927,-0.0935317,0.334901,0.0806041,0.13944
35.2154,-0.0968133,0.284466,0.0661246,0.146994
35.2381,-0.10007,0.301374,0.13714,0.144303
35.2608,-0.103301,0.31132,0.114994,0.137448
35.2834,-0.106506,0.31116,0.0743137,0.134969
35.3061,-0.109685,0.301835,0.0571184,0.136447
35.3288,-0.112836,0.378418,0.147669,0.129986
35.3515,-0.115959,0.308967,0.0824467,0.128934
35.3741,-0.119053,0.293257,0.0700042,0.125706
35.3968,-0.122119,0.383542,0.126351,0.127223
35.4195,-0.125155,0.308085,0.0924056,0.12245
35.4422,-0.12816,0.309336,0.0698886,0.123723
35.4649,-0.131135,0.277004,0.0599995,0.116078
35.4875,-0.134079,0.297699,0.0934217,0.116232
35.5102,-0.13699,0.321249,0.0627455,0.11107
35.5329,-0.13987,0.270015,0.0437056,0.109862
35.5556,-0.142716,0.329454,0.103718,0.110508
35.5782,-0.145529,0.298039,0.0326644,0.105936
35.6009,-0.148308,0.377323,0.0760667,0.103492
35.6236,-0.151052,0.326993,0.0384731,0.101298
35.6463,-0.153762,0.283084,0.0581992,0.0982304
35.6689,-0.156436,0.361256,0.0165693,0.0939798
35.6916,-0.159074,0.330782,-0.00410754,0.0926366
35.7143,-0.161676,0.316902,0.062814,0.0915166
35.737,-0.164241,0.294303,0.00760315,0.0874095
35.7596,-0.166769,0.309471,0.0113091,0.0871496
35.7823,-0.169259,0.295594,-0.00781794,0.0826657
35.805,-0.171711,0.297119,-0.0119105,0.0808837
35.8277,-0.174124,0.319374,-0.00472526,0.0750019
35.8503,-0.176498,0.289285,-0.0119502,0.0759932
35.873,-0.178833,0.363724,0.0423369,0.0714014
35.8957,-0.181128,0.355916,-0.0324999,0.0655102
35.9184,-0.183383,0.325193,-0.0378003,0.0681711
35.941,-0.185597,0.303858,-0.0372398,0.0659552
35.9637,-0.18777,0.328484,0.00791936,0.0640497
35.9864,-0.189902,0.275314,-0.00247628,0.0621745
36.0091,-0.191992,0.324916,-0.0553168,0.0557956
36.0317,-0.19404,0.305689,-0.0235404,0.0554355
36.0544,-0.196045,0.294615,-0.0630631,0.0510399
36.0771,-0.198008,0.364537,-0.0464261,0.0472102
36.0998,-0.199928,0.326197,-0.0341787,0.0473478
36.1224,-0.201804,0.359333,-0.0315762,0.0424245
36.1451,-0.203637,0.312929,-0.0786728,0.0344837
36.1678,-0.205426,0.306514,-0.0750002,0.0376801
36.1905,-0.207171,0.359753,-0.0836966,0.0317632
36.2132,-0.208871,0.292583,-0.0458481,0.0327433
36.2358,-0.210526,0.355812,-0.0373819,0.0268866
36.2585,-0.212137,0.27208,-0.0789485,0.0262898
36.2812,-0.213702,0.300204,-0.0873499,0.024703
36.3039,-0.215221,0.350526,-0.101099,0.0181298
36.3265,-0.216695,0.269587,-0.0909356,0.0183736
36.3492,-0.218123,0.297323,-0.0963979,0.0189932
36.3719,-0.219505,0.306909,-0.120402,0.0106796
36.3946,-0.220841,0.304738,-0.0811536,0.0106342
36.4172,-0.22213,0.303776,-0.133859,0.00536768
36.4399,-0.223372,0.247744,-0.136234,0.00696833
36.4626,-0.224567,0.302195,-0.106629,-8.91695e-06
36.4853,-0.225715,0.275714,-0.121865,-0.000673745
36.5079,-0.226817,0.276171,-0.145206,-0.00341573
36.5306,-0.227871,0.304873,-0.115625,-0.00300852
36.5533,-0.228877,0.27477,-0.0753448,-0.00882286
36.576,-0.229836,0.285325,-0.146032,-0.0110122
36.5986,-0.230747,0.29946,-0.171166,-0.0132571
36.6213,-0.23161,0.328196,-0.105227,-0.0188283
36.644,-0.232426,0.270975,-0.190255,-0.0250016
36.6667,-0.233194,0.297648,-0.146346,-0.0195765
36.6893,-0.233913,0.301869,-0.116877,-0.0289443
36.712,-0.234585,0.302465,-0.151833,-0.026828
36.7347,-0.235208,0.26121,-0.156844,-0.0333458
36.7574,-0.235784,0.282357,-0.186563,-0.0309836
36.78,-0.236311,0.307059,-0.198815,-0.0382437
36.8027,-0.23679,0.274873,-0.226436,-0.0382802
36.8254,-0.237221,0.322427,-0.152927,-0.0427707
36.8481,-0.237603,0.26392,-0.235768,-0.0427683
36.8707,-0.237938,0.270953,-0.189042,-0.0481552
36.8934,-0.238224,0.269755,-0.195572,-0.0477155
36.9161,-0.238462,0.27284,-0.267114,-0.0562575
36.9388,-0.238652,0.283183,-0.207515,-0.052844
36.9615,-0.238794,0.202543,-0.250904,-0.0572889
36.9841,-0.238888,0.243781,-0.2364,-0.06083
37.0068,-0.238934,0.264128,-0.201035,-0.0663542
37.0295,-0.238932,0.285454,-0.205066,-0.0664246
37.0522,-0.238883,0.223126,-0.237487,-0.0706867
37.0748,-0.238785,0.232071,-0.184488,-0.0651849
37.0975,-0.23864,0.182485,-0.216542,-0.0731276
37.1202,-0.238448,0.197128,-0.214401,-0.0756707
37.1429,-0.238209,0.237566,-0.262456,-0.0775752
37.1655,-0.237922,0.211667,-0.285611,-0.0792035
37.1882,-0.237588,0.245946,-0.210674,-0.0806845
37.2109,-0.237207,0.177579,-0.272879,-0.0833697
37.2336,-0.23678,0.191703,-0.237294,-0.08816
37.2562,-0.236306,0.206954,-0.232879,-0.0905324
37.2789,-0.235785,0.20323,-0.252251,-0.0907426
37.3016,-0.235219,0.178376,-0.244439,-0.0897274
37.3243,-0.234606,0.196583,-0.27593,-0.0961931
37.3469,-0.233948,0.220612,-0.263715,-0.0986115
37.3696,-0.233244,0.164602,-0.246369,-0.101047
37.3923,-0.232494,0.189109,-0.277262,-0.10067
37.415,-0.2317,0.193321,-0.278059,-0.10438
37.4376,-0.23086,0.158899,-0.234776,-0.105451
37.4603,-0.229976,0.185167,-0.270337,-0.112947
37.483,-0.229048,0.115666,-0.281613,-0.110049
37.5057,-0.228076,0.17847,-0.271009,-0.115919
37.5283,-0.227059,0.167423,-0.285382,-0.119598
37.551,-0.225999,0.147162,-0.261772,-0.120188
37.5737,-0.224896,0.173657,-0.299246,-0.1188
37.5964,-0.22375,0.156579,-0.285877,-0.118991
37.619,-0.222562,0.136292,-0.300233,-0.121748
37.6417,-0.221331,0.146271,-0.31756,-0.126298
37.6644,-0.220057,0.109958,-0.278589,-0.125246
37.6871,-0.218743,0.157213,-0.287575,-0.131534
37.7098,-0.217387,0.0663254,-0.306111,-0.132272
37.7324,-0.215989,0.128368,-0.294634,-0.134678
37.7551,-0.214552,0.118801,-0.352556,-0.135647
37.7778,-0.213074,0.107628,-0.272523,-0.137575
37.8005,-0.211556,0.123131,-0.291882,-0.138125
37.8231,-0.209998,0.131628,-0.30585,-0.140406
37.8458,-0.208402,0.132744,-0.255467,-0.143098
37.8685,-0.206766,0.106398,-0.291923,-0.145992
37.8912,-0.205092,0.0960767,-0.31175,-0.143679
37.9138,-0.203381,0.106506,-0.312702,-0.145393
37.9365,-0.201631,0.0492481,-0.282522,-0.145299
37.9592,-0.199845,0.067921,-0.292289,-0.148533
37.9819,-0.198022,0.0613379,-0.298288,-0.151301
38.0045,-0.196162,0.0694011,-0.274804,-0.153589
38.0272,-0.194267,0.0787064,-0.340239,-0.154566
38.0499,-0.192336,0.0318217,-0.299802,-0.158875
38.0726,-0.190371,0.035317,-0.305867,-0.156625
38.0952,-0.188371,0.0549343,-0.330182,-0.160465
38.1179,-0.186337,0.0185045,-0.286094,-0.160413
38.1406,-0.184269,0.0529864,-0.356871,-0.160503
38.1633,-0.182168,0.0293971,-0.317435,-0.161385
38.1859,-0.180035,0.0469762,-0.302337,-0.164446
38.2086,-0.177869,0.0206502,-0.340458,-0.161592
38.2313,-0.175672,0.0394594,-0.286184,-0.169377
38.254,-0.173444,0.0455164,-0.342596,-0.170368
38.2766,-0.171185,-0.0202302,-0.333303,-0.169093
38.2993,-0.168896,0.0493157,-0.283186,-0.1683
38.322,-0.166577,0.00482176,-0.337514,-0.170875
38.3447,-0.164229,-0.0341151,-0.308251,-0.168422
38.3673,-0.161853,0.0267559,-0.328449,-0.175689
38.39,-0.159448,-0.0551768,-0.342872,-0.170161
38.4127,-0.157016,-0.00701742,-0.320478,-0.171872
38.4354,-0.154557,-0.00903774,-0.352623,-0.173737
38.458,-0.152072,-0.024851,-0.273494,-0.178437
38.4807,-0.14956,-0.0413667,-0.341909,-0.176487
38.5034,-0.147023,-0.0280726,-0.34844,-0.175638
38.5261,-0.144462,-0.0305788,-0.292228,-0.179134
38.5488,-0.141876,-0.0201189,-0.310204,-0.178132
38.5714,-0.139267,-0.0216419,-0.308487,-0.179436
38.5941,-0.136634,-0.0157183,-0.341243,-0.182957
38.6168,-0.133979,-0.0674965,-0.328281,-0.178336
38.6395,-0.131301,-0.0486303,-0.313144,-0.182165
38.6621,-0.128603,-0.0398468,-0.297579,-0.182968
38.6848,-0.125883,-0.0608882,-0.292875,-0.179523
38.7075,-0.123143,-0.0924905,-0.330131,-0.181231
38.7302,-0.120384,-0.075816,-0.28874,-0.184721
38.7528,-0.117605,-0.071047,-0.288389,-0.183677
38.7755,-0.114808,-0.0936609,-0.310479,-0.183006
38.7982,-0.111993,-0.0693134,-0.236698,-0.180421
38.8209,-0.10916,-0.0861151,-0.315409,-0.182603
38.8435,-0.106311,-0.086032,-0.280993,-0.186005
38.8662,-0.103445,-0.110404,-0.294295,-0.184032
38.8889,-0.100564,-0.122849,-0.303416,-0.182505
38.9116,-0.0976685,-0.103782,-0.295199,-0.183564
38.9342,-0.0947582,-0.114285,-0.277958,-0.183711
38.9569,-0.0918341,-0.150791,-0.277629,-0.183279
38.9796,-0.0888969,-0.112539,-0.30499,-0.184946
39.0023,-0.0859471,-0.103815,-0.287375,-0.185697
39.0249,-0.0829854,-0.140579,-0.26742,-0.182492
39.0476,-0.0800124,-0.132892,-0.288459,-0.18726
39.0703,-0.0770286,-0.141146,-0.251074,-0.183799
39.093,-0.0740348,-0.139369,-0.258441,-0.187524
39.1156,-0.0710314,-0.170101,-0.270658,-0.184838
39.1383,-0.0680192,-0.16438,-0.272583,-0.182747
39.161,-0.0649986,-0.160625,-0.272795,-0.183984
39.1837,-0.0619704,-0.150335,-0.256361,-0.184332
39.2063,-0.0589352,-0.184159,-0.273199,-0.181841
39.229,-0.0558935,-0.18554,-0.31036,-0.179578
39.2517,-0.052846,-0.17706,-0.253965,-0.18112
39.2744,-0.0497933,-0.185907,-0.247694,-0.18187
39.2971,-0.046736,-0.166217,-0.258377,-0.17945
39.3197,-0.0436748,-0.15581,-0.237513,-0.181159
39.3424,-0.0406101,-0.201584,-0.25073,-0.178358
39.3651,-0.0375427,-0.167432,-0.259886,-0.178292
39.3878,-0.0344731,-0.187575,-0.244746,-0.177795
39.4104,-0.031402,-0.171228,-0.241529,-0.176748
39.4331,-0.02833,-0.197189,-0.248929,-0.174489
39.4558,-0.0252577,-0.205471,-0.220885,-0.175331
39.4785,-0.0221856,-0.184259,-0.230035,-0.174675
39.5011,-0.0191144,-0.223918,-0.246644,-0.176047
39.5238,-0.0160448,-0.18706,-0.210082,-0.172812
39.5465,-0.0129772,-0.214322,-0.247727,-0.171786
39.5692,-0.00991236,-0.197439,-0.20573,-0.171674
39.5918,-0.00685079,-0.170821,-0.204887,-0.1714
39.6145,-0.00379314,-0.238964,-0.239972,-0.168761
39.6372,-0.000739969,-0.221419,-0.200088,-0.170065
39.6599,0.00230811,-0.226253,-0.202991,-0.170768
39.6825,0.00535051,-0.23998,-0.188402,-0.166273
39.7052,0.00838664,-0.233086,-0.201713,-0.164007
39.7279,0.0114159,-0.240179,-0.187167,-0.165829
39.7506,0.0144377,-0.24586,-0.185461,-0.165162
39.7732,0.0174516,-0.233411,-0.195889,-0.163401
39.7959,0.0204568,-0.227922,-0.157608,-0.160531
39.8186,0.0234528,-0.244299,-0.204795,-0.157606
39.8413,0.0264391,-0.235846,-0.17392,-0.161117
39.8639,0.0294151,-0.259193,-0.154067,-0.158356
39.8866,0.0323802,-0.241727,-0.158264,-0.158198
39.9093,0.0353338,-0.224803,-0.18467,-0.156571
39.932,0.0382755,-0.237376,-0.180084,-0.150681
39.9546,0.0412046,-0.284199,-0.205401,-0.153649
39.9773,0.0441205,-0.269801,-0.190374,-0.152225
40,0.0470228,-0.257699,-0.151122,-0.152585
40.0227,0.0499109,-0.235197,-0.157881,-0.145549
40.0454,0.0527842,-0.248011,-0.168249,-0.145092
40.068,0.0556423,-0.28867,-0.139105,-0.144375
40.0907,0.0584845,-0.258805,-0.171304,-0.144487
40.1134,0.0613104,-0.266231,-0.133284,-0.141209
40.1361,0.0641194,-0.259004,-0.123786,-0.138926
40.1587,0.066911,-0.269252,-0.161174,-0.137646
40.1814,0.0696847,-0.296336,-0.113254,-0.140901
40.2041,0.07244,-0.274735,-0.0888863,-0.135084
40.2268,0.0751764,-0.269848,-0.149738,-0.133868
40.2494,0.0778933,-0.262259,-0.100595,-0.131426
40.2721,0.0805903,-0.289702,-0.131522,-0.129847
40.2948,0.0832669,-0.281308,-0.10757,-0.128425
40.3175,0.0859226,-0.280373,-0.126606,-0.127132
40.3401,0.0885569,-0.28506,-0.0958676,-0.125457
40.3628,0.0911693,-0.274376,-0.105043,-0.123445
40.3855,0.0937594,-0.271186,-0.0880116,-0.118997
40.4082,0.0963267,-0.294892,-0.0795474,-0.120234
40.4308,0.0988708,-0.318335,-0.105705,-0.118504
40.4535,0.101391,-0.283589,-0.0626036,-0.114832
40.4762,0.103887,-0.276292,-0.0409743,-0.112355
40.4989,0.106359,-0.307792,-0.0727827,-0.113384
40.5215,0.108805,-0.323933,-0.0619623,-0.108141
40.5442,0.111226,-0.289855,-0.0587812,-0.108956
40.5669,0.113622,-0.306551,-0.0645009,-0.104285
40.5896,0.11599,-0.304636,-0.0408113,-0.103907
40.6122,0.118332,-0.307186,-0.0463842,-0.100446
40.6349,0.120647,-0.279427,-0.0459535,-0.099784
40.6576,0.122935,-0.303013,-0.0375462,-0.0960913
40.6803,0.125194,-0.335699,-0.0128819,-0.096637
40.7029,0.127425,-0.291837,-0.0100665,-0.0929432
40.7256,0.129628,-0.32499,-0.0365654,-0.0906369
40.7483,0.131801,-0.3027,0.00186371,-0.0907198
40.771,0.133945,-0.306996,-0.036834,-0.0857247
40.7937,0.136059,-0.31353,-0.0122288,-0.0866691
40.8163,0.138143,-0.282416,-0.00445018,-0.0831112
40.839,0.140196,-0.301409,-0.0150378,-0.0791329
40.8617,0.142218,-0.308886,-0.00545599,-0.0769115
40.8844,0.144209,-0.274583,-0.000358224,-0.0764024
40.907,0.146169,-0.300222,0.00999816,-0.0761956
40.9297,0.148097,-0.297166,0.0120168,-0.0700888
40.9524,0.149993,-0.308454,-0.0124818,-0.0695599
40.9751,0.151856,-0.306983,0.017307,-0.0659806
40.9977,0.153686,-0.272428,0.052582,-0.0664858
41.0204,0.155483,-0.277127,0.0342337,-0.0637617
41.0431,0.157247,-0.286955,0.0114086,-0.0607123
41.0658,0.158977,-0.286216,0.0449576,-0.060121
41.0884,0.160673,-0.341194,0.0250635,-0.0525625
41.1111,0.162335,-0.306049,0.0425677,-0.0540512
41.1338,0.163963,-0.298855,0.0528919,-0.0492681
41.1565,0.165556,-0.288732,0.0440144,-0.0476873
41.1791,0.167114,-0.314013,0.0569396,-0.0466885
41.2018,0.168636,-0.288336,0.0571282,-0.0423688
41.2245,0.170124,-0.285712,0.067163,-0.0435587
41.2472,0.171575,-0.291084,0.0845129,-0.0409439
41.2698,0.172991,-0.282778,0.0779678,-0.037961
41.2925,0.174371,-0.291295,0.078703,-0.0353029
41.3152,0.175714,-0.292276,0.0711967,-0.0321169
41.3379,0.177021,-0.28387,0.0832988,-0.0315356
41.3605,0.178292,-0.282578,0.099811,-0.0275904
41.3832,0.179525,-0.283919,0.0823728,-0.0247009
41.4059,0.180721,-0.301084,0.0978867,-0.0210186
41.4286,0.181881,-0.29476,0.0984651,-0.0183503
41.4512,0.183003,-0.280178,0.107687,-0.0194402
41.4739,0.184087,-0.277267,0.119378,-0.0165525
41.4966,0.185134,-0.255611,0.124062,-0.0142468
41.5193,0.186143,-0.290813,0.138738,-0.0115856
41.542,0.187115,-0.274393,0.13515,-0.00837743
41.5646,0.188048,-0.262837,0.113573,-0.00577054
41.5873,0.188943,-0.293677,0.140988,-0.00370572
41.61,0.1898,-0.262959,0.154212,0.0021294
41.6327,0.190619,-0.275213,0.135084,-0.000591362
41.6553,0.191399,-0.286425,0.140645,0.00257781
41.678,0.192141,-0.260839,0.142567,0.00535727
41.7007,0.192845,-0.27671,0.155448,0.00870724
41.7234,0.193509,-0.24761,0.163403,0.0131541
41.746,0.194135,-0.222024,0.175006,0.0131811
41.7687,0.194723,-0.253001,0.157485,0.0161927
41.7914,0.195272,-0.236301,0.174407,0.0150707
41.8141,0.195781,-0.265267,0.173568,0.017113
41.8367,0.196253,-0.260612,0.188071,0.0205382
41.8594,0.196685,-0.237503,0.187778,0.0212417
41.8821,0.197078,-0.244959,0.189259,0.0276625
41.9048,0.197433,-0.257794,0.189886,0.027465
41.9274,0.197749,-0.25191,0.19254,0.0322902
41.9501,0.198026,-0.2281,0.188715,0.0316871
41.9728,0.198264,-0.229433,0.19026,0.0349236
41.9955,0.198463,-0.230572,0.204042,0.0363949
42.0181,0.198624,-0.232301,0.204984,0.0384133
42.0408,0.198746,-0.213887,0.205266,0.0428402
42.0635,0.19883,-0.211551,0.204285,0.0422293
42.0862,0.198874,-0.207642,0.225412,0.044674
42.1088,0.198881,-0.194377,0.222991,0.051532
42.1315,0.198848,-0.215796,0.204066,0.0497548
42.1542,0.198778,-0.219164,0.206558,0.0536641
42.1769,0.198669,-0.208063,0.213807,0.0556256
42.1995,0.198522,-0.194432,0.215748,0.0584224
42.2222,0.198337,-0.203102,0.231194,0.0577781
42.2449,0.198114,-0.191474,0.234139,0.0644651
42.2676,0.197853,-0.17254,0.227212,0.0666501
42.2902,0.197554,-0.164477,0.226248,0.0667909
42.3129,0.197217,-0.195268,0.245933,0.0673554
42.3356,0.196843,-0.196873,0.233105,0.071784
42.3583,0.196432,-0.155415,0.240894,0.0705486
42.381,0.195984,-0.172167,0.244695,0.073834
42.4036,0.195498,-0.172514,0.24905,0.0749339
42.4263,0.194976,-0.170503,0.2419,0.0777463
42.449,0.194417,-0.167123,0.25811,0.0797704
42.4717,0.193821,-0.151566,0.242752,0.0827298
42.4943,0.193189,-0.172171,0.249546,0.0841493
42.517,0.192521,-0.152519,0.27611,0.0865025
42.5397,0.191817,-0.124519,0.264728,0.0891846
42.5624,0.191077,-0.142911,0.269782,0.0892201
42.585,0.190302,-0.1342,0.263076,0.0936839
42.6077,0.189491,-0.115232,0.267305,0.0942299
42.6304,0.188645,-0.142512,0.282919,0.0932926
42.6531,0.187764,-0.127583,0.280202,0.0973376
42.6757,0.186849,-0.124492,0.26523,0.101964
42.6984,0.185899,-0.133224,0.270085,0.098291
42.7211,0.184915,-0.127538,0.280368,0.102224
42.7438,0.183897,-0.121351,0.267719,0.102881
42.7664,0.182846,-0.111397,0.25742,0.104167
42.7891,0.181761,-0.0916691,0.278563,0.109216
42.8118,0.180643,-0.0911344,0.292678,0.109442
42.8345,0.179492,-0.107771,0.286455,0.112941
42.8571,0.178308,-0.101645,0.287489,0.112517
42.8798,0.177093,-0.060521,0.291469,0.114776
42.9025,0.175845,-0.093345,0.287685,0.115279
42.9252,0.174566,-0.0966189,0.284282,0.116465
42.9478,0.173255,-0.0657613,0.294294,0.119419
42.9705,0.171913,-0.0884072,0.290369,0.12083
42.9932,0.17054,-0.0480464,0.281247,0.120846
43.0159,0.169137,-0.050094,0.280771,0.126398
43.0385,0.167704,-0.0700494,0.286165,0.124397
43.0612,0.166241,-0.0632799,0.282863,0.12445
43.0839,0.164749,-0.0363081,0.29441,0.127702
43.1066,0.163228,-0.0240052,0.300632,0.12953
43.1293,0.161677,-0.0423317,0.280912,0.129994
43.1519,0.160099,-0.0382918,0.294955,0.13249
43.1746,0.158492,-0.0249937,0.307224,0.131488
43.1973,0.156858,-0.0168129,0.294552,0.132841
43.22,0.155196,-0.0332972,0.278084,0.136306
43.2426,0.153507,-0.0386994,0.301243,0.134136
43.2653,0.151792,-0.012146,0.287537,0.139891
43.288,0.150051,-0.00712168,0.282612,0.140566
43.3107,0.148283,-0.019503,0.289318,0.139568
43.3333,0.146491,-0.0145159,0.286649,0.142101
43.356,0.144673,0.00879332,0.307461,0.143086
43.3787,0.142831,-0.0116498,0.279819,0.145467
43.4014,0.140964,0.00566512,0.297848,0.143422
43.424,0.139073,0.0129197,0.309631,0.147517
43.4467,0.137159,0.019261,0.306226,0.145444
43.4694,0.135222,0.0241492,0.289481,0.147467
43.4921,0.133263,0.0141432,0.277993,0.148215
43.5147,0.131281,0.0213047,0.290736,0.148095
43.5374,0.129277,0.0316335,0.282137,0.150235
43.5601,0.127252,0.0244192,0.27776,0.151118
43.5828,0.125206,0.0345746,0.290752,0.15093
43.6054,0.123139,0.0586385,0.276855,0.152694
43.6281,0.121052,0.0431744,0.277658,0.150983
43.6508,0.118946,0.0492556,0.290741,0.152092
43.6735,0.116821,0.070237,0.279228,0.154984
43.6961,0.114676,0.0633929,0.276402,0.153595
43.7188,0.112514,0.0755243,0.290198,0.150995
43.7415,0.110333,0.0713041,0.287268,0.155704
43.7642,0.108135,0.0620593,0.281029,0.157142
43.7868,0.10592,0.0841109,0.259078,0.161756
43.8095,0.103688,0.080212,0.276798,0.158466
43.8322,0.101441,0.0811037,0.289327,0.158544
43.8549,0.0991774,0.0758817,0.274724,0.157077
43.8776,0.0968989,0.0790964,0.275372,0.159095
43.9002,0.0946057,0.0891292,0.27317,0.159844
43.9229,0.0922982,0.110195,0.280673,0.15985
43.9456,0.089977,0.11585,0.27953,0.158705
43.9683,0.0876424,0.0974692,0.262128,0.161639
43.9909,0.085295,0.117452,0.267175,0.161481
44.0136,0.0829352,0.128185,0.261974,0.159942
44.0363,0.0805635,0.111261,0.265461,0.158209
44.059,0.0781803,0.104298,0.264111,0.160951
44.0816,0.0757862,0.132465,0.26479,0.159918
44.1043,0.0733815,0.123108,0.251639,0.161606
44.127,0.0709669,0.118215,0.243288,0.161108
44.1497,0.0685427,0.130224,0.262479,0.162287
44.1723,0.0661094,0.132651,0.258584,0.161855
44.195,0.0636675,0.148111,0.252391,0.160613
44.2177,0.0612175,0.152363,0.252147,0.159999
44.2404,0.0587599,0.131544,0.254879,0.161359
44.263,0.0562951,0.156544,0.244551,0.160226
44.2857,0.0538236,0.15939,0.252949,0.161909
44.3084,0.0513459,0.144479,0.243501,0.162465
44.3311,0.0488625,0.15598,0.236001,0.160277
44.3537,0.0463739,0.157454,0.232124,0.157078
44.3764,0.0438805,0.161798,0.244096,0.160383
44.3991,0.0413828,0.160647,0.221264,0.160962
44.4218,0.0388813,0.167725,0.222612,0.158297
44.4444,0.0363765,0.174191,0.226942,0.156572
44.4671,0.0338688,0.171213,0.211906,0.158147
44.4898,0.0313588,0.185345,0.22667,0.157787
44.5125,0.0288469,0.18778,0.218708,0.159335
44.5351,0.0263336,0.182473,0.200436,0.159532
44.5578,0.0238193,0.178824,0.217484,0.153525
44.5805,0.0213046,0.183077,0.212017,0.157782
44.6032,0.0187899,0.184913,0.199075,0.155219
44.6259,0.0162757,0.213695,0.211194,0.154095
44.6485,0.0137625,0.187794,0.205676,0.157655
44.6712,0.0112507,0.192694,0.187183,0.153591
44.6939,0.00874082,0.21779,0.195138,0.153331
44.7166,0.0062333,0.209093,0.197776,0.153603
44.7392,0.00372863,0.208281,0.200025,0.150854
44.7619,0.00122727,0.218098,0.187674,0.150241
44.7846,-0.00127032,0.20771,0.186721,0.149847
44.8073,-0.00376367,0.217712,0.178332,0.150348
44.8299,-0.00625232,0.223378,0.184523,0.148278
44.8526,-0.00873581,0.216067,0.18088,0.147216
44.8753,-0.0112137,0.222082,0.162326,0.14773
44.898,-0.0136855,0.23448,0.168488,0.146932
44.9206,-0.0161508,0.238059,0.170852,0.144354
44.9433,-0.0186091,0.24542,0.151272,0.144028
44.966,-0.0210599,0.229627,0.161677,0.140977
44.9887,-0.023503,0.253687,0.168161,0.140642
45.0113,-0.0259376,0.247366,0.146633,0.144454
45.034,-0.0283636,0.238016,0.138085,0.141085
45.0567,-0.0307803,0.257049,0.155724,0.14049
45.0794,-0.0331874,0.238136,0.145799,0.138489
45.102,-0.0355844,0.23623,0.134089,0.137078
45.1247,-0.0379709,0.232952,0.131665,0.134958
45.1474,-0.0403465,0.239636,0.135729,0.134252
45.1701,-0.0427107,0.255226,0.127494,0.132128
45.1927,-0.0450632,0.250857,0.12794,0.131871
45.2154,-0.0474034,0.245814,0.125092,0.129065
45.2381,-0.049731,0.250366,0.125871,0.130714
45.2608,-0.0520456,0.254555,0.115493,0.127119
45.2834,-0.0543468,0.253319,0.118877,0.126608
45.3061,-0.0566341,0.258866,0.116731,0.125104
45.3288,-0.0589072,0.259192,0.0984467,0.124633
45.3515,-0.0611656,0.262736,0.098945,0.1222
45.3741,-0.0634089,0.261473,0.0952441,0.124501
45.3968,-0.0656369,0.261741,0.0943415,0.119506
45.4195,-0.067849,0.271624,0.0934886,0.119734
45.4422,-0.0700448,0.266414,0.0858974,0.117841
45.4649,-0.0722241,0.258788,0.0811251,0.114163
45.4875,-0.0743864,0.268746,0.0801111,0.115146
45.5102,-0.0765314,0.273136,0.0755013,0.111359
45.5329,-0.0786586,0.264228,0.0661015,0.110252
45.5556,-0.0807678,0.277149,0.0737796,0.111656
45.5782,-0.0828585,0.26004,0.0669693,0.105403
45.6009,-0.0849304,0.264717,0.0610173,0.106424
45.6236,-0.0869831,0.27108,0.0542061,0.106451
45.6463,-0.0890164,0.270373,0.0559161,0.104951
45.6689,-0.0910298,0.274383,0.0403392,0.100453
45.6916,-0.093023,0.268144,0.044922,0.101824
45.7143,-0.0949956,0.274037,0.0374588,0.098565
45.737,-0.0969474,0.287645,0.024679,0.100273
45.7596,-0.0988781,0.27957,0.0256174,0.0947675
45.7823,-0.100787,0.280295,0.0321069,0.0958698
45.805,-0.102674,0.273105,0.0262968,0.0925264
45.8277,-0.10454,0.270409,0.0296587,0.089843
45.8503,-0.106382,0.273026,0.0120634,0.0894371
45.873,-0.108202,0.267269,0.0130174,0.0859778
45.8957,-0.109999,0.285285,0.0160718,0.0850246
45.9184,-0.111773,0.28152,0.00597856,0.0845004
45.941,-0.113522,0.281281,-0.00206734,0.0808177
45.9637,-0.115248,0.269859,-0.00455855,0.0797003
45.9864,-0.11695,0.281639,0.00151225,0.0772109
46.0091,-0.118628,0.280407,-0.0100369,0.074121
46.0317,-0.12028,0.275848,-0.00887934,0.0723966
46.0544,-0.121908,0.277436,-0.0106928,0.0729436
46.0771,-0.12351,0.270556,-0.0293515,0.0687432
46.0998,-0.125087,0.275599,-0.014821,0.0681576
46.1224,-0.126638,0.272051,-0.023164,0.0660881
46.1451,-0.128163,0.270909,-0.0291597,0.0654223
46.1678,-0.129661,0.268886,-0.0362892,0.061485
46.1905,-0.131133,0.2728,-0.0319247,0.0572007
46.2132,-0.132579,0.262722,-0.0377224,0.0579992
46.2358,-0.133997,0.274377,-0.0435396,0.0555518
46.2585,-0.135389,0.280299,-0.0556925,0.0532272
46.2812,-0.136753,0.266438,-0.0578044,0.052773
46.3039,-0.138089,0.264617,-0.0660164,0.0513144
46.3265,-0.139398,0.263871,-0.0599649,0.0487504
46.3492,-0.140679,0.276004,-0.0617046,0.0448284
46.3719,-0.141931,0.265309,-0.0727497,0.044254
46.3946,-0.143156,0.263579,-0.0749574,0.043978
46.4172,-0.144351,0.268239,-0.0866078,0.0408898
46.4399,-0.145518,0.257967,-0.0885856,0.0366797
46.4626,-0.146656,0.263488,-0.0775103,0.0357755
46.4853,-0.147766,0.256234,-0.091861,0.0364354
46.5079,-0.148845,0.249608,-0.0946527,0.0328371
46.5306,-0.149896,0.255346,-0.089801,0.0280401
46.5533,-0.150917,0.247864,-0.0923181,0.0280752
46.576,-0.151909,0.245461,-0.103377,0.0257991
46.5986,-0.152871,0.253148,-0.102706,0.0235133
46.6213,-0.153802,0.253209,-0.10481,0.0218183
46.644,-0.154704,0.247896,-0.115574,0.0195969
46.6667,-0.155576,0.250538,-0.109852,0.0153867
46.6893,-0.156418,0.234618,-0.118253,0.016117
46.712,-0.157229,0.23621,-0.124012,0.0118381
46.7347,-0.15801,0.244981,-0.118592,0.0138935
46.7574,-0.15876,0.236542,-0.127919,0.00936457
46.78,-0.15948,0.235965,-0.133014,0.0071207
46.8027,-0.160169,0.241221,-0.125638,0.00312655
46.8254,-0.160827,0.225935,-0.131281,0.00278506
46.8481,-0.161454,0.227825,-0.139953,0.00194641
46.8707,-0.162051,0.228164,-0.137518,-0.00109563
46.8934,-0.162616,0.220178,-0.149289,-0.00496801
46.9161,-0.163151,0.222757,-0.150159,-0.00383301
46.9388,-0.163654,0.219913,-0.156019,-0.00865655
46.9615,-0.164127,0.22443,-0.143909,-0.00866368
46.9841,-0.164568,0.214579,-0.162759,-0.0116364
47.0068,-0.164978,0.210585,-0.16273,-0.0143719
47.0295,-0.165357,0.209584,-0.160142,-0.0159917
47.0522,-0.165704,0.201608,-0.167154,-0.0154197
47.0748,-0.166021,0.196034,-0.166514,-0.0199541
47.0975,-0.166306,0.2112,-0.16528,-0.0219136
47.1202,-0.16656,0.205305,-0.17255,-0.0241431
47.1429,-0.166782,0.200186,-0.172023,-0.024085
47.1655,-0.166974,0.196061,-0.179413,-0.0296773
47.1882,-0.167134,0.193439,-0.1795,-0.0300897
47.2109,-0.167263,0.188295,-0.178956,-0.0330302
47.2336,-0.167361,0.183142,-0.179902,-0.0347843
47.2562,-0.167428,0.190567,-0.179165,-0.0365023
47.2789,-0.167463,0.179105,-0.191171,-0.0376981
47.3016,-0.167468,0.181204,-0.193315,-0.0410694
47.3243,-0.167442,0.18219,-0.210202,-0.0407859
47.3469,-0.167384,0.175139,-0.203488,-0.0443832
47.3696,-0.167296,0.168724,-0.197653,-0.0432772
47.3923,-0.167177,0.173082,-0.199101,-0.0481355
47.415,-0.167027,0.160548,-0.208415,-0.0487226
47.4376,-0.166847,0.163917,-0.202931,-0.053212
47.4603,-0.166636,0.158239,-0.200345,-0.0535999
47.483,-0.166394,0.150826,-0.205009,-0.0543896
47.5057,-0.166122,0.148297,-0.216462,-0.0572549
47.5283,-0.16582,0.150813,-0.217877,-0.0582301
47.551,-0.165488,0.142556,-0.205524,-0.0617158
47.5737,-0.165125,0.138362,-0.220183,-0.064451
47.5964,-0.164733,0.150247,-0.211633,-0.063603
47.619,-0.16431,0.131548,-0.225102,-0.0666122
47.6417,-0.163858,0.132906,-0.230386,-0.0686686
47.6644,-0.163376,0.132961,-0.221985,-0.072588
47.6871,-0.162865,0.131166,-0.216808,-0.0715608
47.7098,-0.162324,0.131222,-0.223606,-0.0728928
47.7324,-0.161754,0.127029,-0.228828,-0.0771569
47.7551,-0.161155,0.117366,-0.231933,-0.0777071
47.7778,-0.160528,0.109463,-0.22796,-0.0772794
47.8005,-0.159871,0.103833,-0.236994,-0.0802517
47.8231,-0.159186,0.108348,-0.233697,-0.0833042
47.8458,-0.158473,0.0999101,-0.233344,-0.0847705
47.8685,-0.157731,0.0966685,-0.235411,-0.0845594
47.8912,-0.156961,0.10132,-0.238678,-0.0874085
47.9138,-0.156163,0.0916436,-0.235953,-0.0895953
47.9365,-0.155338,0.0914588,-0.242597,-0.0896094
47.9592,-0.154485,0.0932458,-0.239406,-0.0896243
47.9819,-0.153605,0.0844628,-0.242431,-0.0940732
48.0045,-0.152698,0.0754656,-0.246296,-0.0952396
48.0272,-0.151764,0.0781679,-0.240845,-0.0949387
48.0499,-0.150803,0.0726188,-0.245658,-0.0970238
48.0726,-0.149816,0.0621712,-0.250855,-0.0997166
48.0952,-0.148802,0.0654057,-0.242155,-0.0997616
48.1179,-0.147763,0.060344,-0.251075,-0.103062
48.1406,-0.146697,0.056541,-0.257746,-0.104841
48.1633,-0.145607,0.0557278,-0.245765,-0.107781
48.1859,-0.14449,0.0548522,-0.246024,-0.108039
48.2086,-0.143349,0.0517895,-0.25155,-0.109012
48.2313,-0.142183,0.0427662,-0.249586,-0.109671
48.254,-0.140992,0.0520344,-0.243436,-0.112243
48.2766,-0.139777,0.0420006,-0.25223,-0.110906
48.2993,-0.138538,0.0401276,-0.241669,-0.113503
48.322,-0.137275,0.0299007,-0.251971,-0.11625
48.3447,-0.135989,0.0204781,-0.253409,-0.118705
48.3673,-0.134679,0.0306321,-0.252407,-0.116319
48.39,-0.133346,0.0233357,-0.250601,-0.12159
48.4127,-0.131991,0.0164126,-0.243711,-0.119661
48.4354,-0.130613,0.0156027,-0.257757,-0.121386
48.458,-0.129213,0.0149886,-0.246426,-0.12413
48.4807,-0.127791,-0.00386739,-0.251833,-0.123358
48.5034,-0.126347,0.00192119,-0.251676,-0.123025
48.5261,-0.124882,0.00046991,-0.253454,-0.125532
48.5488,-0.123396,-0.00471162,-0.245948,-0.129127
48.5714,-0.121889,-0.012959,-0.251729,-0.12835
48.5941,-0.120362,-0.00989017,-0.24611,-0.127786
48.6168,-0.118815,-0.0117288,-0.246896,-0.130619
48.6395,-0.117248,-0.0134689,-0.246749,-0.128398
48.6621,-0.115661,-0.0256388,-0.256908,-0.131874
48.6848,-0.114056,-0.0230172,-0.246726,-0.133165
48.7075,-0.112431,-0.0304843,-0.247262,-0.132447
48.7302,-0.110788,-0.0295479,-0.244127,-0.135146
48.7528,-0.109127,-0.0405857,-0.244583,-0.133381
48.7755,-0.107447,-0.0440202,-0.238763,-0.135829
48.7982,-0.105751,-0.0491332,-0.239882,-0.137889
48.8209,-0.104037,-0.0453203,-0.23595,-0.136411
48.8435,-0.102306,-0.0558405,-0.243382,-0.137984
48.8662,-0.100558,-0.0606307,-0.242432,-0.139184
48.8889,-0.0987945,-0.0577557,-0.235521,-0.141046
48.9116,-0.0970149,-0.062205,-0.236694,-0.140379
48.9342,-0.0952198,-0.0612458,-0.240807,-0.14049
48.9569,-0.0934094,-0.0664001,-0.23271,-0.140768
48.9796,-0.0915843,-0.06975,-0.23178,-0.143594
49.0023,-0.0897446,-0.0639965,-0.229386,-0.142927
49.0249,-0.0878908,-0.0755765,-0.231796,-0.143177
49.0476,-0.0860231,-0.0805854,-0.233344,-0.143351
49.0703,-0.0841421,-0.0867363,-0.24155,-0.145656
49.093,-0.0822479,-0.0890864,-0.22375,-0.144107
49.1156,-0.0803411,-0.0856258,-0.226593,-0.145786
49.1383,-0.0784218,-0.0851044,-0.227964,-0.14416
49.161,-0.0764906,-0.089213,-0.227451,-0.145309
49.1837,-0.0745477,-0.101763,-0.223286,-0.146109
49.2063,-0.0725935,-0.0981656,-0.221107,-0.145713
49.229,-0.0706284,-0.102961,-0.218924,-0.147216
49.2517,-0.0686528,-0.105564,-0.220054,-0.147868
49.2744,-0.0666671,-0.108719,-0.216661,-0.147321
49.2971,-0.0646714,-0.116478,-0.214486,-0.149302
49.3197,-0.0626664,-0.111761,-0.210754,-0.146793
49.3424,-0.0606523,-0.111423,-0.214204,-0.149006
49.3651,-0.0586296,-0.117736,-0.216519,-0.146707
49.3878,-0.0565985,-0.13231,-0.219649,-0.14764
49.4104,-0.0545595,-0.129792,-0.204161,-0.149702
49.4331,-0.0525129,-0.125147,-0.201333,-0.147626
49.4558,-0.0504591,-0.125347,-0.201036,-0.148899
49.4785,-0.0483986,-0.12945,-0.195065,-0.14822
49.5011,-0.0463316,-0.137224,-0.196862,-0.148541
49.5238,-0.0442585,-0.143338,-0.200336,-0.149317
49.5465,-0.0421798,-0.135977,-0.191949,-0.148344
49.5692,-0.0400958,-0.139327,-0.188014,-0.148078
49.5918,-0.0380069,-0.144241,-0.188206,-0.149627
49.6145,-0.0359134,-0.150338,-0.189576,-0.147889
49.6372,-0.0338158,-0.157495,-0.185085,-0.148582
49.6599,-0.0317144,-0.157091,-0.185374,-0.146306
49.6825,-0.0296097,-0.157183,-0.187458,-0.146712
49.7052,-0.0275019,-0.169393,-0.177261,-0.146494
49.7279,-0.0253915,-0.163778,-0.173904,-0.1468
49.7506,-0.0232789,-0.165884,-0.172871,-0.145877
49.7732,-0.0211643,-0.162294,-0.168945,-0.145309
49.7959,-0.0190483,-0.170856,-0.166366,-0.147196
49.8186,-0.0169312,-0.178295,-0.16103,-0.144862
49.8413,-0.0148134,-0.174941,-0.157856,-0.144466
49.8639,-0.0126952,-0.179416,-0.158301,-0.143361
49.8866,-0.0105771,-0.181143,-0.150521,-0.142071
49.9093,-0.00845933,-0.176066,-0.154628,-0.142791
49.932,-0.00634238,-0.187768,-0.154893,-0.142732
49.9546,-0.00422659,-0.181455,-0.149889,-0.141814
49.9773,-0.00211234,-0.181557,-0.146706,-0.141138
50,-3.1339e-16,-0.193842,-0.146821,-0.140772
50.0227,0.00211005,-0.190541,-0.137803,-0.140973
50.0454,0.00421743,-0.189705,-0.137325,-0.138738
50.068,0.00632178,-0.188404,-0.135685,-0.139233
50.0907,0.00842272,-0.193121,-0.132085,-0.139936
50.1134,0.0105199,-0.199186,-0.131087,-0.137933
50.1361,0.0126129,-0.202566,-0.123465,-0.138071
50.1587,0.0147014,-0.193823,-0.121168,-0.134769
50.1814,0.016785,-0.206807,-0.121069,-0.136435
50.2041,0.0188634,-0.207765,-0.112609,-0.134615
50.2268,0.0209362,-0.20395,-0.114786,-0.132644
50.2494,0.023003,-0.201797,-0.114458,-0.12985
50.2721,0.0250635,-0.204101,-0.107703,-0.131294
50.2948,0.0271172,-0.209747,-0.106947,-0.130586
50.3175,0.029164,-0.212211,-0.101733,-0.129882
50.3401,0.0312033,-0.209607,-0.0969168,-0.129957
50.3628,0.0332348,-0.213613,-0.0917313,-0.128268
50.3855,0.0352583,-0.217263,-0.0954859,-0.128319
50.4082,0.0372733,-0.210473,-0.0909566,-0.126664
50.4308,0.0392794,-0.220756,-0.0843145,-0.126232
50.4535,0.0412765,-0.220646,-0.0863303,-0.121635
50.4762,0.043264,-0.216294,-0.0870533,-0.122879
50.4989,0.0452417,-0.21547,-0.069531,-0.122469
50.5215,0.0472092,-0.218059,-0.0749668,-0.119787
50.5442,0.0491661,-0.226523,-0.0719002,-0.11915
50.5669,0.0511122,-0.219445,-0.0603639,-0.117822
50.5896,0.0530471,-0.217214,-0.068655,-0.117563
50.6122,0.0549705,-0.222198,-0.0574742,-0.11947
50.6349,0.0568821,-0.221079,-0.0579879,-0.114816
50.6576,0.0587815,-0.221972,-0.0573588,-0.111847
50.6803,0.0606683,-0.232888,-0.0568228,-0.111589
50.7029,0.0625424,-0.216754,-0.0496074,-0.110331
50.7256,0.0644033,-0.229379,-0.0492558,-0.107024
50.7483,0.0662507,-0.23327,-0.0465403,-0.107908
50.771,0.0680844,-0.224479,-0.0387607,-0.103858
50.7937,0.069904,-0.223964,-0.0363947,-0.103823
50.8163,0.0717093,-0.231561,-0.0332566,-0.104675
50.839,0.0734998,-0.230222,-0.0314972,-0.102091
50.8617,0.0752753,-0.228018,-0.0256534,-0.0987252
50.8844,0.0770356,-0.227114,-0.0238212,-0.0988867
50.907,0.0787803,-0.221815,-0.017984,-0.0982393
50.9297,0.0805091,-0.230039,-0.0158911,-0.0978534
50.9524,0.0822217,-0.228194,-0.0139797,-0.0970246
50.9751,0.0839178,-0.233214,-0.010225,-0.0941754
50.9977,0.0855973,-0.23477,-0.00891969,-0.089971
51.0204,0.0872597,-0.22503,0.000331667,-0.0909265
51.0431,0.0889048,-0.230253,-0.00428283,-0.0876149
51.0658,0.0905324,-0.224996,0.00669911,-0.0866171
51.0884,0.0921421,-0.22623,0.00754244,-0.0855973
51.1111,0.0937337,-0.230703,0.0133601,-0.0845014
51.1338,0.095307,-0.220944,0.0182193,-0.0828194
51.1565,0.0968616,-0.22569,0.0166835,-0.0800142
51.1791,0.0983973,-0.225383,0.0202975,-0.0790797
51.2018,0.099914,-0.22496,0.0217974,-0.0769954
51.2245,0.101411,-0.232918,0.028169,-0.074592
51.2472,0.102889,-0.225837,0.0334515,-0.0739916
51.2698,0.104347,-0.223836,0.028218,-0.0718299
51.2925,0.105784,-0.230196,0.0371539,-0.0705743
51.3152,0.107201,-0.22019,0.0397783,-0.0677669
51.3379,0.108598,-0.225611,0.0403553,-0.0667323
51.3605,0.109974,-0.216548,0.0483714,-0.064612
51.3832,0.111329,-0.218668,0.0505549,-0.0620905
51.4059,0.112663,-0.224622,0.0559437,-0.062468
51.4286,0.113975,-0.219848,0.0608578,-0.0611974
51.4512,0.115265,-0.219142,0.064781,-0.0589663
51.4739,0.116534,-0.217479,0.0646886,-0.0540203
51.4966,0.117781,-0.216824,0.0559606,-0.0536437
51.5193,0.119005,-0.223097,0.0657407,-0.0522773
51.542,0.120207,-0.219382,0.0765753,-0.0504496
51.5646,0.121386,-0.215969,0.0705835,-0.0461199
51.5873,0.122542,-0.214368,0.0762149,-0.0461351
51.61,0.123676,-0.214714,0.0799983,-0.0444128
51.6327,0.124786,-0.2089,0.0848676,-0.0430348
51.6553,0.125872,-0.206364,0.0880719,-0.0429735
51.678,0.126936,-0.207984,0.0865742,-0.0390679
51.7007,0.127975,-0.201997,0.0944135,-0.0364567
51.7234,0.128991,-0.201357,0.104695,-0.0350611
51.746,0.129982,-0.20589,0.092802,-0.031972
51.7687,0.130949,-0.198562,0.106574,-0.032673
51.7914,0.131892,-0.19515,0.10496,-0.0289206
51.8141,0.132811,-0.202215,0.105736,-0.0283951
51.8367,0.133705,-0.197532,0.105128,-0.0265419
51.8594,0.134574,-0.196956,0.109366,-0.0237614
51.8821,0.135418,-0.193952,0.110875,-0.0221518
51.9048,0.136237,-0.189526,0.11672,-0.0186301
51.9274,0.137031,-0.18613,0.122959,-0.016354
51.9501,0.1378,-0.189891,0.12802,-0.0133096
51.9728,0.138544,-0.180392,0.128836,-0.0135282
51.9955,0.139262,-0.183107,0.132842,-0.0125197
52.0181,0.139954,-0.187639,0.136911,-0.0100435
52.0408,0.140621,-0.18335,0.135837,-0.0068406
52.0635,0.141261,-0.182002,0.135864,-0.00458021
52.0862,0.141876,-0.176663,0.141302,-0.00273457
52.1088,0.142465,-0.172586,0.136691,-0.000451777
52.1315,0.143028,-0.169651,0.143682,7.98851e-05
52.1542,0.143565,-0.169061,0.143197,0.000972875
52.1769,0.144076,-0.165221,0.149353,0.0043848
52.1995,0.14456,-0.161901,0.155711,0.00542002
52.2222,0.145018,-0.159297,0.15414,0.00778697
52.2449,0.14545,-0.159983,0.15386,0.0106065
52.2676,0.145855,-0.159975,0.156586,0.0121063
52.2902,0.146234,-0.151022,0.160135,0.014938
52.3129,0.146586,-0.150994,0.157385,0.0167636
52.3356,0.146912,-0.152359,0.161213,0.0179321
52.3583,0.147211,-0.148398,0.165185,0.0207464
52.381,0.147483,-0.147543,0.162667,0.0238808
52.4036,0.147729,-0.140617,0.171413,0.0234955
52.4263,0.147948,-0.137652,0.17033,0.027257
52.449,0.14814,-0.140749,0.173341,0.0280751
52.4717,0.148306,-0.130832,0.1741,0.0310022
52.4943,0.148445,-0.128596,0.176663,0.0332543
52.517,0.148557,-0.137344,0.17902,0.0339832
52.5397,0.148642,-0.127564,0.181157,0.0341393
52.5624,0.148701,-0.119592,0.186119,0.0359274
52.585,0.148733,-0.122961,0.179592,0.0410894
52.6077,0.148738,-0.119716,0.181397,0.0415326
52.6304,0.148716,-0.111845,0.186184,0.0439807
52.6531,0.148668,-0.116544,0.184256,0.0455507
52.6757,0.148593,-0.112107,0.186938,0.0471272
52.6984,0.148492,-0.110752,0.189775,0.0502873
52.7211,0.148364,-0.104764,0.190935,0.0510371
52.7438,0.148209,-0.10136,0.189582,0.0532547
52.7664,0.148028,-0.09597,0.198297,0.053859
52.7891,0.14782,-0.101243,0.195174,0.0561842
52.8118,0.147586,-0.0934191,0.195922,0.0578325
52.8345,0.147326,-0.0866012,0.204964,0.0599594
52.8571,0.14704,-0.0897386,0.20116,0.0629022
52.8798,0.146727,-0.0844935,0.195933,0.0628331
52.9025,0.146388,-0.0802965,0.202139,0.0649129
52.9252,0.146023,-0.0798959,0.208362,0.0658763
52.9478,0.145632,-0.0784568,0.209992,0.0689932
52.9705,0.145215,-0.0760489,0.205994,0.0713869
52.9932,0.144773,-0.0751234,0.208287,0.0721888
53.0159,0.144305,-0.0722022,0.208189,0.0752936
53.0385,0.143811,-0.0599547,0.213324,0.0740489
53.0612,0.143291,-0.060469,0.21436,0.0783551
53.0839,0.142747,-0.060116,0.210824,0.078669
53.1066,0.142177,-0.0568952,0.207821,0.0813816
53.1293,0.141581,-0.0580401,0.211985,0.0809535
53.1519,0.140961,-0.0514669,0.209544,0.0845407
53.1746,0.140316,-0.0504585,0.211058,0.0858636
53.1973,0.139646,-0.0413959,0.216515,0.0889434
53.22,0.138952,-0.0430508,0.209754,0.091319
53.2426,0.138232,-0.0431071,0.212186,0.0901004
53.2653,0.137489,-0.0377088,0.219509,0.091054
53.288,0.136721,-0.0293514,0.21787,0.0926804
53.3107,0.135929,-0.0269991,0.216021,0.0951502
53.3333,0.135114,-0.0250494,0.209857,0.0971329
53.356,0.134274,-0.0206752,0.221673,0.0983242
53.3787,0.133411,-0.0213947,0.212617,0.0997133
53.4014,0.132524,-0.0184614,0.215004,0.0989413
53.424,0.131614,-0.0126426,0.216782,0.104647
53.4467,0.130681,-0.0147702,0.214988,0.103791
53.4694,0.129725,-0.00381699,0.215677,0.10565
53.4921,0.128747,-0.00407335,0.216526,0.107083
53.5147,0.127745,0.0025894,0.213446,0.107104
53.5374,0.126721,0.00864957,0.217707,0.109878
53.5601,0.125676,0.00826124,0.215016,0.110202
53.5828,0.124608,0.00499262,0.213467,0.110802
53.6054,0.123518,0.0178136,0.218203,0.114193
53.6281,0.122407,0.0189319,0.217825,0.114732
53.6508,0.121274,0.0184007,0.213427,0.115179
53.6735,0.12012,0.0196664,0.213345,0.115571
53.6961,0.118945,0.0238864,0.210258,0.118599
53.7188,0.11775,0.0319025,0.211851,0.11797
53.7415,0.116533,0.0269992,0.209421,0.120402
53.7642,0.115297,0.0305769,0.21621,0.120983
53.7868,0.11404,0.0352671,0.211166,0.122372
53.8095,0.112764,0.0356999,0.205484,0.122814
53.8322,0.111468,0.0461307,0.212419,0.123473
53.8549,0.110152,0.0411879,0.203626,0.126836
53.8776,0.108818,0.0499164,0.206922,0.125868
53.9002,0.107464,0.0487408,0.206414,0.128292
53.9229,0.106092,0.0462957,0.206654,0.128386
53.9456,0.104702,0.0570598,0.206377,0.129996
53.9683,0.103293,0.061179,0.211064,0.130906
53.9909,0.101866,0.0547937,0.20508,0.131395
54.0136,0.100422,0.063717,0.194478,0.132085
54.0363,0.0989602,0.0736438,0.204506,0.132236
54.059,0.0974813,0.0678901,0.200514,0.133728
54.0816,0.0959857,0.0750432,0.203405,0.134625
54.1043,0.0944734,0.0783603,0.19521,0.135697
54.127,0.0929448,0.0855525,0.196717,0.136122
54.1497,0.0914001,0.0828575,0.199605,0.136199
54.1723,0.0898397,0.0882407,0.203269,0.137222
54.195,0.0882638,0.0852865,0.193209,0.13861
54.2177,0.0866727,0.0877644,0.186519,0.139685
54.2404,0.0850667,0.0943254,0.19221,0.138368
54.263,0.0834461,0.0923668,0.185026,0.141701
54.2857,0.0818111,0.0993164,0.186007,0.141526
54.3084,0.080162,0.0976097,0.179671,0.14131
54.3311,0.0784992,0.102384,0.184385,0.141529
54.3537,0.0768229,0.107141,0.182836,0.143574
54.3764,0.0751335,0.1083,0.18085,0.142699
54.3991,0.0734312,0.109424,0.182085,0.142839
54.4218,0.0717163,0.110645,0.173014,0.144165
54.4444,0.0699892,0.116873,0.173492,0.144985
54.4671,0.0682501,0.120216,0.174562,0.144677
54.4898,0.0664994,0.118593,0.171676,0.144426
54.5125,0.0647374,0.122097,0.168345,0.144687
54.5351,0.0629644,0.127667,0.173914,0.144763
54.5578,0.0611806,0.123483,0.163205,0.144991
54.5805,0.0593865,0.131189,0.16755,0.146452
54.6032,0.0575823,0.127498,0.164008,0.144261
54.6259,0.0557683,0.132625,0.158357,0.145272
54.6485,0.0539449,0.1366,0.158821,0.14528
54.6712,0.0521125,0.134911,0.166442,0.143951
54.6939,0.0502712,0.139821,0.159213,0.146797
54.7166,0.0484215,0.147519,0.15542,0.145568
54.7392,0.0465636,0.147146,0.150753,0.146069
54.7619,0.044698,0.145537,0.150393,0.1473
54.7846,0.0428249,0.147575,0.147617,0.145964
54.8073,0.0409446,0.152676,0.144715,0.146665
54.8299,0.0390576,0.151463,0.141573,0.14736
54.8526,0.037164,0.149975,0.13186,0.147032
54.8753,0.0352643,0.158075,0.135065,0.146388
54.898,0.0333589,0.161313,0.138108,0.146718
54.9206,0.0314479,0.162427,0.13443,0.145901
54.9433,0.0295318,0.163235,0.131022,0.144526
54.966,0.0276109,0.160677,0.125395,0.146577
54.9887,0.0256856,0.157866,0.123833,0.144563
55.0113,0.0237561,0.16514,0.125781,0.143981
55.034,0.0218229,0.171608,0.119346,0.145381
55.0567,0.0198862,0.164893,0.114222,0.14477
55.0794,0.0179465,0.16674,0.116272,0.143862
55.102,0.0160039,0.174461,0.114215,0.143977
55.1247,0.014059,0.175463,0.106208,0.144015
55.1474,0.012112,0.177492,0.107612,0.141994
55.1701,0.0101632,0.175848,0.113081,0.141517
55.1927,0.0082131,0.180003,0.107634,0.141692
55.2154,0.00626193,0.177536,0.0983235,0.141094
55.2381,0.00431005,0.180534,0.100352,0.139702
55.2608,0.00235783,0.18835,0.0994661,0.139127
55.2834,0.00040558,0.17844,0.0928084,0.137962
55.3061,-0.00154633,0.186284,0.0916042,0.138295
55.3288,-0.00349757,0.185318,0.0837482,0.139051
55.3515,-0.0054478,0.193026,0.0856336,0.136149
55.3741,-0.00739667,0.193746,0.0818801,0.136524
55.3968,-0.00934383,0.185334,0.0815953,0.137206
55.4195,-0.011289,0.188705,0.0779454,0.135125
55.4422,-0.0132317,0.199726,0.0745232,0.133629
55.4649,-0.0151717,0.18937,0.0711707,0.133275
55.4875,-0.0171086,0.192944,0.0697482,0.132254
55.5102,-0.0190422,0.195281,0.0632648,0.132906
55.5329,-0.020972,0.192948,0.0590031,0.131113
55.5556,-0.0228977,0.193514,0.0528173,0.129361
55.5782,-0.0248189,0.196204,0.0562193,0.130205
55.6009,-0.0267354,0.195941,0.0555527,0.126383
55.6236,-0.0286468,0.191319,0.0479872,0.127345
55.6463,-0.0305528,0.197171,0.0503308,0.127069
55.6689,-0.032453,0.20134,0.0518337,0.125531
55.6916,-0.0343471,0.200105,0.0443057,0.125161
55.7143,-0.0362347,0.201535,0.0415555,0.12243
55.737,-0.0381156,0.201854,0.03807,0.122331
55.7596,-0.0399894,0.199461,0.0367326,0.121223
55.7823,-0.0418557,0.200609,0.0331675,0.116104
55.805,-0.0437143,0.198914,0.033168,0.118539
55.8277,-0.0455648,0.200201,0.0279296,0.117189
55.8503,-0.0474069,0.205214,0.017236,0.117582
55.873,-0.0492402,0.199368,0.0150143,0.115352
55.8957,-0.0510645,0.200918,0.0219166,0.11255
55.9184,-0.0528793,0.201841,0.0150392,0.112943
55.941,-0.0546845,0.204018,0.0130904,0.111987
55.9637,-0.0564797,0.203747,0.00764873,0.108656
55.9864,-0.0582645,0.204648,0.0098244,0.10758
56.0091,-0.0600387,0.198995,0.00639255,0.106329
56.0317,-0.0618019,0.202562,-0.00157004,0.105882
56.0544,-0.0635538,0.202016,-0.00378326,0.104878
56.0771,-0.0652941,0.199609,-0.0030154,0.103744
56.0998,-0.0670226,0.200646,-0.0123906,0.100615
56.1224,-0.0687388,0.195706,-0.0130241,0.0991982
56.1451,-0.0704425,0.198767,-0.0105099,0.0991528
56.1678,-0.0721335,0.199537,-0.0150492,0.0983003
56.1905,-0.0738113,0.196158,-0.0165941,0.0950151
56.2132,-0.0754757,0.198383,-0.0164678,0.0940403
56.2358,-0.0771264,0.201985,-0.0223374,0.0933007
56.2585,-0.0787632,0.201079,-0.0252916,0.0909902
56.2812,-0.0803856,0.197996,-0.0275184,0.0885818
56.3039,-0.0819935,0.193692,-0.0303871,0.0870314
56.3265,-0.0835866,0.194333,-0.0307313,0.0853072
56.3492,-0.0851645,0.19838,-0.0390424,0.0828948
56.3719,-0.086727,0.196872,-0.0412882,0.0838453
56.3946,-0.0882738,0.197448,-0.0371301,0.079777
56.4172,-0.0898046,0.193668,-0.0443539,0.0801616
56.4399,-0.0913192,0.193223,-0.0514472,0.0777202
56.4626,-0.0928173,0.193432,-0.05066,0.0763251
56.4853,-0.0942987,0.191927,-0.0551996,0.0753936
56.5079,-0.0957629,0.1937,-0.0520764,0.0717468
56.5306,-0.0972099,0.193525,-0.0538101,0.0708831
56.5533,-0.0986394,0.189208,-0.0573934,0.0697786
56.576,-0.100051,0.191474,-0.0639171,0.0666584
56.5986,-0.101445,0.18477,-0.0718967,0.0653177
56.6213,-0.10282,0.183554,-0.066352,0.0632823
56.644,-0.104176,0.185552,-0.069388,0.0619597
56.6667,-0.105514,0.18033,-0.0736761,0.05962
56.6893,-0.106833,0.177357,-0.0814303,0.057869
56.712,-0.108133,0.186774,-0.0802975,0.0564358
56.7347,-0.109413,0.181704,-0.0770175,0.0539248
56.7574,-0.110673,0.180632,-0.087853,0.0528943
56.78,-0.111913,0.181162,-0.0902452,0.0505657
56.8027,-0.113134,0.17455,-0.0852813,0.047697
56.8254,-0.114333,0.180029,-0.0934905,0.0459434
56.8481,-0.115512,0.174744,-0.096991,0.0436926
56.8707,-0.116671,0.175753,-0.0921307,0.0419502
56.8934,-0.117808,0.168655,-0.10196,0.0406069
56.9161,-0.118924,0.169448,-0.100206,0.0396804
56.9388,-0.120018,0.168496,-0.106657,0.0371358
56.9615,-0.121091,0.164045,-0.112607,0.0356641
56.9841,-0.122142,0.170366,-0.102382,0.0319973
57.0068,-0.123171,0.166313,-0.109145,0.0303321
57.0295,-0.124178,0.161659,-0.112517,0.028961
57.0522,-0.125162,0.159867,-0.116002,0.0265625
57.0748,-0.126124,0.162322,-0.115797,0.0247071
57.0975,-0.127063,0.15967,-0.118528,0.0227072
57.1202,-0.127979,0.151393,-0.122034,0.0207051
57.1429,-0.128872,0.150309,-0.118785,0.0193339
57.1655,-0.129742,0.149741,-0.127396,0.0178772
57.1882,-0.130588,0.152009,-0.129173,0.0140763
57.2109,-0.131411,0.145325,-0.128017,0.0143265
57.2336,-0.13221,0.145597,-0.131389,0.0110549
57.2562,-0.132985,0.145176,-0.13504,0.010041
57.2789,-0.133736,0.147888,-0.133394,0.00631928
57.3016,-0.134463,0.137897,-0.13545,0.00462397
57.3243,-0.135165,0.136808,-0.138907,0.00354704
57.3469,-0.135843,0.142349,-0.135981,0.000316706
57.3696,-0.136497,0.134455,-0.141347,-0.000465589
57.3923,-0.137126,0.129244,-0.14333,-0.00174981
57.415,-0.13773,0.130644,-0.142431,-0.00661214
57.4376,-0.138309,0.127937,-0.145233,-0.00840234
57.4603,-0.138863,0.121199,-0.151544,-0.00967556
57.483,-0.139392,0.124753,-0.153744,-0.0114535
57.5057,-0.139896,0.118193,-0.158215,-0.0149693
57.5283,-0.140374,0.114279,-0.150927,-0.0176939
57.551,-0.140827,0.122895,-0.148568,-0.0185901
57.5737,-0.141255,0.114861,-0.161923,-0.0184652
57.5964,-0.141657,0.114022,-0.15875,-0.0216125
57.619,-0.142033,0.107844,-0.16039,-0.0244973
57.6417,-0.142383,0.105292,-0.157555,-0.0270275
57.6644,-0.142708,0.106452,-0.157659,-0.0267217
57.6871,-0.143006,0.103815,-0.169515,-0.0299576
57.7098,-0.143279,0.101929,-0.163573,-0.0319594
57.7324,-0.143526,0.098015,-0.16534,-0.0332252
57.7551,-0.143747,0.0969052,-0.169797,-0.0362413
57.7778,-0.143941,0.0969692,-0.170604,-0.0386411
57.8005,-0.14411,0.0906949,-0.17076,-0.0394658
57.8231,-0.144252,0.0886974,-0.173559,-0.0419377
57.8458,-0.144368,0.0884394,-0.169867,-0.0449746
57.8685,-0.144458,0.0827298,-0.171275,-0.0455634
57.8912,-0.144521,0.0828525,-0.170687,-0.048473
57.9138,-0.144558,0.0782595,-0.17727,-0.0491476
57.9365,-0.144569,0.0737135,-0.177137,-0.0512947
57.9592,-0.144554,0.0727922,-0.180797,-0.0541509
57.9819,-0.144512,0.0724472,-0.17878,-0.0559124
58.0045,-0.144444,0.0664955,-0.180968,-0.0580873
58.0272,-0.144349,0.0659813,-0.182902,-0.0587213
58.0499,-0.144228,0.0609424,-0.180981,-0.0619484
58.0726,-0.144081,0.0626992,-0.17977,-0.0628212
58.0952,-0.143908,0.0604483,-0.187133,-0.0646421
58.1179,-0.143708,0.0553673,-0.181289,-0.0669878
58.1406,-0.143482,0.0550355,-0.174543,-0.0700555
58.1633,-0.14323,0.0514903,-0.184273,-0.0699818
58.1859,-0.142952,0.047856,-0.184379,-0.0731466
58.2086,-0.142647,0.0458352,-0.183145,-0.0736616
58.2313,-0.142316,0.0410998,-0.185468,-0.075413
58.254,-0.14196,0.0349608,-0.187407,-0.0783995
58.2766,-0.141577,0.0414834,-0.185759,-0.0793638
58.2993,-0.141168,0.0331568,-0.186852,-0.0811168
58.322,-0.140734,0.0258739,-0.190672,-0.0836957
58.3447,-0.140273,0.0283498,-0.187342,-0.0846673
58.3673,-0.139787,0.0266297,-0.180563,-0.0867568
58.39,-0.139275,0.0257617,-0.183573,-0.0878197
58.4127,-0.138738,0.0221411,-0.192457,-0.0888996
58.4354,-0.138175,0.0180504,-0.188117,-0.0911167
58.458,-0.137586,0.0165635,-0.187227,-0.0920953
58.4807,-0.136973,0.015999,-0.184954,-0.0952378
58.5034,-0.136334,0.0129729,-0.18974,-0.0958735
58.5261,-0.13567,0.00478324,-0.189015,-0.09833
58.5488,-0.134981,0.00332747,-0.186599,-0.100582
58.5714,-0.134267,0.00705837,-0.186931,-0.101273
58.5941,-0.133528,-0.0017863,-0.190456,-0.101751
58.6168,-0.132765,0.000778938,-0.185964,-0.103786
58.6395,-0.131977,-0.00488271,-0.186988,-0.105334
58.6621,-0.131165,-0.00680316,-0.187099,-0.107701
58.6848,-0.130328,-0.00679915,-0.186506,-0.109839
58.7075,-0.129467,-0.00988305,-0.18111,-0.109054
58.7302,-0.128583,-0.0156611,-0.18588,-0.111996
58.7528,-0.127674,-0.0162782,-0.186596,-0.114395
58.7755,-0.126742,-0.0247228,-0.184432,-0.114092
58.7982,-0.125786,-0.0261545,-0.190529,-0.11548
58.8209,-0.124807,-0.0225956,-0.186669,-0.115826
58.8435,-0.123805,-0.0283317,-0.184876,-0.117554
58.8662,-0.122779,-0.0298405,-0.1848,-0.120095
58.8889,-0.121731,-0.0293771,-0.182023,-0.120439
58.9116,-0.12066,-0.0329373,-0.181171,-0.122475
58.9342,-0.119567,-0.0392308,-0.1804,-0.123202
58.9569,-0.118451,-0.0441568,-0.183049,-0.123259
58.9796,-0.117313,-0.043127,-0.177651,-0.124768
59.0023,-0.116153,-0.0474522,-0.179819,-0.127
59.0249,-0.114972,-0.0484545,-0.179756,-0.127254
59.0476,-0.113769,-0.0526658,-0.176915,-0.12856
59.0703,-0.112544,-0.053387,-0.177946,-0.129823
59.093,-0.111299,-0.0530171,-0.175937,-0.132634
59.1156,-0.110033,-0.0616364,-0.176793,-0.132583
59.1383,-0.108745,-0.0612241,-0.176721,-0.132547
59.161,-0.107438,-0.0617445,-0.173287,-0.13506
59.1837,-0.10611,-0.0633954,-0.172734,-0.135351
59.2063,-0.104762,-0.0627911,-0.171504,-0.135883
59.229,-0.103395,-0.068796,-0.173256,-0.13671
59.2517,-0.102008,-0.0719387,-0.169396,-0.138534
59.2744,-0.100601,-0.0736369,-0.165486,-0.138132
59.2971,-0.0991756,-0.0781825,-0.167364,-0.138398
59.3197,-0.0977314,-0.0784318,-0.167534,-0.140062
59.3424,-0.0962685,-0.0795195,-0.162866,-0.140497
59.3651,-0.0947874,-0.0865777,-0.165662,-0.141154
59.3878,-0.0932882,-0.085901,-0.157965,-0.142018
59.4104,-0.0917713,-0.0862299,-0.161412,-0.143665
59.4331,-0.0902368,-0.0893711,-0.158036,-0.145238
59.4558,-0.0886851,-0.0946484,-0.156895,-0.144702
59.4785,-0.0871164,-0.0929092,-0.157339,-0.145382
59.5011,-0.085531,-0.0957549,-0.155777,-0.146904
59.5238,-0.0839292,-0.0976725,-0.148249,-0.14606
59.5465,-0.0823113,-0.102232,-0.156026,-0.14691
59.5692,-0.0806774,-0.10467,-0.151344,-0.147044
59.5918,-0.0790281,-0.104603,-0.14868,-0.149116
59.6145,-0.0773634,-0.103308,-0.144912,-0.147906
59.6372,-0.0756838,-0.110639,-0.144216,-0.149399
59.6599,-0.0739895,-0.110643,-0.149657,-0.149688
59.6825,-0.0722808,-0.113953,-0.144777,-0.149009
59.7052,-0.070558,-0.115038,-0.141666,-0.149525
59.7279,-0.0688215,-0.11154,-0.137885,-0.150109
59.7506,-0.0670715,-0.119564,-0.13826,-0.150988
59.7732,-0.0653083,-0.120765,-0.134677,-0.151868
59.7959,-0.0635322,-0.120848,-0.135498,-0.150707
59.8186,-0.0617437,-0.121855,-0.131626,-0.151712
59.8413,-0.0599429,-0.124034,-0.13333,-0.151317
59.8639,-0.0581302,-0.128754,-0.127134,-0.151037
59.8866,-0.056306,-0.128153,-0.128967,-0.151305
59.9093,-0.0544705,-0.125744,-0.126942,-0.151977
59.932,-0.0526241,-0.129135,-0.121329,-0.151286
59.9546,-0.0507672,-0.134158,-0.1202,-0.151819
59.9773,-0.0489,-0.131269,-0.117962,-0.152574
60,-0.0470228,-0.138418,-0.120336,-0.151974
60.0227,-0.0451361,-0.138244,-0.118082,-0.151303
60.0454,-0.0432401,-0.138423,-0.112881,-0.151209
60.068,-0.0413353,-0.140466,-0.110947,-0.151824
60.0907,-0.0394219,-0.143304,-0.109587,-0.151347
60.1134,-0.0375003,-0.1424,-0.109063,-0.151985
60.1361,-0.0355708,-0.146857,-0.106504,-0.150502
60.1587,-0.0336337,-0.150232,-0.103989,-0.151869
60.1814,-0.0316896,-0.149241,-0.103095,-0.150127
60.2041,-0.0297386,-0.147454,-0.0999977,-0.149179
60.2268,-0.0277811,-0.150069,-0.0981547,-0.150583
60.2494,-0.0258175,-0.151456,-0.0968717,-0.149989
60.2721,-0.0238482,-0.155585,-0.093325,-0.148821
60.2948,-0.0218735,-0.15271,-0.0926948,-0.147903
60.3175,-0.0198937,-0.156828,-0.0858911,-0.14857
60.3401,-0.0179093,-0.15391,-0.083601,-0.148555
60.3628,-0.0159206,-0.159709,-0.0838025,-0.147422
60.3855,-0.0139279,-0.162446,-0.0815169,-0.147234
60.4082,-0.0119316,-0.162715,-0.0820211,-0.145949
60.4308,-0.00993203,-0.160714,-0.0773982,-0.145813
60.4535,-0.00792965,-0.160125,-0.0762086,-0.143921
60.4762,-0.00592477,-0.161802,-0.076346,-0.144842
60.4989,-0.00391775,-0.164086,-0.0708563,-0.144767
60.5215,-0.00190899,-0.164144,-0.0699986,-0.142581
60.5442,0.000101186,-0.15682,-0.0624748,-0.142075
60.5669,0.00211237,-0.162749,-0.0642667,-0.142568
60.5896,0.00412422,-0.167869,-0.0655436,-0.139732
60.6122,0.00613634,-0.168325,-0.0600175,-0.139961
60.6349,0.00814838,-0.165006,-0.0566834,-0.138417
60.6576,0.01016,-0.16761,-0.0518101,-0.13667
60.6803,0.0121707,-0.170769,-0.0557636,-0.137417
60.7029,0.0141803,-0.172272,-0.0511532,-0.137666
60.7256,0.0161883,-0.169913,-0.0477065,-0.135422
60.7483,0.0181943,-0.170571,-0.0489742,-0.134236
60.771,0.020198,-0.172468,-0.044489,-0.133793
60.7937,0.0221991,-0.173599,-0.0427767,-0.131758
60.8163,0.0241971,-0.170238,-0.0398569,-0.132229
60.839,0.0261917,-0.172544,-0.0328225,-0.130387
60.8617,0.0281824,-0.1722,-0.0319916,-0.128493
60.8844,0.030169,-0.17155,-0.0300028,-0.127923
60.907,0.0321511,-0.16981,-0.0304277,-0.127474
60.9297,0.0341282,-0.17624,-0.0298829,-0.124771
60.9524,0.0361001,-0.17844,-0.0256125,-0.125383
60.9751,0.0380663,-0.173734,-0.020255,-0.123515
60.9977,0.0400266,-0.177189,-0.018008,-0.122187
61.0204,0.0419804,-0.176047,-0.0149938,-0.121019
61.0431,0.0439275,-0.172806,-0.013698,-0.119513
61.0658,0.0458674,-0.17469,-0.00914841,-0.118366
61.0884,0.0477999,-0.172866,-0.00603609,-0.117415
61.1111,0.0497246,-0.177372,-0.0058268,-0.115992
61.1338,0.051641,-0.177054,-0.00458034,-0.114408
61.1565,0.0535489,-0.176695,-0.00472596,-0.112733
61.1791,0.0554479,-0.172828,0.00562573,-0.110547
61.2018,0.0573375,-0.176025,0.00418052,-0.109386
61.2245,0.0592175,-0.176952,0.00164891,-0.108735
61.2472,0.0610876,-0.176216,0.00507747,-0.107093
61.2698,0.0629472,-0.177021,0.0107055,-0.105534
61.2925,0.0647962,-0.177796,0.00710147,-0.103626
61.3152,0.0666341,-0.17736,0.00966605,-0.100828
61.3379,0.0684606,-0.171647,0.0170517,-0.0999889
61.3605,0.0702753,-0.175176,0.0202842,-0.0990086
61.3832,0.072078,-0.17098,0.0228358,-0.0969218
61.4059,0.0738681,-0.174122,0.0246404,-0.0950647
61.4286,0.0756455,-0.170465,0.0285268,-0.0939631
61.4512,0.0774098,-0.171564,0.0289322,-0.093128
61.4739,0.0791606,-0.172711,0.0286608,-0.0911409
61.4966,0.0808975,-0.171565,0.034976,-0.0888814
61.5193,0.0826204,-0.166483,0.037058,-0.0867096
61.542,0.0843287,-0.170319,0.0369191,-0.085377
61.5646,0.0860223,-0.167404,0.0394188,-0.0837164
61.5873,0.0877007,-0.16636,0.0433789,-0.0815127
61.61,0.0893637,-0.166533,0.0434021,-0.0803861
61.6327,0.0910109,-0.167529,0.0458159,-0.077884
61.6553,0.0926419,-0.169939,0.0475482,-0.0768771
61.678,0.0942566,-0.161669,0.0561399,-0.0733508
61.7007,0.0958545,-0.164475,0.0538613,-0.0725479
61.7234,0.0974354,-0.162994,0.0558425,-0.0709851
61.746,0.0989989,-0.162685,0.0572444,-0.067894
61.7687,0.100545,-0.16298,0.060895,-0.0671988
61.7914,0.102073,-0.160707,0.0634018,-0.0642028
61.8141,0.103582,-0.158175,0.0610822,-0.0623948
61.8367,0.105073,-0.156727,0.0685738,-0.0613275
61.8594,0.106546,-0.158135,0.069134,-0.0582546
61.8821,0.107999,-0.154133,0.0702996,-0.0576595
61.9048,0.109432,-0.158543,0.0738308,-0.0542189
61.9274,0.110846,-0.154989,0.0752806,-0.0533063
61.9501,0.11224,-0.155646,0.0762235,-0.0518085
61.9728,0.113614,-0.153982,0.0803644,-0.0494491
61.9955,0.114967,-0.150447,0.080464,-0.0465816
62.0181,0.116299,-0.14785,0.0814636,-0.0444066
62.0408,0.117611,-0.148941,0.0859351,-0.0427917
62.0635,0.118901,-0.148099,0.0866627,-0.040647
62.0862,0.120169,-0.14743,0.0900746,-0.038191
62.1088,0.121415,-0.149119,0.0934692,-0.0368527
62.1315,0.122639,-0.142489,0.0958472,-0.0333186
62.1542,0.123841,-0.140294,0.0990556,-0.0325514
62.1769,0.125021,-0.138131,0.0969327,-0.0304081
62.1995,0.126177,-0.1392,0.0976903,-0.0284193
62.2222,0.12731,-0.136607,0.10052,-0.0262067
62.2449,0.12842,-0.135871,0.101821,-0.0243467
62.2676,0.129507,-0.135645,0.105853,-0.0210486
62.2902,0.130569,-0.132889,0.106551,-0.0203104
62.3129,0.131608,-0.132516,0.107242,-0.0167185
62.3356,0.132623,-0.135723,0.111771,-0.0148501
62.3583,0.133613,-0.129193,0.111211,-0.0141518
62.381,0.134578,-0.12868,0.116742,-0.011258
62.4036,0.135518,-0.125619,0.115856,-0.00791294
62.4263,0.136434,-0.123308,0.113505,-0.00525343
62.449,0.137324,-0.123181,0.116187,-0.00424086
62.4717,0.138189,-0.122222,0.119127,-0.0028795
62.4943,0.139028,-0.121108,0.119413,0.00034711
62.517,0.139842,-0.117727,0.125244,0.00270595
62.5397,0.140629,-0.112919,0.126379,0.00592361
62.5624,0.141391,-0.115552,0.121857,0.00748404
62.585,0.142126,-0.113589,0.127969,0.00894549
62.6077,0.142835,-0.109735,0.127273,0.0116877
62.6304,0.143517,-0.10436,0.131887,0.0138633
62.6531,0.144172,-0.108669,0.134928,0.0148467
62.6757,0.1448,-0.106163,0.132103,0.0170733
62.6984,0.145402,-0.101864,0.135206,0.0197521
62.7211,0.145976,-0.0965364,0.139849,0.0213958
62.7438,0.146522,-0.0957874,0.140194,0.0244947
62.7664,0.147042,-0.100084,0.136674,0.0268721
62.7891,0.147533,-0.0925741,0.141259,0.0289393
62.8118,0.147997,-0.0929118,0.139142,0.0308031
62.8345,0.148434,-0.0947083,0.142104,0.0332476
62.8571,0.148842,-0.0872862,0.142777,0.0346769
62.8798,0.149222,-0.0844982,0.146482,0.036108
62.9025,0.149574,-0.0851872,0.146048,0.0400056
62.9252,0.149898,-0.0822988,0.143089,0.0413038
62.9478,0.150194,-0.0802595,0.147675,0.0434477
62.9705,0.150461,-0.0785729,0.148568,0.0454328
62.9932,0.1507,-0.0814209,0.14996,0.0474619
63.0159,0.15091,-0.074335,0.152924,0.0502977
63.0385,0.151092,-0.0743068,0.151123,0.0524401
63.0612,0.151245,-0.0718525,0.154203,0.0536031
63.0839,0.151369,-0.0630368,0.15796,0.0557527
63.1066,0.151464,-0.0677699,0.153598,0.0580543
63.1293,0.151531,-0.0640206,0.154402,0.0601658
63.1519,0.151569,-0.0608976,0.155766,0.0616179
63.1746,0.151578,-0.0622058,0.158737,0.0639597
63.1973,0.151558,-0.0577862,0.155373,0.0648189
63.22,0.151509,-0.0585534,0.156683,0.0675478
63.2426,0.151432,-0.0520647,0.162755,0.0707702
63.2653,0.151325,-0.0476907,0.159577,0.0719037
63.288,0.151189,-0.0494002,0.158933,0.0738512
63.3107,0.151024,-0.0443604,0.161989,0.0767126
63.3333,0.150831,-0.0445484,0.162205,0.0777041
63.356,0.150608,-0.0438091,0.162276,0.0803479
63.3787,0.150357,-0.038595,0.16469,0.0822028
63.4014,0.150076,-0.0359978,0.160291,0.0851481
63.424,0.149767,-0.0308688,0.163631,0.0859434
63.4467,0.149429,-0.0292574,0.16375,0.087571
63.4694,0.149062,-0.033272,0.162982,0.0894979
63.4921,0.148666,-0.0266995,0.166825,0.0913319
63.5147,0.148242,-0.0272591,0.162752,0.0928871
63.5374,0.147788,-0.0247798,0.164538,0.0952708
63.5601,0.147307,-0.0220646,0.163652,0.0969381
63.5828,0.146796,-0.0206867,0.163586,0.0994234
63.6054,0.146257,-0.0166255,0.166317,0.100326
63.6281,0.14569,-0.0190906,0.163195,0.102872
63.6508,0.145095,-0.013584,0.164226,0.104345
63.6735,0.144471,-0.00950258,0.168412,0.105158
63.6961,0.143819,-0.0101369,0.167075,0.10681
63.7188,0.143139,-0.0071626,0.166766,0.108366
63.7415,0.142431,-0.00350269,0.169277,0.108986
63.7642,0.141695,-0.00255881,0.168931,0.110812
63.7868,0.140932,-3.02716e-05,0.167574,0.112674
63.8095,0.140141,0.00438736,0.164007,0.115612
63.8322,0.139322,0.00380511,0.164456,0.116755
63.8549,0.138476,0.00966132,0.16569,0.119121
63.8776,0.137603,0.0101849,0.164351,0.118934
63.9002,0.136703,0.0123131,0.167913,0.119933
63.9229,0.135776,0.0176986,0.164226,0.122702
63.9456,0.134822,0.0168152,0.163649,0.124692
63.9683,0.133842,0.0176911,0.165999,0.12484
63.9909,0.132835,0.0226578,0.162265,0.127157
64.0136,0.131802,0.0252482,0.164281,0.127212
64.0363,0.130742,0.0282993,0.163652,0.129933
64.059,0.129657,0.025863,0.158172,0.130681
64.0816,0.128546,0.0303583,0.162864,0.131418
64.1043,0.127409,0.0316345,0.161065,0.132873
64.127,0.126247,0.0355935,0.160448,0.134635
64.1497,0.12506,0.0367376,0.1565,0.136126
64.1723,0.123848,0.0409474,0.159872,0.136702
64.195,0.122611,0.0403766,0.156754,0.138742
64.2177,0.12135,0.0439071,0.157808,0.13899
64.2404,0.120064,0.0475141,0.160127,0.140349
64.263,0.118755,0.04988,0.157814,0.14122
64.2857,0.117421,0.0505264,0.156273,0.142776
64.3084,0.116064,0.0496495,0.157159,0.143252
64.3311,0.114683,0.0538959,0.158099,0.143592
64.3537,0.113279,0.0554059,0.155096,0.145195
64.3764,0.111852,0.0554081,0.1578,0.14578
64.3991,0.110403,0.058335,0.152368,0.14685
64.4218,0.108931,0.0569247,0.149484,0.148136
64.4444,0.107437,0.0655442,0.150723,0.148527
64.4671,0.105921,0.0673961,0.151805,0.149646
64.4898,0.104384,0.0676243,0.149677,0.150185
64.5125,0.102825,0.072417,0.147811,0.151085
64.5351,0.101245,0.072679,0.146918,0.152219
64.5578,0.0996444,0.0724644,0.14774,0.152065
64.5805,0.0980233,0.0766646,0.145967,0.153141
64.6032,0.096382,0.0765754,0.146771,0.154053
64.6259,0.0947208,0.078176,0.141618,0.154262
64.6485,0.0930401,0.0837645,0.140057,0.155705
64.6712,0.09134,0.078536,0.136546,0.156276
64.6939,0.089621,0.0841539,0.139457,0.155972
64.7166,0.0878833,0.0872504,0.138577,0.157277
64.7392,0.0861273,0.0862888,0.137519,0.157467
64.7619,0.0843532,0.0916768,0.134592,0.15815
64.7846,0.0825614,0.0917044,0.132624,0.157882
64.8073,0.0807523,0.0952977,0.13534,0.157984
64.8299,0.0789262,0.0971974,0.131492,0.159139
64.8526,0.0770833,0.0973133,0.128619,0.158443
64.8753,0.0752241,0.097615,0.127604,0.158965
64.898,0.0733488,0.10264,0.128783,0.159574
64.9206,0.0714579,0.1022,0.124726,0.159569
64.9433,0.0695517,0.10397,0.119281,0.159668
64.966,0.0676305,0.107555,0.119695,0.161323
64.9887,0.0656946,0.109395,0.120816,0.16053
65.0113,0.0637446,0.108454,0.120628,0.159882
65.034,0.0617806,0.11157,0.116834,0.160224
65.0567,0.0598031,0.118704,0.120025,0.159969
65.0794,0.0578125,0.115551,0.115635,0.160418
65.102,0.0558091,0.112482,0.114274,0.16044
65.1247,0.0537933,0.11974,0.112498,0.159929
65.1474,0.0517655,0.118888,0.108344,0.160141
65.1701,0.049726,0.117984,0.107793,0.160144
65.1927,0.0476753,0.122843,0.103635,0.159995
65.2154,0.0456137,0.12037,0.106875,0.160218
65.2381,0.0435416,0.124805,0.105563,0.158511
65.2608,0.0414594,0.128115,0.100895,0.159342
65.2834,0.0393676,0.124014,0.0990866,0.158859
65.3061,0.0372664,0.126417,0.0976652,0.159238
65.3288,0.0351563,0.130132,0.0983561,0.157954
65.3515,0.0330377,0.130037,0.0969734,0.157757
65.3741,0.0309111,0.134956,0.0927512,0.157424
65.3968,0.0287767,0.132423,0.090228,0.157409
65.4195,0.0266351,0.130168,0.089032,0.155033
65.4422,0.0244865,0.135655,0.0858646,0.156485
65.4649,0.0223316,0.135689,0.0831497,0.155502
65.4875,0.0201705,0.135663,0.083424,0.154289
65.5102,0.0180039,0.138139,0.0814923,0.154964
65.5329,0.015832,0.139679,0.0786269,0.153711
65.5556,0.0136553,0.14256,0.0773848,0.152871
65.5782,0.0114742,0.139668,0.0757745,0.152119
65.6009,0.00928914,0.14361,0.0763264,0.150397
65.6236,0.00710054,0.141447,0.0734079,0.150216
65.6463,0.00490883,0.142225,0.0715745,0.150056
65.6689,0.00271443,0.144601,0.0660491,0.148998
65.6916,0.000517741,0.147155,0.0677974,0.147611
65.7143,-0.00168078,0.145952,0.0633903,0.147977
65.737,-0.00388072,0.146079,0.0609229,0.146485
65.7596,-0.00608165,0.145378,0.0587618,0.145063
65.7823,-0.00828315,0.150354,0.0578823,0.144529
65.805,-0.0104848,0.150338,0.0567048,0.143675
65.8277,-0.0126861,0.148495,0.0544438,0.142872
65.8503,-0.0148867,0.152013,0.0521275,0.14209
65.873,-0.0170861,0.151434,0.0473507,0.141508
65.8957,-0.019284,0.15445,0.0483405,0.138827
65.9184,-0.0214799,0.151518,0.0460533,0.137989
65.941,-0.0236732,0.150104,0.0411251,0.136788
65.9637,-0.0258638,0.15524,0.0434522,0.134722
65.9864,-0.028051,0.156287,0.0381547,0.134065
66.0091,-0.0302344,0.152376,0.0382352,0.133041
66.0317,-0.0324137,0.154849,0.0326881,0.13177
66.0544,-0.0345884,0.154126,0.0302972,0.131032
66.0771,-0.036758,0.15753,0.0301114,0.128624
66.0998,-0.0389222,0.154997,0.0280545,0.126667
66.1224,-0.0410805,0.158061,0.026094,0.125946
66.1451,-0.0432325,0.156924,0.0262701,0.124563
66.1678,-0.0453777,0.157179,0.0180148,0.12324
66.1905,-0.0475158,0.162365,0.0200021,0.121445
66.2132,-0.0496462,0.157314,0.0183414,0.120209
66.2358,-0.0517686,0.156605,0.0151833,0.119038
66.2585,-0.0538826,0.159389,0.0139442,0.117046
66.2812,-0.0559877,0.159029,0.0113048,0.116403
66.3039,-0.0580835,0.156674,0.00762375,0.114521
66.3265,-0.0601696,0.159113,0.00994764,0.112088
66.3492,-0.0622456,0.157062,0.00414031,0.111005
66.3719,-0.064311,0.15772,0.00119972,0.109517
66.3946,-0.0663654,0.159372,-0.00184279,0.108131
66.4172,-0.0684085,0.158885,0.00121292,0.105761
66.4399,-0.0704397,0.15835,-0.0009483,0.103427
66.4626,-0.0724588,0.159256,-0.00787627,0.102153
66.4853,-0.0744652,0.156052,-0.00761432,0.100471
66.5079,-0.0764587,0.155044,-0.0117774,0.0988367
66.5306,-0.0784387,0.156523,-0.0131123,0.0958541
66.5533,-0.0804049,0.156862,-0.0115247,0.0951463
66.576,-0.0823568,0.153334,-0.020964,0.0935193
66.5986,-0.0842941,0.154871,-0.0224289,0.0911456
66.6213,-0.0862164,0.15455,-0.018657,0.089606
66.644,-0.0881234,0.154487,-0.0217282,0.0873201
66.6667,-0.0900144,0.155512,-0.0253771,0.0856265
66.6893,-0.0918893,0.156068,-0.0263914,0.0834081
66.712,-0.0937477,0.153855,-0.0274181,0.0814056
66.7347,-0.095589,0.151645,-0.0291077,0.0794905
66.7574,-0.097413,0.153068,-0.0324587,0.0778673
66.78,-0.0992194,0.155507,-0.0370664,0.075681
66.8027,-0.101008,0.154459,-0.0377426,0.0735424
66.8254,-0.102777,0.151531,-0.0384618,0.0713142
66.8481,-0.104528,0.148273,-0.0420238,0.0693978
66.8707,-0.10626,0.153633,-0.0429032,0.0663334
66.8934,-0.107972,0.149146,-0.0462094,0.0647901
66.9161,-0.109665,0.151992,-0.0484406,0.0630898
66.9388,-0.111337,0.146786,-0.0510976,0.0610775
66.9615,-0.112988,0.148387,-0.050839,0.0582313
66.9841,-0.114618,0.147408,-0.0559448,0.0567326
67.0068,-0.116228,0.146201,-0.0560263,0.0550255
67.0295,-0.117815,0.146608,-0.0568338,0.0521616
67.0522,-0.119381,0.143375,-0.0590834,0.0498288
67.0748,-0.120924,0.141479,-0.0634227,0.0478265
67.0975,-0.122444,0.143296,-0.0655364,0.0453927
67.1202,-0.123942,0.142738,-0.065255,0.0435449
67.1429,-0.125417,0.138829,-0.0696237,0.0416094
67.1655,-0.126867,0.1381,-0.0709098,0.0387184
67.1882,-0.128294,0.14244,-0.0682631,0.0364484
67.2109,-0.129697,0.137354,-0.0740942,0.0335991
67.2336,-0.131075,0.136111,-0.0755482,0.0318239
67.2562,-0.132428,0.135775,-0.0754919,0.0296579
67.2789,-0.133757,0.136135,-0.0772461,0.0270441
67.3016,-0.13506,0.132983,-0.0800607,0.0250772
67.3243,-0.136337,0.131773,-0.0816628,0.0220824
67.3469,-0.137588,0.131135,-0.0821212,0.0212471
67.3696,-0.138813,0.129573,-0.0861474,0.0179938
67.3923,-0.140012,0.130254,-0.0897657,0.0157628
67.415,-0.141184,0.128336,-0.0914192,0.0139768
67.4376,-0.142329,0.12747,-0.089905,0.0107568
67.4603,-0.143446,0.1238,-0.0933132,0.00894676
67.483,-0.144536,0.122849,-0.094039,0.0065702
67.5057,-0.145599,0.124251,-0.0946121,0.00467395
67.5283,-0.146633,0.122427,-0.0953101,0.00212773
67.551,-0.147639,0.117686,-0.0968574,-0.000480107
67.5737,-0.148617,0.118088,-0.101156,-0.00291135
67.5964,-0.149566,0.118429,-0.102307,-0.00546084
67.619,-0.150486,0.115314,-0.104272,-0.00775579
67.6417,-0.151377,0.11082,-0.106652,-0.0102792
67.6644,-0.152238,0.110059,-0.10913,-0.012152
67.6871,-0.15307,0.11198,-0.108359,-0.0144699
67.7098,-0.153873,0.11127,-0.111583,-0.0170406
67.7324,-0.154645,0.105365,-0.109982,-0.0192503
67.7551,-0.155388,0.106179,-0.10949,-0.0216347
67.7778,-0.1561,0.105248,-0.115074,-0.0233954
67.8005,-0.156782,0.10276,-0.117321,-0.0263587
67.8231,-0.157433,0.10301,-0.116565,-0.028867
67.8458,-0.158054,0.100664,-0.116729,-0.0312966
67.8685,-0.158643,0.0975269,-0.119126,-0.0331608
67.8912,-0.159202,0.0935059,-0.121934,-0.0354952
67.9138,-0.159729,0.0974428,-0.121643,-0.0379915
67.9365,-0.160225,0.0930646,-0.123424,-0.0407645
67.9592,-0.16069,0.0902518,-0.123316,-0.0427714
67.9819,-0.161123,0.0893712,-0.123545,-0.0443902
68.0045,-0.161524,0.088683,-0.128121,-0.046988
68.0272,-0.161894,0.087891,-0.127599,-0.0493898
68.0499,-0.162231,0.0842542,-0.128233,-0.0517411
68.0726,-0.162537,0.0834592,-0.124673,-0.0543208
68.0952,-0.16281,0.0810241,-0.131377,-0.0560077
68.1179,-0.163052,0.0793365,-0.132581,-0.0587397
68.1406,-0.163261,0.0750268,-0.134463,-0.0607482
68.1633,-0.163437,0.0778263,-0.13226,-0.063488
68.1859,-0.163581,0.0744374,-0.137314,-0.0642978
68.2086,-0.163693,0.0688062,-0.139461,-0.067018
68.2313,-0.163773,0.070237,-0.138488,-0.0689881
68.254,-0.163819,0.0686147,-0.139623,-0.0712142
68.2766,-0.163833,0.0687006,-0.13718,-0.0744902
68.2993,-0.163815,0.0643056,-0.141156,-0.0753436
68.322,-0.163764,0.0656669,-0.139265,-0.0786249
68.3447,-0.16368,0.0600472,-0.143097,-0.080298
68.3673,-0.163563,0.0572157,-0.144415,-0.0822847
68.39,-0.163414,0.0552312,-0.143521,-0.084188
68.4127,-0.163232,0.0548547,-0.143139,-0.0858472
68.4354,-0.163017,0.0518785,-0.143992,-0.0888668
68.458,-0.162769,0.0493439,-0.146149,-0.0902835
68.4807,-0.162489,0.0493345,-0.143186,-0.0927735
68.5034,-0.162176,0.0477853,-0.14712,-0.0943217
68.5261,-0.161831,0.0450251,-0.146848,-0.0969531
68.5488,-0.161453,0.0417555,-0.14643,-0.0982202
68.5714,-0.161042,0.0381948,-0.146626,-0.1007
68.5941,-0.160599,0.0389625,-0.146395,-0.102543
68.6168,-0.160123,0.0379149,-0.147071,-0.104452
68.6395,-0.159615,0.0356331,-0.146829,-0.106295
68.6621,-0.159075,0.0315298,-0.149755,-0.108151
68.6848,-0.158503,0.0287706,-0.150677,-0.110086
68.7075,-0.157898,0.0292404,-0.148725,-0.111799
68.7302,-0.157261,0.026174,-0.152951,-0.112984
68.7528,-0.156593,0.0238565,-0.149601,-0.115496
68.7755,-0.155892,0.0218466,-0.151626,-0.11654
68.7982,-0.15516,0.0191885,-0.152472,-0.118571
68.8209,-0.154396,0.0188898,-0.151298,-0.1204
68.8435,-0.153601,0.0163106,-0.151087,-0.122153
68.8662,-0.152774,0.012812,-0.151544,-0.124426
68.8889,-0.151916,0.0115559,-0.148815,-0.125689
68.9116,-0.151027,0.0120226,-0.151916,-0.126686
68.9342,-0.150106,0.00597194,-0.155739,-0.128892
68.9569,-0.149156,0.00588154,-0.152919,-0.130713
68.9796,-0.148174,4.70831e-05,-0.151727,-0.131431
69.0023,-0.147162,0.000742229,-0.152635,-0.132609
69.0249,-0.14612,8.33171e-05,-0.152366,-0.133791
69.0476,-0.145047,-0.00270428,-0.153689,-0.136698
69.0703,-0.143945,-0.00406839,-0.149156,-0.138126
69.093,-0.142813,-0.00553293,-0.152835,-0.138574
69.1156,-0.141651,-0.00683041,-0.150524,-0.140309
69.1383,-0.14046,-0.0107801,-0.152579,-0.141462
69.161,-0.13924,-0.0134368,-0.150267,-0.143289
69.1837,-0.137991,-0.0136728,-0.151022,-0.144769
69.2063,-0.136713,-0.0172075,-0.150213,-0.145786
69.229,-0.135407,-0.0180753,-0.149619,-0.147017
69.2517,-0.134073,-0.020431,-0.153095,-0.147979
69.2744,-0.132711,-0.0237803,-0.15159,-0.149508
69.2971,-0.13132,-0.0270328,-0.151386,-0.150011
69.3197,-0.129903,-0.0266339,-0.148982,-0.151598
69.3424,-0.128458,-0.0280735,-0.148723,-0.152155
69.3651,-0.126986,-0.0313347,-0.148405,-0.153684
69.3878,-0.125488,-0.0329699,-0.14601,-0.155457
69.4104,-0.123963,-0.0359674,-0.147993,-0.155933
69.4331,-0.122412,-0.0364632,-0.147606,-0.157126
69.4558,-0.120836,-0.0383873,-0.144661,-0.157334
69.4785,-0.119233,-0.0435184,-0.144297,-0.158291
69.5011,-0.117606,-0.0442247,-0.147029,-0.159485
69.5238,-0.115953,-0.0456188,-0.144918,-0.160497
69.5465,-0.114276,-0.048512,-0.142706,-0.161386
69.5692,-0.112575,-0.0487193,-0.143326,-0.16202
69.5918,-0.110849,-0.0508393,-0.141257,-0.163079
69.6145,-0.1091,-0.0532469,-0.141407,-0.163374
69.6372,-0.107328,-0.0516913,-0.140101,-0.163715
69.6599,-0.105533,-0.0538096,-0.138607,-0.165313
69.6825,-0.103715,-0.0574577,-0.137056,-0.165294
69.7052,-0.101874,-0.0613052,-0.137074,-0.16607
69.7279,-0.100012,-0.0624908,-0.136264,-0.166569
69.7506,-0.0981279,-0.066291,-0.138385,-0.167073
69.7732,-0.0962227,-0.0677934,-0.13563,-0.167591
69.7959,-0.0942966,-0.0676985,-0.13324,-0.168227
69.8186,-0.09235,-0.0695322,-0.133292,-0.167707
69.8413,-0.0903833,-0.0720252,-0.135379,-0.168393
69.8639,-0.0883968,-0.0738468,-0.133933,-0.168519
69.8866,-0.0863909,-0.0777132,-0.131906,-0.168819
69.9093,-0.084366,-0.0767544,-0.127213,-0.170123
69.932,-0.0823226,-0.0773111,-0.127193,-0.169621
69.9546,-0.0802609,-0.0817322,-0.125729,-0.169658
69.9773,-0.0781814,-0.0783903,-0.123512,-0.17034
70,-0.0760845,-0.0823165,-0.124452,-0.170081
70.0227,-0.0739707,-0.0865467,-0.122527,-0.170929
70.0454,-0.0718402,-0.0875262,-0.124787,-0.170005
70.068,-0.0696936,-0.0904035,-0.122691,-0.17049
70.0907,-0.0675312,-0.0926982,-0.119626,-0.17097
70.1134,-0.0653536,-0.092105,-0.117876,-0.170541
70.1361,-0.063161,-0.0910646,-0.117116,-0.170401
70.1587,-0.0609539,-0.0931898,-0.114873,-0.170252
70.1814,-0.0587329,-0.0942429,-0.115385,-0.170627
70.2041,-0.0564982,-0.100791,-0.11308,-0.170173
70.2268,-0.0542504,-0.0977556,-0.109738,-0.170106
70.2494,-0.0519898,-0.100659,-0.109689,-0.169839
70.2721,-0.0497171,-0.10464,-0.108744,-0.169382
70.2948,-0.0474325,-0.105261,-0.107769,-0.168843
70.3175,-0.0451365,-0.104559,-0.105853,-0.168511
70.3401,-0.0428296,-0.10638,-0.105587,-0.167918
70.3628,-0.0405123,-0.107488,-0.105861,-0.167876
70.3855,-0.038185,-0.110938,-0.101709,-0.167225
70.4082,-0.0358481,-0.111283,-0.101014,-0.166982
70.4308,-0.0335022,-0.112236,-0.0975433,-0.166911
70.4535,-0.0311477,-0.112551,-0.0955138,-0.165964
70.4762,-0.0287851,-0.115789,-0.0948449,-0.164534
70.4989,-0.0264149,-0.114029,-0.0934429,-0.164735
70.5215,-0.0240374,-0.115995,-0.0915488,-0.163862
70.5442,-0.0216533,-0.119032,-0.0914963,-0.163414
70.5669,-0.0192629,-0.121355,-0.0900723,-0.162578
70.5896,-0.0168668,-0.121841,-0.0872815,-0.161816
70.6122,-0.0144655,-0.124274,-0.0842419,-0.161036
70.6349,-0.0120593,-0.12321,-0.0844494,-0.160553
70.6576,-0.00964891,-0.124199,-0.0838756,-0.159505
70.6803,-0.00723469,-0.124907,-0.0815579,-0.15828
70.7029,-0.00481713,-0.126066,-0.0761908,-0.157736
70.7256,-0.00239675,-0.126645,-0.0766676,-0.156458
70.7483,2.59727e-05,-0.127626,-0.0740498,-0.155016
70.771,0.00245054,-0.130573,-0.0756541,-0.155172
70.7937,0.00487646,-0.130785,-0.069218,-0.153463
70.8163,0.00730326,-0.131034,-0.0670953,-0.152402
70.839,0.00973042,-0.132076,-0.0671421,-0.151274
70.8617,0.0121575,-0.133675,-0.0659697,-0.150308
70.8844,0.0145839,-0.134328,-0.0641539,-0.148724
70.907,0.0170092,-0.136285,-0.0644946,-0.148063
70.9297,0.0194329,-0.136332,-0.0604624,-0.146763
70.9524,0.0218545,-0.13496,-0.056265,-0.144899
70.9751,0.0242735,-0.135016,-0.0567773,-0.143349
70.9977,0.0266894,-0.140293,-0.0560193,-0.142629
71.0204,0.0291018,-0.139336,-0.0517393,-0.141519
71.0431,0.03151,-0.141092,-0.0507524,-0.139791
71.0658,0.0339137,-0.138431,-0.0482553,-0.138087
71.0884,0.0363123,-0.141297,-0.0484838,-0.136996
71.1111,0.0387054,-0.142948,-0.0465495,-0.135613
71.1338,0.0410924,-0.140971,-0.0437842,-0.13364
71.1565,0.0434728,-0.142438,-0.0419268,-0.132197
71.1791,0.0458462,-0.143667,-0.0386473,-0.130894
71.2018,0.0482121,-0.142412,-0.0361253,-0.128789
71.2245,0.0505699,-0.143868,-0.0339155,-0.12732
71.2472,0.0529193,-0.144006,-0.0336341,-0.125848
71.2698,0.0552596,-0.144524,-0.0290662,-0.124003
71.2925,0.0575905,-0.145251,-0.0265971,-0.122551
71.3152,0.0599113,-0.14658,-0.0275721,-0.120994
71.3379,0.0622218,-0.146444,-0.0237794,-0.1198
71.3605,0.0645213,-0.14699,-0.024333,-0.117148
71.3832,0.0668094,-0.143112,-0.022004,-0.115279
71.4059,0.0690856,-0.148772,-0.0206456,-0.113822
71.4286,0.0713495,-0.147225,-0.016028,-0.112224
71.4512,0.0736005,-0.14652,-0.016074,-0.109925
71.4739,0.0758382,-0.147251,-0.0132389,-0.107997
71.4966,0.0780622,-0.148348,-0.0116213,-0.10587
71.5193,0.0802718,-0.145738,-0.00809542,-0.10395
71.542,0.0824668,-0.147148,-0.00589688,-0.102148
71.5646,0.0846466,-0.146273,-0.00699333,-0.0997001
71.5873,0.0868108,-0.147622,-0.00346986,-0.0981054
71.61,0.0889589,-0.149081,-0.000397309,-0.0960865
71.6327,0.0910905,-0.146783,0.000911653,-0.0936131
71.6553,0.093205,-0.14674,0.0033193,-0.0921468
71.678,0.0953022,-0.149919,0.0038382,-0.0897927
71.7007,0.0973814,-0.14748,0.0073509,-0.0874222
71.7234,0.0994423,-0.147977,0.00835768,-0.0856087
71.746,0.101484,-0.148034,0.0125183,-0.0833177
71.7687,0.103507,-0.148253,0.0113594,-0.0811295
71.7914,0.105511,-0.147192,0.0154697,-0.0792704
71.8141,0.107494,-0.144694,0.018334,-0.0767002
71.8367,0.109457,-0.145948,0.0204,-0.0746073
71.8594,0.111399,-0.144089,0.0209338,-0.0716944
71.8821,0.113319,-0.144753,0.022297,-0.0698679
71.9048,0.115218,-0.144382,0.0245915,-0.0676557
71.9274,0.117095,-0.145952,0.0267345,-0.0652002
71.9501,0.118949,-0.144464,0.0288623,-0.0629208
71.9728,0.12078,-0.141502,0.0321421,-0.0606289
71.9955,0.122588,-0.142725,0.0317565,-0.0583445
72.0181,0.124372,-0.143924,0.0348325,-0.0561476
72.0408,0.126132,-0.142855,0.0351303,-0.05388
72.0635,0.127868,-0.140506,0.0392455,-0.0511973
72.0862,0.129579,-0.140203,0.0417384,-0.0492403
72.1088,0.131264,-0.142035,0.0439406,-0.0462197
72.1315,0.132924,-0.142266,0.0438286,-0.044086
72.1542,0.134558,-0.138424,0.0485043,-0.0414607
72.1769,0.136165,-0.138875,0.0500246,-0.0393478
72.1995,0.137746,-0.139308,0.0496924,-0.0361284
72.2222,0.1393,-0.137773,0.0507295,-0.034278
72.2449,0.140827,-0.139404,0.052953,-0.0321308
72.2676,0.142325,-0.136555,0.0566676,-0.029742
72.2902,0.143796,-0.135344,0.0583992,-0.0271111
72.3129,0.145238,-0.13557,0.0605312,-0.0247048
72.3356,0.146652,-0.133712,0.06257,-0.0222303
72.3583,0.148036,-0.132229,0.0610147,-0.0197177
72.381,0.149392,-0.130311,0.0654198,-0.0169651
72.4036,0.150717,-0.12985,0.0654725,-0.0143787
72.4263,0.152013,-0.129976,0.071394,-0.0121306
72.449,0.153279,-0.128834,0.0714269,-0.00973006
72.4717,0.154514,-0.12683,0.0716925,-0.00720095
72.4943,0.155718,-0.12431,0.0747051,-0.0044803
72.517,0.156891,-0.125711,0.0754492,-0.00165554
72.5397,0.158033,-0.125603,0.0765719,0.00061526
72.5624,0.159144,-0.122651,0.0774667,0.00301468
72.585,0.160222,-0.122747,0.0797071,0.0055207
72.6077,0.161268,-0.121306,0.0823736,0.00826313
72.6304,0.162283,-0.119226,0.0824515,0.0106991
72.6531,0.163264,-0.119206,0.085197,0.0133418
72.6757,0.164213,-0.118965,0.0876947,0.0157372
72.6984,0.165129,-0.113514,0.0899903,0.0182326
72.7211,0.166011,-0.117201,0.0906581,0.0208002
72.7438,0.16686,-0.115494,0.0914845,0.0235836
72.7664,0.167676,-0.111745,0.0913459,0.0262804
72.7891,0.168457,-0.111104,0.0963791,0.0282583
72.8118,0.169205,-0.109583,0.0963371,0.0303803
72.8345,0.169918,-0.108849,0.0969802,0.0333898
72.8571,0.170597,-0.108804,0.101391,0.035634
72.8798,0.171241,-0.106502,0.100122,0.0383631
72.9025,0.171851,-0.104804,0.103229,0.0407858
72.9252,0.172426,-0.104438,0.105411,0.0432277
72.9478,0.172966,-0.101921,0.105489,0.0460804
72.9705,0.17347,-0.102059,0.106602,0.0481348
72.9932,0.17394,-0.100538,0.107132,0.0502523
73.0159,0.174374,-0.096379,0.111965,0.0530249
73.0385,0.174772,-0.0963447,0.111552,0.0550094
73.0612,0.175135,-0.0946857,0.111828,0.0574157
73.0839,0.175462,-0.0943398,0.111605,0.0604852
73.1066,0.175753,-0.0897235,0.114583,0.0629167
73.1293,0.176008,-0.0878961,0.117394,0.0646213
73.1519,0.176227,-0.0893742,0.116366,0.0676284
73.1746,0.17641,-0.0861119,0.118114,0.0700586
73.1973,0.176557,-0.0836241,0.120479,0.071916
73.22,0.176668,-0.0836627,0.121121,0.0744087
73.2426,0.176742,-0.082288,0.11988,0.0769169
73.2653,0.17678,-0.0790412,0.122908,0.0793913
73.288,0.176782,-0.0763144,0.123553,0.0814393
73.3107,0.176747,-0.0778694,0.123209,0.0837772
73.3333,0.176676,-0.0733187,0.126477,0.0856728
73.356,0.176569,-0.0716174,0.127566,0.0883932
73.3787,0.176425,-0.071281,0.127186,0.0903716
73.4014,0.176245,-0.0690717,0.128003,0.092395
73.424,0.176028,-0.0679718,0.131319,0.0949301
73.4467,0.175775,-0.0649867,0.130777,0.0970571
73.4694,0.175485,-0.063997,0.130072,0.0989617
73.4921,0.175159,-0.0609745,0.132464,0.101317
73.5147,0.174797,-0.0607374,0.131193,0.103576
73.5374,0.174398,-0.0582949,0.133753,0.104966
73.5601,0.173963,-0.0571034,0.135378,0.107562
73.5828,0.173492,-0.0560584,0.134437,0.10949
73.6054,0.172985,-0.0507916,0.135633,0.111798
73.6281,0.172442,-0.0497804,0.136948,0.113694
73.6508,0.171863,-0.0508865,0.138039,0.115629
73.6735,0.171249,-0.0480726,0.13787,0.117509
73.6961,0.170598,-0.042645,0.141,0.119455
73.7188,0.169912,-0.0420641,0.140285,0.121523
73.7415,0.16919,-0.0416174,0.140311,0.123284
73.7642,0.168433,-0.0393456,0.14185,0.124928
73.7868,0.167641,-0.037625,0.139657,0.127096
73.8095,0.166813,-0.0355593,0.142768,0.128687
73.8322,0.16595,-0.0357877,0.141496,0.130791
73.8549,0.165053,-0.0305814,0.142536,0.132392
73.8776,0.164121,-0.0307001,0.141697,0.134536
73.9002,0.163154,-0.0270483,0.14185,0.135504
73.9229,0.162154,-0.02522,0.144669,0.137699
73.9456,0.161118,-0.0261326,0.141904,0.139129
73.9683,0.160049,-0.0200335,0.14475,0.14058
73.9909,0.158947,-0.0214072,0.144431,0.142834
74.0136,0.15781,-0.0186349,0.144265,0.144217
74.0363,0.15664,-0.0151797,0.142255,0.145586
74.059,0.155437,-0.0125008,0.148782,0.147298
74.0816,0.154202,-0.012205,0.144383,0.148414
74.1043,0.152933,-0.0117868,0.142916,0.150041
74.127,0.151632,-0.00760389,0.145325,0.151242
74.1497,0.150299,-0.0057238,0.145924,0.152645
74.1723,0.148933,-0.00334198,0.145863,0.154245
74.195,0.147536,-0.00141642,0.144639,0.155466
74.2177,0.146108,-0.000124973,0.144682,0.156639
74.2404,0.144649,0.00400491,0.147641,0.158125
74.263,0.143158,0.00449397,0.146362,0.159006
74.2857,0.141637,0.00644907,0.145686,0.160715
74.3084,0.140086,0.00695238,0.144295,0.161327
74.3311,0.138504,0.0126787,0.147486,0.162833
74.3537,0.136893,0.0122517,0.144819,0.164058
74.3764,0.135253,0.0142956,0.14286,0.165158
74.3991,0.133583,0.017583,0.145585,0.16621
74.4218,0.131885,0.0180311,0.145233,0.167051
74.4444,0.130158,0.0202171,0.143996,0.167949
74.4671,0.128403,0.0229146,0.143074,0.169354
74.4898,0.126621,0.0248645,0.144413,0.169564
74.5125,0.124811,0.026318,0.142764,0.170782
74.5351,0.122974,0.0285747,0.141957,0.171206
74.5578,0.12111,0.0292338,0.142138,0.172336
74.5805,0.11922,0.0298092,0.141132,0.173095
74.6032,0.117304,0.0346102,0.141541,0.173574
74.6259,0.115363,0.0358338,0.140519,0.174279
74.6485,0.113396,0.0381735,0.14119,0.174862
74.6712,0.111405,0.0392382,0.139746,0.175801
74.6939,0.109389,0.0431676,0.139496,0.17608
74.7166,0.107349,0.0432824,0.137112,0.176668
74.7392,0.105286,0.0453482,0.13625,0.177209
74.7619,0.103199,0.0475171,0.139028,0.177783
74.7846,0.10109,0.0505159,0.137639,0.178255
74.8073,0.0989584,0.0511945,0.135901,0.17849
74.8299,0.0968049,0.0531993,0.134404,0.178941
74.8526,0.0946299,0.056049,0.135364,0.179395
74.8753,0.0924339,0.0575714,0.132889,0.179471
74.898,0.0902173,0.0570456,0.133218,0.180079
74.9206,0.0879806,0.0606787,0.132274,0.180262
74.9433,0.0857242,0.0600898,0.129129,0.180211
74.966,0.0834485,0.0669056,0.132717,0.180396
74.9887,0.0811541,0.064692,0.131026,0.180409
75.0113,0.0788414,0.0691843,0.129341,0.180397
75.034,0.0765108,0.0698271,0.126729,0.180068
75.0567,0.0741628,0.0684272,0.12591,0.180342
75.0794,0.071798,0.0718494,0.125992,0.180474
75.102,0.0694168,0.0766075,0.12446,0.180413
75.1247,0.0670196,0.0756906,0.122061,0.180346
75.1474,0.064607,0.0780469,0.120685,0.180183
75.1701,0.0621794,0.0796693,0.121115,0.179796
75.1927,0.0597374,0.0808828,0.120578,0.179633
75.2154,0.0572814,0.083493,0.119462,0.179289
75.2381,0.054812,0.0825634,0.116723,0.178859
75.2608,0.0523297,0.0857341,0.116343,0.178525
75.2834,0.0498349,0.0890168,0.114643,0.178662
75.3061,0.0473282,0.0879856,0.115062,0.177895
75.3288,0.0448101,0.0934549,0.115023,0.177235
75.3515,0.0422811,0.0948878,0.111306,0.176857
75.3741,0.0397417,0.0941635,0.111359,0.176004
75.3968,0.0371925,0.0967358,0.109737,0.175762
75.4195,0.0346339,0.0972195,0.107109,0.175032
75.4422,0.0320666,0.0996338,0.107479,0.174001
75.4649,0.029491,0.100333,0.104387,0.174046
75.4875,0.0269076,0.100105,0.102018,0.17333
75.5102,0.0243171,0.103926,0.102272,0.172311
75.5329,0.0217199,0.106413,0.100671,0.171317
75.5556,0.0191166,0.105573,0.100689,0.170605
75.5782,0.0165077,0.108119,0.0962958,0.16984
75.6009,0.0138938,0.109117,0.095278,0.168906
75.6236,0.0112753,0.110785,0.0958053,0.167829
75.6463,0.00865294,0.110017,0.0936262,0.166953
75.6689,0.00602715,0.112312,0.0917146,0.165843
75.6916,0.00339849,0.113839,0.091396,0.164965
75.7143,0.000767522,0.113427,0.0875452,0.163936
75.737,-0.00186522,0.115191,0.0873912,0.162724
75.7596,-0.00449917,0.117909,0.0842811,0.161298
75.7823,-0.00713379,0.117253,0.0832279,0.160169
75.805,-0.00976852,0.12049,0.083511,0.159076
75.8277,-0.0124028,0.121634,0.0803216,0.158028
75.8503,-0.0150361,0.121339,0.0788338,0.156438
75.873,-0.0176679,0.123691,0.0776843,0.155168
75.8957,-0.0202975,0.122752,0.07543,0.153945
75.9184,-0.0229246,0.124921,0.0747489,0.152477
75.941,-0.0255484,0.125554,0.0707245,0.151176
75.9637,-0.0281684,0.126232,0.0694036,0.149817
75.9864,-0.0307842,0.12883,0.070331,0.147993
76.0091,-0.0333951,0.129481,0.0663954,0.146671
76.0317,-0.0360007,0.129719,0.0653996,0.145065
76.0544,-0.0386002,0.13099,0.0620542,0.143519
76.0771,-0.0411933,0.131913,0.0619085,0.142034
76.0998,-0.0437793,0.131926,0.0594344,0.140121
76.1224,-0.0463577,0.134934,0.0578341,0.138444
76.1451,-0.048928,0.134328,0.0562169,0.136917
76.1678,-0.0514896,0.135902,0.0546889,0.135167
76.1905,-0.054042,0.134492,0.0499418,0.133695
76.2132,-0.0565845,0.135647,0.0506298,0.131693
76.2358,-0.0591168,0.137199,0.0477632,0.129887
76.2585,-0.0616383,0.13736,0.0465391,0.127809
76.2812,-0.0641483,0.137648,0.0438366,0.12591
76.3039,-0.0666464,0.137498,0.0414453,0.124167
76.3265,-0.0691321,0.140905,0.0429308,0.122319
76.3492,-0.0716048,0.140645,0.0386773,0.120342
76.3719,-0.074064,0.140018,0.0342169,0.118383
76.3946,-0.0765091,0.139659,0.0350425,0.116343
76.4172,-0.0789397,0.14235,0.0336542,0.114214
76.4399,-0.0813552,0.14043,0.0314306,0.112296
76.4626,-0.0837552,0.141951,0.0292794,0.110149
76.4853,-0.086139,0.143339,0.0265452,0.108077
76.5079,-0.0885061,0.144346,0.0242103,0.106037
76.5306,-0.0908562,0.144627,0.0225832,0.103757
76.5533,-0.0931886,0.144738,0.0208103,0.101603
76.576,-0.0955029,0.143733,0.0207834,0.0993602
76.5986,-0.0977986,0.145353,0.0177945,0.0970055
76.6213,-0.100075,0.144116,0.0169623,0.0948948
76.644,-0.102332,0.14413,0.0148082,0.0925296
76.6667,-0.104569,0.146828,0.0123363,0.0904605
76.6893,-0.106785,0.143977,0.00838692,0.088173
76.712,-0.10898,0.145653,0.00684159,0.0857919
76.7347,-0.111154,0.146216,0.0035255,0.0836952
76.7574,-0.113305,0.144784,0.00281878,0.0811585
76.78,-0.115434,0.144068,2.21528e-05,0.0787519
76.8027,-0.117541,0.145826,-0.00207466,0.0765627
76.8254,-0.119623,0.146763,-0.00189907,0.0740596
76.8481,-0.121682,0.145633,-0.00571118,0.0714242
76.8707,-0.123717,0.146118,-0.00646803,0.0691221
76.8934,-0.125727,0.145902,-0.00837667,0.0666229
76.9161,-0.127711,0.144394,-0.0122435,0.0642536
76.9388,-0.12967,0.143098,-0.0138206,0.0616794
76.9615,-0.131603,0.144558,-0.0135618,0.0590997
76.9841,-0.13351,0.14487,-0.0169558,0.0567459
77.0068,-0.135389,0.144699,-0.0193574,0.0539564
77.0295,-0.137242,0.143258,-0.02079,0.0514235
77.0522,-0.139066,0.142363,-0.0223709,0.0489922
77.0748,-0.140863,0.145676,-0.0232447,0.0464716
77.0975,-0.142631,0.140765,-0.028276,0.0438418
77.1202,-0.14437,0.141775,-0.0280741,0.0410371
77.1429,-0.146079,0.141763,-0.0298751,0.0387883
77.1655,-0.147759,0.142551,-0.0314192,0.0359191
77.1882,-0.149409,0.140018,-0.0325026,0.0334151
77.2109,-0.151029,0.14177,-0.0379201,0.0309861
77.2336,-0.152618,0.140214,-0.0387158,0.028338
77.2562,-0.154176,0.13901,-0.039835,0.0255341
77.2789,-0.155702,0.139554,-0.0424151,0.0229575
77.3016,-0.157196,0.139081,-0.0433625,0.0203488
77.3243,-0.158659,0.136991,-0.046307,0.0178001
77.3469,-0.160088,0.138247,-0.0489382,0.0150362
77.3696,-0.161485,0.137789,-0.0487673,0.0123306
77.3923,-0.162849,0.137038,-0.0526917,0.00975192
77.415,-0.16418,0.13628,-0.055239,0.00695553
77.4376,-0.165477,0.136119,-0.0554589,0.00435618
77.4603,-0.166739,0.132559,-0.059047,0.00173837
77.483,-0.167968,0.131786,-0.0597431,-0.00102864
77.5057,-0.169162,0.132496,-0.0605945,-0.00379088
77.5283,-0.170321,0.129824,-0.063465,-0.00633432
77.551,-0.171445,0.131299,-0.0648471,-0.00891182
77.5737,-0.172533,0.129439,-0.0667834,-0.011652
77.5964,-0.173586,0.127905,-0.0689704,-0.0143709
77.619,-0.174603,0.129897,-0.0703003,-0.0169633
77.6417,-0.175584,0.12712,-0.0710984,-0.0197915
77.6644,-0.176528,0.124268,-0.0723553,-0.0224194
77.6871,-0.177436,0.125094,-0.0746354,-0.0251525
77.7098,-0.178307,0.123795,-0.0751654,-0.0279319
77.7324,-0.179141,0.124239,-0.0771698,-0.0303826
77.7551,-0.179938,0.122148,-0.080996,-0.0330604
77.7778,-0.180698,0.119547,-0.0818834,-0.0357602
77.8005,-0.18142,0.120017,-0.0844795,-0.0383505
77.8231,-0.182104,0.117561,-0.0858071,-0.040722
77.8458,-0.18275,0.117126,-0.0875573,-0.0436492
77.8685,-0.183359,0.116845,-0.0864418,-0.0463011
77.8912,-0.183929,0.113728,-0.0895764,-0.0486859
77.9138,-0.18446,0.114478,-0.0903918,-0.0513982
77.9365,-0.184954,0.111664,-0.0937135,-0.053976
77.9592,-0.185408,0.10979,-0.0939099,-0.0566417
77.9819,-0.185824,0.108952,-0.0952808,-0.0591613
78.0045,-0.186201,0.106781,-0.098572,-0.061764
78.0272,-0.186539,0.106187,-0.0998018,-0.0642262
78.0499,-0.186838,0.10542,-0.101301,-0.0667345
78.0726,-0.187097,0.103854,-0.102454,-0.0692522
78.0952,-0.187318,0.10222,-0.104343,-0.0716242
78.1179,-0.187499,0.10151,-0.106365,-0.0741622
78.1406,-0.187641,0.0998641,-0.105894,-0.076635
78.1633,-0.187744,0.0993827,-0.105509,-0.0791867
78.1859,-0.187807,0.0959107,-0.108464,-0.081517
78.2086,-0.18783,0.0958047,-0.109055,-0.0841797
78.2313,-0.187814,0.0949014,-0.111881,-0.0865081
78.254,-0.187759,0.0910409,-0.114542,-0.0888655
78.2766,-0.187664,0.0907539,-0.112023,-0.0913314
78.2993,-0.187529,0.0888739,-0.115487,-0.0935008
78.322,-0.187355,0.0877058,-0.117627,-0.0959061
78.3447,-0.187141,0.0865832,-0.119739,-0.0982288
78.3673,-0.186888,0.0841205,-0.119264,-0.1005
78.39,-0.186595,0.0814955,-0.119702,-0.10283
78.4127,-0.186263,0.0816119,-0.122343,-0.105053
78.4354,-0.185891,0.0791517,-0.123481,-0.107192
78.458,-0.185481,0.0782129,-0.123293,-0.109615
78.4807,-0.18503,0.0768804,-0.124842,-0.111726
78.5034,-0.184541,0.0742985,-0.12491,-0.113984
78.5261,-0.184012,0.0733484,-0.126484,-0.115914
78.5488,-0.183445,0.0706724,-0.129281,-0.118173
78.5714,-0.182838,0.0678744,-0.128011,-0.120283
78.5941,-0.182193,0.0654661,-0.129884,-0.122306
78.6168,-0.181509,0.0644385,-0.130242,-0.124343
78.6395,-0.180786,0.0646881,-0.130401,-0.1265
78.6621,-0.180025,0.0623451,-0.131698,-0.128419
78.6848,-0.179226,0.0602039,-0.13355,-0.130492
78.7075,-0.178388,0.0586286,-0.133669,-0.132436
78.7302,-0.177512,0.0559861,-0.135312,-0.134351
78.7528,-0.176599,0.0543958,-0.136941,-0.136301
78.7755,-0.175647,0.0531423,-0.135666,-0.138062
78.7982,-0.174659,0.0529341,-0.134105,-0.139895
78.8209,-0.173633,0.047307,-0.139321,-0.141943
78.8435,-0.172569,0.0473704,-0.138944,-0.143494
78.8662,-0.171469,0.0448587,-0.138336,-0.145266
78.8889,-0.170332,0.0428805,-0.139935,-0.146996
78.9116,-0.169159,0.0398452,-0.140382,-0.148698
78.9342,-0.167949,0.040204,-0.141628,-0.150239
78.9569,-0.166704,0.038323,-0.141327,-0.151868
78.9796,-0.165422,0.0343907,-0.141916,-0.153579
79.0023,-0.164105,0.0328545,-0.141327,-0.155109
79.0249,-0.162753,0.0318039,-0.142378,-0.156631
79.0476,-0.161366,0.0303849,-0.141694,-0.158155
79.0703,-0.159944,0.0273973,-0.143643,-0.159637
79.093,-0.158488,0.024607,-0.143711,-0.161012
79.1156,-0.156997,0.0234487,-0.144345,-0.162435
79.1383,-0.155472,0.0218962,-0.145253,-0.16385
79.161,-0.153914,0.0186829,-0.145512,-0.165178
79.1837,-0.152323,0.0158099,-0.144753,-0.166485
79.2063,-0.150699,0.0147086,-0.145473,-0.16773
79.229,-0.149042,0.012453,-0.14577,-0.168911
79.2517,-0.147353,0.0129268,-0.145663,-0.170215
79.2744,-0.145632,0.0101974,-0.145806,-0.171314
79.2971,-0.14388,0.00685341,-0.145713,-0.172418
79.3197,-0.142096,0.00372987,-0.146954,-0.173499
79.3424,-0.140281,0.00412669,-0.146711,-0.174644
79.3651,-0.138436,0.00215873,-0.144739,-0.175706
79.3878,-0.136561,-0.000971046,-0.14599,-0.176654
79.4104,-0.134656,-0.00401859,-0.145119,-0.177518
79.4331,-0.132721,-0.00381259,-0.146399,-0.178358
79.4558,-0.130758,-0.00709894,-0.147457,-0.179309
79.4785,-0.128766,-0.00856707,-0.146552,-0.18015
79.5011,-0.126746,-0.0118383,-0.145621,-0.180956
79.5238,-0.124699,-0.0122323,-0.144129,-0.181758
79.5465,-0.122623,-0.0149385,-0.145037,-0.182445
79.5692,-0.120522,-0.016484,-0.146442,-0.18315
79.5918,-0.118393,-0.0180511,-0.143296,-0.183896
79.6145,-0.116239,-0.0202369,-0.144562,-0.184415
79.6372,-0.114059,-0.0234954,-0.145918,-0.184729
79.6599,-0.111854,-0.0249812,-0.145083,-0.185402
79.6825,-0.109624,-0.0262874,-0.144212,-0.185966
79.7052,-0.10737,-0.029455,-0.143643,-0.186427
79.7279,-0.105092,-0.0310059,-0.143336,-0.186826
79.7506,-0.102791,-0.0323724,-0.143699,-0.187147
79.7732,-0.100467,-0.0336077,-0.141492,-0.187484
79.7959,-0.0981213,-0.0352413,-0.141523,-0.187846
79.8186,-0.0957534,-0.0386318,-0.140877,-0.188033
79.8413,-0.0933642,-0.0412193,-0.140199,-0.188248
79.8639,-0.0909541,-0.0413879,-0.140047,-0.188481
79.8866,-0.0885237,-0.0450289,-0.138759,-0.188607
79.9093,-0.0860734,-0.0482412,-0.138374,-0.188712
79.932,-0.0836039,-0.0471803,-0.138261,-0.188762
79.9546,-0.0811155,-0.0505445,-0.138359,-0.188707
79.9773,-0.0786089,-0.0526339,-0.13657,-0.188773
80,-0.0760845,-0.0536337,-0.135655,-0.188689
80.0227,-0.0735429,-0.0564066,-0.135527,-0.188595
80.0454,-0.0709846,-0.0571521,-0.135127,-0.188451
80.068,-0.0684101,-0.0580335,-0.134994,-0.188147
80.0907,-0.06582,-0.0606098,-0.131832,-0.188001
80.1134,-0.0632149,-0.0640036,-0.1317,-0.187639
80.1361,-0.0605952,-0.0649725,-0.131607,-0.187503
80.1587,-0.0579615,-0.0662198,-0.129464,-0.187063
80.1814,-0.0553144,-0.0674863,-0.12976,-0.186733
80.2041,-0.0526544,-0.0706441,-0.129633,-0.186204
80.2268,-0.0499821,-0.0732962,-0.127832,-0.185861
80.2494,-0.0472981,-0.0742536,-0.125667,-0.185378
80.2721,-0.0446029,-0.0756969,-0.126929,-0.184723
80.2948,-0.0418971,-0.078567,-0.124466,-0.184155
80.3175,-0.0391812,-0.0796389,-0.12253,-0.183539
80.3401,-0.0364558,-0.0803142,-0.122129,-0.18285
80.3628,-0.0337216,-0.0828273,-0.121838,-0.18222
80.3855,-0.0309791,-0.0842889,-0.120356,-0.181461
80.4082,-0.0282288,-0.086261,-0.117304,-0.180765
80.4308,-0.0254713,-0.0885442,-0.116958,-0.179915
80.4535,-0.0227073,-0.0891969,-0.116278,-0.179056
80.4762,-0.0199373,-0.0907248,-0.11709,-0.178114
80.4989,-0.017162,-0.0926974,-0.114591,-0.177308
80.5215,-0.0143818,-0.0936254,-0.113383,-0.176286
80.5442,-0.0115974,-0.0951727,-0.112158,-0.175224
80.5669,-0.00880932,-0.0962016,-0.110441,-0.174236
80.5896,-0.00601825,-0.0995017,-0.109317,-0.173119
80.6122,-0.00322475,-0.0988453,-0.107165,-0.172073
80.6349,-0.000429396,-0.101159,-0.104001,-0.170895
80.6576,0.00236721,-0.102155,-0.10449,-0.1697
80.6803,0.00516447,-0.104713,-0.103013,-0.168423
80.7029,0.00796178,-0.10669,-0.103356,-0.167258
80.7256,0.0107586,-0.107449,-0.10003,-0.165978
80.7483,0.0135542,-0.107805,-0.0988907,-0.164582
80.771,0.0163481,-0.110377,-0.0976158,-0.163272
80.7937,0.0191397,-0.110857,-0.0966849,-0.16186
80.8163,0.0219283,-0.113338,-0.0948194,-0.160427
80.839,0.0247135,-0.114778,-0.0934606,-0.158982
80.8617,0.0274945,-0.116009,-0.0912267,-0.157438
80.8844,0.0302708,-0.115869,-0.0898684,-0.155906
80.907,0.0330418,-0.117359,-0.086956,-0.154312
80.9297,0.0358069,-0.119124,-0.0869248,-0.152696
80.9524,0.0385655,-0.119195,-0.0849209,-0.151064
80.9751,0.041317,-0.119729,-0.0830038,-0.149483
80.9977,0.0440608,-0.12102,-0.0801884,-0.147758
81.0204,0.0467964,-0.124264,-0.0814911,-0.146032
81.0431,0.0495231,-0.12568,-0.0788456,-0.144211
81.0658,0.0522404,-0.124822,-0.0777102,-0.142417
81.0884,0.0549476,-0.126469,-0.0744487,-0.140629
81.1111,0.0576442,-0.127842,-0.0734304,-0.138796
81.1338,0.0603297,-0.129048,-0.0705083,-0.136857
81.1565,0.0630034,-0.129376,-0.0692126,-0.134938
81.1791,0.0656647,-0.130436,-0.0686571,-0.133085
81.2018,0.0683131,-0.131266,-0.0659972,-0.131088
81.2245,0.070948,-0.133624,-0.0633308,-0.129025
81.2472,0.0735689,-0.134317,-0.0615534,-0.127069
81.2698,0.0761752,-0.133473,-0.0592425,-0.124895
81.2925,0.0787662,-0.135749,-0.0596488,-0.12288
81.3152,0.0813415,-0.135996,-0.0566967,-0.120725
81.3379,0.0839005,-0.136719,-0.0543274,-0.118598
81.3605,0.0864427,-0.139065,-0.0526567,-0.116447
81.3832,0.0889674,-0.139231,-0.050643,-0.114232
81.4059,0.0914742,-0.139101,-0.0489844,-0.112081
81.4286,0.0939624,-0.140523,-0.0471022,-0.109862
81.4512,0.0964316,-0.140248,-0.0446372,-0.107556
81.4739,0.0988813,-0.140769,-0.0433466,-0.10531
81.4966,0.101311,-0.141984,-0.0412685,-0.102994
81.5193,0.10372,-0.142757,-0.0394219,-0.10072
81.542,0.106107,-0.143097,-0.036252,-0.0983871
81.5646,0.108473,-0.144429,-0.0350825,-0.0958738
81.5873,0.110817,-0.14232,-0.0342188,-0.0935054
81.61,0.113138,-0.144053,-0.033005,-0.0911097
81.6327,0.115436,-0.145629,-0.0296337,-0.0887154
81.6553,0.117711,-0.145822,-0.0291327,-0.0862034
81.678,0.11996,-0.144486,-0.0248668,-0.0837849
81.7007,0.122186,-0.145006,-0.0232798,-0.081256
81.7234,0.124386,-0.145703,-0.0220353,-0.0787672
81.746,0.12656,-0.146032,-0.0201564,-0.0762601
81.7687,0.128708,-0.145981,-0.0172977,-0.0736844
81.7914,0.13083,-0.14701,-0.0161208,-0.0710866
81.8141,0.132925,-0.147417,-0.013905,-0.0685256
81.8367,0.134991,-0.147204,-0.011252,-0.0659091
81.8594,0.13703,-0.147222,-0.00882064,-0.0633571
81.8821,0.139041,-0.147761,-0.00852593,-0.0607332
81.9048,0.141023,-0.145141,-0.00467157,-0.0580772
81.9274,0.142975,-0.148925,-0.00444414,-0.0554554
81.9501,0.144897,-0.147098,-0.00149486,-0.0527906
81.9728,0.14679,-0.148028,0.000381252,-0.0501133
81.9955,0.148651,-0.14815,0.00204682,-0.047392
82.0181,0.150482,-0.146574,0.00515208,-0.0447376
82.0408,0.152281,-0.147065,0.00788486,-0.0420381
82.0635,0.154049,-0.147013,0.00884267,-0.0392786
82.0862,0.155784,-0.148739,0.00979412,-0.0366139
82.1088,0.157487,-0.147839,0.0130439,-0.0338873
82.1315,0.159156,-0.148882,0.0144095,-0.0311256
82.1542,0.160793,-0.147274,0.0166441,-0.0283798
82.1769,0.162395,-0.146236,0.0193413,-0.0255708
82.1995,0.163964,-0.146667,0.020118,-0.0228479
82.2222,0.165498,-0.146214,0.0234824,-0.0201003
82.2449,0.166997,-0.14571,0.0263652,-0.0173105
82.2676,0.168462,-0.145514,0.0291521,-0.0145945
82.2902,0.16989,-0.144881,0.02917,-0.0117463
82.3129,0.171284,-0.145067,0.0319751,-0.0089838
82.3356,0.172641,-0.144957,0.0323023,-0.00616791
82.3583,0.173961,-0.145282,0.0355732,-0.00340367
82.381,0.175245,-0.143962,0.0368882,-0.000615392
82.4036,0.176492,-0.142454,0.0390141,0.00218922
82.4263,0.177702,-0.142628,0.0399217,0.00497155
82.449,0.178874,-0.142166,0.0424258,0.00776263
82.4717,0.180009,-0.140451,0.0454726,0.0105185
82.4943,0.181105,-0.139867,0.0482809,0.0133539
82.517,0.182164,-0.140273,0.0477668,0.016148
82.5397,0.183183,-0.139612,0.0509114,0.0189291
82.5624,0.184164,-0.139482,0.0528893,0.0216998
82.585,0.185106,-0.137799,0.0545639,0.0244861
82.6077,0.186009,-0.136869,0.0566288,0.0272434
82.6304,0.186872,-0.137344,0.0582621,0.0300101
82.6531,0.187696,-0.137322,0.0588957,0.032776
82.6757,0.18848,-0.135172,0.061764,0.0355242
82.6984,0.189223,-0.133429,0.0635834,0.0382889
82.7211,0.189927,-0.132838,0.0656345,0.0410707
82.7438,0.19059,-0.131255,0.0677112,0.0437594
82.7664,0.191213,-0.132268,0.0704165,0.0464715
82.7891,0.191796,-0.130276,0.0720069,0.0491918
82.8118,0.192337,-0.12718,0.0747632,0.0518971
82.8345,0.192838,-0.128198,0.0752484,0.0546284
82.8571,0.193297,-0.127712,0.0765039,0.0572866
82.8798,0.193715,-0.125794,0.0789467,0.0599399
82.9025,0.194092,-0.124207,0.0807081,0.0626532
82.9252,0.194428,-0.124566,0.0804935,0.0652955
82.9478,0.194722,-0.12346,0.083903,0.0679263
82.9705,0.194975,-0.121408,0.0856783,0.0705542
82.9932,0.195186,-0.120202,0.0863607,0.0731566
83.0159,0.195356,-0.119586,0.0874299,0.0757472
83.0385,0.195484,-0.117245,0.0911841,0.078348
83.0612,0.19557,-0.116327,0.0929608,0.0809127
83.0839,0.195614,-0.115677,0.0941626,0.0834408
83.1066,0.195616,-0.115325,0.0956772,0.0859774
83.1293,0.195577,-0.112931,0.0973866,0.0885014
83.1519,0.195496,-0.111701,0.0982498,0.0909778
83.1746,0.195373,-0.111187,0.100115,0.0934526
83.1973,0.195208,-0.109789,0.101337,0.095909
83.22,0.195001,-0.107571,0.101846,0.0983512
83.2426,0.194753,-0.106954,0.104146,0.10078
83.2653,0.194463,-0.104813,0.106595,0.103176
83.288,0.194131,-0.103923,0.106139,0.105558
83.3107,0.193757,-0.100709,0.109628,0.107896
83.3333,0.193342,-0.0999824,0.110564,0.110219
83.356,0.192886,-0.0994414,0.113065,0.112527
83.3787,0.192388,-0.0971974,0.113765,0.114824
83.4014,0.191849,-0.0949517,0.114683,0.117093
83.424,0.191268,-0.0942914,0.115658,0.119336
83.4467,0.190646,-0.0918137,0.117014,0.121549
83.4694,0.189984,-0.0909948,0.117922,0.123743
83.4921,0.18928,-0.0898606,0.119498,0.125895
83.5147,0.188536,-0.0875503,0.122891,0.128025
83.5374,0.187752,-0.0863195,0.122133,0.130142
83.5601,0.186926,-0.0844033,0.123862,0.132219
83.5828,0.186061,-0.0816786,0.12512,0.134266
83.6054,0.185156,-0.0804495,0.126424,0.136301
83.6281,0.18421,-0.0789908,0.126552,0.138306
83.6508,0.183225,-0.0783957,0.127621,0.140278
83.6735,0.1822,-0.076273,0.12953,0.142209
83.6961,0.181136,-0.0744225,0.130077,0.144122
83.7188,0.180033,-0.0726546,0.129913,0.146005
83.7415,0.178891,-0.0706432,0.131583,0.147871
83.7642,0.177711,-0.0678162,0.134008,0.149686
83.7868,0.176492,-0.0672454,0.134061,0.151471
83.8095,0.175235,-0.063953,0.134707,0.153233
83.8322,0.17394,-0.0629406,0.135556,0.154959
83.8549,0.172607,-0.0611791,0.136827,0.156644
83.8776,0.171237,-0.0585259,0.1385,0.1583
83.9002,0.16983,-0.0571122,0.139151,0.159924
83.9229,0.168386,-0.0541099,0.139163,0.161523
83.9456,0.166906,-0.0526917,0.140096,0.163081
83.9683,0.165389,-0.0525258,0.140425,0.164603
83.9909,0.163837,-0.0498607,0.142209,0.166094
84.0136,0.162249,-0.0478798,0.142264,0.167555
84.0363,0.160626,-0.0455124,0.143494,0.168972
84.059,0.158968,-0.043281,0.143555,0.170361
84.0816,0.157275,-0.0421222,0.144218,0.171709
84.1043,0.155549,-0.0377362,0.145754,0.173021
84.127,0.153788,-0.0365734,0.145361,0.174304
84.1497,0.151994,-0.036657,0.145568,0.175532
84.1723,0.150167,-0.0333025,0.14686,0.176744
84.195,0.148307,-0.032761,0.147766,0.177912
84.2177,0.146415,-0.0294855,0.1484,0.179031
84.2404,0.144491,-0.0270096,0.147757,0.180132
84.263,0.142536,-0.0261469,0.14798,0.181181
84.2857,0.140549,-0.0234029,0.14782,0.182197
84.3084,0.138532,-0.020594,0.148501,0.183171
84.3311,0.136485,-0.0191617,0.1491,0.184102
84.3537,0.134407,-0.0174283,0.150088,0.185006
84.3764,0.132301,-0.015482,0.150014,0.185871
84.3991,0.130165,-0.0139284,0.151345,0.186682
84.4218,0.128001,-0.0105326,0.150476,0.18747
84.4444,0.125809,-0.00847787,0.150867,0.18821
84.4671,0.123589,-0.00628964,0.151311,0.188909
84.4898,0.121343,-0.00560645,0.149891,0.189571
84.5125,0.119069,-0.00356012,0.150393,0.190193
84.5351,0.11677,0.000348725,0.1512,0.190775
84.5578,0.114445,0.00144357,0.150677,0.191314
84.5805,0.112095,0.00286264,0.151426,0.191809
84.6032,0.10972,0.00577546,0.150391,0.192275
84.6259,0.107321,0.00819993,0.152044,0.192689
84.6485,0.104898,0.0107163,0.151185,0.193072
84.6712,0.102452,0.0127714,0.151112,0.193403
84.6939,0.0999838,0.0138382,0.15067,0.193703
84.7166,0.0974933,0.01778,0.150262,0.193953
84.7392,0.0949812,0.0182218,0.150334,0.194167
84.7619,0.0924482,0.0197303,0.150802,0.194339
84.7846,0.0898947,0.0241057,0.149935,0.194474
84.8073,0.0873213,0.0250982,0.149791,0.194558
84.8299,0.0847285,0.0251074,0.148151,0.19461
84.8526,0.0821168,0.0287217,0.147246,0.194614
84.8753,0.0794869,0.0306155,0.148559,0.194582
84.898,0.0768393,0.03221,0.147902,0.194502
84.9206,0.0741746,0.0335478,0.146421,0.194389
84.9433,0.0714933,0.0377256,0.147029,0.194225
84.966,0.068796,0.0400913,0.146999,0.194029
84.9887,0.0660833,0.0409267,0.146256,0.193784
85.0113,0.0633558,0.0430404,0.144692,0.193504
85.034,0.060614,0.0452502,0.144608,0.193177
85.0567,0.0578585,0.0476256,0.144272,0.192814
85.0794,0.05509,0.0488256,0.144015,0.192403
85.102,0.052309,0.0497228,0.143643,0.19196
85.1247,0.0495161,0.0539727,0.141575,0.191467
85.1474,0.0467119,0.055843,0.142247,0.190942
85.1701,0.0438971,0.0580178,0.141333,0.190367
85.1927,0.0410722,0.0587287,0.139162,0.18976
85.2154,0.0382378,0.062053,0.139257,0.189105
85.2381,0.0353946,0.0627432,0.139126,0.188417
85.2608,0.0325431,0.0660131,0.137814,0.18768
85.2834,0.0296839,0.0669028,0.136441,0.186912
85.3061,0.0268178,0.06861,0.135865,0.186095
85.3288,0.0239453,0.0707266,0.134743,0.185247
85.3515,0.0210669,0.0734055,0.133409,0.184351
85.3741,0.0181835,0.0739978,0.132419,0.183424
85.3968,0.0152954,0.0759384,0.131319,0.182449
85.4195,0.0124035,0.0783258,0.130971,0.181443
85.4422,0.00950827,0.0800594,0.128997,0.180391
85.4649,0.00661037,0.0816302,0.127615,0.179307
85.4875,0.00371042,0.0835817,0.127601,0.178177
85.5102,0.000809059,0.0852443,0.127572,0.177017
85.5329,-0.0020931,0.0869382,0.125493,0.175811
85.5556,-0.00499541,0.0885112,0.123268,0.174575
85.5782,-0.00789727,0.0906496,0.123743,0.173294
85.6009,-0.010798,0.0915472,0.121926,0.171983
85.6236,-0.0136971,0.0944928,0.120609,0.170628
85.6463,-0.0165938,0.0951313,0.118036,0.169243
85.6689,-0.0194875,0.0968746,0.118134,0.167815
85.6916,-0.0223776,0.0992197,0.116283,0.166358
85.7143,-0.0252635,0.100756,0.115702,0.164857
85.737,-0.0281446,0.10222,0.114331,0.163329
85.7596,-0.0310202,0.104011,0.112553,0.161758
85.7823,-0.0338897,0.10581,0.111383,0.16016
85.805,-0.0367524,0.106873,0.108866,0.15852
85.8277,-0.0396079,0.108285,0.107738,0.156853
85.8503,-0.0424554,0.110613,0.107061,0.155144
85.873,-0.0452943,0.11175,0.104565,0.15341
85.8957,-0.048124,0.112714,0.102775,0.151635
85.9184,-0.0509439,0.114824,0.101426,0.149835
85.941,-0.0537533,0.116738,0.100706,0.147995
85.9637,-0.0565518,0.118136,0.0978293,0.14613
85.9864,-0.0593386,0.11952,0.0973646,0.144226
86.0091,-0.0621132,0.119964,0.0954064,0.142299
86.0317,-0.0648749,0.120373,0.092852,0.140333
86.0544,-0.0676232,0.123365,0.0914729,0.138345
86.0771,-0.0703574,0.123876,0.0912087,0.136319
86.0998,-0.073077,0.125761,0.0890987,0.134271
86.1224,-0.0757814,0.126451,0.0859085,0.132186
86.1451,-0.0784699,0.127619,0.0844817,0.130081
86.1678,-0.0811421,0.129171,0.0831949,0.127939
86.1905,-0.0837972,0.13019,0.0813336,0.125777
86.2132,-0.0864348,0.131128,0.080062,0.12358
86.2358,-0.0890542,0.131775,0.0778554,0.121365
86.2585,-0.091655,0.133909,0.0765589,0.119115
86.2812,-0.0942364,0.135675,0.0747915,0.116846
86.3039,-0.096798,0.136537,0.0733626,0.114545
86.3265,-0.0993392,0.136587,0.0708251,0.112227
86.3492,-0.101859,0.137833,0.06862,0.109876
86.3719,-0.104358,0.13899,0.0665662,0.107509
86.3946,-0.106835,0.139606,0.064655,0.10511
86.4172,-0.109289,0.141103,0.0641752,0.102697
86.4399,-0.11172,0.141909,0.0607344,0.100253
86.4626,-0.114127,0.14262,0.0590211,0.0977956
86.4853,-0.11651,0.143019,0.0566249,0.0953085
86.5079,-0.118869,0.144366,0.0552722,0.0928084
86.5306,-0.121202,0.144803,0.0527958,0.0902802
86.5533,-0.123509,0.144874,0.049947,0.0877399
86.576,-0.12579,0.146882,0.0489936,0.0851725
86.5986,-0.128045,0.146426,0.046124,0.0825942
86.6213,-0.130272,0.149132,0.0460969,0.0799899
86.644,-0.132471,0.148873,0.0434758,0.0773757
86.6667,-0.134643,0.148682,0.0399583,0.0747368
86.6893,-0.136785,0.150332,0.0376279,0.072089
86.712,-0.138899,0.150896,0.0367036,0.0694175
86.7347,-0.140982,0.150326,0.0349733,0.0667383
86.7574,-0.143036,0.151641,0.0323128,0.0640366
86.78,-0.145059,0.151589,0.0302567,0.0613284
86.8027,-0.147051,0.152278,0.0280081,0.0585988
86.8254,-0.149012,0.152447,0.0265285,0.0558638
86.8481,-0.150941,0.153479,0.0242081,0.0531087
86.8707,-0.152838,0.153613,0.0214641,0.0503492
86.8934,-0.154702,0.154219,0.0198125,0.0475708
86.9161,-0.156533,0.153433,0.0175352,0.0447893
86.9388,-0.15833,0.154767,0.0156404,0.0419899
86.9615,-0.160094,0.154901,0.0135427,0.0391887
86.9841,-0.161823,0.154841,0.0112548,0.0363709
87.0068,-0.163517,0.155559,0.00876796,0.0335524
87.0295,-0.165177,0.1551,0.00604142,0.0307185
87.0522,-0.166801,0.156127,0.00453037,0.027885
87.0748,-0.168389,0.155132,0.00216955,0.0250374
87.0975,-0.169941,0.155921,0.000624125,0.0221915
87.1202,-0.171457,0.155743,-0.00238859,0.0193327
87.1429,-0.172936,0.155493,-0.00325411,0.0164767
87.1655,-0.174378,0.155111,-0.00645518,0.0136091
87.1882,-0.175782,0.155819,-0.00922324,0.0107455
87.2109,-0.177148,0.155483,-0.00988046,0.00787157
87.2336,-0.178477,0.155076,-0.0127632,0.0050029
87.2562,-0.179767,0.155162,-0.0151216,0.00212499
87.2789,-0.181019,0.154684,-0.0175313,-0.000746398
87.3016,-0.182231,0.15493,-0.0196377,-0.00362572
87.3243,-0.183404,0.154598,-0.0207434,-0.00649729
87.3469,-0.184538,0.154449,-0.0230488,-0.00937559
87.3696,-0.185633,0.154253,-0.0264476,-0.0122449
87.3923,-0.186687,0.153394,-0.0288222,-0.0151197
87.415,-0.187701,0.153412,-0.0303251,-0.0179843
87.4376,-0.188674,0.153353,-0.0328164,-0.0208531
87.4603,-0.189607,0.152783,-0.0341716,-0.0237106
87.483,-0.1905,0.152366,-0.0369933,-0.0265709
87.5057,-0.191351,0.151967,-0.0391236,-0.0294187
87.5283,-0.19216,0.151216,-0.0410377,-0.0322683
87.551,-0.192929,0.149959,-0.0428469,-0.0351039
87.5737,-0.193656,0.149913,-0.044887,-0.0379401
87.5964,-0.194341,0.150418,-0.0471129,-0.0407613
87.619,-0.194984,0.148418,-0.0491959,-0.0435817
87.6417,-0.195585,0.148352,-0.0512443,-0.0463859
87.6644,-0.196144,0.147068,-0.0534531,-0.0491882
87.6871,-0.19666,0.147319,-0.0547093,-0.051973
87.7098,-0.197134,0.14517,-0.0580401,-0.0547546
87.7324,-0.197566,0.144174,-0.0595924,-0.0575176
87.7551,-0.197955,0.144499,-0.061422,-0.0602763
87.7778,-0.198301,0.143903,-0.0639837,-0.0630152
87.8005,-0.198604,0.141896,-0.0662385,-0.0657484
87.8231,-0.198864,0.141979,-0.0681908,-0.0684608
87.8458,-0.199082,0.14119,-0.0698478,-0.0711663
87.8685,-0.199256,0.139397,-0.0714662,-0.0738498
87.8912,-0.199387,0.13908,-0.0735699,-0.0765253
87.9138,-0.199475,0.138076,-0.0758028,-0.0791775
87.9365,-0.19952,0.137397,-0.0770268,-0.0818206
87.9592,-0.199522,0.135738,-0.0793905,-0.0844394
87.9819,-0.199481,0.134563,-0.081656,-0.0870478
88.0045,-0.199396,0.133959,-0.0832928,-0.0896308
88.0272,-0.199269,0.131916,-0.0857233,-0.0922024
88.0499,-0.199098,0.131823,-0.0865973,-0.0947474
88.0726,-0.198884,0.130075,-0.0889933,-0.0972798
88.0952,-0.198627,0.12943,-0.0908904,-0.0997846
88.1179,-0.198327,0.127957,-0.0925993,-0.102276
88.1406,-0.197984,0.125608,-0.0949553,-0.104738
88.1633,-0.197598,0.125821,-0.0958685,-0.107186
88.1859,-0.19717,0.12454,-0.0981096,-0.109604
88.2086,-0.196699,0.122113,-0.100046,-0.112006
88.2313,-0.196185,0.121594,-0.10135,-0.114377
88.254,-0.195628,0.120578,-0.102641,-0.116731
88.2766,-0.19503,0.117997,-0.105782,-0.119054
88.2993,-0.194388,0.116835,-0.106646,-0.121359
88.322,-0.193705,0.115525,-0.108612,-0.12363
88.3447,-0.19298,0.113784,-0.10979,-0.125883
88.3673,-0.192213,0.112603,-0.111593,-0.128103
88.39,-0.191404,0.110821,-0.113739,-0.130302
88.4127,-0.190554,0.109465,-0.114651,-0.132466
88.4354,-0.189662,0.108222,-0.1169,-0.13461
88.458,-0.188729,0.105387,-0.117908,-0.136718
88.4807,-0.187756,0.104661,-0.118578,-0.138805
88.5034,-0.186741,0.103592,-0.120982,-0.140854
88.5261,-0.185686,0.100902,-0.122378,-0.142881
88.5488,-0.184591,0.0987072,-0.123915,-0.144871
88.5714,-0.183456,0.0976521,-0.124973,-0.146837
88.5941,-0.18228,0.0960011,-0.125859,-0.148765
88.6168,-0.181066,0.0944599,-0.128162,-0.150668
88.6395,-0.179811,0.0925013,-0.129941,-0.152532
88.6621,-0.178518,0.0906039,-0.130814,-0.154371
88.6848,-0.177186,0.0896428,-0.131956,-0.15617
88.7075,-0.175816,0.0874676,-0.133057,-0.157943
88.7302,-0.174407,0.0857961,-0.13401,-0.159675
88.7528,-0.172961,0.0835518,-0.136282,-0.16138
88.7755,-0.171476,0.081486,-0.136799,-0.163044
88.7982,-0.169955,0.0795133,-0.137175,-0.16468
88.8209,-0.168397,0.0776304,-0.139196,-0.166274
88.8435,-0.166802,0.075908,-0.140408,-0.16784
88.8662,-0.16517,0.0725359,-0.142516,-0.169363
88.8889,-0.163503,0.0728405,-0.142143,-0.170857
88.9116,-0.1618,0.0702549,-0.143577,-0.172307
88.9342,-0.160062,0.0675661,-0.144425,-0.173728
88.9569,-0.15829,0.0660319,-0.144811,-0.175105
88.9796,-0.156482,0.0644281,-0.145822,-0.176451
89.0023,-0.154641,0.0615185,-0.147334,-0.177752
89.0249,-0.152766,0.0589522,-0.149587,-0.179023
89.0476,-0.150858,0.0578848,-0.148607,-0.180249
89.0703,-0.148917,0.055093,-0.150832,-0.181443
89.093,-0.146944,0.0538431,-0.151132,-0.182591
89.1156,-0.144938,0.0513772,-0.151505,-0.183707
89.1383,-0.142902,0.0494648,-0.151784,-0.184777
89.161,-0.140834,0.0479754,-0.152991,-0.185814
89.1837,-0.138735,0.0446339,-0.154032,-0.186805
89.2063,-0.136606,0.0431295,-0.153442,-0.187763
89.229,-0.134447,0.0408745,-0.155254,-0.188673
89.2517,-0.132259,0.0388636,-0.154693,-0.189551
89.2744,-0.130042,0.0367277,-0.15622,-0.19038
89.2971,-0.127797,0.0343186,-0.157001,-0.191176
89.3197,-0.125524,0.0325837,-0.157205,-0.191924
89.3424,-0.123224,0.0298343,-0.157924,-0.192638
89.3651,-0.120897,0.0269994,-0.158968,-0.193303
89.3878,-0.118543,0.0253229,-0.159091,-0.193934
89.4104,-0.116164,0.0236749,-0.158833,-0.194517
89.4331,-0.113759,0.0207659,-0.159198,-0.195065
89.4558,-0.11133,0.0193753,-0.16003,-0.195564
89.4785,-0.108876,0.0165522,-0.159584,-0.196028
89.5011,-0.106398,0.0140341,-0.16065,-0.196443
89.5238,-0.103898,0.0121416,-0.16034,-0.196823
89.5465,-0.101374,0.00930236,-0.160501,-0.197154
89.5692,-0.0988287,0.00727685,-0.160844,-0.197449
89.5918,-0.0962616,0.00533211,-0.161613,-0.197695
89.6145,-0.0936735,0.00324139,-0.160435,-0.197905
89.6372,-0.091065,0.0014006,-0.161523,-0.198067
89.6599,-0.0884365,-0.00216062,-0.16228,-0.198192
89.6825,-0.0857888,-0.00353732,-0.161025,-0.198268
89.7052,-0.0831224,-0.00665143,-0.161674,-0.198308
89.7279,-0.0804377,-0.00809108,-0.160745,-0.198299
89.7506,-0.0777356,-0.0103703,-0.160469,-0.198254
89.7732,-0.0750164,-0.0126937,-0.161797,-0.198159
89.7959,-0.0722809,-0.0153488,-0.160323,-0.198029
89.8186,-0.0695295,-0.0173326,-0.16036,-0.197849
89.8413,-0.066763,-0.0203309,-0.160079,-0.197634
89.8639,-0.0639819,-0.022196,-0.160403,-0.197369
89.8866,-0.0611868,-0.0238473,-0.159569,-0.197069
89.9093,-0.0583783,-0.0267775,-0.15994,-0.196719
89.932,-0.055557,-0.0288605,-0.15884,-0.196334
89.9546,-0.0527236,-0.0304499,-0.159001,-0.1959
89.9773,-0.0498787,-0.0332752,-0.158198,-0.19543
90,-0.0470228,-0.0351049,-0.157821,-0.194912
90.0227,-0.0441567,-0.0379866,-0.15799,-0.194358
90.0454,-0.0412808,-0.0400237,-0.156302,-0.193755
90.068,-0.038396,-0.041707,-0.156443,-0.193118
90.0907,-0.0355027,-0.044392,-0.156556,-0.192432
90.1134,-0.0326016,-0.045958,-0.155227,-0.191712
90.1361,-0.0296934,-0.0487222,-0.155237,-0.190943
90.1587,-0.0267787,-0.050659,-0.154355,-0.19014
90.1814,-0.0238581,-0.0533713,-0.154076,-0.189289
90.2041,-0.0209323,-0.0552548,-0.15269,-0.188404
90.2268,-0.0180018,-0.0572213,-0.151635,-0.187472
90.2494,-0.0150674,-0.0591822,-0.15128,-0.186506
90.2721,-0.0121296,-0.0615981,-0.150383,-0.185493
90.2948,-0.0091892,-0.063786,-0.150063,-0.184447
90.3175,-0.00624672,-0.0654514,-0.148846,-0.183354
90.3401,-0.00330285,-0.0681823,-0.147701,-0.182228
90.3628,-0.000358209,-0.0701174,-0.146717,-0.181057
90.3855,0.00258654,-0.0720989,-0.146214,-0.179852
90.4082,0.00553077,-0.0735275,-0.144271,-0.178603
90.4308,0.00847382,-0.0766393,-0.14421,-0.177321
90.4535,0.0114151,-0.0784326,-0.142085,-0.175994
90.4762,0.0143539,-0.0804256,-0.141518,-0.174636
90.4989,0.0172896,-0.0826881,-0.141171,-0.173234
90.5215,0.0202215,-0.0846915,-0.138631,-0.1718
90.5442,0.0231491,-0.0862982,-0.13767,-0.170323
90.5669,0.0260717,-0.0883946,-0.13682,-0.168816
90.5896,0.0289886,-0.0905484,-0.13603,-0.167266
90.6122,0.0318992,-0.0926572,-0.135121,-0.165686
90.6349,0.0348029,-0.0942426,-0.133035,-0.164063
90.6576,0.037699,-0.0963699,-0.132338,-0.162412
90.6803,0.0405869,-0.0983548,-0.131334,-0.160718
90.7029,0.043466,-0.0992583,-0.129257,-0.158997
90.7256,0.0463356,-0.102042,-0.128408,-0.157235
90.7483,0.0491952,-0.103933,-0.126198,-0.155445
90.771,0.0520441,-0.105384,-0.124893,-0.153614
90.7937,0.0548816,-0.106768,-0.123422,-0.151757
90.8163,0.0577071,-0.108953,-0.122315,-0.149861
90.839,0.0605201,-0.111135,-0.120594,-0.147939
90.8617,0.06332,-0.11242,-0.118992,-0.145978
90.8844,0.066106,-0.114015,-0.11745,-0.143992
90.907,0.0688776,-0.115633,-0.116356,-0.141968
90.9297,0.0716342,-0.118414,-0.114197,-0.139919
90.9524,0.0743752,-0.118509,-0.112219,-0.137834
90.9751,0.0770999,-0.120313,-0.110986,-0.135726
90.9977,0.0798079,-0.122113,-0.109924,-0.133582
91.0204,0.0824984,-0.123114,-0.107896,-0.131415
91.0431,0.085171,-0.12466,-0.105895,-0.129213
91.0658,0.087825,-0.127687,-0.1042,-0.126989
91.0884,0.0904598,-0.128365,-0.102376,-0.124731
91.1111,0.0930749,-0.129711,-0.100355,-0.122453
91.1338,0.0956697,-0.130894,-0.098839,-0.120141
91.1565,0.0982437,-0.132315,-0.0968442,-0.11781
91.1791,0.100796,-0.134334,-0.0957475,-0.115447
91.2018,0.103327,-0.13578,-0.0935427,-0.113065
91.2245,0.105835,-0.136651,-0.0916679,-0.110652
91.2472,0.108319,-0.13904,-0.0892676,-0.108221
91.2698,0.110781,-0.139181,-0.0871045,-0.105761
91.2925,0.113218,-0.140577,-0.0855104,-0.103283
91.3152,0.11563,-0.141625,-0.0830776,-0.100777
91.3379,0.118017,-0.143019,-0.0812407,-0.0982554
91.3605,0.120378,-0.143974,-0.0795974,-0.0957059
91.3832,0.122713,-0.145438,-0.0774626,-0.0931417
91.4059,0.125022,-0.146495,-0.0761568,-0.0905509
91.4286,0.127303,-0.147936,-0.0729158,-0.0879466
91.4512,0.129556,-0.149136,-0.0710914,-0.0853168
91.4739,0.131781,-0.149934,-0.0691556,-0.0826746
91.4966,0.133977,-0.150718,-0.0674059,-0.0800081
91.5193,0.136144,-0.15151,-0.0647626,-0.0773303
91.542,0.138281,-0.152511,-0.0631752,-0.0746294
91.5646,0.140388,-0.154058,-0.0606094,-0.0719183
91.5873,0.142464,-0.154669,-0.0589332,-0.0691852
91.61,0.144509,-0.154982,-0.0559142,-0.0664432
91.6327,0.146523,-0.155781,-0.0543005,-0.0636804
91.6553,0.148504,-0.157173,-0.0520505,-0.0609098
91.678,0.150453,-0.158231,-0.0495152,-0.0581196
91.7007,0.15237,-0.15832,-0.0475524,-0.0553228
91.7234,0.154253,-0.159484,-0.0456803,-0.0525077
91.746,0.156102,-0.16008,-0.0429618,-0.0496871
91.7687,0.157917,-0.161513,-0.040992,-0.0468495
91.7914,0.159698,-0.161576,-0.0386607,-0.0440076
91.8141,0.161444,-0.161722,-0.0371559,-0.0411498
91.8367,0.163154,-0.162048,-0.033844,-0.038289
91.8594,0.164829,-0.163051,-0.0310438,-0.0354136
91.8821,0.166468,-0.163324,-0.0296793,-0.0325365
91.9048,0.168071,-0.163525,-0.0269954,-0.0296459
91.9274,0.169636,-0.164108,-0.0248089,-0.0267549
91.9501,0.171165,-0.164662,-0.0223152,-0.0238517
91.9728,0.172657,-0.16525,-0.020154,-0.0209492
91.9955,0.17411,-0.165556,-0.0180174,-0.0180359
92.0181,0.175526,-0.16545,-0.0154366,-0.0151245
92.0408,0.176903,-0.165424,-0.0135732,-0.0122037
92.0635,0.178242,-0.165571,-0.0106444,-0.00928592
92.0862,0.179542,-0.166104,-0.00839619,-0.00635991
92.1088,0.180802,-0.165429,-0.00587284,-0.00343837
92.1315,0.182023,-0.167005,-0.00443431,-0.000509819
92.1542,0.183204,-0.166382,-0.000847738,0.00241302
92.1769,0.184346,-0.166672,0.00155233,0.00534161
92.1995,0.185446,-0.167229,0.00395686,0.00826326
92.2222,0.186507,-0.166282,0.00552726,0.0111893
92.2449,0.187527,-0.166549,0.00808047,0.0141072
92.2676,0.188505,-0.166641,0.0105995,0.0170281
92.2902,0.189443,-0.166362,0.011986,0.0199397
92.3129,0.190339,-0.16642,0.014889,0.0228531
92.3356,0.191194,-0.166203,0.0179281,0.0257558
92.3583,0.192006,-0.165792,0.0195383,0.0286591
92.381,0.192777,-0.165657,0.0220722,0.0315505
92.4036,0.193506,-0.165329,0.024614,0.0344411
92.4263,0.194192,-0.164354,0.0271932,0.0373186
92.449,0.194837,-0.164977,0.0293106,0.0401942
92.4717,0.195438,-0.164312,0.0322264,0.0430552
92.4943,0.195997,-0.163781,0.0338962,0.0459132
92.517,0.196513,-0.16326,0.0364746,0.0487554
92.5397,0.196986,-0.163062,0.0383159,0.0515933
92.5624,0.197416,-0.162537,0.0409651,0.0544142
92.585,0.197803,-0.161781,0.0435659,0.0572294
92.6077,0.198147,-0.161458,0.0455691,0.0600266
92.6304,0.198447,-0.160515,0.0478502,0.0628168
92.6531,0.198705,-0.159707,0.0506535,0.0655877
92.6757,0.198918,-0.159549,0.0528373,0.0683504
92.6984,0.199089,-0.158747,0.0550198,0.0710927
92.7211,0.199216,-0.157993,0.0564875,0.0738256
92.7438,0.199299,-0.15736,0.0594183,0.0765369
92.7664,0.199339,-0.156182,0.0615827,0.0792376
92.7891,0.199335,-0.155595,0.063811,0.0819154
92.8118,0.199288,-0.15496,0.0658991,0.0845816
92.8345,0.199197,-0.153278,0.0681502,0.0872237
92.8571,0.199063,-0.152673,0.0701743,0.0898529
92.8798,0.198885,-0.1518,0.0729463,0.0924571
92.9025,0.198664,-0.150699,0.0745309,0.0950471
92.9252,0.1984,-0.149744,0.0770205,0.097611
92.9478,0.198092,-0.14851,0.0791184,0.10016
92.9705,0.197741,-0.147762,0.0810006,0.102681
92.9932,0.197347,-0.146324,0.0835659,0.105186
93.0159,0.19691,-0.145084,0.0853196,0.107662
93.0385,0.19643,-0.144119,0.0867992,0.110122
93.0612,0.195907,-0.143035,0.0894176,0.112551
93.0839,0.195342,-0.142271,0.0910758,0.114962
93.1066,0.194733,-0.140935,0.0938754,0.117343
93.1293,0.194083,-0.138861,0.0958103,0.119704
93.1519,0.193389,-0.137682,0.0977076,0.122034
93.1746,0.192654,-0.136654,0.0993942,0.124343
93.1973,0.191877,-0.134808,0.101838,0.126619
93.22,0.191058,-0.132854,0.103655,0.128874
93.2426,0.190197,-0.13199,0.105634,0.131095
93.2653,0.189295,-0.130553,0.106947,0.133294
93.288,0.188351,-0.129175,0.109496,0.135458
93.3107,0.187367,-0.127773,0.111298,0.137599
93.3333,0.186341,-0.125737,0.112983,0.139704
93.356,0.185275,-0.124169,0.114653,0.141785
93.3787,0.184169,-0.122878,0.116282,0.143829
93.4014,0.183023,-0.121646,0.117792,0.145848
93.424,0.181836,-0.119605,0.119755,0.14783
93.4467,0.18061,-0.117768,0.121542,0.149786
93.4694,0.179345,-0.116211,0.123498,0.151703
93.4921,0.178041,-0.114609,0.124855,0.153594
93.5147,0.176697,-0.112322,0.127143,0.155445
93.5374,0.175316,-0.111151,0.128039,0.157269
93.5601,0.173896,-0.108706,0.130075,0.159053
93.5828,0.172438,-0.107714,0.131757,0.160808
93.6054,0.170943,-0.105562,0.132726,0.162522
93.6281,0.169411,-0.103318,0.134266,0.164208
93.6508,0.167842,-0.102047,0.13603,0.165852
93.6735,0.166236,-0.0996844,0.137377,0.167465
93.6961,0.164594,-0.0973629,0.139371,0.169037
93.7188,0.162917,-0.0959979,0.140771,0.170578
93.7415,0.161204,-0.094022,0.14145,0.172076
93.7642,0.159456,-0.0914205,0.143375,0.173543
93.7868,0.157673,-0.0895227,0.145266,0.174966
93.8095,0.155856,-0.0877948,0.145856,0.176357
93.8322,0.154005,-0.0857576,0.14719,0.177705
93.8549,0.152121,-0.0836459,0.148157,0.179019
93.8776,0.150204,-0.081494,0.149412,0.180289
93.9002,0.148254,-0.0794148,0.150594,0.181526
93.9229,0.146272,-0.0771664,0.151821,0.182718
93.9456,0.144258,-0.0750737,0.152682,0.183875
93.9683,0.142213,-0.0729666,0.153682,0.184987
93.9909,0.140137,-0.0710121,0.155185,0.186065
94.0136,0.138031,-0.068809,0.156075,0.187097
94.0363,0.135895,-0.0664798,0.157158,0.188093
94.059,0.133729,-0.063851,0.15836,0.189044
94.0816,0.131534,-0.0619603,0.159299,0.189959
94.1043,0.129311,-0.0598578,0.159716,0.190827
94.127,0.12706,-0.0573967,0.160801,0.191659
94.1497,0.124782,-0.0548487,0.162143,0.192445
94.1723,0.122476,-0.0532619,0.162343,0.193194
94.195,0.120144,-0.050883,0.163425,0.193895
94.2177,0.117786,-0.0484703,0.164336,0.19456
94.2404,0.115403,-0.0456792,0.164763,0.195178
94.263,0.112995,-0.0433674,0.165311,0.195758
94.2857,0.110562,-0.0412184,0.16583,0.196291
94.3084,0.108105,-0.0389316,0.166406,0.196786
94.3311,0.105626,-0.0360614,0.167698,0.197233
94.3537,0.103123,-0.03362,0.167992,0.197643
94.3764,0.100598,-0.0316577,0.168154,0.198004
94.3991,0.098052,-0.0289715,0.169018,0.198328
94.4218,0.0954845,-0.0261523,0.169775,0.198604
94.4444,0.0928966,-0.0246115,0.169258,0.198841
94.4671,0.0902886,-0.0220363,0.169595,0.199031
94.4898,0.0876614,-0.0194395,0.170182,0.199182
94.5125,0.0850153,-0.0172349,0.170738,0.199285
94.5351,0.082351,-0.0146034,0.170799,0.199349
94.5578,0.0796691,-0.0119438,0.171219,0.199365
94.5805,0.0769702,-0.00961159,0.171501,0.199344
94.6032,0.0742549,-0.00762962,0.171515,0.199273
94.6259,0.0715238,-0.00502206,0.171668,0.199165
94.6485,0.0687774,-0.00252112,0.171912,0.199008
94.6712,0.0660164,8.31355e-05,0.17189,0.198813
94.6939,0.0632414,0.00230691,0.171762,0.198569
94.7166,0.060453,0.00455228,0.171686,0.198288
94.7392,0.0576518,0.00747605,0.171979,0.197958
94.7619,0.0548385,0.00989454,0.171377,0.197591
94.7846,0.0520136,0.0121247,0.171874,0.197175
94.8073,0.0491778,0.0146491,0.171421,0.196722
94.8299,0.0463317,0.0170806,0.171421,0.196221
94.8526,0.0434759,0.0198898,0.171268,0.195682
94.8753,0.0406111,0.0222364,0.171013,0.195096
94.898,0.0377379,0.0244431,0.170381,0.194473
94.9206,0.0348569,0.0269414,0.170509,0.193802
94.9433,0.0319688,0.0293973,0.169845,0.193094
94.966,0.0290741,0.0317984,0.169498,0.192339
94.9887,0.0261736,0.0344626,0.169038,0.191547
95.0113,0.0232679,0.0362183,0.168274,0.190708
95.034,0.0203576,0.0387282,0.167712,0.189834
95.0567,0.0174433,0.041915,0.167704,0.188912
95.0794,0.0145257,0.0437203,0.16673,0.187955
95.102,0.0116055,0.0466191,0.166479,0.186952
95.1247,0.00868328,0.0487578,0.165902,0.185913
95.1474,0.00575966,0.0511452,0.16493,0.184829
95.1701,0.00283531,0.0536019,0.164315,0.18371
95.1927,-8.91266e-05,0.0559023,0.163576,0.182546
95.2154,-0.00301301,0.058005,0.162568,0.181347
95.2381,-0.00593568,0.0602651,0.161477,0.180103
95.2608,-0.00885652,0.0627517,0.160839,0.178826
95.2834,-0.0117749,0.0654625,0.160352,0.177504
95.3061,-0.0146901,0.0673556,0.159266,0.176149
95.3288,-0.0176015,0.0696556,0.158363,0.174751
95.3515,-0.0205086,0.0720106,0.157287,0.17332
95.3741,-0.0234106,0.0746343,0.156399,0.171846
95.3968,-0.0263069,0.0765252,0.155422,0.170339
95.4195,-0.0291969,0.0789392,0.154607,0.168791
95.4422,-0.0320799,0.0807853,0.15341,0.167211
95.4649,-0.0349554,0.0832968,0.152194,0.165589
95.4875,-0.0378226,0.0851824,0.150689,0.163937
95.5102,-0.0406809,0.0872801,0.149684,0.162244
95.5329,-0.0435298,0.0898865,0.148543,0.16052
95.5556,-0.0463686,0.0921134,0.146993,0.158757
95.5782,-0.0491966,0.093837,0.145601,0.156964
95.6009,-0.0520133,0.0963404,0.144421,0.155132
95.6236,-0.054818,0.0982307,0.143345,0.153272
95.6463,-0.0576101,0.100663,0.142203,0.151373
95.6689,-0.060389,0.10217,0.140336,0.149446
95.6916,-0.0631542,0.104557,0.139255,0.147482
95.7143,-0.0659049,0.106245,0.137513,0.14549
95.737,-0.0686405,0.108333,0.1361,0.143462
95.7596,-0.0713606,0.110188,0.134383,0.141408
95.7823,-0.0740644,0.112427,0.132596,0.139318
95.805,-0.0767515,0.113996,0.131084,0.137203
95.8277,-0.0794211,0.116109,0.12965,0.135053
95.8503,-0.0820728,0.117777,0.127879,0.132878
95.873,-0.0847058,0.119949,0.126396,0.13067
95.8957,-0.0873198,0.121701,0.124792,0.128438
95.9184,-0.089914,0.122846,0.122952,0.126174
95.941,-0.092488,0.125293,0.121032,0.123887
95.9637,-0.0950411,0.127128,0.119251,0.121568
95.9864,-0.0975728,0.128576,0.11748,0.119228
96.0091,-0.100083,0.130465,0.115717,0.116857
96.0317,-0.10257,0.131917,0.113918,0.114465
96.0544,-0.105034,0.133771,0.112308,0.112044
96.0771,-0.107475,0.135476,0.110013,0.109603
96.0998,-0.109891,0.136955,0.1081,0.107134
96.1224,-0.112283,0.138367,0.106075,0.104646
96.1451,-0.114649,0.140392,0.104426,0.10213
96.1678,-0.11699,0.141589,0.102579,0.0995976
96.1905,-0.119305,0.143164,0.100287,0.0970386
96.2132,-0.121593,0.144539,0.0981425,0.0944631
96.2358,-0.123854,0.145876,0.0964595,0.0918626
96.2585,-0.126087,0.14743,0.0941927,0.0892467
96.2812,-0.128292,0.148635,0.091842,0.086607
96.3039,-0.130468,0.150192,0.0899749,0.083953
96.3265,-0.132615,0.151332,0.0876741,0.0812762
96.3492,-0.134733,0.152402,0.0853951,0.0785865
96.3719,-0.13682,0.153815,0.0831982,0.0758752
96.3946,-0.138877,0.155305,0.0811043,0.0731519
96.4172,-0.140903,0.156314,0.0791413,0.0704084
96.4399,-0.142898,0.157399,0.0766333,0.0676541
96.4626,-0.14486,0.158643,0.0744097,0.0648807
96.4853,-0.146791,0.160039,0.0723948,0.0620978
96.5079,-0.148689,0.160764,0.0699618,0.059297
96.5306,-0.150553,0.161675,0.0674958,0.0564879
96.5533,-0.152384,0.162848,0.0652215,0.0536621
96.576,-0.154181,0.163757,0.0628648,0.0508293
96.5986,-0.155944,0.164764,0.0607242,0.047981
96.6213,-0.157673,0.165579,0.0580912,0.0451269
96.644,-0.159366,0.166365,0.0558252,0.0422587
96.6667,-0.161023,0.167492,0.053634,0.0393858
96.6893,-0.162645,0.168298,0.0512058,0.0365
96.712,-0.164231,0.168959,0.0488432,0.0336109
96.7347,-0.165781,0.169798,0.0464371,0.0307102
96.7574,-0.167293,0.170032,0.0440032,0.0278073
96.78,-0.168769,0.171054,0.0416038,0.0248942
96.8027,-0.170207,0.171649,0.038852,0.0219801
96.8254,-0.171607,0.17214,0.0365404,0.0190572
96.8481,-0.172969,0.172474,0.0342094,0.0161345
96.8707,-0.174293,0.173104,0.0313261,0.0132042
96.8934,-0.175578,0.173797,0.0291132,0.0102754
96.9161,-0.176824,0.17396,0.0267185,0.00734032
96.9388,-0.178031,0.17448,0.0242995,0.00440815
96.9615,-0.179199,0.174916,0.0216949,0.00147083
96.9841,-0.180327,0.175129,0.0190535,-0.00146231
97.0068,-0.181415,0.175394,0.0166166,-0.00439921
97.0295,-0.182463,0.175948,0.0144955,-0.0073307
97.0522,-0.183471,0.176022,0.0118235,-0.0102647
97.0748,-0.184438,0.17583,0.00894279,-0.0131919
97.0975,-0.185364,0.176356,0.00656279,-0.0161204
97.1202,-0.186249,0.176056,0.00388246,-0.0190409
97.1429,-0.187093,0.176451,0.00162137,-0.0219613
97.1655,-0.187896,0.176413,-0.0010883,-0.0248724
97.1882,-0.188657,0.176669,-0.00367752,-0.0277822
97.2109,-0.189376,0.176581,-0.00630436,-0.0306814
97.2336,-0.190054,0.176578,-0.00880005,-0.033578
97.2562,-0.190689,0.176609,-0.0108671,-0.0364628
97.2789,-0.191283,0.17632,-0.0135966,-0.0393437
97.3016,-0.191834,0.176071,-0.0161267,-0.0422115
97.3243,-0.192343,0.17588,-0.0186863,-0.0450741
97.3469,-0.19281,0.175529,-0.0212935,-0.0479225
97.3696,-0.193234,0.175326,-0.0239262,-0.0507644
97.3923,-0.193615,0.175312,-0.026135,-0.0535908
97.415,-0.193954,0.174569,-0.0289745,-0.0564095
97.4376,-0.19425,0.174288,-0.0314229,-0.0592114
97.4603,-0.194503,0.17393,-0.0337941,-0.0620044
97.483,-0.194714,0.173208,-0.0364683,-0.0647794
97.5057,-0.194881,0.17308,-0.0389147,-0.0675442
97.5283,-0.195006,0.172574,-0.0413553,-0.07029
97.551,-0.195087,0.171598,-0.0439256,-0.0730242
97.5737,-0.195126,0.171243,-0.0465195,-0.0757382
97.5964,-0.195122,0.170745,-0.0487257,-0.0784394
97.619,-0.195075,0.16987,-0.0511411,-0.0811193
97.6417,-0.194984,0.169106,-0.0538609,-0.0837853
97.6644,-0.194852,0.168227,-0.0562689,-0.0864286
97.6871,-0.194676,0.16763,-0.0584735,-0.089057
97.7098,-0.194457,0.166938,-0.0611098,-0.0916615
97.7324,-0.194196,0.166006,-0.0634082,-0.0942499
97.7551,-0.193892,0.16479,-0.0657126,-0.0968134
97.7778,-0.193545,0.164142,-0.0681542,-0.0993596
97.8005,-0.193156,0.1633,-0.0702926,-0.10188
97.8231,-0.192725,0.162248,-0.0729163,-0.104381
97.8458,-0.192251,0.161279,-0.0750415,-0.106856
97.8685,-0.191736,0.160208,-0.0774729,-0.109311
97.8912,-0.191178,0.159066,-0.0797987,-0.111738
97.9138,-0.190578,0.157763,-0.0823224,-0.114144
97.9365,-0.189936,0.156826,-0.0843924,-0.116522
97.9592,-0.189253,0.155446,-0.0866401,-0.118877
97.9819,-0.188528,0.154239,-0.0889315,-0.121202
98.0045,-0.187763,0.153008,-0.0911786,-0.123505
98.0272,-0.186956,0.151717,-0.0933002,-0.125776
98.0499,-0.186108,0.150528,-0.095536,-0.128024
98.0726,-0.185219,0.14914,-0.097689,-0.130239
98.0952,-0.18429,0.14756,-0.0998573,-0.13243
98.1179,-0.18332,0.146379,-0.102104,-0.134587
98.1406,-0.182311,0.144646,-0.104241,-0.136719
98.1633,-0.181262,0.143151,-0.106022,-0.138817
98.1859,-0.180173,0.141713,-0.108119,-0.140888
98.2086,-0.179044,0.140151,-0.110573,-0.142924
98.2313,-0.177877,0.138789,-0.112262,-0.144932
98.254,-0.176671,0.137076,-0.114342,-0.146905
98.2766,-0.175426,0.13527,-0.116557,-0.148849
98.2993,-0.174143,0.133872,-0.118293,-0.150757
98.322,-0.172822,0.132103,-0.120069,-0.152635
98.3447,-0.171464,0.130329,-0.122176,-0.154476
98.3673,-0.170068,0.128742,-0.123904,-0.156287
98.39,-0.168635,0.126827,-0.125927,-0.158059
98.4127,-0.167165,0.12522,-0.127628,-0.159801
98.4354,-0.16566,0.123292,-0.129573,-0.161503
98.458,-0.164118,0.121234,-0.131518,-0.163174
98.4807,-0.16254,0.119409,-0.1332,-0.164805
98.5034,-0.160927,0.117538,-0.134813,-0.166404
98.5261,-0.159279,0.115821,-0.136637,-0.167962
98.5488,-0.157597,0.11391,-0.138047,-0.169487
98.5714,-0.15588,0.111956,-0.139846,-0.170971
98.5941,-0.15413,0.109949,-0.141463,-0.172422
98.6168,-0.152346,0.107767,-0.143268,-0.17383
98.6395,-0.150529,0.105598,-0.144659,-0.175204
98.6621,-0.14868,0.103671,-0.14606,-0.176536
98.6848,-0.146799,0.101529,-0.147598,-0.177833
98.7075,-0.144885,0.0993813,-0.149251,-0.179087
98.7302,-0.142941,0.0972805,-0.150741,-0.180305
98.7528,-0.140965,0.095234,-0.152044,-0.18148
98.7755,-0.13896,0.0929794,-0.153518,-0.182619
98.7982,-0.136924,0.0906804,-0.154927,-0.183714
98.8209,-0.134859,0.0884455,-0.156237,-0.184772
98.8435,-0.132764,0.086294,-0.157558,-0.185786
98.8662,-0.130641,0.0841002,-0.158555,-0.186763
98.8889,-0.128491,0.0816589,-0.159538,-0.187695
98.9116,-0.126312,0.0794344,-0.161038,-0.18859
98.9342,-0.124106,0.077225,-0.162209,-0.189439
98.9569,-0.121874,0.0749488,-0.163275,-0.190251
98.9796,-0.119616,0.0724468,-0.16437,-0.191017
99.0023,-0.117332,0.0700298,-0.165324,-0.191744
99.0249,-0.115023,0.067658,-0.166534,-0.192426
99.0476,-0.112689,0.0653369,-0.167488,-0.19307
99.0703,-0.110331,0.062867,-0.168337,-0.193667
99.093,-0.10795,0.060545,-0.16929,-0.194226
99.1156,-0.105546,0.0580207,-0.170141,-0.194738
99.1383,-0.103119,0.0556412,-0.171013,-0.195211
99.161,-0.100671,0.0530326,-0.171953,-0.195638
99.1837,-0.0982009,0.0505985,-0.172605,-0.196025
99.2063,-0.0957102,0.0482668,-0.173371,-0.196366
99.229,-0.0931993,0.0456933,-0.174132,-0.196667
99.2517,-0.0906687,0.0431768,-0.174943,-0.196921
99.2744,-0.088119,0.0407277,-0.175527,-0.197136
99.2971,-0.0855508,0.0380972,-0.175953,-0.197304
99.3197,-0.0829646,0.0356244,-0.176656,-0.197432
99.3424,-0.080361,0.033104,-0.177172,-0.197514
99.3651,-0.0777406,0.0305904,-0.177697,-0.197555
99.3878,-0.075104,0.0279213,-0.178102,-0.19755
99.4104,-0.0724517,0.0253721,-0.17852,-0.197505
99.4331,-0.0697844,0.0228207,-0.178883,-0.197413
99.4558,-0.0671027,0.0203474,-0.179221,-0.197281
99.4785,-0.0644071,0.0176545,-0.179529,-0.197103
99.5011,-0.0616983,0.0151047,-0.17983,-0.196885
99.5238,-0.0589769,0.0127179,-0.179954,-0.19662
99.5465,-0.0562434,0.00993531,-0.180264,-0.196316
99.5692,-0.0534985,0.00721431,-0.180294,-0.195965
99.5918,-0.0507428,0.00473688,-0.180413,-0.195574
99.6145,-0.0479769,0.00216264,-0.18056,-0.195138
99.6372,-0.0452014,-0.000709669,-0.180661,-0.194662
99.6599,-0.042417,-0.00308648,-0.18074,-0.19414
99.6825,-0.0396242,-0.00565098,-0.180515,-0.193578
99.7052,-0.0368237,-0.00821497,-0.180509,-0.192972
99.7279,-0.0340162,-0.0109259,-0.18052,-0.192326
99.7506,-0.0312021,-0.0135718,-0.18041,-0.191634
99.7732,-0.0283822,-0.0160536,-0.180023,-0.190904
99.7959,-0.0255571,-0.0186983,-0.179841,-0.190129
99.8186,-0.0227274,-0.0213543,-0.179538,-0.189316
99.8413,-0.0198937,-0.0238726,-0.179488,-0.188458
99.8639,-0.0170567,-0.0264774,-0.178922,-0.187562
99.8866,-0.014217,-0.0291255,-0.178587,-0.186621
99.9093,-0.0113752,-0.0317315,-0.178148,-0.185643
99.932,-0.00853199,-0.0341834,-0.177846,-0.184621
99.9546,-0.00568796,-0.0368308,-0.177426,-0.183563
99.9773,-0.00284376,-0.0394156,-0.176835,-0.18246
100,9.90717e-16,-0.0419818,-0.176135,-0.181321
100.023,0.00284267,-0.044518,-0.1756,-0.180139
100.045,0.00568364,-0.0470539,-0.17492,-0.178921
100.068,0.00852226,-0.0494424,-0.174357,-0.177661
100.091,0.0113579,-0.0519956,-0.173696,-0.176365
100.113,0.01419,-0.0545611,-0.172946,-0.175027
100.136,0.0170178,-0.0572262,-0.172188,-0.173654
100.159,0.0198408,-0.0594599,-0.171297,-0.17224
100.181,0.0226583,-0.0620498,-0.170468,-0.170792
100.204,0.0254697,-0.0644786,-0.16958,-0.169303
100.227,0.0282744,-0.0669611,-0.168539,-0.167781
100.249,0.0310718,-0.0692401,-0.16764,-0.166218
100.272,0.0338612,-0.0717876,-0.166716,-0.164623
100.295,0.036642,-0.0743298,-0.165798,-0.162988
100.317,0.0394137,-0.0767136,-0.164613,-0.161321
100.34,0.0421756,-0.0790387,-0.163581,-0.159616
100.363,0.044927,-0.0814359,-0.162482,-0.157879
100.385,0.0476675,-0.0838352,-0.161268,-0.156104
100.408,0.0503963,-0.0860443,-0.15996,-0.154299
100.431,0.0531129,-0.0883713,-0.158777,-0.152457
100.454,0.0558167,-0.090781,-0.157585,-0.150584
100.476,0.0585071,-0.093013,-0.156332,-0.148676
100.499,0.0611835,-0.0952281,-0.154891,-0.146739
100.522,0.0638453,-0.097592,-0.153548,-0.144766
100.544,0.0664919,-0.0996707,-0.152132,-0.142765
100.567,0.0691228,-0.101884,-0.150708,-0.14073
100.59,0.0717373,-0.104029,-0.149237,-0.138668
100.612,0.074335,-0.106271,-0.147792,-0.136572
100.635,0.0769151,-0.108444,-0.146303,-0.134449
100.658,0.0794772,-0.110497,-0.144654,-0.132295
100.68,0.0820207,-0.112746,-0.143128,-0.130114
100.703,0.0845451,-0.114785,-0.141434,-0.127903
100.726,0.0870497,-0.116707,-0.139778,-0.125666
100.748,0.0895341,-0.118728,-0.138119,-0.1234
100.771,0.0919976,-0.120801,-0.136519,-0.121109
100.794,0.0944398,-0.122801,-0.134775,-0.118789
100.816,0.0968602,-0.124743,-0.132891,-0.116447
100.839,0.0992581,-0.126678,-0.131123,-0.114076
100.862,0.101633,-0.128639,-0.129334,-0.111684
100.884,0.103985,-0.130537,-0.127482,-0.109264
100.907,0.106312,-0.132298,-0.125553,-0.106824
100.93,0.108615,-0.134172,-0.123781,-0.104358
100.952,0.110893,-0.135954,-0.121836,-0.101872
100.975,0.113146,-0.137679,-0.119871,-0.0993615
100.998,0.115373,-0.139439,-0.117964,-0.0968323
101.02,0.117573,-0.141221,-0.115768,-0.0942793
101.043,0.119746,-0.14285,-0.113796,-0.0917088
101.066,0.121892,-0.14443,-0.111704,-0.0891158
101.088,0.12401,-0.146208,-0.109595,-0.0865064
101.111,0.1261,-0.147819,-0.107544,-0.0838756
101.134,0.128161,-0.149334,-0.105373,-0.0812297
101.156,0.130193,-0.150855,-0.103221,-0.0785635
101.179,0.132195,-0.152295,-0.101098,-0.0758833
101.202,0.134167,-0.153827,-0.0989959,-0.073184
101.224,0.136108,-0.155234,-0.0966609,-0.0704719
101.247,0.138019,-0.15667,-0.0945175,-0.067742
101.27,0.139898,-0.158091,-0.0921448,-0.0650004
101.293,0.141746,-0.159372,-0.0897944,-0.0622423
101.315,0.143561,-0.160759,-0.0876351,-0.0594736
101.338,0.145344,-0.161902,-0.0852673,-0.0566897
101.361,0.147093,-0.163283,-0.0829503,-0.0538965
101.383,0.14881,-0.164429,-0.0805885,-0.0510891
101.406,0.150493,-0.165633,-0.0782155,-0.0482738
101.429,0.152142,-0.166787,-0.0758724,-0.0454456
101.451,0.153756,-0.167919,-0.0733899,-0.0426106
101.474,0.155336,-0.168856,-0.0710119,-0.039764
101.497,0.156881,-0.169954,-0.0684971,-0.0369119
101.519,0.15839,-0.171033,-0.0661553,-0.0340494
101.542,0.159864,-0.171984,-0.0636407,-0.0311827
101.565,0.161301,-0.172889,-0.0611507,-0.0283069
101.587,0.162702,-0.173827,-0.0586645,-0.0254281
101.61,0.164067,-0.174684,-0.0561805,-0.0225416
101.633,0.165395,-0.175518,-0.053603,-0.0196532
101.655,0.166685,-0.176245,-0.0510762,-0.0167585
101.678,0.167938,-0.177058,-0.0485909,-0.0138631
101.701,0.169153,-0.177765,-0.0459952,-0.0109627
101.723,0.170331,-0.178446,-0.0434418,-0.00806294
101.746,0.17147,-0.179103,-0.0408869,-0.00515931
101.769,0.172571,-0.179655,-0.0381579,-0.00225771
101.791,0.173633,-0.180221,-0.035647,0.000646435
101.814,0.174656,-0.180783,-0.0330144,0.00354733
101.837,0.175639,-0.181244,-0.0304212,0.00644951
101.859,0.176584,-0.18166,-0.027717,0.00934713
101.882,0.177489,-0.182111,-0.0251682,0.0122447
101.905,0.178355,-0.182519,-0.0225567,0.0151366
101.927,0.17918,-0.182847,-0.019932,0.018027
101.95,0.179965,-0.183206,-0.0173265,0.0209105
101.973,0.180711,-0.183337,-0.0146088,0.0237913
101.995,0.181416,-0.183601,-0.0119394,0.0266638
102.018,0.18208,-0.183861,-0.00934266,0.0295325
102.041,0.182704,-0.183951,-0.00664627,0.0323915
102.063,0.183287,-0.184052,-0.00397036,0.0352454
102.086,0.183829,-0.184211,-0.00132221,0.0380885
102.109,0.18433,-0.184171,0.00134353,0.0409252
102.132,0.184791,-0.184143,0.00404097,0.0437498
102.154,0.18521,-0.18419,0.00660098,0.0465667
102.177,0.185588,-0.184055,0.00932387,0.0493704
102.2,0.185924,-0.183939,0.012015,0.0521651
102.222,0.186219,-0.183788,0.0146678,0.0549453
102.245,0.186473,-0.183528,0.0173277,0.0577154
102.268,0.186686,-0.183381,0.0199778,0.0604697
102.29,0.186857,-0.183074,0.0226746,0.0632126
102.313,0.186986,-0.182655,0.025335,0.0659386
102.336,0.187074,-0.182422,0.0279376,0.068652
102.358,0.187121,-0.182008,0.0306197,0.0713474
102.381,0.187126,-0.181592,0.0332232,0.0740288
102.404,0.18709,-0.181087,0.0359334,0.0766911
102.426,0.187012,-0.180602,0.0384677,0.0793383
102.449,0.186893,-0.180063,0.0410461,0.0819651
102.472,0.186733,-0.179463,0.0436605,0.0845757
102.494,0.186531,-0.178826,0.0463299,0.0871649
102.517,0.186288,-0.178249,0.0488921,0.0897366
102.54,0.186004,-0.177534,0.0515067,0.0922857
102.562,0.185678,-0.176739,0.0540245,0.0948163
102.585,0.185312,-0.175962,0.056633,0.0973232
102.608,0.184905,-0.175207,0.0591675,0.0998104
102.63,0.184457,-0.174299,0.0617203,0.102273
102.653,0.183969,-0.173459,0.0642185,0.104714
102.676,0.18344,-0.172558,0.0667416,0.10713
102.698,0.182871,-0.171598,0.0692778,0.109524
102.721,0.182261,-0.170585,0.071773,0.111891
102.744,0.181611,-0.169621,0.0741649,0.114236
102.766,0.180921,-0.168526,0.0767279,0.116552
102.789,0.180192,-0.167418,0.0791462,0.118844
102.812,0.179423,-0.166304,0.0815226,0.121108
102.834,0.178615,-0.165114,0.0839668,0.123346
102.857,0.177767,-0.163922,0.0863378,0.125555
102.88,0.176881,-0.162603,0.088757,0.127738
102.902,0.175955,-0.161352,0.0911065,0.12989
102.925,0.174991,-0.160066,0.0934226,0.132015
102.948,0.173989,-0.158729,0.0957799,0.134108
102.971,0.172949,-0.157337,0.0980411,0.136174
102.993,0.171871,-0.155944,0.100344,0.138206
103.016,0.170756,-0.154516,0.102617,0.14021
103.039,0.169603,-0.152985,0.104858,0.142181
103.061,0.168413,-0.151511,0.107039,0.144122
103.084,0.167186,-0.149985,0.109311,0.146029
103.107,0.165923,-0.148421,0.111453,0.147905
103.129,0.164624,-0.146801,0.113658,0.149746
103.152,0.163289,-0.145165,0.11574,0.151556
103.175,0.161918,-0.14352,0.117857,0.15333
103.197,0.160513,-0.141795,0.119961,0.155071
103.22,0.159072,-0.140084,0.122032,0.156777
103.243,0.157597,-0.138316,0.124038,0.158449
103.265,0.156087,-0.136538,0.126046,0.160084
103.288,0.154544,-0.134745,0.128032,0.161685
103.311,0.152967,-0.132877,0.129995,0.163248
103.333,0.151358,-0.131004,0.131923,0.164777
103.356,0.149715,-0.129093,0.133836,0.166267
103.379,0.14804,-0.127142,0.135686,0.167722
103.401,0.146333,-0.125172,0.137581,0.169138
103.424,0.144595,-0.123238,0.139382,0.170519
103.447,0.142825,-0.121209,0.141194,0.171859
103.469,0.141025,-0.119153,0.142931,0.173163
103.492,0.139195,-0.117124,0.144679,0.174427
103.515,0.137334,-0.115008,0.14638,0.175654
103.537,0.135444,-0.112883,0.148061,0.17684
103.56,0.133525,-0.11077,0.149651,0.177988
103.583,0.131577,-0.108579,0.151281,0.179095
103.605,0.129601,-0.106402,0.152903,0.180165
103.628,0.127598,-0.104222,0.154454,0.181192
103.651,0.125567,-0.101957,0.155929,0.182181
103.673,0.123509,-0.0997294,0.157442,0.183128
103.696,0.121425,-0.0974308,0.158895,0.184036
103.719,0.119316,-0.0951363,0.160304,0.184901
103.741,0.11718,-0.0928376,0.161685,0.185727
103.764,0.11502,-0.0904712,0.16307,0.18651
103.787,0.112836,-0.0881302,0.164358,0.187254
103.81,0.110628,-0.0857618,0.165657,0.187954
103.832,0.108396,-0.0833464,0.166897,0.188615
103.855,0.106142,-0.0809416,0.16813,0.189232
103.878,0.103865,-0.0784888,0.169305,0.189809
103.9,0.101567,-0.0760653,0.170423,0.190342
103.923,0.099247,-0.0736062,0.17156,0.190834
103.946,0.0969064,-0.0710977,0.172646,0.191283
103.968,0.0945455,-0.0686137,0.173665,0.191691
103.991,0.092165,-0.0660915,0.174674,0.192055
104.014,0.0897653,-0.0635818,0.175642,0.192378
104.036,0.087347,-0.0610428,0.176572,0.192657
104.059,0.0849107,-0.0584832,0.17743,0.192895
104.082,0.0824568,-0.0558945,0.178327,0.193089
104.104,0.079986,-0.0533171,0.179146,0.193242
104.127,0.0774987,-0.050716,0.179912,0.19335
104.15,0.0749957,-0.0481337,0.180643,0.193418
104.172,0.0724774,-0.0454968,0.181376,0.193441
104.195,0.0699444,-0.0428515,0.182036,0.193422
104.218,0.0673973,-0.0402505,0.182656,0.19336
104.24,0.0648366,-0.0375858,0.183263,0.193257
104.263,0.0622629,-0.0349308,0.18379,0.193109
104.286,0.0596769,-0.032269,0.184311,0.19292
104.308,0.0570791,-0.0295876,0.184782,0.192687
104.331,0.05447,-0.0269316,0.185228,0.192413
104.354,0.0518503,-0.0242451,0.185637,0.192096
104.376,0.0492206,-0.0215505,0.185964,0.191737
104.399,0.0465814,-0.0188541,0.186309,0.191335
104.422,0.0439334,-0.0161579,0.186587,0.190892
104.444,0.0412771,-0.0134328,0.186825,0.190405
104.467,0.0386132,-0.010746,0.187023,0.189878
104.49,0.0359422,-0.00802267,0.187192,0.189308
104.512,0.0332647,-0.00531183,0.187316,0.188697
104.535,0.0305814,-0.00259173,0.187412,0.188044
104.558,0.0278928,0.000125729,0.187444,0.187351
104.58,0.0251995,0.00283692,0.187444,0.186614
104.603,0.0225022,0.00556988,0.187416,0.185839
104.626,0.0198014,0.00827874,0.187332,0.185021
104.649,0.0170978,0.0109875,0.187226,0.184164
104.671,0.014392,0.0137174,0.187079,0.183265
104.694,0.0116845,0.0164321,0.186883,0.182327
104.717,0.00897596,0.0191471,0.186665,0.181347
104.739,0.00626701,0.0218617,0.186392,0.18033
104.762,0.00355825,0.0245595,0.186084,0.179271
104.785,0.000850267,0.0272662,0.18572,0.178174
104.807,-0.00185633,0.0299551,0.185336,0.177037
104.83,-0.00456093,0.032642,0.184913,0.175863
104.853,-0.00726294,0.0353217,0.184437,0.174648
104.875,-0.00996176,0.0380163,0.183935,0.173397
104.898,-0.0126568,0.0406843,0.183392,0.172106
104.921,-0.0153474,0.0433383,0.182797,0.170779
104.943,-0.018033,0.045997,0.182175,0.169413
104.966,-0.0207131,0.0486475,0.181519,0.168011
104.989,-0.0233869,0.051282,0.180825,0.166571
105.011,-0.026054,0.0539031,0.180082,0.165096
105.034,-0.0287137,0.0565219,0.179312,0.163584
105.057,-0.0313655,0.0591227,0.178497,0.162037
105.079,-0.0340087,0.0617155,0.177644,0.160454
105.102,-0.0366427,0.0643008,0.17675,0.158837
105.125,-0.0392671,0.0668679,0.175831,0.157183
105.147,-0.0418811,0.0694261,0.174859,0.155497
105.17,-0.0444843,0.0719648,0.173861,0.153776
105.193,-0.047076,0.0744927,0.172822,0.152022
105.215,-0.0496557,0.0770074,0.171746,0.150234
105.238,-0.0522228,0.0795064,0.170642,0.148415
105.261,-0.0547768,0.0819788,0.169492,0.146561
105.283,-0.057317,0.0844476,0.1683,0.144678
105.306,-0.059843,0.0868974,0.167088,0.142761
105.329,-0.0623541,0.0893202,0.165828,0.140815
105.351,-0.0648498,0.0917299,0.164538,0.138836
105.374,-0.0673296,0.0941262,0.16321,0.136829
105.397,-0.0697929,0.0964988,0.161853,0.134791
105.42,-0.0722392,0.0988534,0.160455,0.132725
105.442,-0.0746679,0.101189,0.159029,0.130629
105.465,-0.0770785,0.103502,0.157564,0.128505
105.488,-0.0794705,0.105792,0.156068,0.126353
105.51,-0.0818434,0.108066,0.154535,0.124174
105.533,-0.0841966,0.110311,0.152971,0.121968
105.556,-0.0865296,0.112537,0.151376,0.119736
105.578,-0.0888419,0.114741,0.149747,0.117477
105.601,-0.0911331,0.116922,0.148088,0.115194
105.624,-0.0934025,0.119076,0.146394,0.112885
105.646,-0.0956498,0.121207,0.144669,0.110553
105.669,-0.0978744,0.123312,0.142916,0.108196
105.692,-0.100076,0.125396,0.141129,0.105816
105.714,-0.102254,0.127449,0.139312,0.103413
105.737,-0.104407,0.129478,0.137468,0.100989
105.76,-0.106536,0.131479,0.135594,0.0985414
105.782,-0.10864,0.133456,0.133687,0.0960743
105.805,-0.110719,0.135402,0.131756,0.0935853
105.828,-0.112772,0.137322,0.129794,0.0910776
105.85,-0.114798,0.139213,0.127804,0.0885492
105.873,-0.116797,0.141076,0.125787,0.0860031
105.896,-0.118769,0.142908,0.123742,0.0834375
105.918,-0.120714,0.144712,0.121671,0.0808553
105.941,-0.12263,0.146485,0.119575,0.0782547
105.964,-0.124518,0.148228,0.117451,0.0756388
105.986,-0.126377,0.14994,0.115303,0.0730056
106.009,-0.128207,0.151622,0.113129,0.0703582
106.032,-0.130007,0.153271,0.110931,0.0676948
106.054,-0.131777,0.15489,0.108709,0.0650183
106.077,-0.133516,0.156474,0.106464,0.062327
106.1,-0.135224,0.158029,0.104195,0.0596238
106.122,-0.136902,0.159547,0.101903,0.056907
106.145,-0.138548,0.161036,0.0995897,0.0541796
106.168,-0.140162,0.162488,0.0972545,0.0514397
106.19,-0.141743,0.163909,0.0948979,0.0486904
106.213,-0.143292,0.165293,0.0925209,0.0459299
106.236,-0.144808,0.166646,0.0901234,0.0431613
106.259,-0.146291,0.167961,0.0877063,0.0403826
106.281,-0.147741,0.169243,0.0852699,0.037597
106.304,-0.149156,0.170488,0.082815,0.0348026
106.327,-0.150538,0.1717,0.0803416,0.0320025
106.349,-0.151885,0.172872,0.0778508,0.029195
106.372,-0.153197,0.174012,0.0753426,0.0263829
106.395,-0.154474,0.175113,0.072818,0.0235647
106.417,-0.155716,0.176179,0.0702771,0.0207431
106.44,-0.156923,0.177206,0.0677208,0.0179167
106.463,-0.158094,0.178199,0.0651493,0.0150882
106.485,-0.159228,0.179152,0.0625634,0.012256
106.508,-0.160327,0.18007,0.0599635,0.00942309
106.531,-0.161389,0.180947,0.0573502,0.00658774
106.553,-0.162415,0.181789,0.054724,0.00375286
106.576,-0.163403,0.182591,0.0520856,0.000916867
106.599,-0.164355,0.183356,0.0494353,-0.00191743
106.621,-0.165269,0.184081,0.0467739,-0.00475159
106.644,-0.166146,0.18477,0.0441017,-0.00758278
106.667,-0.166986,0.185417,0.0414197,-0.0104126
106.689,-0.167787,0.186028,0.0387279,-0.0132382
106.712,-0.168551,0.186597,0.0360274,-0.0160611
106.735,-0.169276,0.187129,0.0333183,-0.0188786
106.757,-0.169964,0.18762,0.0306015,-0.0216921
106.78,-0.170613,0.188074,0.0278774,-0.024499
106.803,-0.171223,0.188485,0.0251467,-0.0273007
106.825,-0.171795,0.18886,0.0224098,-0.0300945
106.848,-0.172328,0.189191,0.0196675,-0.0328819
106.871,-0.172823,0.189486,0.0169201,-0.0356601
106.893,-0.173279,0.189739,0.0141686,-0.0384307
106.916,-0.173695,0.189954,0.0114131,-0.0411909
106.939,-0.174073,0.190126,0.00865457,-0.0439423
106.961,-0.174412,0.190261,0.00589324,-0.046682
106.984,-0.174711,0.190353,0.00313011,-0.0494116
107.007,-0.174972,0.190407,0.000365251,-0.0521285
107.029,-0.175193,0.190419,-0.00240016,-0.0548341
107.052,-0.175375,0.190393,-0.00516612,-0.0575257
107.075,-0.175518,0.190324,-0.00793152,-0.0602048
107.098,-0.175622,0.190218,-0.0106963,-0.0628688
107.12,-0.175686,0.190069,-0.0134593,-0.065519
107.143,-0.175711,0.189882,-0.0162205,-0.068153
107.166,-0.175697,0.189653,-0.0189789,-0.0707721
107.188,-0.175644,0.189386,-0.0217342,-0.0733737
107.211,-0.175551,0.189076,-0.0244855,-0.0759593
107.234,-0.17542,0.188729,-0.0272326,-0.0785264
107.256,-0.175249,0.188339,-0.0299745,-0.0810762
107.279,-0.17504,0.187912,-0.0327111,-0.0836065
107.302,-0.174792,0.187443,-0.0354412,-0.0861183
107.324,-0.174505,0.186936,-0.0381649,-0.0886094
107.347,-0.174179,0.186388,-0.0408811,-0.091081
107.37,-0.173814,0.185802,-0.0435896,-0.0935308
107.392,-0.173411,0.185174,-0.0462894,-0.0959601
107.415,-0.17297,0.18451,-0.0489804,-0.0983665
107.438,-0.17249,0.183804,-0.0516616,-0.100751
107.46,-0.171972,0.183061,-0.0543329,-0.103112
107.483,-0.171416,0.182277,-0.0569931,-0.10545
107.506,-0.170823,0.181457,-0.0596423,-0.107764
107.528,-0.170191,0.180596,-0.0622794,-0.110053
107.551,-0.169523,0.179699,-0.0649043,-0.112317
107.574,-0.168816,0.178761,-0.0675159,-0.114556
107.596,-0.168073,0.177787,-0.0701143,-0.116768
107.619,-0.167293,0.176773,-0.0726983,-0.118954
107.642,-0.166475,0.175725,-0.0752679,-0.121112
107.664,-0.165622,0.174636,-0.077822,-0.123244
107.687,-0.164732,0.173512,-0.0803607,-0.125347
107.71,-0.163805,0.172349,-0.0828827,-0.127422
107.732,-0.162843,0.171152,-0.0853883,-0.129468
107.755,-0.161845,0.169915,-0.0878761,-0.131485
107.778,-0.160812,0.168646,-0.0903464,-0.133472
107.8,-0.159744,0.167337,-0.0927979,-0.135429
107.823,-0.158641,0.165995,-0.0952309,-0.137355
107.846,-0.157503,0.164616,-0.0976439,-0.139251
107.868,-0.156331,0.163203,-0.100037,-0.141114
107.891,-0.155125,0.161753,-0.10241,-0.142946
107.914,-0.153885,0.160272,-0.104762,-0.144746
107.937,-0.152611,0.158753,-0.107092,-0.146513
107.959,-0.151305,0.157203,-0.1094,-0.148247
107.982,-0.149965,0.155617,-0.111686,-0.149948
108.005,-0.148593,0.154,-0.113949,-0.151614
108.027,-0.147189,0.152347,-0.116188,-0.153248
108.05,-0.145753,0.150665,-0.118403,-0.154846
108.073,-0.144286,0.148947,-0.120594,-0.156409
108.095,-0.142787,0.1472,-0.12276,-0.157937
108.118,-0.141258,0.145419,-0.1249,-0.159431
108.141,-0.139698,0.143609,-0.127015,-0.160887
108.163,-0.138108,0.141766,-0.129103,-0.162309
108.186,-0.136489,0.139895,-0.131165,-0.163693
108.209,-0.13484,0.137991,-0.133199,-0.165041
108.231,-0.133162,0.13606,-0.135206,-0.166351
108.254,-0.131456,0.134097,-0.137185,-0.167625
108.277,-0.129721,0.132109,-0.139135,-0.168861
108.299,-0.127959,0.130088,-0.141056,-0.170059
108.322,-0.12617,0.128043,-0.142948,-0.171219
108.345,-0.124354,0.125967,-0.14481,-0.172341
108.367,-0.122511,0.123867,-0.146642,-0.173424
108.39,-0.120643,0.121737,-0.148444,-0.174469
108.413,-0.118748,0.119584,-0.150214,-0.175474
108.435,-0.116829,0.117402,-0.151953,-0.17644
108.458,-0.114885,0.115197,-0.153661,-0.177367
108.481,-0.112917,0.112965,-0.155336,-0.178254
108.503,-0.110925,0.110711,-0.156979,-0.179101
108.526,-0.10891,0.10843,-0.158589,-0.179909
108.549,-0.106872,0.106128,-0.160167,-0.180676
108.571,-0.104811,0.103801,-0.16171,-0.181403
108.594,-0.102729,0.101454,-0.16322,-0.182089
108.617,-0.100626,0.0990815,-0.164695,-0.182735
108.639,-0.0985009,0.0966907,-0.166136,-0.18334
108.662,-0.096356,0.0942759,-0.167543,-0.183905
108.685,-0.0941911,0.0918434,-0.168914,-0.184428
108.707,-0.0920068,0.0893879,-0.170249,-0.18491
108.73,-0.0898036,0.0869159,-0.17155,-0.185351
108.753,-0.087582,0.0844218,-0.172814,-0.185751
108.776,-0.0853425,0.0819122,-0.174042,-0.18611
108.798,-0.0830856,0.0793816,-0.175233,-0.186427
108.821,-0.0808119,0.0768365,-0.176387,-0.186702
108.844,-0.0785218,0.0742716,-0.177504,-0.186937
108.866,-0.076216,0.0716933,-0.178585,-0.187129
108.889,-0.0738949,0.0690961,-0.179627,-0.187281
108.912,-0.071559,0.0664866,-0.180632,-0.18739
108.934,-0.0692089,0.0638594,-0.181598,-0.187458
108.957,-0.0668451,0.061221,-0.182527,-0.187484
108.98,-0.0644683,0.058566,-0.183417,-0.187469
109.002,-0.0620788,0.0559009,-0.184269,-0.187412
109.025,-0.0596773,0.0532203,-0.185081,-0.187314
109.048,-0.0572643,0.0505306,-0.185855,-0.187174
109.07,-0.0548404,0.0478267,-0.186589,-0.186993
109.093,-0.0524061,0.0451149,-0.187285,-0.18677
109.116,-0.0499619,0.0423899,-0.18794,-0.186506
109.138,-0.0475085,0.0396583,-0.188556,-0.186201
109.161,-0.0450464,0.0369145,-0.189132,-0.185854
109.184,-0.0425761,0.0341652,-0.189668,-0.185467
109.206,-0.0400982,0.031405,-0.190164,-0.185038
109.229,-0.0376132,0.0286404,-0.190621,-0.184568
109.252,-0.0351218,0.0258661,-0.191036,-0.184058
109.274,-0.0326245,0.0230887,-0.191411,-0.183507
109.297,-0.0301218,0.0203026,-0.191746,-0.182916
109.32,-0.0276144,0.0175145,-0.19204,-0.182283
109.342,-0.0251028,0.014719,-0.192294,-0.181611
109.365,-0.0225875,0.0119227,-0.192507,-0.180899
109.388,-0.0200691,0.00912022,-0.192679,-0.180147
109.41,-0.0175483,0.00631807,-0.19281,-0.179355
109.433,-0.0150255,0.00351091,-0.192901,-0.178524
109.456,-0.0125013,0.000705257,-0.19295,-0.177653
109.478,-0.00997637,-0.0021042,-0.192959,-0.176744
109.501,-0.00745118,-0.00491094,-0.192927,-0.175795
109.524,-0.00492633,-0.00772029,-0.192854,-0.174808
109.546,-0.00240239,-0.0105257,-0.19274,-0.173782
109.569,0.000120094,-0.0133326,-0.192585,-0.172718
109.592,0.00264053,-0.0161344,-0.192389,-0.171615
109.615,0.00515837,-0.0189364,-0.192152,-0.170476
109.637,0.00767305,-0.0217321,-0.191875,-0.169299
109.66,0.010184,-0.0245269,-0.191556,-0.168085
109.683,0.0126906,-0.0273142,-0.191197,-0.166833
109.705,0.0151924,-0.0300993,-0.190797,-0.165546
109.728,0.0176888,-0.0328758,-0.190357,-0.164221
109.751,0.0201793,-0.035649,-0.189876,-0.162861
109.773,0.0226632,-0.0384123,-0.189356,-0.161466
109.796,0.02514,-0.0411711,-0.188794,-0.160035
109.819,0.0276092,-0.0439189,-0.188193,-0.158568
109.841,0.0300702,-0.046661,-0.187551,-0.157068
109.864,0.0325225,-0.0493909,-0.186869,-0.155532
109.887,0.0349656,-0.052114,-0.186147,-0.153963
109.909,0.0373988,-0.0548237,-0.185386,-0.152361
109.932,0.0398217,-0.0575254,-0.184585,-0.150725
109.955,0.0422336,-0.0602126,-0.183746,-0.149056
109.977,0.0446342,-0.0628907,-0.182866,-0.147354
110,0.0470228,-0.0655531,-0.181948,-0.145621
110.023,0.049399,-0.0682051,-0.180991,-0.143856
110.045,0.0517621,-0.0708405,-0.179995,-0.142059
110.068,0.0541117,-0.0734643,-0.178961,-0.140232
110.091,0.0564472,-0.0760703,-0.177888,-0.138374
110.113,0.0587682,-0.0786637,-0.176778,-0.136486
110.136,0.0610742,-0.0812381,-0.17563,-0.134568
110.159,0.0633645,-0.0837988,-0.174443,-0.132621
110.181,0.0656388,-0.0863394,-0.17322,-0.130645
110.204,0.0678965,-0.0888653,-0.17196,-0.128642
110.227,0.0701371,-0.0913699,-0.170663,-0.12661
110.249,0.0723601,-0.0938587,-0.169329,-0.124551
110.272,0.0745651,-0.0963252,-0.167959,-0.122464
110.295,0.0767516,-0.0987748,-0.166553,-0.120352
110.317,0.0789191,-0.101201,-0.165112,-0.118213
110.34,0.0810671,-0.103609,-0.163634,-0.116049
110.363,0.0831951,-0.105993,-0.162123,-0.11386
110.385,0.0853027,-0.108358,-0.160575,-0.111647
110.408,0.0873895,-0.110698,-0.158994,-0.109409
110.431,0.0894549,-0.113018,-0.157378,-0.107148
110.454,0.0914985,-0.115311,-0.155729,-0.104864
110.476,0.09352,-0.117583,-0.154046,-0.102558
110.499,0.0955187,-0.119828,-0.152331,-0.100229
110.522,0.0974944,-0.122051,-0.150581,-0.0978796
110.544,0.0994466,-0.124246,-0.148801,-0.0955088
110.567,0.101375,-0.126417,-0.146987,-0.0931178
110.59,0.103279,-0.12856,-0.145143,-0.0907068
110.612,0.105158,-0.130678,-0.143266,-0.0882766
110.635,0.107012,-0.132766,-0.14136,-0.0858276
110.658,0.10884,-0.13483,-0.139422,-0.0833606
110.68,0.110643,-0.136862,-0.137455,-0.0808757
110.703,0.112419,-0.138869,-0.135457,-0.078374
110.726,0.114169,-0.140844,-0.133431,-0.0758556
110.748,0.115891,-0.142793,-0.131375,-0.0733214
110.771,0.117586,-0.144708,-0.129292,-0.0707716
110.794,0.119253,-0.146596,-0.12718,-0.0682073
110.816,0.120892,-0.148451,-0.125041,-0.0656285
110.839,0.122502,-0.150277,-0.122875,-0.0630363
110.862,0.124084,-0.152069,-0.120682,-0.0604309
110.884,0.125636,-0.153832,-0.118463,-0.0578131
110.907,0.127159,-0.15556,-0.116219,-0.0551833
110.93,0.128653,-0.157258,-0.113948,-0.0525423
110.952,0.130116,-0.15892,-0.111654,-0.0498905
110.975,0.131548,-0.160552,-0.109335,-0.0472287
110.998,0.13295,-0.162147,-0.106993,-0.0445573
111.02,0.134321,-0.163711,-0.104626,-0.041877
111.043,0.13566,-0.165237,-0.102238,-0.0391883
111.066,0.136968,-0.166732,-0.0998268,-0.036492
111.088,0.138244,-0.168189,-0.0973945,-0.0337885
111.111,0.139488,-0.169613,-0.0949402,-0.0310785
111.134,0.1407,-0.170998,-0.0924658,-0.0283626
111.156,0.141879,-0.172351,-0.0899706,-0.0256414
111.179,0.143025,-0.173664,-0.0874564,-0.0229155
111.202,0.144138,-0.174943,-0.0849223,-0.0201855
111.224,0.145217,-0.176183,-0.0823704,-0.017452
111.247,0.146264,-0.177389,-0.0797996,-0.0147157
111.27,0.147276,-0.178554,-0.0772121,-0.011977
111.293,0.148255,-0.179684,-0.0746068,-0.00923683
111.315,0.149199,-0.180773,-0.0719858,-0.00649547
111.338,0.150109,-0.181828,-0.0693483,-0.00375379
111.361,0.150985,-0.18284,-0.0666961,-0.00101221
111.383,0.151826,-0.183818,-0.0640285,0.00172852
111.406,0.152632,-0.184753,-0.0613474,0.00446794
111.429,0.153403,-0.185652,-0.058652,0.00720522
111.451,0.154139,-0.186509,-0.0559443,0.00994001
111.474,0.15484,-0.18733,-0.0532233,0.0126715
111.497,0.155506,-0.188107,-0.0504912,0.0153992
111.519,0.156136,-0.188848,-0.0477471,0.0181224
111.542,0.15673,-0.189546,-0.044993,0.0208406
111.565,0.157289,-0.190207,-0.042228,0.0235531
111.587,0.157812,-0.190825,-0.0394542,0.0262595
111.61,0.158299,-0.191405,-0.0366707,0.0289589
111.633,0.15875,-0.191941,-0.0338796,0.0316509
111.655,0.159165,-0.19244,-0.0310799,0.0343348
111.678,0.159544,-0.192895,-0.0282738,0.0370102
111.701,0.159886,-0.193312,-0.0254605,0.0396763
111.723,0.160193,-0.193685,-0.0226418,0.0423326
111.746,0.160463,-0.19402,-0.0198171,0.0449784
111.769,0.160697,-0.194311,-0.0169883,0.0476133
111.791,0.160895,-0.194563,-0.0141547,0.0502366
111.814,0.161056,-0.194771,-0.0113182,0.0528478
111.837,0.161182,-0.194941,-0.00847795,0.0554461
111.859,0.16127,-0.195066,-0.00563619,0.0580313
111.882,0.161323,-0.195152,-0.00279192,0.0606025
111.905,0.161339,-0.195195,5.27398e-05,0.0631593
111.927,0.161319,-0.195198,0.00289867,0.0657011
111.95,0.161263,-0.195158,0.00574375,0.0682273
111.973,0.161171,-0.195078,0.00858889,0.0707374
111.995,0.161042,-0.194954,0.011432,0.0732308
112.018,0.160878,-0.194792,0.0142739,0.075707
112.041,0.160677,-0.194585,0.0171125,0.0781654
112.063,0.160441,-0.194339,0.0199488,0.0806055
112.086,0.160169,-0.194049,0.0227805,0.0830268
112.109,0.159861,-0.193721,0.0256087,0.0854286
112.132,0.159517,-0.193349,0.0284311,0.0878106
112.154,0.159138,-0.192938,0.0312488,0.0901721
112.177,0.158724,-0.192483,0.0340595,0.0925127
112.2,0.158274,-0.19199,0.0368642,0.0948318
112.222,0.157789,-0.191453,0.0396607,0.097129
112.245,0.157269,-0.190878,0.04245,0.0994036
112.268,0.156714,-0.190259,0.04523,0.101655
112.29,0.156125,-0.189603,0.0480016,0.103884
112.313,0.155501,-0.188903,0.0507626,0.106088
112.336,0.154842,-0.188165,0.0535141,0.108268
112.358,0.15415,-0.187385,0.0562538,0.110423
112.381,0.153423,-0.186567,0.0589827,0.112552
112.404,0.152663,-0.185707,0.0616987,0.114656
112.426,0.151869,-0.18481,0.0644027,0.116733
112.449,0.151042,-0.18387,0.0670927,0.118784
112.472,0.150181,-0.182894,0.0697695,0.120807
112.494,0.149288,-0.181875,0.0724311,0.122803
112.517,0.148362,-0.180821,0.0750784,0.124771
112.54,0.147403,-0.179725,0.0777093,0.12671
112.562,0.146412,-0.178594,0.0803248,0.12862
112.585,0.145389,-0.177421,0.0829228,0.130501
112.608,0.144335,-0.176213,0.0855042,0.132352
112.63,0.143249,-0.174964,0.088067,0.134173
112.653,0.142131,-0.173681,0.0906122,0.135964
112.676,0.140983,-0.172357,0.0931375,0.137724
112.698,0.139805,-0.171,0.0956442,0.139452
112.721,0.138595,-0.169603,0.0981299,0.141148
112.744,0.137356,-0.168172,0.100596,0.142813
112.766,0.136088,-0.166702,0.10304,0.144445
112.789,0.13479,-0.165199,0.105463,0.146044
112.812,0.133462,-0.163658,0.107863,0.14761
112.834,0.132106,-0.162085,0.110241,0.149143
112.857,0.130722,-0.160473,0.112596,0.150642
112.88,0.129309,-0.15883,0.114927,0.152107
112.902,0.127869,-0.15715,0.117233,0.153538
112.925,0.126402,-0.155439,0.119515,0.154934
112.948,0.124907,-0.153692,0.121771,0.156294
112.971,0.123386,-0.151915,0.124002,0.15762
112.993,0.121838,-0.150101,0.126207,0.15891
113.016,0.120265,-0.148259,0.128385,0.160164
113.039,0.118666,-0.146381,0.130535,0.161382
113.061,0.117042,-0.144475,0.132658,0.162563
113.084,0.115393,-0.142534,0.134753,0.163708
113.107,0.113719,-0.140566,0.13682,0.164816
113.129,0.112022,-0.138564,0.138856,0.165887
113.152,0.110301,-0.136536,0.140864,0.166921
113.175,0.108557,-0.134475,0.142842,0.167917
113.197,0.106791,-0.132388,0.14479,0.168876
113.22,0.105002,-0.130269,0.146706,0.169796
113.243,0.103191,-0.128125,0.148592,0.170678
113.265,0.101359,-0.12595,0.150445,0.171522
113.288,0.0995052,-0.123751,0.152268,0.172328
113.311,0.0976313,-0.121522,0.154057,0.173095
113.333,0.0957372,-0.119269,0.155814,0.173823
113.356,0.0938235,-0.116988,0.157537,0.174512
113.379,0.0918905,-0.114684,0.159227,0.175162
113.401,0.0899387,-0.112353,0.160883,0.175773
113.424,0.0879686,-0.109999,0.162505,0.176344
113.447,0.0859806,-0.10762,0.164091,0.176876
113.469,0.0839752,-0.105219,0.165643,0.177369
113.492,0.0819529,-0.102793,0.167159,0.177821
113.515,0.0799142,-0.100347,0.168641,0.178234
113.537,0.0778594,-0.0978762,0.170085,0.178608
113.56,0.0757892,-0.0953871,0.171494,0.178941
113.583,0.073704,-0.0928743,0.172865,0.179235
113.605,0.0716043,-0.090344,0.174201,0.179488
113.628,0.0694905,-0.087791,0.175498,0.179701
113.651,0.0673631,-0.0852217,0.176758,0.179875
113.673,0.0652228,-0.0826309,0.17798,0.180008
113.696,0.0630698,-0.0800247,0.179164,0.180101
113.719,0.0609048,-0.0773982,0.18031,0.180154
113.741,0.0587283,-0.0747574,0.181417,0.180167
113.764,0.0565407,-0.0720973,0.182485,0.18014
113.787,0.0543426,-0.0694241,0.183515,0.180073
113.81,0.0521344,-0.0667328,0.184504,0.179966
113.832,0.0499168,-0.0640295,0.185455,0.179819
113.855,0.0476901,-0.0613092,0.186365,0.179632
113.878,0.0454549,-0.0585781,0.187236,0.179405
113.9,0.0432117,-0.0558313,0.188066,0.179138
113.923,0.040961,-0.0530747,0.188856,0.178831
113.946,0.0387034,-0.0503035,0.189605,0.178485
113.968,0.0364394,-0.0475238,0.190314,0.178099
113.991,0.0341695,-0.0447307,0.190981,0.177674
114.014,0.0318941,-0.0419302,0.191609,0.17721
114.036,0.0296139,-0.0391175,0.192194,0.176706
114.059,0.0273293,-0.0362987,0.192739,0.176163
114.082,0.0250409,-0.0334689,0.193241,0.175581
114.104,0.0227492,-0.0306341,0.193703,0.174961
114.127,0.0204546,-0.0277895,0.194122,0.174301
114.15,0.0181579,-0.0249412,0.194501,0.173603
114.172,0.0158593,-0.0220842,0.194836,0.172867
114.195,0.0135596,-0.0192248,0.195131,0.172093
114.218,0.0112592,-0.016358,0.195382,0.171281
114.24,0.00895854,-0.0134899,0.195593,0.170431
114.263,0.00665827,-0.0106157,0.195761,0.169543
114.286,0.00435887,-0.00774143,0.195887,0.168618
114.308,0.00206084,-0.0048622,0.19597,0.167656
114.331,-0.000235274,-0.00198419,0.196012,0.166658
114.354,-0.00252897,0.00089751,0.19601,0.165622
114.376,-0.00481972,0.0037768,0.195968,0.16455
114.399,-0.00710702,0.00665857,0.195882,0.163442
114.422,-0.00939034,0.00953662,0.195755,0.162298
114.444,-0.0116692,0.012416,0.195585,0.161118
114.467,-0.013943,0.0152904,0.195373,0.159904
114.49,-0.0162114,0.0181648,0.195119,0.158654
114.512,-0.0184737,0.0210331,0.194823,0.157369
114.535,-0.0207295,0.0239001,0.194484,0.15605
114.558,-0.0229782,0.0267598,0.194104,0.154696
114.58,-0.0252195,0.0296171,0.193682,0.153309
114.603,-0.0274527,0.0324657,0.193218,0.151889
114.626,-0.0296773,0.0353107,0.192712,0.150435
114.649,-0.031893,0.0381458,0.192165,0.148948
114.671,-0.0340991,0.040976,0.191576,0.147429
114.694,-0.0362952,0.0437952,0.190946,0.145878
114.717,-0.0384809,0.0466083,0.190274,0.144294
114.739,-0.0406555,0.0494091,0.189562,0.14268
114.762,-0.0428187,0.0522026,0.188808,0.141034
114.785,-0.0449699,0.0549827,0.188014,0.139358
114.807,-0.0471087,0.0577542,0.187178,0.137652
114.83,-0.0492346,0.0605111,0.186303,0.135916
114.853,-0.0513472,0.0632582,0.185387,0.13415
114.875,-0.0534459,0.0659895,0.184432,0.132355
114.898,-0.0555304,0.06871,0.183435,0.130531
114.921,-0.0576001,0.0714134,0.1824,0.12868
114.943,-0.0596546,0.0741047,0.181325,0.1268
114.966,-0.0616934,0.0767779,0.180211,0.124893
114.989,-0.0637162,0.0794379,0.179057,0.122959
115.011,-0.0657224,0.0820785,0.177866,0.120999
115.034,-0.0677116,0.0847047,0.176635,0.119012
115.057,-0.0696834,0.0873105,0.175366,0.117
115.079,-0.0716374,0.0899008,0.174059,0.114963
115.102,-0.0735731,0.0924695,0.172715,0.112902
115.125,-0.0754901,0.0950216,0.171333,0.110816
115.147,-0.077388,0.097551,0.169914,0.108706
115.17,-0.0792664,0.100063,0.168458,0.106573
115.193,-0.0811249,0.102551,0.166966,0.104417
115.215,-0.0829631,0.10502,0.165437,0.102239
115.238,-0.0847805,0.107464,0.163873,0.100039
115.261,-0.0865768,0.109888,0.162273,0.0978185
115.283,-0.0883517,0.112287,0.160638,0.0955767
115.306,-0.0901047,0.114664,0.158968,0.0933148
115.329,-0.0918354,0.117015,0.157264,0.0910331
115.351,-0.0935435,0.119344,0.155525,0.0887321
115.374,-0.0952286,0.121644,0.153753,0.0864125
115.397,-0.0968903,0.123922,0.151947,0.0840747
115.42,-0.0985284,0.126171,0.150109,0.0817193
115.442,-0.100142,0.128396,0.148238,0.0793468
115.465,-0.101732,0.130591,0.146335,0.0769577
115.488,-0.103297,0.132761,0.144399,0.0745526
115.51,-0.104837,0.1349,0.142434,0.0721321
115.533,-0.106351,0.137014,0.140436,0.0696966
115.556,-0.10784,0.139095,0.138409,0.0672467
115.578,-0.109303,0.14115,0.136351,0.064783
115.601,-0.11074,0.143172,0.134264,0.062306
115.624,-0.112149,0.145167,0.132147,0.0598163
115.646,-0.113532,0.147128,0.130003,0.0573145
115.669,-0.114888,0.14906,0.127829,0.0548011
115.692,-0.116217,0.150958,0.125628,0.0522767
115.714,-0.117517,0.152827,0.1234,0.0497418
115.737,-0.11879,0.154661,0.121145,0.0471971
115.76,-0.120034,0.156464,0.118863,0.044643
115.782,-0.12125,0.158231,0.116557,0.0420802
115.805,-0.122437,0.159968,0.114224,0.0395093
115.828,-0.123595,0.161667,0.111867,0.0369308
115.85,-0.124724,0.163335,0.109485,0.0343453
115.873,-0.125824,0.164966,0.107081,0.0317534
115.896,-0.126893,0.166564,0.104652,0.0291557
115.918,-0.127933,0.168124,0.102201,0.0265527
115.941,-0.128943,0.16965,0.0997273,0.0239451
115.964,-0.129923,0.171138,0.0972329,0.0213333
115.986,-0.130872,0.172592,0.0947165,0.0187181
116.009,-0.13179,0.174006,0.0921805,0.0161
116.032,-0.132677,0.175386,0.0896235,0.0134796
116.054,-0.133534,0.176726,0.0870482,0.0108575
116.077,-0.134359,0.178031,0.0844529,0.00823416
116.1,-0.135153,0.179295,0.0818405,0.00561032
116.122,-0.135916,0.180524,0.0792092,0.00298645
116.145,-0.136647,0.181711,0.0765619,0.00036325
116.168,-0.137346,0.182862,0.073897,-0.00225876
116.19,-0.138014,0.183971,0.0712171,-0.00487898
116.213,-0.138649,0.185044,0.0685208,-0.00749685
116.236,-0.139252,0.186075,0.0658108,-0.0101117
116.259,-0.139824,0.187068,0.0630855,-0.0127231
116.281,-0.140362,0.188019,0.0603476,-0.0153303
116.304,-0.140869,0.188932,0.0575957,-0.0179329
116.327,-0.141343,0.189801,0.0548324,-0.0205301
116.349,-0.141784,0.190633,0.0520562,-0.0231215
116.372,-0.142193,0.191422,0.04927,-0.0257065
116.395,-0.14257,0.192172,0.0464721,-0.0282844
116.417,-0.142913,0.192878,0.0436653,-0.0308547
116.44,-0.143224,0.193546,0.040848,-0.0334169
116.463,-0.143502,0.194169,0.0380231,-0.0359704
116.485,-0.143748,0.194754,0.0351891,-0.0385146
116.508,-0.14396,0.195294,0.0323486,-0.0410489
116.531,-0.14414,0.195795,0.0295002,-0.0435728
116.553,-0.144286,0.196251,0.0266466,-0.0460857
116.576,-0.1444,0.196668,0.0237863,-0.0485871
116.599,-0.144482,0.19704,0.0209221,-0.0510763
116.621,-0.14453,0.197372,0.0180526,-0.053553
116.644,-0.144546,0.197659,0.0151803,-0.0560164
116.667,-0.144528,0.197907,0.0123039,-0.0584662
116.689,-0.144478,0.198109,0.0094261,-0.0609016
116.712,-0.144396,0.198272,0.00654544,-0.0633223
116.735,-0.144281,0.198389,0.00366464,-0.0657275
116.757,-0.144133,0.198466,0.000782242,-0.0681169
116.78,-0.143953,0.198498,-0.00209901,-0.0704899
116.803,-0.143741,0.19849,-0.00498066,-0.072846
116.825,-0.143496,0.198436,-0.00785982,-0.0751846
116.848,-0.143219,0.198343,-0.0107381,-0.0775053
116.871,-0.14291,0.198204,-0.0136126,-0.0798075
116.893,-0.142568,0.198026,-0.016485,-0.0820907
116.916,-0.142195,0.197802,-0.0193524,-0.0843544
116.939,-0.14179,0.197538,-0.0222164,-0.0865981
116.961,-0.141354,0.197229,-0.0250741,-0.0888214
116.984,-0.140886,0.19688,-0.0279271,-0.0910238
117.007,-0.140387,0.196486,-0.0307727,-0.0932046
117.029,-0.139856,0.196053,-0.0336122,-0.0953636
117.052,-0.139294,0.195574,-0.036443,-0.0975002
117.075,-0.138702,0.195056,-0.0392665,-0.0996139
117.098,-0.138079,0.194494,-0.0420801,-0.101704
117.12,-0.137425,0.193892,-0.0448852,-0.103771
117.143,-0.136741,0.193246,-0.0476791,-0.105813
117.166,-0.136026,0.192561,-0.0504632,-0.107831
117.188,-0.135282,0.191831,-0.0532349,-0.109824
117.211,-0.134508,0.191063,-0.0559956,-0.111791
117.234,-0.133704,0.190251,-0.0587426,-0.113732
117.256,-0.132871,0.189401,-0.0614775,-0.115646
117.279,-0.132009,0.188507,-0.0641974,-0.117534
117.302,-0.131118,0.187575,-0.066904,-0.119395
117.324,-0.130198,0.1866,-0.0695945,-0.121228
117.347,-0.12925,0.185588,-0.0722704,-0.123033
117.37,-0.128274,0.184532,-0.074929,-0.12481
117.392,-0.12727,0.18344,-0.0775718,-0.126557
117.415,-0.126238,0.182305,-0.0801962,-0.128276
117.438,-0.125179,0.181134,-0.0828036,-0.129965
117.46,-0.124092,0.17992,-0.0853914,-0.131624
117.483,-0.122979,0.178671,-0.0879612,-0.133253
117.506,-0.121839,0.17738,-0.0905102,-0.134852
117.528,-0.120674,0.176054,-0.09304,-0.136419
117.551,-0.119482,0.174687,-0.0955478,-0.137955
117.574,-0.118264,0.173284,-0.0980354,-0.13946
117.596,-0.117021,0.171842,-0.1005,-0.140932
117.619,-0.115753,0.170365,-0.102943,-0.142372
117.642,-0.11446,0.168849,-0.105362,-0.14378
117.664,-0.113143,0.167299,-0.107759,-0.145155
117.687,-0.111802,0.16571,-0.11013,-0.146497
117.71,-0.110437,0.164087,-0.112478,-0.147805
117.732,-0.109049,0.162427,-0.114799,-0.14908
117.755,-0.107638,0.160734,-0.117096,-0.15032
117.778,-0.106204,0.159004,-0.119366,-0.151527
117.8,-0.104747,0.157242,-0.12161,-0.152698
117.823,-0.103269,0.155443,-0.123826,-0.153836
117.846,-0.101769,0.153613,-0.126015,-0.154938
117.868,-0.100248,0.151747,-0.128175,-0.156005
117.891,-0.0987056,0.149851,-0.130308,-0.157036
117.914,-0.097143,0.14792,-0.13241,-0.158032
117.937,-0.0955603,0.145959,-0.134484,-0.158992
117.959,-0.0939578,0.143964,-0.136526,-0.159916
117.982,-0.0923359,0.141941,-0.13854,-0.160804
118.005,-0.0906952,0.139884,-0.140521,-0.161656
118.027,-0.0890358,0.137799,-0.142472,-0.16247
118.05,-0.0873583,0.135682,-0.14439,-0.163248
118.073,-0.085663,0.133538,-0.146277,-0.16399
118.095,-0.0839504,0.131363,-0.14813,-0.164694
118.118,-0.0822209,0.129161,-0.149951,-0.165361
118.141,-0.0804748,0.126929,-0.151738,-0.16599
118.163,-0.0787126,0.124672,-0.153492,-0.166583
118.186,-0.0769348,0.122385,-0.15521,-0.167137
118.209,-0.0751417,0.120074,-0.156895,-0.167654
118.231,-0.0733337,0.117735,-0.158544,-0.168134
118.254,-0.0715114,0.115372,-0.160159,-0.168575
118.277,-0.0696751,0.112982,-0.161736,-0.168979
118.299,-0.0678253,0.11057,-0.163279,-0.169344
118.322,-0.0659624,0.108131,-0.164784,-0.169672
118.345,-0.0640869,0.105671,-0.166254,-0.169961
118.367,-0.0621991,0.103186,-0.167685,-0.170212
118.39,-0.0602996,0.10068,-0.16908,-0.170426
118.413,-0.0583888,0.0981507,-0.170436,-0.1706
118.435,-0.0564672,0.095602,-0.171756,-0.170737
118.458,-0.0545351,0.0930301,-0.173036,-0.170836
118.481,-0.0525931,0.0904403,-0.174278,-0.170896
118.503,-0.0506415,0.0878284,-0.17548,-0.170918
118.526,-0.048681,0.0851997,-0.176645,-0.170901
118.549,-0.0467119,0.08255,-0.177769,-0.170847
118.571,-0.0447346,0.0798846,-0.178854,-0.170754
118.594,-0.0427497,0.0771994,-0.179898,-0.170623
118.617,-0.0407576,0.0744998,-0.180904,-0.170455
118.639,-0.0387588,0.0717815,-0.181868,-0.170248
118.662,-0.0367537,0.0690499,-0.182792,-0.170003
118.685,-0.0347428,0.0663007,-0.183675,-0.16972
118.707,-0.0327266,0.0635394,-0.184517,-0.1694
118.73,-0.0307055,0.0607618,-0.185318,-0.169042
118.753,-0.02868,0.0579733,-0.186078,-0.168646
118.776,-0.0266506,0.0551696,-0.186796,-0.168213
118.798,-0.0246178,0.0523563,-0.187473,-0.167742
118.821,-0.0225819,0.049529,-0.188108,-0.167234
118.844,-0.0205436,0.0466932,-0.188701,-0.16669
118.866,-0.0185032,0.0438448,-0.189252,-0.166108
118.889,-0.0164612,0.040989,-0.189761,-0.165489
118.912,-0.0144181,0.0381219,-0.190227,-0.164834
118.934,-0.0123743,0.0352486,-0.190651,-0.164142
118.957,-0.0103304,0.0323652,-0.191033,-0.163414
118.98,-0.00828679,0.029477,-0.191372,-0.162649
119.002,-0.00624394,0.0265799,-0.191668,-0.161849
119.025,-0.00420231,0.0236792,-0.191923,-0.161013
119.048,-0.00216237,0.0207708,-0.192133,-0.160142
119.07,-0.0001246,0.0178601,-0.192302,-0.159235
119.093,0.00191055,0.014943,-0.192427,-0.158293
119.116,0.00394262,0.0120248,-0.19251,-0.157316
119.138,0.00597114,0.00910152,-0.192549,-0.156305
119.161,0.00799566,0.00617845,-0.192547,-0.155259
119.184,0.0100157,0.00325149,-0.192501,-0.154179
119.206,0.0120308,0.000326019,-0.192412,-0.153065
119.229,0.0140406,-0.00260205,-0.19228,-0.151918
119.252,0.0160445,-0.0055274,-0.192107,-0.150737
119.274,0.0180422,-0.00845405,-0.191889,-0.149523
119.297,0.0200331,-0.0113767,-0.19163,-0.148277
119.32,0.0220168,-0.0142994,-0.191328,-0.146998
119.342,0.0239929,-0.0172168,-0.190983,-0.145687
119.365,0.0259609,-0.020133,-0.190596,-0.144344
119.388,0.0279205,-0.0230427,-0.190167,-0.142969
119.41,0.0298711,-0.0259499,-0.189694,-0.141564
119.433,0.0318123,-0.0288493,-0.189181,-0.140127
119.456,0.0337437,-0.0317449,-0.188625,-0.13866
119.478,0.0356648,-0.0346315,-0.188027,-0.137163
119.501,0.0375753,-0.0375131,-0.187387,-0.135636
119.524,0.0394747,-0.0403843,-0.186707,-0.13408
119.546,0.0413626,-0.0432493,-0.185984,-0.132494
119.569,0.0432385,-0.0461028,-0.185221,-0.13088
119.592,0.0451021,-0.0489487,-0.184415,-0.129238
119.615,0.0469529,-0.0517819,-0.18357,-0.127567
119.637,0.0487906,-0.0546063,-0.182683,-0.125869
119.66,0.0506147,-0.0574167,-0.181757,-0.124144
119.683,0.0524248,-0.0602171,-0.180789,-0.122392
119.705,0.0542206,-0.0630023,-0.179783,-0.120614
119.728,0.0560016,-0.0657763,-0.178735,-0.11881
119.751,0.0577674,-0.0685338,-0.177649,-0.11698
119.773,0.0595177,-0.071279,-0.176523,-0.115125
119.796,0.0612521,-0.0740065,-0.175358,-0.113245
119.819,0.0629702,-0.0767205,-0.174154,-0.111342
119.841,0.0646716,-0.0794156,-0.172913,-0.109414
119.864,0.066356,-0.0820959,-0.171632,-0.107463
119.887,0.068023,-0.0847563,-0.170314,-0.10549
119.909,0.0696722,-0.0874007,-0.168958,-0.103493
119.932,0.0713033,-0.090024,-0.167565,-0.101475
119.955,0.072916,-0.0926301,-0.166135,-0.0994357
119.977,0.0745098,-0.0952141,-0.164669,-0.097375
120,0.0760845,-0.0977797,-0.163165,-0.0952938
120.023,0.0776397,-0.100322,-0.161627,-0.0931925
120.045,0.0791751,-0.102845,-0.160052,-0.0910717
120.068,0.0806903,-0.105343,-0.158442,-0.0889317
120.091,0.0821851,-0.107821,-0.156797,-0.0867731
120.113,0.0836591,-0.110274,-0.155119,-0.0845964
120.136,0.085112,-0.112705,-0.153405,-0.0824022
120.159,0.0865434,-0.115109,-0.151659,-0.0801907
120.181,0.0879532,-0.117491,-0.149878,-0.0779627
120.204,0.089341,-0.119845,-0.148066,-0.0757186
120.227,0.0907065,-0.122175,-0.14622,-0.0734589
120.249,0.0920494,-0.124477,-0.144343,-0.0711841
120.272,0.0933695,-0.126754,-0.142434,-0.0688949
120.295,0.0946665,-0.129001,-0.140494,-0.0665915
120.317,0.0959401,-0.131223,-0.138523,-0.0642748
120.34,0.09719,-0.133414,-0.136523,-0.061945
120.363,0.098416,-0.135578,-0.134491,-0.0596028
120.385,0.0996179,-0.137711,-0.132432,-0.0572487
120.408,0.100795,-0.139816,-0.130342,-0.0548833
120.431,0.101948,-0.141889,-0.128226,-0.052507
120.454,0.103076,-0.143933,-0.12608,-0.0501204
120.476,0.104179,-0.145944,-0.123908,-0.0477241
120.499,0.105257,-0.147926,-0.121709,-0.0453186
120.522,0.106309,-0.149873,-0.119483,-0.0429045
120.544,0.107335,-0.15179,-0.117231,-0.0404823
120.567,0.108335,-0.153672,-0.114955,-0.0380525
120.59,0.109309,-0.155523,-0.112653,-0.0356157
120.612,0.110257,-0.157337,-0.110328,-0.0331725
120.635,0.111179,-0.15912,-0.107978,-0.0307234
120.658,0.112073,-0.160867,-0.105606,-0.0282689
120.68,0.112941,-0.16258,-0.10321,-0.0258097
120.703,0.113782,-0.164256,-0.100793,-0.0233462
120.726,0.114596,-0.165899,-0.0983536,-0.0208791
120.748,0.115382,-0.167504,-0.0958944,-0.0184088
120.771,0.116141,-0.169074,-0.0934136,-0.015936
120.794,0.116872,-0.170605,-0.0909141,-0.0134612
120.816,0.117576,-0.172102,-0.0883944,-0.010985
120.839,0.118252,-0.173559,-0.085857,-0.00850784
120.862,0.118899,-0.174981,-0.0833005,-0.00603042
120.884,0.119519,-0.176362,-0.0807277,-0.00355321
120.907,0.120111,-0.177708,-0.0781368,-0.0010768
120.93,0.120674,-0.179012,-0.0755308,0.00139825
120.952,0.121209,-0.18028,-0.072908,0.00387142
120.975,0.121715,-0.181507,-0.0702713,0.00634209
120.998,0.122193,-0.182696,-0.0676189,0.0088098
121.02,0.122642,-0.183844,-0.0649539,0.0112739
121.043,0.123062,-0.184954,-0.0622745,0.0137339
121.066,0.123454,-0.186021,-0.0595836,0.0161892
121.088,0.123817,-0.18705,-0.0568796,0.0186393
121.111,0.124151,-0.188037,-0.0541653,0.0210836
121.134,0.124457,-0.188985,-0.0514392,0.0235216
121.156,0.124733,-0.189889,-0.0487041,0.0259527
121.179,0.124981,-0.190754,-0.0459584,0.0283764
121.202,0.125199,-0.191576,-0.0432049,0.0307922
121.224,0.125389,-0.192359,-0.0404422,0.0331995
121.247,0.12555,-0.193097,-0.0376729,0.0355978
121.27,0.125681,-0.193796,-0.0348957,0.0379865
121.293,0.125784,-0.19445,-0.0321132,0.0403651
121.315,0.125858,-0.195064,-0.029324,0.0427331
121.338,0.125903,-0.195634,-0.0265309,0.0450899
121.361,0.125919,-0.196163,-0.0237323,0.0474351
121.383,0.125906,-0.196647,-0.0209311,0.0497681
121.406,0.125865,-0.197091,-0.0181257,0.0520884
121.429,0.125795,-0.19749,-0.015319,0.0543955
121.451,0.125696,-0.197848,-0.0125094,0.0566888
121.474,0.125568,-0.198161,-0.0096998,0.0589678
121.497,0.125412,-0.198433,-0.0068886,0.0612322
121.519,0.125227,-0.19866,-0.00407864,0.0634812
121.542,0.125014,-0.198845,-0.00126844,0.0657145
121.565,0.124773,-0.198985,0.00153919,0.0679317
121.587,0.124504,-0.199084,0.00434583,0.070132
121.61,0.124206,-0.199138,0.00714863,0.0723152
121.633,0.12388,-0.19915,0.00994913,0.0744806
121.655,0.123527,-0.199117,0.0127445,0.0766279
121.678,0.123146,-0.199043,0.0155362,0.0787565
121.701,0.122737,-0.198923,0.0183216,0.080866
121.723,0.1223,-0.198763,0.021102,0.082956
121.746,0.121837,-0.198556,0.0238747,0.0850259
121.769,0.121346,-0.198309,0.0266413,0.0870753
121.791,0.120828,-0.198017,0.0293989,0.0891038
121.814,0.120283,-0.197683,0.0321491,0.0911109
121.837,0.119711,-0.197304,0.034889,0.0930962
121.859,0.119113,-0.196885,0.0376202,0.0950592
121.882,0.118488,-0.196421,0.0403399,0.0969996
121.905,0.117837,-0.195915,0.0430497,0.0989168
121.927,0.11716,-0.195366,0.0457467,0.100811
121.95,0.116458,-0.194775,0.0484325,0.10268
121.973,0.115729,-0.194141,0.0511043,0.104526
121.995,0.114975,-0.193466,0.0537638,0.106346
122.018,0.114196,-0.192747,0.056408,0.108142
122.041,0.113392,-0.191988,0.0590385,0.109912
122.063,0.112563,-0.191185,0.0616526,0.111656
122.086,0.11171,-0.190343,0.0642519,0.113374
122.109,0.110832,-0.189457,0.0668335,0.115065
122.132,0.10993,-0.188532,0.0693992,0.116729
122.154,0.109005,-0.187564,0.071946,0.118366
122.177,0.108055,-0.186557,0.0744756,0.119975
122.2,0.107083,-0.185507,0.0769852,0.121556
122.222,0.106087,-0.184419,0.0794765,0.123109
122.245,0.105068,-0.183289,0.0819467,0.124633
122.268,0.104027,-0.182121,0.0843974,0.126127
122.29,0.102964,-0.180911,0.0868258,0.127593
122.313,0.101879,-0.179664,0.0892337,0.129029
122.336,0.100771,-0.178376,0.0916182,0.130434
122.358,0.0996429,-0.177051,0.093981,0.13181
122.381,0.0984932,-0.175686,0.0963193,0.133154
122.404,0.0973226,-0.174284,0.0986349,0.134468
122.426,0.0961315,-0.172842,0.100925,0.135751
122.449,0.0949202,-0.171365,0.103191,0.137003
122.472,0.0936889,-0.169849,0.105431,0.138222
122.494,0.092438,-0.168297,0.107646,0.13941
122.517,0.0911678,-0.166707,0.109833,0.140566
122.54,0.0898786,-0.165082,0.111995,0.141689
122.562,0.0885707,-0.16342,0.114128,0.142779
122.585,0.0872446,-0.161724,0.116234,0.143837
122.608,0.0859004,-0.159991,0.11831,0.144861
122.63,0.0845386,-0.158224,0.120359,0.145853
122.653,0.0831594,-0.156422,0.122378,0.14681
122.676,0.0817633,-0.154587,0.124367,0.147734
122.698,0.0803505,-0.152717,0.126326,0.148624
122.721,0.0789215,-0.150816,0.128255,0.149481
122.744,0.0774766,-0.14888,0.130151,0.150302
122.766,0.0760161,-0.146913,0.132017,0.15109
122.789,0.0745404,-0.144913,0.13385,0.151843
122.812,0.0730499,-0.142882,0.135652,0.152561
122.834,0.0715449,-0.140819,0.13742,0.153244
122.857,0.0700257,-0.138728,0.139156,0.153893
122.88,0.0684929,-0.136604,0.140857,0.154506
122.902,0.0669467,-0.134452,0.142525,0.155084
122.925,0.0653875,-0.132269,0.144158,0.155627
122.948,0.0638158,-0.130059,0.145757,0.156134
122.971,0.0622318,-0.127819,0.14732,0.156606
122.993,0.060636,-0.125554,0.148849,0.157042
123.016,0.0590287,-0.123258,0.150341,0.157443
123.039,0.0574104,-0.120939,0.151798,0.157808
123.061,0.0557815,-0.118591,0.153218,0.158137
123.084,0.0541422,-0.116219,0.154602,0.15843
123.107,0.0524931,-0.11382,0.155947,0.158688
123.129,0.0508345,-0.111398,0.157257,0.158909
123.152,0.0491668,-0.10895,0.158528,0.159095
123.175,0.0474905,-0.10648,0.159762,0.159244
123.197,0.0458058,-0.103985,0.160957,0.159358
123.22,0.0441133,-0.10147,0.162115,0.159435
123.243,0.0424133,-0.0989302,0.163232,0.159477
123.265,0.0407063,-0.0963712,0.164312,0.159483
123.288,0.0389926,-0.0937895,0.165352,0.159453
123.311,0.0372726,-0.0911892,0.166354,0.159387
123.333,0.0355468,-0.0885674,0.167315,0.159285
123.356,0.0338155,-0.0859282,0.168237,0.159147
123.379,0.0320792,-0.0832686,0.169118,0.158974
123.401,0.0303383,-0.0805928,0.16996,0.158765
123.424,0.0285932,-0.0778976,0.170761,0.15852
123.447,0.0268442,-0.0751875,0.171522,0.15824
123.469,0.0250919,-0.0724592,0.172242,0.157924
123.492,0.0233366,-0.0697171,0.172922,0.157573
123.515,0.0215788,-0.0669582,0.17356,0.157187
123.537,0.0198188,-0.0641865,0.174158,0.156766
123.56,0.018057,-0.0613993,0.174713,0.156309
123.583,0.0162939,-0.0586005,0.175229,0.155818
123.605,0.0145299,-0.0557874,0.175702,0.155292
123.628,0.0127654,-0.052964,0.176135,0.154731
123.651,0.0110007,-0.0501274,0.176525,0.154136
123.673,0.00923643,-0.0472819,0.176874,0.153507
123.696,0.00747282,-0.0444244,0.177181,0.152843
123.719,0.00571035,-0.0415592,0.177447,0.152146
123.741,0.0039494,-0.0386833,0.177671,0.151415
123.764,0.00219039,-0.0358009,0.177853,0.15065
123.787,0.000433724,-0.0329091,0.177993,0.149852
123.81,-0.0013202,-0.0300121,0.178092,0.149021
123.832,-0.00307097,-0.027107,0.178149,0.148156
123.855,-0.0048182,-0.0241979,0.178164,0.147259
123.878,-0.00656148,-0.0212819,0.178137,0.14633
123.9,-0.0083004,-0.0183633,0.178069,0.145368
123.923,-0.0100346,-0.0154391,0.177958,0.144374
123.946,-0.0117636,-0.0125135,0.177807,0.143348
123.968,-0.0134871,-0.00958357,0.177613,0.142291
123.991,-0.0152047,-0.00665351,0.177379,0.141202
124.014,-0.016916,-0.00372048,0.177102,0.140083
124.036,-0.0186206,-0.000788619,0.176785,0.138932
124.059,-0.0203181,0.00214495,0.176426,0.137752
124.082,-0.0220081,0.00507606,0.176026,0.136541
124.104,-0.0236903,0.00800763,0.175585,0.1353
124.127,-0.0253642,0.0109355,0.175104,0.13403
124.15,-0.0270295,0.0138624,0.174581,0.13273
124.172,-0.0286859,0.0167844,0.174018,0.131401
124.195,-0.0303329,0.0197042,0.173415,0.130044
124.218,-0.0319702,0.0226178,0.172771,0.128659
124.24,-0.0335974,0.0255278,0.172087,0.127245
124.263,-0.0352142,0.0284304,0.171364,0.125804
124.286,-0.0368202,0.0313281,0.170601,0.124336
124.308,-0.038415,0.0342172,0.169799,0.12284
124.331,-0.0399983,0.0371002,0.168957,0.121318
124.354,-0.0415697,0.0399731,0.168076,0.11977
124.376,-0.043129,0.0428388,0.167156,0.118196
124.399,-0.0446756,0.0456931,0.166199,0.116597
124.422,-0.0462094,0.0485389,0.165202,0.114973
124.444,-0.04773,0.0513721,0.164168,0.113323
124.467,-0.049237,0.0541956,0.163096,0.11165
124.49,-0.0507301,0.0570053,0.161987,0.109953
124.512,-0.0522091,0.0598039,0.16084,0.108232
124.535,-0.0536734,0.0625875,0.159657,0.106488
124.558,-0.055123,0.0653588,0.158436,0.104721
124.58,-0.0565573,0.0681139,0.157181,0.102932
124.603,-0.0579762,0.0708556,0.155888,0.101122
124.626,-0.0593794,0.0735798,0.154561,0.0992894
124.649,-0.0607664,0.0762893,0.153198,0.0974362
124.671,-0.0621371,0.0789802,0.151801,0.0955625
124.694,-0.0634911,0.0816553,0.150368,0.0936687
124.717,-0.0648281,0.0843105,0.148902,0.0917551
124.739,-0.0661479,0.0869487,0.147402,0.0898224
124.762,-0.0674502,0.089566,0.145869,0.087871
124.785,-0.0687347,0.092165,0.144302,0.0859011
124.807,-0.0700011,0.094742,0.142703,0.0839135
124.83,-0.0712492,0.0972996,0.141072,0.0819084
124.853,-0.0724787,0.0998341,0.139409,0.0798865
124.875,-0.0736893,0.102348,0.137715,0.0778481
124.898,-0.0748809,0.104838,0.13599,0.0757937
124.921,-0.0760531,0.107306,0.134234,0.0737238
124.943,-0.0772057,0.109749,0.132449,0.0716388
124.966,-0.0783385,0.112169,0.130633,0.0695394
124.989,-0.0794512,0.114562,0.12879,0.0674259
125.011,-0.0805437,0.116932,0.126916,0.0652988
125.034,-0.0816156,0.119275,0.125016,0.0631587
125.057,-0.0826669,0.121592,0.123087,0.061006
125.079,-0.0836972,0.123881,0.121131,0.0588413
125.102,-0.0847064,0.126145,0.119148,0.0566649
125.125,-0.0856942,0.128379,0.11714,0.0544775
125.147,-0.0866605,0.130586,0.115105,0.0522795
125.17,-0.0876051,0.132763,0.113046,0.0500715
125.193,-0.0885278,0.134912,0.110961,0.0478539
125.215,-0.0894284,0.13703,0.108853,0.0456273
125.238,-0.0903067,0.139119,0.10672,0.0433921
125.261,-0.0911626,0.141175,0.104566,0.0411489
125.283,-0.0919959,0.143202,0.102387,0.0388982
125.306,-0.0928065,0.145196,0.100188,0.0366406
125.329,-0.0935942,0.14716,0.0979665,0.0343765
125.351,-0.0943588,0.149089,0.0957249,0.0321064
125.374,-0.0951003,0.150987,0.093462,0.0298309
125.397,-0.0958184,0.15285,0.0911803,0.0275504
125.42,-0.0965131,0.154682,0.0888784,0.0252656
125.442,-0.0971842,0.156477,0.0865589,0.022977
125.465,-0.0978316,0.158239,0.0842203,0.0206849
125.488,-0.0984553,0.159965,0.0818653,0.0183901
125.51,-0.099055,0.161658,0.0794923,0.016093
125.533,-0.0996307,0.163313,0.0771041,0.0137941
125.556,-0.100182,0.164933,0.0746992,0.0114939
125.578,-0.10071,0.166516,0.0722801,0.00919299
125.601,-0.101213,0.168064,0.0698456,0.00689187
125.624,-0.101692,0.169573,0.0673981,0.00459111
125.646,-0.102146,0.171046,0.0649364,0.00229117
125.669,-0.102576,0.17248,0.062463,-7.42078e-06
125.692,-0.102981,0.173877,0.0599765,-0.00230413
125.714,-0.103362,0.175235,0.0574795,-0.00459843
125.737,-0.103718,0.176556,0.0549707,-0.00688982
125.76,-0.10405,0.177836,0.0524527,-0.00917777
125.782,-0.104357,0.179078,0.0499241,-0.0114618
125.805,-0.104639,0.18028,0.0473875,-0.0137413
125.828,-0.104896,0.181443,0.0448416,-0.0160158
125.85,-0.105128,0.182565,0.0422889,-0.0182848
125.873,-0.105336,0.183649,0.0397282,-0.0205479
125.896,-0.105519,0.18469,0.0371619,-0.0228044
125.918,-0.105677,0.185692,0.0345889,-0.0250539
125.941,-0.10581,0.186652,0.0320117,-0.0272958
125.964,-0.105918,0.187572,0.0294289,-0.0295298
125.986,-0.106002,0.18845,0.0268431,-0.0317552
126.009,-0.106061,0.189287,0.0242531,-0.0339715
126.032,-0.106095,0.190082,0.0216614,-0.0361783
126.054,-0.106104,0.190836,0.0190667,-0.0383751
126.077,-0.106089,0.191546,0.0164716,-0.0405614
126.1,-0.106049,0.192216,0.0138748,-0.0427367
126.122,-0.105985,0.192842,0.0112788,-0.0449005
126.145,-0.105896,0.193428,0.0086824,-0.0470523
126.168,-0.105782,0.193969,0.00608811,-0.0491917
126.19,-0.105645,0.194469,0.00349467,-0.0513181
126.213,-0.105483,0.194925,0.000904621,-0.0534311
126.236,-0.105297,0.195339,-0.00168335,-0.0555303
126.259,-0.105086,0.195709,-0.00426665,-0.0576151
126.281,-0.104852,0.196038,-0.00684659,-0.0596852
126.304,-0.104594,0.196322,-0.00942062,-0.0617399
126.327,-0.104311,0.196564,-0.01199,-0.063779
126.349,-0.104005,0.196762,-0.0145523,-0.0658019
126.372,-0.103676,0.196918,-0.0171086,-0.0678081
126.395,-0.103323,0.197029,-0.0196566,-0.0697974
126.417,-0.102947,0.197098,-0.0221974,-0.0717691
126.44,-0.102547,0.197123,-0.0247286,-0.0737229
126.463,-0.102124,0.197106,-0.0272514,-0.0756583
126.485,-0.101679,0.197044,-0.0297634,-0.077575
126.508,-0.10121,0.19694,-0.0322658,-0.0794725
126.531,-0.100719,0.196792,-0.0347561,-0.0813503
126.553,-0.100205,0.196601,-0.0372356,-0.0832081
126.576,-0.0996688,0.196367,-0.0397018,-0.0850454
126.599,-0.0991105,0.19609,-0.0421561,-0.086862
126.621,-0.0985302,0.195769,-0.0445958,-0.0886572
126.644,-0.0979279,0.195407,-0.0470224,-0.0904309
126.667,-0.097304,0.195,-0.0494333,-0.0921825
126.689,-0.0966587,0.194552,-0.0518299,-0.0939118
126.712,-0.095992,0.19406,-0.0542097,-0.0956182
126.735,-0.0953042,0.193526,-0.056574,-0.0973016
126.757,-0.0945954,0.192949,-0.0589203,-0.0989614
126.78,-0.093866,0.192331,-0.06125,-0.100597
126.803,-0.0931161,0.191669,-0.0635607,-0.102209
126.825,-0.0923459,0.190967,-0.0658535,-0.103796
126.848,-0.0915556,0.190222,-0.0681263,-0.105359
126.871,-0.0907454,0.189436,-0.0703801,-0.106896
126.893,-0.0899157,0.188607,-0.0726128,-0.108407
126.916,-0.0890665,0.187739,-0.0748254,-0.109893
126.939,-0.0881982,0.186828,-0.0770158,-0.111352
126.961,-0.0873109,0.185877,-0.0791852,-0.112785
126.984,-0.086405,0.184884,-0.0813313,-0.114191
127.007,-0.0854806,0.183852,-0.0834553,-0.11557
127.029,-0.0845381,0.182779,-0.085555,-0.116921
127.052,-0.0835776,0.181667,-0.0876317,-0.118245
127.075,-0.0825994,0.180514,-0.089683,-0.119541
127.098,-0.0816039,0.179322,-0.0917103,-0.120808
127.12,-0.0805911,0.17809,-0.0937114,-0.122047
127.143,-0.0795615,0.176821,-0.0956874,-0.123258
127.166,-0.0785153,0.175511,-0.0976362,-0.124439
127.188,-0.0774528,0.174165,-0.0995591,-0.125591
127.211,-0.0763742,0.172779,-0.101454,-0.126713
127.234,-0.0752798,0.171356,-0.103322,-0.127806
127.256,-0.0741699,0.169895,-0.105161,-0.128869
127.279,-0.0730449,0.168398,-0.106972,-0.129901
127.302,-0.0719049,0.166863,-0.108753,-0.130903
127.324,-0.0707504,0.165293,-0.110506,-0.131875
127.347,-0.0695815,0.163685,-0.112228,-0.132816
127.37,-0.0683986,0.162043,-0.113921,-0.133726
127.392,-0.067202,0.160364,-0.115583,-0.134604
127.415,-0.0659921,0.158652,-0.117214,-0.135451
127.438,-0.064769,0.156904,-0.118813,-0.136267
127.46,-0.0635331,0.155123,-0.120381,-0.137051
127.483,-0.0622848,0.153306,-0.121916,-0.137804
127.506,-0.0610243,0.151458,-0.12342,-0.138524
127.528,-0.059752,0.149575,-0.12489,-0.139212
127.551,-0.0584682,0.147661,-0.126327,-0.139868
127.574,-0.0571732,0.145714,-0.127731,-0.140492
127.596,-0.0558674,0.143736,-0.129101,-0.141083
127.619,-0.054551,0.141725,-0.130437,-0.141641
127.642,-0.0532244,0.139685,-0.131739,-0.142167
127.664,-0.0518879,0.137614,-0.133005,-0.14266
127.687,-0.0505419,0.135514,-0.134238,-0.143121
127.71,-0.0491867,0.133383,-0.135434,-0.143548
127.732,-0.0478227,0.131224,-0.136596,-0.143942
127.755,-0.04645,0.129035,-0.137721,-0.144304
127.778,-0.0450693,0.12682,-0.13881,-0.144632
127.8,-0.0436806,0.124576,-0.139863,-0.144927
127.823,-0.0422845,0.122307,-0.14088,-0.145189
127.846,-0.0408811,0.120009,-0.14186,-0.145417
127.868,-0.039471,0.117687,-0.142804,-0.145612
127.891,-0.0380544,0.115338,-0.143709,-0.145774
127.914,-0.0366317,0.112965,-0.144579,-0.145903
127.937,-0.0352031,0.110567,-0.14541,-0.145998
127.959,-0.0337692,0.108146,-0.146204,-0.146061
127.982,-0.0323301,0.1057,-0.146959,-0.146089
128.005,-0.0308863,0.103233,-0.147678,-0.146085
128.027,-0.0294382,0.100742,-0.148357,-0.146047
128.05,-0.027986,0.0982311,-0.148999,-0.145977
128.073,-0.0265301,0.0956976,-0.149602,-0.145873
128.095,-0.0250708,0.0931446,-0.150167,-0.145736
128.118,-0.0236086,0.0905704,-0.150693,-0.145566
128.141,-0.0221438,0.0879779,-0.151181,-0.145363
128.163,-0.0206766,0.0853655,-0.15163,-0.145127
128.186,-0.0192075,0.0827358,-0.15204,-0.144858
128.209,-0.0177369,0.0800873,-0.152411,-0.144557
128.231,-0.016265,0.0774227,-0.152744,-0.144223
128.254,-0.0147922,0.0747405,-0.153037,-0.143856
128.277,-0.0133189,0.0720435,-0.153292,-0.143457
128.299,-0.0118454,0.06933,-0.153507,-0.143026
128.322,-0.0103721,0.0666029,-0.153683,-0.142563
128.345,-0.00889929,0.0638605,-0.15382,-0.142067
128.367,-0.00742733,0.0611057,-0.153919,-0.14154
128.39,-0.00595659,0.0583368,-0.153978,-0.140981
128.413,-0.0044874,0.0555568,-0.153998,-0.14039
128.435,-0.0030201,0.0527639,-0.153979,-0.139768
128.458,-0.00155505,0.0499611,-0.153922,-0.139115
128.481,-9.25772e-05,0.0471467,-0.153825,-0.138431
128.503,0.00136697,0.0443236,-0.15369,-0.137716
128.526,0.00282326,0.0414902,-0.153516,-0.13697
128.549,0.00427594,0.0386492,-0.153303,-0.136193
128.571,0.00572469,0.0357993,-0.153052,-0.135386
128.594,0.00716916,0.0329431,-0.152762,-0.13455
128.617,0.00860902,0.0300791,-0.152434,-0.133683
128.639,0.0100439,0.0272102,-0.152068,-0.132786
128.662,0.0114736,0.0243347,-0.151664,-0.131861
128.685,0.0128977,0.0214556,-0.151222,-0.130906
128.707,0.0143158,0.0185712,-0.150742,-0.129922
128.73,0.0157277,0.0156843,-0.150225,-0.128909
128.753,0.017133,0.0127936,-0.149669,-0.127868
128.776,0.0185314,0.00990169,-0.149078,-0.126799
128.798,0.0199226,0.00700713,-0.148448,-0.125702
128.821,0.0213063,0.00411262,-0.147782,-0.124577
128.844,0.0226821,0.00121679,-0.147079,-0.123425
128.866,0.0240498,-0.0016777,-0.146341,-0.122246
128.889,0.025409,-0.00457226,-0.145565,-0.12104
128.912,0.0267595,-0.00746419,-0.144754,-0.119808
128.934,0.0281009,-0.0103549,-0.143907,-0.118549
128.957,0.0294329,-0.0132417,-0.143024,-0.117265
128.98,0.0307553,-0.016126,-0.142106,-0.115955
129.002,0.0320677,-0.0190051,-0.141154,-0.11462
129.025,0.0333698,-0.0218804,-0.140167,-0.11326
129.048,0.0346614,-0.0247493,-0.139145,-0.111875
129.07,0.0359422,-0.0276132,-0.138089,-0.110466
129.093,0.0372119,-0.0304694,-0.137,-0.109034
129.116,0.0384701,-0.0333193,-0.135877,-0.107577
129.138,0.0397167,-0.0361601,-0.134722,-0.106098
129.161,0.0409514,-0.0389935,-0.133533,-0.104596
129.184,0.0421738,-0.0418166,-0.132312,-0.103071
129.206,0.0433838,-0.0446309,-0.131058,-0.101524
129.229,0.044581,-0.0474338,-0.129774,-0.099956
129.252,0.0457653,-0.0502266,-0.128457,-0.0983662
129.274,0.0469362,-0.0530067,-0.12711,-0.0967555
129.297,0.0480937,-0.0557755,-0.125732,-0.0951242
129.32,0.0492374,-0.0585305,-0.124324,-0.0934728
129.342,0.0503671,-0.0612729,-0.122886,-0.0918016
129.365,0.0514826,-0.0640003,-0.121419,-0.090111
129.388,0.0525836,-0.0667139,-0.119922,-0.0884014
129.41,0.0536699,-0.0694112,-0.118398,-0.0866733
129.433,0.0547412,-0.0720936,-0.116844,-0.084927
129.456,0.0557974,-0.0747586,-0.115264,-0.083163
129.478,0.0568382,-0.0774074,-0.113656,-0.0813817
129.501,0.0578634,-0.0800376,-0.112021,-0.0795834
129.524,0.0588727,-0.0826505,-0.110359,-0.0777687
129.546,0.0598661,-0.0852437,-0.108672,-0.075938
129.569,0.0608432,-0.0878185,-0.106959,-0.0740917
129.592,0.0618039,-0.0903723,-0.105222,-0.0722302
129.615,0.0627479,-0.0929066,-0.103459,-0.0703539
129.637,0.0636751,-0.095419,-0.101673,-0.0684634
129.66,0.0645854,-0.0979105,-0.0998628,-0.066559
129.683,0.0654784,-0.100379,-0.0980302,-0.0646413
129.705,0.0663541,-0.102826,-0.0961743,-0.0627106
129.728,0.0672122,-0.105248,-0.0942971,-0.0607674
129.751,0.0680526,-0.107648,-0.0923976,-0.0588122
129.773,0.0688751,-0.110023,-0.0904778,-0.0568454
129.796,0.0696796,-0.112373,-0.0885368,-0.0548675
129.819,0.070466,-0.114698,-0.0865765,-0.0528789
129.841,0.0712339,-0.116997,-0.084596,-0.0508802
129.864,0.0719834,-0.119269,-0.0825973,-0.0488717
129.887,0.0727143,-0.121515,-0.0805796,-0.046854
129.909,0.0734264,-0.123733,-0.0785448,-0.0448275
129.932,0.0741196,-0.125925,-0.076492,-0.0427927
129.955,0.0747937,-0.128087,-0.0744231,-0.04075
129.977,0.0754488,-0.13022,-0.0723373,-0.0387
130,0.0760845,-0.132324,-0.0702367,-0.0366431
130.023,0.0767009,-0.134399,-0.0681203,-0.0345798
130.045,0.0772978,-0.136444,-0.0659901,-0.0325106
130.068,0.0778751,-0.138458,-0.0638454,-0.0304359
130.091,0.0784327,-0.14044,-0.061688,-0.0283563
130.113,0.0789706,-0.142392,-0.0595171,-0.0262721
130.136,0.0794886,-0.144311,-0.0573348,-0.024184
130.159,0.0799866,-0.146199,-0.0551402,-0.0220923
130.181,0.0804646,-0.148053,-0.0529352,-0.0199976
130.204,0.0809225,-0.149875,-0.0507193,-0.0179003
130.227,0.0813602,-0.151662,-0.0484941,-0.015801
130.249,0.0817777,-0.153416,-0.046259,-0.0137
130.272,0.0821749,-0.155135,-0.044016,-0.0115979
130.295,0.0825518,-0.156821,-0.0417643,-0.00949528
130.317,0.0829082,-0.15847,-0.0395057,-0.00739243
130.34,0.0832443,-0.160085,-0.0372397,-0.00528993
130.363,0.0835598,-0.161664,-0.034968,-0.00318824
130.385,0.0838549,-0.163207,-0.0326902,-0.00108782
130.408,0.0841294,-0.164713,-0.0304079,0.00101079
130.431,0.0843833,-0.166183,-0.0281205,0.00310715
130.454,0.0846167,-0.167615,-0.02583,0.00520078
130.476,0.0848295,-0.16901,-0.0235356,0.00729121
130.499,0.0850216,-0.170367,-0.0212391,0.00937792
130.522,0.0851932,-0.171687,-0.0189401,0.0114605
130.544,0.0853442,-0.172968,-0.0166403,0.0135384
130.567,0.0854746,-0.174211,-0.0143391,0.0156112
130.59,0.0855844,-0.175415,-0.0120382,0.0176785
130.612,0.0856736,-0.17658,-0.00973726,0.0197397
130.635,0.0857423,-0.177705,-0.00743787,0.0217944
130.658,0.0857904,-0.178792,-0.00513953,0.0238421
130.68,0.0858181,-0.179838,-0.00284398,0.0258823
130.703,0.0858253,-0.180844,-0.000550666,0.0279147
130.726,0.0858121,-0.18181,0.00173861,0.0299387
130.748,0.0857786,-0.182736,0.00402444,0.0319539
130.771,0.0857247,-0.183621,0.00630508,0.0339598
130.794,0.0856506,-0.184465,0.00858105,0.0359559
130.816,0.0855563,-0.185268,0.0108506,0.0379419
130.839,0.0854418,-0.186031,0.0131144,0.0399173
130.862,0.0853073,-0.186751,0.0153706,0.0418816
130.884,0.0851528,-0.187431,0.0176197,0.0438345
130.907,0.0849784,-0.188069,0.0198602,0.0457753
130.93,0.0847841,-0.188665,0.0220923,0.0477039
130.952,0.0845701,-0.189219,0.0243147,0.0496196
130.975,0.0843365,-0.189732,0.0265276,0.051522
130.998,0.0840833,-0.190202,0.0287296,0.0534108
131.02,0.0838107,-0.19063,0.0309209,0.0552856
131.043,0.0835187,-0.191016,0.0331002,0.0571458
131.066,0.0832075,-0.19136,0.0352677,0.0589911
131.088,0.0828772,-0.19166,0.037422,0.0608212
131.111,0.082528,-0.19192,0.0395634,0.0626355
131.134,0.0821598,-0.192135,0.0416905,0.0644336
131.156,0.0817729,-0.192309,0.0438037,0.0662153
131.179,0.0813674,-0.19244,0.0459014,0.06798
131.202,0.0809434,-0.192529,0.0479841,0.0697275
131.224,0.0805011,-0.192575,0.0500503,0.0714572
131.247,0.0800406,-0.192578,0.0521003,0.0731689
131.27,0.0795621,-0.192539,0.0541328,0.0748621
131.293,0.0790657,-0.192457,0.0561481,0.0765365
131.315,0.0785516,-0.192333,0.0581449,0.0781917
131.338,0.0780199,-0.192166,0.0601235,0.0798274
131.361,0.0774709,-0.191957,0.0620824,0.0814432
131.383,0.0769046,-0.191706,0.0640221,0.0830387
131.406,0.0763212,-0.191411,0.0659412,0.0846137
131.429,0.075721,-0.191075,0.0678402,0.0861676
131.451,0.0751041,-0.190697,0.0697175,0.0877003
131.474,0.0744707,-0.190277,0.0715737,0.0892114
131.497,0.0738209,-0.189814,0.0734073,0.0907005
131.519,0.0731551,-0.18931,0.0752189,0.0921674
131.542,0.0724733,-0.188764,0.077007,0.0936117
131.565,0.0717758,-0.188176,0.0787721,0.0950331
131.587,0.0710627,-0.187547,0.0805128,0.0964314
131.61,0.0703343,-0.186877,0.0822297,0.0978061
131.633,0.0695908,-0.186165,0.0839213,0.099157
131.655,0.0688324,-0.185413,0.0855881,0.100484
131.678,0.0680593,-0.184619,0.0872289,0.101786
131.701,0.0672718,-0.183785,0.0888441,0.103064
131.723,0.0664699,-0.182911,0.0904324,0.104317
131.746,0.0656541,-0.181996,0.0919944,0.105545
131.769,0.0648245,-0.181041,0.0935286,0.106748
131.791,0.0639813,-0.180047,0.0950357,0.107924
131.814,0.0631247,-0.179013,0.0965143,0.109075
131.837,0.0622551,-0.17794,0.0979651,0.1102
131.859,0.0613726,-0.176827,0.0993866,0.111298
131.882,0.0604775,-0.175676,0.10078,0.11237
131.905,0.0595701,-0.174486,0.102143,0.113414
131.927,0.0586504,-0.173258,0.103477,0.114432
131.95,0.057719,-0.171991,0.10478,0.115423
131.973,0.0567759,-0.170688,0.106053,0.116386
131.995,0.0558214,-0.169346,0.107295,0.117321
132.018,0.0548558,-0.167968,0.108507,0.118228
132.041,0.0538794,-0.166553,0.109687,0.119108
132.063,0.0528923,-0.165101,0.110836,0.119959
132.086,0.0518949,-0.163613,0.111952,0.120782
132.109,0.0508875,-0.16209,0.113037,0.121576
132.132,0.0498703,-0.160531,0.114089,0.122342
132.154,0.0488435,-0.158937,0.115109,0.123079
132.177,0.0478074,-0.157307,0.116095,0.123787
132.2,0.0467624,-0.155644,0.117049,0.124465
132.222,0.0457086,-0.153947,0.117969,0.125115
132.245,0.0446464,-0.152216,0.118856,0.125735
132.268,0.043576,-0.150452,0.119708,0.126325
132.29,0.0424977,-0.148655,0.120527,0.126886
132.313,0.0414118,-0.146826,0.121312,0.127418
132.336,0.0403186,-0.144964,0.122063,0.127919
132.358,0.0392183,-0.143071,0.122778,0.128391
132.381,0.0381113,-0.141147,0.12346,0.128833
132.404,0.0369978,-0.139192,0.124106,0.129244
132.426,0.035878,-0.137207,0.124718,0.129626
132.449,0.0347524,-0.135192,0.125295,0.129977
132.472,0.0336211,-0.133148,0.125836,0.130299
132.494,0.0324845,-0.131075,0.126342,0.13059
132.517,0.0313428,-0.128973,0.126813,0.13085
132.54,0.0301964,-0.126843,0.127248,0.131081
132.562,0.0290455,-0.124687,0.127648,0.131281
132.585,0.0278904,-0.122502,0.128011,0.131451
132.608,0.0267315,-0.120292,0.12834,0.13159
132.63,0.0255689,-0.118055,0.128632,0.131699
132.653,0.024403,-0.115793,0.128889,0.131778
132.676,0.0232341,-0.113506,0.129109,0.131826
132.698,0.0220624,-0.111194,0.129294,0.131844
132.721,0.0208883,-0.108858,0.129443,0.131832
132.744,0.0197121,-0.106499,0.129557,0.131789
132.766,0.018534,-0.104117,0.129634,0.131716
132.789,0.0173543,-0.101713,0.129675,0.131613
132.812,0.0161734,-0.0992863,0.12968,0.13148
132.834,0.0149915,-0.0968389,0.12965,0.131317
132.857,0.0138089,-0.0943703,0.129584,0.131124
132.88,0.0126259,-0.0918819,0.129482,0.130901
132.902,0.0114427,-0.0893735,0.129344,0.130648
132.925,0.0102598,-0.0868464,0.129172,0.130365
132.948,0.00907728,-0.0843003,0.128963,0.130052
132.971,0.00789553,-0.0817368,0.128719,0.12971
132.993,0.00671481,-0.0791554,0.128439,0.129339
133.016,0.00553542,-0.0765576,0.128125,0.128938
133.039,0.00435764,-0.0739432,0.127775,0.128508
133.061,0.00318173,-0.0713136,0.12739,0.128049
133.084,0.00200801,-0.0686685,0.126971,0.127561
133.107,0.000836726,-0.0660094,0.126516,0.127044
133.129,-0.000331819,-0.063336,0.126028,0.126498
133.152,-0.00149734,-0.0606497,0.125505,0.125924
133.175,-0.00265959,-0.0579503,0.124947,0.125322
133.197,-0.00381826,-0.0552393,0.124356,0.124691
133.22,-0.0049731,-0.0525165,0.12373,0.124033
133.243,-0.00612381,-0.0497831,0.123072,0.123346
133.265,-0.00727015,-0.0470391,0.122379,0.122632
133.288,-0.00841182,-0.0442859,0.121654,0.12189
133.311,-0.00954857,-0.0415233,0.120896,0.121121
133.333,-0.0106801,-0.0387526,0.120105,0.120325
133.356,-0.0118062,-0.0359738,0.119281,0.119503
133.379,-0.0129266,-0.0331882,0.118425,0.118653
133.401,-0.014041,-0.0303956,0.117537,0.117777
133.424,-0.0151492,-0.0275975,0.116618,0.116875
133.447,-0.0162509,-0.0247937,0.115667,0.115947
133.469,-0.0173458,-0.0219856,0.114685,0.114994
133.492,-0.0184337,-0.0191731,0.113672,0.114014
133.515,-0.0195144,-0.0163575,0.112629,0.11301
133.537,-0.0205876,-0.0135387,0.111555,0.111981
133.56,-0.021653,-0.0107181,0.110452,0.110927
133.583,-0.0227104,-0.00789562,0.109318,0.109848
133.605,-0.0237596,-0.00507248,0.108156,0.108746
133.628,-0.0248003,-0.00224876,0.106965,0.107619
133.651,-0.0258324,0.000574306,0.105745,0.106469
133.673,-0.0268555,0.00339677,0.104497,0.105296
133.696,-0.0278694,0.00621732,0.103222,0.104099
133.719,-0.028874,0.00903601,0.101918,0.10288
133.741,-0.0298689,0.0118515,0.100588,0.101639
133.764,-0.030854,0.014664,0.0992314,0.100375
133.787,-0.031829,0.017472,0.0978484,0.0990897
133.81,-0.0327938,0.0202756,0.0964392,0.0977828
133.832,-0.033748,0.0230736,0.0950048,0.0964548
133.855,-0.0346916,0.025866,0.0935451,0.095106
133.878,-0.0356243,0.0286515,0.0920611,0.0937367
133.9,-0.0365459,0.0314302,0.0905526,0.0923472
133.923,-0.0374561,0.0342008,0.0890206,0.0909379
133.946,-0.0383549,0.0369633,0.087465,0.0895092
133.968,-0.039242,0.0397165,0.0858868,0.0880614
133.991,-0.0401171,0.0424603,0.0842859,0.0865948
134.014,-0.0409803,0.0451936,0.0826633,0.0851097
134.036,-0.0418311,0.0479164,0.081019,0.0836067
134.059,-0.0426695,0.0506275,0.0793538,0.082086
134.082,-0.0434953,0.0533269,0.0776679,0.080548
134.104,-0.0443083,0.0560133,0.0759621,0.078993
134.127,-0.0451084,0.0586869,0.0742365,0.0774215
134.15,-0.0458953,0.0613463,0.0724921,0.0758337
134.172,-0.046669,0.0639916,0.0707288,0.0742302
134.195,-0.0474292,0.0666217,0.0689477,0.0726113
134.218,-0.0481758,0.0692365,0.0671487,0.0709773
134.24,-0.0489087,0.0718349,0.0653328,0.0693288
134.263,-0.0496276,0.0744168,0.0635002,0.067666
134.286,-0.0503325,0.0769813,0.0616517,0.0659893
134.308,-0.0510233,0.0795282,0.0597875,0.0642992
134.331,-0.0516997,0.0820564,0.0579085,0.0625961
134.354,-0.0523617,0.0845659,0.0560148,0.0608804
134.376,-0.053009,0.0870557,0.0541074,0.0591524
134.399,-0.0536417,0.0895256,0.0521864,0.0574126
134.422,-0.0542596,0.0919748,0.0502527,0.0556615
134.444,-0.0548625,0.094403,0.0483066,0.0538993
134.467,-0.0554504,0.0968093,0.0463487,0.0521266
134.49,-0.0560231,0.0991937,0.0443796,0.0503438
134.512,-0.0565805,0.101555,0.0424,0.0485512
134.535,-0.0571225,0.103894,0.04041,0.0467494
134.558,-0.0576491,0.106208,0.0384107,0.0449387
134.58,-0.0581602,0.108499,0.0364022,0.0431195
134.603,-0.0586556,0.110764,0.0343855,0.0412924
134.626,-0.0591352,0.113005,0.0323607,0.0394576
134.649,-0.0595991,0.115219,0.0303288,0.0376157
134.671,-0.0600471,0.117408,0.02829,0.0357671
134.694,-0.0604791,0.119569,0.0262452,0.0339122
134.717,-0.060895,0.121704,0.0241946,0.0320515
134.739,-0.0612949,0.123811,0.0221392,0.0301853
134.762,-0.0616787,0.125889,0.0200792,0.0283142
134.785,-0.0620462,0.12794,0.0180155,0.0264385
134.807,-0.0623975,0.129961,0.0159483,0.0245587
134.83,-0.0627324,0.131953,0.0138786,0.0226753
134.853,-0.0630511,0.133915,0.0118066,0.0207886
134.875,-0.0633533,0.135846,0.00973315,0.0188992
134.898,-0.0636391,0.137747,0.00765857,0.0170074
134.921,-0.0639085,0.139617,0.00558372,0.0151137
134.943,-0.0641614,0.141455,0.00350889,0.0132186
134.966,-0.0643978,0.143262,0.00143497,0.0113224
134.989,-0.0646176,0.145036,-0.000637831,0.00942563
135.011,-0.064821,0.146777,-0.00270853,0.00752872
135.034,-0.0650078,0.148485,-0.00477694,0.00563211
135.057,-0.065178,0.15016,-0.00684218,0.00373622
135.079,-0.0653317,0.151801,-0.00890392,0.00184149
135.102,-0.0654689,0.153408,-0.0109614,-5.16617e-05
135.125,-0.0655895,0.15498,-0.0130142,-0.00194273
135.147,-0.0656936,0.156517,-0.0150615,-0.00383132
135.17,-0.0657812,0.15802,-0.0171031,-0.00571705
135.193,-0.0658523,0.159486,-0.0191382,-0.00759941
135.215,-0.0659069,0.160917,-0.0211663,-0.00947796
135.238,-0.0659451,0.162312,-0.0231867,-0.0113524
135.261,-0.0659669,0.16367,-0.0251992,-0.0132221
135.283,-0.0659723,0.164992,-0.0272028,-0.0150868
135.306,-0.0659614,0.166276,-0.0291973,-0.016946
135.329,-0.0659341,0.167524,-0.0311819,-0.0187993
135.351,-0.0658907,0.168733,-0.0331562,-0.0206463
135.374,-0.065831,0.169905,-0.0351196,-0.0224865
135.397,-0.0657552,0.171039,-0.0370717,-0.0243195
135.42,-0.0656634,0.172135,-0.0390117,-0.026145
135.442,-0.0655555,0.173192,-0.0409393,-0.0279624
135.465,-0.0654317,0.17421,-0.0428538,-0.0297714
135.488,-0.065292,0.17519,-0.0447548,-0.0315716
135.51,-0.0651365,0.17613,-0.0466417,-0.0333626
135.533,-0.0649653,0.177031,-0.0485141,-0.035144
135.556,-0.0647785,0.177892,-0.0503712,-0.0369153
135.578,-0.0645761,0.178713,-0.0522128,-0.0386761
135.601,-0.0643583,0.179495,-0.0540383,-0.0404261
135.624,-0.064125,0.180237,-0.0558472,-0.042165
135.646,-0.0638766,0.180938,-0.0576389,-0.0438921
135.669,-0.0636129,0.181599,-0.059413,-0.0456073
135.692,-0.0633342,0.18222,-0.0611691,-0.0473101
135.714,-0.0630405,0.1828,-0.0629065,-0.0490001
135.737,-0.062732,0.183339,-0.0646249,-0.050677
135.76,-0.0624088,0.183837,-0.0663238,-0.0523403
135.782,-0.0620709,0.184294,-0.0680027,-0.0539898
135.805,-0.0617186,0.184711,-0.0696611,-0.0556249
135.828,-0.0613519,0.185086,-0.0712986,-0.0572455
135.85,-0.060971,0.18542,-0.0729148,-0.0588511
135.873,-0.0605759,0.185713,-0.0745092,-0.0604413
135.896,-0.0601669,0.185965,-0.0760814,-0.0620159
135.918,-0.0597441,0.186175,-0.0776309,-0.0635744
135.941,-0.0593076,0.186344,-0.0791574,-0.0651165
135.964,-0.0588575,0.186471,-0.0806603,-0.0666419
135.986,-0.0583941,0.186557,-0.0821394,-0.0681502
136.009,-0.0579174,0.186602,-0.0835941,-0.0696411
136.032,-0.0574276,0.186605,-0.0850242,-0.0711144
136.054,-0.0569249,0.186567,-0.0864291,-0.0725696
136.077,-0.0564095,0.186487,-0.0878087,-0.0740064
136.1,-0.0558814,0.186367,-0.0891622,-0.0754245
136.122,-0.0553409,0.186204,-0.0904897,-0.0768237
136.145,-0.0547881,0.186001,-0.0917906,-0.0782036
136.168,-0.0542232,0.185756,-0.0930645,-0.0795639
136.19,-0.0536464,0.185471,-0.0943111,-0.0809043
136.213,-0.0530578,0.185144,-0.0955302,-0.0822246
136.236,-0.0524576,0.184776,-0.0967213,-0.0835244
136.259,-0.0518461,0.184367,-0.0978841,-0.0848035
136.281,-0.0512233,0.183918,-0.0990184,-0.0860615
136.304,-0.0505896,0.183428,-0.100124,-0.0872983
136.327,-0.049945,0.182897,-0.1012,-0.0885136
136.349,-0.0492897,0.182326,-0.102247,-0.089707
136.372,-0.048624,0.181715,-0.103264,-0.0908785
136.395,-0.0479481,0.181063,-0.104251,-0.0920276
136.417,-0.0472621,0.180372,-0.105207,-0.0931541
136.44,-0.0465662,0.179641,-0.106133,-0.0942579
136.463,-0.0458607,0.17887,-0.107029,-0.0953387
136.485,-0.0451457,0.17806,-0.107893,-0.0963962
136.508,-0.0444215,0.177211,-0.108726,-0.0974303
136.531,-0.0436883,0.176322,-0.109527,-0.0984407
136.553,-0.0429462,0.175395,-0.110297,-0.0994272
136.576,-0.0421955,0.174429,-0.111035,-0.10039
136.599,-0.0414364,0.173425,-0.111741,-0.101328
136.621,-0.0406692,0.172382,-0.112414,-0.102242
136.644,-0.0398939,0.171302,-0.113055,-0.103131
136.667,-0.0391109,0.170184,-0.113664,-0.103995
136.689,-0.0383204,0.169029,-0.114239,-0.104834
136.712,-0.0375225,0.167836,-0.114782,-0.105648
136.735,-0.0367176,0.166607,-0.115291,-0.106437
136.757,-0.0359057,0.165341,-0.115768,-0.1072
136.78,-0.0350873,0.164039,-0.116211,-0.107937
136.803,-0.0342624,0.162701,-0.11662,-0.108649
136.825,-0.0334313,0.161327,-0.116996,-0.109335
136.848,-0.0325943,0.159918,-0.117338,-0.109995
136.871,-0.0317515,0.158474,-0.117647,-0.110628
136.893,-0.0309032,0.156995,-0.117921,-0.111235
136.916,-0.0300497,0.155482,-0.118162,-0.111816
136.939,-0.029191,0.153935,-0.118369,-0.11237
136.961,-0.0283276,0.152354,-0.118541,-0.112898
136.984,-0.0274596,0.15074,-0.11868,-0.113399
137.007,-0.0265873,0.149093,-0.118785,-0.113873
137.029,-0.0257108,0.147414,-0.118855,-0.114321
137.052,-0.0248305,0.145703,-0.118892,-0.114741
137.075,-0.0239465,0.143959,-0.118894,-0.115134
137.098,-0.0230591,0.142185,-0.118862,-0.1155
137.12,-0.0221685,0.140379,-0.118796,-0.115839
137.143,-0.021275,0.138543,-0.118696,-0.116151
137.166,-0.0203788,0.136677,-0.118562,-0.116436
137.188,-0.0194802,0.134781,-0.118394,-0.116693
137.211,-0.0185793,0.132856,-0.118192,-0.116923
137.234,-0.0176764,0.130902,-0.117956,-0.117126
137.256,-0.0167718,0.128919,-0.117686,-0.117301
137.279,-0.0158656,0.126909,-0.117383,-0.117449
137.302,-0.0149582,0.124871,-0.117046,-0.11757
137.324,-0.0140497,0.122807,-0.116675,-0.117663
137.347,-0.0131404,0.120715,-0.116271,-0.117729
137.37,-0.0122305,0.118598,-0.115834,-0.117768
137.392,-0.0113203,0.116455,-0.115363,-0.117779
137.415,-0.01041,0.114287,-0.11486,-0.117763
137.438,-0.0094998,0.112095,-0.114323,-0.11772
137.46,-0.00858996,0.109878,-0.113754,-0.117649
137.483,-0.00768073,0.107638,-0.113152,-0.117551
137.506,-0.00677231,0.105374,-0.112518,-0.117427
137.528,-0.00586495,0.103088,-0.111852,-0.117275
137.551,-0.00495887,0.10078,-0.111153,-0.117096
137.574,-0.00405432,0.0984503,-0.110423,-0.11689
137.596,-0.0031515,0.0960996,-0.109661,-0.116657
137.619,-0.00225066,0.0937285,-0.108868,-0.116398
137.642,-0.00135201,0.0913373,-0.108043,-0.116112
137.664,-0.000455789,0.0889268,-0.107188,-0.115799
137.687,0.000437789,0.0864973,-0.106302,-0.11546
137.71,0.00132849,0.0840496,-0.105385,-0.115095
137.732,0.00221611,0.081584,-0.104439,-0.114703
137.755,0.00310041,0.0791012,-0.103462,-0.114285
137.778,0.00398118,0.0766017,-0.102455,-0.113841
137.8,0.0048582,0.0740862,-0.10142,-0.113371
137.823,0.00573125,0.0715551,-0.100355,-0.112876
137.846,0.00660013,0.069009,-0.0992611,-0.112354
137.868,0.00746461,0.0664485,-0.0981389,-0.111808
137.891,0.00832449,0.0638742,-0.0969886,-0.111236
137.914,0.00917956,0.0612867,-0.0958105,-0.110639
137.937,0.0100296,0.0586865,-0.0946049,-0.110017
137.959,0.0108744,0.0560741,-0.093372,-0.10937
137.982,0.0117138,0.0534503,-0.0921124,-0.108698
138.005,0.0125475,0.0508156,-0.0908263,-0.108003
138.027,0.0133755,0.0481705,-0.089514,-0.107282
138.05,0.0141973,0.0455158,-0.088176,-0.106538
138.073,0.015013,0.0428519,-0.0868127,-0.10577
138.095,0.0158222,0.0401794,-0.0854243,-0.104978
138.118,0.0166248,0.037499,-0.0840114,-0.104163
138.141,0.0174206,0.0348113,-0.0825742,-0.103325
138.163,0.0182095,0.0321168,-0.0811132,-0.102464
138.186,0.0189911,0.0294162,-0.0796288,-0.101579
138.209,0.0197654,0.0267101,-0.0781214,-0.100673
138.231,0.0205321,0.023999,-0.0765914,-0.0997436
138.254,0.0212911,0.0212836,-0.0750393,-0.0987925
138.277,0.0220422,0.0185644,-0.0734655,-0.0978195
138.299,0.0227852,0.0158422,-0.0718704,-0.096825
138.322,0.02352,0.0131174,-0.0702545,-0.0958092
138.345,0.0242464,0.0103908,-0.0686182,-0.0947722
138.367,0.0249642,0.00766284,-0.066962,-0.0937145
138.39,0.0256733,0.00493421,-0.0652862,-0.0926363
138.413,0.0263734,0.00220551,-0.0635916,-0.0915378
138.435,0.0270645,-0.000522673,-0.0618783,-0.0904193
138.458,0.0277464,-0.00324972,-0.060147,-0.0892811
138.481,0.028419,-0.00597501,-0.0583982,-0.0881235
138.503,0.029082,-0.00869797,-0.0566323,-0.0869468
138.526,0.0297353,-0.0114179,-0.0548497,-0.0857512
138.549,0.0303788,-0.0141343,-0.0530511,-0.0845372
138.571,0.0310124,-0.0168466,-0.0512368,-0.0833048
138.594,0.031636,-0.0195541,-0.0494075,-0.0820546
138.617,0.0322492,-0.0222562,-0.0475636,-0.0807868
138.639,0.0328522,-0.0249524,-0.0457055,-0.0795017
138.662,0.0334446,-0.027642,-0.043834,-0.0781996
138.685,0.0340265,-0.0303244,-0.0419493,-0.0768809
138.707,0.0345976,-0.0329991,-0.0400522,-0.0755458
138.73,0.0351578,-0.0356654,-0.038143,-0.0741947
138.753,0.0357071,-0.0383228,-0.0362224,-0.072828
138.776,0.0362453,-0.0409707,-0.0342909,-0.0714459
138.798,0.0367724,-0.0436084,-0.0323489,-0.0700489
138.821,0.0372881,-0.0462355,-0.0303971,-0.0686371
138.844,0.0377924,-0.0488512,-0.028436,-0.0672111
138.866,0.0382852,-0.0514552,-0.0264661,-0.0657712
138.889,0.0387664,-0.0540466,-0.0244879,-0.0643176
138.912,0.039236,-0.0566251,-0.0225021,-0.0628508
138.934,0.0396937,-0.05919,-0.0205091,-0.061371
138.957,0.0401396,-0.0617408,-0.0185096,-0.0598787
138.98,0.0405735,-0.0642768,-0.016504,-0.0583743
139.002,0.0409954,-0.0667976,-0.0144929,-0.056858
139.025,0.0414051,-0.0693026,-0.0124769,-0.0553303
139.048,0.0418027,-0.0717912,-0.0104566,-0.0537915
139.07,0.042188,-0.0742628,-0.00843242,-0.052242
139.093,0.042561,-0.076717,-0.00640505,-0.0506821
139.116,0.0429215,-0.0791532,-0.00437497,-0.0491124
139.138,0.0432697,-0.0815709,-0.00234279,-0.047533
139.161,0.0436053,-0.0839695,-0.000309073,-0.0459444
139.184,0.0439284,-0.0863485,0.0017257,-0.044347
139.206,0.0442388,-0.0887074,0.00376085,-0.0427411
139.229,0.0445366,-0.0910456,0.00579589,-0.0411272
139.252,0.0448217,-0.0933627,0.00783023,-0.0395056
139.274,0.045094,-0.0956581,0.0098633,-0.0378767
139.297,0.0453536,-0.0979314,0.0118946,-0.0362409
139.32,0.0456003,-0.100182,0.0139234,-0.0345986
139.342,0.0458343,-0.102409,0.0159494,-0.0329502
139.365,0.0460553,-0.104613,0.0179718,-0.031296
139.388,0.0462635,-0.106793,0.0199902,-0.0296365
139.41,0.0464587,-0.108948,0.0220039,-0.0279721
139.433,0.046641,-0.111078,0.0240125,-0.0263031
139.456,0.0468104,-0.113182,0.0260153,-0.0246299
139.478,0.0469668,-0.115261,0.0280119,-0.022953
139.501,0.0471103,-0.117313,0.0300016,-0.0212727
139.524,0.0472408,-0.119338,0.0319839,-0.0195894
139.546,0.0473584,-0.121336,0.0339582,-0.0179035
139.569,0.0474631,-0.123306,0.0359241,-0.0162155
139.592,0.0475548,-0.125248,0.037881,-0.0145257
139.615,0.0476335,-0.127161,0.0398282,-0.0128344
139.637,0.0476994,-0.129045,0.0417654,-0.0111422
139.66,0.0477524,-0.1309,0.0436919,-0.00944935
139.683,0.0477925,-0.132725,0.0456072,-0.00775631
139.705,0.0478197,-0.134519,0.0475109,-0.00606345
139.728,0.0478341,-0.136283,0.0494023,-0.00437119
139.751,0.0478358,-0.138016,0.0512809,-0.00267988
139.773,0.0478247,-0.139718,0.0531462,-0.000989977
139.796,0.0478009,-0.141387,0.0549978,0.000698225
139.819,0.0477644,-0.143025,0.056835,0.00238426
139.841,0.0477154,-0.14463,0.0586575,0.00406772
139.864,0.0476537,-0.146203,0.0604645,0.00574827
139.887,0.0475795,-0.147742,0.0622558,0.00742549
139.909,0.0474929,-0.149248,0.0640307,0.00909901
139.932,0.0473938,-0.15072,0.0657889,0.0107684
139.955,0.0472824,-0.152158,0.0675296,0.0124334
139.977,0.0471587,-0.153561,0.0692527,0.0140935
140,0.0470228,-0.15493,0.0709575,0.0157483
140.023,0.0468748,-0.156264,0.0726435,0.0173975
140.045,0.0467147,-0.157562,0.0743103,0.0190407
140.068,0.0465426,-0.158825,0.0759575,0.0206776
140.091,0.0463586,-0.160052,0.0775845,0.0223077
140.113,0.0461627,-0.161243,0.079191,0.0239307
140.136,0.0459551,-0.162397,0.0807764,0.0255461
140.159,0.0457359,-0.163515,0.0823404,0.0271538
140.181,0.0455051,-0.164596,0.0838824,0.0287532
140.204,0.0452628,-0.16564,0.0854022,0.0303439
140.227,0.0450092,-0.166647,0.0868992,0.0319258
140.249,0.0447443,-0.167616,0.088373,0.0334983
140.272,0.0444682,-0.168548,0.0898232,0.0350612
140.295,0.044181,-0.169441,0.0912495,0.036614
140.317,0.0438829,-0.170297,0.0926513,0.0381565
140.34,0.043574,-0.171114,0.0940284,0.0396883
140.363,0.0432543,-0.171893,0.0953804,0.041209
140.385,0.0429241,-0.172634,0.0967068,0.0427183
140.408,0.0425833,-0.173335,0.0980073,0.0442158
140.431,0.0422322,-0.173998,0.0992816,0.0457013
140.454,0.0418708,-0.174622,0.100529,0.0471743
140.476,0.0414993,-0.175207,0.10175,0.0486346
140.499,0.0411178,-0.175752,0.102943,0.0500819
140.522,0.0407265,-0.176258,0.104109,0.0515157
140.544,0.0403254,-0.176725,0.105246,0.0529359
140.567,0.0399147,-0.177152,0.106356,0.054342
140.59,0.0394946,-0.17754,0.107437,0.0557338
140.612,0.0390652,-0.177888,0.108489,0.0571109
140.635,0.0386266,-0.178196,0.109511,0.0584731
140.658,0.038179,-0.178465,0.110504,0.05982
140.68,0.0377225,-0.178693,0.111468,0.0611514
140.703,0.0372573,-0.178882,0.112401,0.0624669
140.726,0.0367835,-0.179031,0.113304,0.0637664
140.748,0.0363013,-0.17914,0.114176,0.0650494
140.771,0.0358108,-0.179209,0.115018,0.0663157
140.794,0.0353123,-0.179238,0.115829,0.067565
140.816,0.0348057,-0.179227,0.116608,0.0687971
140.839,0.0342914,-0.179176,0.117356,0.0700117
140.862,0.0337694,-0.179086,0.118072,0.0712085
140.884,0.03324,-0.178955,0.118756,0.0723873
140.907,0.0327033,-0.178785,0.119408,0.0735478
140.93,0.0321594,-0.178575,0.120027,0.0746898
140.952,0.0316086,-0.178326,0.120614,0.075813
140.975,0.031051,-0.178037,0.121169,0.0769172
140.998,0.0304868,-0.177708,0.12169,0.0780021
141.02,0.0299161,-0.17734,0.122179,0.0790676
141.043,0.0293391,-0.176933,0.122634,0.0801133
141.066,0.0287561,-0.176486,0.123057,0.0811391
141.088,0.0281671,-0.176001,0.123445,0.0821447
141.111,0.0275724,-0.175476,0.123801,0.08313
141.134,0.0269721,-0.174912,0.124122,0.0840947
141.156,0.0263664,-0.17431,0.12441,0.0850387
141.179,0.0257555,-0.17367,0.124665,0.0859617
141.202,0.0251397,-0.172991,0.124885,0.0868635
141.224,0.0245189,-0.172273,0.125071,0.087744
141.247,0.0238935,-0.171518,0.125223,0.088603
141.27,0.0232637,-0.170725,0.125341,0.0894403
141.293,0.0226295,-0.169894,0.125425,0.0902557
141.315,0.0219913,-0.169025,0.125475,0.0910491
141.338,0.0213492,-0.16812,0.125491,0.0918203
141.361,0.0207033,-0.167177,0.125472,0.0925691
141.383,0.0200539,-0.166198,0.12542,0.0932955
141.406,0.0194012,-0.165182,0.125333,0.0939992
141.429,0.0187453,-0.164129,0.125211,0.0946802
141.451,0.0180864,-0.163041,0.125056,0.0953383
141.474,0.0174248,-0.161917,0.124866,0.0959733
141.497,0.0167606,-0.160757,0.124643,0.0965852
141.519,0.016094,-0.159562,0.124385,0.0971738
141.542,0.0154252,-0.158332,0.124093,0.097739
141.565,0.0147544,-0.157067,0.123768,0.0982808
141.587,0.0140817,-0.155768,0.123408,0.098799
141.61,0.0134075,-0.154434,0.123015,0.0992935
141.633,0.0127318,-0.153067,0.122587,0.0997643
141.655,0.0120549,-0.151666,0.122127,0.100211
141.678,0.0113769,-0.150233,0.121633,0.100634
141.701,0.010698,-0.148766,0.121105,0.101033
141.723,0.0100185,-0.147267,0.120544,0.101408
141.746,0.00933852,-0.145736,0.11995,0.101759
141.769,0.00865823,-0.144173,0.119323,0.102086
141.791,0.00797785,-0.142578,0.118664,0.102388
141.814,0.00729755,-0.140953,0.117971,0.102666
141.837,0.00661754,-0.139297,0.117247,0.10292
141.859,0.005938,-0.13761,0.116489,0.10315
141.882,0.00525911,-0.135894,0.1157,0.103355
141.905,0.00458107,-0.134148,0.114879,0.103536
141.927,0.00390406,-0.132373,0.114027,0.103693
141.95,0.00322827,-0.13057,0.113142,0.103825
141.973,0.00255388,-0.128738,0.112227,0.103933
141.995,0.00188107,-0.126878,0.11128,0.104016
142.018,0.00121005,-0.124991,0.110303,0.104075
142.041,0.000540972,-0.123077,0.109295,0.10411
142.063,-0.000125967,-0.121136,0.108257,0.10412
142.086,-0.000790585,-0.11917,0.107189,0.104106
142.109,-0.00145271,-0.117177,0.106091,0.104068
142.132,-0.00211216,-0.11516,0.104964,0.104006
142.154,-0.00276875,-0.113117,0.103808,0.103919
142.177,-0.00342231,-0.111051,0.102622,0.103808
142.2,-0.00407267,-0.10896,0.101408,0.103673
142.222,-0.00471964,-0.106847,0.100166,0.103515
142.245,-0.00536307,-0.10471,0.0988964,0.103332
142.268,-0.00600277,-0.102551,0.0975988,0.103125
142.29,-0.00663858,-0.10037,0.0962739,0.102895
142.313,-0.00727032,-0.0981683,0.0949221,0.10264
142.336,-0.00789784,-0.0959453,0.0935437,0.102363
142.358,-0.00852096,-0.093702,0.0921392,0.102061
142.381,-0.00913953,-0.0914389,0.0907088,0.101736
142.404,-0.00975337,-0.0891564,0.0892528,0.101388
142.426,-0.0103623,-0.0868551,0.0877719,0.101017
142.449,-0.0109663,-0.0845355,0.0862661,0.100622
142.472,-0.011565,-0.0821982,0.0847361,0.100205
142.494,-0.0121584,-0.0798436,0.0831821,0.0997647
142.517,-0.0127462,-0.0774723,0.0816046,0.0993017
142.54,-0.0133284,-0.0750849,0.080004,0.098816
142.562,-0.0139048,-0.0726819,0.0783807,0.098308
142.585,-0.0144753,-0.0702638,0.0767351,0.0977776
142.608,-0.0150397,-0.0678311,0.0750677,0.097225
142.63,-0.0155978,-0.0653845,0.0733788,0.0966505
142.653,-0.0161495,-0.0629245,0.071669,0.0960542
142.676,-0.0166947,-0.0604516,0.0699387,0.0954362
142.698,-0.0172332,-0.0579664,0.0681883,0.0947966
142.721,-0.017765,-0.0554694,0.0664182,0.0941358
142.744,-0.0182898,-0.0529613,0.064629,0.0934539
142.766,-0.0188075,-0.0504426,0.0628211,0.092751
142.789,-0.0193181,-0.0479138,0.060995,0.0920273
142.812,-0.0198213,-0.0453755,0.0591511,0.0912831
142.834,-0.0203171,-0.0428283,0.05729,0.0905185
142.857,-0.0208054,-0.0402728,0.0554121,0.0897337
142.88,-0.0212859,-0.0377095,0.053518,0.0889291
142.902,-0.0217587,-0.0351391,0.051608,0.0881046
142.925,-0.0222235,-0.032562,0.0496827,0.0872607
142.948,-0.0226804,-0.0299789,0.0477427,0.0863975
142.971,-0.0231291,-0.0273904,0.0457884,0.0855152
142.993,-0.0235695,-0.024797,0.0438203,0.0846141
143.016,-0.0240016,-0.0221993,0.0418389,0.0836944
143.039,-0.0244253,-0.019598,0.0398448,0.0827563
143.061,-0.0248404,-0.0169935,0.0378385,0.0818001
143.084,-0.0252469,-0.0143865,0.0358206,0.080826
143.107,-0.0256446,-0.0117775,0.0337914,0.0798343
143.129,-0.0260335,-0.00916719,0.0317516,0.0788253
143.152,-0.0264135,-0.00655613,0.0297018,0.0777991
143.175,-0.0267845,-0.00394479,0.0276424,0.0767561
143.197,-0.0271464,-0.00133391,0.025574,0.0756966
143.22,-0.0274991,0.00127603,0.0234971,0.0746207
143.243,-0.0278426,0.0038844,0.0214123,0.0735288
143.265,-0.0281768,0.00649061,0.01932,0.0724211
143.288,-0.0285015,0.00909413,0.017221,0.071298
143.311,-0.0288168,0.0116943,0.0151156,0.0701597
143.333,-0.0291226,0.0142907,0.0130046,0.0690064
143.356,-0.0294188,0.0168825,0.0108883,0.0678386
143.379,-0.0297054,0.0194693,0.00876746,0.0666564
143.401,-0.0299822,0.0220505,0.00664249,0.0654602
143.424,-0.0302493,0.0246255,0.00451408,0.0642503
143.447,-0.0305065,0.0271938,0.00238268,0.0630269
143.469,-0.0307539,0.0297547,0.000248934,0.0617905
143.492,-0.0309914,0.0323077,-0.00188669,0.0605412
143.515,-0.0312189,0.0348522,-0.00402356,0.0592794
143.537,-0.0314364,0.0373877,-0.00616117,0.0580054
143.56,-0.0316439,0.0399136,-0.00829891,0.0567196
143.583,-0.0318413,0.0424293,-0.0104362,0.0554221
143.605,-0.0320286,0.0449343,-0.0125726,0.0541135
143.628,-0.0322058,0.047428,-0.0147074,0.0527939
143.651,-0.0323728,0.0499099,-0.0168401,0.0514637
143.673,-0.0325297,0.0523794,-0.0189702,0.0501233
143.696,-0.0326763,0.054836,-0.021097,0.0487729
143.719,-0.0328127,0.0572791,-0.0232201,0.0474129
143.741,-0.0329389,0.0597082,-0.0253388,0.0460437
143.764,-0.0330549,0.0621228,-0.0274527,0.0446655
143.787,-0.0331605,0.0645223,-0.029561,0.0432787
143.81,-0.033256,0.0669062,-0.0316634,0.0418835
143.832,-0.0333411,0.0692739,-0.0337593,0.0404805
143.855,-0.0334161,0.0716249,-0.035848,0.03907
143.878,-0.0334807,0.0739588,-0.037929,0.0376521
143.9,-0.0335351,0.0762751,-0.0400019,0.0362274
143.923,-0.0335793,0.0785731,-0.0420661,0.034796
143.946,-0.0336132,0.0808524,-0.0441209,0.0333585
143.968,-0.0336369,0.0831125,-0.0461659,0.0319151
143.991,-0.0336505,0.0853529,-0.0482005,0.0304661
144.014,-0.0336538,0.0875731,-0.0502242,0.029012
144.036,-0.033647,0.0897726,-0.0522365,0.0275531
144.059,-0.0336301,0.091951,-0.0542368,0.0260897
144.082,-0.0336031,0.0941077,-0.0562247,0.0246221
144.104,-0.033566,0.0962423,-0.0581995,0.0231508
144.127,-0.0335189,0.0983543,-0.0601607,0.0216761
144.15,-0.0334617,0.100443,-0.0621079,0.0201983
144.172,-0.0333947,0.102509,-0.0640406,0.0187177
144.195,-0.0333177,0.10455,-0.0659582,0.0172348
144.218,-0.0332309,0.106567,-0.0678601,0.0157499
144.24,-0.0331342,0.10856,-0.069746,0.0142633
144.263,-0.0330279,0.110527,-0.0716153,0.0127754
144.286,-0.0329117,0.112468,-0.0734676,0.0112865
144.308,-0.032786,0.114383,-0.0753022,0.00979707
144.331,-0.0326506,0.116272,-0.0771188,0.00830734
144.354,-0.0325057,0.118133,-0.0789169,0.00681771
144.376,-0.0323514,0.119968,-0.0806961,0.00532849
144.399,-0.0321877,0.121774,-0.0824557,0.00384011
144.422,-0.0320146,0.123553,-0.0841953,0.00235286
144.444,-0.0318323,0.125303,-0.0859146,0.000867081
144.467,-0.0316408,0.127024,-0.0876131,-0.00061685
144.49,-0.0314402,0.128716,-0.0892902,-0.00209857
144.512,-0.0312306,0.130378,-0.0909456,-0.00357779
144.535,-0.031012,0.13201,-0.0925788,-0.00505412
144.558,-0.0307846,0.133612,-0.0941895,-0.00652723
144.58,-0.0305485,0.135183,-0.095777,-0.00799676
144.603,-0.0303036,0.136723,-0.0973411,-0.00946237
144.626,-0.0300502,0.138232,-0.0988813,-0.0109238
144.649,-0.0297883,0.139709,-0.100397,-0.0123805
144.671,-0.029518,0.141154,-0.101889,-0.0138324
144.694,-0.0292394,0.142567,-0.103355,-0.015279
144.717,-0.0289526,0.143947,-0.104796,-0.0167201
144.739,-0.0286578,0.145294,-0.10621,-0.0181552
144.762,-0.0283549,0.146608,-0.107599,-0.019584
144.785,-0.0280442,0.147889,-0.108961,-0.0210063
144.807,-0.0277257,0.149136,-0.110296,-0.0224216
144.83,-0.0273995,0.150349,-0.111604,-0.0238297
144.853,-0.0270659,0.151527,-0.112884,-0.0252303
144.875,-0.0267247,0.152672,-0.114136,-0.026623
144.898,-0.0263763,0.153781,-0.11536,-0.0280075
144.921,-0.0260207,0.154856,-0.116555,-0.0293834
144.943,-0.0256581,0.155895,-0.117721,-0.0307506
144.966,-0.0252885,0.156899,-0.118858,-0.0321086
144.989,-0.0249121,0.157867,-0.119966,-0.0334571
145.011,-0.024529,0.1588,-0.121043,-0.034796
145.034,-0.0241393,0.159696,-0.12209,-0.0361248
145.057,-0.0237432,0.160557,-0.123107,-0.0374432
145.079,-0.0233409,0.161381,-0.124093,-0.0387509
145.102,-0.0229323,0.162168,-0.125048,-0.0400478
145.125,-0.0225178,0.162919,-0.125972,-0.0413334
145.147,-0.0220973,0.163633,-0.126864,-0.0426075
145.17,-0.0216711,0.16431,-0.127725,-0.0438697
145.193,-0.0212393,0.16495,-0.128553,-0.0451199
145.215,-0.020802,0.165553,-0.12935,-0.0463578
145.238,-0.0203594,0.166118,-0.130114,-0.047583
145.261,-0.0199116,0.166646,-0.130845,-0.0487952
145.283,-0.0194588,0.167137,-0.131544,-0.0499943
145.306,-0.0190011,0.167589,-0.132209,-0.0511799
145.329,-0.0185386,0.168004,-0.132842,-0.0523519
145.351,-0.0180715,0.168382,-0.133441,-0.0535098
145.374,-0.0176,0.168721,-0.134006,-0.0546536
145.397,-0.0171243,0.169023,-0.134538,-0.0557828
145.42,-0.0166443,0.169286,-0.135036,-0.0568974
145.442,-0.0161604,0.169512,-0.1355,-0.057997
145.465,-0.0156726,0.169699,-0.13593,-0.0590813
145.488,-0.0151812,0.169849,-0.136325,-0.0601503
145.51,-0.0146862,0.16996,-0.136687,-0.0612036
145.533,-0.0141879,0.170034,-0.137013,-0.062241
145.556,-0.0136864,0.170069,-0.137306,-0.0632622
145.578,-0.0131818,0.170066,-0.137563,-0.0642672
145.601,-0.0126743,0.170026,-0.137786,-0.0652556
145.624,-0.0121641,0.169947,-0.137975,-0.0662272
145.646,-0.0116513,0.16983,-0.138128,-0.0671818
145.669,-0.0111361,0.169676,-0.138247,-0.0681193
145.692,-0.0106187,0.169483,-0.13833,-0.0690394
145.714,-0.0100992,0.169253,-0.138379,-0.069942
145.737,-0.00957769,0.168985,-0.138393,-0.0708267
145.76,-0.00905445,0.168679,-0.138371,-0.0716936
145.782,-0.00852961,0.168336,-0.138315,-0.0725423
145.805,-0.00800333,0.167956,-0.138224,-0.0733728
145.828,-0.00747577,0.167538,-0.138098,-0.0741848
145.85,-0.00694709,0.167082,-0.137937,-0.0749781
145.873,-0.00641746,0.16659,-0.13774,-0.0757527
145.896,-0.00588704,0.166061,-0.13751,-0.0765083
145.918,-0.00535599,0.165495,-0.137244,-0.0772449
145.941,-0.00482448,0.164892,-0.136943,-0.0779621
145.964,-0.00429267,0.164252,-0.136608,-0.07866
145.986,-0.00376071,0.163577,-0.136238,-0.0793384
146.009,-0.00322878,0.162865,-0.135833,-0.0799971
146.032,-0.00269704,0.162117,-0.135394,-0.080636
146.054,-0.00216565,0.161333,-0.134921,-0.081255
146.077,-0.00163477,0.160513,-0.134414,-0.0818539
146.1,-0.00110456,0.159658,-0.133872,-0.0824328
146.122,-0.000575185,0.158768,-0.133296,-0.0829913
146.145,-4.68045e-05,0.157843,-0.132687,-0.0835295
146.168,0.000480425,0.156883,-0.132044,-0.0840473
146.19,0.00100634,0.155889,-0.131367,-0.0845445
146.213,0.00153078,0.15486,-0.130657,-0.0850211
146.236,0.00205358,0.153797,-0.129913,-0.0854769
146.259,0.00257461,0.1527,-0.129137,-0.0859119
146.281,0.00309368,0.15157,-0.128327,-0.0863261
146.304,0.00361065,0.150407,-0.127485,-0.0867194
146.327,0.00412536,0.14921,-0.126611,-0.0870916
146.349,0.00463767,0.147981,-0.125704,-0.0874428
146.372,0.0051474,0.14672,-0.124766,-0.0877728
146.395,0.00565442,0.145426,-0.123795,-0.0880817
146.417,0.00615856,0.144101,-0.122793,-0.0883694
146.44,0.00665969,0.142744,-0.12176,-0.0886358
146.463,0.00715764,0.141356,-0.120695,-0.0888809
146.485,0.00765228,0.139937,-0.1196,-0.0891048
146.508,0.00814344,0.138488,-0.118474,-0.0893073
146.531,0.008631,0.137008,-0.117319,-0.0894885
146.553,0.00911479,0.135499,-0.116133,-0.0896483
146.576,0.00959469,0.13396,-0.114917,-0.0897868
146.599,0.0100705,0.132393,-0.113672,-0.0899038
146.621,0.0105422,0.130796,-0.112398,-0.0899996
146.644,0.0110095,0.129171,-0.111095,-0.090074
146.667,0.0114724,0.127519,-0.109764,-0.090127
146.689,0.0119307,0.125838,-0.108405,-0.0901586
146.712,0.0123842,0.124131,-0.107018,-0.0901691
146.735,0.0128329,0.122397,-0.105603,-0.0901582
146.757,0.0132766,0.120636,-0.104162,-0.0901261
146.78,0.0137151,0.11885,-0.102694,-0.0900728
146.803,0.0141484,0.117037,-0.101199,-0.0899983
146.825,0.0145763,0.1152,-0.0996785,-0.0899027
146.848,0.0149986,0.113338,-0.0981323,-0.0897861
146.871,0.0154154,0.111452,-0.096561,-0.0896484
146.893,0.0158264,0.109542,-0.0949648,-0.0894899
146.916,0.0162315,0.107609,-0.0933443,-0.0893104
146.939,0.0166306,0.105653,-0.0916997,-0.0891102
146.961,0.0170236,0.103674,-0.0900315,-0.0888893
146.984,0.0174103,0.101673,-0.0883401,-0.0886477
147.007,0.0177907,0.099651,-0.0866259,-0.0883856
147.029,0.0181647,0.0976076,-0.0848894,-0.088103
147.052,0.0185321,0.0955436,-0.0831309,-0.0878001
147.075,0.0188929,0.0934596,-0.081351,-0.0874769
147.098,0.0192469,0.0913558,-0.0795501,-0.0871336
147.12,0.019594,0.0892329,-0.0777286,-0.0867702
147.143,0.0199341,0.0870913,-0.0758869,-0.086387
147.166,0.0202672,0.0849315,-0.0740256,-0.0859839
147.188,0.0205931,0.082754,-0.0721451,-0.0855612
147.211,0.0209117,0.0805593,-0.0702458,-0.0851189
147.234,0.021223,0.0783479,-0.0683282,-0.0846572
147.256,0.0215269,0.0761203,-0.0663929,-0.0841762
147.279,0.0218232,0.0738771,-0.0644402,-0.0836761
147.302,0.0221119,0.0716187,-0.0624708,-0.0831571
147.324,0.0223929,0.0693457,-0.060485,-0.0826192
147.347,0.0226662,0.0670586,-0.0584833,-0.0820626
147.37,0.0229316,0.0647578,-0.0564663,-0.0814875
147.392,0.023189,0.062444,-0.0544345,-0.0808941
147.415,0.0234385,0.0601177,-0.0523884,-0.0802824
147.438,0.0236799,0.0577793,-0.0503284,-0.0796528
147.46,0.0239132,0.0554295,-0.0482552,-0.0790053
147.483,0.0241383,0.0530687,-0.0461691,-0.0783402
147.506,0.0243551,0.0506975,-0.0440708,-0.0776577
147.528,0.0245636,0.0483164,-0.0419607,-0.0769578
147.551,0.0247637,0.045926,-0.0398394,-0.0762409
147.574,0.0249554,0.0435269,-0.0377074,-0.075507
147.596,0.0251386,0.0411195,-0.0355653,-0.0747565
147.619,0.0253133,0.0387044,-0.0334135,-0.0739896
147.642,0.0254793,0.0362822,-0.0312527,-0.0732063
147.664,0.0256368,0.0338534,-0.0290833,-0.072407
147.687,0.0257855,0.0314185,-0.0269058,-0.0715918
147.71,0.0259256,0.0289782,-0.0247209,-0.070761
147.732,0.0260569,0.0265329,-0.0225291,-0.0699147
147.755,0.0261794,0.0240833,-0.0203309,-0.0690533
147.778,0.0262932,0.0216298,-0.0181268,-0.068177
147.8,0.026398,0.0191731,-0.0159175,-0.0672859
147.823,0.026494,0.0167136,-0.0137034,-0.0663803
147.846,0.0265811,0.014252,-0.0114852,-0.0654604
147.868,0.0266593,0.0117888,-0.0092633,-0.0645266
147.891,0.0267286,0.00932449,-0.00703833,-0.063579
147.914,0.0267889,0.00685971,-0.00481084,-0.0626178
147.937,0.0268402,0.00439501,-0.00258138,-0.0616434
147.959,0.0268826,0.00193091,-0.000350507,-0.060656
147.982,0.026916,-0.000532013,0.00188125,-0.0596558
148.005,0.0269404,-0.00299323,0.0041133,-0.0586431
148.027,0.0269559,-0.00545214,0.0063451,-0.0576182
148.05,0.0269623,-0.00790824,0.00857609,-0.0565813
148.073,0.0269598,-0.010361,0.0108058,-0.0555326
148.095,0.0269483,-0.0128097,0.0130335,-0.0544726
148.118,0.0269278,-0.015254,0.0152588,-0.0534013
148.141,0.0268983,-0.0176933,0.017481,-0.0523192
148.163,0.0268599,-0.020127,0.0196997,-0.0512263
148.186,0.0268126,-0.0225546,0.0219143,-0.0501232
148.209,0.0267564,-0.0249755,0.0241242,-0.04901
148.231,0.0266913,-0.0273891,0.0263288,-0.047887
148.254,0.0266173,-0.0297951,0.0285278,-0.0467545
148.277,0.0265345,-0.0321928,0.0307204,-0.0456128
148.299,0.0264429,-0.0345817,0.0329061,-0.0444621
148.322,0.0263425,-0.0369612,0.0350845,-0.0433028
148.345,0.0262334,-0.0393308,0.0372549,-0.0421352
148.367,0.0261156,-0.04169,0.0394168,-0.0409595
148.39,0.0259891,-0.0440383,0.0415698,-0.039776
148.413,0.025854,-0.0463751,0.0437132,-0.038585
148.435,0.0257104,-0.0487,0.0458465,-0.0373869
148.458,0.0255582,-0.0510123,0.0479692,-0.0361818
148.481,0.0253975,-0.0533117,0.0500808,-0.0349703
148.503,0.0252284,-0.0555975,0.0521807,-0.0337524
148.526,0.025051,-0.0578693,0.0542685,-0.0325285
148.549,0.0248652,-0.0601266,0.0563435,-0.031299
148.571,0.0246712,-0.0623689,0.0584054,-0.0300641
148.594,0.024469,-0.0645956,0.0604535,-0.0288241
148.617,0.0242587,-0.0668064,0.0624875,-0.0275794
148.639,0.0240404,-0.0690006,0.0645067,-0.0263301
148.662,0.023814,-0.0711778,0.0665107,-0.0250768
148.685,0.0235798,-0.0733376,0.068499,-0.0238196
148.707,0.0233377,-0.0754794,0.0704711,-0.0225588
148.73,0.0230878,-0.0776028,0.0724264,-0.0212949
148.753,0.0228303,-0.0797074,0.0743646,-0.020028
148.776,0.0225652,-0.0817925,0.0762852,-0.0187584
148.798,0.0222926,-0.0838579,0.0781876,-0.0174866
148.821,0.0220125,-0.0859031,0.0800714,-0.0162128
148.844,0.0217251,-0.0879275,0.0819362,-0.0149373
148.866,0.0214305,-0.0899308,0.0837815,-0.0136604
148.889,0.0211287,-0.0919125,0.0856067,-0.0123824
148.912,0.0208199,-0.0938722,0.0874115,-0.0111036
148.934,0.020504,-0.0958094,0.0891956,-0.00982442
148.957,0.0201814,-0.0977238,0.0909582,-0.00854507
148.98,0.0198519,-0.0996149,0.0926992,-0.00726587
149.002,0.0195158,-0.101482,0.0944179,-0.00598714
149.025,0.0191732,-0.103326,0.0961141,-0.00470916
149.048,0.0188241,-0.105144,0.0977872,-0.00343225
149.07,0.0184686,-0.106938,0.0994369,-0.00215673
149.093,0.0181069,-0.108707,0.101063,-0.000882885
149.116,0.0177392,-0.11045,0.102665,0.000388958
149.138,0.0173654,-0.112167,0.104242,0.00165853
149.161,0.0169857,-0.113857,0.105794,0.00292551
149.184,0.0166003,-0.115521,0.10732,0.00418963
149.206,0.0162092,-0.117157,0.108821,0.00545051
149.229,0.0158126,-0.118766,0.110296,0.00670795
149.252,0.0154106,-0.120348,0.111744,0.0079616
149.274,0.0150033,-0.121901,0.113166,0.00921116
149.297,0.0145908,-0.123425,0.11456,0.0104564
149.32,0.0141734,-0.124921,0.115927,0.0116969
149.342,0.013751,-0.126387,0.117266,0.0129325
149.365,0.0133239,-0.127824,0.118577,0.0141628
149.388,0.0128921,-0.129232,0.119859,0.0153876
149.41,0.0124559,-0.130609,0.121112,0.0166067
149.433,0.0120153,-0.131956,0.122336,0.0178195
149.456,0.0115704,-0.133272,0.123531,0.0190261
149.478,0.0111215,-0.134558,0.124696,0.0202259
149.501,0.0106686,-0.135812,0.125831,0.0214189
149.524,0.0102119,-0.137034,0.126936,0.0226046
149.546,0.00975158,-0.138226,0.128011,0.0237828
149.569,0.0092877,-0.139385,0.129054,0.0249533
149.592,0.00882044,-0.140511,0.130067,0.0261158
149.615,0.00834994,-0.141606,0.131048,0.0272699
149.637,0.00787634,-0.142668,0.131997,0.0284155
149.66,0.0073998,-0.143697,0.132915,0.0295523
149.683,0.00692046,-0.144692,0.133801,0.03068
149.705,0.00643846,-0.145655,0.134655,0.0317984
149.728,0.00595397,-0.146584,0.135476,0.0329072
149.751,0.00546712,-0.147479,0.136265,0.0340061
149.773,0.00497807,-0.148341,0.13702,0.035095
149.796,0.00448697,-0.149169,0.137743,0.0361735
149.819,0.00399397,-0.149962,0.138433,0.0372415
149.841,0.00349922,-0.150721,0.139089,0.0382986
149.864,0.00300288,-0.151446,0.139712,0.0393447
149.887,0.0025051,-0.152135,0.140302,0.0403795
149.909,0.00200604,-0.152791,0.140857,0.0414027
149.932,0.00150584,-0.153411,0.141379,0.0424142
149.955,0.00100466,-0.153996,0.141867,0.0434138
149.977,0.000502664,-0.154546,0.14232,0.0444012
150,1.01569e-16,-0.155061,0.14274,0.0453761
