offsetMs,input,phase2,phase35,phase36
-150,-2.43118e-15,0.018492,0.0189262,0.0189262
-149.977,-0.00125374,0.0172699,0.0177057,0.0177057
-149.955,-0.00250716,0.0160436,0.0164809,0.0164809
-149.932,-0.00375998,0.0148134,0.015252,0.015252
-149.909,-0.00501187,0.0135795,0.0140194,0.0140194
-149.887,-0.00626252,0.0123423,0.0127834,0.0127834
-149.864,-0.00751164,0.011102,0.0115442,0.0115442
-149.841,-0.00875892,0.00985908,0.0103021,0.0103021
-149.819,-0.010004,0.00861368,0.00905754,0.00905754
-149.796,-0.0112467,0.00736617,0.00781074,0.00781074
-149.773,-0.0124866,0.00611684,0.00656202,0.00656202
-149.751,-0.0137234,0.00486602,0.00531168,0.00531168
-149.728,-0.0149569,0.003614,0.00406003,0.00406003
-149.705,-0.0161867,0.00236109,0.0028074,0.0028074
-149.683,-0.0174125,0.0011076,0.00155407,0.00155407
-149.66,-0.0186341,-0.00014615,0.000300355,0.000300355
-149.637,-0.019851,-0.00139987,-0.000953443,-0.000953443
-149.615,-0.0210631,-0.00265325,-0.002207,-0.002207
-149.592,-0.02227,-0.00390598,-0.00346002,-0.00346002
-149.569,-0.0234715,-0.00515776,-0.00471219,-0.00471219
-149.546,-0.0246672,-0.00640825,-0.00596321,-0.00596321
-149.524,-0.0258568,-0.00765718,-0.00721277,-0.00721277
-149.501,-0.02704,-0.00890423,-0.00846055,-0.00846055
-149.478,-0.0282167,-0.0101491,-0.00970626,-0.00970626
-149.456,-0.0293864,-0.0113915,-0.0109496,-0.0109496
-149.433,-0.0305488,-0.012631,-0.0121902,-0.0121902
-149.41,-0.0317038,-0.0138675,-0.0134279,-0.0134279
-149.388,-0.032851,-0.0151005,-0.0146622,-0.0146622
-149.365,-0.0339901,-0.0163299,-0.015893,-0.015893
-149.342,-0.0351209,-0.0175552,-0.0171199,-0.0171199
-149.32,-0.0362431,-0.0187763,-0.0183425,-0.0183425
-149.297,-0.0373563,-0.0199927,-0.0195606,-0.0195606
-149.274,-0.0384604,-0.0212042,-0.020774,-0.020774
-149.252,-0.039555,-0.0224105,-0.0219822,-0.0219822
-149.229,-0.0406399,-0.0236113,-0.0231851,-0.0231851
-149.206,-0.0417148,-0.0248063,-0.0243822,-0.0243822
-149.184,-0.0427795,-0.0259952,-0.0255734,-0.0255734
-149.161,-0.0438337,-0.0271777,-0.0267583,-0.0267583
-149.138,-0.0448771,-0.0283535,-0.0279366,-0.0279366
-149.116,-0.0459095,-0.0295224,-0.0291081,-0.0291081
-149.093,-0.0469306,-0.030684,-0.0302724,-0.0302724
-149.07,-0.0479401,-0.0318381,-0.0314293,-0.0314293
-149.048,-0.0489379,-0.0329844,-0.0325785,-0.0325785
-149.025,-0.0499237,-0.0341226,-0.0337196,-0.0337196
-149.002,-0.0508973,-0.0352524,-0.0348525,-0.0348525
-148.98,-0.0518583,-0.0363735,-0.0359769,-0.0359769
-148.957,-0.0528066,-0.0374857,-0.0370923,-0.0370923
-148.934,-0.0537419,-0.0385887,-0.0381987,-0.0381987
-148.912,-0.054664,-0.0396822,-0.0392958,-0.0392958
-148.889,-0.0555727,-0.0407659,-0.0403831,-0.0403831
-148.866,-0.0564677,-0.0418397,-0.0414605,-0.0414605
-148.844,-0.0573489,-0.0429032,-0.0425278,-0.0425278
-148.821,-0.058216,-0.0439561,-0.0435846,-0.0435846
-148.798,-0.0590687,-0.0449983,-0.0446308,-0.0446308
-148.776,-0.059907,-0.0460293,-0.0456659,-0.0456659
-148.753,-0.0607306,-0.0470491,-0.0466898,-0.0466898
-148.73,-0.0615392,-0.0480574,-0.0477023,-0.0477023
-148.707,-0.0623327,-0.0490538,-0.0487031,-0.0487031
-148.685,-0.063111,-0.0500381,-0.0496919,-0.0496919
-148.662,-0.0638737,-0.0510102,-0.0506685,-0.0506685
-148.639,-0.0646207,-0.0519698,-0.0516327,-0.0516327
-148.617,-0.0653519,-0.0529166,-0.0525842,-0.0525842
-148.594,-0.066067,-0.0538504,-0.0535227,-0.0535227
-148.571,-0.0667659,-0.0547709,-0.0544481,-0.0544481
-148.549,-0.0674483,-0.055678,-0.0553602,-0.0553602
-148.526,-0.0681143,-0.0565715,-0.0562586,-0.0562586
-148.503,-0.0687634,-0.057451,-0.0571433,-0.0571433
-148.481,-0.0693957,-0.0583165,-0.0580139,-0.0580139
-148.458,-0.070011,-0.0591676,-0.0588703,-0.0588703
-148.435,-0.070609,-0.0600041,-0.0597122,-0.0597122
-148.413,-0.0711897,-0.060826,-0.0605394,-0.0605394
-148.39,-0.071753,-0.0616329,-0.0613518,-0.0613518
-148.367,-0.0722986,-0.0624246,-0.0621491,-0.0621491
-148.345,-0.0728264,-0.0632011,-0.0629312,-0.0629312
-148.322,-0.0733364,-0.063962,-0.0636977,-0.0636977
-148.299,-0.0738283,-0.0647072,-0.0644487,-0.0644487
-148.277,-0.0743021,-0.0654365,-0.0651838,-0.0651838
-148.254,-0.0747577,-0.0661497,-0.0659029,-0.0659029
-148.231,-0.0751949,-0.0668467,-0.0666059,-0.0666059
-148.209,-0.0756136,-0.0675273,-0.0672924,-0.0672924
-148.186,-0.0760138,-0.0681912,-0.0679625,-0.0679625
-148.163,-0.0763953,-0.0688385,-0.0686159,-0.0686159
-148.141,-0.076758,-0.0694688,-0.0692524,-0.0692524
-148.118,-0.0771018,-0.070082,-0.0698719,-0.0698719
-148.095,-0.0774268,-0.0706781,-0.0704742,-0.0704742
-148.073,-0.0777327,-0.0712568,-0.0710592,-0.0710592
-148.05,-0.0780195,-0.071818,-0.0716268,-0.0716268
-148.027,-0.0782872,-0.0723615,-0.0721768,-0.0721768
-148.005,-0.0785356,-0.0728873,-0.0727091,-0.0727091
-147.982,-0.0787647,-0.0733952,-0.0732235,-0.0732235
-147.959,-0.0789745,-0.073885,-0.0737199,-0.0737199
-147.937,-0.0791649,-0.0743567,-0.0741983,-0.0741983
-147.914,-0.0793359,-0.0748101,-0.0746584,-0.0746584
-147.891,-0.0794874,-0.0752452,-0.0751001,-0.0751001
-147.868,-0.0796193,-0.0756617,-0.0755235,-0.0755235
-147.846,-0.0797317,-0.0760597,-0.0759282,-0.0759282
-147.823,-0.0798245,-0.076439,-0.0763144,-0.0763144
-147.8,-0.0798977,-0.0767996,-0.0766818,-0.0766818
-147.778,-0.0799513,-0.0771413,-0.0770304,-0.0770304
-147.755,-0.0799852,-0.077464,-0.07736,-0.07736
-147.732,-0.0799995,-0.0777677,-0.0776707,-0.0776707
-147.71,-0.0799941,-0.0780523,-0.0779622,-0.0779622
-147.687,-0.0799691,-0.0783177,-0.0782346,-0.0782346
-147.664,-0.0799245,-0.0785639,-0.0784879,-0.0784879
-147.642,-0.0798602,-0.0787908,-0.0787218,-0.0787218
-147.619,-0.0797763,-0.0789984,-0.0789364,-0.0789364
-147.596,-0.0796728,-0.0791865,-0.0791316,-0.0791316
-147.574,-0.0795498,-0.0793552,-0.0793074,-0.0793074
-147.551,-0.0794072,-0.0795044,-0.0794638,-0.0794638
-147.528,-0.0792451,-0.0796341,-0.0796005,-0.0796005
-147.506,-0.0790635,-0.0797442,-0.0797178,-0.0797178
-147.483,-0.0788625,-0.0798347,-0.0798155,-0.0798155
-147.46,-0.0786422,-0.0799056,-0.0798935,-0.0798935
-147.438,-0.0784025,-0.0799569,-0.079952,-0.079952
-147.415,-0.0781436,-0.0799885,-0.0799908,-0.0799908
-147.392,-0.0778654,-0.0800006,-0.08001,-0.08001
-147.37,-0.0775682,-0.0799929,-0.0800095,-0.0800095
-147.347,-0.0772519,-0.0799656,-0.0799894,-0.0799894
-147.324,-0.0769166,-0.0799187,-0.0799496,-0.0799496
-147.302,-0.0765625,-0.0798521,-0.0798902,-0.0798902
-147.279,-0.0761895,-0.079766,-0.0798112,-0.0798112
-147.256,-0.0757978,-0.0796602,-0.0797126,-0.0797126
-147.234,-0.0753875,-0.0795349,-0.0795944,-0.0795944
-147.211,-0.0749587,-0.07939,-0.0794566,-0.0794566
-147.188,-0.0745115,-0.0792256,-0.0792994,-0.0792994
-147.166,-0.0740459,-0.0790418,-0.0791226,-0.0791226
-147.143,-0.0735622,-0.0788386,-0.0789265,-0.0789265
-147.12,-0.0730604,-0.078616,-0.0787109,-0.0787109
-147.098,-0.0725407,-0.078374,-0.078476,-0.078476
-147.075,-0.0720032,-0.0781129,-0.0782219,-0.0782219
-147.052,-0.0714479,-0.0778325,-0.0779485,-0.0779485
-147.029,-0.0708752,-0.0775331,-0.077656,-0.077656
-147.007,-0.070285,-0.0772146,-0.0773445,-0.0773445
-146.984,-0.0696775,-0.0768771,-0.0770139,-0.0770139
-146.961,-0.0690529,-0.0765207,-0.0766644,-0.0766644
-146.939,-0.0684114,-0.0761456,-0.0762961,-0.0762961
-146.916,-0.0677531,-0.0757517,-0.0759091,-0.0759091
-146.893,-0.0670781,-0.0753393,-0.0755034,-0.0755034
-146.871,-0.0663867,-0.0749083,-0.0750792,-0.0750792
-146.848,-0.0656789,-0.074459,-0.0746365,-0.0746365
-146.825,-0.064955,-0.0739913,-0.0741755,-0.0741755
-146.803,-0.0642152,-0.0735055,-0.0736963,-0.0736963
-146.78,-0.0634596,-0.0730016,-0.073199,-0.073199
-146.757,-0.0626884,-0.0724798,-0.0726837,-0.0726837
-146.735,-0.0619018,-0.0719402,-0.0721506,-0.0721506
-146.712,-0.0611,-0.0713829,-0.0715998,-0.0715998
-146.689,-0.0602832,-0.0708081,-0.0710313,-0.0710313
-146.667,-0.0594516,-0.0702159,-0.0704454,-0.0704454
-146.644,-0.0586054,-0.0696065,-0.0698423,-0.0698423
-146.621,-0.0577448,-0.0689799,-0.069222,-0.069222
-146.599,-0.05687,-0.0683364,-0.0685846,-0.0685846
-146.576,-0.0559812,-0.0676762,-0.0679305,-0.0679305
-146.553,-0.0550787,-0.0669993,-0.0672596,-0.0672596
-146.531,-0.0541627,-0.0663059,-0.0665723,-0.0665723
-146.508,-0.0532333,-0.0655963,-0.0658685,-0.0658685
-146.485,-0.0522909,-0.0648706,-0.0651487,-0.0651487
-146.463,-0.0513356,-0.0641289,-0.0644128,-0.0644128
-146.44,-0.0503678,-0.0633714,-0.0636611,-0.0636611
-146.417,-0.0493875,-0.0625984,-0.0628937,-0.0628937
-146.395,-0.0483952,-0.0618101,-0.062111,-0.062111
-146.372,-0.0473909,-0.0610065,-0.0613129,-0.0613129
-146.349,-0.046375,-0.060188,-0.0604998,-0.0604998
-146.327,-0.0453477,-0.0593547,-0.0596719,-0.0596719
-146.304,-0.0443093,-0.0585068,-0.0588293,-0.0588293
-146.281,-0.04326,-0.0576445,-0.0579722,-0.0579722
-146.259,-0.0422,-0.0567681,-0.0571009,-0.0571009
-146.236,-0.0411297,-0.0558777,-0.0562156,-0.0562156
-146.213,-0.0400493,-0.0549736,-0.0553165,-0.0553165
-146.19,-0.0389591,-0.054056,-0.0544038,-0.0544038
-146.168,-0.0378593,-0.0531251,-0.0534778,-0.0534778
-146.145,-0.0367502,-0.0521812,-0.0525386,-0.0525386
-146.122,-0.0356321,-0.0512245,-0.0515865,-0.0515865
-146.1,-0.0345052,-0.0502552,-0.0506218,-0.0506218
-146.077,-0.0333698,-0.0492735,-0.0496446,-0.0496446
-146.054,-0.0322263,-0.0482797,-0.0486552,-0.0486552
-146.032,-0.0310748,-0.0472741,-0.0476539,-0.0476539
-146.009,-0.0299157,-0.0462569,-0.0466409,-0.0466409
-145.986,-0.0287492,-0.0452283,-0.0456164,-0.0456164
-145.964,-0.0275757,-0.0441886,-0.0445808,-0.0445808
-145.941,-0.0263954,-0.043138,-0.0435341,-0.0435341
-145.918,-0.0252087,-0.0420769,-0.0424768,-0.0424768
-145.896,-0.0240157,-0.0410054,-0.0414091,-0.0414091
-145.873,-0.0228168,-0.0399238,-0.0403312,-0.0403312
-145.85,-0.0216124,-0.0388325,-0.0392434,-0.0392434
-145.828,-0.0204026,-0.0377316,-0.0381459,-0.0381459
-145.805,-0.0191878,-0.0366214,-0.0370391,-0.0370391
-145.782,-0.0179683,-0.0355022,-0.0359232,-0.0359232
-145.76,-0.0167444,-0.0343744,-0.0347985,-0.0347985
-145.737,-0.0155164,-0.033238,-0.0336652,-0.0336652
-145.714,-0.0142846,-0.0320936,-0.0325237,-0.0325237
-145.692,-0.0130492,-0.0309412,-0.0313742,-0.0313742
-145.669,-0.0118107,-0.0297812,-0.030217,-0.030217
-145.646,-0.0105692,-0.0286139,-0.0290523,-0.0290523
-145.624,-0.00932517,-0.0274396,-0.0278806,-0.0278806
-145.601,-0.00807883,-0.0262586,-0.0267019,-0.0267019
-145.578,-0.00683051,-0.0250711,-0.0255168,-0.0255168
-145.556,-0.00558052,-0.0238774,-0.0243254,-0.0243254
-145.533,-0.00432915,-0.0226779,-0.0231279,-0.0231279
-145.51,-0.00307672,-0.0214728,-0.0219249,-0.0219249
-145.488,-0.00182353,-0.0202624,-0.0207164,-0.0207164
-145.465,-0.000569899,-0.0190471,-0.0195028,-0.0195028
-145.442,0.000683876,-0.017827,-0.0182845,-0.0182845
-145.42,0.00193748,-0.0166027,-0.0170617,-0.0170617
-145.397,0.00319061,-0.0153742,-0.0158347,-0.0158347
-145.374,0.00444296,-0.0141419,-0.0146038,-0.0146038
-145.351,0.00569422,-0.0129062,-0.0133693,-0.0133693
-145.329,0.00694407,-0.0116673,-0.0121316,-0.0121316
-145.306,0.00819222,-0.0104255,-0.0108908,-0.0108908
-145.283,0.00943836,-0.00918121,-0.0096474,-0.0096474
-145.261,0.0106822,-0.00793464,-0.00840164,-0.00840164
-145.238,0.0119234,-0.00668611,-0.0071538,-0.0071538
-145.215,0.0131616,-0.00543594,-0.00590421,-0.00590421
-145.193,0.0143967,-0.00418444,-0.00465319,-0.00465319
-145.17,0.0156282,-0.00293192,-0.00340101,-0.00340101
-145.147,0.0168558,-0.00167866,-0.002148,-0.002148
-145.125,0.0180794,-0.000424996,-0.000894472,-0.000894472
-145.102,0.0192984,0.00082877,0.000359258,0.000359258
-145.079,0.0205128,0.00208233,0.00161292,0.00161292
-145.057,0.0217221,0.00333538,0.00286617,0.00286617
-145.034,0.0229261,0.0045876,0.00411871,0.00411871
-145.011,0.0241244,0.00583872,0.00537024,0.00537024
-144.989,0.0253168,0.00708838,0.00662045,0.00662045
-144.966,0.026503,0.00833631,0.00786904,0.00786904
-144.943,0.0276827,0.00958219,0.00911566,0.00911566
-144.921,0.0288556,0.0108257,0.0103601,0.0103601
-144.898,0.0300214,0.0120666,0.0116019,0.0116019
-144.875,0.0311798,0.0133045,0.0128409,0.0128409
-144.853,0.0323305,0.0145391,0.0140767,0.0140767
-144.83,0.0334734,0.0157702,0.0153091,0.0153091
-144.807,0.034608,0.0169974,0.0165377,0.0165377
-144.785,0.0357341,0.0182204,0.0177623,0.0177623
-144.762,0.0368514,0.0194389,0.0189825,0.0189825
-144.739,0.0379597,0.0206527,0.020198,0.020198
-144.717,0.0390586,0.0218614,0.0214085,0.0214085
-144.694,0.040148,0.0230647,0.0226138,0.0226138
-144.671,0.0412275,0.0242624,0.0238135,0.0238135
-144.649,0.0422968,0.0254541,0.0250074,0.0250074
-144.626,0.0433558,0.0266395,0.0261952,0.0261952
-144.603,0.0444041,0.0278184,0.0273765,0.0273765
-144.58,0.0454416,0.0289905,0.028551,0.028551
-144.558,0.0464678,0.0301554,0.0297186,0.0297186
-144.535,0.0474827,0.031313,0.0308788,0.0308788
-144.512,0.0484859,0.0324628,0.0320315,0.0320315
-144.49,0.0494771,0.0336047,0.0331763,0.0331763
-144.467,0.0504563,0.0347383,0.0343129,0.0343129
-144.444,0.051423,0.0358634,0.0354411,0.0354411
-144.422,0.0523771,0.0369797,0.0365606,0.0365606
-144.399,0.0533183,0.0380869,0.0376711,0.0376711
-144.376,0.0542465,0.0391847,0.0387724,0.0387724
-144.354,0.0551613,0.0402729,0.0398641,0.0398641
-144.331,0.0560626,0.0413512,0.040946,0.040946
-144.308,0.0569501,0.0424194,0.0420179,0.0420179
-144.286,0.0578236,0.0434772,0.0430795,0.0430795
-144.263,0.0586829,0.0445242,0.0441304,0.0441304
-144.24,0.0595278,0.0455604,0.0451705,0.0451705
-144.218,0.0603581,0.0465853,0.0461995,0.0461995
-144.195,0.0611735,0.0475988,0.0472172,0.0472172
-144.172,0.0619739,0.0486006,0.0482233,0.0482233
-144.15,0.0627591,0.0495905,0.0492175,0.0492175
-144.127,0.0635289,0.0505682,0.0501996,0.0501996
-144.104,0.0642831,0.0515334,0.0511694,0.0511694
-144.082,0.0650215,0.052486,0.0521266,0.0521266
-144.059,0.0657439,0.0534258,0.0530711,0.0530711
-144.036,0.0664502,0.0543524,0.0540024,0.0540024
-144.014,0.0671402,0.0552656,0.0549206,0.0549206
-143.991,0.0678136,0.0561653,0.0558252,0.0558252
-143.968,0.0684704,0.0570512,0.0567161,0.0567161
-143.946,0.0691104,0.057923,0.057593,0.057593
-143.923,0.0697334,0.0587807,0.0584558,0.0584558
-143.9,0.0703393,0.0596239,0.0593043,0.0593043
-143.878,0.0709279,0.0604524,0.0601382,0.0601382
-143.855,0.0714991,0.0612661,0.0609573,0.0609573
-143.832,0.0720528,0.0620648,0.0617614,0.0617614
-143.81,0.0725887,0.0628482,0.0625504,0.0625504
-143.787,0.0731068,0.0636162,0.063324,0.063324
-143.764,0.0736069,0.0643685,0.064082,0.064082
-143.741,0.074089,0.0651051,0.0648243,0.0648243
-143.719,0.0745529,0.0658256,0.0655507,0.0655507
-143.696,0.0749984,0.06653,0.0662609,0.0662609
-143.673,0.0754256,0.067218,0.0669549,0.0669549
-143.651,0.0758342,0.0678895,0.0676325,0.0676325
-143.628,0.0762242,0.0685444,0.0682934,0.0682934
-143.605,0.0765954,0.0691824,0.0689375,0.0689375
-143.583,0.0769479,0.0698034,0.0695647,0.0695647
-143.56,0.0772814,0.0704073,0.0701748,0.0701748
-143.537,0.077596,0.0709939,0.0707677,0.0707677
-143.515,0.0778915,0.071563,0.0713432,0.0713432
-143.492,0.0781679,0.0721146,0.0719012,0.0719012
-143.469,0.0784251,0.0726485,0.0724414,0.0724414
-143.447,0.078663,0.0731645,0.0729639,0.0729639
-143.424,0.0788816,0.0736625,0.0734685,0.0734685
-143.401,0.0790808,0.0741425,0.073955,0.073955
-143.379,0.0792606,0.0746042,0.0744234,0.0744234
-143.356,0.0794209,0.0750476,0.0748735,0.0748735
-143.333,0.0795618,0.0754726,0.0753051,0.0753051
-143.311,0.079683,0.075879,0.0757183,0.0757183
-143.288,0.0797847,0.0762668,0.0761129,0.0761129
-143.265,0.0798669,0.0766359,0.0764888,0.0764888
-143.243,0.0799294,0.0769862,0.0768459,0.0768459
-143.22,0.0799722,0.0773175,0.0771841,0.0771841
-143.197,0.0799954,0.0776299,0.0775033,0.0775033
-143.175,0.079999,0.0779231,0.0778035,0.0778035
-143.152,0.0799829,0.0781973,0.0780846,0.0780846
-143.129,0.0799472,0.0784522,0.0783465,0.0783465
-143.107,0.0798918,0.0786879,0.0785892,0.0785892
-143.084,0.0798169,0.0789042,0.0788125,0.0788125
-143.061,0.0797223,0.0791012,0.0790165,0.0790165
-143.039,0.0796081,0.0792787,0.0792011,0.0792011
-143.016,0.0794744,0.0794367,0.0793662,0.0793662
-142.993,0.0793212,0.0795753,0.0795119,0.0795119
-142.971,0.0791484,0.0796943,0.0796379,0.0796379
-142.948,0.0789563,0.0797937,0.0797445,0.0797445
-142.925,0.0787447,0.0798735,0.0798314,0.0798314
-142.902,0.0785138,0.0799337,0.0798987,0.0798987
-142.88,0.0782636,0.0799743,0.0799464,0.0799464
-142.857,0.0779942,0.0799952,0.0799745,0.0799745
-142.834,0.0777057,0.0799965,0.0799829,0.0799829
-142.812,0.077398,0.0799781,0.0799716,0.0799716
-142.789,0.0770714,0.0799401,0.0799408,0.0799408
-142.766,0.0767258,0.0798825,0.0798902,0.0798902
-142.744,0.0763614,0.0798052,0.0798201,0.0798201
-142.721,0.0759782,0.0797083,0.0797303,0.0797303
-142.698,0.0755763,0.0795919,0.079621,0.079621
-142.676,0.0751559,0.0794559,0.0794921,0.0794921
-142.653,0.074717,0.0793004,0.0793436,0.0793436
-142.63,0.0742598,0.0791254,0.0791757,0.0791757
-142.608,0.0737843,0.0789309,0.0789883,0.0789883
-142.585,0.0732908,0.0787171,0.0787815,0.0787815
-142.562,0.0727792,0.078484,0.0785554,0.0785554
-142.54,0.0722497,0.0782316,0.0783099,0.0783099
-142.517,0.0717025,0.0779599,0.0780453,0.0780453
-142.494,0.0711377,0.0776691,0.0777614,0.0777614
-142.472,0.0705554,0.0773593,0.0774585,0.0774585
-142.449,0.0699558,0.0770304,0.0771365,0.0771365
-142.426,0.069339,0.0766826,0.0767955,0.0767955
-142.404,0.0687051,0.076316,0.0764357,0.0764357
-142.381,0.0680544,0.0759306,0.0760572,0.0760572
-142.358,0.067387,0.0755266,0.0756599,0.0756599
-142.336,0.066703,0.075104,0.075244,0.075244
-142.313,0.0660026,0.074663,0.0748097,0.0748097
-142.29,0.0652861,0.0742036,0.074357,0.074357
-142.268,0.0645535,0.0737261,0.073886,0.073886
-142.245,0.063805,0.0732303,0.0733969,0.0733969
-142.222,0.0630409,0.0727167,0.0728897,0.0728897
-142.2,0.0622612,0.0721851,0.0723646,0.0723646
-142.177,0.0614663,0.0716358,0.0718218,0.0718218
-142.154,0.0606563,0.071069,0.0712613,0.0712613
-142.132,0.0598314,0.0704847,0.0706833,0.0706833
-142.109,0.0589918,0.069883,0.0700879,0.0700879
-142.086,0.0581377,0.0692642,0.0694753,0.0694753
-142.063,0.0572693,0.0686284,0.0688457,0.0688457
-142.041,0.0563869,0.0679757,0.0681991,0.0681991
-142.018,0.0554906,0.0673064,0.0675358,0.0675358
-141.995,0.0545807,0.0666205,0.0668558,0.0668558
-141.973,0.0536574,0.0659182,0.0661595,0.0661595
-141.95,0.0527209,0.0651998,0.0654469,0.0654469
-141.927,0.0517714,0.0644653,0.0647182,0.0647182
-141.905,0.0508093,0.063715,0.0639736,0.0639736
-141.882,0.0498346,0.062949,0.0632133,0.0632133
-141.859,0.0488477,0.0621676,0.0624375,0.0624375
-141.837,0.0478488,0.0613709,0.0616463,0.0616463
-141.814,0.0468382,0.0605592,0.06084,0.06084
-141.791,0.0458161,0.0597325,0.0600188,0.0600188
-141.769,0.0447827,0.0588913,0.0591828,0.0591828
-141.746,0.0437383,0.0580355,0.0583322,0.0583322
-141.723,0.0426831,0.0571655,0.0574674,0.0574674
-141.701,0.0416175,0.0562814,0.0565884,0.0565884
-141.678,0.0405417,0.0553835,0.0556955,0.0556955
-141.655,0.0394559,0.054472,0.0547889,0.0547889
-141.633,0.0383604,0.0535471,0.0538688,0.0538688
-141.61,0.0372555,0.0526091,0.0529355,0.0529355
-141.587,0.0361414,0.0516582,0.0519893,0.0519893
-141.565,0.0350185,0.0506945,0.0510302,0.0510302
-141.542,0.0338869,0.0497185,0.0500586,0.0500586
-141.519,0.0327471,0.0487302,0.0490747,0.0490747
-141.497,0.0315991,0.0477299,0.0480787,0.0480787
-141.474,0.0304435,0.0467179,0.047071,0.047071
-141.451,0.0292803,0.0456944,0.0460517,0.0460517
-141.429,0.02811,0.0446597,0.045021,0.045021
-141.406,0.0269327,0.0436141,0.0439793,0.0439793
-141.383,0.0257489,0.0425577,0.0429268,0.0429268
-141.361,0.0245587,0.0414909,0.0418637,0.0418637
-141.338,0.0233625,0.0404138,0.0407903,0.0407903
-141.315,0.0221605,0.0393269,0.039707,0.039707
-141.293,0.0209531,0.0382303,0.0386138,0.0386138
-141.27,0.0197406,0.0371243,0.0375112,0.0375112
-141.247,0.0185232,0.0360092,0.0363994,0.0363994
-141.224,0.0173013,0.0348852,0.0352786,0.0352786
-141.202,0.0160751,0.0337527,0.0341491,0.0341491
-141.179,0.0148449,0.0326119,0.0330113,0.0330113
-141.156,0.0136111,0.0314631,0.0318653,0.0318653
-141.134,0.012374,0.0303065,0.0307115,0.0307115
-141.111,0.0111338,0.0291425,0.0295502,0.0295502
-141.088,0.00989095,0.0279714,0.0283816,0.0283816
-141.066,0.00864561,0.0267933,0.027206,0.027206
-141.043,0.00739816,0.0256087,0.0260238,0.0260238
-141.02,0.00614889,0.0244178,0.0248351,0.0248351
-140.998,0.0048981,0.0232209,0.0236404,0.0236404
-140.975,0.00364612,0.0220183,0.0224398,0.0224398
-140.952,0.00239324,0.0208103,0.0212337,0.0212337
-140.93,0.00113977,0.0195972,0.0200224,0.0200224
-140.907,-0.000113981,0.0183792,0.0188061,0.0188061
-140.884,-0.0013677,0.0171568,0.0175853,0.0175853
-140.862,-0.00262109,0.0159301,0.0163601,0.0163601
-140.839,-0.00387383,0.0146995,0.0151309,0.0151309
-140.816,-0.00512562,0.0134653,0.013898,0.013898
-140.794,-0.00637615,0.0122279,0.0126617,0.0126617
-140.771,-0.00762511,0.0109873,0.0114222,0.0114222
-140.748,-0.00887221,0.00974415,0.0101799,0.0101799
-140.726,-0.0101171,0.00849855,0.00893517,0.00893517
-140.703,-0.0113595,0.00725086,0.00768819,0.00768819
-140.68,-0.0125992,0.00600141,0.00643935,0.00643935
-140.658,-0.0138357,0.00475046,0.00518891,0.00518891
-140.635,-0.0150689,0.00349836,0.00393719,0.00393719
-140.612,-0.0162983,0.00224539,0.00268448,0.00268448
-140.59,-0.0175238,0.000991875,0.00143114,0.00143114
-140.567,-0.0187449,-0.00026188,0.000177408,0.000177408
-140.544,-0.0199614,-0.00151558,-0.00107636,-0.00107636
-140.522,-0.0211731,-0.00276891,-0.00232986,-0.00232986
-140.499,-0.0223795,-0.00402155,-0.00358279,-0.00358279
-140.476,-0.0235804,-0.00527321,-0.00483487,-0.00483487
-140.454,-0.0247756,-0.00652357,-0.00608574,-0.00608574
-140.431,-0.0259646,-0.00777234,-0.00733511,-0.00733511
-140.408,-0.0271473,-0.0090192,-0.0085827,-0.0085827
-140.385,-0.0283233,-0.0102638,-0.0098282,-0.0098282
-140.363,-0.0294924,-0.0115059,-0.0110713,-0.0110713
-140.34,-0.0306542,-0.0127452,-0.0123116,-0.0123116
-140.317,-0.0318084,-0.0139814,-0.013549,-0.013549
-140.295,-0.0329549,-0.0152141,-0.014783,-0.014783
-140.272,-0.0340933,-0.0164431,-0.0160134,-0.0160134
-140.249,-0.0352233,-0.0176681,-0.0172398,-0.0172398
-140.227,-0.0363446,-0.0188887,-0.0184621,-0.0184621
-140.204,-0.037457,-0.0201047,-0.0196798,-0.0196798
-140.181,-0.0385603,-0.0213157,-0.0208926,-0.0208926
-140.159,-0.039654,-0.0225215,-0.0221004,-0.0221004
-140.136,-0.040738,-0.0237218,-0.0233027,-0.0233027
-140.113,-0.041812,-0.0249162,-0.0244993,-0.0244993
-140.091,-0.0428758,-0.0261045,-0.0256899,-0.0256899
-140.068,-0.043929,-0.0272865,-0.0268742,-0.0268742
-140.045,-0.0449714,-0.0284617,-0.0280519,-0.0280519
-140.023,-0.0460028,-0.0296299,-0.0292227,-0.0292227
-140,-0.0470228,-0.0307908,-0.0303863,-0.0303863
-139.977,-0.0480313,-0.0319442,-0.0315425,-0.0315425
-139.955,-0.0490281,-0.0330898,-0.0326909,-0.0326909
-139.932,-0.0500127,-0.0342272,-0.0338313,-0.0338313
-139.909,-0.0509851,-0.0353562,-0.0349634,-0.0349634
-139.887,-0.051945,-0.0364765,-0.0360869,-0.0360869
-139.864,-0.0528921,-0.0375878,-0.0372016,-0.0372016
-139.841,-0.0538262,-0.03869,-0.0383071,-0.0383071
-139.819,-0.0547471,-0.0397826,-0.0394032,-0.0394032
-139.796,-0.0556546,-0.0408655,-0.0404897,-0.0404897
-139.773,-0.0565484,-0.0419383,-0.0415662,-0.0415662
-139.751,-0.0574283,-0.0430008,-0.0426325,-0.0426325
-139.728,-0.0582941,-0.0440527,-0.0436883,-0.0436883
-139.705,-0.0591456,-0.0450939,-0.0447334,-0.0447334
-139.683,-0.0599825,-0.046124,-0.0457675,-0.0457675
-139.66,-0.0608047,-0.0471427,-0.0467904,-0.0467904
-139.637,-0.061612,-0.0481498,-0.0478018,-0.0478018
-139.615,-0.0624041,-0.0491452,-0.0488015,-0.0488015
-139.592,-0.063181,-0.0501284,-0.0497891,-0.0497891
-139.569,-0.0639423,-0.0510994,-0.0507646,-0.0507646
-139.546,-0.0646878,-0.0520578,-0.0517276,-0.0517276
-139.524,-0.0654176,-0.0530034,-0.0526779,-0.0526779
-139.501,-0.0661312,-0.053936,-0.0536152,-0.0536152
-139.478,-0.0668286,-0.0548553,-0.0545394,-0.0545394
-139.456,-0.0675096,-0.0557612,-0.0554502,-0.0554502
-139.433,-0.068174,-0.0566534,-0.0563474,-0.0563474
-139.41,-0.0688216,-0.0575316,-0.0572307,-0.0572307
-139.388,-0.0694524,-0.0583958,-0.0581,-0.0581
-139.365,-0.0700661,-0.0592456,-0.0589551,-0.0589551
-139.342,-0.0706625,-0.0600808,-0.0597956,-0.0597956
-139.32,-0.0712417,-0.0609013,-0.0606215,-0.0606215
-139.297,-0.0718033,-0.0617068,-0.0614325,-0.0614325
-139.274,-0.0723473,-0.0624972,-0.0622284,-0.0622284
-139.252,-0.0728735,-0.0632722,-0.063009,-0.063009
-139.229,-0.0733818,-0.0640317,-0.0637741,-0.0637741
-139.206,-0.0738721,-0.0647754,-0.0645236,-0.0645236
-139.184,-0.0743443,-0.0655032,-0.0652573,-0.0652573
-139.161,-0.0747982,-0.066215,-0.0659749,-0.0659749
-139.138,-0.0752337,-0.0669105,-0.0666763,-0.0666763
-139.116,-0.0756508,-0.0675895,-0.0673614,-0.0673614
-139.093,-0.0760492,-0.068252,-0.0680299,-0.0680299
-139.07,-0.076429,-0.0688977,-0.0686817,-0.0686817
-139.048,-0.07679,-0.0695264,-0.0693166,-0.0693166
-139.025,-0.0771322,-0.0701381,-0.0699346,-0.0699346
-139.002,-0.0774554,-0.0707326,-0.0705353,-0.0705353
-138.98,-0.0777596,-0.0713097,-0.0711187,-0.0711187
-138.957,-0.0780446,-0.0718693,-0.0716847,-0.0716847
-138.934,-0.0783106,-0.0724112,-0.0722331,-0.0722331
-138.912,-0.0785572,-0.0729354,-0.0727637,-0.0727637
-138.889,-0.0787846,-0.0734416,-0.0732764,-0.0732764
-138.866,-0.0789927,-0.0739298,-0.0737712,-0.0737712
-138.844,-0.0791813,-0.0743998,-0.0742478,-0.0742478
-138.821,-0.0793505,-0.0748516,-0.0747062,-0.0747062
-138.798,-0.0795002,-0.0752849,-0.0751463,-0.0751463
-138.776,-0.0796303,-0.0756998,-0.0755679,-0.0755679
-138.753,-0.0797409,-0.0760961,-0.075971,-0.075971
-138.73,-0.079832,-0.0764737,-0.0763554,-0.0763554
-138.707,-0.0799034,-0.0768325,-0.076721,-0.076721
-138.685,-0.0799552,-0.0771725,-0.0770679,-0.0770679
-138.662,-0.0799873,-0.0774935,-0.0773957,-0.0773957
-138.639,-0.0799998,-0.0777954,-0.0777046,-0.0777046
-138.617,-0.0799927,-0.0780783,-0.0779944,-0.0779944
-138.594,-0.0799659,-0.0783419,-0.0782651,-0.0782651
-138.571,-0.0799194,-0.0785864,-0.0785165,-0.0785165
-138.549,-0.0798534,-0.0788115,-0.0787487,-0.0787487
-138.526,-0.0797677,-0.0790173,-0.0789615,-0.0789615
-138.503,-0.0796624,-0.0792036,-0.0791549,-0.0791549
-138.481,-0.0795376,-0.0793705,-0.0793289,-0.0793289
-138.458,-0.0793932,-0.079518,-0.0794834,-0.0794834
-138.435,-0.0792294,-0.0796458,-0.0796184,-0.0796184
-138.413,-0.079046,-0.0797541,-0.0797338,-0.0797338
-138.39,-0.0788433,-0.0798429,-0.0798297,-0.0798297
-138.367,-0.0786212,-0.079912,-0.0799059,-0.0799059
-138.345,-0.0783797,-0.0799615,-0.0799626,-0.0799626
-138.322,-0.0781191,-0.0799914,-0.0799996,-0.0799996
-138.299,-0.0778392,-0.0800016,-0.0800169,-0.0800169
-138.277,-0.0775402,-0.0799921,-0.0800147,-0.0800147
-138.254,-0.0772222,-0.0799631,-0.0799927,-0.0799927
-138.231,-0.0768852,-0.0799144,-0.0799511,-0.0799511
-138.209,-0.0765293,-0.079846,-0.0798899,-0.0798899
-138.186,-0.0761547,-0.079758,-0.079809,-0.079809
-138.163,-0.0757613,-0.0796505,-0.0797086,-0.0797086
-138.141,-0.0753493,-0.0795233,-0.0795886,-0.0795886
-138.118,-0.0749188,-0.0793767,-0.079449,-0.079449
-138.095,-0.0744699,-0.0792106,-0.07929,-0.07929
-138.073,-0.0740027,-0.079025,-0.0791114,-0.0791114
-138.05,-0.0735174,-0.0788199,-0.0789135,-0.0789135
-138.027,-0.0730139,-0.0785956,-0.0786961,-0.0786961
-138.005,-0.0724926,-0.0783519,-0.0784595,-0.0784595
-137.982,-0.0719534,-0.078089,-0.0782035,-0.0782035
-137.959,-0.0713966,-0.0778069,-0.0779284,-0.0779284
-137.937,-0.0708222,-0.0775057,-0.0776341,-0.0776341
-137.914,-0.0702305,-0.0771854,-0.0773208,-0.0773208
-137.891,-0.0696214,-0.0768462,-0.0769885,-0.0769885
-137.868,-0.0689953,-0.0764881,-0.0766373,-0.0766373
-137.846,-0.0683523,-0.0761113,-0.0762672,-0.0762672
-137.823,-0.0676924,-0.0757158,-0.0758784,-0.0758784
-137.8,-0.0670159,-0.0753016,-0.075471,-0.075471
-137.778,-0.066323,-0.0748689,-0.0750451,-0.0750451
-137.755,-0.0656138,-0.0744179,-0.0746007,-0.0746007
-137.732,-0.0648884,-0.0739486,-0.074138,-0.074138
-137.71,-0.0641472,-0.0734611,-0.0736571,-0.0736571
-137.687,-0.0633901,-0.0729556,-0.0731582,-0.0731582
-137.664,-0.0626175,-0.0724321,-0.0726412,-0.0726412
-137.642,-0.0618295,-0.0718909,-0.0721064,-0.0721064
-137.619,-0.0610264,-0.071332,-0.071554,-0.071554
-137.596,-0.0602082,-0.0707556,-0.0709839,-0.0709839
-137.574,-0.0593753,-0.0701618,-0.0703964,-0.0703964
-137.551,-0.0585277,-0.0695508,-0.0697916,-0.0697916
-137.528,-0.0576658,-0.0689227,-0.0691697,-0.0691697
-137.506,-0.0567897,-0.0682777,-0.0685308,-0.0685308
-137.483,-0.0558997,-0.0676159,-0.0678751,-0.0678751
-137.46,-0.054996,-0.0669375,-0.0672027,-0.0672027
-137.438,-0.0540787,-0.0662426,-0.0665138,-0.0665138
-137.415,-0.0531482,-0.0655315,-0.0658086,-0.0658086
-137.392,-0.0522046,-0.0648043,-0.0650872,-0.0650872
-137.37,-0.0512482,-0.0640612,-0.0643499,-0.0643499
-137.347,-0.0502792,-0.0633023,-0.0635967,-0.0635967
-137.324,-0.0492978,-0.0625279,-0.0628279,-0.0628279
-137.302,-0.0483044,-0.0617381,-0.0620437,-0.0620437
-137.279,-0.047299,-0.0609332,-0.0612442,-0.0612442
-137.256,-0.0462821,-0.0601133,-0.0604298,-0.0604298
-137.234,-0.0452538,-0.0592787,-0.0596004,-0.0596004
-137.211,-0.0442143,-0.0584294,-0.0587565,-0.0587565
-137.188,-0.0431641,-0.0575659,-0.0578981,-0.0578981
-137.166,-0.0421032,-0.0566881,-0.0570255,-0.0570255
-137.143,-0.0410319,-0.0557965,-0.0561389,-0.0561389
-137.12,-0.0399506,-0.0548912,-0.0552385,-0.0552385
-137.098,-0.0388595,-0.0539723,-0.0543245,-0.0543245
-137.075,-0.0377588,-0.0530403,-0.0533973,-0.0533973
-137.052,-0.0366489,-0.0520952,-0.0524569,-0.0524569
-137.029,-0.03553,-0.0511373,-0.0515036,-0.0515036
-137.007,-0.0344023,-0.0501668,-0.0505377,-0.0505377
-136.984,-0.0332662,-0.049184,-0.0495593,-0.0495593
-136.961,-0.0321219,-0.0481892,-0.0485688,-0.0485688
-136.939,-0.0309697,-0.0471825,-0.0475664,-0.0475664
-136.916,-0.0298099,-0.0461642,-0.0465523,-0.0465523
-136.893,-0.0286428,-0.0451345,-0.0455268,-0.0455268
-136.871,-0.0274687,-0.0440938,-0.0444901,-0.0444901
-136.848,-0.0262878,-0.0430423,-0.0434424,-0.0434424
-136.825,-0.0251005,-0.0419802,-0.0423841,-0.0423841
-136.803,-0.0239069,-0.0409078,-0.0413154,-0.0413154
-136.78,-0.0227076,-0.0398253,-0.0402365,-0.0402365
-136.757,-0.0215026,-0.038733,-0.0391478,-0.0391478
-136.735,-0.0202924,-0.0376313,-0.0380495,-0.0380495
-136.712,-0.0190771,-0.0365203,-0.0369418,-0.0369418
-136.689,-0.0178572,-0.0354003,-0.0358251,-0.0358251
-136.667,-0.0166329,-0.0342716,-0.0346995,-0.0346995
-136.644,-0.0154046,-0.0331345,-0.0335655,-0.0335655
-136.621,-0.0141724,-0.0319893,-0.0324231,-0.0324231
-136.599,-0.0129367,-0.0308362,-0.0312729,-0.0312729
-136.576,-0.0116979,-0.0296756,-0.0301149,-0.0301149
-136.553,-0.0104562,-0.0285076,-0.0289496,-0.0289496
-136.531,-0.00921196,-0.0273327,-0.0277772,-0.0277772
-136.508,-0.00796543,-0.026151,-0.0265979,-0.0265979
-136.485,-0.00671694,-0.0249629,-0.0254121,-0.0254121
-136.463,-0.00546681,-0.0237687,-0.0242201,-0.0242201
-136.44,-0.00421533,-0.0225687,-0.0230221,-0.0230221
-136.417,-0.00296282,-0.0213631,-0.0218185,-0.0218185
-136.395,-0.00170958,-0.0201522,-0.0206095,-0.0206095
-136.372,-0.00045592,-0.0189364,-0.0193955,-0.0193955
-136.349,0.000797852,-0.017716,-0.0181767,-0.0181767
-136.327,0.00205143,-0.0164912,-0.0169535,-0.0169535
-136.304,0.0033045,-0.0152624,-0.0157261,-0.0157261
-136.281,0.00455676,-0.0140298,-0.0144948,-0.0144948
-136.259,0.0058079,-0.0127937,-0.01326,-0.01326
-136.236,0.00705762,-0.0115545,-0.0120219,-0.0120219
-136.213,0.0083056,-0.0103125,-0.0107809,-0.0107809
-136.19,0.00955154,-0.00906798,-0.00953721,-0.00953721
-136.168,0.0107951,-0.0078212,-0.0082912,-0.0082912
-136.145,0.0120361,-0.0065725,-0.00704317,-0.00704317
-136.122,0.0132741,-0.00532219,-0.0057934,-0.0057934
-136.1,0.0145088,-0.00407057,-0.00454221,-0.00454221
-136.077,0.01574,-0.00281795,-0.00328992,-0.00328992
-136.054,0.0169673,-0.00156464,-0.00203682,-0.00203682
-136.032,0.0181904,-0.00031095,-0.00078322,-0.00078322
-136.009,0.019409,0.000942818,0.000470545,0.000470545
-135.986,0.0206229,0.00219636,0.00172422,0.00172422
-135.964,0.0218318,0.00344936,0.00297744,0.00297744
-135.941,0.0230352,0.00470151,0.00422995,0.00422995
-135.918,0.024233,0.00595251,0.00548138,0.00548138
-135.896,0.0254249,0.00720205,0.0067315,0.0067315
-135.873,0.0266105,0.00844981,0.00797993,0.00797993
-135.85,0.0277896,0.0096955,0.00922643,0.00922643
-135.828,0.0289618,0.0109388,0.0104707,0.0104707
-135.805,0.030127,0.0121794,0.0117123,0.0117123
-135.782,0.0312847,0.0134171,0.012951,0.012951
-135.76,0.0324348,0.0146514,0.0141866,0.0141866
-135.737,0.0335769,0.0158821,0.0154187,0.0154187
-135.714,0.0347107,0.017109,0.016647,0.016647
-135.692,0.035836,0.0183316,0.0178712,0.0178712
-135.669,0.0369525,0.0195497,0.019091,0.019091
-135.646,0.03806,0.020763,0.0203061,0.0203061
-135.624,0.039158,0.0219713,0.0215162,0.0215162
-135.601,0.0402465,0.0231741,0.022721,0.022721
-135.578,0.0413251,0.0243712,0.0239203,0.0239203
-135.556,0.0423935,0.0255624,0.0251136,0.0251136
-135.533,0.0434516,0.0267473,0.0263008,0.0263008
-135.51,0.0444989,0.0279256,0.0274815,0.0274815
-135.488,0.0455353,0.029097,0.0286555,0.0286555
-135.465,0.0465606,0.0302613,0.0298225,0.0298225
-135.442,0.0475744,0.0314182,0.0309821,0.0309821
-135.42,0.0485765,0.0325673,0.032134,0.032134
-135.397,0.0495667,0.0337085,0.0332781,0.0332781
-135.374,0.0505447,0.0348413,0.034414,0.034414
-135.351,0.0515103,0.0359656,0.0355415,0.0355415
-135.329,0.0524632,0.0370811,0.0366602,0.0366602
-135.306,0.0534033,0.0381875,0.0377699,0.0377699
-135.283,0.0543302,0.0392845,0.0388704,0.0388704
-135.261,0.0552438,0.0403718,0.0399612,0.0399612
-135.238,0.0561438,0.0414492,0.0410423,0.0410423
-135.215,0.0570301,0.0425165,0.0421133,0.0421133
-135.193,0.0579023,0.0435733,0.0431739,0.0431739
-135.17,0.0587603,0.0446194,0.0442239,0.0442239
-135.147,0.0596039,0.0456545,0.0452631,0.0452631
-135.125,0.0604328,0.0466784,0.0462911,0.0462911
-135.102,0.0612469,0.0476909,0.0473078,0.0473078
-135.079,0.062046,0.0486916,0.0483128,0.0483128
-135.057,0.0628298,0.0496804,0.049306,0.049306
-135.034,0.0635981,0.050657,0.050287,0.050287
-135.011,0.0643509,0.0516211,0.0512557,0.0512557
-134.989,0.0650878,0.0525726,0.0522118,0.0522118
-134.966,0.0658088,0.0535111,0.0531551,0.0531551
-134.943,0.0665136,0.0544365,0.0540853,0.0540853
-134.921,0.0672021,0.0553486,0.0550022,0.0550022
-134.898,0.067874,0.056247,0.0559056,0.0559056
-134.875,0.0685293,0.0571316,0.0567953,0.0567953
-134.853,0.0691678,0.0580022,0.057671,0.057671
-134.83,0.0697892,0.0588586,0.0585325,0.0585325
-134.807,0.0703936,0.0597005,0.0593797,0.0593797
-134.785,0.0709806,0.0605277,0.0602123,0.0602123
-134.762,0.0715502,0.06134,0.0610301,0.0610301
-134.739,0.0721022,0.0621373,0.0618329,0.0618329
-134.717,0.0726365,0.0629194,0.0626205,0.0626205
-134.694,0.073153,0.0636859,0.0633927,0.0633927
-134.671,0.0736515,0.0644369,0.0641493,0.0641493
-134.649,0.0741319,0.065172,0.0648902,0.0648902
-134.626,0.0745941,0.0658911,0.0656151,0.0656151
-134.603,0.075038,0.066594,0.066324,0.066324
-134.58,0.0754635,0.0672805,0.0670165,0.0670165
-134.558,0.0758704,0.0679506,0.0676925,0.0676925
-134.535,0.0762587,0.0686039,0.068352,0.068352
-134.512,0.0766283,0.0692404,0.0689946,0.0689946
-134.49,0.076979,0.0698599,0.0696203,0.0696203
-134.467,0.0773108,0.0704622,0.0702289,0.0702289
-134.444,0.0776237,0.0710472,0.0708202,0.0708202
-134.422,0.0779174,0.0716148,0.0713941,0.0713941
-134.399,0.0781921,0.0721648,0.0719505,0.0719505
-134.376,0.0784475,0.072697,0.0724892,0.0724892
-134.354,0.0786837,0.0732114,0.0730101,0.0730101
-134.331,0.0789005,0.0737078,0.0735131,0.0735131
-134.308,0.0790979,0.0741861,0.073998,0.073998
-134.286,0.079276,0.0746462,0.0744647,0.0744647
-134.263,0.0794345,0.075088,0.0749132,0.0749132
-134.24,0.0795736,0.0755113,0.0753432,0.0753432
-134.218,0.0796931,0.075916,0.0757547,0.0757547
-134.195,0.079793,0.0763022,0.0761476,0.0761476
-134.172,0.0798733,0.0766695,0.0765218,0.0765218
-134.15,0.0799341,0.0770181,0.0768772,0.0768772
-134.127,0.0799751,0.0773477,0.0772137,0.0772137
-134.104,0.0799966,0.0776583,0.0775313,0.0775313
-134.082,0.0799984,0.0779499,0.0778298,0.0778298
-134.059,0.0799805,0.0782223,0.0781091,0.0781091
-134.036,0.079943,0.0784755,0.0783693,0.0783693
-134.014,0.0798858,0.0787094,0.0786102,0.0786102
-133.991,0.0798091,0.078924,0.0788319,0.0788319
-133.968,0.0797127,0.0791192,0.0790341,0.0790341
-133.946,0.0795968,0.079295,0.079217,0.079217
-133.923,0.0794613,0.0794513,0.0793804,0.0793804
-133.9,0.0793063,0.0795881,0.0795242,0.0795242
-133.878,0.0791318,0.0797053,0.0796486,0.0796486
-133.855,0.0789378,0.0798029,0.0797534,0.0797534
-133.832,0.0787245,0.079881,0.0798385,0.0798385
-133.81,0.0784919,0.0799394,0.0799041,0.0799041
-133.787,0.0782399,0.0799782,0.07995,0.07995
-133.764,0.0779688,0.0799974,0.0799763,0.0799763
-133.741,0.0776785,0.0799969,0.079983,0.079983
-133.719,0.0773691,0.0799767,0.07997,0.07997
-133.696,0.0770407,0.079937,0.0799373,0.0799373
-133.673,0.0766934,0.0798775,0.0798851,0.0798851
-133.651,0.0763273,0.0797985,0.0798132,0.0798132
-133.628,0.0759424,0.0796998,0.0797216,0.0797216
-133.605,0.0755389,0.0795816,0.0796105,0.0796105
-133.583,0.0751168,0.0794439,0.0794799,0.0794799
-133.56,0.0746762,0.0792866,0.0793297,0.0793297
-133.537,0.0742173,0.0791098,0.07916,0.07916
-133.515,0.0737402,0.0789137,0.0789709,0.0789709
-133.492,0.073245,0.0786981,0.0787624,0.0787624
-133.469,0.0727318,0.0784632,0.0785345,0.0785345
-133.447,0.0722007,0.078209,0.0782873,0.0782873
-133.424,0.0716519,0.0779357,0.0780209,0.0780209
-133.401,0.0710855,0.0776432,0.0777353,0.0777353
-133.379,0.0705016,0.0773316,0.0774307,0.0774307
-133.356,0.0699004,0.077001,0.077107,0.077107
-133.333,0.069282,0.0766515,0.0767644,0.0767644
-133.311,0.0686467,0.0762832,0.0764029,0.0764029
-133.288,0.0679944,0.0758961,0.0760226,0.0760226
-133.265,0.0673255,0.0754904,0.0756237,0.0756237
-133.243,0.06664,0.0750662,0.0752062,0.0752062
-133.22,0.0659382,0.0746235,0.0747702,0.0747702
-133.197,0.0652201,0.0741625,0.0743158,0.0743158
-133.175,0.0644861,0.0736833,0.0738432,0.0738432
-133.152,0.0637362,0.0731859,0.0733525,0.0733525
-133.129,0.0629706,0.0726706,0.0728437,0.0728437
-133.107,0.0621896,0.0721375,0.072317,0.072317
-133.084,0.0613933,0.0715866,0.0717726,0.0717726
-133.061,0.0605819,0.0710182,0.0712105,0.0712105
-133.039,0.0597557,0.0704323,0.0706309,0.0706309
-133.016,0.0589148,0.0698291,0.070034,0.070034
-132.993,0.0580594,0.0692088,0.0694199,0.0694199
-132.971,0.0571897,0.0685714,0.0687887,0.0687887
-132.948,0.056306,0.0679172,0.0681406,0.0681406
-132.925,0.0554085,0.0672464,0.0674758,0.0674758
-132.902,0.0544973,0.066559,0.0667944,0.0667944
-132.88,0.0535728,0.0658553,0.0660966,0.0660966
-132.857,0.0526351,0.0651353,0.0653826,0.0653826
-132.834,0.0516845,0.0643995,0.0646525,0.0646525
-132.812,0.0507212,0.0636477,0.0639065,0.0639065
-132.789,0.0497454,0.0628804,0.0631448,0.0631448
-132.766,0.0487574,0.0620976,0.0623676,0.0623676
-132.744,0.0477574,0.0612995,0.0615751,0.0615751
-132.721,0.0467458,0.0604864,0.0607674,0.0607674
-132.698,0.0457226,0.0596585,0.0599448,0.0599448
-132.676,0.0446882,0.0588159,0.0591075,0.0591075
-132.653,0.0436428,0.0579588,0.0582557,0.0582557
-132.63,0.0425867,0.0570875,0.0573895,0.0573895
-132.608,0.0415201,0.0562022,0.0565093,0.0565093
-132.585,0.0404434,0.055303,0.0556151,0.0556151
-132.562,0.0393567,0.0543903,0.0547073,0.0547073
-132.54,0.0382603,0.0534643,0.0537861,0.0537861
-132.517,0.0371546,0.0525251,0.0528517,0.0528517
-132.494,0.0360397,0.051573,0.0519042,0.0519042
-132.472,0.0349159,0.0506082,0.050944,0.050944
-132.449,0.0337836,0.049631,0.0499713,0.0499713
-132.426,0.032643,0.0486416,0.0489863,0.0489863
-132.404,0.0314944,0.0476403,0.0479893,0.0479893
-132.381,0.030338,0.0466273,0.0469805,0.0469805
-132.358,0.0291742,0.0456028,0.0459602,0.0459602
-132.336,0.0280032,0.0445671,0.0449285,0.0449285
-132.313,0.0268254,0.0435205,0.0438858,0.0438858
-132.29,0.0256409,0.0424631,0.0428324,0.0428324
-132.268,0.0244502,0.0413954,0.0417684,0.0417684
-132.245,0.0232534,0.0403175,0.0406941,0.0406941
-132.222,0.022051,0.0392296,0.0396099,0.0396099
-132.2,0.0208431,0.0381322,0.0385159,0.0385159
-132.177,0.0196301,0.0370254,0.0374124,0.0374124
-132.154,0.0184123,0.0359094,0.0362998,0.0362998
-132.132,0.01719,0.0347847,0.0351782,0.0351782
-132.109,0.0159634,0.0336514,0.034048,0.034048
-132.086,0.0147329,0.0325099,0.0329094,0.0329094
-132.063,0.0134988,0.0313603,0.0317628,0.0317628
-132.041,0.0122614,0.0302031,0.0306083,0.0306083
-132.018,0.011021,0.0290385,0.0294463,0.0294463
-131.995,0.00977783,0.0278667,0.0282771,0.0282771
-131.973,0.00853229,0.0266881,0.0271009,0.0271009
-131.95,0.00728466,0.0255029,0.0259181,0.0259181
-131.927,0.00603524,0.0243114,0.0247289,0.0247289
-131.905,0.00478433,0.023114,0.0235336,0.0235336
-131.882,0.00353225,0.0219109,0.0223325,0.0223325
-131.859,0.00227931,0.0207024,0.021126,0.021126
-131.837,0.0010258,0.0194889,0.0199142,0.0199142
-131.814,-0.000227961,0.0182705,0.0186976,0.0186976
-131.791,-0.00148166,0.0170477,0.0174764,0.0174764
-131.769,-0.002735,0.0158206,0.0162508,0.0162508
-131.746,-0.00398767,0.0145897,0.0150213,0.0150213
-131.723,-0.00523936,0.0133552,0.0137881,0.0137881
-131.701,-0.00648976,0.0121175,0.0125514,0.0125514
-131.678,-0.00773857,0.0108767,0.0113117,0.0113117
-131.655,-0.00898547,0.0096333,0.0100692,0.0100692
-131.633,-0.0102302,0.00838751,0.00882429,0.00882429
-131.61,-0.0114724,0.00713967,0.00757716,0.00757716
-131.587,-0.0127117,0.00589007,0.00632817,0.00632817
-131.565,-0.013948,0.00463901,0.00507761,0.00507761
-131.542,-0.0151808,0.00338683,0.0038258,0.0038258
-131.519,-0.0164099,0.00213382,0.00257305,0.00257305
-131.497,-0.017635,0.000880274,0.00131965,0.00131965
-131.474,-0.0188557,-0.000373484,6.5942e-05,6.5942e-05
-131.451,-0.0200718,-0.00162715,-0.00118779,-0.00118779
-131.429,-0.0212829,-0.00288042,-0.00244123,-0.00244123
-131.406,-0.0224889,-0.00413298,-0.00369409,-0.00369409
-131.383,-0.0236893,-0.00538451,-0.00494604,-0.00494604
-131.361,-0.0248839,-0.00663474,-0.00619678,-0.00619678
-131.338,-0.0260724,-0.00788332,-0.00744598,-0.00744598
-131.315,-0.0272545,-0.00912998,-0.00869339,-0.00869339
-131.293,-0.0284299,-0.0103744,-0.00993865,-0.00993865
-131.27,-0.0295983,-0.0116163,-0.0111815,-0.0111815
-131.247,-0.0307594,-0.0128553,-0.0124215,-0.0124215
-131.224,-0.031913,-0.0140911,-0.0136586,-0.0136586
-131.202,-0.0330587,-0.0153235,-0.0148923,-0.0148923
-131.179,-0.0341964,-0.0165521,-0.0161223,-0.0161223
-131.156,-0.0353256,-0.0177767,-0.0173484,-0.0173484
-131.134,-0.0364461,-0.0189969,-0.0185702,-0.0185702
-131.111,-0.0375577,-0.0202124,-0.0197874,-0.0197874
-131.088,-0.0386601,-0.021423,-0.0209998,-0.0209998
-131.066,-0.039753,-0.0226283,-0.0222071,-0.0222071
-131.043,-0.0408361,-0.023828,-0.0234089,-0.0234089
-131.02,-0.0419092,-0.0250219,-0.024605,-0.024605
-130.998,-0.042972,-0.0262097,-0.025795,-0.025795
-130.975,-0.0440242,-0.027391,-0.0269786,-0.0269786
-130.952,-0.0450656,-0.0285655,-0.0281557,-0.0281557
-130.93,-0.046096,-0.0297331,-0.0293258,-0.0293258
-130.907,-0.047115,-0.0308934,-0.0304888,-0.0304888
-130.884,-0.0481224,-0.032046,-0.0316443,-0.0316443
-130.862,-0.0491181,-0.0331908,-0.0327919,-0.0327919
-130.839,-0.0501017,-0.0343275,-0.0339316,-0.0339316
-130.816,-0.0510729,-0.0354557,-0.0350629,-0.0350629
-130.794,-0.0520316,-0.0365752,-0.0361856,-0.0361856
-130.771,-0.0529776,-0.0376857,-0.0372994,-0.0372994
-130.748,-0.0539105,-0.038787,-0.0384041,-0.0384041
-130.726,-0.0548302,-0.0398787,-0.0394993,-0.0394993
-130.703,-0.0557364,-0.0409607,-0.0405849,-0.0405849
-130.68,-0.056629,-0.0420326,-0.0416604,-0.0416604
-130.658,-0.0575076,-0.0430941,-0.0427258,-0.0427258
-130.635,-0.0583721,-0.0441451,-0.0437806,-0.0437806
-130.612,-0.0592222,-0.0451852,-0.0448247,-0.0448247
-130.59,-0.0600579,-0.0462142,-0.0458578,-0.0458578
-130.567,-0.0608787,-0.0472319,-0.0468797,-0.0468797
-130.544,-0.0616846,-0.048238,-0.04789,-0.04789
-130.522,-0.0624754,-0.0492322,-0.0488885,-0.0488885
-130.499,-0.0632508,-0.0502144,-0.0498751,-0.0498751
-130.476,-0.0640107,-0.0511842,-0.0508494,-0.0508494
-130.454,-0.0647548,-0.0521414,-0.0518113,-0.0518113
-130.431,-0.0654831,-0.0530859,-0.0527604,-0.0527604
-130.408,-0.0661953,-0.0540172,-0.0536965,-0.0536965
-130.385,-0.0668912,-0.0549354,-0.0546195,-0.0546195
-130.363,-0.0675706,-0.05584,-0.0555291,-0.0555291
-130.34,-0.0682335,-0.0567309,-0.056425,-0.056425
-130.317,-0.0688797,-0.0576079,-0.057307,-0.057307
-130.295,-0.0695089,-0.0584707,-0.058175,-0.058175
-130.272,-0.070121,-0.0593191,-0.0590287,-0.0590287
-130.249,-0.0707159,-0.060153,-0.0598679,-0.0598679
-130.227,-0.0712935,-0.0609722,-0.0606925,-0.0606925
-130.204,-0.0718535,-0.0617763,-0.0615021,-0.0615021
-130.181,-0.0723959,-0.0625653,-0.0622966,-0.0622966
-130.159,-0.0729205,-0.0633389,-0.0630758,-0.0630758
-130.136,-0.0734272,-0.0640969,-0.0638395,-0.0638395
-130.113,-0.0739158,-0.0648392,-0.0645876,-0.0645876
-130.091,-0.0743863,-0.0655656,-0.0653197,-0.0653197
-130.068,-0.0748385,-0.0662759,-0.0660359,-0.0660359
-130.045,-0.0752724,-0.0669698,-0.0667358,-0.0667358
-130.023,-0.0756878,-0.0676474,-0.0674194,-0.0674194
-130,-0.0760845,-0.0683083,-0.0680864,-0.0680864
-129.977,-0.0764626,-0.0689525,-0.0687366,-0.0687366
-129.955,-0.0768219,-0.0695797,-0.06937,-0.06937
-129.932,-0.0771623,-0.0701898,-0.0699864,-0.0699864
-129.909,-0.0774838,-0.0707827,-0.0705855,-0.0705855
-129.887,-0.0777863,-0.0713582,-0.0711674,-0.0711674
-129.864,-0.0780696,-0.0719161,-0.0717317,-0.0717317
-129.841,-0.0783338,-0.0724565,-0.0722785,-0.0722785
-129.819,-0.0785787,-0.0729789,-0.0728075,-0.0728075
-129.796,-0.0788043,-0.0734835,-0.0733186,-0.0733186
-129.773,-0.0790106,-0.0739701,-0.0738117,-0.0738117
-129.751,-0.0791975,-0.0744384,-0.0742866,-0.0742866
-129.728,-0.0793649,-0.0748885,-0.0747434,-0.0747434
-129.705,-0.0795128,-0.0753202,-0.0751818,-0.0751818
-129.683,-0.0796412,-0.0757333,-0.0756017,-0.0756017
-129.66,-0.07975,-0.076128,-0.076003,-0.076003
-129.637,-0.0798393,-0.0765038,-0.0763858,-0.0763858
-129.615,-0.0799089,-0.0768609,-0.0767497,-0.0767497
-129.592,-0.0799589,-0.0771991,-0.0770948,-0.0770948
-129.569,-0.0799893,-0.0775184,-0.0774209,-0.0774209
-129.546,-0.08,-0.0778186,-0.0777281,-0.0777281
-129.524,-0.0799911,-0.0780997,-0.0780161,-0.0780161
-129.501,-0.0799625,-0.0783616,-0.078285,-0.078285
-129.478,-0.0799142,-0.0786043,-0.0785347,-0.0785347
-129.456,-0.0798464,-0.0788277,-0.0787651,-0.0787651
-129.433,-0.0797589,-0.0790317,-0.0789761,-0.0789761
-129.41,-0.0796519,-0.0792162,-0.0791678,-0.0791678
-129.388,-0.0795253,-0.0793813,-0.07934,-0.07934
-129.365,-0.0793791,-0.079527,-0.0794927,-0.0794927
-129.342,-0.0792135,-0.0796531,-0.0796259,-0.0796259
-129.32,-0.0790284,-0.0797596,-0.0797396,-0.0797396
-129.297,-0.0788239,-0.0798466,-0.0798336,-0.0798336
-129.274,-0.0786,-0.0799139,-0.0799081,-0.0799081
-129.252,-0.0783568,-0.0799616,-0.0799629,-0.0799629
-129.229,-0.0780944,-0.0799897,-0.0799981,-0.0799981
-129.206,-0.0778128,-0.079998,-0.0800137,-0.0800137
-129.184,-0.0775121,-0.0799868,-0.0800096,-0.0800096
-129.161,-0.0771923,-0.0799559,-0.0799859,-0.0799859
-129.138,-0.0768536,-0.0799054,-0.0799425,-0.0799425
-129.116,-0.076496,-0.0798353,-0.0798795,-0.0798795
-129.093,-0.0761197,-0.0797455,-0.0797969,-0.0797969
-129.07,-0.0757246,-0.0796362,-0.0796946,-0.0796946
-129.048,-0.0753109,-0.0795073,-0.0795728,-0.0795728
-129.025,-0.0748787,-0.0793588,-0.0794315,-0.0794315
-129.002,-0.0744282,-0.0791909,-0.0792706,-0.0792706
-128.98,-0.0739593,-0.0790035,-0.0790903,-0.0790903
-128.957,-0.0734723,-0.0787967,-0.0788906,-0.0788906
-128.934,-0.0729673,-0.0785706,-0.0786715,-0.0786715
-128.912,-0.0724443,-0.0783252,-0.0784331,-0.0784331
-128.889,-0.0719035,-0.0780605,-0.0781754,-0.0781754
-128.866,-0.0713451,-0.0777766,-0.0778985,-0.0778985
-128.844,-0.0707691,-0.0774737,-0.0776025,-0.0776025
-128.821,-0.0701758,-0.0771517,-0.0772874,-0.0772874
-128.798,-0.0695652,-0.0768108,-0.0769534,-0.0769534
-128.776,-0.0689376,-0.076451,-0.0766004,-0.0766004
-128.753,-0.068293,-0.0760724,-0.0762286,-0.0762286
-128.73,-0.0676316,-0.0756751,-0.0758382,-0.0758382
-128.707,-0.0669536,-0.0752593,-0.0754291,-0.0754291
-128.685,-0.0662592,-0.0748249,-0.0750015,-0.0750015
-128.662,-0.0655485,-0.0743722,-0.0745554,-0.0745554
-128.639,-0.0648217,-0.0739012,-0.0740911,-0.0740911
-128.617,-0.064079,-0.0734121,-0.0736085,-0.0736085
-128.594,-0.0633205,-0.0729049,-0.0731079,-0.0731079
-128.571,-0.0625465,-0.0723798,-0.0725893,-0.0725893
-128.549,-0.0617571,-0.071837,-0.0720529,-0.0720529
-128.526,-0.0609526,-0.0712765,-0.0714988,-0.0714988
-128.503,-0.0601331,-0.0706985,-0.0709272,-0.0709272
-128.481,-0.0592988,-0.0701031,-0.0703381,-0.0703381
-128.458,-0.05845,-0.0694905,-0.0697318,-0.0697318
-128.435,-0.0575868,-0.0688609,-0.0691083,-0.0691083
-128.413,-0.0567094,-0.0682143,-0.0684679,-0.0684679
-128.39,-0.0558181,-0.067551,-0.0678106,-0.0678106
-128.367,-0.0549131,-0.066871,-0.0671367,-0.0671367
-128.345,-0.0539947,-0.0661747,-0.0664463,-0.0664463
-128.322,-0.0530629,-0.0654621,-0.0657396,-0.0657396
-128.299,-0.0521182,-0.0647334,-0.0650168,-0.0650168
-128.277,-0.0511606,-0.0639888,-0.0642779,-0.0642779
-128.254,-0.0501905,-0.0632285,-0.0635233,-0.0635233
-128.231,-0.049208,-0.0624527,-0.0627532,-0.0627532
-128.209,-0.0482134,-0.0616616,-0.0619675,-0.0619675
-128.186,-0.0472071,-0.0608552,-0.0611667,-0.0611667
-128.163,-0.0461891,-0.060034,-0.0603509,-0.0603509
-128.141,-0.0451597,-0.059198,-0.0595202,-0.0595202
-128.118,-0.0441193,-0.0583474,-0.0586749,-0.0586749
-128.095,-0.043068,-0.0574825,-0.0578152,-0.0578152
-128.073,-0.0420062,-0.0566035,-0.0569414,-0.0569414
-128.05,-0.0409341,-0.0557106,-0.0560535,-0.0560535
-128.027,-0.0398518,-0.0548041,-0.0551518,-0.0551518
-128.005,-0.0387598,-0.053884,-0.0542367,-0.0542367
-127.982,-0.0376583,-0.0529507,-0.0533082,-0.0533082
-127.959,-0.0365476,-0.0520044,-0.0523666,-0.0523666
-127.937,-0.0354278,-0.0510454,-0.0514122,-0.0514122
-127.914,-0.0342994,-0.0500737,-0.0504451,-0.0504451
-127.891,-0.0331625,-0.0490898,-0.0494656,-0.0494656
-127.868,-0.0320175,-0.0480939,-0.0484741,-0.0484741
-127.846,-0.0308646,-0.0470861,-0.0474705,-0.0474705
-127.823,-0.0297041,-0.0460668,-0.0464554,-0.0464554
-127.8,-0.0285364,-0.0450361,-0.0454288,-0.0454288
-127.778,-0.0273616,-0.0439944,-0.0443911,-0.0443911
-127.755,-0.0261801,-0.0429419,-0.0433425,-0.0433425
-127.732,-0.0249922,-0.0418788,-0.0422832,-0.0422832
-127.71,-0.0237982,-0.0408054,-0.0412136,-0.0412136
-127.687,-0.0225982,-0.039722,-0.0401338,-0.0401338
-127.664,-0.0213928,-0.0386289,-0.0390442,-0.0390442
-127.642,-0.0201821,-0.0375263,-0.037945,-0.037945
-127.619,-0.0189664,-0.0364144,-0.0368365,-0.0368365
-127.596,-0.0177461,-0.0352936,-0.0357189,-0.0357189
-127.574,-0.0165214,-0.0341642,-0.0345926,-0.0345926
-127.551,-0.0152927,-0.0330263,-0.0334578,-0.0334578
-127.528,-0.0140602,-0.0318804,-0.0323147,-0.0323147
-127.506,-0.0128242,-0.0307266,-0.0311637,-0.0311637
-127.483,-0.0115852,-0.0295652,-0.0300051,-0.0300051
-127.46,-0.0103432,-0.0283966,-0.0288391,-0.0288391
-127.438,-0.00909872,-0.027221,-0.027666,-0.027666
-127.415,-0.00785201,-0.0260388,-0.0264862,-0.0264862
-127.392,-0.00660336,-0.0248501,-0.0252998,-0.0252998
-127.37,-0.00535309,-0.0236553,-0.0241072,-0.0241072
-127.347,-0.00410151,-0.0224547,-0.0229088,-0.0229088
-127.324,-0.00284891,-0.0212486,-0.0217046,-0.0217046
-127.302,-0.00159562,-0.0200373,-0.0204952,-0.0204952
-127.279,-0.000341941,-0.0188211,-0.0192807,-0.0192807
-127.256,0.000911826,-0.0176002,-0.0180615,-0.0180615
-127.234,0.00216537,-0.016375,-0.0168379,-0.0168379
-127.211,0.00341838,-0.0151458,-0.0156101,-0.0156101
-127.188,0.00467055,-0.0139129,-0.0143785,-0.0143785
-127.166,0.00592157,-0.0126765,-0.0131434,-0.0131434
-127.143,0.00717114,-0.0114371,-0.011905,-0.011905
-127.12,0.00841895,-0.0101948,-0.0106637,-0.0106637
-127.098,0.00966469,-0.00895001,-0.00941983,-0.00941983
-127.075,0.0109081,-0.00770303,-0.00817362,-0.00817362
-127.052,0.0121487,-0.00645416,-0.00692541,-0.00692541
-127.029,0.0133865,-0.00520371,-0.00567551,-0.00567551
-127.007,0.0146209,-0.00395197,-0.00442421,-0.00442421
-126.984,0.0158517,-0.00269926,-0.00317184,-0.00317184
-126.961,0.0170786,-0.00144589,-0.00191868,-0.00191868
-126.939,0.0183014,-0.000192158,-0.000665052,-0.000665052
-126.916,0.0195196,0.00106161,0.000588733,0.000588733
-126.893,0.020733,0.00231512,0.00184237,0.00184237
-126.871,0.0219414,0.00356808,0.00309554,0.00309554
-126.848,0.0231444,0.00482016,0.00434796,0.00434796
-126.825,0.0243416,0.00607104,0.0055993,0.0055993
-126.803,0.0255329,0.00732044,0.00684927,0.00684927
-126.78,0.026718,0.00856804,0.00809755,0.00809755
-126.757,0.0278964,0.00981355,0.00934384,0.00934384
-126.735,0.0290681,0.0110566,0.0105878,0.0105878
-126.712,0.0302325,0.012297,0.0118292,0.0118292
-126.689,0.0313896,0.0135344,0.0130677,0.0130677
-126.667,0.0325389,0.0147684,0.014303,0.014303
-126.644,0.0336803,0.0159988,0.0155347,0.0155347
-126.621,0.0348134,0.0172253,0.0167626,0.0167626
-126.599,0.0359379,0.0184475,0.0179864,0.0179864
-126.576,0.0370536,0.0196653,0.0192058,0.0192058
-126.553,0.0381602,0.0208781,0.0204205,0.0204205
-126.531,0.0392574,0.0220859,0.0216301,0.0216301
-126.508,0.040345,0.0232882,0.0228345,0.0228345
-126.485,0.0414227,0.0244849,0.0240332,0.0240332
-126.463,0.0424902,0.0256755,0.025226,0.025226
-126.44,0.0435472,0.0268598,0.0264126,0.0264126
-126.417,0.0445936,0.0280375,0.0275927,0.0275927
-126.395,0.045629,0.0292083,0.0287661,0.0287661
-126.372,0.0466532,0.0303719,0.0299323,0.0299323
-126.349,0.047666,0.0315281,0.0310913,0.0310913
-126.327,0.048667,0.0326766,0.0322426,0.0322426
-126.304,0.0496561,0.033817,0.0333859,0.0333859
-126.281,0.050633,0.0349491,0.0345211,0.0345211
-126.259,0.0515974,0.0360726,0.0356477,0.0356477
-126.236,0.0525492,0.0371873,0.0367656,0.0367656
-126.213,0.0534881,0.0382929,0.0378745,0.0378745
-126.19,0.0544138,0.039389,0.0389741,0.0389741
-126.168,0.0553262,0.0404754,0.0400641,0.0400641
-126.145,0.056225,0.041552,0.0411442,0.0411442
-126.122,0.0571099,0.0426183,0.0422143,0.0422143
-126.1,0.0579809,0.0436741,0.0432739,0.0432739
-126.077,0.0588376,0.0447193,0.044323,0.044323
-126.054,0.0596798,0.0457534,0.0453611,0.0453611
-126.032,0.0605074,0.0467763,0.0463881,0.0463881
-126.009,0.0613202,0.0477877,0.0474037,0.0474037
-125.986,0.0621178,0.0487874,0.0484077,0.0484077
-125.964,0.0629003,0.0497751,0.0493998,0.0493998
-125.941,0.0636672,0.0507506,0.0503797,0.0503797
-125.918,0.0644185,0.0517136,0.0513473,0.0513473
-125.896,0.0651541,0.0526639,0.0523022,0.0523022
-125.873,0.0658736,0.0536013,0.0532443,0.0532443
-125.85,0.0665769,0.0545255,0.0541733,0.0541733
-125.828,0.0672638,0.0554363,0.055089,0.055089
-125.805,0.0679343,0.0563335,0.0559912,0.0559912
-125.782,0.0685881,0.0572169,0.0568796,0.0568796
-125.76,0.069225,0.0580862,0.057754,0.057754
-125.737,0.0698449,0.0589412,0.0586143,0.0586143
-125.714,0.0704476,0.0597818,0.0594601,0.0594601
-125.692,0.0710331,0.0606077,0.0602913,0.0602913
-125.669,0.0716011,0.0614187,0.0611078,0.0611078
-125.646,0.0721515,0.0622146,0.0619092,0.0619092
-125.624,0.0726842,0.0629953,0.0626954,0.0626954
-125.601,0.0731991,0.0637605,0.0634662,0.0634662
-125.578,0.0736959,0.06451,0.0642214,0.0642214
-125.556,0.0741747,0.0652436,0.0649609,0.0649609
-125.533,0.0746353,0.0659613,0.0656843,0.0656843
-125.51,0.0750775,0.0666627,0.0663917,0.0663917
-125.488,0.0755012,0.0673478,0.0670827,0.0670827
-125.465,0.0759065,0.0680164,0.0677572,0.0677572
-125.442,0.0762931,0.0686682,0.0684151,0.0684151
-125.42,0.0766609,0.0693031,0.0690562,0.0690562
-125.397,0.0770099,0.0699211,0.0696804,0.0696804
-125.374,0.07734,0.0705219,0.0702874,0.0702874
-125.351,0.0776512,0.0711053,0.0708771,0.0708771
-125.329,0.0779432,0.0716713,0.0714495,0.0714495
-125.306,0.0782161,0.0722197,0.0720043,0.0720043
-125.283,0.0784698,0.0727503,0.0725413,0.0725413
-125.261,0.0787042,0.0732631,0.0730606,0.0730606
-125.238,0.0789192,0.0737579,0.0735619,0.0735619
-125.215,0.0791149,0.0742346,0.0740452,0.0740452
-125.193,0.0792912,0.074693,0.0745103,0.0745103
-125.17,0.079448,0.0751331,0.074957,0.074957
-125.147,0.0795853,0.0755547,0.0753854,0.0753854
-125.125,0.079703,0.0759578,0.0757952,0.0757952
-125.102,0.0798011,0.0763422,0.0761864,0.0761864
-125.079,0.0798797,0.0767079,0.0765589,0.0765589
-125.057,0.0799386,0.0770548,0.0769126,0.0769126
-125.034,0.0799779,0.0773827,0.0772474,0.0772474
-125.011,0.0799975,0.0776916,0.0775632,0.0775632
-124.989,0.0799975,0.0779814,0.0778599,0.0778599
-124.966,0.0799779,0.0782521,0.0781376,0.0781376
-124.943,0.0799386,0.0785035,0.078396,0.078396
-124.921,0.0798797,0.0787357,0.0786352,0.0786352
-124.898,0.0798011,0.0789486,0.078855,0.078855
-124.875,0.079703,0.079142,0.0790555,0.0790555
-124.853,0.0795853,0.079316,0.0792366,0.0792366
-124.83,0.079448,0.0794706,0.0793982,0.0793982
-124.807,0.0792912,0.0796056,0.0795403,0.0795403
-124.785,0.0791149,0.079721,0.0796629,0.0796629
-124.762,0.0789192,0.0798169,0.0797659,0.0797659
-124.739,0.0787042,0.0798932,0.0798492,0.0798492
-124.717,0.0784698,0.0799499,0.079913,0.079913
-124.694,0.0782161,0.0799869,0.0799572,0.0799572
-124.671,0.0779432,0.0800043,0.0799817,0.0799817
-124.649,0.0776512,0.080002,0.0799865,0.0799865
-124.626,0.07734,0.0799801,0.0799717,0.0799717
-124.603,0.0770099,0.0799385,0.0799373,0.0799373
-124.58,0.0766609,0.0798773,0.0798832,0.0798832
-124.558,0.0762931,0.0797965,0.0798095,0.0798095
-124.535,0.0759065,0.0796961,0.0797162,0.0797162
-124.512,0.0755012,0.0795761,0.0796034,0.0796034
-124.49,0.0750775,0.0794366,0.0794709,0.0794709
-124.467,0.0746353,0.0792776,0.0793189,0.0793189
-124.444,0.0741747,0.0790991,0.0791475,0.0791475
-124.422,0.0736959,0.0789011,0.0789566,0.0789566
-124.399,0.0731991,0.0786838,0.0787463,0.0787463
-124.376,0.0726842,0.0784472,0.0785167,0.0785167
-124.354,0.0721515,0.0781913,0.0782678,0.0782678
-124.331,0.0716011,0.0779162,0.0779996,0.0779996
-124.308,0.0710331,0.0776219,0.0777123,0.0777123
-124.286,0.0704476,0.0773086,0.0774059,0.0774059
-124.263,0.0698449,0.0769763,0.0770805,0.0770805
-124.24,0.069225,0.0766251,0.0767361,0.0767361
-124.218,0.0685881,0.0762551,0.0763729,0.0763729
-124.195,0.0679343,0.0758664,0.075991,0.075991
-124.172,0.0672638,0.075459,0.0755903,0.0755903
-124.15,0.0665769,0.0750331,0.0751711,0.0751711
-124.127,0.0658736,0.0745887,0.0747335,0.0747335
-124.104,0.0651541,0.0741261,0.0742775,0.0742775
-124.082,0.0644185,0.0736452,0.0738032,0.0738032
-124.059,0.0636672,0.0731463,0.0733108,0.0733108
-124.036,0.0629003,0.0726294,0.0728004,0.0728004
-124.014,0.0621178,0.0720946,0.0722721,0.0722721
-123.991,0.0613202,0.0715422,0.071726,0.071726
-123.968,0.0605074,0.0709721,0.0711624,0.0711624
-123.946,0.0596798,0.0703847,0.0705812,0.0705812
-123.923,0.0588376,0.0697799,0.0699827,0.0699827
-123.9,0.0579809,0.069158,0.069367,0.069367
-123.878,0.0571099,0.0685192,0.0687343,0.0687343
-123.855,0.056225,0.0678635,0.0680847,0.0680847
-123.832,0.0553262,0.0671911,0.0674183,0.0674183
-123.81,0.0544138,0.0665023,0.0667355,0.0667355
-123.787,0.0534881,0.0657971,0.0660362,0.0660362
-123.764,0.0525492,0.0650757,0.0653207,0.0653207
-123.741,0.0515974,0.0643384,0.0645891,0.0645891
-123.719,0.050633,0.0635852,0.0638417,0.0638417
-123.696,0.0496561,0.0628165,0.0630786,0.0630786
-123.673,0.048667,0.0620323,0.0622999,0.0622999
-123.651,0.047666,0.0612329,0.061506,0.061506
-123.628,0.0466532,0.0604184,0.060697,0.060697
-123.605,0.045629,0.0595891,0.0598731,0.0598731
-123.583,0.0445936,0.0587452,0.0590344,0.0590344
-123.56,0.0435472,0.0578869,0.0581813,0.0581813
-123.537,0.0424902,0.0570143,0.0573138,0.0573138
-123.515,0.0414227,0.0561277,0.0564323,0.0564323
-123.492,0.040345,0.0552274,0.0555369,0.0555369
-123.469,0.0392574,0.0543135,0.0546279,0.0546279
-123.447,0.0381602,0.0533862,0.0537054,0.0537054
-123.424,0.0370536,0.0524458,0.0527698,0.0527698
-123.401,0.0359379,0.0514926,0.0518212,0.0518212
-123.379,0.0348134,0.0505267,0.0508598,0.0508598
-123.356,0.0336803,0.0495484,0.049886,0.049886
-123.333,0.0325389,0.0485579,0.0488999,0.0488999
-123.311,0.0313896,0.0475555,0.0479018,0.0479018
-123.288,0.0302325,0.0465414,0.046892,0.046892
-123.265,0.0290681,0.0455159,0.0458706,0.0458706
-123.243,0.0278964,0.0444792,0.0448379,0.0448379
-123.22,0.026718,0.0434316,0.0437942,0.0437942
-123.197,0.0255329,0.0423734,0.0427398,0.0427398
-123.175,0.0243416,0.0413047,0.0416749,0.0416749
-123.152,0.0231444,0.0402259,0.0405997,0.0405997
-123.129,0.0219414,0.0391372,0.0395145,0.0395145
-123.107,0.020733,0.0380388,0.0384197,0.0384197
-123.084,0.0195196,0.0369312,0.0373154,0.0373154
-123.061,0.0183014,0.0358145,0.0362019,0.0362019
-123.039,0.0170786,0.034689,0.0350795,0.0350795
-123.016,0.0158517,0.0335549,0.0339486,0.0339486
-122.993,0.0146209,0.0324127,0.0328092,0.0328092
-122.971,0.0133865,0.0312624,0.0316618,0.0316618
-122.948,0.0121487,0.0301045,0.0305067,0.0305067
-122.925,0.0109081,0.0289392,0.029344,0.029344
-122.902,0.00966469,0.0277668,0.0281741,0.0281741
-122.88,0.00841895,0.0265876,0.0269974,0.0269974
-122.857,0.00717114,0.0254018,0.0258139,0.0258139
-122.834,0.00592157,0.0242098,0.0246242,0.0246242
-122.812,0.00467055,0.0230119,0.0234283,0.0234283
-122.789,0.00341838,0.0218083,0.0222268,0.0222268
-122.766,0.00216537,0.0205994,0.0210197,0.0210197
-122.744,0.000911826,0.0193854,0.0198075,0.0198075
-122.721,-0.000341941,0.0181666,0.0185904,0.0185904
-122.698,-0.00159562,0.0169434,0.0173688,0.0173688
-122.676,-0.00284891,0.015716,0.0161429,0.0161429
-122.653,-0.00410151,0.0144848,0.014913,0.014913
-122.63,-0.00535309,0.01325,0.0136794,0.0136794
-122.608,-0.00660336,0.012012,0.0124425,0.0124425
-122.585,-0.00785201,0.010771,0.0112026,0.0112026
-122.562,-0.00909872,0.00952734,0.00995983,0.00995983
-122.54,-0.0103432,0.00828136,0.00871466,0.00871466
-122.517,-0.0115852,0.00703334,0.00746736,0.00746736
-122.494,-0.0128242,0.0057836,0.00621819,0.00621819
-122.472,-0.0140602,0.00453246,0.0049675,0.0049675
-122.449,-0.0152927,0.0032802,0.0037156,0.0037156
-122.426,-0.0165214,0.00202713,0.00246278,0.00246278
-122.404,-0.0177461,0.000773563,0.00120935,0.00120935
-122.381,-0.0189664,-0.000480195,-4.43789e-05,-4.43789e-05
-122.358,-0.0201821,-0.00173381,-0.00129811,-0.00129811
-122.336,-0.0213928,-0.00298701,-0.00255151,-0.00255151
-122.313,-0.0225982,-0.00423947,-0.00380429,-0.00380429
-122.29,-0.0237982,-0.0054909,-0.00505615,-0.00505615
-122.268,-0.0249922,-0.00674097,-0.00630676,-0.00630676
-122.245,-0.0261801,-0.00798939,-0.00755584,-0.00755584
-122.222,-0.0273616,-0.00923583,-0.00880304,-0.00880304
-122.2,-0.0285364,-0.01048,-0.0100481,-0.0100481
-122.177,-0.0297041,-0.0117216,-0.0112907,-0.0112907
-122.154,-0.0308646,-0.0129603,-0.0125305,-0.0125305
-122.132,-0.0320175,-0.0141959,-0.0137672,-0.0137672
-122.109,-0.0331625,-0.0154279,-0.0150006,-0.0150006
-122.086,-0.0342994,-0.0166562,-0.0162303,-0.0162303
-122.063,-0.0354278,-0.0178804,-0.017456,-0.017456
-122.041,-0.0365476,-0.0191001,-0.0186774,-0.0186774
-122.018,-0.0376583,-0.0203152,-0.0198942,-0.0198942
-121.995,-0.0387598,-0.0215253,-0.0211062,-0.0211062
-121.973,-0.0398518,-0.0227301,-0.022313,-0.022313
-121.95,-0.0409341,-0.0239293,-0.0235142,-0.0235142
-121.927,-0.0420062,-0.0251226,-0.0247098,-0.0247098
-121.905,-0.043068,-0.0263098,-0.0258992,-0.0258992
-121.882,-0.0441193,-0.0274905,-0.0270823,-0.0270823
-121.859,-0.0451597,-0.0286644,-0.0282588,-0.0282588
-121.837,-0.0461891,-0.0298313,-0.0294283,-0.0294283
-121.814,-0.0472071,-0.0309909,-0.0305905,-0.0305905
-121.791,-0.0482134,-0.0321428,-0.0317453,-0.0317453
-121.769,-0.049208,-0.0332869,-0.0328923,-0.0328923
-121.746,-0.0501905,-0.0344228,-0.0340312,-0.0340312
-121.723,-0.0511606,-0.0355502,-0.0351617,-0.0351617
-121.701,-0.0521182,-0.0366689,-0.0362836,-0.0362836
-121.678,-0.0530629,-0.0377786,-0.0373966,-0.0373966
-121.655,-0.0539947,-0.0388789,-0.0385004,-0.0385004
-121.633,-0.0549131,-0.0399698,-0.0395948,-0.0395948
-121.61,-0.0558181,-0.0410508,-0.0406795,-0.0406795
-121.587,-0.0567094,-0.0421218,-0.0417541,-0.0417541
-121.565,-0.0575868,-0.0431824,-0.0428185,-0.0428185
-121.542,-0.05845,-0.0442323,-0.0438724,-0.0438724
-121.519,-0.0592988,-0.0452715,-0.0449155,-0.0449155
-121.497,-0.0601331,-0.0462995,-0.0459476,-0.0459476
-121.474,-0.0609526,-0.0473161,-0.0469684,-0.0469684
-121.451,-0.0617571,-0.0483211,-0.0479777,-0.0479777
-121.429,-0.0625465,-0.0493142,-0.0489751,-0.0489751
-121.406,-0.0633205,-0.0502952,-0.0499606,-0.0499606
-121.383,-0.064079,-0.0512639,-0.0509338,-0.0509338
-121.361,-0.0648217,-0.05222,-0.0518945,-0.0518945
-121.338,-0.0655485,-0.0531632,-0.0528424,-0.0528424
-121.315,-0.0662592,-0.0540934,-0.0537774,-0.0537774
-121.293,-0.0669536,-0.0550103,-0.0546991,-0.0546991
-121.27,-0.0676316,-0.0559136,-0.0556075,-0.0556075
-121.247,-0.068293,-0.0568033,-0.0565021,-0.0565021
-121.224,-0.0689376,-0.0576789,-0.0573829,-0.0573829
-121.202,-0.0695652,-0.0585405,-0.0582496,-0.0582496
-121.179,-0.0701758,-0.0593876,-0.059102,-0.059102
-121.156,-0.0707691,-0.0602201,-0.0599399,-0.0599399
-121.134,-0.0713451,-0.0610379,-0.0607631,-0.0607631
-121.111,-0.0719035,-0.0618406,-0.0615713,-0.0615713
-121.088,-0.0724443,-0.0626282,-0.0623645,-0.0623645
-121.066,-0.0729673,-0.0634004,-0.0631423,-0.0631423
-121.043,-0.0734723,-0.064157,-0.0639046,-0.0639046
-121.02,-0.0739593,-0.0648978,-0.0646512,-0.0646512
-120.998,-0.0744282,-0.0656227,-0.0653819,-0.0653819
-120.975,-0.0748787,-0.0663315,-0.0660966,-0.0660966
-120.952,-0.0753109,-0.067024,-0.0667951,-0.0667951
-120.93,-0.0757246,-0.0677,-0.0674771,-0.0674771
-120.907,-0.0761197,-0.0683594,-0.0681426,-0.0681426
-120.884,-0.076496,-0.069002,-0.0687913,-0.0687913
-120.862,-0.0768536,-0.0696277,-0.0694232,-0.0694232
-120.839,-0.0771923,-0.0702362,-0.0700379,-0.0700379
-120.816,-0.0775121,-0.0708275,-0.0706355,-0.0706355
-120.794,-0.0778128,-0.0714014,-0.0712158,-0.0712158
-120.771,-0.0780944,-0.0719578,-0.0717786,-0.0717786
-120.748,-0.0783568,-0.0724965,-0.0723237,-0.0723237
-120.726,-0.0786,-0.0730173,-0.0728511,-0.0728511
-120.703,-0.0788239,-0.0735202,-0.0733605,-0.0733605
-120.68,-0.0790284,-0.0740051,-0.073852,-0.073852
-120.658,-0.0792135,-0.0744718,-0.0743253,-0.0743253
-120.635,-0.0793791,-0.0749202,-0.0747804,-0.0747804
-120.612,-0.0795253,-0.0753502,-0.0752171,-0.0752171
-120.59,-0.0796519,-0.0757617,-0.0756354,-0.0756354
-120.567,-0.0797589,-0.0761545,-0.076035,-0.076035
-120.544,-0.0798464,-0.0765287,-0.076416,-0.076416
-120.522,-0.0799142,-0.0768841,-0.0767783,-0.0767783
-120.499,-0.0799625,-0.0772206,-0.0771216,-0.0771216
-120.476,-0.0799911,-0.0775381,-0.0774461,-0.0774461
-120.454,-0.08,-0.0778365,-0.0777515,-0.0777515
-120.431,-0.0799893,-0.0781159,-0.0780378,-0.0780378
-120.408,-0.0799589,-0.078376,-0.0783049,-0.0783049
-120.385,-0.0799089,-0.0786169,-0.0785528,-0.0785528
-120.363,-0.0798393,-0.0788385,-0.0787815,-0.0787815
-120.34,-0.07975,-0.0790407,-0.0789908,-0.0789908
-120.317,-0.0796412,-0.0792235,-0.0791807,-0.0791807
-120.295,-0.0795128,-0.0793869,-0.0793511,-0.0793511
-120.272,-0.0793649,-0.0795308,-0.079502,-0.079502
-120.249,-0.0791975,-0.079655,-0.0796335,-0.0796335
-120.227,-0.0790106,-0.0797598,-0.0797453,-0.0797453
-120.204,-0.0788043,-0.0798449,-0.0798376,-0.0798376
-120.181,-0.0785787,-0.0799105,-0.0799103,-0.0799103
-120.159,-0.0783338,-0.0799564,-0.0799634,-0.0799634
-120.136,-0.0780696,-0.0799826,-0.0799968,-0.0799968
-120.113,-0.0777863,-0.0799892,-0.0800106,-0.0800106
-120.091,-0.0774838,-0.0799762,-0.0800047,-0.0800047
-120.068,-0.0771623,-0.0799435,-0.0799792,-0.0799792
-120.045,-0.0768219,-0.0798912,-0.079934,-0.079934
-120.023,-0.0764626,-0.0798193,-0.0798692,-0.0798692
-120,-0.0760845,-0.0797277,-0.0797848,-0.0797848
-119.977,-0.0756878,-0.0796166,-0.0796808,-0.0796808
-119.955,-0.0752724,-0.0794859,-0.0795572,-0.0795572
-119.932,-0.0748385,-0.0793357,-0.0794141,-0.0794141
-119.909,-0.0743863,-0.0791659,-0.0792515,-0.0792515
-119.887,-0.0739158,-0.0789768,-0.0790694,-0.0790694
-119.864,-0.0734272,-0.0787682,-0.0788679,-0.0788679
-119.841,-0.0729205,-0.0785403,-0.078647,-0.078647
-119.819,-0.0723959,-0.0782931,-0.0784068,-0.0784068
-119.796,-0.0718535,-0.0780267,-0.0781474,-0.0781474
-119.773,-0.0712935,-0.0777411,-0.0778688,-0.0778688
-119.751,-0.0707159,-0.0774364,-0.0775711,-0.0775711
-119.728,-0.070121,-0.0771127,-0.0772543,-0.0772543
-119.705,-0.0695089,-0.07677,-0.0769185,-0.0769185
-119.683,-0.0688797,-0.0764085,-0.0765638,-0.0765638
-119.66,-0.0682335,-0.0760282,-0.0761904,-0.0761904
-119.637,-0.0675706,-0.0756292,-0.0757982,-0.0757982
-119.615,-0.0668912,-0.0752117,-0.0753874,-0.0753874
-119.592,-0.0661953,-0.0747756,-0.0749581,-0.0749581
-119.569,-0.0654831,-0.0743212,-0.0745104,-0.0745104
-119.546,-0.0647548,-0.0738486,-0.0740443,-0.0740443
-119.524,-0.0640107,-0.0733578,-0.0735602,-0.0735602
-119.501,-0.0632508,-0.072849,-0.0730579,-0.0730579
-119.478,-0.0624754,-0.0723223,-0.0725377,-0.0725377
-119.456,-0.0616846,-0.0717778,-0.0719997,-0.0719997
-119.433,-0.0608787,-0.0712157,-0.071444,-0.071444
-119.41,-0.0600579,-0.0706361,-0.0708707,-0.0708707
-119.388,-0.0592222,-0.0700392,-0.0702801,-0.0702801
-119.365,-0.0583721,-0.069425,-0.0696722,-0.0696722
-119.342,-0.0575076,-0.0687938,-0.0690472,-0.0690472
-119.32,-0.056629,-0.0681457,-0.0684052,-0.0684052
-119.297,-0.0557364,-0.0674808,-0.0677464,-0.0677464
-119.274,-0.0548302,-0.0667994,-0.067071,-0.067071
-119.252,-0.0539105,-0.0661015,-0.0663791,-0.0663791
-119.229,-0.0529776,-0.0653875,-0.065671,-0.065671
-119.206,-0.0520316,-0.0646573,-0.0649466,-0.0649466
-119.184,-0.0510729,-0.0639113,-0.0642064,-0.0642064
-119.161,-0.0501017,-0.0631496,-0.0634504,-0.0634504
-119.138,-0.0491181,-0.0623723,-0.0626787,-0.0626787
-119.116,-0.0481224,-0.0615798,-0.0618918,-0.0618918
-119.093,-0.047115,-0.0607721,-0.0610896,-0.0610896
-119.07,-0.046096,-0.0599495,-0.0602724,-0.0602724
-119.048,-0.0450656,-0.0591121,-0.0594404,-0.0594404
-119.025,-0.0440242,-0.0582602,-0.0585938,-0.0585938
-119.002,-0.042972,-0.0573941,-0.0577328,-0.0577328
-118.98,-0.0419092,-0.0565138,-0.0568576,-0.0568576
-118.957,-0.0408361,-0.0556196,-0.0559685,-0.0559685
-118.934,-0.039753,-0.0547118,-0.0550656,-0.0550656
-118.912,-0.0386601,-0.0537905,-0.0541492,-0.0541492
-118.889,-0.0375577,-0.052856,-0.0532195,-0.0532195
-118.866,-0.0364461,-0.0519086,-0.0522767,-0.0522767
-118.844,-0.0353256,-0.0509483,-0.0513211,-0.0513211
-118.821,-0.0341964,-0.0499756,-0.0503529,-0.0503529
-118.798,-0.0330587,-0.0489906,-0.0493724,-0.0493724
-118.776,-0.031913,-0.0479935,-0.0483797,-0.0483797
-118.753,-0.0307594,-0.0469847,-0.0473751,-0.0473751
-118.73,-0.0295983,-0.0459643,-0.0463589,-0.0463589
-118.707,-0.0284299,-0.0449326,-0.0453313,-0.0453313
-118.685,-0.0272545,-0.0438899,-0.0442926,-0.0442926
-118.662,-0.0260724,-0.0428364,-0.043243,-0.043243
-118.639,-0.0248839,-0.0417724,-0.0421828,-0.0421828
-118.617,-0.0236893,-0.0406981,-0.0411122,-0.0411122
-118.594,-0.0224889,-0.0396138,-0.0400315,-0.0400315
-118.571,-0.0212829,-0.0385198,-0.038941,-0.038941
-118.549,-0.0200718,-0.0374163,-0.037841,-0.037841
-118.526,-0.0188557,-0.0363036,-0.0367316,-0.0367316
-118.503,-0.017635,-0.035182,-0.0356132,-0.0356132
-118.481,-0.0164099,-0.0340518,-0.0344861,-0.0344861
-118.458,-0.0151808,-0.0329132,-0.0333505,-0.0333505
-118.435,-0.013948,-0.0317665,-0.0322068,-0.0322068
-118.413,-0.0127117,-0.030612,-0.0310551,-0.0310551
-118.39,-0.0114724,-0.02945,-0.0298958,-0.0298958
-118.367,-0.0102302,-0.0282807,-0.0287291,-0.0287291
-118.345,-0.00898547,-0.0271045,-0.0275554,-0.0275554
-118.322,-0.00773857,-0.0259216,-0.0263749,-0.0263749
-118.299,-0.00648976,-0.0247324,-0.025188,-0.025188
-118.277,-0.00523936,-0.0235371,-0.0239949,-0.0239949
-118.254,-0.00398767,-0.022336,-0.0227959,-0.0227959
-118.231,-0.002735,-0.0211294,-0.0215912,-0.0215912
-118.209,-0.00148166,-0.0199176,-0.0203813,-0.0203813
-118.186,-0.000227961,-0.018701,-0.0191664,-0.0191664
-118.163,0.0010258,-0.0174797,-0.0179468,-0.0179468
-118.141,0.00227931,-0.0162541,-0.0167227,-0.0167227
-118.118,0.00353225,-0.0150245,-0.0154946,-0.0154946
-118.095,0.00478433,-0.0137913,-0.0142627,-0.0142627
-118.073,0.00603524,-0.0125547,-0.0130272,-0.0130272
-118.05,0.00728466,-0.0113149,-0.0117886,-0.0117886
-118.027,0.00853229,-0.0100724,-0.0105471,-0.0105471
-118.005,0.00977783,-0.00882742,-0.00930294,-0.00930294
-117.982,0.011021,-0.00758024,-0.00805653,-0.00805653
-117.959,0.0122614,-0.0063312,-0.00680816,-0.00680816
-117.937,0.0134988,-0.00508062,-0.00555811,-0.00555811
-117.914,0.0147329,-0.00382879,-0.00430671,-0.00430671
-117.891,0.0159634,-0.00257602,-0.00305424,-0.00305424
-117.868,0.01719,-0.00132259,-0.00180102,-0.00180102
-117.846,0.0184123,-6.88637e-05,-0.000547373,-0.000547373
-117.823,0.0196301,0.0011849,0.000706415,0.000706415
-117.8,0.0208431,0.0024384,0.00196002,0.00196002
-117.778,0.022051,0.00369128,0.00321315,0.00321315
-117.755,0.0232534,0.00494325,0.00446549,0.00446549
-117.732,0.0244502,0.00619402,0.00571671,0.00571671
-117.71,0.0256409,0.00744326,0.00696654,0.00696654
-117.687,0.0268254,0.00869068,0.00821465,0.00821465
-117.664,0.0280032,0.00993595,0.00946075,0.00946075
-117.642,0.0291742,0.0111788,0.0107045,0.0107045
-117.619,0.030338,0.0124189,0.0119457,0.0119457
-117.596,0.0314944,0.013656,0.0131839,0.0131839
-117.574,0.032643,0.0148897,0.0144188,0.0144188
-117.551,0.0337836,0.0161198,0.0156502,0.0156502
-117.528,0.0349159,0.0173459,0.0168778,0.0168778
-117.506,0.0360397,0.0185677,0.0181012,0.0181012
-117.483,0.0371546,0.019785,0.0193202,0.0193202
-117.46,0.0382603,0.0209974,0.0205344,0.0205344
-117.438,0.0393567,0.0222047,0.0217436,0.0217436
-117.415,0.0404434,0.0234065,0.0229474,0.0229474
-117.392,0.0415201,0.0246026,0.0241456,0.0241456
-117.37,0.0425867,0.0257926,0.0253379,0.0253379
-117.347,0.0436428,0.0269763,0.0265239,0.0265239
-117.324,0.0446882,0.0281534,0.0277034,0.0277034
-117.302,0.0457226,0.0293236,0.0288762,0.0288762
-117.279,0.0467458,0.0304865,0.0300418,0.0300418
-117.256,0.0477574,0.031642,0.0312,0.0312
-117.234,0.0487574,0.0327898,0.0323506,0.0323506
-117.211,0.0497454,0.0339294,0.0334932,0.0334932
-117.188,0.0507212,0.0350608,0.0346276,0.0346276
-117.166,0.0516845,0.0361835,0.0357535,0.0357535
-117.143,0.0526351,0.0372973,0.0368706,0.0368706
-117.12,0.0535728,0.038402,0.0379787,0.0379787
-117.098,0.0544973,0.0394973,0.0390774,0.0390774
-117.075,0.0554085,0.0405828,0.0401665,0.0401665
-117.052,0.056306,0.0416584,0.0412457,0.0412457
-117.029,0.0571897,0.0427238,0.0423149,0.0423149
-117.007,0.0580594,0.0437787,0.0433736,0.0433736
-116.984,0.0589148,0.0448228,0.0444216,0.0444216
-116.961,0.0597557,0.0458559,0.0454588,0.0454588
-116.939,0.0605819,0.0468778,0.0464848,0.0464848
-116.916,0.0613933,0.0478881,0.0474993,0.0474993
-116.893,0.0621896,0.0488867,0.0485022,0.0485022
-116.871,0.0629706,0.0498733,0.0494932,0.0494932
-116.848,0.0637362,0.0508476,0.050472,0.050472
-116.825,0.0644861,0.0518095,0.0514384,0.0514384
-116.803,0.0652201,0.0527586,0.0523922,0.0523922
-116.78,0.0659382,0.0536948,0.0533331,0.0533331
-116.757,0.06664,0.0546178,0.054261,0.054261
-116.735,0.0673255,0.0555273,0.0551754,0.0551754
-116.712,0.0679944,0.0564233,0.0560764,0.0560764
-116.689,0.0686467,0.0573054,0.0569635,0.0569635
-116.667,0.069282,0.0581734,0.0578367,0.0578367
-116.644,0.0699004,0.0590271,0.0586956,0.0586956
-116.621,0.0705016,0.0598663,0.0595402,0.0595402
-116.599,0.0710855,0.0606909,0.0603701,0.0603701
-116.576,0.0716519,0.0615005,0.0611851,0.0611851
-116.553,0.0722007,0.062295,0.0619852,0.0619852
-116.531,0.0727318,0.0630743,0.06277,0.06277
-116.508,0.073245,0.063838,0.0635394,0.0635394
-116.485,0.0737402,0.0645861,0.0642932,0.0642932
-116.463,0.0742173,0.0653183,0.0650312,0.0650312
-116.44,0.0746762,0.0660344,0.0657532,0.0657532
-116.417,0.0751168,0.0667344,0.0664591,0.0664591
-116.395,0.0755389,0.0674179,0.0671486,0.0671486
-116.372,0.0759424,0.068085,0.0678217,0.0678217
-116.349,0.0763273,0.0687352,0.068478,0.068478
-116.327,0.0766934,0.0693686,0.0691176,0.0691176
-116.304,0.0770407,0.069985,0.0697402,0.0697402
-116.281,0.0773691,0.0705842,0.0703456,0.0703456
-116.259,0.0776785,0.071166,0.0709338,0.0709338
-116.236,0.0779688,0.0717304,0.0715046,0.0715046
-116.213,0.0782399,0.0722772,0.0720578,0.0720578
-116.19,0.0784919,0.0728062,0.0725932,0.0725932
-116.168,0.0787245,0.0733173,0.0731109,0.0731109
-116.145,0.0789378,0.0738104,0.0736106,0.0736106
-116.122,0.0791318,0.0742854,0.0740922,0.0740922
-116.1,0.0793063,0.0747422,0.0745556,0.0745556
-116.077,0.0794613,0.0751806,0.0750007,0.0750007
-116.054,0.0795968,0.0756005,0.0754274,0.0754274
-116.032,0.0797127,0.0760019,0.0758355,0.0758355
-116.009,0.0798091,0.0763846,0.076225,0.076225
-115.986,0.0798858,0.0767485,0.0765958,0.0765958
-115.964,0.079943,0.0770937,0.0769478,0.0769478
-115.941,0.0799805,0.0774199,0.0772809,0.0772809
-115.918,0.0799984,0.077727,0.077595,0.077595
-115.896,0.0799966,0.0780151,0.07789,0.07789
-115.873,0.0799751,0.078284,0.0781659,0.0781659
-115.85,0.0799341,0.0785337,0.0784226,0.0784226
-115.828,0.0798733,0.0787641,0.07866,0.07866
-115.805,0.079793,0.0789751,0.0788781,0.0788781
-115.782,0.0796931,0.0791668,0.0790768,0.0790768
-115.76,0.0795736,0.079339,0.0792561,0.0792561
-115.737,0.0794345,0.0794917,0.079416,0.079416
-115.714,0.079276,0.079625,0.0795563,0.0795563
-115.692,0.0790979,0.0797386,0.0796771,0.0796771
-115.669,0.0789005,0.0798327,0.0797783,0.0797783
-115.646,0.0786837,0.0799072,0.0798599,0.0798599
-115.624,0.0784475,0.079962,0.0799219,0.0799219
-115.601,0.0781921,0.0799973,0.0799643,0.0799643
-115.578,0.0779174,0.0800128,0.079987,0.079987
-115.556,0.0776237,0.0800088,0.0799901,0.0799901
-115.533,0.0773108,0.079985,0.0799735,0.0799735
-115.51,0.076979,0.0799417,0.0799373,0.0799373
-115.488,0.0766283,0.0798786,0.0798815,0.0798815
-115.465,0.0762587,0.079796,0.079806,0.079806
-115.442,0.0758704,0.0796938,0.0797109,0.0797109
-115.42,0.0754635,0.079572,0.0795962,0.0795962
-115.397,0.075038,0.0794307,0.079462,0.079462
-115.374,0.0745941,0.0792699,0.0793083,0.0793083
-115.351,0.0741319,0.0790896,0.0791351,0.0791351
-115.329,0.0736515,0.0788899,0.0789424,0.0789424
-115.306,0.073153,0.0786708,0.0787304,0.0787304
-115.283,0.0726365,0.0784323,0.078499,0.078499
-115.261,0.0721022,0.0781747,0.0782483,0.0782483
-115.238,0.0715502,0.0778978,0.0779784,0.0779784
-115.215,0.0709806,0.0776018,0.0776894,0.0776894
-115.193,0.0703936,0.0772867,0.0773813,0.0773813
-115.17,0.0697892,0.0769527,0.0770542,0.0770542
-115.147,0.0691678,0.0765998,0.0767081,0.0767081
-115.125,0.0685293,0.076228,0.0763431,0.0763431
-115.102,0.067874,0.0758376,0.0759595,0.0759595
-115.079,0.0672021,0.0754284,0.0755572,0.0755572
-115.057,0.0665136,0.0750008,0.0751363,0.0751363
-115.034,0.0658088,0.0745548,0.074697,0.074697
-115.011,0.0650878,0.0740905,0.0742393,0.0742393
-114.989,0.0643509,0.0736079,0.0737634,0.0737634
-114.966,0.0635981,0.0731073,0.0732693,0.0732693
-114.943,0.0628298,0.0725888,0.0727573,0.0727573
-114.921,0.062046,0.0720524,0.0722274,0.0722274
-114.898,0.0612469,0.0714983,0.0716797,0.0716797
-114.875,0.0604328,0.0709266,0.0711145,0.0711145
-114.853,0.0596039,0.0703376,0.0705317,0.0705317
-114.83,0.0587603,0.0697312,0.0699317,0.0699317
-114.807,0.0579023,0.0691078,0.0693144,0.0693144
-114.785,0.0570301,0.0684673,0.0686802,0.0686802
-114.762,0.0561438,0.0678101,0.068029,0.068029
-114.739,0.0552438,0.0671362,0.0673612,0.0673612
-114.717,0.0543302,0.0664458,0.0666768,0.0666768
-114.694,0.0534033,0.0657391,0.065976,0.065976
-114.671,0.0524632,0.0650163,0.0652591,0.0652591
-114.649,0.0515103,0.0642775,0.0645261,0.0645261
-114.626,0.0505447,0.0635229,0.0637772,0.0637772
-114.603,0.0495667,0.0627527,0.0630127,0.0630127
-114.58,0.0485765,0.0619671,0.0622327,0.0622327
-114.558,0.0475744,0.0611663,0.0614374,0.0614374
-114.535,0.0465606,0.0603504,0.060627,0.060627
-114.512,0.0455353,0.0595198,0.0598017,0.0598017
-114.49,0.0444989,0.0586745,0.0589617,0.0589617
-114.467,0.0434516,0.0578148,0.0581073,0.0581073
-114.444,0.0423935,0.056941,0.0572386,0.0572386
-114.422,0.0413251,0.0560531,0.0563558,0.0563558
-114.399,0.0402465,0.0551515,0.0554592,0.0554592
-114.376,0.039158,0.0542363,0.0545489,0.0545489
-114.354,0.03806,0.0533078,0.0536252,0.0536252
-114.331,0.0369525,0.0523663,0.0526884,0.0526884
-114.308,0.035836,0.0514118,0.0517387,0.0517387
-114.286,0.0347107,0.0504448,0.0507762,0.0507762
-114.263,0.0335769,0.0494653,0.0498012,0.0498012
-114.24,0.0324348,0.0484737,0.048814,0.048814
-114.218,0.0312847,0.0474702,0.0478148,0.0478148
-114.195,0.030127,0.0464551,0.0468039,0.0468039
-114.172,0.0289618,0.0454285,0.0457815,0.0457815
-114.15,0.0277896,0.0443908,0.0447478,0.0447478
-114.127,0.0266105,0.0433422,0.0437032,0.0437032
-114.104,0.0254249,0.0422829,0.0426478,0.0426478
-114.082,0.024233,0.0412133,0.0415819,0.0415819
-114.059,0.0230352,0.0401336,0.0405058,0.0405058
-114.036,0.0218318,0.039044,0.0394198,0.0394198
-114.014,0.0206229,0.0379448,0.038324,0.038324
-113.991,0.019409,0.0368362,0.0372189,0.0372189
-113.968,0.0181904,0.0357187,0.0361046,0.0361046
-113.946,0.0169673,0.0345924,0.0349815,0.0349815
-113.923,0.01574,0.0334576,0.0338497,0.0338497
-113.9,0.0145088,0.0323145,0.0327096,0.0327096
-113.878,0.0132741,0.0311635,0.0315615,0.0315615
-113.855,0.0120361,0.0300049,0.0304057,0.0304057
-113.832,0.0107951,0.0288389,0.0292424,0.0292424
-113.81,0.00955154,0.0276659,0.0280719,0.0280719
-113.787,0.0083056,0.026486,0.0268945,0.0268945
-113.764,0.00705762,0.0252997,0.0257105,0.0257105
-113.741,0.0058079,0.0241071,0.0245201,0.0245201
-113.719,0.00455676,0.0229086,0.0233238,0.0233238
-113.696,0.0033045,0.0217045,0.0221217,0.0221217
-113.673,0.00205143,0.0204951,0.0209142,0.0209142
-113.651,0.000797852,0.0192806,0.0197015,0.0197015
-113.628,-0.00045592,0.0180614,0.018484,0.018484
-113.605,-0.00170958,0.0168378,0.017262,0.017262
-113.583,-0.00296282,0.01561,0.0160357,0.0160357
-113.56,-0.00421533,0.0143784,0.0148054,0.0148054
-113.537,-0.00546681,0.0131433,0.0135716,0.0135716
-113.515,-0.00671694,0.0119049,0.0123344,0.0123344
-113.492,-0.00796543,0.0106637,0.0110942,0.0110942
-113.469,-0.00921196,0.0094198,0.00985122,0.00985122
-113.447,-0.0104562,0.00817359,0.00860584,0.00860584
-113.424,-0.0116979,0.00692537,0.00735834,0.00735834
-113.401,-0.0129367,0.00567549,0.00610904,0.00610904
-113.379,-0.0141724,0.0044242,0.00485824,0.00485824
-113.356,-0.0154046,0.00317183,0.00360625,0.00360625
-113.333,-0.0166329,0.00191869,0.00235336,0.00235336
-113.311,-0.0178572,0.000665072,0.00109989,0.00109989
-113.288,-0.0190771,-0.000588701,-0.000153843,-0.000153843
-113.265,-0.0202924,-0.00184234,-0.00140755,-0.00140755
-113.243,-0.0215026,-0.0030955,-0.00266091,-0.00266091
-113.22,-0.0227076,-0.0043479,-0.00391361,-0.00391361
-113.197,-0.0239069,-0.00559923,-0.00516536,-0.00516536
-113.175,-0.0251005,-0.00684919,-0.00641584,-0.00641584
-113.152,-0.0262878,-0.00809748,-0.00766474,-0.00766474
-113.129,-0.0274687,-0.00934374,-0.00891177,-0.00891177
-113.107,-0.0286428,-0.0105877,-0.0101566,-0.0101566
-113.084,-0.0298099,-0.0118291,-0.0113989,-0.0113989
-113.061,-0.0309697,-0.0130676,-0.0126385,-0.0126385
-113.039,-0.0321219,-0.0143028,-0.0138749,-0.0138749
-113.016,-0.0332662,-0.0155346,-0.015108,-0.015108
-112.993,-0.0344023,-0.0167625,-0.0163373,-0.0163373
-112.971,-0.03553,-0.0179863,-0.0175626,-0.0175626
-112.948,-0.0366489,-0.0192057,-0.0187836,-0.0187836
-112.925,-0.0377588,-0.0204203,-0.02,-0.02
-112.902,-0.0388595,-0.0216299,-0.0212115,-0.0212115
-112.88,-0.0399506,-0.0228343,-0.0224178,-0.0224178
-112.857,-0.0410319,-0.024033,-0.0236186,-0.0236186
-112.834,-0.0421032,-0.0252258,-0.0248135,-0.0248135
-112.812,-0.0431641,-0.0264124,-0.0260024,-0.0260024
-112.789,-0.0442143,-0.0275925,-0.0271849,-0.0271849
-112.766,-0.0452538,-0.0287658,-0.0283607,-0.0283607
-112.744,-0.0462821,-0.0299321,-0.0295296,-0.0295296
-112.721,-0.047299,-0.031091,-0.0306912,-0.0306912
-112.698,-0.0483044,-0.0322423,-0.0318452,-0.0318452
-112.676,-0.0492978,-0.0333856,-0.0329915,-0.0329915
-112.653,-0.0502792,-0.0345208,-0.0341296,-0.0341296
-112.63,-0.0512482,-0.0356474,-0.0352594,-0.0352594
-112.608,-0.0522046,-0.0367653,-0.0363805,-0.0363805
-112.585,-0.0531482,-0.0378742,-0.0374927,-0.0374927
-112.562,-0.0540787,-0.0389737,-0.0385956,-0.0385956
-112.54,-0.054996,-0.0400637,-0.0396891,-0.0396891
-112.517,-0.0558997,-0.0411439,-0.0407729,-0.0407729
-112.494,-0.0567897,-0.0422139,-0.0418466,-0.0418466
-112.472,-0.0576658,-0.0432735,-0.04291,-0.04291
-112.449,-0.0585277,-0.0443226,-0.043963,-0.043963
-112.426,-0.0593753,-0.0453607,-0.0450051,-0.0450051
-112.404,-0.0602082,-0.0463877,-0.0460361,-0.0460361
-112.381,-0.0610264,-0.0474033,-0.0470559,-0.0470559
-112.358,-0.0618295,-0.0484073,-0.0480641,-0.0480641
-112.336,-0.0626175,-0.0493993,-0.0490605,-0.0490605
-112.313,-0.0633901,-0.0503792,-0.0500448,-0.0500448
-112.29,-0.0641472,-0.0513468,-0.0510169,-0.0510169
-112.268,-0.0648884,-0.0523017,-0.0519764,-0.0519764
-112.245,-0.0656138,-0.0532438,-0.0529232,-0.0529232
-112.222,-0.066323,-0.0541728,-0.053857,-0.053857
-112.2,-0.0670159,-0.0550885,-0.0547775,-0.0547775
-112.177,-0.0676924,-0.0559906,-0.0556846,-0.0556846
-112.154,-0.0683523,-0.056879,-0.056578,-0.056578
-112.132,-0.0689953,-0.0577534,-0.0574575,-0.0574575
-112.109,-0.0696214,-0.0586137,-0.0583229,-0.0583229
-112.086,-0.0702305,-0.0594595,-0.059174,-0.059174
-112.063,-0.0708222,-0.0602907,-0.0600106,-0.0600106
-112.041,-0.0713966,-0.0611072,-0.0608324,-0.0608324
-112.018,-0.0719534,-0.0619086,-0.0616392,-0.0616392
-111.995,-0.0724926,-0.0626947,-0.062431,-0.062431
-111.973,-0.0730139,-0.0634655,-0.0632074,-0.0632074
-111.95,-0.0735174,-0.0642208,-0.0639683,-0.0639683
-111.927,-0.0740027,-0.0649602,-0.0647134,-0.0647134
-111.905,-0.0744699,-0.0656836,-0.0654427,-0.0654427
-111.882,-0.0749188,-0.066391,-0.0661559,-0.0661559
-111.859,-0.0753493,-0.067082,-0.0668529,-0.0668529
-111.837,-0.0757613,-0.0677565,-0.0675334,-0.0675334
-111.814,-0.0761547,-0.0684144,-0.0681974,-0.0681974
-111.791,-0.0765293,-0.0690555,-0.0688446,-0.0688446
-111.769,-0.0768852,-0.0696796,-0.0694749,-0.0694749
-111.746,-0.0772222,-0.0702866,-0.0700881,-0.0700881
-111.723,-0.0775402,-0.0708764,-0.0706841,-0.0706841
-111.701,-0.0778392,-0.0714487,-0.0712628,-0.0712628
-111.678,-0.0781191,-0.0720034,-0.0718239,-0.0718239
-111.655,-0.0783797,-0.0725405,-0.0723675,-0.0723675
-111.633,-0.0786212,-0.0730598,-0.0728932,-0.0728932
-111.61,-0.0788433,-0.0735611,-0.073401,-0.073401
-111.587,-0.079046,-0.0740443,-0.0738909,-0.0738909
-111.565,-0.0792294,-0.0745094,-0.0743625,-0.0743625
-111.542,-0.0793932,-0.0749561,-0.0748159,-0.0748159
-111.519,-0.0795376,-0.0753845,-0.0752509,-0.0752509
-111.497,-0.0796624,-0.0757942,-0.0756675,-0.0756675
-111.474,-0.0797677,-0.0761854,-0.0760655,-0.0760655
-111.451,-0.0798534,-0.0765579,-0.0764448,-0.0764448
-111.429,-0.0799194,-0.0769116,-0.0768052,-0.0768052
-111.406,-0.0799659,-0.0772464,-0.0771469,-0.0771469
-111.383,-0.0799927,-0.0775622,-0.0774696,-0.0774696
-111.361,-0.0799998,-0.0778589,-0.0777733,-0.0777733
-111.338,-0.0799873,-0.0781365,-0.0780578,-0.0780578
-111.315,-0.0799552,-0.078395,-0.0783233,-0.0783233
-111.293,-0.0799034,-0.0786341,-0.0785694,-0.0785694
-111.27,-0.079832,-0.078854,-0.0787963,-0.0787963
-111.247,-0.0797409,-0.0790544,-0.0790038,-0.0790038
-111.224,-0.0796303,-0.0792355,-0.0791919,-0.0791919
-111.202,-0.0795002,-0.0793971,-0.0793605,-0.0793605
-111.179,-0.0793505,-0.0795392,-0.0795097,-0.0795097
-111.156,-0.0791813,-0.0796617,-0.0796394,-0.0796394
-111.134,-0.0789927,-0.0797647,-0.0797495,-0.0797495
-111.111,-0.0787846,-0.0798481,-0.07984,-0.07984
-111.088,-0.0785572,-0.0799119,-0.0799109,-0.0799109
-111.066,-0.0783106,-0.079956,-0.0799621,-0.0799621
-111.043,-0.0780446,-0.0799805,-0.0799937,-0.0799937
-111.02,-0.0777596,-0.0799853,-0.0800057,-0.0800057
-110.998,-0.0774554,-0.0799705,-0.079998,-0.079998
-110.975,-0.0771322,-0.0799361,-0.0799707,-0.0799707
-110.952,-0.07679,-0.079882,-0.0799238,-0.0799238
-110.93,-0.076429,-0.0798083,-0.0798572,-0.0798572
-110.907,-0.0760492,-0.0797149,-0.079771,-0.079771
-110.884,-0.0756508,-0.0796021,-0.0796652,-0.0796652
-110.862,-0.0752337,-0.0794696,-0.0795398,-0.0795398
-110.839,-0.0747982,-0.0793176,-0.0793949,-0.0793949
-110.816,-0.0743443,-0.0791462,-0.0792305,-0.0792305
-110.794,-0.0738721,-0.0789553,-0.0790467,-0.0790467
-110.771,-0.0733818,-0.078745,-0.0788434,-0.0788434
-110.748,-0.0728735,-0.0785153,-0.0786208,-0.0786208
-110.726,-0.0723473,-0.0782664,-0.0783789,-0.0783789
-110.703,-0.0718033,-0.0779982,-0.0781177,-0.0781177
-110.68,-0.0712417,-0.0777109,-0.0778373,-0.0778373
-110.658,-0.0706625,-0.0774045,-0.0775378,-0.0775378
-110.635,-0.0700661,-0.077079,-0.0772192,-0.0772192
-110.612,-0.0694524,-0.0767347,-0.0768817,-0.0768817
-110.59,-0.0688216,-0.0763715,-0.0765253,-0.0765253
-110.567,-0.068174,-0.0759895,-0.0761502,-0.0761502
-110.544,-0.0675096,-0.0755888,-0.0757563,-0.0757563
-110.522,-0.0668286,-0.0751696,-0.0753438,-0.0753438
-110.499,-0.0661312,-0.074732,-0.0749128,-0.0749128
-110.476,-0.0654176,-0.0742759,-0.0744634,-0.0744634
-110.454,-0.0646878,-0.0738016,-0.0739958,-0.0739958
-110.431,-0.0639423,-0.0733092,-0.0735099,-0.0735099
-110.408,-0.063181,-0.0727988,-0.073006,-0.073006
-110.385,-0.0624041,-0.0722705,-0.0724842,-0.0724842
-110.363,-0.061612,-0.0717244,-0.0719445,-0.0719445
-110.34,-0.0608047,-0.0711607,-0.0713872,-0.0713872
-110.317,-0.0599825,-0.0705796,-0.0708124,-0.0708124
-110.295,-0.0591456,-0.0699811,-0.0702202,-0.0702202
-110.272,-0.0582941,-0.0693654,-0.0696107,-0.0696107
-110.249,-0.0574283,-0.0687326,-0.0689841,-0.0689841
-110.227,-0.0565484,-0.068083,-0.0683406,-0.0683406
-110.204,-0.0556546,-0.0674167,-0.0676803,-0.0676803
-110.181,-0.0547471,-0.0667337,-0.0670034,-0.0670034
-110.159,-0.0538262,-0.0660345,-0.06631,-0.06631
-110.136,-0.0528921,-0.0653189,-0.0656003,-0.0656003
-110.113,-0.051945,-0.0645873,-0.0648745,-0.0648745
-110.091,-0.0509851,-0.0638399,-0.0641328,-0.0641328
-110.068,-0.0500127,-0.0630768,-0.0633754,-0.0633754
-110.045,-0.0490281,-0.0622982,-0.0626023,-0.0626023
-110.023,-0.0480313,-0.0615042,-0.061814,-0.061814
-110,-0.0470228,-0.0606952,-0.0610104,-0.0610104
-109.977,-0.0460028,-0.0598712,-0.0601918,-0.0601918
-109.955,-0.0449714,-0.0590326,-0.0593585,-0.0593585
-109.932,-0.043929,-0.0581794,-0.0585105,-0.0585105
-109.909,-0.0428758,-0.057312,-0.0576482,-0.0576482
-109.887,-0.041812,-0.0564304,-0.0567718,-0.0567718
-109.864,-0.040738,-0.0555351,-0.0558814,-0.0558814
-109.841,-0.039654,-0.054626,-0.0549773,-0.0549773
-109.819,-0.0385603,-0.0537035,-0.0540596,-0.0540596
-109.796,-0.037457,-0.0527679,-0.0531287,-0.0531287
-109.773,-0.0363446,-0.0518193,-0.0521848,-0.0521848
-109.751,-0.0352233,-0.0508579,-0.051228,-0.051228
-109.728,-0.0340933,-0.0498841,-0.0502587,-0.0502587
-109.705,-0.0329549,-0.048898,-0.049277,-0.049277
-109.683,-0.0318084,-0.0478999,-0.0482832,-0.0482832
-109.66,-0.0306542,-0.04689,-0.0472775,-0.0472775
-109.637,-0.0294924,-0.0458686,-0.0462603,-0.0462603
-109.615,-0.0283233,-0.0448359,-0.0452317,-0.0452317
-109.592,-0.0271473,-0.0437922,-0.0441919,-0.0441919
-109.569,-0.0259646,-0.0427378,-0.0431414,-0.0431414
-109.546,-0.0247756,-0.0416728,-0.0420802,-0.0420802
-109.524,-0.0235804,-0.0405976,-0.0410087,-0.0410087
-109.501,-0.0223795,-0.0395125,-0.0399271,-0.0399271
-109.478,-0.0211731,-0.0384176,-0.0388357,-0.0388357
-109.456,-0.0199614,-0.0373133,-0.0377348,-0.0377348
-109.433,-0.0187449,-0.0361998,-0.0366246,-0.0366246
-109.41,-0.0175238,-0.0350775,-0.0355054,-0.0355054
-109.388,-0.0162983,-0.0339464,-0.0343775,-0.0343775
-109.365,-0.0150689,-0.0328071,-0.0332411,-0.0332411
-109.342,-0.0138357,-0.0316597,-0.0320966,-0.0320966
-109.32,-0.0125992,-0.0305046,-0.0309442,-0.0309442
-109.297,-0.0113595,-0.0293419,-0.0297842,-0.0297842
-109.274,-0.0101171,-0.028172,-0.0286169,-0.0286169
-109.252,-0.00887221,-0.0269952,-0.0274425,-0.0274425
-109.229,-0.00762511,-0.0258118,-0.0262615,-0.0262615
-109.206,-0.00637615,-0.024622,-0.0250739,-0.0250739
-109.184,-0.00512562,-0.0234262,-0.0238803,-0.0238803
-109.161,-0.00387383,-0.0222246,-0.0226807,-0.0226807
-109.138,-0.00262109,-0.0210175,-0.0214756,-0.0214756
-109.116,-0.0013677,-0.0198053,-0.0202652,-0.0202652
-109.093,-0.000113981,-0.0185882,-0.0190498,-0.0190498
-109.07,0.00113977,-0.0173666,-0.0178298,-0.0178298
-109.048,0.00239324,-0.0161407,-0.0166053,-0.0166053
-109.025,0.00364612,-0.0149108,-0.0153768,-0.0153768
-109.002,0.0048981,-0.0136772,-0.0141446,-0.0141446
-108.98,0.00614889,-0.0124403,-0.0129088,-0.0129088
-108.957,0.00739816,-0.0112003,-0.0116699,-0.0116699
-108.934,0.00864561,-0.00995761,-0.0104281,-0.0104281
-108.912,0.00989095,-0.00871241,-0.00918374,-0.00918374
-108.889,0.0111338,-0.00746509,-0.00793713,-0.00793713
-108.866,0.012374,-0.00621592,-0.00668858,-0.00668858
-108.844,0.0136111,-0.00496525,-0.0054384,-0.0054384
-108.821,0.0148449,-0.00371332,-0.00418686,-0.00418686
-108.798,0.0160751,-0.00246051,-0.00293431,-0.00293431
-108.776,0.0173013,-0.00120707,-0.00168103,-0.00168103
-108.753,0.0185232,4.66668e-05,-0.00042734,-0.00042734
-108.73,0.0197406,0.0013004,0.00082644,0.00082644
-108.707,0.0209531,0.00255382,0.00208004,0.00208004
-108.685,0.0221605,0.0038066,0.00333311,0.00333311
-108.662,0.0233625,0.00505846,0.00458537,0.00458537
-108.639,0.0245587,0.00630907,0.00583649,0.00583649
-108.617,0.0257489,0.00755814,0.00708619,0.00708619
-108.594,0.0269327,0.00880536,0.00833415,0.00833415
-108.571,0.02811,0.0100504,0.00958005,0.00958005
-108.549,0.0292803,0.011293,0.0108236,0.0108236
-108.526,0.0304435,0.0125328,0.0120645,0.0120645
-108.503,0.0315991,0.0137696,0.0133024,0.0133024
-108.481,0.0327471,0.0150029,0.0145371,0.0145371
-108.458,0.0338869,0.0162326,0.0157682,0.0157682
-108.435,0.0350185,0.0174583,0.0169954,0.0169954
-108.413,0.0361414,0.0186797,0.0182184,0.0182184
-108.39,0.0372555,0.0198966,0.019437,0.019437
-108.367,0.0383604,0.0211085,0.0206508,0.0206508
-108.345,0.0394559,0.0223153,0.0218595,0.0218595
-108.322,0.0405417,0.0235166,0.0230628,0.0230628
-108.299,0.0416175,0.0247121,0.0242605,0.0242605
-108.277,0.0426831,0.0259016,0.0254522,0.0254522
-108.254,0.0437383,0.0270847,0.0266377,0.0266377
-108.231,0.0447827,0.0282611,0.0278166,0.0278166
-108.209,0.0458161,0.0294306,0.0289887,0.0289887
-108.186,0.0468382,0.0305929,0.0301537,0.0301537
-108.163,0.0478488,0.0317476,0.0313113,0.0313113
-108.141,0.0488477,0.0328946,0.0324612,0.0324612
-108.118,0.0498346,0.0340335,0.033603,0.033603
-108.095,0.0508093,0.0351641,0.0347367,0.0347367
-108.073,0.0517714,0.036286,0.0358618,0.0358618
-108.05,0.0527209,0.037399,0.0369781,0.0369781
-108.027,0.0536574,0.0385028,0.0380853,0.0380853
-108.005,0.0545807,0.0395972,0.0391832,0.0391832
-107.982,0.0554906,0.0406818,0.0402714,0.0402714
-107.959,0.0563869,0.0417565,0.0413498,0.0413498
-107.937,0.0572693,0.0428209,0.042418,0.042418
-107.914,0.0581377,0.0438747,0.0434757,0.0434757
-107.891,0.0589918,0.0449178,0.0445228,0.0445228
-107.868,0.0598314,0.0459499,0.045559,0.045559
-107.846,0.0606563,0.0469707,0.046584,0.046584
-107.823,0.0614663,0.04798,0.0475975,0.0475975
-107.8,0.0622612,0.0489775,0.0485993,0.0485993
-107.778,0.0630409,0.0499629,0.0495892,0.0495892
-107.755,0.063805,0.0509361,0.0505669,0.0505669
-107.732,0.0645535,0.0518968,0.0515322,0.0515322
-107.71,0.0652861,0.0528448,0.0524848,0.0524848
-107.687,0.0660026,0.0537797,0.0534246,0.0534246
-107.664,0.066703,0.0547015,0.0543512,0.0543512
-107.642,0.067387,0.0556098,0.0552645,0.0552645
-107.619,0.0680544,0.0565045,0.0561642,0.0561642
-107.596,0.0687051,0.0573853,0.0570501,0.0570501
-107.574,0.069339,0.058252,0.0579219,0.0579219
-107.551,0.0699558,0.0591044,0.0587796,0.0587796
-107.528,0.0705554,0.0599422,0.0596228,0.0596228
-107.506,0.0711377,0.0607654,0.0604514,0.0604514
-107.483,0.0717025,0.0615737,0.0612651,0.0612651
-107.46,0.0722497,0.0623668,0.0620638,0.0620638
-107.438,0.0727792,0.0631446,0.0628472,0.0628472
-107.415,0.0732908,0.0639069,0.0636153,0.0636153
-107.392,0.0737843,0.0646535,0.0643676,0.0643676
-107.37,0.0742598,0.0653842,0.0651042,0.0651042
-107.347,0.074717,0.0660989,0.0658248,0.0658248
-107.324,0.0751559,0.0667973,0.0665292,0.0665292
-107.302,0.0755763,0.0674794,0.0672172,0.0672172
-107.279,0.0759782,0.0681448,0.0678888,0.0678888
-107.256,0.0763614,0.0687936,0.0685436,0.0685436
-107.234,0.0767258,0.0694254,0.0691817,0.0691817
-107.211,0.0770714,0.0700402,0.0698027,0.0698027
-107.188,0.077398,0.0706378,0.0704066,0.0704066
-107.166,0.0777057,0.0712181,0.0709932,0.0709932
-107.143,0.0779942,0.0717808,0.0715624,0.0715624
-107.12,0.0782636,0.0723259,0.072114,0.072114
-107.098,0.0785138,0.0728533,0.0726479,0.0726479
-107.075,0.0787447,0.0733628,0.0731639,0.0731639
-107.052,0.0789563,0.0738543,0.073662,0.073662
-107.029,0.0791484,0.0743276,0.0741419,0.0741419
-107.007,0.0793212,0.0747826,0.0746037,0.0746037
-106.984,0.0794744,0.0752194,0.0750471,0.0750471
-106.961,0.0796081,0.0756376,0.0754721,0.0754721
-106.939,0.0797223,0.0760372,0.0758786,0.0758786
-106.916,0.0798169,0.0764182,0.0762664,0.0762664
-106.893,0.0798918,0.0767805,0.0766355,0.0766355
-106.871,0.0799472,0.0771238,0.0769858,0.0769858
-106.848,0.0799829,0.0774482,0.0773171,0.0773171
-106.825,0.079999,0.0777536,0.0776295,0.0776295
-106.803,0.0799954,0.07804,0.0779228,0.0779228
-106.78,0.0799722,0.0783071,0.078197,0.078197
-106.757,0.0799294,0.078555,0.0784519,0.0784519
-106.735,0.0798669,0.0787836,0.0786876,0.0786876
-106.712,0.0797847,0.0789929,0.078904,0.078904
-106.689,0.079683,0.0791828,0.079101,0.079101
-106.667,0.0795618,0.0793532,0.0792785,0.0792785
-106.644,0.0794209,0.0795042,0.0794366,0.0794366
-106.621,0.0792606,0.0796356,0.0795752,0.0795752
-106.599,0.0790808,0.0797475,0.0796942,0.0796942
-106.576,0.0788816,0.0798397,0.0797936,0.0797936
-106.553,0.078663,0.0799124,0.0798735,0.0798735
-106.531,0.0784251,0.0799655,0.0799337,0.0799337
-106.508,0.0781679,0.0799989,0.0799743,0.0799743
-106.485,0.0778915,0.0800126,0.0799952,0.0799952
-106.463,0.077596,0.0800068,0.0799965,0.0799965
-106.44,0.0772814,0.0799812,0.0799782,0.0799782
-106.417,0.0769479,0.0799361,0.0799402,0.0799402
-106.395,0.0765954,0.0798713,0.0798826,0.0798826
-106.372,0.0762242,0.0797868,0.0798053,0.0798053
-106.349,0.0758342,0.0796828,0.0797085,0.0797085
-106.327,0.0754256,0.0795593,0.079592,0.079592
-106.304,0.0749984,0.0794161,0.079456,0.079456
-106.281,0.0745529,0.0792535,0.0793006,0.0793006
-106.259,0.074089,0.0790714,0.0791256,0.0791256
-106.236,0.0736069,0.0788699,0.0789312,0.0789312
-106.213,0.0731068,0.0786491,0.0787174,0.0787174
-106.19,0.0725887,0.0784089,0.0784843,0.0784843
-106.168,0.0720528,0.0781494,0.0782319,0.0782319
-106.145,0.0714991,0.0778708,0.0779602,0.0779602
-106.122,0.0709279,0.077573,0.0776695,0.0776695
-106.1,0.0703393,0.0772562,0.0773596,0.0773596
-106.077,0.0697334,0.0769205,0.0770308,0.0770308
-106.054,0.0691104,0.0765658,0.076683,0.076683
-106.032,0.0684704,0.0761923,0.0763164,0.0763164
-106.009,0.0678136,0.0758001,0.075931,0.075931
-105.986,0.0671402,0.0753893,0.075527,0.075527
-105.964,0.0664502,0.07496,0.0751045,0.0751045
-105.941,0.0657439,0.0745123,0.0746635,0.0746635
-105.918,0.0650215,0.0740463,0.0742042,0.0742042
-105.896,0.0642831,0.0735621,0.0737266,0.0737266
-105.873,0.0635289,0.0730599,0.0732309,0.0732309
-105.85,0.0627591,0.0725396,0.0727173,0.0727173
-105.828,0.0619739,0.0720016,0.0721857,0.0721857
-105.805,0.0611735,0.0714459,0.0716365,0.0716365
-105.782,0.0603581,0.0708727,0.0710697,0.0710697
-105.76,0.0595278,0.070282,0.0704854,0.0704854
-105.737,0.0586829,0.0696741,0.0698837,0.0698837
-105.714,0.0578236,0.0690491,0.069265,0.069265
-105.692,0.0569501,0.0684071,0.0686292,0.0686292
-105.669,0.0560626,0.0677483,0.0679765,0.0679765
-105.646,0.0551613,0.0670729,0.0673072,0.0673072
-105.624,0.0542465,0.066381,0.0666213,0.0666213
-105.601,0.0533183,0.0656728,0.0659191,0.0659191
-105.578,0.0523771,0.0649485,0.0652006,0.0652006
-105.556,0.051423,0.0642083,0.0644662,0.0644662
-105.533,0.0504563,0.0634522,0.0637159,0.0637159
-105.51,0.0494771,0.0626806,0.06295,0.06295
-105.488,0.0484859,0.0618936,0.0621686,0.0621686
-105.465,0.0474827,0.0610914,0.0613719,0.0613719
-105.442,0.0464678,0.0602742,0.0605602,0.0605602
-105.42,0.0454416,0.0594422,0.0597336,0.0597336
-105.397,0.0444041,0.0585956,0.0588923,0.0588923
-105.374,0.0433558,0.0577346,0.0580366,0.0580366
-105.351,0.0422968,0.0568594,0.0571666,0.0571666
-105.329,0.0412275,0.0559703,0.0562825,0.0562825
-105.306,0.040148,0.0550674,0.0553847,0.0553847
-105.283,0.0390586,0.054151,0.0544732,0.0544732
-105.261,0.0379597,0.0532213,0.0535483,0.0535483
-105.238,0.0368514,0.0522786,0.0526104,0.0526104
-105.215,0.0357341,0.051323,0.0516594,0.0516594
-105.193,0.034608,0.0503548,0.0506958,0.0506958
-105.17,0.0334734,0.0493742,0.0497197,0.0497197
-105.147,0.0323305,0.0483815,0.0487315,0.0487315
-105.125,0.0311798,0.0473769,0.0477312,0.0477312
-105.102,0.0300214,0.0463607,0.0467193,0.0467193
-105.079,0.0288556,0.0453331,0.0456958,0.0456958
-105.057,0.0276827,0.0442944,0.0446611,0.0446611
-105.034,0.026503,0.0432448,0.0436155,0.0436155
-105.011,0.0253168,0.0421846,0.0425592,0.0425592
-104.989,0.0241244,0.041114,0.0414924,0.0414924
-104.966,0.0229261,0.0400333,0.0404154,0.0404154
-104.943,0.0217221,0.0389428,0.0393284,0.0393284
-104.921,0.0205128,0.0378428,0.0382319,0.0382319
-104.898,0.0192984,0.0367334,0.0371259,0.0371259
-104.875,0.0180794,0.0356151,0.0360108,0.0360108
-104.853,0.0168558,0.0344879,0.0348869,0.0348869
-104.83,0.0156282,0.0333524,0.0337543,0.0337543
-104.807,0.0143967,0.0322086,0.0326136,0.0326136
-104.785,0.0131616,0.0310569,0.0314647,0.0314647
-104.762,0.0119234,0.0298976,0.0303082,0.0303082
-104.739,0.0106822,0.0287309,0.0291442,0.0291442
-104.717,0.00943836,0.0275572,0.0279731,0.0279731
-104.694,0.00819222,0.0263768,0.0267951,0.0267951
-104.671,0.00694407,0.0251898,0.0256105,0.0256105
-104.649,0.00569422,0.0239967,0.0244197,0.0244197
-104.626,0.00444296,0.0227977,0.0232228,0.0232228
-104.603,0.00319061,0.0215931,0.0220202,0.0220202
-104.58,0.00193748,0.0203832,0.0208122,0.0208122
-104.558,0.000683876,0.0191682,0.0195991,0.0195991
-104.535,-0.000569899,0.0179486,0.0183812,0.0183812
-104.512,-0.00182353,0.0167246,0.0171588,0.0171588
-104.49,-0.00307672,0.0154965,0.0159321,0.0159321
-104.467,-0.00432915,0.0142645,0.0147016,0.0147016
-104.444,-0.00558052,0.0130291,0.0134674,0.0134674
-104.422,-0.00683051,0.0117904,0.0122299,0.0122299
-104.399,-0.00807883,0.0105489,0.0109895,0.0109895
-104.376,-0.00932517,0.00930479,0.00974628,0.00974628
-104.354,-0.0105692,0.00805841,0.00850072,0.00850072
-104.331,-0.0118107,0.00681004,0.00725305,0.00725305
-104.308,-0.0130492,0.00555998,0.00600363,0.00600363
-104.286,-0.0142846,0.00430858,0.00475271,0.00475271
-104.263,-0.0155164,0.00305613,0.00350063,0.00350063
-104.24,-0.0167444,0.00180292,0.0022477,0.0022477
-104.218,-0.0179683,0.000549272,0.000994205,0.000994205
-104.195,-0.0191878,-0.000704514,-0.000259532,-0.000259532
-104.172,-0.0204026,-0.00195811,-0.0015132,-0.0015132
-104.15,-0.0216124,-0.00321124,-0.0027665,-0.0027665
-104.127,-0.0228168,-0.00446355,-0.00401911,-0.00401911
-104.104,-0.0240157,-0.00571479,-0.00527076,-0.00527076
-104.082,-0.0252087,-0.00696461,-0.00652108,-0.00652108
-104.059,-0.0263954,-0.00821271,-0.00776982,-0.00776982
-104.036,-0.0275757,-0.0094588,-0.00901665,-0.00901665
-104.014,-0.0287492,-0.0107026,-0.0102612,-0.0102612
-103.991,-0.0299157,-0.0119437,-0.0115033,-0.0115033
-103.968,-0.0310748,-0.0131819,-0.0127426,-0.0127426
-103.946,-0.0322263,-0.0144168,-0.0139787,-0.0139787
-103.923,-0.0333698,-0.0156483,-0.0152114,-0.0152114
-103.9,-0.0345052,-0.0168758,-0.0164404,-0.0164404
-103.878,-0.0356321,-0.0180992,-0.0176653,-0.0176653
-103.855,-0.0367502,-0.0193182,-0.0188859,-0.0188859
-103.832,-0.0378593,-0.0205324,-0.0201019,-0.0201019
-103.81,-0.0389591,-0.0217416,-0.0213129,-0.0213129
-103.787,-0.0400493,-0.0229454,-0.0225187,-0.0225187
-103.764,-0.0411297,-0.0241436,-0.0237189,-0.0237189
-103.741,-0.0422,-0.0253359,-0.0249133,-0.0249133
-103.719,-0.04326,-0.0265219,-0.0261016,-0.0261016
-103.696,-0.0443093,-0.0277014,-0.0272835,-0.0272835
-103.673,-0.0453477,-0.0288741,-0.0284587,-0.0284587
-103.651,-0.046375,-0.0300397,-0.0296269,-0.0296269
-103.628,-0.0473909,-0.031198,-0.0307878,-0.0307878
-103.605,-0.0483952,-0.0323485,-0.0319411,-0.0319411
-103.583,-0.0493875,-0.0334911,-0.0330866,-0.0330866
-103.56,-0.0503678,-0.0346255,-0.034224,-0.034224
-103.537,-0.0513356,-0.0357514,-0.035353,-0.035353
-103.515,-0.0522909,-0.0368685,-0.0364733,-0.0364733
-103.492,-0.0532333,-0.0379765,-0.0375846,-0.0375846
-103.469,-0.0541627,-0.0390752,-0.0386867,-0.0386867
-103.447,-0.0550787,-0.0401643,-0.0397793,-0.0397793
-103.424,-0.0559812,-0.0412436,-0.0408621,-0.0408621
-103.401,-0.05687,-0.0423126,-0.0419349,-0.0419349
-103.379,-0.0577448,-0.0433714,-0.0429974,-0.0429974
-103.356,-0.0586054,-0.0444194,-0.0440493,-0.0440493
-103.333,-0.0594516,-0.0454566,-0.0450904,-0.0450904
-103.311,-0.0602832,-0.0464825,-0.0461205,-0.0461205
-103.288,-0.0611,-0.0474971,-0.0471392,-0.0471392
-103.265,-0.0619018,-0.0485,-0.0481463,-0.0481463
-103.243,-0.0626884,-0.0494909,-0.0491416,-0.0491416
-103.22,-0.0634596,-0.0504697,-0.0501248,-0.0501248
-103.197,-0.0642152,-0.0514361,-0.0510957,-0.0510957
-103.175,-0.064955,-0.0523899,-0.0520541,-0.0520541
-103.152,-0.0656789,-0.0533308,-0.0529997,-0.0529997
-103.129,-0.0663867,-0.0542586,-0.0539322,-0.0539322
-103.107,-0.0670781,-0.0551731,-0.0548516,-0.0548516
-103.084,-0.0677531,-0.056074,-0.0557574,-0.0557574
-103.061,-0.0684114,-0.0569611,-0.0566496,-0.0566496
-103.039,-0.0690529,-0.0578343,-0.0575278,-0.0575278
-103.016,-0.0696775,-0.0586932,-0.0583919,-0.0583919
-102.993,-0.070285,-0.0595377,-0.0592416,-0.0592416
-102.971,-0.0708752,-0.0603676,-0.0600768,-0.0600768
-102.948,-0.0714479,-0.0611827,-0.0608973,-0.0608973
-102.925,-0.0720032,-0.0619827,-0.0617028,-0.0617028
-102.902,-0.0725407,-0.0627675,-0.0624931,-0.0624931
-102.88,-0.0730604,-0.0635369,-0.0632681,-0.0632681
-102.857,-0.0735622,-0.0642907,-0.0640275,-0.0640275
-102.834,-0.0740459,-0.0650287,-0.0647712,-0.0647712
-102.812,-0.0745115,-0.0657507,-0.065499,-0.065499
-102.789,-0.0749587,-0.0664565,-0.0662108,-0.0662108
-102.766,-0.0753875,-0.067146,-0.0669062,-0.0669062
-102.744,-0.0757978,-0.0678191,-0.0675853,-0.0675853
-102.721,-0.0761895,-0.0684754,-0.0682477,-0.0682477
-102.698,-0.0765625,-0.069115,-0.0688933,-0.0688933
-102.676,-0.0769166,-0.0697376,-0.069522,-0.069522
-102.653,-0.0772519,-0.070343,-0.0701337,-0.0701337
-102.63,-0.0775682,-0.0709312,-0.0707281,-0.0707281
-102.608,-0.0778654,-0.0715019,-0.0713052,-0.0713052
-102.585,-0.0781436,-0.0720551,-0.0718648,-0.0718648
-102.562,-0.0784025,-0.0725905,-0.0724066,-0.0724066
-102.54,-0.0786422,-0.0731082,-0.0729307,-0.0729307
-102.517,-0.0788625,-0.0736078,-0.0734369,-0.0734369
-102.494,-0.0790635,-0.0740894,-0.0739251,-0.0739251
-102.472,-0.0792451,-0.0745528,-0.0743951,-0.0743951
-102.449,-0.0794072,-0.0749979,-0.0748468,-0.0748468
-102.426,-0.0795498,-0.0754245,-0.0752802,-0.0752802
-102.404,-0.0796728,-0.0758327,-0.075695,-0.075695
-102.381,-0.0797763,-0.0762222,-0.0760913,-0.0760913
-102.358,-0.0798602,-0.076593,-0.0764688,-0.0764688
-102.336,-0.0799245,-0.0769449,-0.0768276,-0.0768276
-102.313,-0.0799691,-0.077278,-0.0771675,-0.0771675
-102.29,-0.0799941,-0.077592,-0.0774885,-0.0774885
-102.268,-0.0799995,-0.077887,-0.0777904,-0.0777904
-102.245,-0.0799852,-0.0781629,-0.0780732,-0.0780732
-102.222,-0.0799513,-0.0784196,-0.0783368,-0.0783368
-102.2,-0.0798977,-0.078657,-0.0785812,-0.0785812
-102.177,-0.0798245,-0.0788751,-0.0788063,-0.0788063
-102.154,-0.0797317,-0.0790738,-0.0790121,-0.0790121
-102.132,-0.0796193,-0.0792531,-0.0791984,-0.0791984
-102.109,-0.0794874,-0.0794129,-0.0793653,-0.0793653
-102.086,-0.0793359,-0.0795532,-0.0795126,-0.0795126
-102.063,-0.0791649,-0.079674,-0.0796405,-0.0796405
-102.041,-0.0789745,-0.0797752,-0.0797488,-0.0797488
-102.018,-0.0787647,-0.0798568,-0.0798375,-0.0798375
-101.995,-0.0785356,-0.0799188,-0.0799066,-0.0799066
-101.973,-0.0782872,-0.0799611,-0.0799561,-0.0799561
-101.95,-0.0780195,-0.0799838,-0.0799858,-0.0799858
-101.927,-0.0777327,-0.0799869,-0.0799961,-0.0799961
-101.905,-0.0774268,-0.0799703,-0.0799866,-0.0799866
-101.882,-0.0771018,-0.0799341,-0.0799575,-0.0799575
-101.859,-0.076758,-0.0798782,-0.0799087,-0.0799087
-101.837,-0.0763953,-0.0798027,-0.0798403,-0.0798403
-101.814,-0.0760138,-0.0797076,-0.0797523,-0.0797523
-101.791,-0.0756136,-0.0795929,-0.0796447,-0.0796447
-101.769,-0.0751949,-0.0794587,-0.0795176,-0.0795176
-101.746,-0.0747577,-0.0793049,-0.0793709,-0.0793709
-101.723,-0.0743021,-0.0791317,-0.0792047,-0.0792047
-101.701,-0.0738283,-0.0789391,-0.0790191,-0.0790191
-101.678,-0.0733364,-0.078727,-0.078814,-0.078814
-101.655,-0.0728264,-0.0784956,-0.0785896,-0.0785896
-101.633,-0.0722986,-0.0782449,-0.0783459,-0.0783459
-101.61,-0.071753,-0.077975,-0.078083,-0.078083
-101.587,-0.0711897,-0.0776859,-0.0778008,-0.0778008
-101.565,-0.070609,-0.0773778,-0.0774996,-0.0774996
-101.542,-0.070011,-0.0770506,-0.0771793,-0.0771793
-101.519,-0.0693957,-0.0767045,-0.0768401,-0.0768401
-101.497,-0.0687634,-0.0763396,-0.0764819,-0.0764819
-101.474,-0.0681143,-0.0759559,-0.0761051,-0.0761051
-101.451,-0.0674483,-0.0755536,-0.0757095,-0.0757095
-101.429,-0.0667659,-0.0751327,-0.0752953,-0.0752953
-101.406,-0.066067,-0.0746934,-0.0748626,-0.0748626
-101.383,-0.0653519,-0.0742357,-0.0744115,-0.0744115
-101.361,-0.0646207,-0.0737597,-0.0739422,-0.0739422
-101.338,-0.0638737,-0.0732657,-0.0734546,-0.0734546
-101.315,-0.063111,-0.0727536,-0.0729491,-0.0729491
-101.293,-0.0623327,-0.0722237,-0.0724256,-0.0724256
-101.27,-0.0615392,-0.071676,-0.0718843,-0.0718843
-101.247,-0.0607306,-0.0711107,-0.0713255,-0.0713255
-101.224,-0.059907,-0.070528,-0.070749,-0.070749
-101.202,-0.0590687,-0.0699279,-0.0701552,-0.0701552
-101.179,-0.058216,-0.0693107,-0.0695441,-0.0695441
-101.156,-0.0573489,-0.0686764,-0.068916,-0.068916
-101.134,-0.0564677,-0.0680252,-0.0682709,-0.0682709
-101.111,-0.0555727,-0.0673574,-0.0676091,-0.0676091
-101.088,-0.054664,-0.066673,-0.0669307,-0.0669307
-101.066,-0.0537419,-0.0659722,-0.0662358,-0.0662358
-101.043,-0.0528066,-0.0652552,-0.0655246,-0.0655246
-101.02,-0.0518583,-0.0645222,-0.0647974,-0.0647974
-100.998,-0.0508973,-0.0637733,-0.0640542,-0.0640542
-100.975,-0.0499237,-0.0630087,-0.0632953,-0.0632953
-100.952,-0.0489379,-0.0622287,-0.0625209,-0.0625209
-100.93,-0.0479401,-0.0614334,-0.0617311,-0.0617311
-100.907,-0.0469306,-0.060623,-0.0609261,-0.0609261
-100.884,-0.0459095,-0.0597977,-0.0601062,-0.0601062
-100.862,-0.0448771,-0.0589577,-0.0592715,-0.0592715
-100.839,-0.0438337,-0.0581033,-0.0584222,-0.0584222
-100.816,-0.0427795,-0.0572345,-0.0575586,-0.0575586
-100.794,-0.0417148,-0.0563517,-0.0566809,-0.0566809
-100.771,-0.0406399,-0.0554551,-0.0557892,-0.0557892
-100.748,-0.039555,-0.0545448,-0.0548838,-0.0548838
-100.726,-0.0384604,-0.0536211,-0.053965,-0.053965
-100.703,-0.0373563,-0.0526843,-0.0530329,-0.0530329
-100.68,-0.0362431,-0.0517345,-0.0520877,-0.0520877
-100.658,-0.0351209,-0.050772,-0.0511298,-0.0511298
-100.635,-0.0339901,-0.0497971,-0.0501593,-0.0501593
-100.612,-0.032851,-0.0488098,-0.0491765,-0.0491765
-100.59,-0.0317038,-0.0478107,-0.0481816,-0.0481816
-100.567,-0.0305488,-0.0467997,-0.0471749,-0.0471749
-100.544,-0.0293864,-0.0457773,-0.0461566,-0.0461566
-100.522,-0.0282167,-0.0447436,-0.0451269,-0.0451269
-100.499,-0.02704,-0.0436989,-0.0440862,-0.0440862
-100.476,-0.0258568,-0.0426435,-0.0430346,-0.0430346
-100.454,-0.0246672,-0.0415776,-0.0419725,-0.0419725
-100.431,-0.0234715,-0.0405015,-0.0409,-0.0409
-100.408,-0.02227,-0.0394155,-0.0398175,-0.0398175
-100.385,-0.0210631,-0.0383197,-0.0387252,-0.0387252
-100.363,-0.019851,-0.0372146,-0.0376234,-0.0376234
-100.34,-0.0186341,-0.0361003,-0.0365124,-0.0365124
-100.317,-0.0174125,-0.0349771,-0.0353924,-0.0353924
-100.295,-0.0161867,-0.0338453,-0.0342637,-0.0342637
-100.272,-0.0149569,-0.0327053,-0.0331266,-0.0331266
-100.249,-0.0137234,-0.0315571,-0.0319813,-0.0319813
-100.227,-0.0124866,-0.0304013,-0.0308282,-0.0308282
-100.204,-0.0112467,-0.0292379,-0.0296675,-0.0296675
-100.181,-0.010004,-0.0280674,-0.0284995,-0.0284995
-100.159,-0.00875892,-0.02689,-0.0273246,-0.0273246
-100.136,-0.00751164,-0.025706,-0.0261429,-0.0261429
-100.113,-0.00626252,-0.0245156,-0.0249548,-0.0249548
-100.091,-0.00501187,-0.0233193,-0.0237605,-0.0237605
-100.068,-0.00375998,-0.0221172,-0.0225605,-0.0225605
-100.045,-0.00250716,-0.0209097,-0.0213548,-0.0213548
-100.023,-0.00125374,-0.019697,-0.020144,-0.020144
-100,2.0392e-15,-0.0184795,-0.0189282,-0.0189282
-99.9773,0.00125374,-0.0172574,-0.0177077,-0.0177077
-99.9546,0.00250716,-0.0160311,-0.0164829,-0.0164829
-99.932,0.00375998,-0.0148009,-0.015254,-0.015254
-99.9093,0.00501187,-0.013567,-0.0140214,-0.0140214
-99.8866,0.00626252,-0.0123298,-0.0127853,-0.0127853
-99.8639,0.00751164,-0.0110896,-0.0115461,-0.0115461
-99.8413,0.00875892,-0.00984659,-0.0103041,-0.0103041
-99.8186,0.010004,-0.0086012,-0.0090595,-0.0090595
-99.7959,0.0112467,-0.0073537,-0.00781268,-0.00781268
-99.7732,0.0124866,-0.0061044,-0.00656396,-0.00656396
-99.7506,0.0137234,-0.00485358,-0.00531362,-0.00531362
-99.7279,0.0149569,-0.00360157,-0.00406198,-0.00406198
-99.7052,0.0161867,-0.00234868,-0.00280934,-0.00280934
-99.6825,0.0174125,-0.00109521,-0.001556,-0.001556
-99.6599,0.0186341,0.000158558,-0.000302298,-0.000302298
-99.6372,0.019851,0.00141225,0.000951505,0.000951505
-99.6145,0.0210631,0.00266562,0.00220507,0.00220507
-99.5918,0.02227,0.00391834,0.00345809,0.00345809
-99.5692,0.0234715,0.0051701,0.00471026,0.00471026
-99.5465,0.0246672,0.00642058,0.00596128,0.00596128
-99.5238,0.0258568,0.0076695,0.00721084,0.00721084
-99.5011,0.02704,0.00891653,0.00845863,0.00845863
-99.4785,0.0282167,0.0101614,0.00970433,0.00970433
-99.4558,0.0293864,0.0114037,0.0109477,0.0109477
-99.4331,0.0305488,0.0126433,0.0121883,0.0121883
-99.4104,0.0317038,0.0138797,0.013426,0.013426
-99.3878,0.032851,0.0151128,0.0146603,0.0146603
-99.3651,0.0339901,0.0163421,0.0158911,0.0158911
-99.3424,0.0351209,0.0175674,0.0171179,0.0171179
-99.3197,0.0362431,0.0187884,0.0183406,0.0183406
-99.2971,0.0373563,0.0200049,0.0195587,0.0195587
-99.2744,0.0384604,0.0212164,0.0207721,0.0207721
-99.2517,0.039555,0.0224226,0.0219803,0.0219803
-99.229,0.0406399,0.0236234,0.0231832,0.0231832
-99.2063,0.0417148,0.0248184,0.0243803,0.0243803
-99.1837,0.0427795,0.0260073,0.0255715,0.0255715
-99.161,0.0438337,0.0271898,0.0267564,0.0267564
-99.1383,0.0448771,0.0283656,0.0279347,0.0279347
-99.1156,0.0459095,0.0295345,0.0291061,0.0291061
-99.093,0.0469306,0.0306961,0.0302705,0.0302705
-99.0703,0.0479401,0.0318501,0.0314274,0.0314274
-99.0476,0.0489379,0.0329964,0.0325765,0.0325765
-99.0249,0.0499237,0.0341346,0.0337177,0.0337177
-99.0023,0.0508973,0.0352643,0.0348506,0.0348506
-98.9796,0.0518583,0.0363854,0.0359749,0.0359749
-98.9569,0.0528066,0.0374976,0.0370904,0.0370904
-98.9342,0.0537419,0.0386006,0.0381968,0.0381968
-98.9116,0.054664,0.0396941,0.0392938,0.0392938
-98.8889,0.0555727,0.0407778,0.0403811,0.0403811
-98.8662,0.0564677,0.0418515,0.0414586,0.0414586
-98.8435,0.0573489,0.042915,0.0425258,0.0425258
-98.8209,0.058216,0.0439679,0.0435826,0.0435826
-98.7982,0.0590687,0.04501,0.0446287,0.0446287
-98.7755,0.059907,0.0460411,0.0456639,0.0456639
-98.7528,0.0607306,0.0470609,0.0466878,0.0466878
-98.7302,0.0615392,0.0480691,0.0477003,0.0477003
-98.7075,0.0623327,0.0490655,0.0487011,0.0487011
-98.6848,0.063111,0.0500498,0.0496899,0.0496899
-98.6621,0.0638737,0.0510219,0.0506665,0.0506665
-98.6395,0.0646207,0.0519814,0.0516306,0.0516306
-98.6168,0.0653519,0.0529282,0.0525821,0.0525821
-98.5941,0.066067,0.053862,0.0535207,0.0535207
-98.5714,0.0667659,0.0547825,0.0544461,0.0544461
-98.5488,0.0674483,0.0556896,0.0553581,0.0553581
-98.5261,0.0681143,0.056583,0.0562566,0.0562566
-98.5034,0.0687634,0.0574626,0.0571412,0.0571412
-98.4807,0.0693957,0.058328,0.0580118,0.0580118
-98.458,0.070011,0.059179,0.0588681,0.0588681
-98.4354,0.070609,0.0600156,0.05971,0.05971
-98.4127,0.0711897,0.0608374,0.0605373,0.0605373
-98.39,0.071753,0.0616443,0.0613496,0.0613496
-98.3673,0.0722986,0.062436,0.0621469,0.0621469
-98.3447,0.0728264,0.0632124,0.062929,0.062929
-98.322,0.0733364,0.0639733,0.0636956,0.0636956
-98.2993,0.0738283,0.0647185,0.0644465,0.0644465
-98.2766,0.0743021,0.0654478,0.0651816,0.0651816
-98.254,0.0747577,0.066161,0.0659007,0.0659007
-98.2313,0.0751949,0.0668579,0.0666037,0.0666037
-98.2086,0.0756136,0.0675385,0.0672902,0.0672902
-98.1859,0.0760138,0.0682024,0.0679603,0.0679603
-98.1633,0.0763953,0.0688496,0.0686136,0.0686136
-98.1406,0.076758,0.0694799,0.0692501,0.0692501
-98.1179,0.0771018,0.0700932,0.0698696,0.0698696
-98.0952,0.0774268,0.0706892,0.0704719,0.0704719
-98.0726,0.0777327,0.0712678,0.0710569,0.0710569
-98.0499,0.0780195,0.071829,0.0716245,0.0716245
-98.0272,0.0782872,0.0723725,0.0721745,0.0721745
-98.0045,0.0785356,0.0728983,0.0727068,0.0727068
-97.9819,0.0787647,0.0734061,0.0732212,0.0732212
-97.9592,0.0789745,0.0738959,0.0737176,0.0737176
-97.9365,0.0791649,0.0743676,0.0741959,0.0741959
-97.9138,0.0793359,0.074821,0.074656,0.074656
-97.8912,0.0794874,0.075256,0.0750978,0.0750978
-97.8685,0.0796193,0.0756726,0.0755211,0.0755211
-97.8458,0.0797317,0.0760706,0.0759258,0.0759258
-97.8231,0.0798245,0.0764498,0.076312,0.076312
-97.8005,0.0798977,0.0768103,0.0766793,0.0766793
-97.7778,0.0799513,0.077152,0.0770279,0.0770279
-97.7551,0.0799852,0.0774747,0.0773575,0.0773575
-97.7324,0.0799995,0.0777784,0.0776682,0.0776682
-97.7098,0.0799941,0.0780629,0.0779597,0.0779597
-97.6871,0.0799691,0.0783284,0.0782321,0.0782321
-97.6644,0.0799245,0.0785745,0.0784853,0.0784853
-97.6417,0.0798602,0.0788014,0.0787193,0.0787193
-97.619,0.0797763,0.0790089,0.0789339,0.0789339
-97.5964,0.0796728,0.079197,0.0791291,0.0791291
-97.5737,0.0795498,0.0793657,0.0793049,0.0793049
-97.551,0.0794072,0.0795149,0.0794611,0.0794611
-97.5283,0.0792451,0.0796445,0.0795979,0.0795979
-97.5057,0.0790635,0.0797546,0.0797152,0.0797152
-97.483,0.0788625,0.0798451,0.0798128,0.0798128
-97.4603,0.0786422,0.079916,0.0798909,0.0798909
-97.4376,0.0784025,0.0799672,0.0799493,0.0799493
-97.415,0.0781436,0.0799989,0.0799881,0.0799881
-97.3923,0.0778654,0.0800108,0.0800073,0.0800073
-97.3696,0.0775682,0.0800032,0.0800068,0.0800068
-97.3469,0.0772519,0.0799759,0.0799866,0.0799866
-97.3243,0.0769166,0.0799289,0.0799469,0.0799469
-97.3016,0.0765625,0.0798623,0.0798874,0.0798874
-97.2789,0.0761895,0.0797761,0.0798084,0.0798084
-97.2562,0.0757978,0.0796703,0.0797098,0.0797098
-97.2336,0.0753875,0.079545,0.0795915,0.0795915
-97.2109,0.0749587,0.0794001,0.0794538,0.0794538
-97.1882,0.0745115,0.0792357,0.0792965,0.0792965
-97.1655,0.0740459,0.0790518,0.0791198,0.0791198
-97.1429,0.0735622,0.0788486,0.0789236,0.0789236
-97.1202,0.0730604,0.0786259,0.078708,0.078708
-97.0975,0.0725407,0.078384,0.0784732,0.0784732
-97.0748,0.0720032,0.0781228,0.078219,0.078219
-97.0522,0.0714479,0.0778424,0.0779456,0.0779456
-97.0295,0.0708752,0.0775429,0.0776531,0.0776531
-97.0068,0.070285,0.0772244,0.0773415,0.0773415
-96.9841,0.0696775,0.0768869,0.0770109,0.0770109
-96.9615,0.0690529,0.0765305,0.0766614,0.0766614
-96.9388,0.0684114,0.0761553,0.0762931,0.0762931
-96.9161,0.0677531,0.0757615,0.0759061,0.0759061
-96.8934,0.0670781,0.075349,0.0755004,0.0755004
-96.8707,0.0663867,0.074918,0.0750761,0.0750761
-96.8481,0.0656789,0.0744686,0.0746334,0.0746334
-96.8254,0.064955,0.074001,0.0741724,0.0741724
-96.8027,0.0642152,0.0735151,0.0736932,0.0736932
-96.78,0.0634596,0.0730112,0.0731959,0.0731959
-96.7574,0.0626884,0.0724894,0.0726806,0.0726806
-96.7347,0.0619018,0.0719497,0.0721475,0.0721475
-96.712,0.0611,0.0713924,0.0715966,0.0715966
-96.6893,0.0602832,0.0708176,0.0710282,0.0710282
-96.6667,0.0594516,0.0702254,0.0704423,0.0704423
-96.644,0.0586054,0.0696159,0.0698391,0.0698391
-96.6213,0.0577448,0.0689893,0.0692187,0.0692187
-96.5986,0.05687,0.0683458,0.0685814,0.0685814
-96.576,0.0559812,0.0676855,0.0679272,0.0679272
-96.5533,0.0550787,0.0670086,0.0672563,0.0672563
-96.5306,0.0541627,0.0663153,0.066569,0.066569
-96.5079,0.0532333,0.0656056,0.0658652,0.0658652
-96.4853,0.0522909,0.0648798,0.0651453,0.0651453
-96.4626,0.0513356,0.0641381,0.0644094,0.0644094
-96.4399,0.0503678,0.0633807,0.0636577,0.0636577
-96.4172,0.0493875,0.0626077,0.0628904,0.0628904
-96.3946,0.0483952,0.0618192,0.0621076,0.0621076
-96.3719,0.0473909,0.0610157,0.0613095,0.0613095
-96.3492,0.046375,0.0601971,0.0604964,0.0604964
-96.3265,0.0453477,0.0593638,0.0596684,0.0596684
-96.3039,0.0443093,0.0585159,0.0588258,0.0588258
-96.2812,0.04326,0.0576536,0.0579688,0.0579688
-96.2585,0.0422,0.0567771,0.0570975,0.0570975
-96.2358,0.0411297,0.0558867,0.0562122,0.0562122
-96.2132,0.0400493,0.0549826,0.0553131,0.0553131
-96.1905,0.0389591,0.054065,0.0544003,0.0544003
-96.1678,0.0378593,0.0531341,0.0534743,0.0534743
-96.1451,0.0367502,0.0521902,0.0525351,0.0525351
-96.1224,0.0356321,0.0512334,0.051583,0.051583
-96.0998,0.0345052,0.0502641,0.0506182,0.0506182
-96.0771,0.0333698,0.0492824,0.049641,0.049641
-96.0544,0.0322263,0.0482886,0.0486516,0.0486516
-96.0317,0.0310748,0.0472829,0.0476503,0.0476503
-96.0091,0.0299157,0.0462657,0.0466373,0.0466373
-95.9864,0.0287492,0.0452371,0.0456128,0.0456128
-95.9637,0.0275757,0.0441974,0.0445771,0.0445771
-95.941,0.0263954,0.0431468,0.0435305,0.0435304
-95.9184,0.0252087,0.0420857,0.0424732,0.0424731
-95.8957,0.0240157,0.0410142,0.0414054,0.0414052
-95.873,0.0228168,0.0399327,0.0403275,0.0403271
-95.8503,0.0216124,0.0388413,0.0392397,0.039239
-95.8277,0.0204026,0.0377405,0.0381422,0.0381412
-95.805,0.0191878,0.0366304,0.0370354,0.0370341
-95.7823,0.0179683,0.0355112,0.0359195,0.0359178
-95.7596,0.0167444,0.0343834,0.0347947,0.0347926
-95.737,0.0155164,0.0332474,0.0336615,0.0336588
-95.7143,0.0142846,0.0321027,0.0325199,0.0325167
-95.6916,0.0130492,0.0309502,0.0313704,0.0313666
-95.6689,0.0118107,0.0297903,0.0302132,0.0302087
-95.6463,0.0105692,0.0286234,0.0290485,0.0290434
-95.6236,0.00932517,0.0274489,0.0278767,0.0278709
-95.6009,0.00807883,0.0262677,0.0266981,0.0266914
-95.5782,0.00683051,0.0250807,0.0255129,0.0255054
-95.5556,0.00558052,0.0238868,0.0243215,0.0243131
-95.5329,0.00432915,0.0226872,0.0231241,0.0231148
-95.5102,0.00307672,0.0214822,0.021921,0.0219107
-95.4875,0.00182353,0.020272,0.0207125,0.0207013
-95.4649,0.000569899,0.0190573,0.0194989,0.0194867
-95.4422,-0.000683876,0.017836,0.0182806,0.0182673
-95.4195,-0.00193748,0.0166123,0.0170578,0.0170433
-95.3968,-0.00319061,0.0153828,0.0158307,0.0158152
-95.3741,-0.00444296,0.0141515,0.0145999,0.0145831
-95.3515,-0.00569422,0.0129155,0.0133654,0.0133474
-95.3288,-0.00694407,0.0116763,0.0121276,0.0121084
-95.3061,-0.00819222,0.0104345,0.0108869,0.0108664
-95.2834,-0.00943836,0.00919032,0.00964345,0.00962167
-95.2608,-0.0106822,0.00794179,0.00839768,0.00837457
-95.2381,-0.0119234,0.00669217,0.00714984,0.00712538
-95.2154,-0.0131616,0.00544278,0.00590025,0.00587442
-95.1927,-0.0143967,0.00419427,0.00464921,0.00462198
-95.1701,-0.0156282,0.00293804,0.00339705,0.00336841
-95.1474,-0.0168558,0.00168436,0.00214404,0.00211397
-95.1247,-0.0180794,0.00043144,0.0008905,0.00085898
-95.102,-0.0192984,-0.000822404,-0.000363233,-0.000396215
-95.0794,-0.0205128,-0.00207896,-0.00161689,-0.00165134
-95.0567,-0.0217221,-0.00333412,-0.00287014,-0.00290609
-95.034,-0.0229261,-0.00458348,-0.00412267,-0.0041601
-95.0113,-0.0241244,-0.0058348,-0.00537419,-0.00541312
-94.9887,-0.0253168,-0.0070844,-0.0066244,-0.00666483
-94.966,-0.026503,-0.00833364,-0.00787296,-0.0079149
-94.9433,-0.0276827,-0.00957812,-0.00911959,-0.00916302
-94.9206,-0.0288556,-0.0108233,-0.010364,-0.0104089
-94.898,-0.0300214,-0.0120655,-0.0116058,-0.0116522
-94.8753,-0.0311798,-0.0133018,-0.0128448,-0.0128927
-94.8526,-0.0323305,-0.0145427,-0.0140806,-0.01413
-94.8299,-0.0334734,-0.0157715,-0.015313,-0.0153638
-94.8073,-0.034608,-0.017,-0.0165416,-0.0165939
-94.7846,-0.0357341,-0.0182236,-0.0177661,-0.0178198
-94.7619,-0.0368514,-0.0194437,-0.0189862,-0.0190414
-94.7392,-0.0379597,-0.0206567,-0.0202017,-0.0202583
-94.7166,-0.0390586,-0.0218671,-0.0214123,-0.0214702
-94.6939,-0.040148,-0.0230751,-0.0226175,-0.0226768
-94.6712,-0.0412275,-0.0242718,-0.0238172,-0.0238778
-94.6485,-0.0422968,-0.0254622,-0.0250111,-0.0250729
-94.6259,-0.0433558,-0.0266527,-0.0261988,-0.0262618
-94.6032,-0.0444041,-0.0278217,-0.02738,-0.0274443
-94.5805,-0.0454416,-0.0290019,-0.0285545,-0.02862
-94.5578,-0.0464678,-0.0301724,-0.029722,-0.0297886
-94.5351,-0.0474827,-0.0313334,-0.0308822,-0.0309498
-94.5125,-0.0484859,-0.0324754,-0.0320349,-0.0321035
-94.4898,-0.0494771,-0.0336244,-0.0331796,-0.0332492
-94.4671,-0.0504563,-0.034759,-0.0343162,-0.0343866
-94.4444,-0.051423,-0.0358827,-0.0354443,-0.0355156
-94.4218,-0.0523771,-0.0369977,-0.0365637,-0.0366358
-94.3991,-0.0533183,-0.0381124,-0.0376742,-0.037747
-94.3764,-0.0542465,-0.039214,-0.0387754,-0.0388489
-94.3537,-0.0551613,-0.0403036,-0.039867,-0.0399411
-94.3311,-0.0560626,-0.0413807,-0.0409489,-0.0410235
-94.3084,-0.0569501,-0.0424507,-0.0420207,-0.0420957
-94.2857,-0.0578236,-0.0435098,-0.0430821,-0.0431575
-94.263,-0.0586829,-0.0445705,-0.044133,-0.0442087
-94.2404,-0.0595278,-0.0455962,-0.045173,-0.0452489
-94.2177,-0.0603581,-0.0466231,-0.046202,-0.0462779
-94.195,-0.0611735,-0.047643,-0.0472196,-0.0472955
-94.1723,-0.0619739,-0.0486569,-0.0482255,-0.0483014
-94.1497,-0.0627591,-0.0496338,-0.0492196,-0.0492954
-94.127,-0.0635289,-0.0506217,-0.0502017,-0.0502771
-94.1043,-0.0642831,-0.0515883,-0.0511713,-0.0512464
-94.0816,-0.0650215,-0.052544,-0.0521284,-0.0522031
-94.059,-0.0657439,-0.0534745,-0.0530727,-0.0531468
-94.0363,-0.0664502,-0.054413,-0.054004,-0.0540774
-94.0136,-0.0671402,-0.0553179,-0.054922,-0.0549946
-93.9909,-0.0678136,-0.056226,-0.0558265,-0.0558982
-93.9683,-0.0684704,-0.0571217,-0.0567172,-0.056788
-93.9456,-0.0691104,-0.0579856,-0.0575941,-0.0576637
-93.9229,-0.0697334,-0.0588444,-0.0584567,-0.0585251
-93.9002,-0.0703393,-0.0596885,-0.059305,-0.0593721
-93.8776,-0.0709279,-0.06051,-0.0601388,-0.0602043
-93.8549,-0.0714991,-0.0613391,-0.0609577,-0.0610217
-93.8322,-0.0720528,-0.0621449,-0.0617617,-0.0618239
-93.8095,-0.0725887,-0.0629264,-0.0625505,-0.0626109
-93.7868,-0.0731068,-0.0636931,-0.0633239,-0.0633823
-93.7642,-0.0736069,-0.0644599,-0.0640818,-0.0641381
-93.7415,-0.074089,-0.0651907,-0.0648239,-0.064878
-93.7188,-0.0745529,-0.0659173,-0.0655501,-0.0656018
-93.6961,-0.0749984,-0.0666322,-0.0662602,-0.0663094
-93.6735,-0.0754256,-0.0672971,-0.066954,-0.0670006
-93.6508,-0.0758342,-0.0679811,-0.0676314,-0.0676752
-93.6281,-0.0762242,-0.0686333,-0.0682921,-0.068333
-93.6054,-0.0765954,-0.0692792,-0.068936,-0.0689739
-93.5828,-0.0769479,-0.0699165,-0.069563,-0.0695977
-93.5601,-0.0772814,-0.070521,-0.070173,-0.0702044
-93.5374,-0.077596,-0.07111,-0.0707656,-0.0707936
-93.5147,-0.0778915,-0.0716745,-0.0713409,-0.0713653
-93.4921,-0.0781679,-0.0722445,-0.0718987,-0.0719193
-93.4694,-0.0784251,-0.072768,-0.0724388,-0.0724556
-93.4467,-0.078663,-0.0732837,-0.0729611,-0.0729739
-93.424,-0.0788816,-0.0737831,-0.0734654,-0.0734741
-93.4014,-0.0790808,-0.0742789,-0.0739518,-0.0739561
-93.3787,-0.0792606,-0.0747397,-0.0744199,-0.0744199
-93.356,-0.0794209,-0.075177,-0.0748698,-0.0748652
-93.3333,-0.0795618,-0.0755936,-0.0753012,-0.075292
-93.3107,-0.079683,-0.076016,-0.0757142,-0.0757001
-93.288,-0.0797847,-0.0763793,-0.0761086,-0.0760895
-93.2653,-0.0798669,-0.0767738,-0.0764842,-0.0764601
-93.2426,-0.0799294,-0.0771296,-0.0768411,-0.0768118
-93.22,-0.0799722,-0.0774753,-0.0771791,-0.0771444
-93.1973,-0.0799954,-0.0777866,-0.0774981,-0.0774579
-93.1746,-0.079999,-0.0780757,-0.0777981,-0.0777523
-93.1519,-0.0799829,-0.0783695,-0.078079,-0.0780274
-93.1293,-0.0799472,-0.0786332,-0.0783407,-0.0782833
-93.1066,-0.0798918,-0.0788487,-0.0785832,-0.0785197
-93.0839,-0.0798169,-0.0790525,-0.0788063,-0.0787368
-93.0612,-0.0797223,-0.0792563,-0.0790101,-0.0789343
-93.0385,-0.0796081,-0.0794654,-0.0791945,-0.0791123
-93.0159,-0.0794744,-0.0795896,-0.0793595,-0.0792708
-92.9932,-0.0793212,-0.0797463,-0.0795049,-0.0794096
-92.9705,-0.0791484,-0.0798549,-0.0796308,-0.0795287
-92.9478,-0.0789563,-0.0799721,-0.0797371,-0.0796282
-92.9252,-0.0787447,-0.0800407,-0.0798239,-0.079708
-92.9025,-0.0785138,-0.0801046,-0.079891,-0.0797681
-92.8798,-0.0782636,-0.0801561,-0.0799386,-0.0798085
-92.8571,-0.0779942,-0.0801659,-0.0799665,-0.0798291
-92.8345,-0.0777057,-0.0801756,-0.0799748,-0.0798299
-92.8118,-0.077398,-0.0801475,-0.0799634,-0.079811
-92.7891,-0.0770714,-0.0801355,-0.0799324,-0.0797724
-92.7664,-0.0767258,-0.0800846,-0.0798817,-0.0797141
-92.7438,-0.0763614,-0.0799534,-0.0798115,-0.079636
-92.7211,-0.0759782,-0.0799163,-0.0797216,-0.0795383
-92.6984,-0.0755763,-0.0797656,-0.0796121,-0.0794208
-92.6757,-0.0751559,-0.0796584,-0.0794831,-0.0792838
-92.6531,-0.074717,-0.079482,-0.0793346,-0.0791271
-92.6304,-0.0742598,-0.079314,-0.0791666,-0.0789508
-92.6077,-0.0737843,-0.0791229,-0.0789792,-0.0787551
-92.585,-0.0732908,-0.0788936,-0.0787724,-0.0785399
-92.5624,-0.0727792,-0.0786851,-0.0785462,-0.0783052
-92.5397,-0.0722497,-0.0784463,-0.0783007,-0.0780512
-92.517,-0.0717025,-0.0781783,-0.0780361,-0.0777779
-92.4943,-0.0711377,-0.0778879,-0.0777522,-0.0774853
-92.4717,-0.0705554,-0.0775705,-0.0774493,-0.0771736
-92.449,-0.0699558,-0.0772418,-0.0771274,-0.0768428
-92.4263,-0.069339,-0.076898,-0.0767865,-0.076493
-92.4036,-0.0687051,-0.0765125,-0.0764268,-0.0761243
-92.381,-0.0680544,-0.0761195,-0.0760483,-0.0757368
-92.3583,-0.067387,-0.0757394,-0.0756512,-0.0753306
-92.3356,-0.066703,-0.0753089,-0.0752354,-0.0749057
-92.3129,-0.0660026,-0.0748846,-0.0748013,-0.0744624
-92.2902,-0.0652861,-0.0744012,-0.0743487,-0.0740006
-92.2676,-0.0645535,-0.0739469,-0.073878,-0.0735205
-92.2449,-0.063805,-0.0734938,-0.073389,-0.0730222
-92.2222,-0.0630409,-0.0729121,-0.0728821,-0.0725059
-92.1995,-0.0622612,-0.072419,-0.0723573,-0.0719716
-92.1769,-0.0614663,-0.0718799,-0.0718147,-0.0714196
-92.1542,-0.0606563,-0.0713272,-0.0712545,-0.0708498
-92.1315,-0.0598314,-0.0707135,-0.0706769,-0.0702626
-92.1088,-0.0589918,-0.0701236,-0.0700819,-0.069658
-92.0862,-0.0581377,-0.069521,-0.0694697,-0.0690361
-92.0635,-0.0572693,-0.0688606,-0.0688404,-0.0683972
-92.0408,-0.0563869,-0.0681964,-0.0681943,-0.0677414
-92.0181,-0.0554906,-0.0675401,-0.0675315,-0.0670688
-91.9955,-0.0545807,-0.0668459,-0.0668521,-0.0663796
-91.9728,-0.0536574,-0.0661415,-0.0661562,-0.065674
-91.9501,-0.0527209,-0.0654676,-0.0654442,-0.0649521
-91.9274,-0.0517714,-0.0646709,-0.0647162,-0.0642142
-91.9048,-0.0508093,-0.063958,-0.0639722,-0.0634603
-91.8821,-0.0498346,-0.0632008,-0.0632126,-0.0626908
-91.8594,-0.0488477,-0.0623776,-0.0624374,-0.0619057
-91.8367,-0.0478488,-0.0615857,-0.061647,-0.0611053
-91.8141,-0.0468382,-0.0607977,-0.0608415,-0.0602898
-91.7914,-0.0458161,-0.0599494,-0.060021,-0.0594593
-91.7687,-0.0447827,-0.0591328,-0.0591858,-0.0586141
-91.746,-0.0437383,-0.058249,-0.0583362,-0.0577544
-91.7234,-0.0426831,-0.0573313,-0.0574722,-0.0568804
-91.7007,-0.0416175,-0.0564925,-0.0565941,-0.0559923
-91.678,-0.0405417,-0.0556299,-0.0557022,-0.0550903
-91.6553,-0.0394559,-0.0546646,-0.0547967,-0.0541746
-91.6327,-0.0383604,-0.0537677,-0.0538777,-0.0532455
-91.61,-0.0372555,-0.0528417,-0.0529455,-0.0523032
-91.5873,-0.0361414,-0.0519028,-0.0520003,-0.0513479
-91.5646,-0.0350185,-0.0509044,-0.0510425,-0.0503799
-91.542,-0.0338869,-0.0499879,-0.0500721,-0.0493994
-91.5193,-0.0327471,-0.0489436,-0.0490894,-0.0484066
-91.4966,-0.0315991,-0.0479515,-0.0480948,-0.0474018
-91.4739,-0.0304435,-0.0469362,-0.0470884,-0.0463852
-91.4512,-0.0292803,-0.0458787,-0.0460704,-0.045357
-91.4286,-0.02811,-0.0448972,-0.0450412,-0.0443176
-91.4059,-0.0269327,-0.0438226,-0.044001,-0.0432672
-91.3832,-0.0257489,-0.0427154,-0.04295,-0.042206
-91.3605,-0.0245587,-0.0417032,-0.0418885,-0.0411343
-91.3379,-0.0233625,-0.0405425,-0.0408168,-0.0400524
-91.3152,-0.0221605,-0.0395524,-0.0397351,-0.0389604
-91.2925,-0.0209531,-0.038394,-0.0386437,-0.0378588
-91.2698,-0.0197406,-0.0372616,-0.0375428,-0.0367477
-91.2472,-0.0185232,-0.0361709,-0.0364328,-0.0356275
-91.2245,-0.0173013,-0.0351134,-0.0353139,-0.0344984
-91.2018,-0.0160751,-0.033818,-0.0341863,-0.0333606
-91.1791,-0.0148449,-0.0327825,-0.0330504,-0.0322145
-91.1565,-0.0136111,-0.0315236,-0.0319064,-0.0310604
-91.1338,-0.012374,-0.0303704,-0.0307547,-0.0298985
-91.1111,-0.0111338,-0.0292969,-0.0295954,-0.0287291
-91.0884,-0.00989095,-0.0281338,-0.028429,-0.0275525
-91.0658,-0.00864561,-0.0269282,-0.0272556,-0.026369
-91.0431,-0.00739816,-0.0257418,-0.0260756,-0.0251789
-91.0204,-0.00614889,-0.0245092,-0.0248892,-0.0239825
-90.9977,-0.0048981,-0.0232652,-0.0236968,-0.02278
-90.9751,-0.00364612,-0.0220432,-0.0224986,-0.0215718
-90.9524,-0.00239324,-0.0208848,-0.021295,-0.0203582
-90.9297,-0.00113977,-0.0196273,-0.0200862,-0.0191394
-90.907,0.000113981,-0.0184418,-0.0188725,-0.0179158
-90.8844,0.0013677,-0.0171907,-0.0176542,-0.0166876
-90.8617,0.00262109,-0.0159644,-0.0164316,-0.0154552
-90.839,0.00387383,-0.0147458,-0.0152051,-0.0142189
-90.8163,0.00512562,-0.0134766,-0.0139749,-0.012979
-90.7937,0.00637615,-0.012145,-0.0127414,-0.0117357
-90.771,0.00762511,-0.0109868,-0.0115047,-0.0104895
-90.7483,0.00887221,-0.00971241,-0.0102654,-0.00924052
-90.7256,0.0101171,-0.00843426,-0.00902351,-0.00798917
-90.7029,0.0113595,-0.00719079,-0.00777951,-0.00673573
-90.6803,0.0125992,-0.00593475,-0.00653367,-0.00548053
-90.6576,0.0138357,-0.00470231,-0.00528628,-0.00422386
-90.6349,0.0150689,-0.00342528,-0.00403767,-0.00296605
-90.6122,0.0162983,-0.0020928,-0.00278813,-0.0017074
-90.5896,0.0175238,-0.000926259,-0.00153796,-0.00044821
-90.5669,0.0187449,0.000408126,-0.000287487,0.000811179
-90.5442,0.0199614,0.00161825,0.000963,0.00207048
-90.5215,0.0211731,0.0028678,0.00221318,0.00332936
-90.4989,0.0223795,0.0041624,0.00346274,0.00458751
-90.4762,0.0235804,0.0054082,0.00471138,0.00584461
-90.4535,0.0247756,0.00672926,0.00595881,0.00710038
-90.4308,0.0259646,0.00803084,0.00720472,0.00835449
-90.4082,0.0271473,0.00924697,0.00844878,0.00960661
-90.3855,0.0283233,0.0104178,0.00969069,0.0108564
-90.3628,0.0294924,0.0116353,0.0109302,0.0121037
-90.3401,0.0306542,0.0130526,0.0121669,0.013348
-90.3175,0.0318084,0.0142784,0.0134006,0.0145891
-90.2948,0.0329549,0.0154428,0.0146309,0.0158267
-90.2721,0.0340933,0.0167512,0.0158575,0.0170604
-90.2494,0.0352233,0.0180676,0.0170802,0.01829
-90.2268,0.0363446,0.0191607,0.0182986,0.0195151
-90.2041,0.037457,0.0204176,0.0195125,0.0207355
-90.1814,0.0385603,0.0217055,0.0207215,0.0219508
-90.1587,0.039654,0.022933,0.0219254,0.0231607
-90.1361,0.040738,0.024106,0.0231238,0.0243649
-90.1134,0.041812,0.0253707,0.0243165,0.0255632
-90.0907,0.0428758,0.0264634,0.0255031,0.0267552
-90.068,0.043929,0.0277598,0.0266834,0.0279406
-90.0454,0.0449714,0.0289287,0.0278571,0.0291191
-90.0227,0.0460028,0.0301337,0.0290239,0.0302905
-90,0.0470228,0.0312124,0.0301835,0.0314544
-89.9773,0.0480313,0.0324847,0.0313357,0.0326106
-89.9546,0.0490281,0.0335286,0.03248,0.0337587
-89.932,0.0500127,0.0347622,0.0336164,0.0348984
-89.9093,0.0509851,0.0358738,0.0347444,0.0360296
-89.8866,0.051945,0.0370809,0.0358638,0.0371518
-89.8639,0.0528921,0.0382438,0.0369744,0.0382649
-89.8413,0.0538262,0.0392744,0.0380758,0.0393685
-89.8186,0.0547471,0.0403317,0.0391679,0.0404624
-89.7959,0.0556546,0.0414915,0.0402502,0.0415462
-89.7732,0.0565484,0.0426332,0.0413226,0.0426197
-89.7506,0.0574283,0.0437234,0.0423848,0.0436827
-89.7279,0.0582941,0.0447864,0.0434366,0.0447349
-89.7052,0.0591456,0.0457952,0.0444776,0.0457759
-89.6825,0.0599825,0.0468509,0.0455077,0.0468056
-89.6599,0.0608047,0.0479127,0.0465266,0.0478237
-89.6372,0.061612,0.0488328,0.047534,0.0488299
-89.6145,0.0624041,0.0500166,0.0485296,0.049824
-89.5918,0.063181,0.0509263,0.0495133,0.0508057
-89.5692,0.0639423,0.0519035,0.0504848,0.0517748
-89.5465,0.0646878,0.0529255,0.0514439,0.0527311
-89.5238,0.0654176,0.0538417,0.0523902,0.0536742
-89.5011,0.0661312,0.0548197,0.0533237,0.054604
-89.4785,0.0668286,0.0557573,0.0542441,0.0555202
-89.4558,0.0675096,0.0567376,0.0551511,0.0564226
-89.4331,0.068174,0.0575529,0.0560445,0.0573109
-89.4104,0.0688216,0.0584774,0.0569241,0.058185
-89.3878,0.0694524,0.0593041,0.0577898,0.0590447
-89.3651,0.0700661,0.0601526,0.0586411,0.0598896
-89.3424,0.0706625,0.0611478,0.0594781,0.0607196
-89.3197,0.0712417,0.0619698,0.0603005,0.0615345
-89.2971,0.0718033,0.0628282,0.061108,0.0623341
-89.2744,0.0723473,0.0635622,0.0619005,0.0631182
-89.2517,0.0728735,0.0643728,0.0626777,0.0638866
-89.229,0.0733818,0.0650429,0.0634396,0.064639
-89.2063,0.0738721,0.0658734,0.0641859,0.0653754
-89.1837,0.0743443,0.0668454,0.0649164,0.0660954
-89.161,0.0747982,0.0673523,0.0656309,0.0667991
-89.1383,0.0752337,0.0680464,0.0663293,0.067486
-89.1156,0.0756508,0.0688688,0.0670115,0.0681562
-89.093,0.0760492,0.0695398,0.0676771,0.0688094
-89.0703,0.076429,0.0702304,0.0683262,0.0694455
-89.0476,0.07679,0.070758,0.0689585,0.0700642
-89.0249,0.0771322,0.0714855,0.0695738,0.0706655
-89.0023,0.0774554,0.072079,0.0701721,0.0712493
-88.9796,0.0777596,0.0725721,0.0707531,0.0718152
-88.9569,0.0780446,0.0731632,0.0713168,0.0723633
-88.9342,0.0783106,0.0737248,0.071863,0.0728934
-88.9116,0.0785572,0.0743121,0.0723915,0.0734053
-88.8889,0.0787846,0.074865,0.0729023,0.073899
-88.8662,0.0789927,0.0752872,0.0733952,0.0743742
-88.8435,0.0791813,0.075833,0.0738702,0.0748309
-88.8209,0.0793505,0.0762787,0.074327,0.075269
-88.7982,0.0795002,0.0768091,0.0747656,0.0756884
-88.7755,0.0796303,0.0771883,0.0751858,0.0760889
-88.7528,0.0797409,0.0775612,0.0755877,0.0764705
-88.7302,0.079832,0.0781175,0.075971,0.076833
-88.7075,0.0799034,0.0785086,0.0763357,0.0771765
-88.6848,0.0799552,0.0785268,0.0766817,0.0775007
-88.6621,0.0799873,0.0790052,0.0770089,0.0778057
-88.6395,0.0799998,0.0794656,0.0773172,0.0780913
-88.6168,0.0799927,0.0796744,0.0776067,0.0783575
-88.5941,0.0799659,0.0800005,0.0778771,0.0786042
-88.5714,0.0799194,0.0802118,0.0781285,0.0788314
-88.5488,0.0798534,0.0805129,0.0783607,0.0790389
-88.5261,0.0797677,0.0808133,0.0785738,0.0792269
-88.5034,0.0796624,0.0808204,0.0787676,0.0793951
-88.4807,0.0795376,0.0813028,0.0789422,0.0795436
-88.458,0.0793932,0.0812891,0.0790974,0.0796724
-88.4354,0.0792294,0.0815685,0.0792334,0.0797813
-88.4127,0.079046,0.0815559,0.0793499,0.0798705
-88.39,0.0788433,0.0815741,0.079447,0.0799398
-88.3673,0.0786212,0.0816019,0.0795248,0.0799893
-88.3447,0.0783797,0.0817486,0.0795831,0.0800189
-88.322,0.0781191,0.0817909,0.0796219,0.0800287
-88.2993,0.0778392,0.0817312,0.0796413,0.0800187
-88.2766,0.0775402,0.081589,0.0796412,0.0799887
-88.254,0.0772222,0.0817375,0.0796218,0.079939
-88.2313,0.0768852,0.0817339,0.0795828,0.0798694
-88.2086,0.0765293,0.0816654,0.0795244,0.07978
-88.1859,0.0761547,0.0815362,0.0794466,0.0796708
-88.1633,0.0757613,0.0816312,0.0793494,0.0795419
-88.1406,0.0753493,0.0813886,0.0792329,0.0793933
-88.1179,0.0749188,0.0811561,0.079097,0.079225
-88.0952,0.0744699,0.0808952,0.0789419,0.0790371
-88.0726,0.0740027,0.0809636,0.0787675,0.0788296
-88.0499,0.0735174,0.0807774,0.0785738,0.0786026
-88.0272,0.0730139,0.0805003,0.0783611,0.0783562
-88.0045,0.0724926,0.0802041,0.0781292,0.0780903
-87.9819,0.0719534,0.0799981,0.0778783,0.0778051
-87.9592,0.0713966,0.079802,0.0776084,0.0775007
-87.9365,0.0708222,0.0793557,0.0773197,0.0771771
-87.9138,0.0702305,0.0790507,0.077012,0.0768344
-87.8912,0.0696214,0.079001,0.0766857,0.0764726
-87.8685,0.0689953,0.0786084,0.0763407,0.076092
-87.8458,0.0683523,0.0781393,0.0759771,0.0756926
-87.8231,0.0676924,0.0777658,0.075595,0.0752745
-87.8005,0.0670159,0.0772786,0.0751945,0.0748377
-87.7778,0.066323,0.0770756,0.0747758,0.0743824
-87.7551,0.0656138,0.0765306,0.0743388,0.0739088
-87.7324,0.0648884,0.0759019,0.0738839,0.0734169
-87.7098,0.0641472,0.0754581,0.0734109,0.0729068
-87.6871,0.0633901,0.0749943,0.0729201,0.0723787
-87.6644,0.0626175,0.0745319,0.0724116,0.0718328
-87.6417,0.0618295,0.0740514,0.0718855,0.0712691
-87.619,0.0610264,0.0734785,0.071342,0.0706878
-87.5964,0.0602082,0.072971,0.0707812,0.070089
-87.5737,0.0593753,0.0722957,0.0702032,0.0694729
-87.551,0.0585277,0.071566,0.0696081,0.0688396
-87.5283,0.0576658,0.0709677,0.0689962,0.0681894
-87.5057,0.0567897,0.0706173,0.0683675,0.0675222
-87.483,0.0558997,0.0699137,0.0677223,0.0668384
-87.4603,0.054996,0.0692581,0.0670607,0.0661381
-87.4376,0.0540787,0.0685774,0.0663829,0.0654214
-87.415,0.0531482,0.0675539,0.065689,0.0646886
-87.3923,0.0522046,0.0671497,0.0649792,0.0639398
-87.3696,0.0512482,0.0662555,0.0642536,0.0631751
-87.3469,0.0502792,0.0655003,0.0635126,0.0623949
-87.3243,0.0492978,0.0647374,0.0627561,0.0615992
-87.3016,0.0483044,0.0639452,0.0619846,0.0607883
-87.2789,0.047299,0.0630918,0.061198,0.0599623
-87.2562,0.0462821,0.0624129,0.0603967,0.0591215
-87.2336,0.0452538,0.0614565,0.0595808,0.0582661
-87.2109,0.0442143,0.0608166,0.0587505,0.0573962
-87.1882,0.0431641,0.0599265,0.057906,0.0565121
-87.1655,0.0421032,0.0592564,0.0570476,0.0556141
-87.1429,0.0410319,0.0579612,0.0561755,0.0547022
-87.1202,0.0399506,0.0573469,0.0552898,0.0537767
-87.0975,0.0388595,0.0564171,0.0543908,0.052838
-87.0748,0.0377588,0.0553306,0.0534787,0.0518861
-87.0522,0.0366489,0.0545336,0.0525538,0.0509214
-87.0295,0.03553,0.0535428,0.0516163,0.0499439
-87.0068,0.0344023,0.052501,0.0506663,0.0489541
-86.9841,0.0332662,0.0516662,0.0497042,0.0479521
-86.9615,0.0321219,0.0503686,0.0487302,0.0469382
-86.9388,0.0309697,0.0495618,0.0477445,0.0459126
-86.9161,0.0298099,0.048685,0.0467473,0.0448755
-86.8934,0.0286428,0.0476233,0.045739,0.0438272
-86.8707,0.0274687,0.0463865,0.0447197,0.042768
-86.8481,0.0262878,0.0456064,0.0436897,0.0416982
-86.8254,0.0251005,0.0443225,0.0426493,0.0406178
-86.8027,0.0239069,0.0433303,0.0415987,0.0395273
-86.78,0.0227076,0.0422272,0.0405382,0.038427
-86.7574,0.0215026,0.0410641,0.0394681,0.0373169
-86.7347,0.0202924,0.0399536,0.0383885,0.0361975
-86.712,0.0190771,0.0386727,0.0372998,0.035069
-86.6893,0.0178572,0.0375507,0.0362023,0.0339317
-86.6667,0.0166329,0.0365926,0.0350962,0.0327858
-86.644,0.0154046,0.0352833,0.0339817,0.0316316
-86.6213,0.0141724,0.0345037,0.0328592,0.0304694
-86.5986,0.0129367,0.0328952,0.031729,0.0292995
-86.576,0.0116979,0.0318209,0.0305913,0.0281221
-86.5533,0.0104562,0.0308348,0.0294463,0.0269376
-86.5306,0.00921196,0.0298368,0.0282945,0.0257462
-86.5079,0.00796543,0.0283362,0.027136,0.0245482
-86.4853,0.00671694,0.0271003,0.0259712,0.0233439
-86.4626,0.00546681,0.0262482,0.0248002,0.0221336
-86.4399,0.00421533,0.0248684,0.0236235,0.0209176
-86.4172,0.00296282,0.0234774,0.0224414,0.0196961
-86.3946,0.00170958,0.0224657,0.021254,0.0184695
-86.3719,0.00045592,0.0211337,0.0200617,0.0172381
-86.3492,-0.000797852,0.0200421,0.0188647,0.0160021
-86.3265,-0.00205143,0.0188488,0.0176635,0.014762
-86.3039,-0.0033045,0.0177458,0.0164582,0.0135178
-86.2812,-0.00455676,0.0161559,0.0152492,0.0122701
-86.2585,-0.0058079,0.0150228,0.0140367,0.011019
-86.2358,-0.00705762,0.0137343,0.0128212,0.00976485
-86.2132,-0.0083056,0.0122733,0.0116027,0.008508
-86.1905,-0.00955154,0.0111486,0.0103817,0.00724873
-86.1678,-0.0107951,0.0100557,0.00915852,0.00598735
-86.1451,-0.0120361,0.00862317,0.00793335,0.00472415
-86.1224,-0.0132741,0.00713245,0.00670655,0.00345947
-86.0998,-0.0145088,0.00595936,0.00547837,0.00219357
-86.0771,-0.01574,0.004995,0.00424916,0.000926803
-86.0544,-0.0169673,0.00354491,0.0030192,-0.000340537
-86.0317,-0.0181904,0.00232163,0.0017888,-0.00160814
-86.0091,-0.019409,0.000852296,0.000558246,-0.0028757
-85.9864,-0.0206229,-0.000372883,-0.000672154,-0.0041429
-85.9637,-0.0218318,-0.00133538,-0.0019021,-0.00540944
-85.941,-0.0230352,-0.00264256,-0.00313129,-0.006675
-85.9184,-0.024233,-0.0042286,-0.00435942,-0.00793926
-85.8957,-0.0254249,-0.00531691,-0.0055862,-0.00920193
-85.873,-0.0266105,-0.00655456,-0.00681133,-0.0104627
-85.8503,-0.0277896,-0.00787049,-0.0080345,-0.0117212
-85.8277,-0.0289618,-0.00904411,-0.00925545,-0.0129772
-85.805,-0.030127,-0.0103674,-0.0104738,-0.0142304
-85.7823,-0.0312847,-0.0113754,-0.0116894,-0.0154804
-85.7596,-0.0324348,-0.0127019,-0.0129018,-0.0167269
-85.737,-0.0335769,-0.0143025,-0.0141107,-0.0179697
-85.7143,-0.0347107,-0.0152577,-0.015316,-0.0192084
-85.6916,-0.035836,-0.0167061,-0.0165172,-0.0204427
-85.6689,-0.0369525,-0.0180583,-0.0177142,-0.0216723
-85.6463,-0.03806,-0.0192186,-0.0189065,-0.0228969
-85.6236,-0.039158,-0.0204078,-0.0200939,-0.0241162
-85.6009,-0.0402465,-0.0216288,-0.0212762,-0.0253299
-85.5782,-0.0413251,-0.0228292,-0.022453,-0.0265377
-85.5556,-0.0423935,-0.0244046,-0.023624,-0.0277392
-85.5329,-0.0434516,-0.0251621,-0.024789,-0.0289343
-85.5102,-0.0444989,-0.0265744,-0.0259477,-0.0301225
-85.4875,-0.0455353,-0.0274974,-0.0270998,-0.0313036
-85.4649,-0.0465606,-0.0290403,-0.0282451,-0.0324773
-85.4422,-0.0475744,-0.0300746,-0.0293832,-0.0336433
-85.4195,-0.0485765,-0.0312904,-0.0305138,-0.0348013
-85.3968,-0.0495667,-0.0326336,-0.0316368,-0.035951
-85.3741,-0.0505447,-0.0336886,-0.0327518,-0.0370921
-85.3515,-0.0515103,-0.0348065,-0.0338585,-0.0382243
-85.3288,-0.0524632,-0.0357116,-0.0349568,-0.0393473
-85.3061,-0.0534033,-0.036916,-0.0360463,-0.040461
-85.2834,-0.0543302,-0.0385161,-0.0371268,-0.0415649
-85.2608,-0.0552438,-0.0390435,-0.0381979,-0.0426587
-85.2381,-0.0561438,-0.0401038,-0.0392596,-0.0437423
-85.2154,-0.0570301,-0.0419554,-0.0403114,-0.0448153
-85.1927,-0.0579023,-0.0427943,-0.0413531,-0.0458775
-85.1701,-0.0587603,-0.0434785,-0.0423846,-0.0469286
-85.1474,-0.0596039,-0.0449052,-0.0434055,-0.0479683
-85.1247,-0.0604328,-0.045878,-0.0444156,-0.0489964
-85.102,-0.0612469,-0.046924,-0.0454147,-0.0500125
-85.0794,-0.062046,-0.0479846,-0.0464025,-0.0510165
-85.0567,-0.0628298,-0.048811,-0.0473788,-0.052008
-85.034,-0.0635981,-0.0502126,-0.0483433,-0.0529869
-85.0113,-0.0643509,-0.0508636,-0.0492959,-0.0539528
-84.9887,-0.0650878,-0.0523023,-0.0502362,-0.0549056
-84.966,-0.0658088,-0.0529195,-0.0511642,-0.0558449
-84.9433,-0.0665136,-0.0534342,-0.0520794,-0.0567706
-84.9206,-0.0672021,-0.0550728,-0.0529818,-0.0576824
-84.898,-0.067874,-0.0557752,-0.0538711,-0.05858
-84.8753,-0.0685293,-0.0565028,-0.0547472,-0.0594632
-84.8526,-0.0691678,-0.0576817,-0.0556097,-0.0603319
-84.8299,-0.0697892,-0.0586384,-0.0564585,-0.0611857
-84.8073,-0.0703936,-0.0593087,-0.0572934,-0.0620245
-84.7846,-0.0709806,-0.0604454,-0.0581142,-0.062848
-84.7619,-0.0715502,-0.0612647,-0.0589207,-0.063656
-84.7392,-0.0721022,-0.0618787,-0.0597127,-0.0644483
-84.7166,-0.0726365,-0.0625945,-0.0604901,-0.0652247
-84.6939,-0.073153,-0.0635982,-0.0612526,-0.0659851
-84.6712,-0.0736515,-0.0647943,-0.062,-0.0667292
-84.6485,-0.0741319,-0.0651669,-0.0627322,-0.0674567
-84.6259,-0.0745941,-0.0659961,-0.063449,-0.0681676
-84.6032,-0.075038,-0.0669565,-0.0641503,-0.0688617
-84.5805,-0.0754635,-0.0677491,-0.0648359,-0.0695387
-84.5578,-0.0758704,-0.0681282,-0.0655055,-0.0701984
-84.5351,-0.0762587,-0.0689934,-0.0661592,-0.0708408
-84.5125,-0.0766283,-0.0701326,-0.0667966,-0.0714657
-84.4898,-0.076979,-0.0700538,-0.0674177,-0.0720728
-84.4671,-0.0773108,-0.0711498,-0.0680224,-0.072662
-84.4444,-0.0776237,-0.071711,-0.0686104,-0.0732333
-84.4218,-0.0779174,-0.0722629,-0.0691817,-0.0737863
-84.3991,-0.0781921,-0.0728694,-0.069736,-0.074321
-84.3764,-0.0784475,-0.0733388,-0.0702734,-0.0748373
-84.3537,-0.0786837,-0.073705,-0.0707936,-0.075335
-84.3311,-0.0789005,-0.0744336,-0.0712965,-0.075814
-84.3084,-0.0790979,-0.075054,-0.0717821,-0.0762741
-84.2857,-0.079276,-0.0752048,-0.0722502,-0.0767153
-84.263,-0.0794345,-0.0758198,-0.0727007,-0.0771373
-84.2404,-0.0795736,-0.0763054,-0.0731335,-0.0775402
-84.2177,-0.0796931,-0.0764839,-0.0735485,-0.0779238
-84.195,-0.079793,-0.0774393,-0.0739457,-0.0782881
-84.1723,-0.0798733,-0.0769231,-0.0743248,-0.0786328
-84.1497,-0.0799341,-0.0780842,-0.0746859,-0.078958
-84.127,-0.0799751,-0.0785211,-0.0750289,-0.0792635
-84.1043,-0.0799966,-0.0785551,-0.0753537,-0.0795493
-84.0816,-0.0799984,-0.0794942,-0.0756602,-0.0798153
-84.059,-0.0799805,-0.0799294,-0.0759483,-0.0800614
-84.0363,-0.079943,-0.0792826,-0.076218,-0.0802876
-84.0136,-0.0798858,-0.0800641,-0.0764693,-0.0804938
-83.9909,-0.0798091,-0.0802751,-0.076702,-0.0806799
-83.9683,-0.0797127,-0.0801636,-0.0769162,-0.080846
-83.9456,-0.0795968,-0.0807781,-0.0771117,-0.0809919
-83.9229,-0.0794613,-0.0809169,-0.0772886,-0.0811177
-83.9002,-0.0793063,-0.0806616,-0.0774469,-0.0812232
-83.8776,-0.0791318,-0.0812602,-0.0775864,-0.0813086
-83.8549,-0.0789378,-0.081012,-0.0777071,-0.0813738
-83.8322,-0.0787245,-0.0816195,-0.0778091,-0.0814186
-83.8095,-0.0784919,-0.0814471,-0.0778924,-0.0814432
-83.7868,-0.0782399,-0.0814844,-0.0779568,-0.0814476
-83.7642,-0.0779688,-0.0814422,-0.0780025,-0.0814317
-83.7415,-0.0776785,-0.0816563,-0.0780293,-0.0813955
-83.7188,-0.0773691,-0.081369,-0.0780373,-0.0813391
-83.6961,-0.0770407,-0.0815248,-0.0780266,-0.0812625
-83.6735,-0.0766934,-0.0815153,-0.0779971,-0.0811657
-83.6508,-0.0763273,-0.080952,-0.0779488,-0.0810487
-83.6281,-0.0759424,-0.0810617,-0.0778817,-0.0809115
-83.6054,-0.0755389,-0.0814034,-0.077796,-0.0807543
-83.5828,-0.0751168,-0.0806202,-0.0776916,-0.080577
-83.5601,-0.0746762,-0.080891,-0.0775685,-0.0803798
-83.5374,-0.0742173,-0.0812772,-0.0774268,-0.0801625
-83.5147,-0.0737402,-0.0805609,-0.0772666,-0.0799254
-83.4921,-0.073245,-0.0802953,-0.0770878,-0.0796684
-83.4694,-0.0727318,-0.0805411,-0.0768905,-0.0793917
-83.4467,-0.0722007,-0.0796814,-0.0766748,-0.0790953
-83.424,-0.0716519,-0.0797065,-0.0764408,-0.0787793
-83.4014,-0.0710855,-0.0793646,-0.0761885,-0.0784438
-83.3787,-0.0705016,-0.0793338,-0.075918,-0.0780889
-83.356,-0.0699004,-0.0789801,-0.0756293,-0.0777146
-83.3333,-0.069282,-0.0780436,-0.0753226,-0.0773211
-83.3107,-0.0686467,-0.0779448,-0.0749979,-0.0769085
-83.288,-0.0679944,-0.0778361,-0.0746552,-0.0764768
-83.2653,-0.0673255,-0.0771555,-0.0742948,-0.0760262
-83.2426,-0.06664,-0.0770495,-0.0739167,-0.0755569
-83.22,-0.0659382,-0.0761213,-0.073521,-0.0750689
-83.1973,-0.0652201,-0.0761323,-0.0731078,-0.0745623
-83.1746,-0.0644861,-0.0757746,-0.0726772,-0.0740373
-83.1519,-0.0637362,-0.0748766,-0.0722293,-0.0734941
-83.1293,-0.0629706,-0.0750192,-0.0717642,-0.0729328
-83.1066,-0.0621896,-0.07417,-0.0712821,-0.0723534
-83.0839,-0.0613933,-0.0737339,-0.0707831,-0.0717563
-83.0612,-0.0605819,-0.0731839,-0.0702673,-0.0711414
-83.0385,-0.0597557,-0.0720756,-0.0697349,-0.070509
-83.0159,-0.0589148,-0.0717726,-0.0691859,-0.0698593
-82.9932,-0.0580594,-0.0712291,-0.0686206,-0.0691923
-82.9705,-0.0571897,-0.0709116,-0.068039,-0.0685084
-82.9478,-0.056306,-0.069942,-0.0674414,-0.0678076
-82.9252,-0.0554085,-0.0693439,-0.0668278,-0.0670901
-82.9025,-0.0544973,-0.0688562,-0.0661984,-0.0663562
-82.8798,-0.0535728,-0.0678357,-0.0655535,-0.0656059
-82.8571,-0.0526351,-0.0669331,-0.0648931,-0.0648395
-82.8345,-0.0516845,-0.0669031,-0.0642174,-0.0640572
-82.8118,-0.0507212,-0.0660698,-0.0635266,-0.0632592
-82.7891,-0.0497454,-0.0652415,-0.0628208,-0.0624456
-82.7664,-0.0487574,-0.0642222,-0.0621004,-0.0616168
-82.7438,-0.0477574,-0.0635107,-0.0613653,-0.0607728
-82.7211,-0.0467458,-0.0625982,-0.0606158,-0.0599139
-82.6984,-0.0457226,-0.0620709,-0.0598522,-0.0590404
-82.6757,-0.0446882,-0.0606541,-0.0590746,-0.0581523
-82.6531,-0.0436428,-0.0602329,-0.0582831,-0.05725
-82.6304,-0.0425867,-0.0586858,-0.057478,-0.0563337
-82.6077,-0.0415201,-0.0587982,-0.0566595,-0.0554036
-82.585,-0.0404434,-0.057396,-0.0558278,-0.0544599
-82.5624,-0.0393567,-0.0565287,-0.0549831,-0.0535028
-82.5397,-0.0382603,-0.0560165,-0.0541256,-0.0525327
-82.517,-0.0371546,-0.0543689,-0.0532556,-0.0515497
-82.4943,-0.0360397,-0.0537827,-0.0523732,-0.0505541
-82.4717,-0.0349159,-0.0532907,-0.0514786,-0.049546
-82.449,-0.0337836,-0.0516494,-0.0505721,-0.0485259
-82.4263,-0.032643,-0.0507354,-0.049654,-0.0474938
-82.4036,-0.0314944,-0.0504132,-0.0487244,-0.0464502
-82.381,-0.030338,-0.0491204,-0.0477835,-0.0453951
-82.3583,-0.0291742,-0.0473076,-0.0468316,-0.0443289
-82.3356,-0.0280032,-0.0466345,-0.045869,-0.0432518
-82.3129,-0.0268254,-0.0452202,-0.0448959,-0.0421641
-82.2902,-0.0256409,-0.0441821,-0.0439124,-0.0410661
-82.2676,-0.0244502,-0.043327,-0.0429189,-0.039958
-82.2449,-0.0232534,-0.042981,-0.0419157,-0.03884
-82.2222,-0.022051,-0.0416451,-0.0409028,-0.0377125
-82.1995,-0.0208431,-0.0404694,-0.0398807,-0.0365758
-82.1769,-0.0196301,-0.0391433,-0.0388495,-0.03543
-82.1542,-0.0184123,-0.0378802,-0.0378095,-0.0342755
-82.1315,-0.01719,-0.0367606,-0.036761,-0.0331125
-82.1088,-0.0159634,-0.0362178,-0.0357042,-0.0319414
-82.0862,-0.0147329,-0.0345091,-0.0346394,-0.0307623
-82.0635,-0.0134988,-0.03322,-0.0335668,-0.0295757
-82.0408,-0.0122614,-0.0320374,-0.0324867,-0.0283817
-82.0181,-0.011021,-0.0313895,-0.0313994,-0.0271806
-81.9955,-0.00977783,-0.0301116,-0.0303051,-0.0259728
-81.9728,-0.00853229,-0.0286469,-0.0292041,-0.0247585
-81.9501,-0.00728466,-0.0278656,-0.0280966,-0.0235379
-81.9274,-0.00603524,-0.0268261,-0.026983,-0.0223115
-81.9048,-0.00478433,-0.0252528,-0.0258635,-0.0210795
-81.8821,-0.00353225,-0.0240192,-0.0247383,-0.0198421
-81.8594,-0.00227931,-0.0229383,-0.0236079,-0.0185997
-81.8367,-0.0010258,-0.021708,-0.0224723,-0.0173526
-81.8141,0.000227961,-0.0202639,-0.021332,-0.016101
-81.7914,0.00148166,-0.0189413,-0.0201871,-0.0148453
-81.7687,0.002735,-0.0175513,-0.019038,-0.0135858
-81.746,0.00398767,-0.0161285,-0.0178849,-0.0123226
-81.7234,0.00523936,-0.0153311,-0.0167282,-0.0110562
-81.7007,0.00648976,-0.0139255,-0.015568,-0.00978691
-81.678,0.00773857,-0.0127198,-0.0144047,-0.0085149
-81.6553,0.00898547,-0.0114571,-0.0132386,-0.00724054
-81.6327,0.0102302,-0.00989365,-0.0120699,-0.00596412
-81.61,0.0114724,-0.00800339,-0.0108989,-0.00468595
-81.5873,0.0127117,-0.00739702,-0.00972592,-0.00340631
-81.5646,0.013948,-0.00628259,-0.00855122,-0.00212551
-81.542,0.0151808,-0.00459635,-0.00737511,-0.000843877
-81.5193,0.0164099,-0.00416038,-0.00619783,0.000438323
-81.4966,0.017635,-0.00156837,-0.0050197,0.00172076
-81.4739,0.0188557,-0.000643245,-0.00384098,0.00300314
-81.4512,0.0200718,0.000488378,-0.00266195,0.00428518
-81.4286,0.0212829,0.00141807,-0.00148292,0.00556653
-81.4059,0.0224889,0.00248624,-0.000304159,0.00684692
-81.3832,0.0236893,0.00405917,0.000874082,0.00812606
-81.3605,0.0248839,0.00539669,0.00205148,0.00940362
-81.3379,0.0260724,0.00661484,0.00322776,0.0106793
-81.3152,0.0272545,0.00849071,0.00440265,0.0119528
-81.2925,0.0284299,0.0090959,0.00557588,0.0132238
-81.2698,0.0295983,0.0104551,0.00674714,0.0144921
-81.2472,0.0307594,0.0114683,0.00791618,0.0157572
-81.2245,0.031913,0.0129865,0.0090827,0.017019
-81.2018,0.0330587,0.0146775,0.0102464,0.0182771
-81.1791,0.0341964,0.0153894,0.0114071,0.0195312
-81.1565,0.0353256,0.0164448,0.0125645,0.020781
-81.1338,0.0364461,0.0181857,0.0137182,0.0220262
-81.1111,0.0375577,0.01916,0.014868,0.0232665
-81.0884,0.0386601,0.0209493,0.0160137,0.0245017
-81.0658,0.039753,0.0218546,0.0171549,0.0257313
-81.0431,0.0408361,0.0237343,0.0182915,0.0269552
-81.0204,0.0419092,0.0246833,0.0194231,0.028173
-80.9977,0.042972,0.0254672,0.0205494,0.0293845
-80.9751,0.0440242,0.0268334,0.0216702,0.0305892
-80.9524,0.0450656,0.0280329,0.0227853,0.0317871
-80.9297,0.046096,0.0294804,0.0238943,0.0329777
-80.907,0.047115,0.0311081,0.0249971,0.0341607
-80.8844,0.0481224,0.0319805,0.0260933,0.0353359
-80.8617,0.0491181,0.0326176,0.0271827,0.036503
-80.839,0.0501017,0.0344857,0.028265,0.0376617
-80.8163,0.0510729,0.0357378,0.02934,0.0388117
-80.7937,0.0520316,0.0362122,0.0304075,0.0399528
-80.771,0.0529776,0.0381139,0.0314671,0.0410846
-80.7483,0.0539105,0.039394,0.0325187,0.0422069
-80.7256,0.0548302,0.0405728,0.0335619,0.0433194
-80.7029,0.0557364,0.0410133,0.0345967,0.0444218
-80.6803,0.056629,0.0422728,0.0356226,0.0455138
-80.6576,0.0575076,0.0440784,0.0366395,0.0465952
-80.6349,0.0583721,0.0450186,0.0376471,0.0476657
-80.6122,0.0592222,0.0462197,0.0386452,0.048725
-80.5896,0.0600579,0.0466153,0.0396336,0.0497729
-80.5669,0.0608787,0.0481087,0.040612,0.0508091
-80.5442,0.0616846,0.0493591,0.0415803,0.0518334
-80.5215,0.0624754,0.0499151,0.0425381,0.0528454
-80.4989,0.0632508,0.0514082,0.0434853,0.053845
-80.4762,0.0640107,0.0526897,0.0444216,0.0548318
-80.4535,0.0647548,0.0533904,0.0453469,0.0558056
-80.4308,0.0654831,0.0543511,0.0462609,0.0567662
-80.4082,0.0661953,0.055227,0.0471635,0.0577134
-80.3855,0.0668912,0.0565774,0.0480543,0.0586468
-80.3628,0.0675706,0.0577668,0.0489333,0.0595662
-80.3401,0.0682335,0.0586699,0.0498001,0.0604715
-80.3175,0.0688797,0.0588607,0.0506547,0.0613623
-80.2948,0.0695089,0.0600773,0.0514967,0.0622385
-80.2721,0.070121,0.0616316,0.0523261,0.0630997
-80.2494,0.0707159,0.0616734,0.0531427,0.0639459
-80.2268,0.0712935,0.0634368,0.0539461,0.0647767
-80.2041,0.0718535,0.0642458,0.0547364,0.0655919
-80.1814,0.0723959,0.0653864,0.0555132,0.0663914
-80.1587,0.0729205,0.0662566,0.0562765,0.0671749
-80.1361,0.0734272,0.0666803,0.057026,0.0679422
-80.1134,0.0739158,0.0674537,0.0577616,0.0686931
-80.0907,0.0743863,0.0681826,0.0584831,0.0694274
-80.068,0.0748385,0.0693809,0.0591903,0.070145
-80.0454,0.0752724,0.0704087,0.0598832,0.0708455
-80.0227,0.0756878,0.0712276,0.0605614,0.0715289
-80,0.0760845,0.0718282,0.061225,0.0721949
-79.9773,0.0764626,0.0719239,0.0618738,0.0728434
-79.9546,0.0768219,0.073962,0.0625075,0.0734742
-79.932,0.0771623,0.0740655,0.0631261,0.0740871
-79.9093,0.0774838,0.0746878,0.0637294,0.0746819
-79.8866,0.0777863,0.0754722,0.0643174,0.0752585
-79.8639,0.0780696,0.0765893,0.0648898,0.0758168
-79.8413,0.0783338,0.076578,0.0654465,0.0763565
-79.8186,0.0785787,0.0771259,0.0659875,0.0768776
-79.7959,0.0788043,0.0781933,0.0665126,0.0773798
-79.7732,0.0790106,0.0793819,0.0670217,0.0778631
-79.7506,0.0791975,0.0794555,0.0675147,0.0783273
-79.7279,0.0793649,0.0791816,0.0679915,0.0787722
-79.7052,0.0795128,0.0796194,0.068452,0.0791979
-79.6825,0.0796412,0.0816069,0.0688961,0.079604
-79.6599,0.07975,0.0815588,0.0693237,0.0799906
-79.6372,0.0798393,0.0822993,0.0697347,0.0803574
-79.6145,0.0799089,0.0824686,0.070129,0.0807045
-79.5918,0.0799589,0.0833935,0.0705066,0.0810317
-79.5692,0.0799893,0.0829223,0.0708674,0.0813389
-79.5465,0.08,0.0831242,0.0712112,0.0816259
-79.5238,0.0799911,0.0834959,0.0715381,0.0818929
-79.5011,0.0799625,0.0853751,0.071848,0.0821396
-79.4785,0.0799142,0.0847578,0.0721408,0.082366
-79.4558,0.0798464,0.0846521,0.0724164,0.0825719
-79.4331,0.0797589,0.0853807,0.0726749,0.0827575
-79.4104,0.0796519,0.0869953,0.0729162,0.0829225
-79.3878,0.0795253,0.0853395,0.0731401,0.0830669
-79.3651,0.0793791,0.0864986,0.0733467,0.0831908
-79.3424,0.0792135,0.0863683,0.073536,0.083294
-79.3197,0.0790284,0.0868519,0.0737079,0.0833766
-79.2971,0.0788239,0.0864157,0.0738624,0.0834384
-79.2744,0.0786,0.0861596,0.0739995,0.0834795
-79.2517,0.0783568,0.08641,0.0741191,0.0834998
-79.229,0.0780944,0.0869458,0.0742213,0.0834994
-79.2063,0.0778128,0.0872999,0.074306,0.0834782
-79.1837,0.0775121,0.0868892,0.0743732,0.0834363
-79.161,0.0771923,0.0865487,0.0744229,0.0833735
-79.1383,0.0768536,0.0871879,0.0744552,0.0832901
-79.1156,0.076496,0.0865884,0.07447,0.0831859
-79.093,0.0761197,0.0870137,0.0744673,0.0830609
-79.0703,0.0757246,0.0873593,0.0744473,0.0829153
-79.0476,0.0753109,0.0879903,0.0744098,0.082749
-79.0249,0.0748787,0.0870551,0.0743549,0.0825621
-79.0023,0.0744282,0.0858717,0.0742826,0.0823547
-78.9796,0.0739593,0.0869682,0.074193,0.0821267
-78.9569,0.0734723,0.0866015,0.0740862,0.0818782
-78.9342,0.0729673,0.087118,0.073962,0.0816094
-78.9116,0.0724443,0.086026,0.0738207,0.0813202
-78.8889,0.0719035,0.0858667,0.0736622,0.0810107
-78.8662,0.0713451,0.0862093,0.0734866,0.0806811
-78.8435,0.0707691,0.0864699,0.073294,0.0803314
-78.8209,0.0701758,0.085921,0.0730843,0.0799616
-78.7982,0.0695652,0.0851177,0.0728578,0.0795719
-78.7755,0.0689376,0.0854628,0.0726143,0.0791625
-78.7528,0.068293,0.0844785,0.0723541,0.0787333
-78.7302,0.0676316,0.0846424,0.0720772,0.0782845
-78.7075,0.0669536,0.0839612,0.0717836,0.0778162
-78.6848,0.0662592,0.083854,0.0714736,0.0773286
-78.6621,0.0655485,0.0827693,0.071147,0.0768217
-78.6395,0.0648217,0.0827029,0.0708041,0.0762957
-78.6168,0.064079,0.0820503,0.070445,0.0757508
-78.5941,0.0633205,0.0815174,0.0700696,0.075187
-78.5714,0.0625465,0.0809594,0.0696782,0.0746046
-78.5488,0.0617571,0.0815561,0.0692709,0.0740036
-78.5261,0.0609526,0.0806989,0.0688477,0.0733843
-78.5034,0.0601331,0.0800611,0.0684087,0.0727468
-78.4807,0.0592988,0.0808204,0.0679542,0.0720912
-78.458,0.05845,0.0794457,0.0674842,0.0714178
-78.4354,0.0575868,0.0772729,0.0669988,0.0707267
-78.4127,0.0567094,0.0779932,0.0664981,0.070018
-78.39,0.0558181,0.0774695,0.0659824,0.0692921
-78.3673,0.0549131,0.0772782,0.0654517,0.068549
-78.3447,0.0539947,0.0763675,0.0649061,0.067789
-78.322,0.0530629,0.0759076,0.0643459,0.0670122
-78.2993,0.0521182,0.0743523,0.0637711,0.0662189
-78.2766,0.0511606,0.0740346,0.0631819,0.0654093
-78.254,0.0501905,0.0735598,0.0625785,0.0645835
-78.2313,0.049208,0.0715149,0.061961,0.0637419
-78.2086,0.0482134,0.0717941,0.0613296,0.0628845
-78.1859,0.0472071,0.0716751,0.0606843,0.0620117
-78.1633,0.0461891,0.0705595,0.0600255,0.0611236
-78.1406,0.0451597,0.0699682,0.0593532,0.0602206
-78.1179,0.0441193,0.0684412,0.0586677,0.0593027
-78.0952,0.043068,0.0684461,0.0579691,0.0583703
-78.0726,0.0420062,0.0663523,0.0572576,0.0574237
-78.0499,0.0409341,0.0655472,0.0565333,0.0564629
-78.0272,0.0398518,0.0644767,0.0557965,0.0554884
-78.0045,0.0387598,0.0646626,0.0550473,0.0545003
-77.9819,0.0376583,0.0631933,0.054286,0.0534989
-77.9592,0.0365476,0.0619387,0.0535126,0.0524844
-77.9365,0.0354278,0.0620261,0.0527274,0.0514572
-77.9138,0.0342994,0.0605856,0.0519307,0.0504174
-77.8912,0.0331625,0.0598164,0.0511225,0.0493653
-77.8685,0.0320175,0.0583639,0.0503031,0.0483013
-77.8458,0.0308646,0.057764,0.0494727,0.0472255
-77.8231,0.0297041,0.0578354,0.0486316,0.0461383
-77.8005,0.0285364,0.0562738,0.0477798,0.0450399
-77.7778,0.0273616,0.055344,0.0469177,0.0439305
-77.7551,0.0261801,0.0541301,0.0460453,0.0428106
-77.7324,0.0249922,0.0532461,0.0451631,0.0416803
-77.7098,0.0237982,0.0520789,0.0442711,0.0405399
-77.6871,0.0225982,0.0503111,0.0433695,0.0393898
-77.6644,0.0213928,0.0492832,0.0424587,0.0382301
-77.6417,0.0201821,0.0489166,0.0415388,0.0370612
-77.619,0.0189664,0.0477374,0.0406101,0.0358835
-77.5964,0.0177461,0.0458594,0.0396727,0.0346971
-77.5737,0.0165214,0.0450932,0.0387269,0.0335024
-77.551,0.0152927,0.0442373,0.0377729,0.0322996
-77.5283,0.0140602,0.0428923,0.036811,0.031089
-77.5057,0.0128242,0.0419154,0.0358414,0.0298711
-77.483,0.0115852,0.0411229,0.0348643,0.0286459
-77.4603,0.0103432,0.0407934,0.03388,0.027414
-77.4376,0.00909872,0.0376433,0.0328887,0.0261755
-77.415,0.00785201,0.0377764,0.0318906,0.0249307
-77.3923,0.00660336,0.0368012,0.0308859,0.02368
-77.3696,0.00535309,0.0344599,0.029875,0.0224236
-77.3469,0.00410151,0.0343025,0.0288581,0.0211619
-77.3243,0.00284891,0.0332519,0.0278354,0.0198951
-77.3016,0.00159562,0.0310725,0.0268071,0.0186236
-77.2789,0.000341941,0.029656,0.0257735,0.0173477
-77.2562,-0.000911826,0.0293334,0.0247348,0.0160676
-77.2336,-0.00216537,0.0278255,0.0236913,0.0147838
-77.2109,-0.00341838,0.0270224,0.0226433,0.0134964
-77.1882,-0.00467055,0.0252938,0.0215909,0.0122058
-77.1655,-0.00592157,0.023978,0.0205344,0.0109123
-77.1429,-0.00717114,0.0236111,0.0194742,0.00961616
-77.1202,-0.00841895,0.0222517,0.0184103,0.00831777
-77.0975,-0.00966469,0.0199055,0.0173431,0.00701738
-77.0748,-0.0109081,0.0182632,0.0162729,0.00571533
-77.0522,-0.0121487,0.0174282,0.0151999,0.00441191
-77.0295,-0.0133865,0.0159334,0.0141243,0.00310742
-77.0068,-0.0146209,0.0148906,0.0130463,0.00180216
-76.9841,-0.0158517,0.0127111,0.0119663,0.000496454
-76.9615,-0.0170786,0.0127115,0.0108845,-0.000809402
-76.9388,-0.0183014,0.0125336,0.00980117,-0.00211512
-76.9161,-0.0195196,0.0102521,0.00871651,-0.00342037
-76.8934,-0.020733,0.00906829,0.00763081,-0.00472484
-76.8707,-0.0219414,0.00964638,0.00654431,-0.00602827
-76.8481,-0.0231444,0.00629062,0.00545725,-0.00733033
-76.8254,-0.0243416,0.00501902,0.00436992,-0.00863071
-76.8027,-0.0255329,0.00426182,0.00328254,-0.00992914
-76.78,-0.026718,0.00360742,0.00219538,-0.0112253
-76.7574,-0.0278964,0.00223481,0.00110867,-0.0125189
-76.7347,-0.0290681,0.000306339,2.26657e-05,-0.0138096
-76.712,-0.0302325,-0.00158459,-0.00106236,-0.0150971
-76.6893,-0.0313896,-0.00117469,-0.00214616,-0.0163812
-76.6667,-0.0325389,-0.00296118,-0.00322852,-0.0176615
-76.644,-0.0336803,-0.00478111,-0.00430916,-0.0189378
-76.6213,-0.0348134,-0.00661841,-0.00538784,-0.0202098
-76.5986,-0.0359379,-0.00629603,-0.0064643,-0.021477
-76.576,-0.0370536,-0.00880322,-0.00753833,-0.0227394
-76.5533,-0.0381602,-0.00926891,-0.00860965,-0.0239966
-76.5306,-0.0392574,-0.0112189,-0.00967803,-0.0252482
-76.5079,-0.040345,-0.0127746,-0.0107432,-0.026494
-76.4853,-0.0414227,-0.0124811,-0.011805,-0.0277338
-76.4626,-0.0424902,-0.0142713,-0.0128631,-0.0289672
-76.4399,-0.0435472,-0.0162434,-0.0139173,-0.0301939
-76.4172,-0.0445936,-0.016836,-0.0149673,-0.0314137
-76.3946,-0.045629,-0.0178394,-0.0160129,-0.0326263
-76.3719,-0.0466532,-0.0190497,-0.017054,-0.0338314
-76.3492,-0.047666,-0.020901,-0.0180902,-0.0350287
-76.3265,-0.048667,-0.021357,-0.0191212,-0.036218
-76.3039,-0.0496561,-0.0221976,-0.020147,-0.0373989
-76.2812,-0.050633,-0.0229222,-0.0211672,-0.0385713
-76.2585,-0.0515974,-0.024921,-0.0221817,-0.0397348
-76.2358,-0.0525492,-0.0262105,-0.0231901,-0.0408891
-76.2132,-0.0534881,-0.026592,-0.0241923,-0.042034
-76.1905,-0.0544138,-0.0271984,-0.025188,-0.0431693
-76.1678,-0.0553262,-0.0290041,-0.0261771,-0.0442946
-76.1451,-0.056225,-0.0311269,-0.0271593,-0.0454097
-76.1224,-0.0571099,-0.0308763,-0.0281343,-0.0465144
-76.0998,-0.0579809,-0.0323295,-0.0291021,-0.0476083
-76.0771,-0.0588376,-0.0330037,-0.0300623,-0.0486913
-76.0544,-0.0596798,-0.0353432,-0.0310147,-0.0497631
-76.0317,-0.0605074,-0.0360895,-0.0319592,-0.0508233
-76.0091,-0.0613202,-0.0361999,-0.0328955,-0.0518718
-75.9864,-0.0621178,-0.0387407,-0.0338234,-0.0529084
-75.9637,-0.0629003,-0.0398142,-0.0347427,-0.0539327
-75.941,-0.0636672,-0.0412306,-0.0356533,-0.0549445
-75.9184,-0.0644185,-0.0411754,-0.0365549,-0.0559436
-75.8957,-0.0651541,-0.0421132,-0.0374473,-0.0569298
-75.873,-0.0658736,-0.0434348,-0.0383303,-0.0579028
-75.8503,-0.0665769,-0.0448021,-0.0392038,-0.0588623
-75.8277,-0.0672638,-0.0451669,-0.0400676,-0.0598082
-75.805,-0.0679343,-0.0466235,-0.0409214,-0.0607402
-75.7823,-0.0685881,-0.0478536,-0.041765,-0.0616581
-75.7596,-0.069225,-0.0479508,-0.0425984,-0.0625616
-75.737,-0.0698449,-0.0482286,-0.0434213,-0.0634506
-75.7143,-0.0704476,-0.0504635,-0.0442336,-0.0643248
-75.6916,-0.0710331,-0.0510558,-0.045035,-0.065184
-75.6689,-0.0716011,-0.0515882,-0.0458254,-0.066028
-75.6463,-0.0721515,-0.0530802,-0.0466047,-0.0668566
-75.6236,-0.0726842,-0.0539044,-0.0473726,-0.0676696
-75.6009,-0.0731991,-0.0534496,-0.0481291,-0.0684667
-75.5782,-0.0736959,-0.056437,-0.0488739,-0.0692478
-75.5556,-0.0741747,-0.0563153,-0.0496069,-0.0700126
-75.5329,-0.0746353,-0.0561798,-0.0503279,-0.070761
-75.5102,-0.0750775,-0.0577884,-0.0510368,-0.0714928
-75.4875,-0.0755012,-0.0584637,-0.0517335,-0.0722078
-75.4649,-0.0759065,-0.0590209,-0.0524178,-0.0729058
-75.4422,-0.0762931,-0.0608547,-0.0530895,-0.0735866
-75.4195,-0.0766609,-0.060518,-0.0537486,-0.07425
-75.3968,-0.0770099,-0.0632721,-0.0543948,-0.0748959
-75.3741,-0.07734,-0.0625893,-0.0550281,-0.0755241
-75.3515,-0.0776512,-0.0629014,-0.0556484,-0.0761345
-75.3288,-0.0779432,-0.0641034,-0.0562554,-0.0767268
-75.3061,-0.0782161,-0.0641197,-0.0568491,-0.0773009
-75.2834,-0.0784698,-0.0653815,-0.0574294,-0.0778566
-75.2608,-0.0787042,-0.0669476,-0.0579961,-0.0783939
-75.2381,-0.0789192,-0.0661434,-0.0585492,-0.0789125
-75.2154,-0.0791149,-0.0674708,-0.0590885,-0.0794122
-75.1927,-0.0792912,-0.0668452,-0.0596139,-0.0798931
-75.1701,-0.079448,-0.067947,-0.0601253,-0.0803548
-75.1474,-0.0795853,-0.0688408,-0.0606227,-0.0807974
-75.1247,-0.079703,-0.0714033,-0.0611059,-0.0812206
-75.102,-0.0798011,-0.0707107,-0.0615748,-0.0816244
-75.0794,-0.0798797,-0.070939,-0.0620294,-0.0820085
-75.0567,-0.0799386,-0.0704769,-0.0624695,-0.082373
-75.034,-0.0799779,-0.0710701,-0.0628951,-0.0827176
-75.0113,-0.0799975,-0.072661,-0.0633061,-0.0830423
-74.9887,-0.0799975,-0.0731609,-0.0637025,-0.0833471
-74.966,-0.0799779,-0.0733961,-0.0640841,-0.0836317
-74.9433,-0.0799386,-0.0739184,-0.0644508,-0.0838961
-74.9206,-0.0798797,-0.0735207,-0.0648027,-0.0841402
-74.898,-0.0798011,-0.0755738,-0.0651397,-0.0843639
-74.8753,-0.079703,-0.0739577,-0.0654617,-0.0845672
-74.8526,-0.0795853,-0.0742217,-0.0657686,-0.08475
-74.8299,-0.079448,-0.0746533,-0.0660604,-0.0849121
-74.8073,-0.0792912,-0.0750677,-0.0663371,-0.0850536
-74.7846,-0.0791149,-0.0738161,-0.0665986,-0.0851744
-74.7619,-0.0789192,-0.0747189,-0.0668448,-0.0852745
-74.7392,-0.0787042,-0.0753484,-0.0670758,-0.0853537
-74.7166,-0.0784698,-0.0756864,-0.0672915,-0.085412
-74.6939,-0.0782161,-0.074824,-0.0674919,-0.0854495
-74.6712,-0.0779432,-0.0757074,-0.067677,-0.0854661
-74.6485,-0.0776512,-0.0750577,-0.0678466,-0.0854617
-74.6259,-0.07734,-0.0758887,-0.0680009,-0.0854364
-74.6032,-0.0770099,-0.0758,-0.0681398,-0.08539
-74.5805,-0.0766609,-0.0743952,-0.0682632,-0.0853227
-74.5578,-0.0762931,-0.0773598,-0.0683712,-0.0852344
-74.5351,-0.0759065,-0.0765306,-0.0684638,-0.0851251
-74.5125,-0.0755012,-0.0754254,-0.068541,-0.0849949
-74.4898,-0.0750775,-0.0764525,-0.0686027,-0.0848436
-74.4671,-0.0746353,-0.0748295,-0.0686491,-0.0846714
-74.4444,-0.0741747,-0.0765771,-0.06868,-0.0844783
-74.4218,-0.0736959,-0.0789605,-0.0686955,-0.0842644
-74.3991,-0.0731991,-0.0759347,-0.0686956,-0.0840295
-74.3764,-0.0726842,-0.075923,-0.0686804,-0.0837738
-74.3537,-0.0721515,-0.0771931,-0.0686499,-0.0834974
-74.3311,-0.0716011,-0.0754514,-0.068604,-0.0832003
-74.3084,-0.0710331,-0.0757665,-0.0685429,-0.0828825
-74.2857,-0.0704476,-0.0762865,-0.0684665,-0.0825441
-74.263,-0.0698449,-0.0754014,-0.0683749,-0.0821852
-74.2404,-0.069225,-0.0755928,-0.0682682,-0.0818059
-74.2177,-0.0685881,-0.0733819,-0.0681463,-0.0814062
-74.195,-0.0679343,-0.0744825,-0.0680094,-0.0809862
-74.1723,-0.0672638,-0.0743077,-0.0678574,-0.0805461
-74.1497,-0.0665769,-0.0719732,-0.0676905,-0.0800859
-74.127,-0.0658736,-0.0745439,-0.0675086,-0.0796058
-74.1043,-0.0651541,-0.0728367,-0.0673119,-0.0791057
-74.0816,-0.0644185,-0.0721794,-0.0671005,-0.078586
-74.059,-0.0636672,-0.0713686,-0.0668743,-0.0780466
-74.0363,-0.0629003,-0.0718482,-0.0666334,-0.0774877
-74.0136,-0.0621178,-0.0706407,-0.066378,-0.0769095
-73.9909,-0.0613202,-0.0691786,-0.0661081,-0.0763121
-73.9683,-0.0605074,-0.070528,-0.0658238,-0.0756956
-73.9456,-0.0596798,-0.0687052,-0.0655251,-0.0750602
-73.9229,-0.0588376,-0.0675231,-0.0652122,-0.0744061
-73.9002,-0.0579809,-0.0691298,-0.0648851,-0.0737333
-73.8776,-0.0571099,-0.0670399,-0.064544,-0.0730421
-73.8549,-0.056225,-0.0674264,-0.0641889,-0.0723326
-73.8322,-0.0553262,-0.06803,-0.0638199,-0.0716051
-73.8095,-0.0544138,-0.0655145,-0.0634371,-0.0708597
-73.7868,-0.0534881,-0.0654896,-0.0630407,-0.0700966
-73.7642,-0.0525492,-0.0651867,-0.0626307,-0.0693159
-73.7415,-0.0515974,-0.0634521,-0.0622073,-0.0685179
-73.7188,-0.050633,-0.0640539,-0.0617706,-0.0677029
-73.6961,-0.0496561,-0.063107,-0.0613206,-0.0668709
-73.6735,-0.048667,-0.0626447,-0.0608575,-0.0660222
-73.6508,-0.047666,-0.0611312,-0.0603814,-0.0651571
-73.6281,-0.0466532,-0.0589211,-0.0598925,-0.0642757
-73.6054,-0.045629,-0.0594455,-0.0593908,-0.0633783
-73.5828,-0.0445936,-0.0598109,-0.0588766,-0.0624651
-73.5601,-0.0435472,-0.0575155,-0.0583498,-0.0615363
-73.5374,-0.0424902,-0.0584443,-0.0578108,-0.0605922
-73.5147,-0.0414227,-0.0567486,-0.0572595,-0.0596331
-73.4921,-0.040345,-0.0550547,-0.0566962,-0.0586591
-73.4694,-0.0392574,-0.0544909,-0.0561209,-0.0576706
-73.4467,-0.0381602,-0.054612,-0.0555339,-0.0566677
-73.424,-0.0370536,-0.0554935,-0.0549353,-0.0556508
-73.4014,-0.0359379,-0.0512718,-0.0543251,-0.0546202
-73.3787,-0.0348134,-0.0503759,-0.0537037,-0.053576
-73.356,-0.0336803,-0.0509641,-0.0530711,-0.0525185
-73.3333,-0.0325389,-0.0480638,-0.0524274,-0.0514482
-73.3107,-0.0313896,-0.0484119,-0.0517729,-0.050365
-73.288,-0.0302325,-0.0482119,-0.0511077,-0.0492696
-73.2653,-0.0290681,-0.0472449,-0.050432,-0.048162
-73.2426,-0.0278964,-0.0450146,-0.0497459,-0.0470425
-73.22,-0.026718,-0.0446659,-0.0490495,-0.0459115
-73.1973,-0.0255329,-0.0433737,-0.0483432,-0.0447693
-73.1746,-0.0243416,-0.0406532,-0.0476269,-0.0436161
-73.1519,-0.0231444,-0.0423466,-0.046901,-0.0424523
-73.1293,-0.0219414,-0.0409973,-0.0461656,-0.0412782
-73.1066,-0.020733,-0.0399181,-0.0454208,-0.040094
-73.0839,-0.0195196,-0.0373311,-0.0446668,-0.0389
-73.0612,-0.0183014,-0.0378505,-0.0439039,-0.0376967
-73.0385,-0.0170786,-0.0362003,-0.0431321,-0.0364842
-73.0159,-0.0158517,-0.0338046,-0.0423517,-0.0352629
-72.9932,-0.0146209,-0.0343572,-0.0415629,-0.0340332
-72.9705,-0.0133865,-0.0319088,-0.0407658,-0.0327953
-72.9478,-0.0121487,-0.0314139,-0.0399607,-0.0315495
-72.9252,-0.0109081,-0.0277549,-0.0391476,-0.0302962
-72.9025,-0.00966469,-0.0289115,-0.0383269,-0.0290357
-72.8798,-0.00841895,-0.0293121,-0.0374987,-0.0277683
-72.8571,-0.00717114,-0.0255325,-0.0366632,-0.0264943
-72.8345,-0.00592157,-0.0267033,-0.0358205,-0.0252142
-72.8118,-0.00467055,-0.0258865,-0.034971,-0.023928
-72.7891,-0.00341838,-0.0213307,-0.0341147,-0.0226364
-72.7664,-0.00216537,-0.0217671,-0.0332519,-0.0213394
-72.7438,-0.000911826,-0.0225723,-0.0323828,-0.0200376
-72.7211,0.000341941,-0.0196201,-0.0315075,-0.0187311
-72.6984,0.00159562,-0.0178654,-0.0306264,-0.0174203
-72.6757,0.00284891,-0.016662,-0.0297395,-0.0161057
-72.6531,0.00410151,-0.0137506,-0.0288471,-0.0147874
-72.6304,0.00535309,-0.013184,-0.0279494,-0.0134658
-72.6077,0.00660336,-0.0121727,-0.0270465,-0.0121412
-72.585,0.00785201,-0.013524,-0.0261388,-0.010814
-72.5624,0.00909872,-0.0107716,-0.0252263,-0.00948451
-72.5397,0.0103432,-0.00919459,-0.0243094,-0.00815306
-72.517,0.0115852,-0.00889039,-0.0233882,-0.00681996
-72.4943,0.0128242,-0.00724639,-0.0224629,-0.00548553
-72.4717,0.0140602,-0.00486908,-0.0215337,-0.00415012
-72.449,0.0152927,-0.00527793,-0.0206009,-0.00281402
-72.4263,0.0165214,-0.00264713,-0.0196646,-0.00147762
-72.4036,0.0177461,-0.00137455,-0.0187251,-0.000141169
-72.381,0.0189664,6.72498e-05,-0.0177825,0.00119495
-72.3583,0.0201821,0.000478161,-0.0168371,0.00253045
-72.3356,0.0213928,0.00292972,-0.0158891,0.00386499
-72.3129,0.0225982,0.00284002,-0.0149387,0.00519825
-72.2902,0.0237982,0.00425529,-0.0139861,0.00652992
-72.2676,0.0249922,0.00645166,-0.0130315,0.00785969
-72.2449,0.0261801,0.00781137,-0.0120751,0.00918722
-72.2222,0.0273616,0.00570603,-0.0111172,0.0105122
-72.1995,0.0285364,0.0111897,-0.0101579,0.0118344
-72.1769,0.0297041,0.0104764,-0.00919748,0.0131533
-72.1542,0.0308646,0.0108753,-0.00823613,0.0144688
-72.1315,0.0320175,0.0127399,-0.00727407,0.0157805
-72.1088,0.0331625,0.0139335,-0.0063115,0.0170882
-72.0862,0.0342994,0.017888,-0.0053486,0.0183914
-72.0635,0.0354278,0.0175771,-0.00438564,0.01969
-72.0408,0.0365476,0.0181914,-0.00342278,0.0209835
-72.0181,0.0376583,0.0208307,-0.00246025,0.0222718
-71.9955,0.0387598,0.0189736,-0.00149826,0.0235544
-71.9728,0.0398518,0.0218781,-0.00053701,0.0248312
-71.9501,0.0409341,0.0241135,0.000423294,0.0261018
-71.9274,0.0420062,0.0250116,0.00138244,0.0273659
-71.9048,0.043068,0.0263535,0.00234022,0.0286232
-71.8821,0.0441193,0.0265021,0.00329644,0.0298735
-71.8594,0.0451597,0.0281291,0.00425088,0.0311165
-71.8367,0.0461891,0.028559,0.00520333,0.0323519
-71.8141,0.0472071,0.0301643,0.00615363,0.0335794
-71.7914,0.0482134,0.0317303,0.00710153,0.0347987
-71.7687,0.049208,0.0311578,0.00804687,0.0360096
-71.746,0.0501905,0.0324848,0.0089894,0.0372118
-71.7234,0.0511606,0.0348564,0.00992899,0.038405
-71.7007,0.0521182,0.0362775,0.0108654,0.039589
-71.678,0.0530629,0.0354446,0.0117984,0.0407635
-71.6553,0.0539947,0.0379021,0.0127278,0.0419282
-71.6327,0.0549131,0.0379928,0.0136535,0.0430828
-71.61,0.0558181,0.0387744,0.0145752,0.0442272
-71.5873,0.0567094,0.040109,0.0154927,0.0453611
-71.5646,0.0575868,0.0422733,0.0164059,0.0464842
-71.542,0.05845,0.0427092,0.0173146,0.0475962
-71.5193,0.0592988,0.0432545,0.0182186,0.048697
-71.4966,0.0601331,0.0473112,0.0191176,0.0497862
-71.4739,0.0609526,0.0450044,0.0200115,0.0508636
-71.4512,0.0617571,0.0458798,0.0209002,0.0519291
-71.4286,0.0625465,0.0483436,0.0217834,0.0529824
-71.4059,0.0633205,0.0465633,0.0226609,0.0540231
-71.3832,0.064079,0.0517838,0.0235327,0.0550512
-71.3605,0.0648217,0.0527385,0.0243984,0.0560664
-71.3379,0.0655485,0.0524776,0.0252579,0.0570684
-71.3152,0.0662592,0.054233,0.0261111,0.058057
-71.2925,0.0669536,0.0540638,0.0269577,0.0590321
-71.2698,0.0676316,0.0548395,0.0277977,0.0599934
-71.2472,0.068293,0.0573766,0.0286307,0.0609406
-71.2245,0.0689376,0.0576838,0.0294568,0.0618737
-71.2018,0.0695652,0.0578422,0.0302756,0.0627923
-71.1791,0.0701758,0.0592772,0.0310871,0.0636962
-71.1565,0.0707691,0.0597953,0.031891,0.0645854
-71.1338,0.0713451,0.0601749,0.0326872,0.0654595
-71.1111,0.0719035,0.061172,0.0334756,0.0663184
-71.0884,0.0724443,0.0623267,0.034256,0.0671619
-71.0658,0.0729673,0.0644394,0.0350282,0.0679897
-71.0431,0.0734723,0.064564,0.0357921,0.0688018
-71.0204,0.0739593,0.0645555,0.0365475,0.0695979
-70.9977,0.0744282,0.0662617,0.0372943,0.0703779
-70.9751,0.0748787,0.0679031,0.0380324,0.0711415
-70.9524,0.0753109,0.0667013,0.0387615,0.0718886
-70.9297,0.0757246,0.0691631,0.0394816,0.0726191
-70.907,0.0761197,0.0684952,0.0401925,0.0733327
-70.8844,0.076496,0.0697514,0.0408941,0.0740293
-70.8617,0.0768536,0.0707849,0.0415862,0.0747087
-70.839,0.0771923,0.0713084,0.0422688,0.0753708
-70.8163,0.0775121,0.0722289,0.0429416,0.0760154
-70.7937,0.0778128,0.0756501,0.0436045,0.0766423
-70.771,0.0780944,0.0736839,0.0442575,0.0772515
-70.7483,0.0783568,0.0738664,0.0449003,0.0778427
-70.7256,0.0786,0.0743828,0.045533,0.0784159
-70.7029,0.0788239,0.0763632,0.0461553,0.0789708
-70.6803,0.0790284,0.0762904,0.0467671,0.0795075
-70.6576,0.0792135,0.0771532,0.0473684,0.0800256
-70.6349,0.0793791,0.0766242,0.047959,0.0805251
-70.6122,0.0795253,0.0768193,0.0485387,0.0810058
-70.5896,0.0796519,0.0787946,0.0491076,0.0814677
-70.5669,0.0797589,0.079965,0.0496655,0.0819107
-70.5442,0.0798464,0.0776888,0.0502122,0.0823345
-70.5215,0.0799142,0.0815003,0.0507478,0.0827391
-70.4989,0.0799625,0.0809072,0.051272,0.0831244
-70.4762,0.0799911,0.0806345,0.0517849,0.0834902
-70.4535,0.08,0.0815789,0.0522862,0.0838366
-70.4308,0.0799893,0.0811441,0.052776,0.0841634
-70.4082,0.0799589,0.0824456,0.0532541,0.0844704
-70.3855,0.0799089,0.0808193,0.0537204,0.0847576
-70.3628,0.0798393,0.0843548,0.054175,0.0850249
-70.3401,0.07975,0.0835596,0.0546176,0.0852723
-70.3175,0.0796412,0.0823665,0.0550482,0.0854996
-70.2948,0.0795128,0.0846784,0.0554668,0.0857068
-70.2721,0.0793649,0.0838642,0.0558732,0.0858938
-70.2494,0.0791975,0.0843981,0.0562674,0.0860606
-70.2268,0.0790106,0.0855904,0.0566494,0.086207
-70.2041,0.0788043,0.0847644,0.057019,0.086333
-70.1814,0.0785787,0.0848028,0.0573763,0.0864387
-70.1587,0.0783338,0.0852719,0.0577211,0.0865238
-70.1361,0.0780696,0.0841962,0.0580534,0.0865884
-70.1134,0.0777863,0.0859563,0.0583732,0.0866325
-70.0907,0.0774838,0.0853446,0.0586804,0.0866559
-70.068,0.0771623,0.0841835,0.0589749,0.0866588
-70.0454,0.0768219,0.0853477,0.0592567,0.0866409
-70.0227,0.0764626,0.0848371,0.0595258,0.0866024
-70,0.0760845,0.0872084,0.0597822,0.0865433
-69.9773,0.0756878,0.0872386,0.0600257,0.0864633
-69.9546,0.0752724,0.0848189,0.0602564,0.0863627
-69.932,0.0748385,0.0854464,0.0604742,0.0862414
-69.9093,0.0743863,0.0883557,0.0606792,0.0860993
-69.8866,0.0739158,0.0859551,0.0608712,0.0859366
-69.8639,0.0734272,0.0840434,0.0610503,0.0857531
-69.8413,0.0729205,0.0864911,0.0612164,0.085549
-69.8186,0.0723959,0.0863995,0.0613695,0.0853242
-69.7959,0.0718535,0.0851214,0.0615097,0.0850787
-69.7732,0.0712935,0.085901,0.0616368,0.0848127
-69.7506,0.0707159,0.0848471,0.061751,0.0845261
-69.7279,0.070121,0.0859049,0.0618521,0.084219
-69.7052,0.0695089,0.0868828,0.0619402,0.0838914
-69.6825,0.0688797,0.083318,0.0620153,0.0835434
-69.6599,0.0682335,0.0850352,0.0620774,0.083175
-69.6372,0.0675706,0.0860431,0.0621265,0.0827864
-69.6145,0.0668912,0.0833275,0.0621626,0.0823775
-69.5918,0.0661953,0.0816798,0.0621857,0.0819484
-69.5692,0.0654831,0.083697,0.0621958,0.0814993
-69.5465,0.0647548,0.082449,0.0621929,0.0810302
-69.5238,0.0640107,0.0836701,0.0621772,0.0805412
-69.5011,0.0632508,0.080961,0.0621484,0.0800324
-69.4785,0.0624754,0.0813076,0.0621068,0.0795038
-69.4558,0.0616846,0.0830505,0.0620523,0.0789557
-69.4331,0.0608787,0.0814212,0.061985,0.0783881
-69.4104,0.0600579,0.0798826,0.0619049,0.0778012
-69.3878,0.0592222,0.0809615,0.061812,0.077195
-69.3651,0.0583721,0.080719,0.0617063,0.0765697
-69.3424,0.0575076,0.0804465,0.0615879,0.0759254
-69.3197,0.056629,0.0784805,0.0614569,0.0752623
-69.2971,0.0557364,0.077289,0.0613133,0.0745805
-69.2744,0.0548302,0.0786456,0.0611571,0.0738802
-69.2517,0.0539105,0.0770823,0.0609884,0.0731615
-69.229,0.0529776,0.0755051,0.0608072,0.0724246
-69.2063,0.0520316,0.0767568,0.0606136,0.0716696
-69.1837,0.0510729,0.078084,0.0604076,0.0708967
-69.161,0.0501017,0.0745484,0.0601893,0.0701062
-69.1383,0.0491181,0.0743611,0.0599588,0.0692981
-69.1156,0.0481224,0.0732351,0.0597161,0.0684728
-69.093,0.047115,0.072723,0.0594614,0.0676303
-69.0703,0.046096,0.0724305,0.0591945,0.0667709
-69.0476,0.0450656,0.0711322,0.0589157,0.0658947
-69.0249,0.0440242,0.070881,0.058625,0.0650021
-69.0023,0.042972,0.0688069,0.0583225,0.0640931
-68.9796,0.0419092,0.0691785,0.0580083,0.0631681
-68.9569,0.0408361,0.0673848,0.0576824,0.0622273
-68.9342,0.039753,0.0656556,0.0573449,0.0612708
-68.9116,0.0386601,0.0656333,0.0569959,0.060299
-68.8889,0.0375577,0.0652315,0.0566355,0.059312
-68.8662,0.0364461,0.06415,0.0562637,0.0583102
-68.8435,0.0353256,0.0644025,0.0558807,0.0572937
-68.8209,0.0341964,0.0624493,0.0554866,0.0562628
-68.7982,0.0330587,0.0632885,0.0550815,0.0552178
-68.7755,0.031913,0.062863,0.0546654,0.0541589
-68.7528,0.0307594,0.0615741,0.0542385,0.0530865
-68.7302,0.0295983,0.059194,0.0538008,0.0520008
-68.7075,0.0284299,0.0580133,0.0533524,0.050902
-68.6848,0.0272545,0.0589171,0.0528935,0.0497904
-68.6621,0.0260724,0.0580327,0.0524242,0.0486664
-68.6395,0.0248839,0.056057,0.0519446,0.0475303
-68.6168,0.0236893,0.0548881,0.0514547,0.0463822
-68.5941,0.0224889,0.0547326,0.0509547,0.0452225
-68.5714,0.0212829,0.0530081,0.0504448,0.0440516
-68.5488,0.0200718,0.0503905,0.049925,0.0428697
-68.5261,0.0188557,0.0496656,0.0493954,0.0416771
-68.5034,0.017635,0.0514073,0.0488562,0.0404742
-68.4807,0.0164099,0.0499084,0.0483074,0.0392612
-68.458,0.0151808,0.0465617,0.0477493,0.0380385
-68.4354,0.013948,0.0471488,0.0471819,0.0368064
-68.4127,0.0127117,0.0461785,0.0466054,0.0355651
-68.39,0.0114724,0.0448559,0.0460199,0.0343152
-68.3673,0.0102302,0.0431508,0.0454254,0.0330568
-68.3447,0.00898547,0.0403556,0.0448223,0.0317903
-68.322,0.00773857,0.0413539,0.0442105,0.0305161
-68.2993,0.00648976,0.0411544,0.0435902,0.0292344
-68.2766,0.00523936,0.0378717,0.0429616,0.0279456
-68.254,0.00398767,0.0378166,0.0423247,0.0266501
-68.2313,0.002735,0.0362093,0.0416798,0.0253482
-68.2086,0.00148166,0.0356125,0.0410269,0.0240403
-68.1859,0.000227961,0.0343387,0.0403663,0.0227266
-68.1633,-0.0010258,0.0317796,0.039698,0.0214075
-68.1406,-0.00227931,0.0305667,0.0390222,0.0200834
-68.1179,-0.00353225,0.0311143,0.038339,0.0187546
-68.0952,-0.00478433,0.0277659,0.0376486,0.0174215
-68.0726,-0.00603524,0.029014,0.0369512,0.0160845
-68.0499,-0.00728466,0.0265247,0.0362467,0.0147438
-68.0272,-0.00853229,0.0256106,0.0355356,0.0133998
-68.0045,-0.00977783,0.0216373,0.0348178,0.0120529
-67.9819,-0.011021,0.0209643,0.0340935,0.0107035
-67.9592,-0.0122614,0.020029,0.033363,0.0093518
-67.9365,-0.0134988,0.0197989,0.0326262,0.00799827
-67.9138,-0.0147329,0.0181269,0.0318835,0.00664324
-67.8912,-0.0159634,0.0172659,0.0311349,0.00528705
-67.8685,-0.01719,0.01565,0.0303805,0.00393003
-67.8458,-0.0184123,0.015393,0.0296207,0.00257258
-67.8231,-0.0196301,0.0144772,0.0288555,0.00121503
-67.8005,-0.0208431,0.0142621,0.028085,-0.000142286
-67.7778,-0.022051,0.0110844,0.0273095,-0.00149899
-67.7551,-0.0232534,0.0120157,0.026529,-0.00285477
-67.7324,-0.0244502,0.00935605,0.0257439,-0.00420924
-67.7098,-0.0256409,0.00982713,0.0249541,-0.00556209
-67.6871,-0.0268254,0.00637657,0.0241599,-0.00691296
-67.6644,-0.0280032,0.00423726,0.0233615,-0.0082615
-67.6417,-0.0291742,0.0041435,0.022559,-0.00960737
-67.619,-0.030338,0.00370768,0.0217525,-0.0109502
-67.5964,-0.0314944,0.00184978,0.0209423,-0.0122898
-67.5737,-0.032643,-3.94431e-05,0.0201285,-0.0136256
-67.551,-0.0337836,0.000991351,0.0193112,-0.0149574
-67.5283,-0.0349159,-0.00100708,0.0184907,-0.0162849
-67.5057,-0.0360397,-0.00353419,0.0176671,-0.0176078
-67.483,-0.0371546,-0.0024762,0.0168405,-0.0189256
-67.4603,-0.0382603,-0.00510415,0.0160112,-0.0202381
-67.4376,-0.0393567,-0.00702881,0.0151793,-0.0215449
-67.415,-0.0404434,-0.00859173,0.0143449,-0.0228458
-67.3923,-0.0415201,-0.0100807,0.0135083,-0.0241404
-67.3696,-0.0425867,-0.00916623,0.0126696,-0.0254285
-67.3469,-0.0436428,-0.00901843,0.0118289,-0.0267096
-67.3243,-0.0446882,-0.0127721,0.0109865,-0.0279835
-67.3016,-0.0457226,-0.0149637,0.0101425,-0.0292499
-67.2789,-0.0467458,-0.0146218,0.00929708,-0.0305085
-67.2562,-0.0477574,-0.0156112,0.00845039,-0.0317589
-67.2336,-0.0487574,-0.0152611,0.00760261,-0.033001
-67.2109,-0.0497454,-0.0176283,0.00675393,-0.0342343
-67.1882,-0.0507212,-0.0172452,0.00590449,-0.0354587
-67.1655,-0.0516845,-0.0166052,0.00505447,-0.0366738
-67.1429,-0.0526351,-0.0215875,0.00420401,-0.0378793
-67.1202,-0.0535728,-0.0222223,0.00335333,-0.039075
-67.0975,-0.0544973,-0.0213383,0.00250259,-0.0402606
-67.0748,-0.0554085,-0.0231931,0.00165192,-0.0414358
-67.0522,-0.056306,-0.0235479,0.000801489,-0.0426004
-67.0295,-0.0571897,-0.0267351,-4.85059e-05,-0.0437541
-67.0068,-0.0580594,-0.0268052,-0.000897911,-0.0448966
-66.9841,-0.0589148,-0.0271095,-0.00174656,-0.0460277
-66.9615,-0.0597557,-0.0294874,-0.00259429,-0.0471471
-66.9388,-0.0605819,-0.0309354,-0.00344093,-0.0482546
-66.9161,-0.0613933,-0.0313483,-0.00428632,-0.0493499
-66.8934,-0.0621896,-0.0296448,-0.00513028,-0.0504328
-66.8707,-0.0629706,-0.0345288,-0.00597267,-0.0515031
-66.8481,-0.0637362,-0.0346755,-0.00681332,-0.0525605
-66.8254,-0.0644861,-0.0339262,-0.00765205,-0.0536048
-66.8027,-0.0652201,-0.0349039,-0.0084887,-0.0546358
-66.78,-0.0659382,-0.0353163,-0.00932314,-0.0556533
-66.7574,-0.06664,-0.0370072,-0.0101552,-0.0566569
-66.7347,-0.0673255,-0.0390301,-0.0109847,-0.0576467
-66.712,-0.0679944,-0.0394843,-0.0118114,-0.0586222
-66.6893,-0.0686467,-0.0393426,-0.0126353,-0.0595833
-66.6667,-0.069282,-0.0420945,-0.0134562,-0.0605298
-66.644,-0.0699004,-0.0396819,-0.0142738,-0.0614616
-66.6213,-0.0705016,-0.039338,-0.0150882,-0.0623784
-66.5986,-0.0710855,-0.0441193,-0.015899,-0.06328
-66.576,-0.0716519,-0.0429845,-0.0167062,-0.0641662
-66.5533,-0.0722007,-0.0447324,-0.0175095,-0.065037
-66.5306,-0.0727318,-0.0439006,-0.0183089,-0.065892
-66.5079,-0.073245,-0.0445091,-0.0191042,-0.0667311
-66.4853,-0.0737402,-0.0480798,-0.0198952,-0.0675542
-66.4626,-0.0742173,-0.0473659,-0.0206817,-0.068361
-66.4399,-0.0746762,-0.0494467,-0.0214637,-0.0691515
-66.4172,-0.0751168,-0.0497329,-0.022241,-0.0699255
-66.3946,-0.0755389,-0.0491971,-0.0230135,-0.0706827
-66.3719,-0.0759424,-0.0496507,-0.0237809,-0.0714231
-66.3492,-0.0763273,-0.0509015,-0.0245431,-0.0721465
-66.3265,-0.0766934,-0.0518867,-0.0253001,-0.0728527
-66.3039,-0.0770407,-0.0528879,-0.0260516,-0.0735417
-66.2812,-0.0773691,-0.0552678,-0.0267975,-0.0742133
-66.2585,-0.0776785,-0.0541405,-0.0275377,-0.0748674
-66.2358,-0.0779688,-0.053242,-0.028272,-0.0755037
-66.2132,-0.0782399,-0.0542163,-0.0290004,-0.0761223
-66.1905,-0.0784919,-0.0565663,-0.0297226,-0.0767229
-66.1678,-0.0787245,-0.054015,-0.0304385,-0.0773055
-66.1451,-0.0789378,-0.0567233,-0.031148,-0.07787
-66.1224,-0.0791318,-0.0567804,-0.0318509,-0.0784162
-66.0998,-0.0793063,-0.0566051,-0.0325472,-0.078944
-66.0771,-0.0794613,-0.056991,-0.0332367,-0.0794533
-66.0544,-0.0795968,-0.0580273,-0.0339193,-0.0799441
-66.0317,-0.0797127,-0.0580367,-0.0345948,-0.0804162
-66.0091,-0.0798091,-0.058141,-0.0352631,-0.0808695
-65.9864,-0.0798858,-0.0604648,-0.0359241,-0.081304
-65.9637,-0.079943,-0.0603474,-0.0365776,-0.0817195
-65.941,-0.0799805,-0.0598107,-0.0372236,-0.0821159
-65.9184,-0.0799984,-0.059874,-0.037862,-0.0824933
-65.8957,-0.0799966,-0.0610116,-0.0384925,-0.0828515
-65.873,-0.0799751,-0.0617669,-0.0391151,-0.0831904
-65.8503,-0.0799341,-0.0606107,-0.0397298,-0.08351
-65.8277,-0.0798733,-0.0624216,-0.0403363,-0.0838102
-65.805,-0.079793,-0.0616871,-0.0409345,-0.0840909
-65.7823,-0.0796931,-0.0616045,-0.0415244,-0.084352
-65.7596,-0.0795736,-0.063596,-0.0421058,-0.0845937
-65.737,-0.0794345,-0.0628366,-0.0426786,-0.0848156
-65.7143,-0.079276,-0.065363,-0.0432428,-0.0850179
-65.6916,-0.0790979,-0.0623431,-0.0437981,-0.0852004
-65.6689,-0.0789005,-0.0629041,-0.0443446,-0.0853631
-65.6463,-0.0786837,-0.0631875,-0.0448821,-0.085506
-65.6236,-0.0784475,-0.0641554,-0.0454105,-0.0856291
-65.6009,-0.0781921,-0.0645866,-0.0459298,-0.0857323
-65.5782,-0.0779174,-0.063599,-0.0464397,-0.0858154
-65.5556,-0.0776237,-0.0650071,-0.0469403,-0.0858787
-65.5329,-0.0773108,-0.0629431,-0.0474315,-0.085922
-65.5102,-0.076979,-0.0636241,-0.0479131,-0.0859452
-65.4875,-0.0766283,-0.0636883,-0.048385,-0.0859485
-65.4649,-0.0762587,-0.0639426,-0.0488473,-0.0859317
-65.4422,-0.0758704,-0.0649051,-0.0492997,-0.0858948
-65.4195,-0.0754635,-0.0644983,-0.0497423,-0.0858379
-65.3968,-0.075038,-0.0633899,-0.0501748,-0.0857609
-65.3741,-0.0745941,-0.0626113,-0.0505974,-0.0856639
-65.3515,-0.0741319,-0.0627424,-0.0510098,-0.0855468
-65.3288,-0.0736515,-0.0639488,-0.051412,-0.0854096
-65.3061,-0.073153,-0.0633308,-0.051804,-0.0852524
-65.2834,-0.0726365,-0.0631781,-0.0521856,-0.0850752
-65.2608,-0.0721022,-0.0640494,-0.0525568,-0.0848779
-65.2381,-0.0715502,-0.0631825,-0.0529176,-0.0846607
-65.2154,-0.0709806,-0.0615431,-0.0532678,-0.0844235
-65.1927,-0.0703936,-0.0617475,-0.0536074,-0.0841663
-65.1701,-0.0697892,-0.0611046,-0.0539364,-0.0838893
-65.1474,-0.0691678,-0.062463,-0.0542546,-0.0835923
-65.1247,-0.0685293,-0.0622517,-0.0545621,-0.0832755
-65.102,-0.067874,-0.0597033,-0.0548587,-0.082939
-65.0794,-0.0672021,-0.0596776,-0.0551445,-0.0825827
-65.0567,-0.0665136,-0.0618773,-0.0554193,-0.0822066
-65.034,-0.0658088,-0.0599239,-0.0556831,-0.081811
-65.0113,-0.0650878,-0.0605906,-0.0559359,-0.0813958
-64.9887,-0.0643509,-0.0601591,-0.0561777,-0.080961
-64.966,-0.0635981,-0.0598989,-0.0564083,-0.0805069
-64.9433,-0.0628298,-0.0578796,-0.0566278,-0.0800333
-64.9206,-0.062046,-0.0574147,-0.0568361,-0.0795405
-64.898,-0.0612469,-0.0590238,-0.0570331,-0.0790284
-64.8753,-0.0604328,-0.0592,-0.057219,-0.0784972
-64.8526,-0.0596039,-0.0581555,-0.0573935,-0.077947
-64.8299,-0.0587603,-0.0572494,-0.0575566,-0.0773778
-64.8073,-0.0579023,-0.0549277,-0.0577085,-0.0767898
-64.7846,-0.0570301,-0.0566828,-0.0578489,-0.0761831
-64.7619,-0.0561438,-0.0559399,-0.057978,-0.0755577
-64.7392,-0.0552438,-0.056737,-0.0580956,-0.0749138
-64.7166,-0.0543302,-0.0542835,-0.0582018,-0.0742515
-64.6939,-0.0534033,-0.0530823,-0.0582965,-0.0735709
-64.6712,-0.0524632,-0.0536095,-0.0583798,-0.0728721
-64.6485,-0.0515103,-0.0526718,-0.0584515,-0.0721554
-64.6259,-0.0505447,-0.0515956,-0.0585118,-0.0714208
-64.6032,-0.0495667,-0.0507473,-0.0585606,-0.0706684
-64.5805,-0.0485765,-0.051752,-0.0585978,-0.0698984
-64.5578,-0.0475744,-0.0488256,-0.0586236,-0.069111
-64.5351,-0.0465606,-0.0483641,-0.0586378,-0.0683062
-64.5125,-0.0455353,-0.0463532,-0.0586405,-0.0674844
-64.4898,-0.0444989,-0.0456693,-0.0586316,-0.0666456
-64.4671,-0.0434516,-0.0466926,-0.0586113,-0.06579
-64.4444,-0.0423935,-0.0453678,-0.0585795,-0.0649178
-64.4218,-0.0413251,-0.0456663,-0.0585361,-0.0640291
-64.3991,-0.0402465,-0.0433743,-0.0584812,-0.0631243
-64.3764,-0.039158,-0.0445185,-0.0584149,-0.0622033
-64.3537,-0.03806,-0.0425882,-0.0583371,-0.0612665
-64.3311,-0.0369525,-0.0407024,-0.0582479,-0.0603141
-64.3084,-0.035836,-0.0427976,-0.0581472,-0.0593462
-64.2857,-0.0347107,-0.040793,-0.0580351,-0.0583631
-64.263,-0.0335769,-0.0393465,-0.0579116,-0.0573649
-64.2404,-0.0324348,-0.0380414,-0.0577768,-0.056352
-64.2177,-0.0312847,-0.0371479,-0.0576306,-0.0553245
-64.195,-0.030127,-0.0395214,-0.0574731,-0.0542826
-64.1723,-0.0289618,-0.0385664,-0.0573043,-0.0532266
-64.1497,-0.0277896,-0.0355394,-0.0571243,-0.0521568
-64.127,-0.0266105,-0.0344703,-0.0569331,-0.0510734
-64.1043,-0.0254249,-0.0345904,-0.0567307,-0.0499766
-64.0816,-0.024233,-0.0334918,-0.0565172,-0.0488667
-64.059,-0.0230352,-0.0324445,-0.0562926,-0.047744
-64.0363,-0.0218318,-0.0317759,-0.0560569,-0.0466087
-64.0136,-0.0206229,-0.0312816,-0.0558102,-0.0454611
-63.9909,-0.019409,-0.0294889,-0.0555526,-0.0443014
-63.9683,-0.0181904,-0.0271542,-0.055284,-0.04313
-63.9456,-0.0169673,-0.0268262,-0.0550046,-0.0419471
-63.9229,-0.01574,-0.0268716,-0.0547144,-0.0407531
-63.9002,-0.0145088,-0.0233301,-0.0544134,-0.0395482
-63.8776,-0.0132741,-0.0230088,-0.0541017,-0.0383327
-63.8549,-0.0120361,-0.0232391,-0.0537795,-0.0371069
-63.8322,-0.0107951,-0.0221878,-0.0534466,-0.0358711
-63.8095,-0.00955154,-0.0184938,-0.0531032,-0.0346257
-63.7868,-0.0083056,-0.0195689,-0.0527494,-0.0333709
-63.7642,-0.00705762,-0.0187998,-0.0523852,-0.032107
-63.7415,-0.0058079,-0.0164981,-0.0520106,-0.0308345
-63.7188,-0.00455676,-0.016271,-0.0516258,-0.0295536
-63.6961,-0.0033045,-0.014626,-0.0512309,-0.0282646
-63.6735,-0.00205143,-0.0109886,-0.0508258,-0.0269679
-63.6508,-0.000797852,-0.0129977,-0.0504108,-0.0256638
-63.6281,0.00045592,-0.0109869,-0.0499858,-0.0243526
-63.6054,0.00170958,-0.0105065,-0.0495509,-0.0230347
-63.5828,0.00296282,-0.00832375,-0.0491062,-0.0217105
-63.5601,0.00421533,-0.00666501,-0.0486519,-0.0203802
-63.5374,0.00546681,-0.00561501,-0.0481879,-0.0190443
-63.5147,0.00671694,-0.00530485,-0.0477144,-0.0177031
-63.4921,0.00796543,-0.00291965,-0.0472315,-0.0163569
-63.4694,0.00921196,-0.00306539,-0.0467391,-0.0150061
-63.4467,0.0104562,-0.00110647,-0.0462376,-0.0136511
-63.424,0.0116979,-0.000736617,-0.0457268,-0.0122922
-63.4014,0.0129367,0.000275162,-0.0452071,-0.0109298
-63.3787,0.0141724,0.00318833,-0.0446783,-0.00956425
-63.356,0.0154046,0.00399721,-0.0441407,-0.00819592
-63.3333,0.0166329,0.0040513,-0.0435942,-0.00682516
-63.3107,0.0178572,0.00657516,-0.0430392,-0.0054524
-63.288,0.0190771,0.00738009,-0.0424755,-0.00407795
-63.2653,0.0202924,0.00967626,-0.0419034,-0.00270221
-63.2426,0.0215026,0.0100231,-0.0413229,-0.00132554
-63.22,0.0227076,0.0128243,-0.0407341,5.16698e-05
-63.1973,0.0239069,0.0123298,-0.0401373,0.00142905
-63.1746,0.0251005,0.0117032,-0.0395324,0.00280623
-63.1519,0.0262878,0.0144328,-0.0389196,0.00418285
-63.1293,0.0274687,0.015375,-0.038299,0.0055585
-63.1066,0.0286428,0.0157853,-0.0376706,0.00693283
-63.0839,0.0298099,0.0201309,-0.0370348,0.00830547
-63.0612,0.0309697,0.0187311,-0.0363914,0.00967604
-63.0385,0.0321219,0.0182084,-0.0357408,0.0110441
-63.0159,0.0332662,0.0240771,-0.0350829,0.0124094
-62.9932,0.0344023,0.0219465,-0.034418,0.0137715
-62.9705,0.03553,0.0233272,-0.0337461,0.0151301
-62.9478,0.0366489,0.0256115,-0.0330673,0.0164847
-62.9252,0.0377588,0.0259673,-0.0323819,0.017835
-62.9025,0.0388595,0.0282092,-0.0316898,0.0191807
-62.8798,0.0399506,0.0284688,-0.0309913,0.0205213
-62.8571,0.0410319,0.0292128,-0.0302865,0.0218566
-62.8345,0.0421032,0.0303386,-0.0295755,0.0231861
-62.8118,0.0431641,0.0307919,-0.0288584,0.0245095
-62.7891,0.0442143,0.0321178,-0.0281354,0.0258264
-62.7664,0.0452538,0.0329086,-0.0274066,0.0271365
-62.7438,0.0462821,0.0354316,-0.0266722,0.0284395
-62.7211,0.047299,0.0356942,-0.0259323,0.0297349
-62.6984,0.0483044,0.0368616,-0.0251869,0.0310225
-62.6757,0.0492978,0.0402261,-0.0244364,0.0323019
-62.6531,0.0502792,0.0386956,-0.0236808,0.0335728
-62.6304,0.0512482,0.0402847,-0.0229202,0.0348348
-62.6077,0.0522046,0.0426517,-0.0221547,0.0360877
-62.585,0.0531482,0.0403349,-0.0213847,0.037331
-62.5624,0.0540787,0.04299,-0.0206101,0.0385644
-62.5397,0.054996,0.0446326,-0.0198311,0.0397877
-62.517,0.0558997,0.045647,-0.0190479,0.0410005
-62.4943,0.0567897,0.0455293,-0.0182606,0.0422025
-62.4717,0.0576658,0.0458582,-0.0174694,0.0433934
-62.449,0.0585277,0.0482238,-0.0166744,0.044573
-62.4263,0.0593753,0.0502265,-0.0158758,0.0457408
-62.4036,0.0602082,0.0509321,-0.0150737,0.0468967
-62.381,0.0610264,0.0538609,-0.0142682,0.0480402
-62.3583,0.0618295,0.0530756,-0.0134596,0.0491713
-62.3356,0.0626175,0.0519967,-0.012648,0.0502894
-62.3129,0.0633901,0.0559219,-0.0118335,0.0513945
-62.2902,0.0641472,0.0555477,-0.0110162,0.0524862
-62.2676,0.0648884,0.0538248,-0.0101965,0.0535643
-62.2449,0.0656138,0.0574707,-0.00937424,0.0546285
-62.2222,0.066323,0.0599259,-0.00854979,0.0556785
-62.1995,0.0670159,0.0588495,-0.00772325,0.0567141
-62.1769,0.0676924,0.0591347,-0.00689478,0.0577351
-62.1542,0.0683523,0.0607112,-0.00606453,0.0587412
-62.1315,0.0689953,0.0602979,-0.00523265,0.0597322
-62.1088,0.0696214,0.0605754,-0.00439933,0.0607079
-62.0862,0.0702305,0.0624238,-0.00356468,0.061668
-62.0635,0.0708222,0.0618711,-0.00272891,0.0626124
-62.0408,0.0713966,0.0635532,-0.00189218,0.0635407
-62.0181,0.0719534,0.0650883,-0.0010546,0.064453
-61.9955,0.0724926,0.0652242,-0.000216365,0.0653488
-61.9728,0.0730139,0.0641135,0.00062237,0.0662281
-61.9501,0.0735174,0.0668691,0.00146145,0.0670906
-61.9274,0.0740027,0.0671324,0.00230069,0.0679362
-61.9048,0.0744699,0.066095,0.00313996,0.0687648
-61.8821,0.0749188,0.0679779,0.00397909,0.069576
-61.8594,0.0753493,0.0710209,0.00481789,0.0703698
-61.8367,0.0757613,0.0711987,0.00565622,0.071146
-61.8141,0.0761547,0.0695926,0.00649396,0.0719045
-61.7914,0.0765293,0.0725268,0.00733085,0.0726451
-61.7687,0.0768852,0.0720169,0.00816681,0.0733677
-61.746,0.0772222,0.0715941,0.00900165,0.0740721
-61.7234,0.0775402,0.0733178,0.00983521,0.0747583
-61.7007,0.0778392,0.0739867,0.0106673,0.075426
-61.678,0.0781191,0.0762964,0.0114978,0.0760752
-61.6553,0.0783797,0.0748272,0.0123266,0.0767058
-61.6327,0.0786212,0.0767177,0.0131534,0.0773176
-61.61,0.0788433,0.0773274,0.0139781,0.0779106
-61.5873,0.079046,0.0755841,0.0148005,0.0784846
-61.5646,0.0792294,0.0753924,0.0156206,0.0790397
-61.542,0.0793932,0.0777668,0.0164381,0.0795756
-61.5193,0.0795376,0.0769133,0.0172528,0.0800923
-61.4966,0.0796624,0.0755935,0.0180647,0.0805897
-61.4739,0.0797677,0.0788169,0.0188735,0.0810679
-61.4512,0.0798534,0.0767154,0.019679,0.0815266
-61.4286,0.0799194,0.0774797,0.0204812,0.0819658
-61.4059,0.0799659,0.0797887,0.0212799,0.0823856
-61.3832,0.0799927,0.0778803,0.0220749,0.0827858
-61.3605,0.0799998,0.0781775,0.022866,0.0831664
-61.3379,0.0799873,0.080616,0.0236531,0.0835273
-61.3152,0.0799552,0.0792858,0.024436,0.0838685
-61.2925,0.0799034,0.0800149,0.0252147,0.0841901
-61.2698,0.079832,0.0791314,0.0259888,0.0844919
-61.2472,0.0797409,0.0798739,0.0267584,0.0847739
-61.2245,0.0796303,0.0803055,0.0275231,0.0850362
-61.2018,0.0795002,0.078971,0.0282829,0.0852787
-61.1791,0.0793505,0.0801745,0.0290376,0.0855014
-61.1565,0.0791813,0.0821536,0.0297871,0.0857042
-61.1338,0.0789927,0.0791678,0.0305311,0.0858873
-61.1111,0.0787846,0.0790939,0.0312696,0.0860506
-61.0884,0.0785572,0.0826108,0.0320025,0.0861941
-61.0658,0.0783106,0.0810792,0.0327294,0.0863178
-61.0431,0.0780446,0.0806494,0.0334504,0.0864217
-61.0204,0.0777596,0.0795635,0.0341653,0.0865059
-60.9977,0.0774554,0.0818202,0.0348738,0.0865704
-60.9751,0.0771322,0.0793017,0.035576,0.0866152
-60.9524,0.07679,0.0802963,0.0362715,0.0866403
-60.9297,0.076429,0.0818936,0.0369604,0.0866458
-60.907,0.0760492,0.080106,0.0376423,0.0866316
-60.8844,0.0756508,0.0795264,0.0383173,0.0865979
-60.8617,0.0752337,0.0802807,0.0389852,0.0865448
-60.839,0.0747982,0.0799908,0.0396457,0.0864721
-60.8163,0.0743443,0.0810363,0.0402989,0.08638
-60.7937,0.0738721,0.0796519,0.0409444,0.0862685
-60.771,0.0733818,0.0823532,0.0415824,0.0861377
-60.7483,0.0728735,0.0778515,0.0422124,0.0859877
-60.7256,0.0723473,0.0791958,0.0428346,0.0858184
-60.7029,0.0718033,0.0809336,0.0434486,0.08563
-60.6803,0.0712417,0.0774657,0.0440544,0.0854226
-60.6576,0.0706625,0.0777806,0.0446519,0.0851961
-60.6349,0.0700661,0.0783122,0.0452409,0.0849508
-60.6122,0.0694524,0.0780863,0.0458213,0.0846865
-60.5896,0.0688216,0.0777496,0.046393,0.0844035
-60.5669,0.068174,0.0774183,0.0469558,0.0841018
-60.5442,0.0675096,0.0763652,0.0475097,0.0837815
-60.5215,0.0668286,0.0759673,0.0480545,0.0834426
-60.4989,0.0661312,0.076392,0.0485901,0.0830853
-60.4762,0.0654176,0.0753769,0.0491164,0.0827096
-60.4535,0.0646878,0.0740116,0.0496333,0.0823157
-60.4308,0.0639423,0.0710421,0.0501406,0.0819036
-60.4082,0.063181,0.0738014,0.0506382,0.0814734
-60.3855,0.0624041,0.0730729,0.0511261,0.0810253
-60.3628,0.061612,0.0714815,0.0516041,0.0805593
-60.3401,0.0608047,0.0730784,0.0520721,0.0800755
-60.3175,0.0599825,0.0728728,0.05253,0.079574
-60.2948,0.0591456,0.0699135,0.0529778,0.079055
-60.2721,0.0582941,0.0692666,0.0534152,0.0785186
-60.2494,0.0574283,0.0710263,0.0538423,0.0779648
-60.2268,0.0565484,0.0713301,0.0542588,0.0773938
-60.2041,0.0556546,0.0695242,0.0546648,0.0768057
-60.1814,0.0547471,0.0676461,0.0550601,0.0762006
-60.1587,0.0538262,0.065879,0.0554446,0.0755787
-60.1361,0.0528921,0.068283,0.0558183,0.07494
-60.1134,0.051945,0.0666852,0.056181,0.0742847
-60.0907,0.0509851,0.0645739,0.0565328,0.073613
-60.068,0.0500127,0.0664105,0.0568733,0.0729249
-60.0454,0.0490281,0.0642824,0.0572027,0.0722206
-60.0227,0.0480313,0.0636074,0.0575208,0.0715003
-60,0.0470228,0.0646948,0.0578275,0.070764
-59.9773,0.0460028,0.0614947,0.0581228,0.0700119
-59.9546,0.0449714,0.0625883,0.0584066,0.0692442
-59.932,0.043929,0.061912,0.0586789,0.068461
-59.9093,0.0428758,0.0580206,0.0589395,0.0676625
-59.8866,0.041812,0.0589442,0.0591883,0.0668488
-59.8639,0.040738,0.0591021,0.0594254,0.06602
-59.8413,0.039654,0.0568824,0.0596506,0.0651764
-59.8186,0.0385603,0.0558649,0.0598639,0.064318
-59.7959,0.037457,0.057236,0.0600653,0.0634452
-59.7732,0.0363446,0.0559773,0.0602547,0.0625579
-59.7506,0.0352233,0.0552894,0.0604319,0.0616564
-59.7279,0.0340933,0.0548157,0.0605971,0.0607409
-59.7052,0.0329549,0.0524958,0.0607501,0.0598115
-59.6825,0.0318084,0.0539381,0.0608908,0.0588685
-59.6599,0.0306542,0.052857,0.0610194,0.0579119
-59.6372,0.0294924,0.0505083,0.0611356,0.0569421
-59.6145,0.0283233,0.0514797,0.0612394,0.055959
-59.5918,0.0271473,0.0483872,0.0613308,0.0549631
-59.5692,0.0259646,0.0481417,0.0614099,0.0539545
-59.5465,0.0247756,0.0473317,0.0614765,0.0529333
-59.5238,0.0235804,0.0450864,0.0615306,0.0518997
-59.5011,0.0223795,0.0459816,0.0615722,0.0508541
-59.4785,0.0211731,0.0441911,0.0616012,0.0497965
-59.4558,0.0199614,0.0418893,0.0616178,0.0487272
-59.4331,0.0187449,0.0412168,0.0616217,0.0476464
-59.4104,0.0175238,0.0414191,0.061613,0.0465543
-59.3878,0.0162983,0.0402731,0.0615917,0.0454511
-59.3651,0.0150689,0.0377774,0.0615578,0.0443372
-59.3424,0.0138357,0.0376997,0.0615112,0.0432126
-59.3197,0.0125992,0.0359192,0.061452,0.0420776
-59.2971,0.0113595,0.0338775,0.0613802,0.0409326
-59.2744,0.0101171,0.0341426,0.0612956,0.0397776
-59.2517,0.00887221,0.0329382,0.0611984,0.0386129
-59.229,0.00762511,0.0332078,0.0610886,0.0374389
-59.2063,0.00637615,0.0318136,0.0609662,0.0362558
-59.1837,0.00512562,0.0294185,0.060831,0.0350637
-59.161,0.00387383,0.0276687,0.0606833,0.0338629
-59.1383,0.00262109,0.0289607,0.0605229,0.0326538
-59.1156,0.0013677,0.0260581,0.0603499,0.0314366
-59.093,0.000113981,0.0274309,0.0601643,0.0302115
-59.0703,-0.00113977,0.024922,0.0599662,0.0289789
-59.0476,-0.00239324,0.0236277,0.0597555,0.0277389
-59.0249,-0.00364612,0.022605,0.0595322,0.026492
-59.0023,-0.0048981,0.020049,0.0592965,0.0252383
-58.9796,-0.00614889,0.0195052,0.0590483,0.0239781
-58.9569,-0.00739816,0.0187408,0.0587877,0.0227117
-58.9342,-0.00864561,0.01718,0.0585147,0.0214395
-58.9116,-0.00989095,0.0187376,0.0582293,0.0201617
-58.8889,-0.0111338,0.0151704,0.0579316,0.0188787
-58.8662,-0.012374,0.0129084,0.0576216,0.0175906
-58.8435,-0.0136111,0.0122182,0.0572994,0.0162979
-58.8209,-0.0148449,0.0112946,0.056965,0.0150008
-58.7982,-0.0160751,0.0113759,0.0566184,0.0136997
-58.7755,-0.0173013,0.00858347,0.0562598,0.0123948
-58.7528,-0.0185232,0.00719958,0.0558891,0.0110865
-58.7302,-0.0197406,0.0070631,0.0555065,0.00977506
-58.7075,-0.0209531,0.00553322,0.055112,0.00846088
-58.6848,-0.0221605,0.00455098,0.0547056,0.00714424
-58.6621,-0.0233625,0.00333671,0.0542875,0.00582545
-58.6395,-0.0245587,0.00254682,0.0538576,0.00450489
-58.6168,-0.0257489,0.0010841,0.0534161,0.00318282
-58.5941,-0.0269327,-0.00217577,0.052963,0.00185967
-58.5714,-0.02811,-0.00211932,0.0524985,0.000535738
-58.5488,-0.0292803,-0.00332045,0.0520225,-0.000788703
-58.5261,-0.0304435,-0.00174265,0.0515352,-0.00211323
-58.5034,-0.0315991,-0.00521985,0.0510367,-0.00343754
-58.4807,-0.0327471,-0.00716881,0.050527,-0.00476127
-58.458,-0.0338869,-0.00793257,0.0500062,-0.00608406
-58.4354,-0.0350185,-0.00764118,0.0494744,-0.00740562
-58.4127,-0.0361414,-0.00861119,0.0489318,-0.00872556
-58.39,-0.0372555,-0.0106597,0.0483783,-0.0100435
-58.3673,-0.0383604,-0.00990841,0.0478142,-0.0113592
-58.3447,-0.0394559,-0.0124077,0.0472394,-0.0126722
-58.322,-0.0405417,-0.0155421,0.0466542,-0.0139821
-58.2993,-0.0416175,-0.0178191,0.0460586,-0.0152887
-58.2766,-0.0426831,-0.0169544,0.0454527,-0.0165916
-58.254,-0.0437383,-0.0171373,0.0448366,-0.0178904
-58.2313,-0.0447827,-0.0194808,0.0442104,-0.0191848
-58.2086,-0.0458161,-0.01802,0.0435744,-0.0204743
-58.1859,-0.0468382,-0.0203264,0.0429285,-0.0217588
-58.1633,-0.0478488,-0.0217543,0.0422729,-0.0230377
-58.1406,-0.0488477,-0.0227265,0.0416077,-0.0243108
-58.1179,-0.0498346,-0.0226713,0.040933,-0.0255777
-58.0952,-0.0508093,-0.0243943,0.040249,-0.026838
-58.0726,-0.0517714,-0.026468,0.0395558,-0.0280914
-58.0499,-0.0527209,-0.0252642,0.0388535,-0.0293376
-58.0272,-0.0536574,-0.029065,0.0381423,-0.0305761
-58.0045,-0.0545807,-0.0295138,0.0374222,-0.0318067
-57.9819,-0.0554906,-0.0308022,0.0366935,-0.033029
-57.9592,-0.0563869,-0.0315311,0.0359563,-0.0342427
-57.9365,-0.0572693,-0.0314408,0.0352106,-0.0354474
-57.9138,-0.0581377,-0.0359535,0.0344567,-0.0366427
-57.8912,-0.0589918,-0.0340733,0.0336946,-0.0378285
-57.8685,-0.0598314,-0.0357082,0.0329246,-0.0390041
-57.8458,-0.0606563,-0.0357745,0.0321468,-0.0401695
-57.8231,-0.0614663,-0.0361512,0.0313614,-0.0413242
-57.8005,-0.0622612,-0.0386943,0.0305684,-0.0424679
-57.7778,-0.0630409,-0.0389677,0.0297681,-0.0436002
-57.7551,-0.063805,-0.0406104,0.0289605,-0.044721
-57.7324,-0.0645535,-0.0427299,0.028146,-0.0458297
-57.7098,-0.0652861,-0.0412232,0.0273245,-0.0469262
-57.6871,-0.0660026,-0.040558,0.0264963,-0.0480101
-57.6644,-0.066703,-0.0418486,0.0256616,-0.0490812
-57.6417,-0.067387,-0.0441426,0.0248204,-0.050139
-57.619,-0.0680544,-0.0467669,0.0239731,-0.0511833
-57.5964,-0.0687051,-0.0446709,0.0231197,-0.0522138
-57.5737,-0.069339,-0.0460281,0.0222604,-0.0532303
-57.551,-0.0699558,-0.047364,0.0213954,-0.0542324
-57.5283,-0.0705554,-0.0469011,0.0205248,-0.0552198
-57.5057,-0.0711377,-0.0466335,0.0196489,-0.0561923
-57.483,-0.0717025,-0.0477181,0.0187678,-0.0571496
-57.4603,-0.0722497,-0.0485063,0.0178816,-0.0580914
-57.4376,-0.0727792,-0.0514981,0.0169906,-0.0590174
-57.415,-0.0732908,-0.0511762,0.016095,-0.0599275
-57.3923,-0.0737843,-0.0509973,0.0151949,-0.0608214
-57.3696,-0.0742598,-0.0534628,0.0142906,-0.0616987
-57.3469,-0.074717,-0.0548888,0.0133821,-0.0625593
-57.3243,-0.0751559,-0.0547241,0.0124697,-0.0634029
-57.3016,-0.0755763,-0.0542162,0.0115535,-0.0642294
-57.2789,-0.0759782,-0.0564684,0.0106339,-0.0650384
-57.2562,-0.0763614,-0.0572043,0.00971084,-0.0658297
-57.2336,-0.0767258,-0.0543733,0.00878466,-0.0666032
-57.2109,-0.0770714,-0.0573651,0.00785548,-0.0673587
-57.1882,-0.077398,-0.0580147,0.00692355,-0.0680959
-57.1655,-0.0777057,-0.0582626,0.00598901,-0.0688146
-57.1429,-0.0779942,-0.060564,0.0050521,-0.0695147
-57.1202,-0.0782636,-0.0556098,0.00411301,-0.0701959
-57.0975,-0.0785138,-0.0583457,0.00317187,-0.0708582
-57.0748,-0.0787447,-0.0618795,0.00222895,-0.0715013
-57.0522,-0.0789563,-0.0591527,0.00128443,-0.072125
-57.0295,-0.0791484,-0.0616107,0.000338475,-0.0727293
-57.0068,-0.0793212,-0.0611535,-0.000608667,-0.073314
-56.9841,-0.0794744,-0.0611942,-0.00155682,-0.0738788
-56.9615,-0.0796081,-0.0628284,-0.00250575,-0.0744237
-56.9388,-0.0797223,-0.0607288,-0.0034553,-0.0749486
-56.9161,-0.0798169,-0.0612414,-0.00440527,-0.0754534
-56.8934,-0.0798918,-0.0640325,-0.00535544,-0.0759378
-56.8707,-0.0799472,-0.0624649,-0.00630558,-0.0764019
-56.8481,-0.0799829,-0.0638742,-0.00725554,-0.0768454
-56.8254,-0.079999,-0.0628739,-0.00820508,-0.0772684
-56.8027,-0.0799954,-0.0623996,-0.00915401,-0.0776707
-56.78,-0.0799722,-0.0647091,-0.0101021,-0.0780523
-56.7574,-0.0799294,-0.064044,-0.0110492,-0.078413
-56.7347,-0.0798669,-0.0636599,-0.0119951,-0.0787528
-56.712,-0.0797847,-0.0637888,-0.0129395,-0.0790716
-56.6893,-0.079683,-0.0653277,-0.0138823,-0.0793694
-56.6667,-0.0795618,-0.0635502,-0.0148233,-0.0796462
-56.644,-0.0794209,-0.0645899,-0.0157622,-0.0799018
-56.6213,-0.0792606,-0.0663045,-0.0166989,-0.0801363
-56.5986,-0.0790808,-0.0656012,-0.0176331,-0.0803496
-56.576,-0.0788816,-0.0645828,-0.0185647,-0.0805417
-56.5533,-0.078663,-0.0637274,-0.0194933,-0.0807126
-56.5306,-0.0784251,-0.0634389,-0.0204189,-0.0808623
-56.5079,-0.0781679,-0.0635943,-0.0213413,-0.0809907
-56.4853,-0.0778915,-0.0658105,-0.0222602,-0.0810979
-56.4626,-0.077596,-0.0636284,-0.0231753,-0.0811838
-56.4399,-0.0772814,-0.0648099,-0.0240866,-0.0812486
-56.4172,-0.0769479,-0.0637342,-0.0249939,-0.0812922
-56.3946,-0.0765954,-0.0630193,-0.0258968,-0.0813146
-56.3719,-0.0762242,-0.064465,-0.0267952,-0.0813159
-56.3492,-0.0758342,-0.0635095,-0.027689,-0.0812961
-56.3265,-0.0754256,-0.0616694,-0.0285778,-0.0812552
-56.3039,-0.0749984,-0.0652988,-0.0294616,-0.0811934
-56.2812,-0.0745529,-0.0630296,-0.0303401,-0.0811107
-56.2585,-0.074089,-0.0625294,-0.031213,-0.081007
-56.2358,-0.0736069,-0.0613294,-0.0320803,-0.0808825
-56.2132,-0.0731068,-0.0626231,-0.0329417,-0.0807372
-56.1905,-0.0725887,-0.062334,-0.033797,-0.0805713
-56.1678,-0.0720528,-0.0623015,-0.034646,-0.0803849
-56.1451,-0.0714991,-0.0604199,-0.0354886,-0.0801779
-56.1224,-0.0709279,-0.0614542,-0.0363245,-0.0799505
-56.0998,-0.0703393,-0.0600069,-0.0371536,-0.0797028
-56.0771,-0.0697334,-0.0592909,-0.0379756,-0.0794349
-56.0544,-0.0691104,-0.0599023,-0.0387903,-0.0791469
-56.0317,-0.0684704,-0.0590383,-0.0395977,-0.0788389
-56.0091,-0.0678136,-0.0604377,-0.0403974,-0.078511
-55.9864,-0.0671402,-0.0557872,-0.0411893,-0.0781634
-55.9637,-0.0664502,-0.0556158,-0.0419733,-0.0777961
-55.941,-0.0657439,-0.0589447,-0.0427491,-0.0774093
-55.9184,-0.0650215,-0.05699,-0.0435165,-0.0770032
-55.8957,-0.0642831,-0.05663,-0.0442754,-0.0765778
-55.873,-0.0635289,-0.054981,-0.0450256,-0.0761333
-55.8503,-0.0627591,-0.0536039,-0.045767,-0.0756699
-55.8277,-0.0619739,-0.0544962,-0.0464992,-0.0751877
-55.805,-0.0611735,-0.0538437,-0.0472222,-0.0746868
-55.7823,-0.0603581,-0.0515598,-0.0479358,-0.0741674
-55.7596,-0.0595278,-0.0517442,-0.0486399,-0.0736296
-55.737,-0.0586829,-0.0523599,-0.0493341,-0.0730737
-55.7143,-0.0578236,-0.0510695,-0.0500185,-0.0724998
-55.6916,-0.0569501,-0.0502903,-0.0506928,-0.0719081
-55.6689,-0.0560626,-0.0497454,-0.0513569,-0.0712986
-55.6463,-0.0551613,-0.0500785,-0.0520105,-0.0706717
-55.6236,-0.0542465,-0.0484228,-0.0526536,-0.0700275
-55.6009,-0.0533183,-0.0479137,-0.0532859,-0.0693661
-55.5782,-0.0523771,-0.0475414,-0.0539074,-0.0686878
-55.5556,-0.051423,-0.0464809,-0.0545179,-0.0679927
-55.5329,-0.0504563,-0.0452668,-0.0551172,-0.067281
-55.5102,-0.0494771,-0.0440202,-0.0557051,-0.066553
-55.4875,-0.0484859,-0.0455586,-0.0562816,-0.0658087
-55.4649,-0.0474827,-0.0446614,-0.0568464,-0.0650485
-55.4422,-0.0464678,-0.0412721,-0.0573995,-0.0642725
-55.4195,-0.0454416,-0.0420847,-0.0579407,-0.0634809
-55.3968,-0.0444041,-0.0393581,-0.0584698,-0.0626739
-55.3741,-0.0433558,-0.0408613,-0.0589868,-0.0618517
-55.3515,-0.0422968,-0.0416798,-0.0594914,-0.0610145
-55.3288,-0.0412275,-0.0375849,-0.0599836,-0.0601626
-55.3061,-0.040148,-0.0387846,-0.0604633,-0.0592962
-55.2834,-0.0390586,-0.0379878,-0.0609302,-0.0584154
-55.2608,-0.0379597,-0.0345644,-0.0613843,-0.0575205
-55.2381,-0.0368514,-0.0368362,-0.0618256,-0.0566117
-55.2154,-0.0357341,-0.0346271,-0.0622537,-0.0556893
-55.1927,-0.034608,-0.033531,-0.0626687,-0.0547534
-55.1701,-0.0334734,-0.0346273,-0.0630704,-0.0538042
-55.1474,-0.0323305,-0.0325877,-0.0634587,-0.0528421
-55.1247,-0.0311798,-0.030438,-0.0638335,-0.0518672
-55.102,-0.0300214,-0.0315204,-0.0641948,-0.0508797
-55.0794,-0.0288556,-0.0293586,-0.0645423,-0.04988
-55.0567,-0.0276827,-0.0285132,-0.0648761,-0.0488682
-55.034,-0.026503,-0.0277912,-0.0651959,-0.0478445
-55.0113,-0.0253168,-0.026774,-0.0655018,-0.0468093
-54.9887,-0.0241244,-0.0264922,-0.0657936,-0.0457627
-54.966,-0.0229261,-0.0245937,-0.0660712,-0.0447049
-54.9433,-0.0217221,-0.0242829,-0.0663346,-0.0436363
-54.9206,-0.0205128,-0.0219957,-0.0665837,-0.042557
-54.898,-0.0192984,-0.0214694,-0.0668183,-0.0414674
-54.8753,-0.0180794,-0.0212879,-0.0670385,-0.0403676
-54.8526,-0.0168558,-0.0186537,-0.0672442,-0.039258
-54.8299,-0.0156282,-0.0178002,-0.0674353,-0.0381387
-54.8073,-0.0143967,-0.0169506,-0.0676116,-0.03701
-54.7846,-0.0131616,-0.0166382,-0.0677733,-0.0358721
-54.7619,-0.0119234,-0.0149391,-0.0679201,-0.0347254
-54.7392,-0.0106822,-0.0126528,-0.0680522,-0.0335701
-54.7166,-0.00943836,-0.0136244,-0.0681692,-0.0324063
-54.6939,-0.00819222,-0.0112017,-0.0682714,-0.0312345
-54.6712,-0.00694407,-0.0111681,-0.0683585,-0.0300548
-54.6485,-0.00569422,-0.0100557,-0.0684307,-0.0288676
-54.6259,-0.00444296,-0.00888514,-0.0684877,-0.027673
-54.6032,-0.00319061,-0.00767106,-0.0685296,-0.0264713
-54.5805,-0.00193748,-0.0076433,-0.0685565,-0.0252629
-54.5578,-0.000683876,-0.00482919,-0.0685681,-0.0240479
-54.5351,0.000569899,-0.00259291,-0.0685645,-0.0228266
-54.5125,0.00182353,-0.00396986,-0.0685457,-0.0215994
-54.4898,0.00307672,-0.00236874,-0.0685117,-0.0203665
-54.4671,0.00432915,-0.00110778,-0.0684624,-0.0191281
-54.4444,0.00558052,0.00143026,-0.0683979,-0.0178845
-54.4218,0.00683051,-4.23978e-05,-0.0683181,-0.0166361
-54.3991,0.00807883,0.00241474,-0.068223,-0.015383
-54.3764,0.00932517,0.00663936,-0.0681126,-0.0141256
-54.3537,0.0105692,0.00396632,-0.067987,-0.0128642
-54.3311,0.0118107,0.00518064,-0.0678461,-0.011599
-54.3084,0.0130492,0.00880373,-0.06769,-0.0103303
-54.2857,0.0142846,0.00898527,-0.0675186,-0.00905833
-54.263,0.0155164,0.00920572,-0.0673319,-0.00778347
-54.2404,0.0167444,0.0120938,-0.0671301,-0.00650597
-54.2177,0.0179683,0.0131386,-0.0669131,-0.00522616
-54.195,0.0191878,0.0137227,-0.0666809,-0.00394424
-54.1723,0.0204026,0.0162504,-0.0664336,-0.00266057
-54.1497,0.0216124,0.0149357,-0.0661712,-0.00137542
-54.127,0.0228168,0.0155531,-0.0658937,-8.9098e-05
-54.1043,0.0240157,0.0192688,-0.0656013,0.00119812
-54.0816,0.0252087,0.0186385,-0.0652938,0.00248597
-54.059,0.0263954,0.0193865,-0.0649714,0.0037741
-54.0363,0.0275757,0.0221649,-0.0646342,0.00506227
-54.0136,0.0287492,0.0216826,-0.0642821,0.00635016
-53.9909,0.0299157,0.0230984,-0.0639153,0.00763742
-53.9683,0.0310748,0.023315,-0.0635337,0.00892384
-53.9456,0.0322263,0.0260278,-0.0631376,0.0102091
-53.9229,0.0333698,0.0272703,-0.0627268,0.0114928
-53.9002,0.0345052,0.0272589,-0.0623016,0.0127748
-53.8776,0.0356321,0.0281093,-0.0618619,0.0140546
-53.8549,0.0367502,0.0303746,-0.0614079,0.0153321
-53.8322,0.0378593,0.0323591,-0.0609397,0.016607
-53.8095,0.0389591,0.0322979,-0.0604573,0.0178788
-53.7868,0.0400493,0.0328762,-0.0599607,0.0191473
-53.7642,0.0411297,0.0339919,-0.0594503,0.0204122
-53.7415,0.0422,0.0354374,-0.0589259,0.0216733
-53.7188,0.04326,0.038035,-0.0583877,0.0229301
-53.6961,0.0443093,0.0375314,-0.0578358,0.0241824
-53.6735,0.0453477,0.0397318,-0.0572704,0.02543
-53.6508,0.046375,0.0409763,-0.0566914,0.0266724
-53.6281,0.0473909,0.0399202,-0.0560991,0.0279094
-53.6054,0.0483952,0.0431107,-0.0554935,0.0291407
-53.5828,0.0493875,0.0441895,-0.0548748,0.030366
-53.5601,0.0503678,0.0453266,-0.0542431,0.031585
-53.5374,0.0513356,0.0456456,-0.0535985,0.0327973
-53.5147,0.0522909,0.0466798,-0.0529412,0.0340028
-53.4921,0.0532333,0.0476731,-0.0522712,0.035201
-53.4694,0.0541627,0.0478667,-0.0515888,0.0363917
-53.4467,0.0550787,0.0488233,-0.0508939,0.0375746
-53.424,0.0559812,0.0498144,-0.0501869,0.0387494
-53.4014,0.05687,0.0504615,-0.0494678,0.0399157
-53.3787,0.0577448,0.0523189,-0.0487368,0.0410734
-53.356,0.0586054,0.0530883,-0.0479941,0.0422221
-53.3333,0.0594516,0.0549602,-0.0472397,0.0433615
-53.3107,0.0602832,0.0562189,-0.0464738,0.0444913
-53.288,0.0611,0.0552158,-0.0456967,0.0456113
-53.2653,0.0619018,0.0572182,-0.0449084,0.0467212
-53.2426,0.0626884,0.0602555,-0.0441091,0.0478206
-53.22,0.0634596,0.0600123,-0.043299,0.0489093
-53.1973,0.0642152,0.0593539,-0.0424783,0.049987
-53.1746,0.064955,0.0602788,-0.0416471,0.0510535
-53.1519,0.0656789,0.0614651,-0.0408057,0.0521085
-53.1293,0.0663867,0.0625571,-0.0399541,0.0531516
-53.1066,0.0670781,0.06361,-0.0390926,0.0541826
-53.0839,0.0677531,0.0635326,-0.0382213,0.0552013
-53.0612,0.0684114,0.0655895,-0.0373406,0.0562074
-53.0385,0.0690529,0.0656692,-0.0364504,0.0572007
-53.0159,0.0696775,0.0667626,-0.035551,0.0581808
-52.9932,0.070285,0.067261,-0.0346426,0.0591475
-52.9705,0.0708752,0.0694896,-0.0337255,0.0601006
-52.9478,0.0714479,0.0686087,-0.0327998,0.0610399
-52.9252,0.0720032,0.0691298,-0.0318657,0.061965
-52.9025,0.0725407,0.0708847,-0.0309234,0.0628758
-52.8798,0.0730604,0.0708451,-0.0299731,0.0637719
-52.8571,0.0735622,0.0710357,-0.029015,0.0646533
-52.8345,0.0740459,0.0716246,-0.0280493,0.0655196
-52.8118,0.0745115,0.0718841,-0.0270763,0.0663706
-52.7891,0.0749587,0.0740917,-0.0260962,0.0672062
-52.7664,0.0753875,0.0753191,-0.0251092,0.0680259
-52.7438,0.0757978,0.0737879,-0.0241153,0.0688298
-52.7211,0.0761895,0.0758695,-0.0231151,0.0696176
-52.6984,0.0765625,0.0760246,-0.0221085,0.070389
-52.6757,0.0769166,0.076545,-0.021096,0.0711439
-52.6531,0.0772519,0.0778706,-0.0200776,0.0718821
-52.6304,0.0775682,0.0784278,-0.0190536,0.0726033
-52.6077,0.0778654,0.0771569,-0.0180242,0.0733075
-52.585,0.0781436,0.0775038,-0.0169897,0.0739944
-52.5624,0.0784025,0.0789533,-0.0159503,0.0746639
-52.5397,0.0786422,0.0793188,-0.0149062,0.0753157
-52.517,0.0788625,0.0803031,-0.0138577,0.0759498
-52.4943,0.0790635,0.0803585,-0.012805,0.076566
-52.4717,0.0792451,0.0785088,-0.0117483,0.077164
-52.449,0.0794072,0.0805673,-0.0106879,0.0777439
-52.4263,0.0795498,0.0800964,-0.00962402,0.0783053
-52.4036,0.0796728,0.0800048,-0.00855691,0.0788483
-52.381,0.0797763,0.0819244,-0.00748676,0.0793726
-52.3583,0.0798602,0.0834792,-0.00641382,0.0798782
-52.3356,0.0799245,0.0821358,-0.00533843,0.0803649
-52.3129,0.0799691,0.0813209,-0.00426073,0.0808326
-52.2902,0.0799941,0.0840545,-0.00318104,0.0812812
-52.2676,0.0799995,0.0835234,-0.00209952,0.0817106
-52.2449,0.0799852,0.0853004,-0.00101651,0.0821207
-52.2222,0.0799513,0.082795,6.78229e-05,0.0825114
-52.1995,0.0798977,0.0851981,0.00115314,0.0828827
-52.1769,0.0798245,0.0854643,0.00223928,0.0832343
-52.1542,0.0797317,0.0844505,0.00332595,0.0835664
-52.1315,0.0796193,0.0856495,0.0044129,0.0838788
-52.1088,0.0794874,0.0863124,0.00549987,0.0841715
-52.0862,0.0793359,0.0866749,0.00658664,0.0844444
-52.0635,0.0791649,0.0852028,0.00767294,0.0846973
-52.0408,0.0789745,0.0850935,0.0087585,0.0849304
-52.0181,0.0787647,0.0849647,0.00984308,0.0851435
-51.9955,0.0785356,0.0846625,0.0109265,0.0853367
-51.9728,0.0782872,0.0858661,0.0120083,0.0855099
-51.9501,0.0780195,0.0840836,0.0130885,0.0856631
-51.9274,0.0777327,0.0859837,0.0141667,0.0857962
-51.9048,0.0774268,0.0841018,0.0152426,0.0859093
-51.8821,0.0771018,0.082864,0.016316,0.0860024
-51.8594,0.076758,0.0824806,0.0173868,0.0860754
-51.8367,0.0763953,0.0828125,0.0184545,0.0861284
-51.8141,0.0760138,0.0836198,0.019519,0.0861614
-51.7914,0.0756136,0.0813311,0.0205799,0.0861743
-51.7687,0.0751949,0.0810316,0.0216371,0.0861673
-51.746,0.0747577,0.0812613,0.0226904,0.0861403
-51.7234,0.0743021,0.081431,0.0237394,0.0860935
-51.7007,0.0738283,0.0817049,0.0247839,0.0860267
-51.678,0.0733364,0.0803414,0.0258236,0.0859401
-51.6553,0.0728264,0.0831375,0.0268583,0.0858337
-51.6327,0.0722986,0.0808771,0.0278879,0.0857076
-51.61,0.071753,0.079165,0.0289119,0.0855619
-51.5873,0.0711897,0.0810683,0.0299303,0.0853965
-51.5646,0.070609,0.0793726,0.0309426,0.0852116
-51.542,0.070011,0.0802089,0.0319487,0.0850073
-51.5193,0.0693957,0.0796153,0.0329484,0.0847836
-51.4966,0.0687634,0.0775246,0.0339414,0.0845406
-51.4739,0.0681143,0.0771872,0.0349275,0.0842783
-51.4512,0.0674483,0.0777472,0.0359063,0.083997
-51.4286,0.0667659,0.0777227,0.0368778,0.0836966
-51.4059,0.066067,0.0769505,0.0378417,0.0833773
-51.3832,0.0653519,0.0772748,0.0387976,0.0830393
-51.3605,0.0646207,0.0759761,0.0397455,0.0826825
-51.3379,0.0638737,0.0738167,0.040685,0.0823071
-51.3152,0.063111,0.0737156,0.0416159,0.0819133
-51.2925,0.0623327,0.0736257,0.0425381,0.0815011
-51.2698,0.0615392,0.0731324,0.0434513,0.0810707
-51.2472,0.0607306,0.0710263,0.0443552,0.0806222
-51.2245,0.059907,0.0724324,0.0452496,0.0801557
-51.2018,0.0590687,0.0710597,0.0461344,0.0796715
-51.1791,0.058216,0.0686074,0.0470092,0.0791695
-51.1565,0.0573489,0.0690657,0.0478739,0.07865
-51.1338,0.0564677,0.0689869,0.0487284,0.0781131
-51.1111,0.0555727,0.0686444,0.0495722,0.0775589
-51.0884,0.054664,0.0683133,0.0504054,0.0769877
-51.0658,0.0537419,0.066504,0.0512275,0.0763995
-51.0431,0.0528066,0.0654141,0.0520385,0.0757945
-51.0204,0.0518583,0.0642214,0.0528382,0.0751729
-50.9977,0.0508973,0.0633203,0.0536263,0.0745349
-50.9751,0.0499237,0.0609099,0.0544026,0.0738806
-50.9524,0.0489379,0.0624204,0.055167,0.0732101
-50.9297,0.0479401,0.0618239,0.0559192,0.0725237
-50.907,0.0469306,0.0604052,0.0566591,0.0718216
-50.8844,0.0459095,0.0582916,0.0573864,0.0711038
-50.8617,0.0448771,0.0591327,0.0581011,0.0703707
-50.839,0.0438337,0.0590239,0.0588029,0.0696223
-50.8163,0.0427795,0.0578351,0.0594916,0.0688588
-50.7937,0.0417148,0.0539451,0.0601671,0.0680805
-50.771,0.0406399,0.0553103,0.0608292,0.0672875
-50.7483,0.039555,0.0537998,0.0614776,0.06648
-50.7256,0.0384604,0.0525375,0.0621124,0.0656583
-50.7029,0.0373563,0.052349,0.0627332,0.0648225
-50.6803,0.0362431,0.0535457,0.0633399,0.0639727
-50.6576,0.0351209,0.0521316,0.0639325,0.0631093
-50.6349,0.0339901,0.0504854,0.0645106,0.0622323
-50.6122,0.032851,0.0502037,0.0650742,0.0613421
-50.5896,0.0317038,0.0475932,0.0656231,0.0604388
-50.5669,0.0305488,0.0477713,0.0661572,0.0595226
-50.5442,0.0293864,0.0489917,0.0666763,0.0585937
-50.5215,0.0282167,0.0456003,0.0671804,0.0576523
-50.4989,0.02704,0.0437276,0.0676692,0.0566987
-50.4762,0.0258568,0.0434913,0.0681426,0.0557331
-50.4535,0.0246672,0.0424352,0.0686005,0.0547555
-50.4308,0.0234715,0.041199,0.0690428,0.0537665
-50.4082,0.02227,0.0388818,0.0694693,0.052766
-50.3855,0.0210631,0.0390605,0.06988,0.0517543
-50.3628,0.019851,0.0387069,0.0702748,0.0507317
-50.3401,0.0186341,0.0354367,0.0706535,0.0496984
-50.3175,0.0174125,0.0339027,0.071016,0.0486545
-50.2948,0.0161867,0.035308,0.0713621,0.0476004
-50.2721,0.0149569,0.0338935,0.0716919,0.0465362
-50.2494,0.0137234,0.0333701,0.0720053,0.0454622
-50.2268,0.0124866,0.0331421,0.072302,0.0443786
-50.2041,0.0112467,0.0294313,0.0725821,0.0432856
-50.1814,0.010004,0.0258343,0.0728455,0.0421835
-50.1587,0.00875892,0.0283457,0.0730921,0.0410725
-50.1361,0.00751164,0.0261341,0.0733218,0.0399529
-50.1134,0.00626252,0.0253548,0.0735345,0.0388249
-50.0907,0.00501187,0.0260724,0.0737301,0.0376887
-50.068,0.00375998,0.0251068,0.0739088,0.0365446
-50.0454,0.00250716,0.0217307,0.0740702,0.0353928
-50.0227,0.00125374,0.0206092,0.0742145,0.0342335
-50,-1.64721e-15,0.0217696,0.0743415,0.033067
-49.9773,-0.00125374,0.0201451,0.0744512,0.0318937
-49.9546,-0.00250716,0.0182383,0.0745435,0.0307136
-49.932,-0.00375998,0.0152272,0.0746185,0.0295271
-49.9093,-0.00501187,0.0163321,0.0746761,0.0283344
-49.8866,-0.00626252,0.0139698,0.0747162,0.0271358
-49.8639,-0.00751164,0.0120151,0.0747388,0.0259315
-49.8413,-0.00875892,0.0129352,0.074744,0.0247219
-49.8186,-0.010004,0.0101439,0.0747316,0.023507
-49.7959,-0.0112467,0.00833504,0.0747017,0.0222873
-49.7732,-0.0124866,0.00899408,0.0746543,0.0210631
-49.7506,-0.0137234,0.00777756,0.0745894,0.0198344
-49.7279,-0.0149569,0.00484609,0.0745069,0.0186017
-49.7052,-0.0161867,0.00580616,0.0744069,0.0173652
-49.6825,-0.0174125,0.00601278,0.0742893,0.0161251
-49.6599,-0.0186341,-0.000353027,0.0741542,0.0148818
-49.6372,-0.019851,0.00139572,0.0740017,0.0136356
-49.6145,-0.0210631,-0.000117726,0.0738316,0.0123866
-49.5918,-0.02227,-0.00264943,0.0736442,0.0111352
-49.5692,-0.0234715,-0.000909259,0.0734392,0.00988176
-49.5465,-0.0246672,-0.00119827,0.0732169,0.00862642
-49.5238,-0.0258568,-0.00290574,0.0729772,0.00736953
-49.5011,-0.02704,-0.00634341,0.0727202,0.00611139
-49.4785,-0.0282167,-0.00623601,0.0724459,0.00485226
-49.4558,-0.0293864,-0.00777709,0.0721544,0.00359248
-49.4331,-0.0305488,-0.00786447,0.0718458,0.00233234
-49.4104,-0.0317038,-0.00859465,0.07152,0.00107214
-49.3878,-0.032851,-0.008131,0.0711772,-0.000187851
-49.3651,-0.0339901,-0.012023,0.0708174,-0.00144735
-49.3424,-0.0351209,-0.0150918,0.0704407,-0.00270598
-49.3197,-0.0362431,-0.0122424,0.0700472,-0.00396348
-49.2971,-0.0373563,-0.0151215,0.0696369,-0.00521952
-49.2744,-0.0384604,-0.0174732,0.0692099,-0.00647384
-49.2517,-0.039555,-0.017994,0.0687664,-0.00772604
-49.229,-0.0406399,-0.0168698,0.0683063,-0.00897595
-49.2063,-0.0417148,-0.0196579,0.0678299,-0.0102231
-49.1837,-0.0427795,-0.0232366,0.0673371,-0.0114673
-49.161,-0.0438337,-0.021526,0.0668282,-0.0127081
-49.1383,-0.0448771,-0.0240621,0.0663031,-0.0139453
-49.1156,-0.0459095,-0.024965,0.0657621,-0.0151786
-49.093,-0.0469306,-0.0253848,0.0652052,-0.0164076
-49.0703,-0.0479401,-0.0269632,0.0646326,-0.0176319
-49.0476,-0.0489379,-0.0281478,0.0640443,-0.0188513
-49.0249,-0.0499237,-0.0282013,0.0634406,-0.0200655
-49.0023,-0.0508973,-0.0272739,0.0628214,-0.0212741
-48.9796,-0.0518583,-0.0288793,0.0621871,-0.0224767
-48.9569,-0.0528066,-0.0326874,0.0615377,-0.0236732
-48.9342,-0.0537419,-0.0315638,0.0608733,-0.0248631
-48.9116,-0.054664,-0.0350343,0.0601941,-0.0260461
-48.8889,-0.0555727,-0.0365044,0.0595003,-0.0272218
-48.8662,-0.0564677,-0.0342136,0.058792,-0.0283901
-48.8435,-0.0573489,-0.03516,0.0580692,-0.0295505
-48.8209,-0.058216,-0.0364948,0.0573324,-0.0307026
-48.7982,-0.0590687,-0.0399027,0.0565815,-0.0318462
-48.7755,-0.059907,-0.0389296,0.0558168,-0.0329809
-48.7528,-0.0607306,-0.0375081,0.0550383,-0.0341065
-48.7302,-0.0615392,-0.0416606,0.0542464,-0.0352225
-48.7075,-0.0623327,-0.0412815,0.0534412,-0.0363287
-48.6848,-0.063111,-0.0414297,0.0526228,-0.0374246
-48.6621,-0.0638737,-0.0438909,0.0517914,-0.0385101
-48.6395,-0.0646207,-0.042654,0.0509473,-0.0395848
-48.6168,-0.0653519,-0.0445231,0.0500906,-0.0406483
-48.5941,-0.066067,-0.0479284,0.0492215,-0.0417003
-48.5714,-0.0667659,-0.0467085,0.0483402,-0.0427405
-48.5488,-0.0674483,-0.0456517,0.0474469,-0.0437686
-48.5261,-0.0681143,-0.0469709,0.0465419,-0.0447842
-48.5034,-0.0687634,-0.0497248,0.0456253,-0.0457871
-48.4807,-0.0693957,-0.048865,0.0446973,-0.0467769
-48.458,-0.070011,-0.0501616,0.0437581,-0.0477534
-48.4354,-0.070609,-0.0504742,0.042808,-0.0487161
-48.4127,-0.0711897,-0.0507546,0.0418472,-0.0496649
-48.39,-0.071753,-0.0521908,0.0408759,-0.0505993
-48.3673,-0.0722986,-0.0516191,0.0398943,-0.0515192
-48.3447,-0.0728264,-0.0535579,0.0389027,-0.0524242
-48.322,-0.0733364,-0.0574429,0.0379013,-0.0533139
-48.2993,-0.0738283,-0.0542181,0.0368902,-0.0541882
-48.2766,-0.0743021,-0.0556125,0.0358699,-0.0550467
-48.254,-0.0747577,-0.0571211,0.0348404,-0.0558891
-48.2313,-0.0751949,-0.0582194,0.0338021,-0.0567153
-48.2086,-0.0756136,-0.0609884,0.032755,-0.0575248
-48.1859,-0.0760138,-0.0567299,0.0316997,-0.0583174
-48.1633,-0.0763953,-0.0581771,0.0306362,-0.059093
-48.1406,-0.076758,-0.0592981,0.0295648,-0.0598511
-48.1179,-0.0771018,-0.0602417,0.0284857,-0.0605916
-48.0952,-0.0774268,-0.059126,0.0273993,-0.0613142
-48.0726,-0.0777327,-0.0622876,0.0263057,-0.0620185
-48.0499,-0.0780195,-0.0621641,0.0252053,-0.0627045
-48.0272,-0.0782872,-0.0630454,0.0240982,-0.0633719
-48.0045,-0.0785356,-0.0629016,0.0229848,-0.0640205
-47.9819,-0.0787647,-0.0635055,0.0218653,-0.06465
-47.9592,-0.0789745,-0.0638954,0.02074,-0.0652602
-47.9365,-0.0791649,-0.0642165,0.0196091,-0.0658509
-47.9138,-0.0793359,-0.064354,0.0184729,-0.0664219
-47.8912,-0.0794874,-0.0654216,0.0173317,-0.066973
-47.8685,-0.0796193,-0.0659045,0.0161857,-0.0675041
-47.8458,-0.0797317,-0.0653368,0.0150352,-0.0680149
-47.8231,-0.0798245,-0.0653516,0.0138805,-0.0685052
-47.8005,-0.0798977,-0.066169,0.0127218,-0.0689749
-47.7778,-0.0799513,-0.0660419,0.0115596,-0.0694239
-47.7551,-0.0799852,-0.0670673,0.0103938,-0.069852
-47.7324,-0.0799995,-0.0679017,0.00922489,-0.070259
-47.7098,-0.0799941,-0.0656172,0.00805326,-0.0706448
-47.6871,-0.0799691,-0.069359,0.00687905,-0.0710092
-47.6644,-0.0799245,-0.0695092,0.00570269,-0.0713523
-47.6417,-0.0798602,-0.0684057,0.00452399,-0.0716738
-47.619,-0.0797763,-0.0689755,0.00334411,-0.0719736
-47.5964,-0.0796728,-0.0682176,0.00216204,-0.0722516
-47.5737,-0.0795498,-0.0689757,0.000979378,-0.0725078
-47.551,-0.0794072,-0.0681355,-0.000204525,-0.072742
-47.5283,-0.0792451,-0.0673251,-0.00138825,-0.0729543
-47.5057,-0.0790635,-0.0711979,-0.00257261,-0.0731444
-47.483,-0.0788625,-0.069566,-0.00375748,-0.0733125
-47.4603,-0.0786422,-0.0690109,-0.00494216,-0.0734584
-47.4376,-0.0784025,-0.0686928,-0.00612468,-0.0735821
-47.415,-0.0781436,-0.0661489,-0.00730876,-0.0736835
-47.3923,-0.0778654,-0.0684768,-0.00848881,-0.0737627
-47.3696,-0.0775682,-0.0694572,-0.00967012,-0.0738196
-47.3469,-0.0772519,-0.0668517,-0.0108484,-0.0738543
-47.3243,-0.0769166,-0.0690374,-0.0120257,-0.0738667
-47.3016,-0.0765625,-0.0698809,-0.0132,-0.0738568
-47.2789,-0.0761895,-0.0655644,-0.0143724,-0.0738247
-47.2562,-0.0757978,-0.0676662,-0.0155392,-0.0737705
-47.2336,-0.0753875,-0.0686365,-0.0167059,-0.0736941
-47.2109,-0.0749587,-0.0656116,-0.0178678,-0.0735955
-47.1882,-0.0745115,-0.0680719,-0.0190285,-0.073475
-47.1655,-0.0740459,-0.0659999,-0.0201817,-0.0733324
-47.1429,-0.0735622,-0.0643235,-0.0213329,-0.073168
-47.1202,-0.0730604,-0.0664126,-0.0224769,-0.0729817
-47.0975,-0.0725407,-0.0657928,-0.0236206,-0.0727738
-47.0748,-0.0720032,-0.0652545,-0.0247531,-0.0725441
-47.0522,-0.0714479,-0.063991,-0.0258851,-0.072293
-47.0295,-0.0708752,-0.0655929,-0.0270079,-0.0720205
-47.0068,-0.070285,-0.0649906,-0.0281321,-0.0717268
-46.9841,-0.0696775,-0.0643289,-0.0292448,-0.0714118
-46.9615,-0.0690529,-0.0628914,-0.0303496,-0.0710758
-46.9388,-0.0684114,-0.0624845,-0.0314543,-0.0707191
-46.9161,-0.0677531,-0.0616644,-0.0325442,-0.0703416
-46.8934,-0.0670781,-0.0612945,-0.0336295,-0.0699436
-46.8707,-0.0663867,-0.0603871,-0.0347063,-0.0695252
-46.8481,-0.0656789,-0.0594372,-0.0357765,-0.0690867
-46.8254,-0.064955,-0.0587823,-0.036834,-0.0686281
-46.8027,-0.0642152,-0.0587923,-0.0378927,-0.0681497
-46.78,-0.0634596,-0.0591717,-0.038938,-0.0676518
-46.7574,-0.0626884,-0.0569431,-0.0399728,-0.0671344
-46.7347,-0.0619018,-0.0567871,-0.0410021,-0.0665978
-46.712,-0.0611,-0.057719,-0.0420216,-0.0660423
-46.6893,-0.0602832,-0.0529955,-0.0430238,-0.065468
-46.6667,-0.0594516,-0.0557407,-0.044029,-0.0648752
-46.644,-0.0586054,-0.0540082,-0.0450109,-0.0642641
-46.6213,-0.0577448,-0.0529501,-0.0459869,-0.0636349
-46.5986,-0.05687,-0.0531656,-0.0469574,-0.062988
-46.576,-0.0559812,-0.049591,-0.0479122,-0.0623235
-46.5533,-0.0550787,-0.0498441,-0.0488638,-0.0616417
-46.5306,-0.0541627,-0.0531063,-0.0497937,-0.0609428
-46.5079,-0.0532333,-0.0486745,-0.0507128,-0.0602272
-46.4853,-0.0522909,-0.0475429,-0.0516323,-0.0594952
-46.4626,-0.0513356,-0.0482383,-0.0525339,-0.0587468
-46.4399,-0.0503678,-0.0468943,-0.0534107,-0.0579825
-46.4172,-0.0493875,-0.0471726,-0.0542884,-0.0572026
-46.3946,-0.0483952,-0.0449625,-0.0551495,-0.0564072
-46.3719,-0.0473909,-0.0444631,-0.0559958,-0.0555968
-46.3492,-0.046375,-0.0443839,-0.0568335,-0.0547716
-46.3265,-0.0453477,-0.0411819,-0.0576471,-0.0539318
-46.3039,-0.0443093,-0.0444064,-0.0584642,-0.0530778
-46.2812,-0.04326,-0.0402864,-0.0592486,-0.0522099
-46.2585,-0.0422,-0.0400579,-0.060034,-0.0513284
-46.2358,-0.0411297,-0.0401346,-0.0608228,-0.0504335
-46.2132,-0.0400493,-0.0369862,-0.0615542,-0.0495256
-46.1905,-0.0389591,-0.038667,-0.0622906,-0.048605
-46.1678,-0.0378593,-0.0371029,-0.0630168,-0.047672
-46.1451,-0.0367502,-0.0356645,-0.0637249,-0.0467269
-46.1224,-0.0356321,-0.0339508,-0.0644076,-0.04577
-46.0998,-0.0345052,-0.0306901,-0.0651053,-0.0448015
-46.0771,-0.0333698,-0.0316655,-0.0657653,-0.0438219
-46.0544,-0.0322263,-0.0328691,-0.0664155,-0.0428314
-46.0317,-0.0310748,-0.0307353,-0.0670446,-0.0418304
-46.0091,-0.0299157,-0.0291313,-0.0676708,-0.0408191
-45.9864,-0.0287492,-0.0289322,-0.0682507,-0.0397979
-45.9637,-0.0275757,-0.0270455,-0.0688454,-0.038767
-45.941,-0.0263954,-0.0266458,-0.0693962,-0.0377268
-45.9184,-0.0252087,-0.023119,-0.0699769,-0.0366775
-45.8957,-0.0240157,-0.023328,-0.070495,-0.0356195
-45.873,-0.0228168,-0.023261,-0.0710045,-0.034553
-45.8503,-0.0216124,-0.0210463,-0.0715162,-0.0334785
-45.8277,-0.0204026,-0.0209471,-0.0720157,-0.0323961
-45.805,-0.0191878,-0.0166935,-0.0724612,-0.0313062
-45.7823,-0.0179683,-0.0205007,-0.0729097,-0.0302091
-45.7596,-0.0167444,-0.0160114,-0.0733303,-0.0291051
-45.737,-0.0155164,-0.0109272,-0.073766,-0.0279943
-45.7143,-0.0142846,-0.0156241,-0.0741522,-0.0268773
-45.6916,-0.0130492,-0.0129415,-0.0745494,-0.0257541
-45.6689,-0.0118107,-0.011153,-0.0749029,-0.0246252
-45.6463,-0.0105692,-0.0125294,-0.0752578,-0.0234908
-45.6236,-0.00932517,-0.00802591,-0.0755614,-0.0223512
-45.6009,-0.00807883,-0.00986788,-0.0758729,-0.0212066
-45.5782,-0.00683051,-0.0081414,-0.0761414,-0.0200573
-45.5556,-0.00558052,-0.00346875,-0.0764254,-0.0189037
-45.5329,-0.00432915,-0.00332395,-0.0766505,-0.0177459
-45.5102,-0.00307672,-0.00412164,-0.0769168,-0.0165842
-45.4875,-0.00182353,-0.00320765,-0.0771169,-0.0154189
-45.4649,-0.000569899,-0.00188867,-0.0772983,-0.0142503
-45.4422,0.000683876,-0.0014525,-0.0774855,-0.0130786
-45.4195,0.00193748,0.00193028,-0.0776448,-0.0119041
-45.3968,0.00319061,0.0026009,-0.0777859,-0.0107269
-45.3741,0.00444296,0.00528124,-0.0779221,-0.00954744
-45.3515,0.00569422,0.00466628,-0.0780065,-0.00836582
-45.3288,0.00694407,0.0049124,-0.0781278,-0.00718234
-45.3061,0.00819222,0.00704001,-0.0781688,-0.00599723
-45.2834,0.00943836,0.00740915,-0.0782394,-0.00481072
-45.2608,0.0106822,0.0111233,-0.078236,-0.00362302
-45.2381,0.0119234,0.0118795,-0.0782581,-0.00243435
-45.2154,0.0131616,0.0121873,-0.078255,-0.00124499
-45.1927,0.0143967,0.0143495,-0.0782279,-5.50713e-05
-45.1701,0.0156282,0.0149621,-0.0781193,0.00113511
-45.1474,0.0168558,0.0176547,-0.0780895,0.00232542
-45.1247,0.0180794,0.0167561,-0.0780136,0.0035156
-45.102,0.0192984,0.0178848,-0.0778733,0.00470547
-45.0794,0.0205128,0.0202558,-0.0777787,0.00589478
-45.0567,0.0217221,0.0206574,-0.0776396,0.00708336
-45.034,0.0229261,0.0236023,-0.0774688,0.00827105
-45.0113,0.0241244,0.0213622,-0.0772664,0.00945765
-44.9887,0.0253168,0.0225161,-0.0770718,0.0106429
-44.966,0.026503,0.0264543,-0.0768696,0.0118266
-44.9433,0.0276827,0.0256361,-0.0766405,0.0130087
-44.9206,0.0288556,0.0229445,-0.0763974,0.0141889
-44.898,0.0300214,0.0271199,-0.0761289,0.0153671
-44.8753,0.0311798,0.0303071,-0.075826,0.0165431
-44.8526,0.0323305,0.0304279,-0.0754995,0.0177166
-44.8299,0.0334734,0.0312134,-0.0751338,0.0188877
-44.8073,0.034608,0.0318369,-0.0748275,0.0200559
-44.7846,0.0357341,0.0347378,-0.0744597,0.0212212
-44.7619,0.0368514,0.0362624,-0.0740796,0.0223835
-44.7392,0.0379597,0.0343173,-0.0736962,0.0235425
-44.7166,0.0390586,0.0368717,-0.0732378,0.024698
-44.6939,0.040148,0.0404621,-0.0728107,0.02585
-44.6712,0.0412275,0.0412104,-0.0723739,0.0269983
-44.6485,0.0422968,0.0425581,-0.0719019,0.0281426
-44.6259,0.0433558,0.0407466,-0.0713982,0.0292829
-44.6032,0.0444041,0.0447959,-0.0709315,0.0304189
-44.5805,0.0454416,0.0448905,-0.0703368,0.0315505
-44.5578,0.0464678,0.0440198,-0.0698196,0.0326776
-44.5351,0.0474827,0.0493697,-0.069251,0.0337999
-44.5125,0.0484859,0.0486095,-0.0686828,0.0349174
-44.4898,0.0494771,0.050036,-0.0681073,0.0360298
-44.4671,0.0504563,0.050124,-0.0675182,0.0371371
-44.4444,0.051423,0.0504907,-0.0668362,0.0382389
-44.4218,0.0523771,0.0532936,-0.0661988,0.0393353
-44.3991,0.0533183,0.0530988,-0.0655625,0.0404259
-44.3764,0.0542465,0.0528275,-0.0648145,0.0415108
-44.3537,0.0551613,0.0550306,-0.0641664,0.0425896
-44.3311,0.0560626,0.0535713,-0.0635037,0.0436622
-44.3084,0.0569501,0.0563082,-0.0627875,0.0447286
-44.2857,0.0578236,0.0564793,-0.0620574,0.0457884
-44.263,0.0586829,0.0586122,-0.0612353,0.0468415
-44.2404,0.0595278,0.0598171,-0.0604812,0.0478878
-44.2177,0.0603581,0.0596121,-0.0597669,0.0489271
-44.195,0.0611735,0.0617481,-0.0589171,0.0499593
-44.1723,0.0619739,0.0604998,-0.0580987,0.050984
-44.1497,0.0627591,0.0630233,-0.0572358,0.0520013
-44.127,0.0635289,0.0655338,-0.0564734,0.0530109
-44.1043,0.0642831,0.0643992,-0.0555564,0.0540126
-44.0816,0.0650215,0.0652226,-0.0547393,0.0550062
-44.059,0.0657439,0.0662998,-0.0538537,0.0559916
-44.0363,0.0664502,0.0632359,-0.0529062,0.0569685
-44.0136,0.0671402,0.0667966,-0.0520661,0.0579369
-43.9909,0.0678136,0.0681297,-0.0511302,0.0588965
-43.9683,0.0684704,0.0684381,-0.0502342,0.0598471
-43.9456,0.0691104,0.0699229,-0.0492198,0.0607885
-43.9229,0.0697334,0.0704575,-0.0482749,0.0617205
-43.9002,0.0703393,0.069674,-0.0473372,0.062643
-43.8776,0.0709279,0.0720933,-0.0463155,0.0635557
-43.8549,0.0714991,0.0701567,-0.0453107,0.0644584
-43.8322,0.0720528,0.0743513,-0.0443207,0.065351
-43.8095,0.0725887,0.0730293,-0.0432386,0.0662332
-43.7868,0.0731068,0.0732691,-0.0423055,0.0671048
-43.7642,0.0736069,0.0738281,-0.0412571,0.0679656
-43.7415,0.074089,0.0733674,-0.0402501,0.0688154
-43.7188,0.0745529,0.0774121,-0.0391072,0.069654
-43.6961,0.0749984,0.0769789,-0.038025,0.0704812
-43.6735,0.0754256,0.0788953,-0.0369711,0.0712967
-43.6508,0.0758342,0.079037,-0.0359296,0.0721003
-43.6281,0.0762242,0.0791404,-0.0348177,0.0728919
-43.6054,0.0765954,0.0809756,-0.0337016,0.073671
-43.5828,0.0769479,0.0799247,-0.0326037,0.0744377
-43.5601,0.0772814,0.083089,-0.0314408,0.0751916
-43.5374,0.077596,0.0821307,-0.0303224,0.0759325
-43.5147,0.0778915,0.0827372,-0.0291979,0.0766602
-43.4921,0.0781679,0.0800186,-0.0281207,0.0773744
-43.4694,0.0784251,0.0833065,-0.0269002,0.0780749
-43.4467,0.078663,0.0857086,-0.0257852,0.0787615
-43.424,0.0788816,0.0852052,-0.0245644,0.079434
-43.4014,0.0790808,0.0847,-0.023404,0.080092
-43.3787,0.0792606,0.0847684,-0.0223017,0.0807354
-43.356,0.0794209,0.0857086,-0.0210483,0.081364
-43.3333,0.0795618,0.0836658,-0.0198374,0.0819774
-43.3107,0.079683,0.0851445,-0.0187397,0.0825755
-43.288,0.0797847,0.0873994,-0.0175438,0.0831581
-43.2653,0.0798669,0.0880095,-0.0163784,0.0837248
-43.2426,0.0799294,0.0886596,-0.0150558,0.0842754
-43.22,0.0799722,0.0860427,-0.0138938,0.0848098
-43.1973,0.0799954,0.0874237,-0.0126905,0.0853277
-43.1746,0.079999,0.0885733,-0.0114826,0.0858289
-43.1519,0.0799829,0.0866356,-0.0102556,0.086313
-43.1293,0.0799472,0.090199,-0.00893285,0.08678
-43.1066,0.0798918,0.0893987,-0.00778746,0.0872295
-43.0839,0.0798169,0.0894331,-0.00659411,0.0876614
-43.0612,0.0797223,0.088867,-0.00527017,0.0880754
-43.0385,0.0796081,0.0889493,-0.00411926,0.0884713
-43.0159,0.0794744,0.0888277,-0.00294353,0.0888489
-42.9932,0.0793212,0.0917611,-0.00166618,0.0892079
-42.9705,0.0791484,0.0930466,-0.000395495,0.0895482
-42.9478,0.0789563,0.0885513,0.000836748,0.0898694
-42.9252,0.0787447,0.0913797,0.00207819,0.0901716
-42.9025,0.0785138,0.089479,0.00331507,0.0904544
-42.8798,0.0782636,0.0878583,0.00449078,0.0907176
-42.8571,0.0779942,0.0917964,0.00574103,0.0909611
-42.8345,0.0777057,0.0885926,0.00703664,0.0911846
-42.8118,0.077398,0.0884006,0.0081898,0.0913879
-42.7891,0.0770714,0.0893292,0.00937675,0.091571
-42.7664,0.0767258,0.0871914,0.0106335,0.0917336
-42.7438,0.0763614,0.0926666,0.0118906,0.0918755
-42.7211,0.0759782,0.0900559,0.013153,0.0919966
-42.6984,0.0755763,0.0878735,0.0142489,0.0920967
-42.6757,0.0751559,0.0919029,0.0155158,0.0921757
-42.6531,0.074717,0.0905676,0.0167941,0.0922334
-42.6304,0.0742598,0.0865372,0.017944,0.0922697
-42.6077,0.0737843,0.0893552,0.0190754,0.0922845
-42.585,0.0732908,0.091062,0.0203557,0.0922775
-42.5624,0.0727792,0.0884122,0.0216131,0.0922488
-42.5397,0.0722497,0.0898862,0.022724,0.0921983
-42.517,0.0717025,0.090107,0.0239013,0.0921256
-42.4943,0.0711377,0.0866609,0.0250827,0.092031
-42.4717,0.0705554,0.0880863,0.026211,0.0919141
-42.449,0.0699558,0.0872626,0.0273645,0.091775
-42.4263,0.069339,0.0866608,0.0285901,0.0916136
-42.4036,0.0687051,0.088371,0.0296656,0.0914298
-42.381,0.0680544,0.0856443,0.0308954,0.0912234
-42.3583,0.067387,0.0819262,0.0320259,0.0909947
-42.3356,0.066703,0.0844213,0.0331895,0.0907434
-42.3129,0.0660026,0.0818337,0.0343386,0.0904696
-42.2902,0.0652861,0.0832163,0.0353169,0.0901732
-42.2676,0.0645535,0.0825834,0.0365787,0.0898543
-42.2449,0.063805,0.0807027,0.0375973,0.0895128
-42.2222,0.0630409,0.0822558,0.0386859,0.0891488
-42.1995,0.0622612,0.080013,0.0398325,0.0887622
-42.1769,0.0614663,0.0758432,0.0409425,0.0883531
-42.1542,0.0606563,0.08029,0.0418215,0.0879216
-42.1315,0.0598314,0.0776196,0.0429663,0.0874677
-42.1088,0.0589918,0.0767505,0.0440611,0.0869914
-42.0862,0.0581377,0.0782105,0.0450468,0.0864929
-42.0635,0.0572693,0.0781102,0.0460109,0.0859722
-42.0408,0.0563869,0.0751714,0.0470616,0.0854294
-42.0181,0.0554906,0.0758392,0.0482354,0.0848646
-41.9955,0.0545807,0.0773771,0.0490508,0.084278
-41.9728,0.0536574,0.0777456,0.0500701,0.0836697
-41.9501,0.0527209,0.0753885,0.0509504,0.0830397
-41.9274,0.0517714,0.0726986,0.0519734,0.0823883
-41.9048,0.0508093,0.0710253,0.0528212,0.0817156
-41.8821,0.0498346,0.0753511,0.0537118,0.0810217
-41.8594,0.0488477,0.071438,0.0547778,0.0803069
-41.8367,0.0478488,0.0695624,0.0556261,0.0795713
-41.8141,0.0468382,0.0679191,0.0565529,0.0788152
-41.7914,0.0458161,0.0670736,0.0573237,0.0780386
-41.7687,0.0447827,0.0677527,0.0582851,0.077242
-41.746,0.0437383,0.0656084,0.0590368,0.0764254
-41.7234,0.0426831,0.0658469,0.0599682,0.0755892
-41.7007,0.0416175,0.0662047,0.0606585,0.0747335
-41.678,0.0405417,0.0632347,0.0613732,0.0738586
-41.6553,0.0394559,0.0583853,0.0622477,0.0729649
-41.6327,0.0383604,0.0610862,0.0628923,0.0720525
-41.61,0.0372555,0.0582416,0.0637346,0.0711217
-41.5873,0.0361414,0.0610339,0.0646211,0.070173
-41.5646,0.0350185,0.0577618,0.0652667,0.0692064
-41.542,0.0338869,0.0559967,0.0660657,0.0682225
-41.5193,0.0327471,0.0577678,0.0667945,0.0672214
-41.4966,0.0315991,0.054866,0.0674686,0.0662036
-41.4739,0.0304435,0.0512218,0.0679913,0.0651693
-41.4512,0.0292803,0.0512524,0.0687377,0.064119
-41.4286,0.02811,0.0525487,0.0692264,0.0630529
-41.4059,0.0269327,0.0536959,0.0698867,0.0619714
-41.3832,0.0257489,0.0496875,0.0705038,0.060875
-41.3605,0.0245587,0.0482127,0.0711689,0.0597639
-41.3379,0.0233625,0.0459227,0.0716814,0.0586385
-41.3152,0.0221605,0.0472082,0.0723169,0.0574994
-41.2925,0.0209531,0.0447608,0.0726811,0.0563467
-41.2698,0.0197406,0.0457141,0.0732112,0.055181
-41.2472,0.0185232,0.0450705,0.0738165,0.0540027
-41.2245,0.0173013,0.0378492,0.0741922,0.0528122
-41.2018,0.0160751,0.0414046,0.0746756,0.0516098
-41.1791,0.0148449,0.0409947,0.0750329,0.0503961
-41.1565,0.0136111,0.0394062,0.0755361,0.0491714
-41.1338,0.012374,0.0396016,0.0759844,0.0479362
-41.1111,0.0111338,0.0348324,0.0762267,0.046691
-41.0884,0.00989095,0.0329951,0.0766552,0.0454361
-41.0658,0.00864561,0.0348938,0.0772331,0.0441721
-41.0431,0.00739816,0.0327035,0.0773898,0.0428993
-41.0204,0.00614889,0.0304584,0.0777194,0.0416183
-40.9977,0.0048981,0.0315334,0.0780323,0.0403294
-40.9751,0.00364612,0.0288796,0.0782752,0.0390332
-40.9524,0.00239324,0.0282454,0.0786214,0.0377302
-40.9297,0.00113977,0.0274604,0.0789303,0.0364207
-40.907,-0.000113981,0.0237892,0.0790232,0.0351052
-40.8844,-0.0013677,0.0247815,0.0793366,0.0337843
-40.8617,-0.00262109,0.0240656,0.0794002,0.0324584
-40.839,-0.00387383,0.0222069,0.0795401,0.0311278
-40.8163,-0.00512562,0.0202019,0.0797016,0.0297932
-40.7937,-0.00637615,0.0197716,0.0797659,0.028455
-40.771,-0.00762511,0.0161123,0.0799104,0.0271137
-40.7483,-0.00887221,0.0139111,0.0798442,0.0257697
-40.7256,-0.0101171,0.0142221,0.0799662,0.0244235
-40.7029,-0.0113595,0.0136699,0.0801198,0.0230756
-40.6803,-0.0125992,0.0098095,0.0800201,0.0217264
-40.6576,-0.0138357,0.0101043,0.0801711,0.0203764
-40.6349,-0.0150689,0.00932835,0.0799345,0.019026
-40.6122,-0.0162983,0.00911569,0.0801895,0.0176758
-40.5896,-0.0175238,0.00919552,0.079869,0.0163262
-40.5669,-0.0187449,0.0074678,0.0799263,0.0149776
-40.5442,-0.0199614,0.00516151,0.0797413,0.0136306
-40.5215,-0.0211731,0.00289718,0.0795162,0.0122853
-40.4989,-0.0223795,0.00173087,0.0795398,0.0109426
-40.4762,-0.0235804,-0.000165463,0.0794644,0.00960265
-40.4535,-0.0247756,0.000672753,0.0792914,0.00826599
-40.4308,-0.0259646,-0.00121941,0.079097,0.00693301
-40.4082,-0.0271473,-0.00217614,0.0790668,0.00560415
-40.3855,-0.0283233,-0.00459882,0.0785085,0.00427987
-40.3628,-0.0294924,-0.00233946,0.0784284,0.00296059
-40.3401,-0.0306542,-0.00637191,0.0782029,0.00164672
-40.3175,-0.0318084,-0.00801666,0.0778962,0.000338604
-40.2948,-0.0329549,-0.00571103,0.0775811,-0.000963305
-40.2721,-0.0340933,-0.00980968,0.0772842,-0.00225857
-40.2494,-0.0352233,-0.0106606,0.0768233,-0.0035469
-40.2268,-0.0363446,-0.0142697,0.0764667,-0.00482778
-40.2041,-0.037457,-0.0154106,0.0761364,-0.00610091
-40.1814,-0.0385603,-0.0139229,0.0759658,-0.00736587
-40.1587,-0.039654,-0.0179816,0.0754421,-0.00862243
-40.1361,-0.040738,-0.0198636,0.0749923,-0.00987003
-40.1134,-0.041812,-0.0191967,0.0743041,-0.0111085
-40.0907,-0.0428758,-0.0209082,0.0740447,-0.0123373
-40.068,-0.043929,-0.0216403,0.0737202,-0.0135562
-40.0454,-0.0449714,-0.0194599,0.0728905,-0.0147649
-40.0227,-0.0460028,-0.0229226,0.0723457,-0.0159631
-40,-0.0470228,-0.0243101,0.0720384,-0.0171503
-39.9773,-0.0480313,-0.0239758,0.0713109,-0.0183263
-39.9546,-0.0490281,-0.0261949,0.0706815,-0.0194908
-39.932,-0.0500127,-0.0261319,0.070096,-0.0206436
-39.9093,-0.0509851,-0.0288356,0.0696591,-0.0217842
-39.8866,-0.051945,-0.0276511,0.0688215,-0.0229126
-39.8639,-0.0528921,-0.0300195,0.0683584,-0.0240282
-39.8413,-0.0538262,-0.0302426,0.0676124,-0.0251309
-39.8186,-0.0547471,-0.0304219,0.0668814,-0.0262205
-39.7959,-0.0556546,-0.0323565,0.0663119,-0.0272968
-39.7732,-0.0565484,-0.034377,0.0655093,-0.0283593
-39.7506,-0.0574283,-0.0356542,0.0649096,-0.029408
-39.7279,-0.0582941,-0.032109,0.0640346,-0.0304425
-39.7052,-0.0591456,-0.0357561,0.0631621,-0.0314627
-39.6825,-0.0599825,-0.0383961,0.062695,-0.0324684
-39.6599,-0.0608047,-0.035924,0.0618111,-0.0334594
-39.6372,-0.061612,-0.03944,0.0609517,-0.0344354
-39.6145,-0.0624041,-0.0401889,0.0599633,-0.0353962
-39.5918,-0.063181,-0.0394089,0.059315,-0.0363418
-39.5692,-0.0639423,-0.0391191,0.0580941,-0.037272
-39.5465,-0.0646878,-0.0457682,0.0575292,-0.0381864
-39.5238,-0.0654176,-0.0412727,0.0564974,-0.0390851
-39.5011,-0.0661312,-0.0455006,0.0557929,-0.0399678
-39.4785,-0.0668286,-0.0448567,0.0547781,-0.0408344
-39.4558,-0.0675096,-0.0420771,0.0538338,-0.0416848
-39.4331,-0.068174,-0.0458885,0.0533249,-0.0425189
-39.4104,-0.0688216,-0.0489137,0.0520614,-0.0433365
-39.3878,-0.0694524,-0.0478031,0.0510702,-0.0441375
-39.3651,-0.0700661,-0.0493734,0.050165,-0.0449218
-39.3424,-0.0706625,-0.0455636,0.0489428,-0.0456893
-39.3197,-0.0712417,-0.0527525,0.0481117,-0.0464399
-39.2971,-0.0718033,-0.0467147,0.047077,-0.0471736
-39.2744,-0.0723473,-0.048526,0.0460649,-0.0478901
-39.2517,-0.0728735,-0.0520685,0.0452543,-0.0485895
-39.229,-0.0733818,-0.0510834,0.0439278,-0.0492717
-39.2063,-0.0738721,-0.0526998,0.0429188,-0.0499367
-39.1837,-0.0743443,-0.0552259,0.0418098,-0.0505842
-39.161,-0.0747982,-0.0517683,0.0408067,-0.0512145
-39.1383,-0.0752337,-0.0503457,0.0398632,-0.0518272
-39.1156,-0.0756508,-0.0522343,0.0386553,-0.0524225
-39.093,-0.0760492,-0.0566158,0.037998,-0.0530002
-39.0703,-0.076429,-0.0519617,0.0366896,-0.0535605
-39.0476,-0.07679,-0.0549375,0.0355478,-0.0541031
-39.0249,-0.0771322,-0.0603742,0.0341292,-0.0546282
-39.0023,-0.0774554,-0.054155,0.0332345,-0.0551356
-38.9796,-0.0777596,-0.0535487,0.0317286,-0.0556254
-38.9569,-0.0780446,-0.0598878,0.0306879,-0.0560975
-38.9342,-0.0783106,-0.0583795,0.0293037,-0.056552
-38.9116,-0.0785572,-0.0576484,0.028509,-0.0569889
-38.8889,-0.0787846,-0.0624018,0.027336,-0.0574081
-38.8662,-0.0789927,-0.0588752,0.0260151,-0.0578096
-38.8435,-0.0791813,-0.0608886,0.024859,-0.0581935
-38.8209,-0.0793505,-0.0646063,0.0237142,-0.0585597
-38.7982,-0.0795002,-0.0619745,0.0222235,-0.0589084
-38.7755,-0.0796303,-0.0602871,0.0215907,-0.0592395
-38.7528,-0.0797409,-0.059482,0.019938,-0.0595529
-38.7302,-0.079832,-0.0633968,0.0189545,-0.0598488
-38.7075,-0.0799034,-0.0640487,0.0176348,-0.0601273
-38.6848,-0.0799552,-0.0609501,0.0163232,-0.0603882
-38.6621,-0.0799873,-0.0653124,0.0151957,-0.0606316
-38.6395,-0.0799998,-0.0661578,0.0139501,-0.0608575
-38.6168,-0.0799927,-0.0662578,0.0123774,-0.0610661
-38.5941,-0.0799659,-0.0623862,0.0115985,-0.0612573
-38.5714,-0.0799194,-0.0662831,0.0100833,-0.0614312
-38.5488,-0.0798534,-0.07045,0.00905169,-0.0615878
-38.5261,-0.0797677,-0.0638747,0.00724106,-0.0617271
-38.5034,-0.0796624,-0.0650679,0.00654595,-0.0618492
-38.4807,-0.0795376,-0.0666245,0.00526536,-0.0619541
-38.458,-0.0793932,-0.0670269,0.00430899,-0.0620419
-38.4354,-0.0792294,-0.0644334,0.00251243,-0.0621126
-38.4127,-0.079046,-0.062755,0.00155422,-0.0621663
-38.39,-0.0788433,-0.0627913,0.00038641,-0.0622029
-38.3673,-0.0786212,-0.0666434,-0.00118246,-0.0622226
-38.3447,-0.0783797,-0.0691436,-0.00233142,-0.0622255
-38.322,-0.0781191,-0.0655677,-0.00340334,-0.0622115
-38.2993,-0.0778392,-0.0639228,-0.00494161,-0.0621807
-38.2766,-0.0775402,-0.0649018,-0.00614543,-0.062133
-38.254,-0.0772222,-0.0670705,-0.00747961,-0.0620688
-38.2313,-0.0768852,-0.0624994,-0.00846877,-0.0619879
-38.2086,-0.0765293,-0.0599734,-0.00985494,-0.0618904
-38.1859,-0.0761547,-0.0664721,-0.0112047,-0.0617764
-38.1633,-0.0757613,-0.0653022,-0.01212,-0.0616458
-38.1406,-0.0753493,-0.0610689,-0.0133069,-0.0614988
-38.1179,-0.0749188,-0.0638769,-0.0149857,-0.0613355
-38.0952,-0.0744699,-0.0642694,-0.0160023,-0.0611557
-38.0726,-0.0740027,-0.0601483,-0.0169202,-0.0609597
-38.0499,-0.0735174,-0.0640084,-0.018913,-0.0607475
-38.0272,-0.0730139,-0.0641676,-0.0194424,-0.0605191
-38.0045,-0.0724926,-0.0641931,-0.0207878,-0.0602745
-37.9819,-0.0719534,-0.0629653,-0.0223093,-0.0600139
-37.9592,-0.0713966,-0.0646691,-0.0234595,-0.0597373
-37.9365,-0.0708222,-0.0664489,-0.0245678,-0.0594447
-37.9138,-0.0702305,-0.0621919,-0.0255428,-0.0591362
-37.8912,-0.0696214,-0.0656701,-0.026968,-0.0588118
-37.8685,-0.0689953,-0.0645543,-0.0284286,-0.0584716
-37.8458,-0.0683523,-0.0605039,-0.0290291,-0.0581156
-37.8231,-0.0676924,-0.0593254,-0.0303789,-0.057744
-37.8005,-0.0670159,-0.0610973,-0.0315003,-0.0573567
-37.7778,-0.066323,-0.0607375,-0.0325829,-0.0569538
-37.7551,-0.0656138,-0.0588843,-0.0333928,-0.0565354
-37.7324,-0.0648884,-0.0625501,-0.0346367,-0.0561015
-37.7098,-0.0641472,-0.0605824,-0.0360212,-0.0556522
-37.6871,-0.0633901,-0.0550698,-0.0374496,-0.0551875
-37.6644,-0.0626175,-0.060307,-0.038226,-0.0547075
-37.6417,-0.0618295,-0.0598897,-0.0395179,-0.0542122
-37.619,-0.0610264,-0.0554329,-0.0403738,-0.0537019
-37.5964,-0.0602082,-0.0584276,-0.0416153,-0.0531763
-37.5737,-0.0593753,-0.059216,-0.0433163,-0.0526357
-37.551,-0.0585277,-0.0516838,-0.0442714,-0.0520801
-37.5283,-0.0576658,-0.0535592,-0.0447331,-0.0515095
-37.5057,-0.0567897,-0.0574884,-0.0460274,-0.0509241
-37.483,-0.0558997,-0.0565625,-0.0470595,-0.0503239
-37.4603,-0.054996,-0.0494818,-0.0480952,-0.0497089
-37.4376,-0.0540787,-0.0486416,-0.0488913,-0.0490792
-37.415,-0.0531482,-0.0556029,-0.0498853,-0.048435
-37.3923,-0.0522046,-0.050806,-0.0511099,-0.0477762
-37.3696,-0.0512482,-0.0488028,-0.0517703,-0.047103
-37.3469,-0.0502792,-0.055092,-0.0528995,-0.0464154
-37.3243,-0.0492978,-0.0518616,-0.0541159,-0.0457135
-37.3016,-0.0483044,-0.0510214,-0.0551886,-0.0449973
-37.2789,-0.047299,-0.0466591,-0.055902,-0.044267
-37.2562,-0.0462821,-0.0449655,-0.0566935,-0.0435227
-37.2336,-0.0452538,-0.046537,-0.0574812,-0.0427644
-37.2109,-0.0442143,-0.0463651,-0.0586667,-0.0419921
-37.1882,-0.0431641,-0.0459557,-0.0589616,-0.0412061
-37.1655,-0.0421032,-0.0389854,-0.060432,-0.0404065
-37.1429,-0.0410319,-0.040754,-0.0609378,-0.0395931
-37.1202,-0.0399506,-0.0425166,-0.0617557,-0.0387663
-37.0975,-0.0388595,-0.0379539,-0.06263,-0.0379261
-37.0748,-0.0377588,-0.0397491,-0.0639052,-0.0370726
-37.0522,-0.0366489,-0.0369245,-0.0643969,-0.0362059
-37.0295,-0.03553,-0.0400576,-0.0654401,-0.0353261
-37.0068,-0.0344023,-0.0351472,-0.0654642,-0.0344333
-36.9841,-0.0332662,-0.0309664,-0.0669059,-0.0335276
-36.9615,-0.0321219,-0.0331959,-0.0669293,-0.0326093
-36.9388,-0.0309697,-0.0361399,-0.0683584,-0.0316783
-36.9161,-0.0298099,-0.0323548,-0.0683464,-0.0307348
-36.8934,-0.0286428,-0.0315424,-0.0699322,-0.029779
-36.8707,-0.0274687,-0.0340781,-0.0702319,-0.0288109
-36.8481,-0.0262878,-0.0296018,-0.0706329,-0.0278308
-36.8254,-0.0251005,-0.025269,-0.0709671,-0.0268386
-36.8027,-0.0239069,-0.0271571,-0.0715826,-0.0258348
-36.78,-0.0227076,-0.0265753,-0.0721053,-0.0248192
-36.7574,-0.0215026,-0.029393,-0.0731124,-0.0237921
-36.7347,-0.0202924,-0.0270563,-0.0733614,-0.0227537
-36.712,-0.0190771,-0.0217114,-0.0746418,-0.0217042
-36.6893,-0.0178572,-0.0203813,-0.0746348,-0.0206436
-36.6667,-0.0166329,-0.0199786,-0.0747941,-0.0195721
-36.644,-0.0154046,-0.0222593,-0.0753592,-0.0184899
-36.6213,-0.0141724,-0.0149566,-0.0766153,-0.0173973
-36.5986,-0.0129367,-0.0183607,-0.0764344,-0.0162943
-36.576,-0.0116979,-0.013733,-0.0769973,-0.0151811
-36.5533,-0.0104562,-0.0122807,-0.0772387,-0.014058
-36.5306,-0.00921196,-0.0129619,-0.0780317,-0.0129252
-36.5079,-0.00796543,-0.0130806,-0.0781764,-0.0117828
-36.4853,-0.00671694,-0.0130161,-0.0788602,-0.010631
-36.4626,-0.00546681,-0.00821126,-0.0785579,-0.00946998
-36.4399,-0.00421533,-0.0106793,-0.0788162,-0.00830012
-36.4172,-0.00296282,-0.00559162,-0.0796408,-0.00712144
-36.3946,-0.00170958,-0.00126328,-0.0794701,-0.00593424
-36.3719,-0.00045592,-0.00679774,-0.0800132,-0.00473879
-36.3492,0.000797852,-0.00349574,-0.0808566,-0.00353525
-36.3265,0.00205143,-0.00568036,-0.0795155,-0.00232384
-36.3039,0.0033045,-0.000208464,-0.0804623,-0.00110479
-36.2812,0.00455676,-0.00288502,-0.0808334,0.000121545
-36.2585,0.0058079,-0.000202144,-0.0803699,0.00135514
-36.2358,0.00705762,0.00455217,-0.0809768,0.00259553
-36.2132,0.0083056,0.00577168,-0.0810331,0.00384263
-36.1905,0.00955154,0.00382737,-0.0812118,0.00509608
-36.1678,0.0107951,0.00601258,-0.0809397,0.00635564
-36.1451,0.0120361,0.00925605,-0.0812764,0.0076211
-36.1224,0.0132741,0.0125461,-0.0814673,0.00889217
-36.0998,0.0145088,0.00857561,-0.080668,0.0101686
-36.0771,0.01574,0.0143554,-0.080724,0.01145
-36.0544,0.0169673,0.0122246,-0.0814338,0.0127363
-36.0317,0.0181904,0.0164021,-0.0814284,0.0140271
-36.0091,0.019409,0.0127404,-0.0802878,0.0153221
-35.9864,0.0206229,0.017885,-0.0815869,0.016621
-35.9637,0.0218318,0.0208248,-0.0815053,0.0179236
-35.941,0.0230352,0.0151466,-0.0806277,0.0192295
-35.9184,0.024233,0.0200817,-0.0806087,0.0205385
-35.8957,0.0254249,0.0219078,-0.0802171,0.0218503
-35.873,0.0266105,0.0206153,-0.0798265,0.0231646
-35.8503,0.0277896,0.0297617,-0.0800775,0.0244811
-35.8277,0.0289618,0.028046,-0.0796148,0.0257993
-35.805,0.030127,0.0237503,-0.079043,0.0271192
-35.7823,0.0312847,0.0277747,-0.0791208,0.0284402
-35.7596,0.0324348,0.0302364,-0.0786134,0.0297622
-35.737,0.0335769,0.0295979,-0.0781133,0.0310849
-35.7143,0.0347107,0.0340313,-0.0781754,0.0324077
-35.6916,0.035836,0.035228,-0.0773453,0.0337306
-35.6689,0.0369525,0.037114,-0.0774157,0.0350531
-35.6463,0.03806,0.0387502,-0.0770135,0.0363749
-35.6236,0.039158,0.038285,-0.0767058,0.0376957
-35.6009,0.0402465,0.0378707,-0.0756153,0.0390152
-35.5782,0.0413251,0.0462274,-0.0764726,0.0403331
-35.5556,0.0423935,0.0469444,-0.0750904,0.0416488
-35.5329,0.0434516,0.04183,-0.0741712,0.0429623
-35.5102,0.0444989,0.0453712,-0.0740343,0.0442731
-35.4875,0.0455353,0.0483561,-0.0739123,0.0455809
-35.4649,0.0465606,0.0410025,-0.0726271,0.0468854
-35.4422,0.0475744,0.0509098,-0.0728596,0.0481862
-35.4195,0.0485765,0.0465965,-0.0718024,0.049483
-35.3968,0.0495667,0.0475593,-0.0719452,0.0507754
-35.3741,0.0505447,0.0509068,-0.0713236,0.0520632
-35.3515,0.0515103,0.0495138,-0.070543,0.0533459
-35.3288,0.0524632,0.0498724,-0.0696617,0.0546232
-35.3061,0.0534033,0.0572807,-0.0686674,0.0558949
-35.2834,0.0543302,0.0534486,-0.068313,0.0571605
-35.2608,0.0552438,0.053028,-0.0674482,0.0584196
-35.2381,0.0561438,0.0542668,-0.0669749,0.0596721
-35.2154,0.0570301,0.0490071,-0.0659455,0.0609175
-35.1927,0.0579023,0.0555045,-0.0656835,0.0621555
-35.1701,0.0587603,0.0564877,-0.0651305,0.0633858
-35.1474,0.0596039,0.0602465,-0.0638539,0.0646079
-35.1247,0.0604328,0.0644721,-0.0633734,0.0658216
-35.102,0.0612469,0.0641105,-0.0623306,0.0670266
-35.0794,0.062046,0.0620374,-0.0609508,0.0682226
-35.0567,0.0628298,0.0652891,-0.0605532,0.069409
-35.034,0.0635981,0.063298,-0.0593759,0.0705857
-35.0113,0.0643509,0.0668024,-0.0583597,0.0717524
-34.9887,0.0650878,0.0721511,-0.0577405,0.0729086
-34.966,0.0658088,0.0685773,-0.0567833,0.0740541
-34.9433,0.0665136,0.0686079,-0.0564642,0.0751885
-34.9206,0.0672021,0.0695864,-0.0555333,0.0763116
-34.898,0.067874,0.0710174,-0.0546893,0.0774229
-34.8753,0.0685293,0.066342,-0.0534495,0.0785222
-34.8526,0.0691678,0.0689348,-0.0522554,0.0796091
-34.8299,0.0697892,0.072969,-0.0522571,0.0806833
-34.8073,0.0703936,0.0693958,-0.0509827,0.0817446
-34.7846,0.0709806,0.0710317,-0.0485834,0.0827926
-34.7619,0.0715502,0.0705287,-0.0489189,0.083827
-34.7392,0.0721022,0.0800831,-0.0474465,0.0848475
-34.7166,0.0726365,0.0782137,-0.0460189,0.0858538
-34.6939,0.073153,0.0664791,-0.0447626,0.0868456
-34.6712,0.0736515,0.0696746,-0.0440734,0.0878226
-34.6485,0.0741319,0.0772842,-0.0429139,0.0887845
-34.6259,0.0745941,0.0756894,-0.0416066,0.0897311
-34.6032,0.075038,0.0816437,-0.0405432,0.0906619
-34.5805,0.0754635,0.078932,-0.0397659,0.0915768
-34.5578,0.0758704,0.0802578,-0.0382124,0.0924755
-34.5351,0.0762587,0.0838043,-0.0381714,0.0933577
-34.5125,0.0766283,0.0820745,-0.0367075,0.0942231
-34.4898,0.076979,0.0838694,-0.0354217,0.0950715
-34.4671,0.0773108,0.0835316,-0.0343964,0.0959025
-34.4444,0.0776237,0.0841158,-0.0331673,0.096716
-34.4218,0.0779174,0.0876814,-0.032445,0.0975117
-34.3991,0.0781921,0.0844894,-0.0309878,0.0982893
-34.3764,0.0784475,0.0892585,-0.0287332,0.0990486
-34.3537,0.0786837,0.0840086,-0.0290116,0.0997894
-34.3311,0.0789005,0.0815742,-0.0275138,0.100511
-34.3084,0.0790979,0.0891018,-0.0257132,0.101214
-34.2857,0.079276,0.0953928,-0.0245243,0.101898
-34.263,0.0794345,0.0885336,-0.0241282,0.102562
-34.2404,0.0795736,0.0890743,-0.0221997,0.103207
-34.2177,0.0796931,0.0879661,-0.0208246,0.103831
-34.195,0.079793,0.0872354,-0.0193306,0.104436
-34.1723,0.0798733,0.0953087,-0.0188363,0.10502
-34.1497,0.0799341,0.0931919,-0.0173347,0.105584
-34.127,0.0799751,0.0903817,-0.0160468,0.106127
-34.1043,0.0799966,0.0904541,-0.0149524,0.106649
-34.0816,0.0799984,0.0900505,-0.0134873,0.10715
-34.059,0.0799805,0.0896355,-0.0119756,0.107629
-34.0363,0.079943,0.0952345,-0.0109282,0.108088
-34.0136,0.0798858,0.0969259,-0.0103403,0.108525
-33.9909,0.0798091,0.0934668,-0.00823004,0.10894
-33.9683,0.0797127,0.0949662,-0.00658193,0.109333
-33.9456,0.0795968,0.0957096,-0.00618767,0.109704
-33.9229,0.0794613,0.0910949,-0.0043251,0.110054
-33.9002,0.0793063,0.0953397,-0.00303541,0.11038
-33.8776,0.0791318,0.0954544,-0.00187515,0.110685
-33.8549,0.0789378,0.0942406,-0.000750649,0.110967
-33.8322,0.0787245,0.0914032,0.000849898,0.111226
-33.8095,0.0784919,0.094122,0.00185227,0.111463
-33.7868,0.0782399,0.0951295,0.00300644,0.111677
-33.7642,0.0779688,0.0942238,0.00426316,0.111868
-33.7415,0.0776785,0.0897665,0.00558416,0.112036
-33.7188,0.0773691,0.0917135,0.00659364,0.11218
-33.6961,0.0770407,0.0945984,0.00814364,0.112302
-33.6735,0.0766934,0.0963542,0.00838983,0.112401
-33.6508,0.0763273,0.0929646,0.0109239,0.112476
-33.6281,0.0759424,0.0909276,0.0110347,0.112528
-33.6054,0.0755389,0.0974444,0.0126634,0.112557
-33.5828,0.0751168,0.0991341,0.0143154,0.112562
-33.5601,0.0746762,0.0977771,0.0155521,0.112544
-33.5374,0.0742173,0.0958471,0.0160639,0.112503
-33.5147,0.0737402,0.0965719,0.0182666,0.112438
-33.4921,0.073245,0.0951141,0.019073,0.11235
-33.4694,0.0727318,0.0971793,0.021041,0.112239
-33.4467,0.0722007,0.0996162,0.0209728,0.112104
-33.424,0.0716519,0.0951302,0.0225112,0.111945
-33.4014,0.0710855,0.0999683,0.0243624,0.111764
-33.3787,0.0705016,0.0938446,0.0250059,0.111559
-33.356,0.0699004,0.0936785,0.0255401,0.111331
-33.3333,0.069282,0.0997257,0.0277243,0.11108
-33.3107,0.0686467,0.0970022,0.0277008,0.110806
-33.288,0.0679944,0.0967187,0.0300203,0.110508
-33.2653,0.0673255,0.0938873,0.03131,0.110188
-33.2426,0.06664,0.0890684,0.0316572,0.109845
-33.22,0.0659382,0.0965973,0.0333697,0.109479
-33.1973,0.0652201,0.0887559,0.0343289,0.109091
-33.1746,0.0644861,0.0882931,0.0358691,0.10868
-33.1519,0.0637362,0.0958656,0.0364634,0.108247
-33.1293,0.0629706,0.0906606,0.0374758,0.107791
-33.1066,0.0621896,0.0945098,0.0384528,0.107313
-33.0839,0.0613933,0.0945753,0.0406075,0.106814
-33.0612,0.0605819,0.0884528,0.0415821,0.106292
-33.0385,0.0597557,0.0916593,0.0412726,0.105749
-33.0159,0.0589148,0.0940828,0.0430693,0.105184
-32.9932,0.0580594,0.0888177,0.0425796,0.104599
-32.9705,0.0571897,0.0871859,0.0458509,0.103992
-32.9478,0.056306,0.0923949,0.0456762,0.103364
-32.9252,0.0554085,0.089558,0.046942,0.102715
-32.9025,0.0544973,0.0945072,0.0470185,0.102047
-32.8798,0.0535728,0.0902141,0.0492826,0.101357
-32.8571,0.0526351,0.0903567,0.0500178,0.100648
-32.8345,0.0516845,0.0874351,0.0511543,0.0999194
-32.8118,0.0507212,0.0916169,0.0522514,0.0991711
-32.7891,0.0497454,0.0826621,0.05287,0.0984035
-32.7664,0.0487574,0.0804007,0.0538028,0.097617
-32.7438,0.0477574,0.0903053,0.0540556,0.0968118
-32.7211,0.0467458,0.0818088,0.0548,0.0959882
-32.6984,0.0457226,0.0882649,0.056115,0.0951466
-32.6757,0.0446882,0.0812626,0.0559434,0.094287
-32.6531,0.0436428,0.0770632,0.0580319,0.09341
-32.6304,0.0425867,0.087313,0.0594951,0.0925157
-32.6077,0.0415201,0.0755185,0.0586909,0.0916047
-32.585,0.0404434,0.0839059,0.0599104,0.090677
-32.5624,0.0393567,0.0912778,0.0611058,0.0897332
-32.5397,0.0382603,0.069718,0.0612021,0.0887736
-32.517,0.0371546,0.0761644,0.0616995,0.0877984
-32.4943,0.0360397,0.0749338,0.0625361,0.086808
-32.4717,0.0349159,0.0808554,0.0637824,0.0858029
-32.449,0.0337836,0.0792893,0.0636399,0.0847834
-32.4263,0.032643,0.0812936,0.0638204,0.0837498
-32.4036,0.0314944,0.0773616,0.0656586,0.0827025
-32.381,0.030338,0.0793616,0.0663442,0.081642
-32.3583,0.0291742,0.0834975,0.0664463,0.0805685
-32.3356,0.0280032,0.0729922,0.0677388,0.0794826
-32.3129,0.0268254,0.0803971,0.0673424,0.0783846
-32.2902,0.0256409,0.0773983,0.0686842,0.0772749
-32.2676,0.0244502,0.0759145,0.0692941,0.0761539
-32.2449,0.0232534,0.0721438,0.0693715,0.0750221
-32.2222,0.022051,0.0759925,0.0699891,0.0738798
-32.1995,0.0208431,0.066871,0.0713874,0.0727276
-32.1769,0.0196301,0.0720698,0.0697749,0.0715658
-32.1542,0.0184123,0.0700639,0.0718094,0.0703948
-32.1315,0.01719,0.0635148,0.0708113,0.069215
-32.1088,0.0159634,0.0708217,0.072578,0.0680271
-32.0862,0.0147329,0.0704377,0.0723079,0.0668313
-32.0635,0.0134988,0.0639204,0.0725318,0.0656281
-32.0408,0.0122614,0.0632494,0.0736879,0.0644179
-32.0181,0.011021,0.0617515,0.0726471,0.0632013
-31.9955,0.00977783,0.0638063,0.0740739,0.0619786
-31.9728,0.00853229,0.0576933,0.0737233,0.0607504
-31.9501,0.00728466,0.0622455,0.0742309,0.059517
-31.9274,0.00603524,0.0548113,0.0753139,0.0582789
-31.9048,0.00478433,0.0565942,0.0758725,0.0570366
-31.8821,0.00353225,0.0645829,0.0755469,0.0557905
-31.8594,0.00227931,0.0542499,0.0755323,0.0545411
-31.8367,0.0010258,0.0604544,0.0750441,0.0532888
-31.8141,-0.000227961,0.0553591,0.0747921,0.0520342
-31.7914,-0.00148166,0.0467258,0.0762108,0.0507775
-31.7687,-0.002735,0.0526337,0.075718,0.0495193
-31.746,-0.00398767,0.0540311,0.0745806,0.0482601
-31.7234,-0.00523936,0.0552261,0.0772741,0.0470002
-31.7007,-0.00648976,0.0437634,0.0756787,0.0457402
-31.678,-0.00773857,0.0540931,0.0753323,0.0444804
-31.6553,-0.00898547,0.0459315,0.0765643,0.0432214
-31.6327,-0.0102302,0.0381116,0.076275,0.0419635
-31.61,-0.0114724,0.041166,0.0770013,0.0407073
-31.5873,-0.0127117,0.0318765,0.0763545,0.0394529
-31.5646,-0.013948,0.036399,0.0767156,0.0382011
-31.542,-0.0151808,0.0398436,0.0762093,0.0369521
-31.5193,-0.0164099,0.0352397,0.0751255,0.0357064
-31.4966,-0.017635,0.0427918,0.0772744,0.0344643
-31.4739,-0.0188557,0.0387272,0.0758607,0.0332264
-31.4512,-0.0200718,0.0303866,0.0761223,0.0319929
-31.4286,-0.0212829,0.0372314,0.0762615,0.0307644
-31.4059,-0.0224889,0.0360022,0.0761682,0.0295411
-31.3832,-0.0236893,0.0301052,0.0748244,0.0283235
-31.3605,-0.0248839,0.0366149,0.0737357,0.0271119
-31.3379,-0.0260724,0.0166096,0.0762384,0.0259067
-31.3152,-0.0272545,0.0278274,0.0741477,0.0247083
-31.2925,-0.0284299,0.0346257,0.0756574,0.0235171
-31.2698,-0.0295983,0.0197269,0.0741834,0.0223333
-31.2472,-0.0307594,0.0217531,0.0741034,0.0211573
-31.2245,-0.031913,0.0169511,0.0727838,0.0199894
-31.2018,-0.0330587,0.0204501,0.072418,0.01883
-31.1791,-0.0341964,0.0185825,0.0723448,0.0176793
-31.1565,-0.0353256,0.0183936,0.0714695,0.0165378
-31.1338,-0.0364461,0.0154555,0.0720687,0.0154056
-31.1111,-0.0375577,0.0144859,0.071218,0.0142831
-31.0884,-0.0386601,0.00926866,0.0722881,0.0131705
-31.0658,-0.039753,0.00435583,0.0712268,0.0120682
-31.0431,-0.0408361,0.00628818,0.069596,0.0109763
-31.0204,-0.0419092,0.01103,0.0700298,0.00989513
-30.9977,-0.042972,-0.00634276,0.0699165,0.008825
-30.9751,-0.0440242,0.00265115,0.0693045,0.00776599
-30.9524,-0.0450656,0.00297152,0.067788,0.00671841
-30.9297,-0.046096,-0.00530146,0.0666237,0.00568249
-30.907,-0.047115,0.00314391,0.0676566,0.00465838
-30.8844,-0.0481224,0.00409038,0.0682025,0.00364632
-30.8617,-0.0491181,-0.0092262,0.0668618,0.0026464
-30.839,-0.0501017,-0.00109673,0.0646129,0.00165894
-30.8163,-0.0510729,-0.000588318,0.0653788,0.000683921
-30.7937,-0.0520316,-0.00741786,0.0636442,-0.000278374
-30.771,-0.0529776,-0.00564844,0.0636715,-0.0012279
-30.7483,-0.0539105,-0.0134398,0.0629928,-0.00216439
-30.7256,-0.0548302,-0.00690673,0.061304,-0.00308787
-30.7029,-0.0557364,-0.00928086,0.0627349,-0.00399811
-30.6803,-0.056629,-0.0149071,0.0614352,-0.00489516
-30.6576,-0.0575076,-0.0104167,0.0595658,-0.00577881
-30.6349,-0.0583721,-0.00579707,0.0597241,-0.00664901
-30.6122,-0.0592222,-0.0107576,0.0587669,-0.00750571
-30.5896,-0.0600579,-0.00112659,0.0595986,-0.00834887
-30.5669,-0.0608787,-0.0142089,0.0571091,-0.0091784
-30.5442,-0.0616846,-0.0196427,0.0564752,-0.00999423
-30.5215,-0.0624754,-0.0206245,0.0563758,-0.0107964
-30.4989,-0.0632508,-0.00994283,0.0546666,-0.0115849
-30.4762,-0.0640107,-0.0251252,0.0536811,-0.0123596
-30.4535,-0.0647548,-0.00902666,0.0531946,-0.0131208
-30.4308,-0.0654831,-0.0139741,0.0523012,-0.0138681
-30.4082,-0.0661953,-0.0193419,0.0511235,-0.0146017
-30.3855,-0.0668912,-0.0129328,0.0501297,-0.0153217
-30.3628,-0.0675706,-0.0233002,0.0497244,-0.016028
-30.3401,-0.0682335,-0.022794,0.048669,-0.0167208
-30.3175,-0.0688797,-0.0150371,0.0481189,-0.0174
-30.2948,-0.0695089,-0.0150289,0.0478765,-0.0180656
-30.2721,-0.070121,-0.00956355,0.0461857,-0.0187179
-30.2494,-0.0707159,-0.0331426,0.0451032,-0.0193567
-30.2268,-0.0712935,-0.0207034,0.0437952,-0.0199823
-30.2041,-0.0718535,-0.0226015,0.0424521,-0.0205947
-30.1814,-0.0723959,-0.0246056,0.0413541,-0.0211938
-30.1587,-0.0729205,-0.0287491,0.0412713,-0.02178
-30.1361,-0.0734272,-0.0243103,0.0402285,-0.0223533
-30.1134,-0.0739158,-0.0150242,0.0381065,-0.0229136
-30.0907,-0.0743863,-0.0377746,0.0371353,-0.0234612
-30.068,-0.0748385,-0.0286628,0.0363887,-0.0239962
-30.0454,-0.0752724,-0.0303451,0.0359316,-0.0245186
-30.0227,-0.0756878,-0.0365822,0.0344477,-0.0250286
-30,-0.0760845,-0.0353858,0.0327476,-0.0255263
-29.9773,-0.0764626,-0.0359618,0.0345942,-0.0260118
-29.9546,-0.0768219,-0.0377196,0.0335905,-0.0264853
-29.932,-0.0771623,-0.0268111,0.0307727,-0.0269468
-29.9093,-0.0774838,-0.0406359,0.0282214,-0.0273965
-29.8866,-0.0777863,-0.0387299,0.0302,-0.0278344
-29.8639,-0.0780696,-0.0322953,0.0263585,-0.0282608
-29.8413,-0.0783338,-0.0525128,0.0269403,-0.0286757
-29.8186,-0.0785787,-0.0402195,0.0257892,-0.0290792
-29.7959,-0.0788043,-0.034015,0.0251657,-0.0294715
-29.7732,-0.0790106,-0.0500355,0.0218375,-0.0298527
-29.7506,-0.0791975,-0.0297102,0.022556,-0.0302228
-29.7279,-0.0793649,-0.0479891,0.0213585,-0.0305822
-29.7052,-0.0795128,-0.0410325,0.0206049,-0.0309306
-29.6825,-0.0796412,-0.0331364,0.019457,-0.0312683
-29.6599,-0.07975,-0.0438669,0.0183756,-0.0315955
-29.6372,-0.0798393,-0.0371824,0.0166055,-0.0319121
-29.6145,-0.0799089,-0.0398347,0.0159714,-0.0322183
-29.5918,-0.0799589,-0.03361,0.0158384,-0.0325142
-29.5692,-0.0799893,-0.0288858,0.0130618,-0.0327997
-29.5465,-0.08,-0.0457368,0.0114548,-0.0330751
-29.5238,-0.0799911,-0.0402644,0.0105981,-0.0333403
-29.5011,-0.0799625,-0.0462899,0.00950292,-0.0335954
-29.4785,-0.0799142,-0.0336045,0.0109305,-0.0338404
-29.4558,-0.0798464,-0.0455583,0.00666221,-0.0340754
-29.4331,-0.0797589,-0.0351883,0.00748628,-0.0343005
-29.4104,-0.0796519,-0.0285323,0.0049525,-0.0345155
-29.3878,-0.0795253,-0.0479721,0.00604831,-0.0347206
-29.3651,-0.0793791,-0.0481955,0.00442138,-0.0349157
-29.3424,-0.0792135,-0.0373701,0.00123628,-0.0351008
-29.3197,-0.0790284,-0.0487535,0.000911496,-0.0352759
-29.2971,-0.0788239,-0.0446763,-0.00131716,-0.035441
-29.2744,-0.0786,-0.0268004,-0.00013346,-0.035596
-29.2517,-0.0783568,-0.0449474,-0.00153338,-0.0357408
-29.229,-0.0780944,-0.0426764,-0.00234162,-0.0358754
-29.2063,-0.0778128,-0.0455598,-0.00571941,-0.0359997
-29.1837,-0.0775121,-0.0490513,-0.00482745,-0.0361137
-29.161,-0.0771923,-0.0393987,-0.00717465,-0.0362171
-29.1383,-0.0768536,-0.0564921,-0.00898538,-0.0363099
-29.1156,-0.076496,-0.0460834,-0.00958877,-0.0363919
-29.093,-0.0761197,-0.0378502,-0.0107074,-0.036463
-29.0703,-0.0757246,-0.0520377,-0.0117401,-0.0365231
-29.0476,-0.0753109,-0.0386143,-0.0124015,-0.036572
-29.0249,-0.0748787,-0.0406502,-0.0147483,-0.0366093
-29.0023,-0.0744282,-0.0390076,-0.0134282,-0.0366352
-28.9796,-0.0739593,-0.0387154,-0.014919,-0.0366491
-28.9569,-0.0734723,-0.0557922,-0.016322,-0.036651
-28.9342,-0.0729673,-0.0521074,-0.0183927,-0.0366404
-28.9116,-0.0724443,-0.0426194,-0.0185693,-0.0366175
-28.8889,-0.0719035,-0.0442061,-0.0218171,-0.0365815
-28.8662,-0.0713451,-0.0439293,-0.0215603,-0.0365325
-28.8435,-0.0707691,-0.0485614,-0.0216816,-0.03647
-28.8209,-0.0701758,-0.0320217,-0.0240821,-0.0363939
-28.7982,-0.0695652,-0.0475661,-0.0241972,-0.0363035
-28.7755,-0.0689376,-0.0521945,-0.0245683,-0.0361987
-28.7528,-0.068293,-0.0365937,-0.0269186,-0.0360792
-28.7302,-0.0676316,-0.0247997,-0.0273444,-0.0359444
-28.7075,-0.0669536,-0.0352762,-0.0270336,-0.0357942
-28.6848,-0.0662592,-0.0367731,-0.0288515,-0.035628
-28.6621,-0.0655485,-0.0480055,-0.0296618,-0.0354454
-28.6395,-0.0648217,-0.056279,-0.0293199,-0.0352461
-28.6168,-0.064079,-0.0408251,-0.0308497,-0.0350295
-28.5941,-0.0633205,-0.0429052,-0.0344029,-0.0347953
-28.5714,-0.0625465,-0.0463617,-0.0333534,-0.0345428
-28.5488,-0.0617571,-0.0494423,-0.0357294,-0.034272
-28.5261,-0.0609526,-0.0452817,-0.0339775,-0.0339819
-28.5034,-0.0601331,-0.0423124,-0.0394288,-0.0336724
-28.4807,-0.0592988,-0.0416872,-0.038465,-0.0333426
-28.458,-0.05845,-0.038489,-0.0387837,-0.0329925
-28.4354,-0.0575868,-0.0547968,-0.038689,-0.0326211
-28.4127,-0.0567094,-0.0501525,-0.0413653,-0.0322281
-28.39,-0.0558181,-0.0409413,-0.0417293,-0.0318129
-28.3673,-0.0549131,-0.0595574,-0.0440342,-0.031375
-28.3447,-0.0539947,-0.039295,-0.0422765,-0.0309139
-28.322,-0.0530629,-0.050671,-0.0439147,-0.030429
-28.2993,-0.0521182,-0.04707,-0.0450356,-0.0299195
-28.2766,-0.0511606,-0.0315601,-0.045823,-0.0293853
-28.254,-0.0501905,-0.0436618,-0.0453559,-0.0288254
-28.2313,-0.049208,-0.0566926,-0.047899,-0.0282394
-28.2086,-0.0482134,-0.0357534,-0.0489962,-0.0276267
-28.1859,-0.0472071,-0.0370476,-0.0507806,-0.0269868
-28.1633,-0.0461891,-0.0413614,-0.0494507,-0.0263189
-28.1406,-0.0451597,-0.0255703,-0.0525296,-0.0256227
-28.1179,-0.0441193,-0.0391927,-0.049769,-0.0248974
-28.0952,-0.043068,-0.0334621,-0.0538165,-0.0241425
-28.0726,-0.0420062,-0.0436873,-0.0503263,-0.0233573
-28.0499,-0.0409341,-0.0466939,-0.0545493,-0.0225414
-28.0272,-0.0398518,-0.0281901,-0.0514837,-0.0216942
-28.0045,-0.0387598,-0.0279665,-0.0565552,-0.0208151
-27.9819,-0.0376583,-0.0534478,-0.0566767,-0.0199034
-27.9592,-0.0365476,-0.0270674,-0.0567286,-0.0189587
-27.9365,-0.0354278,-0.0399998,-0.0567279,-0.0179804
-27.9138,-0.0342994,-0.0428952,-0.0592761,-0.016968
-27.8912,-0.0331625,-0.043982,-0.0574098,-0.0159208
-27.8685,-0.0320175,-0.0365737,-0.05984,-0.0148384
-27.8458,-0.0308646,-0.0348914,-0.0597417,-0.0137202
-27.8231,-0.0297041,-0.0412285,-0.058841,-0.0125659
-27.8005,-0.0285364,-0.0474979,-0.0597503,-0.0113748
-27.7778,-0.0273616,-0.0529356,-0.0616655,-0.0101465
-27.7551,-0.0261801,-0.0475043,-0.0610779,-0.00888046
-27.7324,-0.0249922,-0.0357575,-0.0638918,-0.00757638
-27.7098,-0.0237982,-0.0568282,-0.060259,-0.0062336
-27.6871,-0.0225982,-0.0409965,-0.063303,-0.00485194
-27.6644,-0.0213928,-0.0438304,-0.0642147,-0.00343084
-27.6417,-0.0201821,-0.0576491,-0.0635692,-0.00196997
-27.619,-0.0189664,-0.0461852,-0.0634669,-0.000468984
-27.5964,-0.0177461,-0.0345143,-0.0659256,0.00107251
-27.5737,-0.0165214,-0.0402519,-0.0653703,0.00265473
-27.551,-0.0152927,-0.0407708,-0.0655529,0.00427807
-27.5283,-0.0140602,-0.0536099,-0.0656508,0.00594277
-27.5057,-0.0128242,-0.0263798,-0.0668784,0.00764908
-27.483,-0.0115852,-0.0401662,-0.0659378,0.00939723
-27.4603,-0.0103432,-0.0433499,-0.0688313,0.0111874
-27.4376,-0.00909872,-0.0349425,-0.0696562,0.0130197
-27.415,-0.00785201,-0.044393,-0.0682325,0.0148944
-27.3923,-0.00660336,-0.0337239,-0.0690679,0.0168115
-27.3696,-0.00535309,-0.0411581,-0.0670144,0.0187711
-27.3469,-0.00410151,-0.05268,-0.0665396,0.0207733
-27.3243,-0.00284891,-0.0407775,-0.0680837,0.0228181
-27.3016,-0.00159562,-0.0307071,-0.0703938,0.0249055
-27.2789,-0.000341941,-0.0412449,-0.0714958,0.0270354
-27.2562,0.000911826,-0.0356561,-0.0701106,0.0292078
-27.2336,0.00216537,-0.0484649,-0.0708231,0.0314225
-27.2109,0.00341838,-0.0250291,-0.0700095,0.0336794
-27.1882,0.00467055,-0.0330413,-0.0711671,0.0359782
-27.1655,0.00592157,-0.0460825,-0.071549,0.038319
-27.1429,0.00717114,-0.0179594,-0.0708084,0.0407012
-27.1202,0.00841895,-0.0144225,-0.0719971,0.0431247
-27.0975,0.00966469,-0.0491248,-0.0711537,0.0455889
-27.0748,0.0109081,-0.0417704,-0.0684401,0.0480939
-27.0522,0.0121487,-0.0208335,-0.0701852,0.0506388
-27.0295,0.0133865,-0.031008,-0.0688662,0.0532234
-27.0068,0.0146209,-0.0193455,-0.0699245,0.0558472
-26.9841,0.0158517,-0.026703,-0.0710854,0.0585097
-26.9615,0.0170786,-0.0417725,-0.0700977,0.0612102
-26.9388,0.0183014,-0.00857871,-0.0686914,0.0639481
-26.9161,0.0195196,-0.0210015,-0.0701906,0.0667229
-26.8934,0.020733,-0.0124169,-0.0675524,0.0695338
-26.8707,0.0219414,-0.0135742,-0.071472,0.07238
-26.8481,0.0231444,-0.026434,-0.068741,0.0752608
-26.8254,0.0243416,-0.00568171,-0.0688569,0.0781754
-26.8027,0.0255329,-0.0197642,-0.0702794,0.0811228
-26.78,0.026718,-0.0138523,-0.0685317,0.0841022
-26.7574,0.0278964,-0.0111881,-0.0701377,0.0871127
-26.7347,0.0290681,-0.0150176,-0.0695831,0.0901532
-26.712,0.0302325,-0.00263252,-0.0669649,0.0932228
-26.6893,0.0313896,-0.0146229,-0.0680144,0.0963202
-26.6667,0.0325389,0.00531074,-0.0659334,0.0994445
-26.644,0.0336803,-0.00801026,-0.0688648,0.102594
-26.6213,0.0348134,-0.00501828,-0.0671473,0.105769
-26.5986,0.0359379,0.0159938,-0.0660755,0.108966
-26.576,0.0370536,-0.00775303,-0.0673086,0.112186
-26.5533,0.0381602,0.00146985,-0.0673216,0.115426
-26.5306,0.0392574,0.01396,-0.0639783,0.118685
-26.5079,0.040345,-0.0112725,-0.0657764,0.121962
-26.4853,0.0414227,-0.00197795,-0.0663163,0.125255
-26.4626,0.0424902,0.0143771,-0.0628559,0.128564
-26.4399,0.0435472,0.0197571,-0.0608149,0.131885
-26.4172,0.0445936,-0.00050681,-0.0657359,0.135219
-26.3946,0.045629,-0.0125268,-0.062899,0.138562
-26.3719,0.0466532,0.0115153,-0.0601636,0.141914
-26.3492,0.047666,0.0209191,-0.0612738,0.145273
-26.3265,0.048667,0.00555776,-0.0635782,0.148638
-26.3039,0.0496561,0.0120045,-0.0601919,0.152005
-26.2812,0.050633,0.0192924,-0.0591807,0.155374
-26.2585,0.0515974,0.0106682,-0.0603142,0.158743
-26.2358,0.0525492,0.0114732,-0.0604678,0.16211
-26.2132,0.0534881,0.0190751,-0.0580932,0.165474
-26.1905,0.0544138,0.00987804,-0.056054,0.168831
-26.1678,0.0553262,0.0077561,-0.0578195,0.172181
-26.1451,0.056225,0.0252017,-0.0574996,0.175521
-26.1224,0.0571099,0.0235734,-0.0545405,0.178849
-26.0998,0.0579809,0.0261498,-0.0580276,0.182163
-26.0771,0.0588376,0.0326216,-0.0573053,0.185462
-26.0544,0.0596798,0.0410155,-0.0542209,0.188744
-26.0317,0.0605074,0.0233687,-0.0545448,0.192005
-26.0091,0.0613202,0.0300013,-0.0521675,0.195244
-25.9864,0.0621178,0.045636,-0.0506785,0.198459
-25.9637,0.0629003,0.0350544,-0.0523594,0.201648
-25.941,0.0636672,0.0403266,-0.0492396,0.204809
-25.9184,0.0644185,0.0535952,-0.0508739,0.207939
-25.8957,0.0651541,0.0423548,-0.0489808,0.211036
-25.873,0.0658736,0.039211,-0.0481907,0.214098
-25.8503,0.0665769,0.0347629,-0.0466378,0.217123
-25.8277,0.0672638,0.0355065,-0.0474878,0.220109
-25.805,0.0679343,0.0516301,-0.0462709,0.223052
-25.7823,0.0685881,0.0362051,-0.0449501,0.225952
-25.7596,0.069225,0.0343933,-0.0442474,0.228806
-25.737,0.0698449,0.0597334,-0.0438904,0.231612
-25.7143,0.0704476,0.0257636,-0.0439174,0.234367
-25.6916,0.0710331,0.0465645,-0.0425958,0.237068
-25.6689,0.0716011,0.0612319,-0.0400425,0.239715
-25.6463,0.0721515,0.0303614,-0.040293,0.242304
-25.6236,0.0726842,0.0603263,-0.0382549,0.244834
-25.6009,0.0731991,0.0880087,-0.039419,0.247302
-25.5782,0.0736959,0.0457162,-0.0349133,0.249705
-25.5556,0.0741747,0.0251543,-0.0375888,0.252042
-25.5329,0.0746353,0.0673759,-0.034146,0.254311
-25.5102,0.0750775,0.0498724,-0.0348672,0.256508
-25.4875,0.0755012,0.0483996,-0.0307513,0.258633
-25.4649,0.0759065,0.080933,-0.0345193,0.260682
-25.4422,0.0762931,0.0604323,-0.0307927,0.262654
-25.4195,0.0766609,0.066006,-0.0300384,0.264547
-25.3968,0.0770099,0.0794158,-0.0286407,0.266357
-25.3741,0.07734,0.0621114,-0.0307086,0.268085
-25.3515,0.0776512,0.0690741,-0.0256817,0.269726
-25.3288,0.0779432,0.0917843,-0.0291843,0.271279
-25.3061,0.0782161,0.0758259,-0.021731,0.272742
-25.2834,0.0784698,0.0788654,-0.024233,0.274114
-25.2608,0.0787042,0.0637597,-0.0241886,0.275391
-25.2381,0.0789192,0.0656483,-0.0203055,0.276573
-25.2154,0.0791149,0.0841201,-0.0178527,0.277657
-25.1927,0.0792912,0.0805529,-0.0190749,0.278641
-25.1701,0.079448,0.051479,-0.016323,0.279524
-25.1474,0.0795853,0.069285,-0.0185343,0.280303
-25.1247,0.079703,0.0945688,-0.0157129,0.280977
-25.102,0.0798011,0.0724382,-0.0177959,0.281545
-25.0794,0.0798797,0.0854456,-0.0149576,0.282003
-25.0567,0.0799386,0.0712421,-0.0158939,0.282352
-25.034,0.0799779,0.0903766,-0.0112491,0.282589
-25.0113,0.0799975,0.0911275,-0.0116353,0.282713
-24.9887,0.0799975,0.0794712,-0.00971437,0.282722
-24.966,0.0799779,0.0789329,-0.00524298,0.282614
-24.9433,0.0799386,0.0770412,-0.00710759,0.282389
-24.9206,0.0798797,0.0913124,-0.00686705,0.282045
-24.898,0.0798011,0.0806538,-0.0034364,0.281581
-24.8753,0.079703,0.0908979,-0.00488331,0.280994
-24.8526,0.0795853,0.0922364,-0.00375131,0.280285
-24.8299,0.079448,0.102627,0.000178805,0.279452
-24.8073,0.0792912,0.0889691,-0.00298873,0.278494
-24.7846,0.0791149,0.090899,0.000582417,0.27741
-24.7619,0.0789192,0.0802988,-0.092888,0.180279
-24.7392,0.0787042,0.0935784,-0.089457,0.18529
-24.7166,0.0784698,0.109166,0.0269776,0.296258
-24.6939,0.0782161,0.0917107,0.0507098,0.320117
-24.6712,0.0779432,0.0943064,0.115612,0.380512
-24.6485,0.0776512,0.0822931,-0.0346795,0.226226
-24.6259,0.07734,0.0987741,0.0485821,0.307996
-24.6032,0.0770099,0.0859391,0.069419,0.323427
-24.5805,0.0766609,0.0999418,0.0875961,0.337768
-24.5578,0.0762931,0.0983207,0.132695,0.379879
-24.5351,0.0759065,0.110716,-0.00482218,0.23565
-24.5125,0.0755012,0.10349,0.138146,0.380777
-24.4898,0.0750775,0.115217,0.190818,0.429361
-24.4671,0.0746353,0.10856,0.0218013,0.25496
-24.4444,0.0741747,0.100009,0.155532,0.384017
-24.4218,0.0736959,0.111491,0.113567,0.339864
-24.3991,0.0731991,0.0848161,0.110653,0.330652
-24.3764,0.0726842,0.0989567,0.230794,0.446647
-24.3537,0.0721515,0.0985785,0.129029,0.339193
-24.3311,0.0716011,0.100081,0.243856,0.451583
-24.3084,0.0710331,0.103914,0.259944,0.462662
-24.2857,0.0704476,0.0941367,0.202177,0.399397
-24.263,0.0698449,0.112492,0.16315,0.3538
-24.2404,0.069225,0.090033,0.187711,0.371601
-24.2177,0.0685881,0.0928446,0.153133,0.331301
-24.195,0.0679343,0.123735,0.187592,0.360563
-24.1723,0.0672638,0.114218,0.24659,0.412856
-24.1497,0.0665769,0.0937534,0.147074,0.310572
-24.127,0.0658736,0.104106,0.144389,0.298814
-24.1043,0.0651541,0.121823,0.301601,0.452975
-24.0816,0.0644185,0.0994529,0.199999,0.345957
-24.059,0.0636672,0.105569,0.147522,0.286094
-24.0363,0.0629003,0.102876,0.245267,0.378077
-24.0136,0.0621178,0.0932919,0.218624,0.344572
-23.9909,0.0613202,0.117305,0.282506,0.401354
-23.9683,0.0605074,0.113678,0.363589,0.479563
-23.9456,0.0596798,0.108126,0.187496,0.290379
-23.9229,0.0588376,0.118855,0.344868,0.443245
-23.9002,0.0579809,0.0901175,0.25801,0.34758
-23.8776,0.0571099,0.105224,0.265937,0.351025
-23.8549,0.056225,0.107379,0.402587,0.477293
-23.8322,0.0553262,0.0918986,0.322998,0.394989
-23.8095,0.0544138,0.103857,0.352812,0.418236
-23.7868,0.0534881,0.0868431,0.362358,0.415168
-23.7642,0.0525492,0.0986107,0.359086,0.407284
-23.7415,0.0515974,0.0929762,0.275364,0.313509
-23.7188,0.050633,0.0829077,0.435049,0.465565
-23.6961,0.0496561,0.0973007,0.409171,0.431566
-23.6735,0.048667,0.0693503,0.352763,0.367661
-23.6508,0.047666,0.0599506,0.410982,0.419387
-23.6281,0.0466532,0.0955422,0.340406,0.338448
-23.6054,0.045629,0.111701,0.418523,0.412307
-23.5828,0.0445936,0.0705524,0.396662,0.382511
-23.5601,0.0435472,0.127562,0.440874,0.416952
-23.5374,0.0424902,0.0632696,0.387363,0.350427
-23.5147,0.0414227,0.0787939,0.347548,0.300129
-23.4921,0.040345,0.065115,0.39888,0.34723
-23.4694,0.0392574,0.0805966,0.448018,0.386966
-23.4467,0.0381602,0.0732805,0.422987,0.353399
-23.424,0.0370536,0.0751622,0.49689,0.420193
-23.4014,0.0359379,0.0568076,0.404833,0.320283
-23.3787,0.0348134,0.0558261,0.517626,0.423256
-23.356,0.0336803,0.076444,0.487038,0.382601
-23.3333,0.0325389,0.0525822,0.367763,0.258604
-23.3107,0.0313896,0.0524945,0.487735,0.362813
-23.288,0.0302325,0.0555854,0.425256,0.291417
-23.2653,0.0290681,0.0423791,0.432747,0.288502
-23.2426,0.0278964,0.0768269,0.519029,0.370825
-23.22,0.026718,0.0555076,0.524008,0.36673
-23.1973,0.0255329,0.0151512,0.405364,0.237709
-23.1746,0.0243416,0.0292662,0.396829,0.221241
-23.1519,0.0231444,0.0412751,0.459188,0.273091
-23.1293,0.0219414,0.0556569,0.557087,0.361899
-23.1066,0.020733,0.02031,0.528457,0.326276
-23.0839,0.0195196,0.0315947,0.497093,0.283222
-23.0612,0.0183014,0.022179,0.441045,0.219961
-23.0385,0.0170786,0.0258145,0.474129,0.243055
-23.0159,0.0158517,0.0348226,0.573255,0.332806
-22.9932,0.0146209,0.00858667,0.564384,0.315505
-22.9705,0.0133865,0.0269109,0.482166,0.221124
-22.9478,0.0121487,0.0193236,0.577055,0.30707
-22.9252,0.0109081,0.0134091,0.549591,0.27277
-22.9025,0.00966469,0.0163194,0.522397,0.233605
-22.8798,0.00841895,0.0116376,0.594219,0.30059
-22.8571,0.00717114,0.0164764,0.546459,0.241194
-22.8345,0.00592157,0.0102102,0.604605,0.292343
-22.8118,0.00467055,-0.0106323,0.502498,0.178336
-22.7891,0.00341838,0.00886075,0.578622,0.25139
-22.7664,0.00216537,-0.00872519,0.595625,0.252903
-22.7438,0.000911826,-0.0260029,0.451984,0.100162
-22.7211,-0.000341941,-0.00826085,0.560858,0.197311
-22.6984,-0.00159562,-0.018787,0.555881,0.188902
-22.6757,-0.00284891,-0.0354693,0.460258,0.0819685
-22.6531,-0.00410151,-0.0346185,0.553945,0.168011
-22.6304,-0.00535309,-0.0145235,0.616909,0.222742
-22.6077,-0.00660336,-0.027334,0.459652,0.0559465
-22.585,-0.00785201,-0.0323783,0.4984,0.0853794
-22.5624,-0.00909872,-0.0268104,0.599688,0.178594
-22.5397,-0.0103432,-0.0211556,0.592857,0.161143
-22.517,-0.0115852,-0.0518999,0.523555,0.0827529
-22.4943,-0.0128242,-0.0518973,0.485782,0.0357435
-22.4717,-0.0140602,-0.0410195,0.500665,0.0484885
-22.449,-0.0152927,-0.033465,0.624969,0.160581
-22.4263,-0.0165214,-0.0687182,0.530465,0.0549424
-22.4036,-0.0177461,-0.0344575,0.604989,0.123788
-22.381,-0.0189664,-0.0309077,0.592277,0.104431
-22.3583,-0.0201821,-0.0560577,0.4706,-0.0289163
-22.3356,-0.0213928,-0.0369628,0.599861,0.0926379
-22.3129,-0.0225982,-0.0519881,0.618277,0.105585
-22.2902,-0.0237982,-0.0407883,0.561109,0.0410395
-22.2676,-0.0249922,-0.066504,0.496181,-0.0361578
-22.2449,-0.0261801,-0.0518901,0.631164,0.093837
-22.2222,-0.0273616,-0.0543114,0.529293,-0.0148647
-22.1995,-0.0285364,-0.0824336,0.489511,-0.0618899
-22.1769,-0.0297041,-0.0708669,0.582526,0.0248252
-22.1542,-0.0308646,-0.0514708,0.610475,0.045163
-22.1315,-0.0320175,-0.0756766,0.64296,0.0729205
-22.1088,-0.0331625,-0.0888624,0.446161,-0.13439
-22.0862,-0.0342994,-0.0657941,0.574516,-0.0115676
-22.0635,-0.0354278,-0.0811284,0.443412,-0.146873
-22.0408,-0.0365476,-0.100173,0.508458,-0.0889376
-22.0181,-0.0376583,-0.0904904,0.461307,-0.145511
-21.9955,-0.0387598,-0.0946349,0.538004,-0.0731871
-21.9728,-0.0398518,-0.0888409,0.615987,-0.000976264
-21.9501,-0.0409341,-0.0875657,0.628963,0.00570722
-21.9274,-0.0420062,-0.102921,0.494872,-0.138564
-21.9048,-0.043068,-0.0830958,0.499573,-0.139528
-21.8821,-0.0441193,-0.0797404,0.611276,-0.0294203
-21.8594,-0.0451597,-0.110112,0.605612,-0.0427388
-21.8367,-0.0461891,-0.117925,0.464853,-0.194292
-21.8141,-0.0472071,-0.104005,0.563506,-0.0942085
-21.7914,-0.0482134,-0.0949545,0.540668,-0.126509
-21.7687,-0.049208,-0.130047,0.500668,-0.170896
-21.746,-0.0501905,-0.116667,0.480262,-0.193847
-21.7234,-0.0511606,-0.121079,0.601601,-0.0749074
-21.7007,-0.0521182,-0.0983721,0.558301,-0.124033
-21.678,-0.0530629,-0.111144,0.533411,-0.154597
-21.6553,-0.0539947,-0.115698,0.489236,-0.203447
-21.6327,-0.0549131,-0.0993424,0.492338,-0.205142
-21.61,-0.0558181,-0.115863,0.495015,-0.210597
-21.5873,-0.0567094,-0.127574,0.464308,-0.241346
-21.5646,-0.0575868,-0.132883,0.458786,-0.252585
-21.542,-0.05845,-0.115503,0.573039,-0.142253
-21.5193,-0.0592988,-0.117995,0.45715,-0.261683
-21.4966,-0.0601331,-0.13009,0.397396,-0.322427
-21.4739,-0.0609526,-0.111648,0.494385,-0.227671
-21.4512,-0.0617571,-0.120233,0.500126,-0.225977
-21.4286,-0.0625465,-0.123619,0.451486,-0.277337
-21.4059,-0.0633205,-0.126613,0.52886,-0.204032
-21.3832,-0.064079,-0.135559,0.382816,-0.352977
-21.3605,-0.0648217,-0.127645,0.375507,-0.361979
-21.3379,-0.0655485,-0.132936,0.462506,-0.274339
-21.3152,-0.0662592,-0.124836,0.456841,-0.28679
-21.2925,-0.0669536,-0.1186,0.459326,-0.28076
-21.2698,-0.0676316,-0.137127,0.422601,-0.324721
-21.2472,-0.068293,-0.148446,0.417034,-0.329751
-21.2245,-0.0689376,-0.116382,0.437592,-0.313073
-21.2018,-0.0695652,-0.140227,0.388237,-0.362444
-21.1791,-0.0701758,-0.133394,0.437514,-0.314042
-21.1565,-0.0707691,-0.13846,0.33133,-0.4227
-21.1338,-0.0713451,-0.14655,0.366156,-0.391443
-21.1111,-0.0719035,-0.147957,0.33552,-0.422726
-21.0884,-0.0724443,-0.134601,0.404787,-0.349825
-21.0658,-0.0729673,-0.149795,0.28666,-0.471278
-21.0431,-0.0734723,-0.143998,0.304505,-0.457626
-21.0204,-0.0739593,-0.155568,0.447843,-0.30849
-20.9977,-0.0744282,-0.146613,0.318674,-0.439118
-20.9751,-0.0748787,-0.134509,0.443707,-0.311438
-20.9524,-0.0753109,-0.134073,0.274662,-0.481388
-20.9297,-0.0757246,-0.135818,0.319378,-0.434403
-20.907,-0.0761197,-0.136724,0.35196,-0.400104
-20.8844,-0.076496,-0.138754,0.238164,-0.514753
-20.8617,-0.0768536,-0.150618,0.276513,-0.478676
-20.839,-0.0771923,-0.138179,0.256537,-0.497059
-20.8163,-0.0775121,-0.129782,0.377791,-0.377268
-20.7937,-0.0778128,-0.15128,0.258743,-0.491922
-20.771,-0.0780944,-0.138616,0.207339,-0.538414
-20.7483,-0.0783568,-0.159638,0.268425,-0.479556
-20.7256,-0.0786,-0.129666,0.312543,-0.432157
-20.7029,-0.0788239,-0.168644,0.261757,-0.478886
-20.6803,-0.0790284,-0.137664,0.316806,-0.423323
-20.6576,-0.0792135,-0.132353,0.317791,-0.418383
-20.6349,-0.0793791,-0.14716,0.194764,-0.544101
-20.6122,-0.0795253,-0.144675,0.181859,-0.552446
-20.5896,-0.0796519,-0.155985,0.278697,-0.454133
-20.5669,-0.0797589,-0.147453,0.174511,-0.554476
-20.5442,-0.0798464,-0.145533,0.219104,-0.505271
-20.5215,-0.0799142,-0.154896,0.149088,-0.572238
-20.4989,-0.0799625,-0.154919,0.18428,-0.536576
-20.4762,-0.0799911,-0.141909,0.273955,-0.440338
-20.4535,-0.08,-0.16254,0.165884,-0.544441
-20.4308,-0.0799893,-0.154644,0.210975,-0.495957
-20.4082,-0.0799589,-0.152435,0.160935,-0.54052
-20.3855,-0.0799089,-0.138447,0.174083,-0.525083
-20.3628,-0.0798393,-0.142204,0.226232,-0.463843
-20.3401,-0.07975,-0.14534,0.225994,-0.464694
-20.3175,-0.0796412,-0.14477,0.0991151,-0.590635
-20.2948,-0.0795128,-0.154773,0.194105,-0.489288
-20.2721,-0.0793649,-0.130088,0.251389,-0.423481
-20.2494,-0.0791975,-0.156657,0.0689196,-0.605272
-20.2268,-0.0790106,-0.149945,0.0889935,-0.577948
-20.2041,-0.0788043,-0.133817,0.110956,-0.551523
-20.1814,-0.0785787,-0.138711,0.196578,-0.457282
-20.1587,-0.0783338,-0.153279,0.205346,-0.446437
-20.1361,-0.0780696,-0.135134,0.0906175,-0.551679
-20.1134,-0.0777863,-0.166882,0.124876,-0.518436
-20.0907,-0.0774838,-0.147952,0.0817326,-0.555452
-20.068,-0.0771623,-0.143935,0.035879,-0.595806
-20.0454,-0.0768219,-0.151252,0.0199026,-0.600721
-20.0227,-0.0764626,-0.143623,0.117937,-0.500266
-20,-0.0760845,-0.144407,0.109741,-0.497426
-19.9773,-0.0756878,-0.13586,0.127369,-0.474419
-19.9546,-0.0752724,-0.137891,0.0142054,-0.584147
-19.932,-0.0748385,-0.141448,0.0320107,-0.563668
-19.9093,-0.0743863,-0.158192,0.0166204,-0.569775
-19.8866,-0.0739158,-0.156256,0.119863,-0.455794
-19.8639,-0.0734272,-0.140883,-0.0465688,-0.620113
-19.8413,-0.0729205,-0.144882,0.0169278,-0.543705
-19.8186,-0.0723959,-0.142389,0.100798,-0.453449
-19.7959,-0.0718535,-0.133588,0.0395724,-0.50634
-19.7732,-0.0712935,-0.140983,-0.047567,-0.592533
-19.7506,-0.0707159,-0.141174,-0.0527041,-0.586909
-19.7279,-0.070121,-0.133287,0.0154107,-0.514732
-19.7052,-0.0695089,-0.14407,-0.0552983,-0.574017
-19.6825,-0.0688797,-0.135955,0.0299568,-0.484907
-19.6599,-0.0682335,-0.120449,-0.0447425,-0.547258
-19.6372,-0.0675706,-0.136099,0.00904497,-0.484279
-19.6145,-0.0668912,-0.132765,-0.0358234,-0.522118
-19.5918,-0.0661953,-0.137474,-0.0215033,-0.500668
-19.5692,-0.0654831,-0.142437,-0.0354861,-0.506971
-19.5465,-0.0647548,-0.130065,0.00578042,-0.458623
-19.5238,-0.0640107,-0.142758,-0.0955124,-0.55503
-19.5011,-0.0632508,-0.134676,-0.0310992,-0.479432
-19.4785,-0.0624754,-0.126702,-0.202398,-0.64397
-19.4558,-0.0616846,-0.151226,-0.0792353,-0.508509
-19.4331,-0.0608787,-0.155686,-0.210289,-0.632876
-19.4104,-0.0600579,-0.118948,-0.0564714,-0.468516
-19.3878,-0.0592222,-0.142163,-0.211831,-0.617907
-19.3651,-0.0583721,-0.13674,-0.132004,-0.528442
-19.3424,-0.0575076,-0.137277,-0.133518,-0.521889
-19.3197,-0.056629,-0.137381,-0.0827576,-0.459109
-19.2971,-0.0557364,-0.131699,-0.225668,-0.596617
-19.2744,-0.0548302,-0.134626,-0.151011,-0.51182
-19.2517,-0.0539105,-0.124612,-0.129465,-0.477413
-19.229,-0.0529776,-0.121985,-0.106255,-0.446465
-19.2063,-0.0520316,-0.132047,-0.260067,-0.594871
-19.1837,-0.0510729,-0.136266,-0.260639,-0.586035
-19.161,-0.0501017,-0.116262,-0.193487,-0.506385
-19.1383,-0.0491181,-0.133408,-0.217382,-0.523492
-19.1156,-0.0481224,-0.117983,-0.249619,-0.547317
-19.093,-0.047115,-0.106816,-0.206913,-0.491897
-19.0703,-0.046096,-0.127174,-0.232506,-0.506194
-19.0476,-0.0450656,-0.123201,-0.205314,-0.467121
-19.0249,-0.0440242,-0.123493,-0.231698,-0.48747
-19.0023,-0.042972,-0.0962149,-0.292518,-0.54178
-18.9796,-0.0419092,-0.126083,-0.287538,-0.526776
-18.9569,-0.0408361,-0.109147,-0.198836,-0.426815
-18.9342,-0.039753,-0.10052,-0.335735,-0.554632
-18.9116,-0.0386601,-0.109403,-0.235101,-0.440849
-18.8889,-0.0375577,-0.10147,-0.354689,-0.552829
-18.8662,-0.0364461,-0.098995,-0.287171,-0.474607
-18.8435,-0.0353256,-0.09785,-0.321582,-0.500624
-18.8209,-0.0341964,-0.100835,-0.338136,-0.505751
-18.7982,-0.0330587,-0.0952355,-0.392672,-0.553021
-18.7755,-0.031913,-0.0980467,-0.377753,-0.526038
-18.7528,-0.0307594,-0.102341,-0.379291,-0.518184
-18.7302,-0.0295983,-0.0818408,-0.236511,-0.365136
-18.7075,-0.0284299,-0.0836713,-0.374618,-0.49306
-18.6848,-0.0272545,-0.091563,-0.384018,-0.49136
-18.6621,-0.0260724,-0.0857653,-0.265819,-0.362932
-18.6395,-0.0248839,-0.0913974,-0.289199,-0.376398
-18.6168,-0.0236893,-0.0937445,-0.282208,-0.359516
-18.5941,-0.0224889,-0.0905857,-0.401497,-0.466399
-18.5714,-0.0212829,-0.0941695,-0.430069,-0.490761
-18.5488,-0.0200718,-0.0688047,-0.298005,-0.34299
-18.5261,-0.0188557,-0.0835848,-0.357699,-0.391248
-18.5034,-0.017635,-0.0861467,-0.30219,-0.322429
-18.4807,-0.0164099,-0.0750408,-0.466064,-0.482528
-18.458,-0.0151808,-0.0754537,-0.458836,-0.466714
-18.4354,-0.013948,-0.083467,-0.468442,-0.465333
-18.4127,-0.0127117,-0.0639021,-0.414296,-0.404458
-18.39,-0.0114724,-0.0778431,-0.399392,-0.377932
-18.3673,-0.0102302,-0.0729995,-0.451537,-0.419335
-18.3447,-0.00898547,-0.0636732,-0.377928,-0.334357
-18.322,-0.00773857,-0.0730737,-0.448753,-0.397273
-18.2993,-0.00648976,-0.0695141,-0.357761,-0.290442
-18.2766,-0.00523936,-0.0611199,-0.441504,-0.367914
-18.254,-0.00398767,-0.0597873,-0.444197,-0.36195
-18.2313,-0.002735,-0.0478804,-0.459995,-0.368647
-18.2086,-0.00148166,-0.0624285,-0.529926,-0.425155
-18.1859,-0.000227961,-0.0476167,-0.445664,-0.338218
-18.1633,0.0010258,-0.0504959,-0.47153,-0.353439
-18.1406,0.00227931,-0.0529981,-0.484557,-0.349059
-18.1179,0.00353225,-0.0301467,-0.516222,-0.371461
-18.0952,0.00478433,-0.0459558,-0.400936,-0.250602
-18.0726,0.00603524,-0.0336152,-0.393802,-0.22849
-18.0499,0.00728466,-0.0421499,-0.528317,-0.357318
-18.0272,0.00853229,-0.0426166,-0.477793,-0.292385
-18.0045,0.00977783,-0.0374419,-0.503984,-0.312721
-17.9819,0.011021,-0.03969,-0.431308,-0.23262
-17.9592,0.0122614,-0.0320842,-0.542573,-0.331459
-17.9365,0.0134988,-0.0321562,-0.404279,-0.182488
-17.9138,0.0147329,-0.0275375,-0.431765,-0.203448
-17.8912,0.0159634,-0.0432228,-0.571211,-0.334452
-17.8685,0.01719,-0.0183314,-0.421962,-0.174287
-17.8458,0.0184123,-0.026579,-0.569787,-0.316188
-17.8231,0.0196301,-0.0265373,-0.501113,-0.23239
-17.8005,0.0208431,-0.0118683,-0.483492,-0.205582
-17.7778,0.022051,-0.0253106,-0.552608,-0.272945
-17.7551,0.0232534,-0.0281169,-0.448939,-0.1584
-17.7324,0.0244502,-0.0179996,-0.513815,-0.209353
-17.7098,0.0256409,-0.022161,-0.439514,-0.129946
-17.6871,0.0268254,-0.00293325,-0.523028,-0.20188
-17.6644,0.0280032,-0.0114738,-0.488721,-0.159342
-17.6417,0.0291742,-0.00354243,-0.447049,-0.108151
-17.619,0.030338,-0.0236556,-0.487854,-0.139545
-17.5964,0.0314944,0.00493243,-0.42139,-0.0685827
-17.5737,0.032643,0.00636707,-0.565072,-0.205405
-17.551,0.0337836,-0.00302752,-0.533569,-0.159121
-17.5283,0.0349159,0.00445351,-0.599647,-0.223422
-17.5057,0.0360397,0.00955634,-0.498416,-0.111476
-17.483,0.0371546,0.0147586,-0.442536,-0.0479458
-17.4603,0.0382603,0.00422494,-0.560113,-0.154727
-17.4376,0.0393567,0.00206636,-0.417856,-0.0067477
-17.415,0.0404434,0.00531813,-0.527645,-0.109325
-17.3923,0.0415201,0.011836,-0.60767,-0.181893
-17.3696,0.0425867,0.00928569,-0.535371,-0.102623
-17.3469,0.0436428,0.00534603,-0.485993,-0.0469013
-17.3243,0.0446882,0.0257827,-0.560768,-0.111549
-17.3016,0.0457226,0.0162347,-0.453267,0.00397861
-17.2789,0.0467458,0.0222376,-0.576127,-0.110553
-17.2562,0.0477574,0.0237608,-0.511215,-0.043422
-17.2336,0.0487574,0.0198005,-0.428541,0.0511988
-17.2109,0.0497454,0.0329581,-0.448247,0.0332081
-17.1882,0.0507212,0.0343076,-0.425787,0.0625372
-17.1655,0.0516845,0.0272643,-0.501943,-0.00869756
-17.1429,0.0526351,0.0362265,-0.435768,0.0667963
-17.1202,0.0535728,0.0307558,-0.526075,-0.0176137
-17.0975,0.0544973,0.0378222,-0.508445,0.00480713
-17.0748,0.0554085,0.0372937,-0.513764,0.00372788
-17.0522,0.056306,0.0438889,-0.431406,0.0923989
-17.0295,0.0571897,0.0274901,-0.448691,0.0845852
-17.0068,0.0580594,0.0479279,-0.471806,0.064861
-16.9841,0.0589148,0.0541364,-0.479704,0.0663536
-16.9615,0.0597557,0.0491144,-0.50415,0.0467858
-16.9388,0.0605819,0.0570268,-0.482122,0.0736091
-16.9161,0.0613933,0.0525512,-0.469955,0.0957552
-16.8934,0.0621896,0.0458658,-0.429828,0.143555
-16.8707,0.0629706,0.0535313,-0.588675,-0.0150664
-16.8481,0.0637362,0.0621708,-0.480137,0.0971908
-16.8254,0.0644861,0.0631966,-0.485739,0.095295
-16.8027,0.0652201,0.0493822,-0.575826,0.00917363
-16.78,0.0659382,0.0587509,-0.448347,0.14544
-16.7574,0.06664,0.0531057,-0.520186,0.0772584
-16.7347,0.0673255,0.0647696,-0.444971,0.158244
-16.712,0.0679944,0.0508264,-0.487489,0.118994
-16.6893,0.0686467,0.0512415,-0.499557,0.111428
-16.6667,0.069282,0.0784969,-0.561285,0.0453967
-16.644,0.0699004,0.0792163,-0.40933,0.206072
-16.6213,0.0705016,0.0592778,-0.528736,0.0912205
-16.5986,0.0710855,0.0743724,-0.446666,0.175544
-16.576,0.0716519,0.0776067,-0.393718,0.23163
-16.5533,0.0722007,0.0657143,-0.41883,0.209871
-16.5306,0.0727318,0.0916039,-0.537937,0.0980951
-16.5079,0.073245,0.0810248,-0.381935,0.249691
-16.4853,0.0737402,0.0630259,-0.501924,0.134648
-16.4626,0.0742173,0.0760058,-0.365365,0.272054
-16.4399,0.0746762,0.0820994,-0.52434,0.121768
-16.4172,0.0751168,0.0742389,-0.333174,0.310109
-16.3946,0.0755389,0.0690803,-0.39567,0.251608
-16.3719,0.0759424,0.0846295,-0.467578,0.182472
-16.3492,0.0763273,0.0765307,-0.377793,0.277551
-16.3265,0.0766934,0.0825447,-0.433747,0.218432
-16.3039,0.0770407,0.0665926,-0.461872,0.19562
-16.2812,0.0773691,0.071703,-0.341367,0.314572
-16.2585,0.0776785,0.088317,-0.397661,0.257684
-16.2358,0.0779688,0.0844252,-0.448575,0.209348
-16.2132,0.0782399,0.0888925,-0.481165,0.179071
-16.1905,0.0784919,0.097223,-0.286193,0.377213
-16.1678,0.0787245,0.0837029,-0.461638,0.198728
-16.1451,0.0789378,0.0760851,-0.277765,0.385482
-16.1224,0.0791318,0.100204,-0.374318,0.290873
-16.0998,0.0793063,0.0792802,-0.274256,0.387775
-16.0771,0.0794613,0.0891813,-0.336798,0.325718
-16.0544,0.0795968,0.0961784,-0.252944,0.410137
-16.0317,0.0797127,0.0890422,-0.41751,0.245799
-16.0091,0.0798091,0.0996763,-0.374766,0.282183
-15.9864,0.0798858,0.0980284,-0.284798,0.376199
-15.9637,0.079943,0.0904543,-0.423688,0.238506
-15.941,0.0799805,0.106525,-0.325958,0.334006
-15.9184,0.0799984,0.0939036,-0.235385,0.427467
-15.8957,0.0799966,0.0833287,-0.399355,0.257272
-15.873,0.0799751,0.0914061,-0.281221,0.377987
-15.8503,0.0799341,0.0794188,-0.309702,0.348878
-15.8277,0.0798733,0.0839927,-0.302703,0.352488
-15.805,0.079793,0.0909659,-0.222034,0.43877
-15.7823,0.0796931,0.0947325,-0.234238,0.418227
-15.7596,0.0795736,0.0885467,-0.329585,0.321317
-15.737,0.0794345,0.0909943,-0.188896,0.462453
-15.7143,0.079276,0.0865592,-0.21154,0.43569
-15.6916,0.0790979,0.0767959,-0.22326,0.421512
-15.6689,0.0789005,0.104309,-0.303615,0.338603
-15.6463,0.0786837,0.0935037,-0.288109,0.352843
-15.6236,0.0784475,0.0823622,-0.255818,0.383014
-15.6009,0.0781921,0.0913344,-0.220144,0.41414
-15.5782,0.0779174,0.0886704,-0.2513,0.375951
-15.5556,0.0776237,0.0911782,-0.239446,0.38838
-15.5329,0.0773108,0.0830242,-0.267741,0.356029
-15.5102,0.076979,0.0993999,-0.147902,0.469391
-15.4875,0.0766283,0.0881909,-0.0976438,0.518884
-15.4649,0.0762587,0.0848046,-0.151684,0.462661
-15.4422,0.0758704,0.0893112,-0.268279,0.339293
-15.4195,0.0754635,0.102634,-0.0819975,0.522725
-15.3968,0.075038,0.0964942,-0.19509,0.404556
-15.3741,0.0745941,0.087991,-0.098323,0.504076
-15.3515,0.0741319,0.090172,-0.191381,0.39734
-15.3288,0.0736515,0.100314,-0.0788856,0.509833
-15.3061,0.073153,0.077736,-0.221352,0.360143
-15.2834,0.0726365,0.10194,-0.0402174,0.543643
-15.2608,0.0721022,0.0834582,-0.123951,0.450288
-15.2381,0.0715502,0.0911029,-0.101323,0.468163
-15.2154,0.0709806,0.081699,-0.203548,0.36643
-15.1927,0.0703936,0.0906755,-0.143555,0.410385
-15.1701,0.0697892,0.0751086,-0.0479508,0.507439
-15.1474,0.0691678,0.0835481,-0.0590363,0.492543
-15.1247,0.0685293,0.086178,-0.115848,0.424717
-15.102,0.067874,0.0833629,0.0320691,0.569862
-15.0794,0.0672021,0.0862014,-0.0669754,0.462021
-15.0567,0.0665136,0.0915656,-0.0435815,0.485543
-15.034,0.0658088,0.082814,0.036725,0.555172
-15.0113,0.0650878,0.0932936,-0.0408749,0.471505
-14.9887,0.0643509,0.0743124,-0.106107,0.400183
-14.966,0.0635981,0.0882071,-0.00735542,0.493174
-14.9433,0.0628298,0.0723651,0.0103806,0.504753
-14.9206,0.062046,0.099415,-0.0624823,0.420349
-14.898,0.0612469,0.0747415,-0.0529104,0.427375
-14.8753,0.0604328,0.0725595,-0.00907858,0.466574
-14.8526,0.0596039,0.0855019,0.0256034,0.492826
-14.8299,0.0587603,0.0768906,-0.0181971,0.438819
-14.8073,0.0579023,0.0950696,0.0116058,0.465237
-14.7846,0.0570301,0.0707967,0.096346,0.540289
-14.7619,0.0561438,0.0872547,0.134107,0.572602
-14.7392,0.0552438,0.0829413,0.00762822,0.434172
-14.7166,0.0543302,0.0779189,0.0994458,0.522114
-14.6939,0.0534033,0.0707662,0.152537,0.567787
-14.6712,0.0524632,0.0723457,0.029372,0.43652
-14.6485,0.0515103,0.0951326,0.039831,0.437226
-14.6259,0.0505447,0.0646695,-0.00465479,0.390339
-14.6032,0.0495667,0.0862212,0.121386,0.504813
-14.5805,0.0485765,0.0864536,0.164792,0.543705
-14.5578,0.0475744,0.0718026,0.159511,0.528012
-14.5351,0.0465606,0.0782385,0.209776,0.573392
-14.5125,0.0455353,0.0804687,0.126434,0.481236
-14.4898,0.0444989,0.0776866,0.158981,0.49761
-14.4671,0.0434516,0.071202,0.178877,0.51396
-14.4444,0.0423935,0.0688097,0.168422,0.496067
-14.4218,0.0413251,0.0704268,0.139119,0.451982
-14.3991,0.0402465,0.0626296,0.149869,0.451989
-14.3764,0.039158,0.0725899,0.179092,0.476244
-14.3537,0.03806,0.0800387,0.214874,0.500774
-14.3311,0.0369525,0.0756387,0.0917314,0.367702
-14.3084,0.035836,0.0578626,0.100213,0.373311
-14.2857,0.0347107,0.0585317,0.285267,0.549924
-14.263,0.0335769,0.0626105,0.130675,0.383097
-14.2404,0.0324348,0.058171,0.214506,0.455792
-14.2177,0.0312847,0.0448234,0.204377,0.437745
-14.195,0.030127,0.0660215,0.128121,0.353501
-14.1723,0.0289618,0.0633719,0.250406,0.469737
-14.1497,0.0277896,0.0596121,0.242695,0.452384
-14.127,0.0266105,0.0521689,0.289196,0.490837
-14.1043,0.0254249,0.0620337,0.343003,0.533505
-14.0816,0.024233,0.0420255,0.312227,0.491962
-14.059,0.0230352,0.0663026,0.30503,0.475946
-14.0363,0.0218318,0.0444632,0.185374,0.348015
-14.0136,0.0206229,0.0491644,0.191154,0.339753
-13.9909,0.019409,0.052157,0.216014,0.357685
-13.9683,0.0181904,0.050316,0.346938,0.483099
-13.9456,0.0169673,0.0657329,0.243423,0.364029
-13.9229,0.01574,0.0514679,0.278129,0.396894
-13.9002,0.0145088,0.0426053,0.27534,0.375309
-13.8776,0.0132741,0.0453763,0.399287,0.497296
-13.8549,0.0120361,0.0380758,0.266796,0.349472
-13.8322,0.0107951,0.0586849,0.41266,0.487869
-13.8095,0.00955154,0.0318822,0.271567,0.332448
-13.7868,0.0083056,0.0399222,0.396381,0.450971
-13.7642,0.00705762,0.0484279,0.317984,0.362488
-13.7415,0.0058079,0.0541841,0.375217,0.414906
-13.7188,0.00455676,0.0463889,0.260023,0.282657
-13.6961,0.0033045,0.0382666,0.312066,0.331789
-13.6735,0.00205143,0.0412761,0.347605,0.353802
-13.6508,0.000797852,0.0336711,0.457418,0.453687
-13.6281,-0.00045592,0.0341847,0.358192,0.343294
-13.6054,-0.00170958,0.0414637,0.395596,0.373627
-13.5828,-0.00296282,0.030637,0.323549,0.2932
-13.5601,-0.00421533,0.0216266,0.403813,0.366294
-13.5374,-0.00546681,0.0195827,0.307762,0.257644
-13.5147,-0.00671694,0.0290449,0.346532,0.282903
-13.4921,-0.00796543,0.0349448,0.319705,0.255576
-13.4694,-0.00921196,0.0277916,0.46831,0.388579
-13.4467,-0.0104562,0.043193,0.412121,0.324423
-13.424,-0.0116979,0.0235028,0.440501,0.340883
-13.4014,-0.0129367,0.0280567,0.499142,0.39467
-13.3787,-0.0141724,0.0292478,0.372321,0.257565
-13.356,-0.0154046,0.0206795,0.473181,0.347787
-13.3333,-0.0166329,0.0142736,0.407441,0.27259
-13.3107,-0.0178572,0.0222878,0.330096,0.182635
-13.288,-0.0190771,0.0196114,0.349358,0.194517
-13.2653,-0.0202924,0.0249641,0.470955,0.310978
-13.2426,-0.0215026,0.0226388,0.394121,0.222937
-13.22,-0.0227076,0.0115131,0.522603,0.343544
-13.1973,-0.0239069,0.00399026,0.398234,0.209298
-13.1746,-0.0251005,0.0131911,0.52681,0.326729
-13.1519,-0.0262878,0.014428,0.440778,0.230717
-13.1293,-0.0274687,0.00217275,0.379678,0.158966
-13.1066,-0.0286428,0.00735831,0.372407,0.14164
-13.0839,-0.0298099,0.0134113,0.499275,0.267545
-13.0612,-0.0309697,-0.0103048,0.486476,0.241062
-13.0385,-0.0321219,0.0145953,0.526389,0.273743
-13.0159,-0.0332662,-0.00201205,0.365199,0.104956
-12.9932,-0.0344023,0.00848662,0.392595,0.129
-12.9705,-0.03553,0.0136991,0.424854,0.147009
-12.9478,-0.0366489,0.0120833,0.459261,0.18008
-12.9252,-0.0377588,0.000804362,0.546568,0.248316
-12.9025,-0.0388595,-0.00514877,0.528445,0.229158
-12.8798,-0.0399506,-0.011883,0.511639,0.200792
-12.8571,-0.0410319,-0.0143213,0.520378,0.208089
-12.8345,-0.0421032,0.0104716,0.526754,0.202207
-12.8118,-0.0431641,-0.0116418,0.532135,0.197264
-12.7891,-0.0442143,-0.00504223,0.526523,0.185486
-12.7664,-0.0452538,0.00236626,0.452991,0.100893
-12.7438,-0.0462821,-0.00282961,0.385365,0.0237153
-12.7211,-0.047299,-0.0363273,0.521942,0.154803
-12.6984,-0.0483044,-0.00634215,0.558904,0.187622
-12.6757,-0.0492978,-0.0179558,0.480642,0.102435
-12.6531,-0.0502792,-0.0086961,0.49317,0.106739
-12.6304,-0.0512482,-0.0080736,0.534982,0.14208
-12.6077,-0.0522046,-0.0255956,0.463346,0.0614124
-12.585,-0.0531482,-0.03976,0.545105,0.136104
-12.5624,-0.0540787,-0.0174696,0.392151,-0.0271255
-12.5397,-0.054996,-0.022358,0.512644,0.0934232
-12.517,-0.0558997,-0.0235736,0.554642,0.125195
-12.4943,-0.0567897,-0.0224303,0.541173,0.102299
-12.4717,-0.0576658,-0.0324362,0.54909,0.10858
-12.449,-0.0585277,-0.0393128,0.562235,0.114153
-12.4263,-0.0593753,-0.0276227,0.53728,0.0807342
-12.4036,-0.0602082,-0.0434244,0.439706,-0.026922
-12.381,-0.0610264,-0.0258456,0.527407,0.0642665
-12.3583,-0.0618295,-0.0290725,0.535129,0.0624274
-12.3356,-0.0626175,-0.0348721,0.476512,-0.00400285
-12.3129,-0.0633901,-0.0417025,0.498244,0.01199
-12.2902,-0.0641472,-0.0416354,0.568459,0.0809159
-12.2676,-0.0648884,-0.0497573,0.383636,-0.110903
-12.2449,-0.0656138,-0.0251178,0.543976,0.042029
-12.2222,-0.066323,-0.0522156,0.408377,-0.102769
-12.1995,-0.0670159,-0.0352507,0.473827,-0.0401283
-12.1769,-0.0676924,-0.028333,0.559563,0.0386972
-12.1542,-0.0683523,-0.047181,0.449456,-0.0754419
-12.1315,-0.0689953,-0.0464868,0.507522,-0.0237509
-12.1088,-0.0696214,-0.0527858,0.473493,-0.0585862
-12.0862,-0.0702305,-0.0526581,0.404898,-0.13531
-12.0635,-0.0708222,-0.0575542,0.544329,0.000951225
-12.0408,-0.0713966,-0.0485185,0.487351,-0.0700875
-12.0181,-0.0719534,-0.0554198,0.361101,-0.19225
-11.9955,-0.0724926,-0.0602563,0.425651,-0.137902
-11.9728,-0.0730139,-0.0689713,0.484763,-0.0768552
-11.9501,-0.0735174,-0.0616981,0.540876,-0.0256199
-11.9274,-0.0740027,-0.0542988,0.446555,-0.123955
-11.9048,-0.0744699,-0.0595445,0.545214,-0.0293634
-11.8821,-0.0749188,-0.0847466,0.472738,-0.10282
-11.8594,-0.0753493,-0.0673423,0.36428,-0.221211
-11.8367,-0.0757613,-0.0395223,0.377868,-0.202886
-11.8141,-0.0761547,-0.0651746,0.443879,-0.148512
-11.7914,-0.0765293,-0.0683938,0.493112,-0.10004
-11.7687,-0.0768852,-0.0639527,0.520735,-0.0731139
-11.746,-0.0772222,-0.0852327,0.523074,-0.0745939
-11.7234,-0.0775402,-0.0709985,0.49103,-0.109173
-11.7007,-0.0778392,-0.0699918,0.444828,-0.156133
-11.678,-0.0781191,-0.0703638,0.405158,-0.199266
-11.6553,-0.0783797,-0.0599274,0.48799,-0.124099
-11.6327,-0.0786212,-0.0909464,0.34821,-0.266769
-11.61,-0.0788433,-0.0867935,0.344616,-0.270157
-11.5873,-0.079046,-0.0684353,0.431859,-0.185394
-11.5646,-0.0792294,-0.0860894,0.348379,-0.266455
-11.542,-0.0793932,-0.0848811,0.422548,-0.2019
-11.5193,-0.0795376,-0.0749722,0.296212,-0.320413
-11.4966,-0.0796624,-0.0870551,0.402118,-0.222789
-11.4739,-0.0797677,-0.0868041,0.457852,-0.169149
-11.4512,-0.0798534,-0.0961765,0.314939,-0.317794
-11.4286,-0.0799194,-0.0864019,0.417926,-0.212534
-11.4059,-0.0799659,-0.0922355,0.442583,-0.189649
-11.3832,-0.0799927,-0.0826824,0.2918,-0.340715
-11.3605,-0.0799998,-0.0799348,0.431065,-0.198496
-11.3379,-0.0799873,-0.0899478,0.414818,-0.217215
-11.3152,-0.0799552,-0.0940884,0.333114,-0.297838
-11.2925,-0.0799034,-0.0868428,0.366164,-0.269926
-11.2698,-0.079832,-0.0801366,0.311927,-0.32468
-11.2472,-0.0797409,-0.0900028,0.379766,-0.256967
-11.2245,-0.0796303,-0.0981177,0.263893,-0.376959
-11.2018,-0.0795002,-0.0880519,0.288373,-0.349955
-11.1791,-0.0793505,-0.090019,0.338011,-0.293942
-11.1565,-0.0791813,-0.105023,0.38541,-0.251273
-11.1338,-0.0789927,-0.103382,0.216661,-0.417604
-11.1111,-0.0787846,-0.0866284,0.363216,-0.271868
-11.0884,-0.0785572,-0.0997114,0.389959,-0.242479
-11.0658,-0.0783106,-0.103797,0.2583,-0.379516
-11.0431,-0.0780446,-0.0997486,0.287461,-0.345658
-11.0204,-0.0777596,-0.0947482,0.307526,-0.32183
-10.9977,-0.0774554,-0.11365,0.313334,-0.314986
-10.9751,-0.0771322,-0.102247,0.35863,-0.271052
-10.9524,-0.07679,-0.0928093,0.278411,-0.349531
-10.9297,-0.076429,-0.115422,0.260001,-0.366393
-10.907,-0.0760492,-0.11246,0.248235,-0.379693
-10.8844,-0.0756508,-0.102424,0.345351,-0.281813
-10.8617,-0.0752337,-0.109362,0.187954,-0.432199
-10.839,-0.0747982,-0.109745,0.16099,-0.46025
-10.8163,-0.0743443,-0.114711,0.28163,-0.33538
-10.7937,-0.0738721,-0.0974798,0.253752,-0.366799
-10.771,-0.0733818,-0.11966,0.19631,-0.409921
-10.7483,-0.0728735,-0.111155,0.250489,-0.360821
-10.7256,-0.0723473,-0.0960161,0.303468,-0.307262
-10.7029,-0.0718033,-0.0986436,0.195367,-0.407856
-10.6803,-0.0712417,-0.107666,0.27066,-0.329515
-10.6576,-0.0706625,-0.116874,0.21524,-0.384053
-10.6349,-0.0700661,-0.122074,0.215905,-0.378623
-10.6122,-0.0694524,-0.110976,0.183216,-0.406093
-10.5896,-0.0688216,-0.108971,0.157216,-0.426055
-10.5669,-0.068174,-0.106256,0.201986,-0.385804
-10.5442,-0.0675096,-0.0959658,0.126361,-0.455053
-10.5215,-0.0668286,-0.104925,0.07904,-0.49832
-10.4989,-0.0661312,-0.114561,0.0852099,-0.492886
-10.4762,-0.0654176,-0.121858,0.164647,-0.403187
-10.4535,-0.0646878,-0.114831,0.161094,-0.408197
-10.4308,-0.0639423,-0.129202,0.0513618,-0.506899
-10.4082,-0.063181,-0.128016,0.0701604,-0.485805
-10.3855,-0.0624041,-0.112002,0.108685,-0.440253
-10.3628,-0.061612,-0.118961,0.155533,-0.39585
-10.3401,-0.0608047,-0.115734,0.0650534,-0.482351
-10.3175,-0.0599825,-0.122135,0.00946722,-0.533306
-10.2948,-0.0591456,-0.114387,0.105331,-0.432382
-10.2721,-0.0582941,-0.113115,0.126222,-0.40531
-10.2494,-0.0574283,-0.100898,0.0806893,-0.448122
-10.2268,-0.0565484,-0.11226,0.0455233,-0.47475
-10.2041,-0.0556546,-0.0948682,0.136851,-0.373762
-10.1814,-0.0547471,-0.118519,0.09707,-0.416842
-10.1587,-0.0538262,-0.0972442,-0.00431813,-0.506871
-10.1361,-0.0528921,-0.104329,0.107891,-0.398342
-10.1134,-0.051945,-0.0890241,-0.0540599,-0.542329
-10.0907,-0.0509851,-0.111789,-0.0451455,-0.534133
-10.068,-0.0500127,-0.114166,0.0628401,-0.417654
-10.0454,-0.0490281,-0.10834,0.0728909,-0.400787
-10.0227,-0.0480313,-0.0977352,-0.0376792,-0.506541
-10,-0.0470228,-0.103884,0.0865876,-0.378618
-9.97732,-0.0460028,-0.118538,-0.046317,-0.503384
-9.95465,-0.0449714,-0.118104,-0.0846415,-0.540502
-9.93197,-0.043929,-0.11374,-0.103719,-0.548361
-9.9093,-0.0428758,-0.114725,0.0439028,-0.394543
-9.88662,-0.041812,-0.0919307,-0.0622432,-0.497934
-9.86395,-0.040738,-0.0943606,-0.0770421,-0.506254
-9.84127,-0.039654,-0.118283,-0.0696376,-0.486836
-9.81859,-0.0385603,-0.116154,-0.044384,-0.461652
-9.79592,-0.037457,-0.0989091,-0.0912093,-0.492273
-9.77324,-0.0363446,-0.102861,-0.069976,-0.473104
-9.75057,-0.0352233,-0.0944009,-0.0395679,-0.436625
-9.72789,-0.0340933,-0.094602,-0.175042,-0.562359
-9.70522,-0.0329549,-0.0863771,-0.114467,-0.488992
-9.68254,-0.0318084,-0.0940656,0.00545817,-0.367535
-9.65986,-0.0306542,-0.0777716,-0.0205121,-0.385865
-9.63719,-0.0294924,-0.0880352,-0.0377015,-0.400293
-9.61451,-0.0283233,-0.094129,-0.073615,-0.424606
-9.59184,-0.0271473,-0.0681275,-0.162381,-0.51363
-9.56916,-0.0259646,-0.0828577,-0.0956774,-0.427759
-9.54649,-0.0247756,-0.0816507,-0.0844143,-0.417082
-9.52381,-0.0235804,-0.0936534,-0.14928,-0.469005
-9.50113,-0.0223795,-0.0888449,-0.0750633,-0.38218
-9.47846,-0.0211731,-0.0793446,-0.122599,-0.430235
-9.45578,-0.0199614,-0.0634451,-0.110387,-0.404254
-9.43311,-0.0187449,-0.0811142,-0.0661843,-0.361431
-9.41043,-0.0175238,-0.0625819,-0.233784,-0.514598
-9.38776,-0.0162983,-0.0812564,-0.198628,-0.478072
-9.36508,-0.0150689,-0.090797,-0.190729,-0.457133
-9.3424,-0.0138357,-0.0873241,-0.23213,-0.492345
-9.31973,-0.0125992,-0.0685613,-0.19051,-0.443513
-9.29705,-0.0113595,-0.0644187,-0.129371,-0.371869
-9.27438,-0.0101171,-0.0758829,-0.127225,-0.367598
-9.2517,-0.00887221,-0.086456,-0.168705,-0.39058
-9.22902,-0.00762511,-0.0771137,-0.155563,-0.381917
-9.20635,-0.00637615,-0.0497987,-0.204324,-0.418212
-9.18367,-0.00512562,-0.0532816,-0.29555,-0.502589
-9.161,-0.00387383,-0.0590163,-0.232569,-0.425128
-9.13832,-0.00262109,-0.0563029,-0.217224,-0.402745
-9.11565,-0.0013677,-0.0481195,-0.309033,-0.495433
-9.09297,-0.000113981,-0.0572166,-0.200681,-0.365224
-9.07029,0.00113977,-0.0601653,-0.318343,-0.480963
-9.04762,0.00239324,-0.0682988,-0.21961,-0.380752
-9.02494,0.00364612,-0.0467807,-0.187374,-0.329337
-9.00227,0.0048981,-0.0302382,-0.242049,-0.385416
-8.97959,0.00614889,-0.0470334,-0.189543,-0.318257
-8.95692,0.00739816,-0.0677857,-0.192701,-0.31858
-8.93424,0.00864561,-0.0286197,-0.35188,-0.463249
-8.91156,0.00989095,-0.0549575,-0.331808,-0.436848
-8.88889,0.0111338,-0.0417755,-0.384257,-0.474367
-8.86621,0.012374,-0.0502992,-0.345084,-0.428874
-8.84354,0.0136111,-0.043987,-0.283902,-0.35679
-8.82086,0.0148449,-0.0427089,-0.261563,-0.3272
-8.79819,0.0160751,-0.0634937,-0.256127,-0.317973
-8.77551,0.0173013,-0.0498362,-0.241117,-0.294324
-8.75283,0.0185232,-0.041023,-0.352769,-0.397721
-8.73016,0.0197406,-0.0253952,-0.222809,-0.258484
-8.70748,0.0209531,-0.0254792,-0.39042,-0.414742
-8.68481,0.0221605,-0.0311086,-0.357799,-0.377523
-8.66213,0.0233625,-0.0320102,-0.352944,-0.361264
-8.63946,0.0245587,-0.0318643,-0.399194,-0.404379
-8.61678,0.0257489,-0.0225414,-0.320852,-0.313887
-8.5941,0.0269327,-0.0155488,-0.3291,-0.302489
-8.57143,0.02811,-0.0272127,-0.4224,-0.401247
-8.54875,0.0292803,-0.03444,-0.337186,-0.301427
-8.52608,0.0304435,-0.0256605,-0.454118,-0.415001
-8.5034,0.0315991,-0.0374029,-0.334938,-0.279758
-8.48073,0.0327471,-0.0309565,-0.468446,-0.407467
-8.45805,0.0338869,-0.0318668,-0.374464,-0.300972
-8.43537,0.0350185,-0.0320588,-0.407904,-0.324534
-8.4127,0.0361414,-0.0317258,-0.282475,-0.196894
-8.39002,0.0372555,-0.0236208,-0.412196,-0.313637
-8.36735,0.0383604,-0.0266039,-0.380549,-0.278725
-8.34467,0.0394559,-0.0234865,-0.369405,-0.261304
-8.322,0.0405417,-0.0414662,-0.366158,-0.246309
-8.29932,0.0416175,-0.0251674,-0.41489,-0.290289
-8.27664,0.0426831,-0.0241006,-0.492483,-0.348804
-8.25397,0.0437383,-0.0380941,-0.369425,-0.220398
-8.23129,0.0447827,-0.0405798,-0.467422,-0.312267
-8.20862,0.0458161,-0.0298039,-0.472275,-0.307024
-8.18594,0.0468382,-0.0225948,-0.453959,-0.279159
-8.16327,0.0478488,-0.0215401,-0.33136,-0.154849
-8.14059,0.0488477,-0.0216773,-0.474747,-0.28893
-8.11791,0.0498346,-0.0347059,-0.495358,-0.298461
-8.09524,0.0508093,-0.00841372,-0.453214,-0.255229
-8.07256,0.0517714,-0.000754846,-0.398731,-0.18446
-8.04989,0.0527209,-0.00291795,-0.473305,-0.251347
-8.02721,0.0536574,0.0111963,-0.342472,-0.118279
-8.00454,0.0545807,0.00481936,-0.42603,-0.188715
-7.98186,0.0554906,-0.00414451,-0.430285,-0.191155
-7.95918,0.0563869,-0.00943034,-0.398575,-0.151241
-7.93651,0.0572693,-0.0288812,-0.476644,-0.215718
-7.91383,0.0581377,-0.0048508,-0.381881,-0.118356
-7.89116,0.0589918,-0.0170634,-0.386052,-0.110226
-7.86848,0.0598314,0.000139989,-0.338188,-0.0594777
-7.8458,0.0606563,-0.00918316,-0.407032,-0.118917
-7.82313,0.0614663,-0.010185,-0.492752,-0.199557
-7.80045,0.0622612,0.000841561,-0.482937,-0.176852
-7.77778,0.0630409,-0.00689767,-0.439132,-0.127085
-7.7551,0.063805,0.0155082,-0.481488,-0.15946
-7.73243,0.0645535,-0.00840635,-0.451772,-0.129773
-7.70975,0.0652861,-0.0170603,-0.474541,-0.137269
-7.68707,0.0660026,0.0207298,-0.525938,-0.186709
-7.6644,0.066703,0.0063019,-0.367052,-0.0225116
-7.64172,0.067387,-0.0115354,-0.35674,-0.00649924
-7.61905,0.0680544,0.0176991,-0.544966,-0.183961
-7.59637,0.0687051,-0.00687118,-0.421954,-0.0663669
-7.5737,0.069339,-0.00490669,-0.4339,-0.05691
-7.55102,0.0699558,0.0217569,-0.54446,-0.164764
-7.52834,0.0705554,0.0338014,-0.513065,-0.124255
-7.50567,0.0711377,0.0239247,-0.42139,-0.037389
-7.48299,0.0717025,0.0260326,-0.432084,-0.0295995
-7.46032,0.0722497,0.0213886,-0.487388,-0.0909772
-7.43764,0.0727792,0.0309723,-0.44818,-0.0416802
-7.41497,0.0732908,0.0196682,-0.375933,0.0315955
-7.39229,0.0737843,0.0294703,-0.378007,0.0412283
-7.36961,0.0742598,0.0104936,-0.486448,-0.0600333
-7.34694,0.074717,0.0193772,-0.497108,-0.0594844
-7.32426,0.0751559,0.0370802,-0.339812,0.0927342
-7.30159,0.0755763,0.0104874,-0.455894,-0.0100924
-7.27891,0.0759782,0.00267721,-0.538497,-0.0925201
-7.25624,0.0763614,0.00837005,-0.413245,0.034332
-7.23356,0.0767258,0.0278109,-0.423066,0.0372271
-7.21088,0.0770714,0.0497476,-0.449925,0.00960884
-7.18821,0.077398,0.0165288,-0.441468,0.0210718
-7.16553,0.0777057,0.0206775,-0.485742,-0.0089212
-7.14286,0.0779942,0.04201,-0.387786,0.0919203
-7.12018,0.0782636,0.0206539,-0.407422,0.0768146
-7.09751,0.0785138,0.0433716,-0.354997,0.132277
-7.07483,0.0787447,0.0491063,-0.41637,0.0751707
-7.05215,0.0789563,0.045108,-0.369049,0.122347
-7.02948,0.0791484,0.0553607,-0.435991,0.0595842
-7.0068,0.0793212,0.0151952,-0.358899,0.135841
-6.98413,0.0794744,0.0251787,-0.509468,-0.00173135
-6.96145,0.0796081,0.035694,-0.386837,0.120337
-6.93878,0.0797223,0.0397496,-0.390161,0.125232
-6.9161,0.0798169,0.0352464,-0.348462,0.163283
-6.89342,0.0798918,0.0107444,-0.465815,0.0544009
-6.87075,0.0799472,0.0285812,-0.311523,0.204321
-6.84807,0.0799829,0.0572029,-0.408974,0.113046
-6.8254,0.079999,0.00522469,-0.307777,0.221976
-6.80272,0.0799954,0.0130228,-0.382049,0.146683
-6.78005,0.0799722,0.0119493,-0.429842,0.11046
-6.75737,0.0799294,0.0098155,-0.354735,0.187666
-6.73469,0.0798669,0.0252324,-0.358473,0.182851
-6.71202,0.0797847,0.0373494,-0.293179,0.246269
-6.68934,0.079683,-0.0117781,-0.342177,0.202712
-6.66667,0.0795618,0.0550823,-0.410449,0.13876
-6.64399,0.0794209,0.0365764,-0.275832,0.269866
-6.62132,0.0792606,0.0221882,-0.27466,0.274146
-6.59864,0.0790808,0.0286294,-0.269076,0.279976
-6.57596,0.0788816,0.0348954,-0.424477,0.142603
-6.55329,0.078663,0.0649577,-0.299917,0.254349
-6.53061,0.0784251,0.0439199,-0.310946,0.246416
-6.50794,0.0781679,0.0460376,-0.451892,0.108429
-6.48526,0.0778915,0.0399078,-0.303889,0.251206
-6.46259,0.077596,0.029574,-0.352085,0.207362
-6.43991,0.0772814,0.0198232,-0.386691,0.173669
-6.41723,0.0769479,0.0154598,-0.305911,0.257181
-6.39456,0.0765954,0.0332986,-0.243557,0.3246
-6.37188,0.0762242,0.0206069,-0.253834,0.313181
-6.34921,0.0758342,0.0418278,-0.31059,0.255089
-6.32653,0.0754256,0.015482,-0.302051,0.265377
-6.30385,0.0749984,-0.00480962,-0.390115,0.171914
-6.28118,0.0745529,-0.0294312,-0.263019,0.297051
-6.2585,0.074089,0.0115981,-0.412022,0.15791
-6.23583,0.0736069,0.0296932,-0.345311,0.218873
-6.21315,0.0731068,-0.0138151,-0.246736,0.316866
-6.19048,0.0725887,0.0165424,-0.29861,0.270308
-6.1678,0.0720528,0.0251592,-0.345342,0.222849
-6.14512,0.0714991,-0.0272416,-0.300891,0.264601
-6.12245,0.0709279,0.0149369,-0.314736,0.253293
-6.09977,0.0703393,-0.0113002,-0.314604,0.246024
-6.0771,0.0697334,0.0307034,-0.278514,0.286136
-6.05442,0.0691104,0.00838397,-0.319427,0.240757
-6.03175,0.0684704,0.0228376,-0.258837,0.306346
-6.00907,0.0678136,-0.00859044,-0.330726,0.228272
-5.98639,0.0671402,-0.000917619,-0.302312,0.25878
-5.96372,0.0664502,0.0673863,-0.309279,0.250936
-5.94104,0.0657439,0.0366517,-0.294011,0.264971
-5.91837,0.0650215,-0.00418685,-0.326641,0.228153
-5.89569,0.0642831,0.0348042,-0.291176,0.253676
-5.87302,0.0635289,0.0441164,-0.298475,0.260333
-5.85034,0.0627591,0.0451625,-0.146393,0.401306
-5.82766,0.0619739,0.0190882,-0.13568,0.409712
-5.80499,0.0611735,0.0193322,-0.246486,0.301198
-5.78231,0.0603581,0.0180894,-0.29569,0.242146
-5.75964,0.0595278,0.0526307,-0.188604,0.342621
-5.73696,0.0586829,0.0137401,-0.115473,0.418852
-5.71429,0.0578236,0.0077432,-0.189306,0.343882
-5.69161,0.0569501,-0.0127239,-0.282219,0.252291
-5.66893,0.0560626,0.00977116,-0.218104,0.311412
-5.64626,0.0551613,0.0813848,-0.131725,0.398386
-5.62358,0.0542465,0.0405809,-0.0783679,0.450852
-5.60091,0.0533183,0.0124515,-0.260089,0.260571
-5.57823,0.0523771,0.0065013,-0.215506,0.299295
-5.55556,0.051423,0.0544197,-0.0700004,0.442347
-5.53288,0.0504563,-0.00672994,-0.0606308,0.442579
-5.5102,0.0494771,0.0376794,-0.0766519,0.416405
-5.48753,0.0484859,0.0235946,-0.112785,0.390307
-5.46485,0.0474827,0.0140235,-0.210283,0.292681
-5.44218,0.0464678,0.0197613,-0.136856,0.366631
-5.4195,0.0454416,-0.00649228,-0.205984,0.277264
-5.39683,0.0444041,0.0260896,-0.193634,0.299248
-5.37415,0.0433558,0.0511936,-0.152031,0.331445
-5.35147,0.0422968,0.00411294,-0.156139,0.315018
-5.3288,0.0412275,0.0362334,-0.0868503,0.377919
-5.30612,0.040148,0.00291384,-0.0303779,0.440689
-5.28345,0.0390586,-0.0167395,-0.0888357,0.371637
-5.26077,0.0379597,0.0751217,-0.135641,0.323765
-5.2381,0.0368514,0.0248415,-0.0748276,0.368635
-5.21542,0.0357341,-0.025967,-0.157505,0.294268
-5.19274,0.034608,0.064607,-0.0314142,0.399794
-5.17007,0.0334734,0.0290871,-0.0925117,0.345335
-5.14739,0.0323305,-0.0121305,-0.02824,0.400442
-5.12472,0.0311798,0.0547532,0.0569039,0.481896
-5.10204,0.0300214,0.0550737,0.0571982,0.473456
-5.07937,0.0288556,0.0195634,-0.0918467,0.33453
-5.05669,0.0276827,0.0393103,0.0719372,0.48559
-5.03401,0.026503,0.0845718,0.0205479,0.422507
-5.01134,0.0253168,0.0216489,0.0323102,0.426653
-4.98866,0.0241244,0.0218751,-0.0508535,0.338496
-4.96599,0.0229261,0.0664125,0.0260313,0.411336
-4.94331,0.0217221,0.0315812,0.105827,0.479973
-4.92063,0.0205128,0.0990365,0.120314,0.486517
-4.89796,0.0192984,0.0546204,-0.0485258,0.331448
-4.87528,0.0180794,0.0500765,0.0786499,0.435169
-4.85261,0.0168558,0.0340718,0.0106594,0.369802
-4.82993,0.0156282,0.00170508,0.00866272,0.354153
-4.80726,0.0143967,0.0727234,0.0376418,0.384753
-4.78458,0.0131616,0.063561,0.109056,0.439606
-4.7619,0.0119234,0.00529817,0.112752,0.440255
-4.73923,0.0106822,0.0177223,0.0334981,0.352894
-4.71655,0.00943836,0.0432849,0.0940082,0.412987
-4.69388,0.00819222,0.0605326,0.165474,0.474686
-4.6712,0.00694407,0.0194011,-0.00783517,0.293504
-4.64853,0.00569422,0.000841992,-0.00173159,0.297062
-4.62585,0.00444296,0.00975806,0.0995133,0.386594
-4.60317,0.00319061,0.0298713,0.195828,0.466284
-4.5805,0.00193748,0.0271951,0.203309,0.462442
-4.55782,0.000683876,0.00111964,0.124814,0.384364
-4.53515,-0.000569899,0.0151056,0.0957581,0.351767
-4.51247,-0.00182353,0.00727893,0.0667786,0.318368
-4.4898,-0.00307672,0.0614173,0.0555191,0.308802
-4.46712,-0.00432915,0.0216676,0.227954,0.465046
-4.44444,-0.00558052,-0.0219116,0.224235,0.448192
-4.42177,-0.00683051,0.00560236,0.0587996,0.287324
-4.39909,-0.00807883,0.0117363,0.156004,0.358171
-4.37642,-0.00932517,0.0104383,0.0756262,0.290924
-4.35374,-0.0105692,-0.0208476,0.163181,0.365253
-4.33107,-0.0118107,0.00853477,0.164929,0.356487
-4.30839,-0.0130492,0.00444907,0.153452,0.337552
-4.28571,-0.0142846,-0.0200216,0.224793,0.397432
-4.26304,-0.0155164,-0.0572093,0.157732,0.327355
-4.24036,-0.0167444,0.0202842,0.226155,0.388981
-4.21769,-0.0179683,-0.00501997,0.286752,0.431093
-4.19501,-0.0191878,0.0090801,0.170886,0.321798
-4.17234,-0.0204026,-0.0132469,0.216536,0.34896
-4.14966,-0.0216124,-0.0419003,0.162518,0.287007
-4.12698,-0.0228168,-0.0134887,0.19784,0.319596
-4.10431,-0.0240157,-0.0422061,0.194096,0.310474
-4.08163,-0.0252087,-0.0654242,0.249444,0.34998
-4.05896,-0.0263954,-0.0402047,0.134968,0.235705
-4.03628,-0.0275757,-0.00367146,0.335013,0.419449
-4.01361,-0.0287492,-0.0895546,0.242685,0.318956
-3.99093,-0.0299157,-0.0569422,0.29691,0.372149
-3.96825,-0.0310748,-0.074042,0.288628,0.359711
-3.94558,-0.0322263,-0.0600938,0.322012,0.38659
-3.9229,-0.0333698,-0.0864332,0.309182,0.357108
-3.90023,-0.0345052,-0.0853002,0.354125,0.386994
-3.87755,-0.0356321,-0.054795,0.336096,0.370526
-3.85488,-0.0367502,-0.0722659,0.377794,0.401142
-3.8322,-0.0378593,-0.0379471,0.271134,0.283119
-3.80952,-0.0389591,-0.0858667,0.225329,0.236031
-3.78685,-0.0400493,-0.0654657,0.221486,0.232845
-3.76417,-0.0411297,-0.115192,0.188848,0.198328
-3.7415,-0.0422,-0.122028,0.216114,0.19922
-3.71882,-0.04326,-0.00960534,0.304519,0.293813
-3.69615,-0.0443093,-0.14104,0.36036,0.327939
-3.67347,-0.0453477,-0.0432986,0.300793,0.261311
-3.65079,-0.046375,-0.0951266,0.304286,0.252278
-3.62812,-0.0473909,-0.0869038,0.349533,0.29446
-3.60544,-0.0483952,-0.09958,0.301953,0.242251
-3.58277,-0.0493875,-0.0697491,0.307297,0.241565
-3.56009,-0.0503678,-0.101704,0.374151,0.292405
-3.53741,-0.0513356,-0.0697022,0.28981,0.212283
-3.51474,-0.0522909,-0.125942,0.256917,0.159292
-3.49206,-0.0532333,-0.0783384,0.420446,0.322409
-3.46939,-0.0541627,-0.0816726,0.400374,0.292696
-3.44671,-0.0550787,-0.123026,0.249228,0.137138
-3.42404,-0.0559812,-0.154607,0.418072,0.283003
-3.40136,-0.05687,-0.0212937,0.408812,0.291341
-3.37868,-0.0577448,-0.131928,0.424492,0.283226
-3.35601,-0.0586054,-0.10338,0.275676,0.135132
-3.33333,-0.0594516,-0.0764383,0.318955,0.170669
-3.31066,-0.0602832,-0.112666,0.293985,0.13677
-3.28798,-0.0611,-0.0871452,0.360731,0.202427
-3.26531,-0.0619018,-0.131811,0.31352,0.135306
-3.24263,-0.0626884,-0.107708,0.279982,0.103544
-3.21995,-0.0634596,-0.0672747,0.412076,0.234803
-3.19728,-0.0642152,-0.114397,0.311772,0.118978
-3.1746,-0.064955,-0.157883,0.330338,0.132917
-3.15193,-0.0656789,-0.169658,0.265517,0.07328
-3.12925,-0.0663867,-0.0694526,0.456175,0.241684
-3.10658,-0.0670781,-0.161075,0.3489,0.127322
-3.0839,-0.0677531,-0.100169,0.478713,0.249948
-3.06122,-0.0684114,-0.126952,0.457056,0.212319
-3.03855,-0.0690529,-0.174986,0.294812,0.0575299
-3.01587,-0.0696775,-0.133297,0.313072,0.0699456
-2.9932,-0.070285,-0.159378,0.290041,0.0434719
-2.97052,-0.0708752,-0.112154,0.40073,0.146341
-2.94785,-0.0714479,-0.229484,0.345288,0.0769735
-2.92517,-0.0720032,-0.131957,0.363625,0.0895385
-2.90249,-0.0725407,-0.185938,0.382294,0.102486
-2.87982,-0.0730604,-0.152988,0.484298,0.196915
-2.85714,-0.0735622,-0.15563,0.496054,0.192353
-2.83447,-0.0740459,-0.182348,0.367139,0.0641628
-2.81179,-0.0745115,-0.115119,0.32226,0.0238545
-2.78912,-0.0749587,-0.249883,0.31816,0.012464
-2.76644,-0.0753875,-0.163119,0.375334,0.0650588
-2.74376,-0.0757978,-0.125724,0.34005,0.0285522
-2.72109,-0.0761895,-0.213803,0.435525,0.107974
-2.69841,-0.0765625,-0.179429,0.385327,0.055686
-2.67574,-0.0769166,-0.149097,0.362218,0.0306757
-2.65306,-0.0772519,-0.160185,0.479904,0.134673
-2.63039,-0.0775682,-0.188367,0.308494,-0.0352085
-2.60771,-0.0778654,-0.219853,0.383261,0.0255335
-2.58503,-0.0781436,-0.216904,0.399939,0.053533
-2.56236,-0.0784025,-0.20483,0.318502,-0.0453371
-2.53968,-0.0786422,-0.198851,0.441508,0.0707983
-2.51701,-0.0788625,-0.227083,0.308354,-0.0581047
-2.49433,-0.0790635,-0.206092,0.377663,-0.00370166
-2.47166,-0.0792451,-0.199439,0.360912,-0.0207149
-2.44898,-0.0794072,-0.23303,0.350644,-0.0323738
-2.4263,-0.0795498,-0.211541,0.473454,0.0710961
-2.40363,-0.0796728,-0.252816,0.31775,-0.0797673
-2.38095,-0.0797763,-0.222268,0.419878,0.0150051
-2.35828,-0.0798602,-0.158492,0.445692,0.0428702
-2.3356,-0.0799245,-0.19143,0.331011,-0.079657
-2.31293,-0.0799691,-0.250773,0.38784,-0.018264
-2.29025,-0.0799941,-0.20414,0.457743,0.0328349
-2.26757,-0.0799995,-0.251533,0.302724,-0.116237
-2.2449,-0.0799852,-0.243063,0.405196,-0.0207597
-2.22222,-0.0799513,-0.24421,0.370343,-0.0591935
-2.19955,-0.0798977,-0.296263,0.297796,-0.127946
-2.17687,-0.0798245,-0.254624,0.488481,0.0443232
-2.1542,-0.0797317,-0.178864,0.391562,-0.0634982
-2.13152,-0.0796193,-0.204522,0.395315,-0.0529604
-2.10884,-0.0794874,-0.289252,0.291171,-0.148059
-2.08617,-0.0793359,-0.29262,0.366864,-0.0833879
-2.06349,-0.0791649,-0.219137,0.413869,-0.0500189
-2.04082,-0.0789745,-0.281779,0.365022,-0.0812113
-2.01814,-0.0787647,-0.237031,0.462066,-0.00536419
-1.99546,-0.0785356,-0.232479,0.299276,-0.153292
-1.97279,-0.0782872,-0.217166,0.477929,-0.00185068
-1.95011,-0.0780195,-0.282788,0.348592,-0.118883
-1.92744,-0.0777327,-0.271259,0.288961,-0.187737
-1.90476,-0.0774268,-0.276741,0.359006,-0.113962
-1.88209,-0.0771018,-0.246183,0.264887,-0.208858
-1.85941,-0.076758,-0.238807,0.34571,-0.121833
-1.83673,-0.0763953,-0.287821,0.357374,-0.138566
-1.81406,-0.0760138,-0.275912,0.305886,-0.181313
-1.79138,-0.0756136,-0.269732,0.248343,-0.230498
-1.76871,-0.0751949,-0.284488,0.431843,-0.0744442
-1.74603,-0.0747577,-0.239538,0.416787,-0.0817398
-1.72336,-0.0743021,-0.333152,0.251608,-0.244696
-1.70068,-0.0738283,-0.295464,0.254031,-0.231259
-1.678,-0.0733364,-0.214259,0.420495,-0.0815455
-1.65533,-0.0728264,-0.232091,0.379175,-0.123001
-1.63265,-0.0722986,-0.359323,0.324083,-0.165765
-1.60998,-0.071753,-0.29941,0.262239,-0.222153
-1.5873,-0.0711897,-0.308294,0.372187,-0.139061
-1.56463,-0.070609,-0.35497,0.219017,-0.274548
-1.54195,-0.070011,-0.29519,0.322592,-0.179484
-1.51927,-0.0693957,-0.31788,0.367097,-0.130133
-1.4966,-0.0687634,-0.329968,0.330011,-0.167737
-1.47392,-0.0681143,-0.381398,0.302495,-0.199744
-1.45125,-0.0674483,-0.282051,0.351401,-0.156671
-1.42857,-0.0667659,-0.292608,0.345142,-0.167323
-1.4059,-0.066067,-0.338229,0.26021,-0.244329
-1.38322,-0.0653519,-0.27983,0.274087,-0.224827
-1.36054,-0.0646207,-0.31249,0.268025,-0.237427
-1.33787,-0.0638737,-0.282586,0.397193,-0.121924
-1.31519,-0.063111,-0.346521,0.184958,-0.31463
-1.29252,-0.0623327,-0.334261,0.184608,-0.314484
-1.26984,-0.0615392,-0.29007,0.210815,-0.29485
-1.24717,-0.0607306,-0.313979,0.380544,-0.142672
-1.22449,-0.059907,-0.319346,0.28758,-0.222703
-1.20181,-0.0590687,-0.319712,0.241613,-0.258166
-1.17914,-0.058216,-0.365654,0.260982,-0.238393
-1.15646,-0.0573489,-0.311853,0.163227,-0.338734
-1.13379,-0.0564677,-0.312189,0.259497,-0.240704
-1.11111,-0.0555727,-0.326257,0.233422,-0.264021
-1.08844,-0.054664,-0.320266,0.1821,-0.316228
-1.06576,-0.0537419,-0.347662,0.229275,-0.266896
-1.04308,-0.0528066,-0.353524,0.272291,-0.233671
-1.02041,-0.0518583,-0.317657,0.174619,-0.307318
-0.997732,-0.0508973,-0.289834,0.156748,-0.326055
-0.975057,-0.0499237,-0.432479,0.153276,-0.327941
-0.952381,-0.0489379,-0.342901,0.139756,-0.343629
-0.929705,-0.0479401,-0.340493,0.148307,-0.330242
-0.907029,-0.0469306,-0.245198,0.292574,-0.193629
-0.884354,-0.0459095,-0.294597,0.247267,-0.24408
-0.861678,-0.0448771,-0.373096,0.244946,-0.227441
-0.839002,-0.0438337,-0.337176,0.125019,-0.339938
-0.816327,-0.0427795,-0.304032,0.140056,-0.328465
-0.793651,-0.0417148,-0.38074,0.126485,-0.339301
-0.770975,-0.0406399,-0.28088,0.244976,-0.23269
-0.748299,-0.039555,-0.392993,0.277046,-0.20164
-0.725624,-0.0384604,-0.277069,0.154358,-0.31608
-0.702948,-0.0373563,-0.307077,0.173117,-0.294556
-0.680272,-0.0362431,-0.314622,0.211418,-0.246101
-0.657596,-0.0351209,-0.284693,0.198645,-0.273826
-0.634921,-0.0339901,-0.33956,0.188845,-0.256091
-0.612245,-0.032851,-0.344502,0.0437687,-0.399575
-0.589569,-0.0317038,-0.334692,0.137113,-0.298707
-0.566893,-0.0305488,-0.325465,0.0481271,-0.382246
-0.544218,-0.0293864,-0.407173,0.0241134,-0.405611
-0.521542,-0.0282167,-0.388154,0.155786,-0.273284
-0.498866,-0.02704,-0.285497,0.0649904,-0.362309
-0.47619,-0.0258568,-0.362591,0.0458471,-0.379648
-0.453515,-0.0246672,-0.308665,0.0822429,-0.337346
-0.430839,-0.0234715,-0.322682,0.0310518,-0.374621
-0.408163,-0.02227,-0.256058,0.0829209,-0.32146
-0.385488,-0.0210631,-0.304217,0.131824,-0.288182
-0.362812,-0.019851,-0.369281,0.0217275,-0.371578
-0.340136,-0.0186341,-0.355289,0.0113001,-0.375683
-0.31746,-0.0174125,-0.310163,0.146379,-0.255464
-0.294785,-0.0161867,-0.30906,0.00477054,-0.371211
-0.272109,-0.0149569,-0.311474,-0.0167972,-0.391691
-0.249433,-0.0137234,-0.337228,-0.050102,-0.419027
-0.226757,-0.0124866,-0.308105,0.0696682,-0.31463
-0.204082,-0.0112467,-0.343186,-0.0621066,-0.43159
-0.181406,-0.010004,-0.234689,0.0695018,-0.3024
-0.15873,-0.00875892,-0.301669,-0.0724486,-0.431041
-0.136054,-0.00751164,-0.251994,-0.0714593,-0.425346
-0.113379,-0.00626252,-0.327901,-0.0463388,-0.383131
-0.0907029,-0.00501187,-0.259878,0.00720264,-0.340124
-0.0680272,-0.00375998,-0.326158,-0.0710075,-0.413217
-0.0453515,-0.00250716,-0.303549,-0.0721724,-0.408171
-0.0226757,-0.00125374,-0.225109,0.0444544,-0.292173
0,-0.0959195,-0.24651,-0.0724773,-0.394919
0.0226757,-0.0883156,-0.223292,-0.0736924,-0.383292
0.0453515,0.0253743,-0.27114,0.0969415,-0.243389
0.0680272,0.0520839,-0.253739,-0.135673,-0.43615
0.0907029,0.115459,-0.232397,0.0576186,-0.253268
0.113379,-0.0357168,-0.230223,-0.114345,-0.388042
0.136054,0.0492932,-0.211925,-0.0829521,-0.368325
0.15873,0.0680942,-0.194637,0.0126986,-0.27612
0.181406,0.0859366,-0.219586,-0.144689,-0.421167
0.204082,0.13168,-0.263218,-0.102277,-0.359491
0.226757,-0.00878645,-0.182191,0.0337831,-0.241182
0.249433,0.140234,-0.228063,-0.0711697,-0.334908
0.272109,0.192842,-0.194695,-0.0757157,-0.334112
0.294785,0.0225947,-0.130754,-0.0864182,-0.333259
0.31746,0.155936,-0.254944,-0.0872847,-0.33233
0.340136,0.116199,-0.212639,-0.0918205,-0.331339
0.362812,0.111531,-0.218685,-0.0886285,-0.330275
0.385488,0.2322,-0.253352,-0.110738,-0.329149
0.408163,0.129548,-0.0893514,-0.109112,-0.327951
0.430839,0.246868,-0.153546,-0.0986587,-0.32669
0.453515,0.263005,-0.186925,-0.115497,-0.325359
0.47619,0.204926,-0.239705,-0.131482,-0.323966
0.498866,0.16464,-0.116382,-0.117634,-0.322503
0.521542,0.187878,-0.138771,-0.132381,-0.320979
0.544218,0.153139,-0.130125,-0.138698,-0.319386
0.566893,0.188086,-0.103934,-0.140736,-0.317732
0.589569,0.246185,-0.117447,-0.151047,-0.316011
0.612245,0.14983,-0.102614,-0.153004,-0.314229
0.634921,0.14412,-0.0986933,-0.173497,-0.312381
0.657596,0.304449,-0.0527719,-0.157385,-0.310473
0.680272,0.203717,-0.0906891,-0.168112,-0.308501
0.702948,0.150256,-0.0133233,-0.170061,-0.306469
0.725624,0.248756,0.0412868,-0.176339,-0.304373
0.748299,0.221881,-0.0212606,-0.181469,-0.302219
0.770975,0.285406,0.0262767,-0.19319,-0.300002
0.793651,0.370467,-0.0138733,-0.179303,-0.297727
0.816327,0.188245,-0.0720105,-0.20078,-0.295391
0.839002,0.34818,-0.0201267,-0.191788,-0.292999
0.861678,0.259689,0.0526607,-0.203727,-0.290547
0.884354,0.270411,0.00611577,-0.202568,-0.288039
0.907029,0.404058,0.0390736,-0.199206,-0.285472
0.929705,0.329233,-0.010613,-0.207459,-0.28285
0.952381,0.360055,0.0441842,-0.219723,-0.280171
0.975057,0.364659,0.0665237,-0.198342,-0.277439
0.997732,0.364539,0.0207249,-0.222536,-0.27465
1.02041,0.278621,0.130284,-0.217771,-0.271809
1.04308,0.438622,0.0374569,-0.242129,-0.268913
1.06576,0.412655,0.0258974,-0.24686,-0.265967
1.08844,0.356866,0.0372826,-0.243912,-0.262966
1.11111,0.41679,0.121008,-0.235632,-0.259916
1.13379,0.344129,0.110805,-0.237287,-0.256813
1.15646,0.426343,0.0525477,-0.243477,-0.253663
1.17914,0.404977,0.163416,-0.262044,-0.250461
1.20181,0.44792,0.19158,-0.24601,-0.247213
1.22449,0.389965,0.111909,-0.2675,-0.243915
1.24717,0.348306,0.25757,-0.258642,-0.240572
1.26984,0.40411,0.148217,-0.269011,-0.23718
1.29252,0.452609,0.217268,-0.280393,-0.233745
1.31519,0.427864,0.197888,-0.28911,-0.230263
1.33787,0.503537,0.184179,-0.283239,-0.226739
1.36054,0.412559,0.156452,-0.291076,-0.223169
1.38322,0.524514,0.229293,-0.287161,-0.219559
1.4059,0.492888,0.258245,-0.292802,-0.215905
1.42857,0.377965,0.248057,-0.298733,-0.212212
1.45125,0.491289,0.264961,-0.298709,-0.208476
1.47392,0.429048,0.285749,-0.297908,-0.204703
1.4966,0.435323,0.189481,-0.30913,-0.20089
1.51927,0.526867,0.240114,-0.297031,-0.19704
1.54195,0.532024,0.342692,-0.299664,-0.193152
1.56463,0.412282,0.334147,-0.30406,-0.189229
1.5873,0.405116,0.37336,-0.303163,-0.185269
1.60998,0.466288,0.234152,-0.306452,-0.181276
1.63265,0.564436,0.365555,-0.301992,-0.177248
1.65533,0.538167,0.283828,-0.319325,-0.173189
1.678,0.504479,0.331566,-0.29472,-0.169095
1.70068,0.45059,0.314124,-0.334265,-0.164973
1.72336,0.483062,0.368926,-0.319814,-0.160818
1.74603,0.582192,0.349894,-0.336146,-0.156635
1.76871,0.574269,0.366196,-0.325376,-0.152423
1.79138,0.489261,0.335826,-0.339001,-0.148184
1.81406,0.584572,0.403655,-0.320301,-0.143917
1.83673,0.559627,0.376345,-0.332203,-0.139625
1.85941,0.529803,0.447609,-0.321027,-0.135307
1.88209,0.606111,0.359996,-0.340107,-0.130966
1.90476,0.556017,0.422365,-0.322422,-0.1266
1.92744,0.616445,0.350563,-0.339684,-0.122214
1.95011,0.51169,0.390625,-0.333232,-0.117804
1.97279,0.593967,0.396551,-0.354227,-0.113376
1.99546,0.60467,0.521319,-0.348933,-0.108926
2.01814,0.461082,0.495087,-0.337574,-0.10446
2.04082,0.567346,0.492283,-0.337731,-0.0999733
2.06349,0.56801,0.371607,-0.347758,-0.095472
2.08617,0.470103,0.413068,-0.358432,-0.0909529
2.10884,0.565125,0.479232,-0.350358,-0.0864205
2.13152,0.628783,0.410529,-0.352764,-0.0818723
2.1542,0.470861,0.499649,-0.358368,-0.0773127
2.17687,0.50911,0.540468,-0.34131,-0.072739
2.19955,0.61108,0.370702,-0.330574,-0.068156
2.22222,0.602322,0.56842,-0.343689,-0.0635606
2.2449,0.532558,0.450663,-0.3415,-0.0589577
2.26757,0.494106,0.533615,-0.34737,-0.0543443
2.29025,0.515337,0.466103,-0.352501,-0.0497255
2.31293,0.63584,0.51399,-0.356184,-0.045098
2.3356,0.538535,0.567148,-0.343898,-0.0404668
2.35828,0.615633,0.523683,-0.345046,-0.035829
2.38095,0.604447,0.475654,-0.353048,-0.0311893
2.40363,0.479185,0.540185,-0.351614,-0.0265449
2.4263,0.608736,0.480261,-0.350677,-0.0219004
2.44898,0.629589,0.496414,-0.349242,-0.0172531
2.47166,0.572855,0.532189,-0.364501,-0.0126078
2.49433,0.503374,0.537226,-0.34061,-0.00796142
2.51701,0.640987,0.510239,-0.3554,-0.00331879
2.53968,0.539802,0.581021,-0.37171,0.00132284
2.56236,0.50019,0.502919,-0.35582,0.00595888
2.58503,0.594213,0.595984,-0.347033,0.0105921
2.60771,0.621751,0.527648,-0.331737,0.0152177
2.63039,0.656598,0.492637,-0.351607,0.0198389
2.65306,0.456264,0.545846,-0.34042,0.0244504
2.67574,0.585948,0.595284,-0.326185,0.0290556
2.69841,0.457388,0.60141,-0.339477,0.0336493
2.72109,0.521948,0.593191,-0.341466,0.0382348
2.74376,0.47188,0.522964,-0.334257,0.042807
2.76644,0.550585,0.558244,-0.338767,0.0473691
2.78912,0.629052,0.49307,-0.332869,0.0519162
2.81179,0.641864,0.550438,-0.342275,0.0564511
2.83447,0.503594,0.514385,-0.324994,0.0609692
2.85714,0.508499,0.555881,-0.339174,0.0654735
2.87982,0.624344,0.5652,-0.327403,0.0699591
2.90249,0.616628,0.600606,-0.332792,0.074429
2.92517,0.470542,0.470275,-0.319445,0.0788783
2.94785,0.575954,0.527334,-0.33085,0.0833103
2.97052,0.548844,0.624162,-0.330578,0.0877199
2.9932,0.509507,0.502572,-0.334386,0.0921103
3.01587,0.491463,0.522214,-0.31752,0.0964765
3.03855,0.615167,0.597183,-0.312539,0.100822
3.06122,0.570661,0.581835,-0.32644,0.105141
3.0839,0.544571,0.539655,-0.325631,0.109438
3.10658,0.500047,0.483681,-0.307191,0.113707
3.12925,0.502529,0.629632,-0.303348,0.117951
3.15193,0.501102,0.56636,-0.289005,0.122167
3.1746,0.47423,0.613639,-0.291376,0.126356
3.19728,0.466717,0.542503,-0.306228,0.130514
3.21995,0.580621,0.482366,-0.296528,0.134644
3.24263,0.46461,0.60913,-0.304523,0.138741
3.26531,0.40713,0.60279,-0.285192,0.142809
3.28798,0.504995,0.519901,-0.261406,0.146842
3.31066,0.509642,0.648513,-0.276809,0.150845
3.33333,0.461079,0.578726,-0.292433,0.154811
3.35601,0.537023,0.61505,-0.266698,0.158745
3.37868,0.390558,0.633915,-0.277874,0.16264
3.40136,0.383878,0.62717,-0.277941,0.166502
3.42404,0.47368,0.537441,-0.277927,0.170325
3.44671,0.463232,0.601441,-0.262945,0.174111
3.46939,0.471105,0.51411,-0.266038,0.177857
3.49206,0.428827,0.602511,-0.260632,0.181566
3.51474,0.425318,0.607375,-0.237977,0.185232
3.53741,0.443358,0.564644,-0.257403,0.188859
3.56009,0.395187,0.553686,-0.247896,0.192443
3.58277,0.444627,0.564477,-0.242505,0.195987
3.60544,0.336846,0.620654,-0.249859,0.199485
3.62812,0.36882,0.58969,-0.25036,0.202942
3.65079,0.338091,0.52658,-0.231435,0.206352
3.67347,0.411386,0.524651,-0.242415,0.209719
3.69615,0.290164,0.620544,-0.218818,0.213038
3.71882,0.303887,0.555601,-0.215187,0.216313
3.7415,0.452933,0.599423,-0.233626,0.219539
3.76417,0.322054,0.509062,-0.204412,0.222719
3.78685,0.449323,0.532479,-0.199814,0.225848
3.80952,0.278802,0.535989,-0.212229,0.22893
3.8322,0.325055,0.515482,-0.215545,0.231961
3.85488,0.358464,0.515599,-0.199698,0.234944
3.87755,0.242766,0.609744,-0.192134,0.237873
3.90023,0.277636,0.612512,-0.175759,0.240754
3.9229,0.257887,0.594186,-0.204924,0.24358
3.94558,0.376156,0.585943,-0.176624,0.246356
3.96825,0.259822,0.585676,-0.187315,0.249077
3.99093,0.211495,0.606453,-0.165775,0.251746
4.01361,0.268362,0.546575,-0.180951,0.254359
4.03628,0.313617,0.550077,-0.182114,0.256919
4.05896,0.264588,0.547964,-0.152694,0.259422
4.08163,0.3177,0.531338,-0.155695,0.261871
4.10431,0.320036,0.539547,-0.17539,0.264263
4.12698,0.191563,0.498833,-0.139081,0.266599
4.14966,0.180313,0.499673,-0.156667,0.268877
4.17234,0.275571,0.526094,-0.148364,0.271099
4.19501,0.172026,0.537504,-0.133069,0.273261
4.21769,0.21788,0.513856,-0.143507,0.275367
4.24036,0.147417,0.500741,-0.154358,0.277412
4.26304,0.179438,0.571004,-0.124948,0.2794
4.28571,0.27189,0.52786,-0.117519,0.281327
4.30839,0.163859,0.507452,-0.13351,0.283196
4.33107,0.208272,0.497601,-0.126018,0.285002
4.35374,0.159498,0.502729,-0.102347,0.28675
4.37642,0.170586,0.5355,-0.087194,0.288435
4.39909,0.227338,0.499018,-0.105586,0.290061
4.42177,0.221862,0.424617,-0.0836982,0.291623
4.44444,0.0911612,0.419108,-0.0923287,0.293126
4.46712,0.187614,0.404958,-0.0688947,0.294564
4.4898,0.248394,0.430049,-0.0996578,0.295943
4.51247,0.0614465,0.38391,-0.0967991,0.297256
4.53515,0.0834824,0.494386,-0.0565753,0.29851
4.55782,0.104491,0.473455,-0.0705024,0.299697
4.5805,0.193189,0.457126,-0.101879,0.300824
4.60317,0.198366,0.428862,-0.053936,0.301886
4.62585,0.0873321,0.421214,-0.0675209,0.302886
4.64853,0.114661,0.451149,-0.0608751,0.30382
4.6712,0.0716086,0.480794,-0.0218867,0.304693
4.69388,0.0251001,0.428421,-0.0450051,0.305499
4.71655,0.0139124,0.345557,-0.0495989,0.306243
4.73923,0.107979,0.324123,-0.0608498,0.306922
4.7619,0.104316,0.443977,-0.026282,0.307538
4.78458,0.120707,0.41235,-0.00774749,0.308087
4.80726,0.00425159,0.446024,-0.0343505,0.308575
4.82993,0.0178949,0.343673,-0.0121557,0.308995
4.85261,0.00484306,0.440429,-0.0227515,0.309354
4.87528,0.111774,0.436063,-0.00869393,0.309646
4.89796,-0.0596999,0.32531,-0.0101194,0.309875
4.92063,0.00945095,0.333546,-0.0116525,0.310038
4.94331,0.0923486,0.403066,-0.00519094,0.310139
4.96599,0.0320011,0.355717,0.0233368,0.310173
4.98866,-0.0617472,0.386769,0.0146347,0.310145
5.01134,-0.0637729,0.35275,0.023898,0.310051
5.03401,0.000660306,0.328764,0.0372588,0.309894
5.05669,-0.0664615,0.35583,0.0440299,0.309672
5.07937,0.0147228,0.25622,0.0323919,0.309387
5.10204,-0.0556426,0.324291,0.0444818,0.309037
5.12472,-0.00076431,0.288126,0.0321562,0.308625
5.14739,-0.0467892,0.239415,0.043222,0.308147
5.17007,-0.0336077,0.380173,0.0598982,0.307609
5.19274,-0.0482592,0.244974,0.0668449,0.307005
5.21542,-0.00834018,0.305665,0.057378,0.30634
5.2381,-0.113253,0.27567,0.0508933,0.30561
5.26077,-0.0462356,0.272359,0.0572386,0.30482
5.28345,-0.219427,0.266794,0.070851,0.303965
5.30612,-0.0926924,0.195637,0.104159,0.303051
5.3288,-0.225854,0.266307,0.0875678,0.302073
5.35147,-0.070358,0.267317,0.0887379,0.301035
5.37415,-0.228678,0.135289,0.105082,0.299934
5.39683,-0.148205,0.279648,0.112372,0.298775
5.4195,-0.150707,0.333862,0.078064,0.297552
5.44218,-0.0970421,0.148584,0.10766,0.296272
5.46485,-0.243723,0.234084,0.0839486,0.294929
5.48753,-0.168155,0.199276,0.112581,0.29353
5.5102,-0.143031,0.147359,0.119495,0.292069
5.53288,-0.121418,0.238456,0.129849,0.290551
5.55556,-0.279211,0.150058,0.134304,0.288973
5.57823,-0.279809,0.207124,0.126342,0.287339
5.60091,-0.20964,0.20913,0.120711,0.285646
5.62358,-0.236273,0.15269,0.126006,0.283898
5.64626,-0.269666,0.0391368,0.137332,0.282091
5.66893,-0.223854,0.159832,0.140158,0.28023
5.69161,-0.247799,0.11892,0.123152,0.278311
5.71429,-0.21841,0.250131,0.151081,0.276339
5.73696,-0.248478,0.0207689,0.156533,0.27431
5.75964,-0.31254,0.109841,0.156523,0.27223
5.78231,-0.307319,0.122525,0.176314,0.270093
5.80499,-0.217169,0.147081,0.144478,0.267906
5.82766,-0.354826,0.0282812,0.154614,0.265664
5.85034,-0.250907,0.140216,0.178993,0.263372
5.87302,-0.372774,0.0607706,0.175267,0.261027
5.89569,-0.30446,0.0750022,0.197063,0.258633
5.91837,-0.340405,0.0782076,0.197055,0.256186
5.94104,-0.355477,0.0853005,0.201039,0.253693
5.96372,-0.412707,0.0587661,0.211357,0.251147
5.98639,-0.395698,0.0390148,0.17863,0.248556
6.00907,-0.397829,0.0725757,0.214783,0.245915
6.03175,-0.254776,0.0844734,0.200694,0.243228
6.05442,-0.392703,0.0567188,0.226532,0.240493
6.0771,-0.401011,0.044551,0.207031,0.237715
6.09977,-0.282595,0.00515277,0.23865,0.234889
6.12245,-0.306074,-0.0208588,0.235728,0.232021
6.14512,-0.299207,0.020462,0.225712,0.229106
6.1678,-0.416101,0.00996306,0.215953,0.226151
6.19048,-0.450472,0.00794877,0.22017,0.223151
6.21315,-0.312703,-0.0695847,0.235825,0.220112
6.23583,-0.370957,-0.0767785,0.228695,0.21703
6.2585,-0.312123,-0.000189619,0.250019,0.213909
6.28118,-0.482196,-0.0447984,0.258651,0.210747
6.30385,-0.476342,0.0225607,0.248102,0.207548
6.32653,-0.484907,-0.166318,0.259352,0.204309
6.34921,-0.433959,-0.00574076,0.262066,0.201035
6.37188,-0.417343,-0.109045,0.260503,0.197722
6.39456,-0.468635,-0.104226,0.266748,0.194376
6.41723,-0.393523,-0.0848802,0.264674,0.190992
6.43991,-0.46628,-0.197157,0.265681,0.187577
6.46259,-0.369264,-0.110198,0.266476,0.184126
6.48526,-0.456523,-0.0855582,0.262151,0.180645
6.50794,-0.460316,-0.137673,0.247275,0.177129
6.53061,-0.476738,-0.129984,0.240981,0.173585
6.55329,-0.542937,-0.157213,0.273091,0.170009
6.57596,-0.465656,-0.192727,0.272292,0.166405
6.59864,-0.490496,-0.158886,0.28188,0.162771
6.62132,-0.495695,-0.177986,0.283628,0.159111
6.64399,-0.527636,-0.198112,0.287837,0.155422
6.66667,-0.416273,-0.105503,0.269497,0.151709
6.68934,-0.403612,-0.207224,0.28981,0.147969
6.71202,-0.541846,-0.122067,0.269163,0.144207
6.73469,-0.48627,-0.235361,0.277328,0.140419
6.75737,-0.515914,-0.170935,0.275433,0.13661
6.78005,-0.445069,-0.258105,0.295845,0.132778
6.80272,-0.553111,-0.244641,0.305468,0.128927
6.8254,-0.413288,-0.338868,0.285276,0.125053
6.84807,-0.44334,-0.180748,0.290113,0.121163
6.87075,-0.583377,-0.109039,0.33068,0.117251
6.89342,-0.432185,-0.33887,0.298509,0.113325
6.9161,-0.582997,-0.202898,0.268769,0.10938
6.93878,-0.508047,-0.152757,0.288372,0.105421
6.96145,-0.490022,-0.247025,0.31529,0.101446
6.98413,-0.566101,-0.259451,0.283172,0.0974581
7.0068,-0.460204,-0.205852,0.304928,0.0934549
7.02948,-0.519735,-0.263896,0.286711,0.0894421
7.05215,-0.448834,-0.327714,0.289858,0.0854154
7.07483,-0.529201,-0.243578,0.289248,0.0813808
7.09751,-0.495021,-0.369275,0.306415,0.0773338
7.12018,-0.452112,-0.26685,0.301723,0.0732808
7.14286,-0.49171,-0.290111,0.287972,0.0692172
7.16553,-0.428872,-0.281692,0.322953,0.0651493
7.18821,-0.573736,-0.329908,0.30566,0.0610727
7.21088,-0.535413,-0.331525,0.31601,0.0569934
7.23356,-0.607591,-0.250479,0.321263,0.0529071
7.25624,-0.503435,-0.331859,0.2728,0.0488199
7.27891,-0.447608,-0.304891,0.309362,0.0447275
7.30159,-0.562004,-0.353947,0.292231,0.040636
7.32426,-0.421549,-0.399673,0.28155,0.0365409
7.34694,-0.53156,-0.288016,0.313622,0.0324484
7.36961,-0.611467,-0.361988,0.30967,0.0283541
7.39229,-0.539442,-0.314952,0.307781,0.024264
7.41497,-0.49087,-0.368494,0.30453,0.0201739
7.43764,-0.56257,-0.333476,0.307146,0.0160899
7.46032,-0.453996,-0.402889,0.292558,0.0120074
7.48299,-0.575382,-0.268249,0.299236,0.00793281
7.50567,-0.515003,-0.469827,0.307829,0.00386133
7.52834,-0.427031,-0.376318,0.311212,-0.000200557
7.55102,-0.451567,-0.426602,0.307893,-0.00425756
7.5737,-0.428679,-0.252232,0.323259,-0.00830339
7.59637,-0.506247,-0.389761,0.290102,-0.0123427
7.61905,-0.436979,-0.353158,0.299328,-0.0163691
7.64172,-0.527505,-0.468871,0.306304,-0.0203872
7.6644,-0.511091,-0.346712,0.274935,-0.0243909
7.68707,-0.518065,-0.507005,0.297783,-0.0283847
7.70975,-0.435176,-0.448593,0.282255,-0.0323624
7.73243,-0.448658,-0.38584,0.296936,-0.0363287
7.7551,-0.473936,-0.420208,0.288751,-0.0402772
7.77778,-0.477881,-0.453228,0.282231,-0.0442127
7.80045,-0.502768,-0.317582,0.289791,-0.0481289
7.82313,-0.481147,-0.381613,0.293845,-0.0520305
7.8458,-0.464083,-0.305643,0.283586,-0.0559111
7.86848,-0.421245,-0.460022,0.275083,-0.0597756
7.89116,-0.584707,-0.463237,0.273014,-0.0636177
7.91383,-0.477167,-0.409492,0.294205,-0.0674421
7.93651,-0.483657,-0.497924,0.282778,-0.0712426
7.95918,-0.574249,-0.409351,0.283087,-0.0750239
7.98186,-0.442327,-0.40932,0.306321,-0.0787798
8.00454,-0.514727,-0.481133,0.3023,-0.0825149
8.02721,-0.437833,-0.47988,0.254551,-0.0862233
8.04989,-0.481047,-0.411718,0.269897,-0.0899095
8.07256,-0.492447,-0.347751,0.292504,-0.0935675
8.09524,-0.562183,-0.435179,0.265712,-0.0972019
8.11791,-0.405082,-0.542219,0.269884,-0.100807
8.14059,-0.523377,-0.495002,0.274143,-0.104386
8.16327,-0.442365,-0.353689,0.271246,-0.107935
8.18594,-0.389458,-0.469665,0.279324,-0.111458
8.20862,-0.414261,-0.452744,0.247727,-0.114947
8.23129,-0.528949,-0.594488,0.264948,-0.11841
8.25397,-0.380129,-0.417749,0.260364,-0.121839
8.27664,-0.497813,-0.400941,0.262988,-0.125238
8.29932,-0.362913,-0.493598,0.257424,-0.128603
8.322,-0.515569,-0.482284,0.282853,-0.131938
8.34467,-0.329459,-0.55451,0.233225,-0.135236
8.36735,-0.390055,-0.51831,0.234133,-0.138503
8.39002,-0.461147,-0.367003,0.225558,-0.141733
8.4127,-0.367887,-0.470444,0.238026,-0.14493
8.43537,-0.428685,-0.461524,0.215241,-0.148088
8.45805,-0.453037,-0.38202,0.228494,-0.151213
8.48073,-0.335485,-0.417974,0.237913,-0.154297
8.5034,-0.393634,-0.504119,0.220005,-0.157348
8.52608,-0.443091,-0.479215,0.231131,-0.160357
8.54875,-0.474348,-0.42528,0.239547,-0.16333
8.57143,-0.277045,-0.504536,0.211116,-0.166261
8.5941,-0.456228,-0.419852,0.231341,-0.169156
8.61678,-0.270032,-0.462529,0.208179,-0.172007
8.63946,-0.365056,-0.415147,0.217867,-0.17482
8.66213,-0.268429,-0.505904,0.189508,-0.17759
8.68481,-0.330619,-0.445445,0.191245,-0.18032
8.70748,-0.246191,-0.493289,0.191423,-0.183006
8.73016,-0.410378,-0.506242,0.212378,-0.185652
8.75283,-0.373702,-0.434587,0.189155,-0.188251
8.77551,-0.279252,-0.412642,0.188247,-0.190811
8.79819,-0.41637,-0.489318,0.175815,-0.193323
8.82086,-0.320152,-0.506835,0.183427,-0.195794
8.84354,-0.225833,-0.3177,0.183712,-0.198217
8.86621,-0.395028,-0.458558,0.175384,-0.200599
8.88889,-0.273172,-0.494342,0.14836,-0.202931
8.91156,-0.301,-0.372391,0.174797,-0.205221
8.93424,-0.295968,-0.502837,0.147829,-0.207461
8.95692,-0.208123,-0.535037,0.153065,-0.209658
8.97959,-0.226963,-0.431971,0.160657,-0.211804
9.00227,-0.322031,-0.397212,0.154865,-0.213907
9.02494,-0.178913,-0.403355,0.178763,-0.215958
9.04762,-0.203555,-0.414203,0.143827,-0.217965
9.07029,-0.215475,-0.500899,0.15147,-0.21992
9.09297,-0.295986,-0.252967,0.171572,-0.22183
9.11565,-0.279212,-0.41257,0.130308,-0.223688
9.13832,-0.246369,-0.397004,0.138363,-0.2255
9.161,-0.212434,-0.301384,0.138262,-0.227259
9.18367,-0.247679,-0.294955,0.109745,-0.228972
9.20635,-0.23217,-0.416546,0.119211,-0.230631
9.22902,-0.261307,-0.393928,0.119114,-0.232244
9.2517,-0.144598,-0.46986,0.0975766,-0.233803
9.27438,-0.0916231,-0.41166,0.10599,-0.235315
9.29705,-0.144232,-0.307695,0.102459,-0.236773
9.31973,-0.263855,-0.338573,0.103236,-0.238183
9.3424,-0.0765462,-0.384975,0.107434,-0.239539
9.36508,-0.190709,-0.326338,0.0928761,-0.240846
9.38776,-0.0870531,-0.377153,0.0786215,-0.242099
9.41043,-0.189525,-0.330533,0.075366,-0.243304
9.43311,-0.0726405,-0.334739,0.0714254,-0.244453
9.45578,-0.217813,-0.404516,0.0859447,-0.245554
9.47846,-0.0296699,-0.336014,0.0672644,-0.2466
9.50113,-0.118258,-0.246409,0.063811,-0.247596
9.52381,-0.0954925,-0.402197,0.0687672,-0.248538
9.54649,-0.192212,-0.229816,0.0723414,-0.24943
9.56916,-0.143123,-0.32168,0.0519518,-0.250267
9.59184,-0.0408149,-0.34474,0.0376819,-0.251055
9.61451,-0.050338,-0.234626,0.0604582,-0.251787
9.63719,-0.112673,-0.309616,0.054616,-0.252469
9.65986,0.0380789,-0.359472,0.038198,-0.253096
9.68254,-0.0640406,-0.272891,0.0335411,-0.253674
9.70522,-0.0346829,-0.325007,0.0185742,-0.254196
9.72789,0.0408951,-0.233684,0.0266916,-0.254668
9.75057,-0.0367127,-0.209266,0.0118906,-0.255085
9.77324,-0.101865,-0.296556,0.00128453,-0.255453
9.79592,-0.00259664,-0.124987,0.00971217,-0.255764
9.81859,0.0153677,-0.192972,0.0413506,-0.256027
9.84127,-0.0625461,-0.165006,-0.000812338,-0.256234
9.86395,-0.0489256,-0.253104,0.000136279,-0.256392
9.88662,-0.00303001,-0.131942,-0.00599835,-0.256494
9.9093,0.0300204,-0.245135,0.00377926,-0.256548
9.93197,-0.0170885,-0.194115,-0.0170551,-0.256546
9.95465,0.0163242,-0.236902,-0.00929156,-0.256496
9.97732,0.0984688,-0.283821,-0.0113821,-0.25639
10,0.137968,-0.238618,-0.0443813,-0.256236
10.0227,0.00681766,-0.157096,-0.0291542,-0.256027
10.0454,0.102131,-0.233914,-0.02552,-0.25577
10.068,0.155265,-0.0894391,-0.0515882,-0.255458
10.0907,0.0315478,-0.0255944,-0.0538499,-0.255099
10.1134,0.0398883,-0.113493,-0.0646851,-0.254685
10.1361,0.000721909,-0.0850544,-0.0155924,-0.254224
10.1587,0.122999,-0.139771,-0.0533,-0.253709
10.1814,0.169775,-0.202099,-0.0669546,-0.253147
10.2041,0.162045,-0.0712375,-0.0620974,-0.252532
10.2268,0.215465,-0.171473,-0.0738512,-0.251869
10.2494,0.131425,-0.128806,-0.0773292,-0.251154
10.2721,0.155989,-0.0833494,-0.0650502,-0.250393
10.2948,0.1806,-0.194041,-0.0798653,-0.249579
10.3175,0.171039,-0.217247,-0.0808005,-0.24872
10.3401,0.135353,-0.070095,-0.0663027,-0.247808
10.3628,0.143825,-0.19984,-0.0900598,-0.246852
10.3855,0.17661,-0.175671,-0.0822285,-0.245844
10.4082,0.209732,-0.185261,-0.102871,-0.244791
10.4308,0.0853121,-0.0653469,-0.111294,-0.243688
10.4535,0.0996316,-0.0724525,-0.0986199,-0.242541
10.4762,0.285011,-0.109641,-0.0973114,-0.241343
10.4989,0.127005,0.0507654,-0.121868,-0.240103
10.5215,0.208572,-0.0391023,-0.120993,-0.238813
10.5442,0.199449,-0.0430485,-0.112269,-0.23748
10.5669,0.124176,-0.109976,-0.123213,-0.236098
10.5896,0.24943,0.00221065,-0.140632,-0.234675
10.6122,0.241138,-0.138624,-0.14007,-0.233203
10.6349,0.288694,-0.0554996,-0.130761,-0.231691
10.6576,0.340505,0.0512612,-0.132715,-0.230131
10.6803,0.308143,-0.134543,-0.135372,-0.228531
10.7029,0.301344,-0.0896565,-0.152813,-0.226884
10.7256,0.182663,0.000420323,-0.151578,-0.225198
10.7483,0.183683,0.0288387,-0.141346,-0.223466
10.771,0.210926,0.0542639,-0.145502,-0.221695
10.7937,0.345679,-0.0296045,-0.166965,-0.219879
10.8163,0.235973,0.0784025,-0.159222,-0.218026
10.839,0.278224,-0.00750554,-0.169753,-0.216129
10.8617,0.266047,0.117921,-0.175585,-0.214195
10.8844,0.397461,-0.0307226,-0.166103,-0.212218
10.907,0.25908,0.057751,-0.188852,-0.210205
10.9297,0.406933,-0.0121032,-0.174624,-0.208149
10.9524,0.260983,0.00231181,-0.166978,-0.206059
10.9751,0.388986,0.0481076,-0.180184,-0.203928
10.9977,0.309991,0.12873,-0.189127,-0.201763
11.0204,0.371903,0.000651286,-0.197491,-0.199557
11.0431,0.249152,0.0679827,-0.195389,-0.197319
11.0658,0.307784,0.0578852,-0.188794,-0.195041
11.0884,0.339296,0.143511,-0.188808,-0.192732
11.1111,0.448678,-0.0280743,-0.203956,-0.190384
11.1338,0.347778,0.0907012,-0.21567,-0.188005
11.1565,0.387597,0.0424688,-0.211452,-0.18559
11.1791,0.316647,0.0478023,-0.200015,-0.183144
11.2018,0.399207,0.223186,-0.216697,-0.180663
11.2245,0.30001,0.223301,-0.217407,-0.178153
11.2472,0.334707,0.195293,-0.219334,-0.175608
11.2698,0.316801,0.110503,-0.22002,-0.173035
11.2925,0.459206,0.258412,-0.203983,-0.170429
11.3152,0.40443,0.154629,-0.234074,-0.167797
11.3379,0.430247,0.179493,-0.236928,-0.165131
11.3605,0.493366,0.157579,-0.20916,-0.162441
11.3832,0.365566,0.193806,-0.234005,-0.159719
11.4059,0.465062,0.29469,-0.231472,-0.156973
11.4286,0.399109,0.201089,-0.228428,-0.154196
11.4512,0.318364,0.179809,-0.232465,-0.151397
11.4739,0.339421,0.195482,-0.240954,-0.148569
11.4966,0.46502,0.265579,-0.235889,-0.145719
11.5193,0.386077,0.246017,-0.237065,-0.142841
11.542,0.515741,0.233113,-0.231617,-0.139943
11.5646,0.390508,0.208895,-0.247851,-0.137018
11.5873,0.516908,0.121445,-0.265966,-0.134074
11.61,0.429818,0.326874,-0.255413,-0.131105
11.6327,0.36694,0.33437,-0.243588,-0.128117
11.6553,0.358436,0.303274,-0.26058,-0.125106
11.678,0.493111,0.243727,-0.236016,-0.122078
11.7007,0.475342,0.176976,-0.271722,-0.119026
11.7234,0.516683,0.297152,-0.257868,-0.11596
11.746,0.356496,0.399888,-0.251547,-0.112872
11.7687,0.389081,0.319037,-0.263044,-0.10977
11.7914,0.415569,0.380859,-0.258513,-0.106647
11.8141,0.457057,0.391212,-0.270867,-0.103512
11.8367,0.533644,0.365236,-0.267324,-0.100357
11.8594,0.522771,0.221061,-0.275954,-0.0971916
11.8821,0.50262,0.222647,-0.267689,-0.0940079
11.9048,0.518063,0.320618,-0.283324,-0.0908142
11.9274,0.520255,0.38302,-0.274955,-0.0876039
11.9501,0.523312,0.341432,-0.279702,-0.0843848
11.9728,0.51946,0.33306,-0.256584,-0.0811504
11.9955,0.442715,0.298429,-0.270469,-0.0779086
12.0181,0.373309,0.396179,-0.285516,-0.0746529
12.0408,0.512087,0.305819,-0.272692,-0.0713911
12.0635,0.552517,0.315705,-0.293376,-0.0681166
12.0862,0.474857,0.349026,-0.249923,-0.0648373
12.1088,0.486604,0.342398,-0.267438,-0.0615467
12.1315,0.529301,0.361241,-0.282105,-0.0582527
12.1542,0.455904,0.224225,-0.269427,-0.0549486
12.1769,0.537777,0.398552,-0.280988,-0.0516424
12.1995,0.38164,0.355317,-0.266076,-0.0483275
12.2222,0.50919,0.408176,-0.273888,-0.0450118
12.2449,0.547869,0.384618,-0.273609,-0.0416888
12.2676,0.531788,0.377373,-0.273142,-0.0383662
12.2902,0.544788,0.412468,-0.25946,-0.0350376
12.3129,0.556984,0.482037,-0.261762,-0.0317108
12.3356,0.53009,0.303038,-0.275939,-0.0283793
12.3583,0.42886,0.506599,-0.268414,-0.0250509
12.381,0.526375,0.394092,-0.270147,-0.0217191
12.4036,0.530761,0.387369,-0.278001,-0.0183917
12.4263,0.470454,0.375174,-0.273797,-0.0150623
12.449,0.492466,0.403197,-0.268004,-0.0117385
12.4717,0.567307,0.41472,-0.278416,-0.00841394
12.4943,0.381297,0.393842,-0.272339,-0.00509645
12.517,0.539931,0.400091,-0.272029,-0.00177937
12.5397,0.400729,0.415572,-0.267414,0.00152932
12.5624,0.468855,0.264591,-0.262799,0.00483624
12.585,0.553057,0.381351,-0.275703,0.00813359
12.6077,0.444184,0.458797,-0.270256,0.0114279
12.6304,0.50103,0.336114,-0.267739,0.0147113
12.6531,0.471237,0.38077,-0.277078,0.0179905
12.6757,0.399443,0.448917,-0.260087,0.0212575
12.6984,0.540519,0.50071,-0.274841,0.024519
12.7211,0.47418,0.527577,-0.261879,0.0277669
12.7438,0.356602,0.262698,-0.266631,0.0310083
12.7664,0.415418,0.388149,-0.268514,0.0342348
12.7891,0.480817,0.475291,-0.257486,0.0374535
12.8118,0.536285,0.346647,-0.269325,0.0406562
12.8345,0.442065,0.455177,-0.2502,0.0438498
12.8571,0.540652,0.480682,-0.262701,0.0470262
12.8798,0.471072,0.510305,-0.261849,0.0501923
12.9025,0.356436,0.545837,-0.260711,0.05334
12.9252,0.378396,0.575794,-0.251695,0.0564762
12.9478,0.436283,0.408127,-0.260733,0.0595929
12.9705,0.488147,0.395732,-0.252643,0.0626969
12.9932,0.518341,0.438558,-0.243458,0.0657801
13.0159,0.520007,0.424296,-0.249864,0.0688496
13.0385,0.48845,0.488022,-0.235974,0.0718972
13.0612,0.444389,0.498331,-0.255267,0.0749298
13.0839,0.40403,0.385392,-0.236704,0.0779395
13.1066,0.481847,0.42926,-0.238233,0.0809331
13.1293,0.341701,0.429521,-0.24167,0.0839025
13.1519,0.340713,0.495988,-0.229932,0.0868549
13.1746,0.427749,0.438471,-0.222884,0.0897821
13.1973,0.348837,0.451769,-0.234989,0.092691
13.22,0.415413,0.455838,-0.240028,0.0955736
13.2426,0.298795,0.455107,-0.220723,0.098437
13.2653,0.398188,0.461392,-0.22686,0.101273
13.288,0.45347,0.368678,-0.214873,0.104089
13.3107,0.306341,0.440263,-0.214075,0.106876
13.3333,0.412989,0.353862,-0.219383,0.109642
13.356,0.437136,0.417409,-0.202087,0.112379
13.3787,0.287204,0.500928,-0.209883,0.115093
13.4014,0.43043,0.537184,-0.206563,0.117778
13.424,0.412592,0.505844,-0.204012,0.120438
13.4467,0.332722,0.486478,-0.210999,0.123068
13.4694,0.361259,0.357917,-0.20041,0.125673
13.4921,0.307004,0.382127,-0.1974,0.128247
13.5147,0.375089,0.340722,-0.192377,0.130795
13.5374,0.255341,0.497279,-0.195961,0.13331
13.5601,0.282463,0.438755,-0.195384,0.135799
13.5828,0.338466,0.425527,-0.1946,0.138253
13.6054,0.381,0.42792,-0.18629,0.140682
13.6281,0.214407,0.469025,-0.179904,0.143075
13.6508,0.359755,0.426667,-0.190739,0.14544
13.6735,0.388631,0.405409,-0.174577,0.14777
13.6961,0.250954,0.373878,-0.169749,0.150072
13.7188,0.284047,0.495995,-0.16976,0.152336
13.7415,0.306986,0.430804,-0.163588,0.154572
13.7642,0.312815,0.413985,-0.170955,0.15677
13.7868,0.35561,0.362901,-0.16666,0.158939
13.8095,0.275868,0.507213,-0.16428,0.161069
13.8322,0.25762,0.326888,-0.153008,0.163168
13.8549,0.24281,0.403561,-0.154638,0.165229
13.8776,0.339058,0.481251,-0.149936,0.167259
13.9002,0.186917,0.461105,-0.147878,0.169248
13.9229,0.156989,0.421673,-0.141981,0.171206
13.9456,0.279862,0.43636,-0.135371,0.173124
13.9683,0.246324,0.483961,-0.14485,0.175009
13.9909,0.200962,0.423402,-0.123247,0.176853
14.0136,0.247704,0.351318,-0.131727,0.178664
14.0363,0.298785,0.438589,-0.131084,0.180434
14.059,0.195595,0.367936,-0.12671,0.18217
14.0816,0.271222,0.337972,-0.120113,0.183864
14.1043,0.213852,0.386251,-0.116707,0.185523
14.127,0.216335,0.419478,-0.116847,0.18714
14.1497,0.185802,0.424934,-0.10122,0.188722
14.1723,0.16266,0.410794,-0.111418,0.190261
14.195,0.199618,0.458992,-0.0963667,0.191765
14.2177,0.126962,0.404391,-0.100286,0.193225
14.2404,0.0801758,0.395557,-0.101289,0.19465
14.263,0.081978,0.381353,-0.0901918,0.19603
14.2857,0.167934,0.351448,-0.0855721,0.197374
14.3084,0.159071,0.403328,-0.0847495,0.198674
14.3311,0.0564062,0.330989,-0.0855417,0.199938
14.3537,0.0734282,0.456747,-0.0794212,0.201156
14.3764,0.114801,0.319067,-0.0773875,0.202338
14.3991,0.154918,0.298888,-0.0720287,0.203475
14.4218,0.0640251,0.304266,-0.0566672,0.204574
14.4444,0.0085724,0.360598,-0.0695544,0.205628
14.4671,0.104895,0.38864,-0.0602622,0.206644
14.4898,0.127263,0.332842,-0.0569604,0.207615
14.5125,0.0796449,0.348076,-0.0516195,0.208548
14.5351,0.0481095,0.441093,-0.0559329,0.209435
14.5578,0.144089,0.419746,-0.0417259,0.210284
14.5805,0.0959032,0.286511,-0.0500227,0.211087
14.6032,0.000670526,0.363635,-0.0477944,0.211852
14.6259,0.103899,0.335029,-0.0254907,0.21257
14.6485,-0.0454853,0.282382,-0.0307128,0.213251
14.6712,-0.0427803,0.234192,-0.0248552,0.213884
14.6939,0.0681147,0.27207,-0.0261172,0.214479
14.7166,0.0793054,0.303689,-0.0252911,0.215028
14.7392,-0.0322153,0.296257,-0.00391127,0.215538
14.7619,0.0898499,0.292348,-0.0213583,0.216001
14.7846,-0.0408612,0.315843,-0.0023384,0.216426
14.8073,-0.0840128,0.196657,-0.00628931,0.216804
14.8299,-0.0979906,0.283405,0.00151054,0.217143
14.8526,0.0496235,0.187564,0.00273215,0.217436
14.8753,-0.0600544,0.258809,-0.0034849,0.21769
14.898,-0.0747437,0.24271,0.00313235,0.217897
14.9206,-0.0617767,0.254386,0.0180411,0.218066
14.9433,-0.0431221,0.297156,0.015326,0.218188
14.966,-0.0803513,0.220982,0.0102059,0.218271
14.9887,-0.0678667,0.243463,0.0260412,0.218308
15.0113,-0.0381479,0.227747,0.0284251,0.218307
15.034,-0.170716,0.308597,0.0290845,0.218259
15.0567,-0.104256,0.165639,0.0364758,0.218173
15.0794,0.0102224,0.24739,0.0417821,0.21804
15.102,-0.0151559,0.200955,0.0438645,0.21787
15.1247,-0.0366997,0.159643,0.0337937,0.217653
15.1474,-0.0681954,0.199326,0.0557337,0.217399
15.1701,-0.164468,0.233347,0.0362194,0.217098
15.1927,-0.0859099,0.1811,0.0522435,0.21676
15.2154,-0.0826067,0.148036,0.067048,0.216376
15.2381,-0.141965,0.190664,0.0578736,0.215955
15.2608,-0.0626348,0.18459,0.0670444,0.215488
15.2834,-0.118242,0.103883,0.067476,0.214985
15.3061,-0.09987,0.189814,0.0677051,0.214436
15.3288,-0.0647098,0.15282,0.0746591,0.21385
15.3515,-0.225593,0.150789,0.0835937,0.21322
15.3741,-0.196835,0.154207,0.0822222,0.212553
15.3968,-0.183713,0.18252,0.0759404,0.211842
15.4195,-0.226791,0.127308,0.0995962,0.211095
15.4422,-0.185871,0.0740506,0.0907149,0.210304
15.4649,-0.122184,0.181471,0.0908794,0.209477
15.4875,-0.125914,0.0562395,0.0974102,0.208607
15.5102,-0.156937,0.112945,0.110065,0.207702
15.5329,-0.156357,0.119293,0.107356,0.206753
15.5556,-0.200771,0.1549,0.116842,0.20577
15.5782,-0.293305,0.163719,0.107787,0.204745
15.6009,-0.224035,0.11644,0.109994,0.203685
15.6236,-0.209877,0.118137,0.119316,0.202583
15.6463,-0.310821,0.0644938,0.127958,0.201448
15.6689,-0.188898,0.0985008,0.123106,0.200271
15.6916,-0.312951,0.0607522,0.129392,0.199061
15.7143,-0.22108,0.0692005,0.128368,0.197809
15.737,-0.178029,0.0573324,0.143199,0.196526
15.7596,-0.242496,0.0903838,0.135229,0.195202
15.7823,-0.183746,0.0304861,0.147018,0.193847
15.805,-0.192496,0.0368029,0.13601,0.192451
15.8277,-0.345611,0.143808,0.145102,0.191025
15.8503,-0.32767,0.0660005,0.145347,0.189559
15.873,-0.373664,-0.00240335,0.147013,0.188063
15.8957,-0.336658,0.017247,0.150824,0.186528
15.9184,-0.273071,0.0640454,0.155557,0.184964
15.941,-0.251987,0.0629432,0.164531,0.183362
15.9637,-0.251273,-0.0743646,0.155013,0.181731
15.9864,-0.236143,-0.0056157,0.163432,0.180063
16.0091,-0.34806,0.03561,0.167272,0.178366
16.0317,-0.217346,-0.0338556,0.161977,0.176634
16.0544,-0.382125,-0.0383712,0.175007,0.174874
16.0771,-0.353427,0.00406509,0.173326,0.173078
16.0998,-0.345684,-0.0187182,0.166963,0.171255
16.1224,-0.397309,-0.00736466,0.17465,0.169398
16.1451,-0.31532,-0.0709755,0.181962,0.167515
16.1678,-0.312415,-0.0361293,0.173775,0.165598
16.1905,-0.419655,0.0365195,0.184894,0.163657
16.2132,-0.328303,-0.0785254,0.175475,0.161682
16.2358,-0.450332,-0.0282006,0.18806,0.159683
16.2585,-0.323527,-0.0299444,0.185816,0.157651
16.2812,-0.459656,-0.0475846,0.18586,0.155597
16.3039,-0.36156,-0.022009,0.195067,0.153511
16.3265,-0.393499,-0.055441,0.196485,0.151403
16.3492,-0.274212,-0.0881681,0.200002,0.149264
16.3719,-0.399284,-0.0822368,0.202077,0.147104
16.3946,-0.372673,0.0261915,0.198617,0.144914
16.4172,-0.363524,-0.138613,0.206769,0.142704
16.4399,-0.356771,-0.127419,0.203169,0.140465
16.4626,-0.40896,-0.0513551,0.205597,0.138207
16.4853,-0.475649,-0.0504432,0.212289,0.135921
16.5079,-0.355381,-0.131149,0.214971,0.133617
16.5306,-0.455351,-0.0912358,0.219413,0.131285
16.5533,-0.45817,-0.162582,0.213975,0.128937
16.576,-0.438325,-0.0718989,0.218836,0.126562
16.5986,-0.321992,-0.0574565,0.213393,0.124171
16.6213,-0.464006,-0.0326251,0.218474,0.121756
16.644,-0.481424,-0.167023,0.22842,0.119324
16.6667,-0.44603,-0.0356971,0.233696,0.116869
16.6893,-0.38305,-0.0941689,0.221246,0.1144
16.712,-0.457675,-0.12264,0.226798,0.111908
16.7347,-0.332292,-0.25586,0.230994,0.109402
16.7574,-0.410359,-0.131064,0.223676,0.106875
16.78,-0.420373,-0.157586,0.224168,0.104336
16.8027,-0.387976,-0.07942,0.232601,0.101775
16.8254,-0.45991,-0.140394,0.229755,0.0992039
16.8481,-0.369944,-0.132131,0.234179,0.0966127
16.8707,-0.369148,-0.0399486,0.2331,0.0940114
16.8934,-0.325669,-0.167343,0.239118,0.0913915
16.9161,-0.392313,-0.121816,0.231599,0.0887626
16.9388,-0.48009,-0.126711,0.235037,0.0861161
16.9615,-0.464454,-0.187779,0.229714,0.0834616
16.9841,-0.421685,-0.168255,0.237738,0.0807907
17.0068,-0.460987,-0.119559,0.238675,0.0781129
17.0295,-0.438153,-0.18282,0.234499,0.0754198
17.0522,-0.452428,-0.198472,0.233043,0.0727209
17.0748,-0.508571,-0.0604541,0.247457,0.0700077
17.0975,-0.351,-0.0720176,0.240937,0.0672899
17.1202,-0.341536,-0.196595,0.231999,0.0645589
17.1429,-0.525465,-0.15599,0.239454,0.0618243
17.1655,-0.414256,-0.173741,0.239194,0.0590777
17.1882,-0.411103,-0.231902,0.23602,0.0563286
17.2109,-0.525175,-0.139342,0.249602,0.0535686
17.2336,-0.490801,-0.110545,0.236746,0.0508073
17.2562,-0.409982,-0.177665,0.251465,0.048036
17.2789,-0.408152,-0.175866,0.241291,0.0452646
17.3016,-0.4754,-0.180482,0.241119,0.0424845
17.3243,-0.431883,-0.23107,0.24781,0.0397053
17.3469,-0.364295,-0.166036,0.244724,0.0369184
17.3696,-0.360258,-0.183451,0.238587,0.0341336
17.3923,-0.467022,-0.178071,0.242606,0.0313422
17.415,-0.47188,-0.10365,0.24634,0.028554
17.4376,-0.324973,-0.235382,0.240377,0.0257604
17.4603,-0.433014,-0.163662,0.236995,0.022971
17.483,-0.520558,-0.238618,0.240354,0.0201773
17.5057,-0.398722,-0.154942,0.238668,0.017389
17.5283,-0.400744,-0.176523,0.244971,0.0145974
17.551,-0.433178,-0.153826,0.23681,0.0118123
17.5737,-0.426429,-0.168221,0.243596,0.00902512
17.5964,-0.461032,-0.201452,0.234347,0.00624547
17.619,-0.364698,-0.230014,0.251066,0.00346478
17.6417,-0.384205,-0.200606,0.240731,0.000692822
17.6644,-0.333039,-0.223048,0.240759,-0.00207917
17.6871,-0.394336,-0.220388,0.235989,-0.00484136
17.7098,-0.351242,-0.168884,0.232864,-0.00760247
17.7324,-0.41798,-0.141715,0.237471,-0.0103527
17.7551,-0.345589,-0.313581,0.235971,-0.0131008
17.7778,-0.486917,-0.208207,0.230887,-0.015837
17.8005,-0.368496,-0.257016,0.227022,-0.0185699
17.8231,-0.367136,-0.183257,0.226451,-0.0212899
17.8458,-0.332509,-0.287588,0.225356,-0.0240055
17.8685,-0.444702,-0.258498,0.229288,-0.0267072
17.8912,-0.297981,-0.201384,0.230909,-0.0294036
17.9138,-0.392343,-0.222217,0.230071,-0.0320848
17.9365,-0.286384,-0.245936,0.226776,-0.0347598
17.9592,-0.364534,-0.237119,0.220585,-0.0374187
17.9819,-0.4035,-0.190086,0.225339,-0.0400703
18.0045,-0.328922,-0.188246,0.225413,-0.0427046
18.0272,-0.336249,-0.195392,0.219064,-0.0453307
18.0499,-0.275226,-0.212823,0.218707,-0.0479387
18.0726,-0.321063,-0.252731,0.216262,-0.0505373
18.0952,-0.387177,-0.229021,0.216723,-0.0531169
18.1179,-0.258117,-0.218453,0.213603,-0.0556862
18.1406,-0.255764,-0.174089,0.214969,-0.0582353
18.1633,-0.251744,-0.275882,0.209974,-0.0607733
18.1859,-0.390809,-0.21887,0.20998,-0.0632903
18.2086,-0.280637,-0.275111,0.209913,-0.0657951
18.2313,-0.290026,-0.220983,0.200974,-0.0682778
18.254,-0.42935,-0.257491,0.203231,-0.0707476
18.2766,-0.287792,-0.255149,0.199223,-0.0731944
18.2993,-0.332736,-0.31639,0.199414,-0.0756273
18.322,-0.36741,-0.325463,0.199913,-0.0780363
18.3447,-0.284761,-0.21693,0.19832,-0.0804305
18.3673,-0.218085,-0.257103,0.193167,-0.0827999
18.39,-0.230128,-0.30064,0.19301,-0.0851538
18.4127,-0.288726,-0.221116,0.185792,-0.087482
18.4354,-0.278826,-0.296797,0.187286,-0.0897937
18.458,-0.372557,-0.249921,0.194038,-0.092079
18.4807,-0.24757,-0.241923,0.187445,-0.0943469
18.5034,-0.386742,-0.289209,0.177126,-0.0965876
18.5261,-0.325693,-0.315803,0.180566,-0.0988101
18.5488,-0.227496,-0.230326,0.172397,-0.101005
18.5714,-0.273731,-0.211445,0.175554,-0.10318
18.5941,-0.320751,-0.19463,0.167725,-0.105327
18.6168,-0.278441,-0.230042,0.17409,-0.107454
18.6395,-0.289075,-0.271265,0.170738,-0.109551
18.6621,-0.295553,-0.221154,0.171028,-0.111628
18.6848,-0.254535,-0.281062,0.155642,-0.113675
18.7075,-0.298891,-0.288633,0.16065,-0.115701
18.7302,-0.232164,-0.178783,0.163472,-0.117695
18.7528,-0.308985,-0.22081,0.151256,-0.119668
18.7755,-0.277109,-0.300883,0.153313,-0.121609
18.7982,-0.283471,-0.280924,0.148969,-0.123528
18.8209,-0.267841,-0.207319,0.143548,-0.125414
18.8435,-0.30295,-0.257703,0.144289,-0.127277
18.8662,-0.275606,-0.27105,0.141563,-0.129107
18.8889,-0.267017,-0.285366,0.143291,-0.130914
18.9116,-0.123999,-0.305911,0.141671,-0.132686
18.9342,-0.113439,-0.245132,0.136474,-0.134435
18.9569,-0.219689,-0.228241,0.130236,-0.136149
18.9796,-0.276367,-0.246552,0.130627,-0.137839
19.0023,-0.173409,-0.292054,0.125287,-0.139493
19.0249,-0.094588,-0.230933,0.123409,-0.141122
19.0476,-0.16686,-0.283383,0.125184,-0.142716
19.0703,-0.255647,-0.23124,0.116529,-0.144284
19.093,-0.193616,-0.232471,0.116818,-0.145817
19.1156,-0.103629,-0.232832,0.111453,-0.147323
19.1383,-0.0480437,-0.236334,0.10705,-0.148792
19.161,-0.235104,-0.304081,0.102217,-0.150235
19.1837,-0.193056,-0.332289,0.10226,-0.151641
19.2063,-0.0465786,-0.260151,0.0988254,-0.15302
19.229,-0.0428213,-0.314343,0.0941138,-0.154362
19.2517,-0.0653705,-0.261548,0.10037,-0.155675
19.2744,-0.0877452,-0.210591,0.0858188,-0.156952
19.2971,-0.18155,-0.270005,0.0875247,-0.1582
19.3197,-0.103682,-0.243705,0.0816998,-0.159411
19.3424,-0.189036,-0.273333,0.0838879,-0.160593
19.3651,-0.162944,-0.268618,0.0795588,-0.161737
19.3878,-0.126546,-0.242874,0.0661934,-0.162852
19.4104,-0.138679,-0.304703,0.0708226,-0.163929
19.4331,-0.0713937,-0.210493,0.0672895,-0.164976
19.4558,-0.0041478,-0.240608,0.0709845,-0.165985
19.4785,-0.0686356,-0.281682,0.0659221,-0.166965
19.5011,-0.111855,-0.163486,0.0593578,-0.167905
19.5238,-0.0622463,-0.288298,0.0631275,-0.168817
19.5465,-0.131788,-0.191395,0.0552859,-0.169688
19.5692,-0.0213537,-0.205904,0.0456558,-0.17053
19.5918,-0.07082,-0.255342,0.0499266,-0.171333
19.6145,-0.0106386,-0.231639,0.0428864,-0.172106
19.6372,0.0759708,-0.200176,0.0354928,-0.172839
19.6599,0.0727656,-0.23342,0.0385013,-0.173542
19.6825,-0.0608466,-0.217962,0.0335454,-0.174205
19.7052,0.0956036,-0.186475,0.0314657,-0.174838
19.7279,0.0379867,-0.201334,0.0296634,-0.175432
19.7506,0.0476732,-0.233612,0.0255321,-0.175995
19.7732,-0.0348702,-0.207891,0.0249617,-0.176518
19.7959,0.0436558,-0.155864,0.0179767,-0.17701
19.8186,0.118048,-0.206175,0.0115385,-0.177463
19.8413,0.130418,-0.196304,0.0173768,-0.177886
19.8639,-0.0187587,-0.133008,0.00939758,-0.178268
19.8866,0.0909219,-0.206382,0.00818809,-0.17862
19.9093,0.0315789,-0.2125,-0.000703695,-0.178932
19.932,0.0220184,-0.152548,0.00454336,-0.179214
19.9546,0.0587683,-0.19864,-0.00487518,-0.179455
19.9773,0.119832,-0.150704,-0.00554875,-0.179667
20,0.126752,-0.171802,-0.0106136,-0.179838
20.0227,0.045719,-0.150296,-0.00945018,-0.179979
20.0454,0.112197,-0.186864,-0.01621,-0.180081
20.068,0.180336,-0.113566,-0.0173609,-0.180152
20.0907,0.00564638,-0.139753,-0.0171518,-0.180183
20.1134,0.0157505,-0.109193,-0.0281905,-0.180185
20.1361,0.111878,-0.156554,-0.0376624,-0.180147
20.1587,0.198214,-0.142984,-0.0243282,-0.180079
20.1814,0.201065,-0.0998579,-0.0356089,-0.179972
20.2041,0.129727,-0.137733,-0.034129,-0.179835
20.2268,0.103913,-0.0187854,-0.0475732,-0.179659
20.2494,0.0773404,-0.0910257,-0.0419431,-0.179453
20.2721,0.0746439,-0.140868,-0.0461898,-0.179208
20.2948,0.237796,-0.0688533,-0.0482998,-0.178934
20.3175,0.227889,-0.073781,-0.0565262,-0.178622
20.3401,0.074006,-0.0455831,-0.0545312,-0.17828
20.3628,0.151873,-0.039321,-0.061573,-0.1779
20.3855,0.0916799,-0.137675,-0.0656061,-0.177492
20.4082,0.173096,-0.0783889,-0.0725346,-0.177045
20.4308,0.171447,-0.0969524,-0.0700988,-0.176569
20.4535,0.159659,-0.0663821,-0.0698075,-0.176056
20.4762,0.226713,-0.031823,-0.0771341,-0.175515
20.4989,0.163837,-0.0896058,-0.080569,-0.174936
20.5215,0.232688,-0.024883,-0.0818727,-0.17433
20.5442,0.282049,-0.0995652,-0.0904231,-0.173686
20.5669,0.180024,-0.0273558,-0.0811728,-0.173015
20.5896,0.214476,-0.00434639,-0.092065,-0.172307
20.6122,0.159832,-0.0731034,-0.0927285,-0.171573
20.6349,0.199747,-0.0362008,-0.0900033,-0.170802
20.6576,0.197965,0.00483048,-0.0965907,-0.170004
20.6803,0.244826,0.0135704,-0.0996362,-0.169171
20.7029,0.137918,-0.0121791,-0.102783,-0.168311
20.7256,0.329039,-0.0370556,-0.103948,-0.167416
20.7483,0.235933,-0.0224295,-0.110346,-0.166496
20.771,0.29652,0.0559673,-0.111821,-0.16554
20.7937,0.291482,0.0112278,-0.105954,-0.16456
20.8163,0.325766,0.0386075,-0.116956,-0.163545
20.839,0.303691,-0.00730545,-0.11665,-0.162505
20.8617,0.340986,0.00728074,-0.119581,-0.161431
20.8844,0.331927,-0.00615138,-0.117474,-0.160333
20.907,0.369948,-0.024871,-0.124791,-0.159202
20.9297,0.259329,0.0304778,-0.132165,-0.158047
20.9524,0.219639,0.0484852,-0.135896,-0.15686
20.9751,0.223845,0.0186781,-0.131342,-0.155649
20.9977,0.196712,0.168952,-0.138245,-0.154406
21.0204,0.204979,0.0316011,-0.145277,-0.153141
21.0431,0.306935,0.0672458,-0.142328,-0.151844
21.0658,0.348413,0.0404456,-0.143032,-0.150525
21.0884,0.289122,0.0826131,-0.143551,-0.149175
21.1111,0.287409,0.0645173,-0.145041,-0.147804
21.1338,0.336896,0.09783,-0.150606,-0.146402
21.1565,0.291972,0.0173441,-0.150717,-0.14498
21.1791,0.298552,0.144059,-0.160845,-0.143528
21.2018,0.356637,0.0173447,-0.162267,-0.142056
21.2245,0.283736,0.152013,-0.161944,-0.140555
21.2472,0.237942,0.110033,-0.160186,-0.139035
21.2698,0.40823,0.111112,-0.168616,-0.137486
21.2925,0.38566,0.146292,-0.167661,-0.135919
21.3152,0.237217,0.152721,-0.163513,-0.134323
21.3379,0.390166,0.101449,-0.174565,-0.13271
21.3605,0.405556,0.161218,-0.169351,-0.13107
21.3832,0.404461,0.0784077,-0.167202,-0.129413
21.4059,0.263352,0.125831,-0.170061,-0.127729
21.4286,0.305838,0.0983553,-0.170865,-0.126029
21.4512,0.278851,0.085488,-0.175795,-0.124303
21.4739,0.351382,0.148389,-0.179392,-0.122561
21.4966,0.291093,0.143856,-0.183506,-0.120794
21.5193,0.266122,0.138736,-0.182145,-0.119013
21.542,0.40413,0.193003,-0.190023,-0.117207
21.5646,0.29501,0.115696,-0.180702,-0.115387
21.5873,0.315608,0.173653,-0.185315,-0.113544
21.61,0.262583,0.172076,-0.19312,-0.111687
21.6327,0.437551,0.143884,-0.192675,-0.109807
21.6553,0.329704,0.175053,-0.193738,-0.107915
21.678,0.458794,0.17249,-0.191738,-0.106
21.7007,0.427577,0.125121,-0.188687,-0.104074
21.7234,0.279146,0.211142,-0.192975,-0.102127
21.746,0.297866,0.162565,-0.201493,-0.100169
21.7687,0.277641,0.128475,-0.198226,-0.0981898
21.7914,0.386702,0.197299,-0.201159,-0.0962009
21.8141,0.323467,0.247812,-0.203095,-0.0941921
21.8367,0.342106,0.2087,-0.198697,-0.0921741
21.8594,0.361067,0.207149,-0.204924,-0.0901371
21.8821,0.461447,0.182243,-0.198188,-0.0880916
21.9048,0.462774,0.229515,-0.198209,-0.0860278
21.9274,0.340409,0.265367,-0.204801,-0.0839565
21.9501,0.30586,0.241164,-0.208955,-0.0818678
21.9728,0.300162,0.187915,-0.20917,-0.0797722
21.9955,0.358383,0.221565,-0.201117,-0.0776601
22.0181,0.327434,0.209525,-0.215881,-0.075542
22.0408,0.412344,0.225591,-0.210076,-0.0734081
22.0635,0.365473,0.187336,-0.209715,-0.0712692
22.0862,0.345808,0.241175,-0.215602,-0.0691152
22.1088,0.455078,0.223797,-0.209432,-0.066957
22.1315,0.290396,0.268556,-0.212411,-0.0647845
22.1542,0.356263,0.202773,-0.214807,-0.0626087
22.1769,0.389312,0.292993,-0.208983,-0.0604195
22.1995,0.295414,0.284412,-0.210964,-0.0582278
22.2222,0.416445,0.239562,-0.211746,-0.0560236
22.2449,0.292358,0.303128,-0.214118,-0.0538175
22.2676,0.351498,0.300774,-0.213447,-0.0515998
22.2902,0.339142,0.304391,-0.211239,-0.0493812
22.3129,0.332059,0.252779,-0.21174,-0.0471517
22.3356,0.440023,0.24502,-0.224514,-0.0449222
22.3583,0.293571,0.265049,-0.217025,-0.0426827
22.381,0.392671,0.310339,-0.216023,-0.0404439
22.4036,0.42478,0.290236,-0.210109,-0.0381959
22.4263,0.306411,0.315649,-0.211177,-0.0359496
22.449,0.371876,0.340992,-0.212565,-0.0336949
22.4717,0.426961,0.308131,-0.21569,-0.0314426
22.4943,0.281787,0.254375,-0.213197,-0.0291827
22.517,0.381074,0.304775,-0.206987,-0.0269262
22.5397,0.346362,0.378313,-0.21914,-0.0246629
22.5624,0.281241,0.293453,-0.215791,-0.0224038
22.585,0.457052,0.282328,-0.213943,-0.0201387
22.6077,0.352682,0.322949,-0.2122,-0.0178786
22.6304,0.36658,0.368729,-0.204573,-0.0156134
22.6531,0.274749,0.393527,-0.217715,-0.013354
22.6757,0.342595,0.331117,-0.215992,-0.0110902
22.6984,0.379047,0.337304,-0.209667,-0.00883308
22.7211,0.350843,0.276008,-0.202143,-0.00657246
22.7438,0.429585,0.316336,-0.212019,-0.00431927
22.7664,0.284457,0.321644,-0.209826,-0.00206334
22.7891,0.438604,0.328848,-0.205816,0.000184302
22.8118,0.324182,0.434144,-0.209973,0.00243393
22.8345,0.257841,0.334592,-0.205614,0.00467446
22.8571,0.334033,0.364062,-0.2084,0.00691613
22.8798,0.241458,0.369979,-0.213263,0.00914795
22.9025,0.330706,0.356225,-0.206238,0.0113802
22.9252,0.3161,0.38408,-0.202124,0.0136017
22.9478,0.275382,0.361046,-0.202085,0.0158228
22.9705,0.228127,0.388945,-0.2009,0.0180325
22.9932,0.386013,0.382913,-0.200088,0.020241
23.0159,0.380451,0.368204,-0.197821,0.0224374
23.0385,0.219129,0.385675,-0.195836,0.0246318
23.0612,0.234101,0.337531,-0.194651,0.0268132
23.0839,0.385252,0.372836,-0.196541,0.0289919
23.1066,0.345133,0.358253,-0.191683,0.0311569
23.1293,0.303607,0.411786,-0.195111,0.0333185
23.1519,0.248356,0.301384,-0.196888,0.0354657
23.1746,0.332486,0.335449,-0.191667,0.0376086
23.1973,0.197937,0.397692,-0.188165,0.0397364
23.22,0.293839,0.368771,-0.187349,0.0418593
23.2426,0.343928,0.376471,-0.18901,0.0439663
23.2653,0.306961,0.375597,-0.182557,0.0460677
23.288,0.275492,0.305545,-0.181737,0.0481524
23.3107,0.319002,0.408935,-0.179838,0.0502308
23.3333,0.308688,0.322075,-0.183524,0.0522919
23.356,0.231918,0.332338,-0.176882,0.054346
23.3787,0.251557,0.326217,-0.180734,0.0563821
23.4014,0.238995,0.371097,-0.174709,0.0584106
23.424,0.354437,0.368118,-0.17111,0.0604203
23.4467,0.161569,0.407728,-0.171183,0.0624216
23.4694,0.161452,0.3402,-0.173169,0.0644036
23.4921,0.180725,0.391761,-0.17002,0.0663767
23.5147,0.332444,0.379933,-0.163411,0.0683297
23.5374,0.251857,0.446343,-0.164935,0.070273
23.5601,0.215735,0.337679,-0.160971,0.0721957
23.5828,0.234754,0.36723,-0.160894,0.0741082
23.6054,0.133558,0.422417,-0.157757,0.0759993
23.6281,0.230637,0.38344,-0.150703,0.0778796
23.6508,0.206272,0.429865,-0.156801,0.079738
23.6735,0.152918,0.34568,-0.156863,0.0815849
23.6961,0.201008,0.352537,-0.14829,0.0834092
23.7188,0.232896,0.425416,-0.149465,0.0852215
23.7415,0.157813,0.330287,-0.145416,0.0870108
23.7642,0.137545,0.437008,-0.140977,0.0887874
23.7868,0.134034,0.350982,-0.142613,0.0905403
23.8095,0.116626,0.386073,-0.137587,0.09228
23.8322,0.128197,0.369299,-0.134988,0.0939955
23.8549,0.262907,0.408324,-0.132413,0.0956973
23.8776,0.210455,0.329876,-0.130993,0.0973742
23.9002,0.225003,0.415493,-0.129127,0.099037
23.9229,0.110317,0.387935,-0.128086,0.100674
23.9456,0.119513,0.381273,-0.12584,0.102297
23.9683,0.106309,0.404059,-0.127311,0.103894
23.9909,0.210464,0.3095,-0.123374,0.105476
24.0136,0.238971,0.311108,-0.118353,0.107031
24.0363,0.121893,0.30665,-0.117678,0.10857
24.059,0.14069,0.329461,-0.113206,0.110083
24.0816,0.186337,0.320775,-0.111843,0.11158
24.1043,0.155713,0.39351,-0.100693,0.113049
24.127,0.170466,0.343169,-0.104705,0.114501
24.1497,0.0239072,0.343538,-0.1048,0.115926
24.1723,0.121622,0.412534,-0.10117,0.117334
24.195,0.0348447,0.29142,-0.102148,0.118714
24.2177,0.00815237,0.384743,-0.0919144,0.120076
24.2404,0.137081,0.426305,-0.0952663,0.121409
24.263,0.0445719,0.386137,-0.0872616,0.122725
24.2857,0.0236622,0.324311,-0.0898869,0.124012
24.3084,0.0623221,0.362705,-0.0862486,0.12528
24.3311,0.0213205,0.375422,-0.077583,0.126519
24.3537,0.0706806,0.41229,-0.0766716,0.12774
24.3764,0.100083,0.357885,-0.0793663,0.128931
24.3991,0.0127313,0.271354,-0.0798382,0.130103
24.4218,0.00458822,0.355122,-0.0765916,0.131244
24.4444,0.120714,0.372912,-0.0643153,0.132367
24.4671,0.000784792,0.35887,-0.0623658,0.133459
24.4898,-0.0239466,0.335187,-0.0683543,0.134531
24.5125,-0.0556114,0.36504,-0.0618181,0.135573
24.5351,0.0444026,0.326217,-0.061074,0.136595
24.5578,-0.0770261,0.407199,-0.0625751,0.137585
24.5805,0.0476403,0.311829,-0.0484697,0.138556
24.6032,-0.0855989,0.368744,-0.0500612,0.139495
24.6259,-0.0845751,0.354613,-0.0428507,0.140414
24.6485,-0.0470861,0.326143,-0.0435589,0.141301
24.6712,-0.00886671,0.294988,-0.0401477,0.142168
24.6939,-0.0868167,0.365339,-0.0375678,0.143003
24.7166,-0.0866964,0.321711,-0.0405059,0.143817
24.7392,0.0243356,0.253624,-0.0360305,0.144599
24.7619,-0.0834487,0.318391,-0.0298083,0.14536
24.7846,-0.0769301,0.282822,-0.02793,0.146089
24.8073,0.0578418,0.355702,-0.0234235,0.146796
24.8299,-0.140145,0.364162,-0.0250816,0.147471
24.8526,0.037481,0.37517,-0.0162018,0.148125
24.8753,-0.102608,0.35735,-0.0179692,0.148745
24.898,-0.0882775,0.263016,-0.00959848,0.149345
24.9206,-0.00147393,0.337246,-0.0121325,0.149912
24.9433,-0.152007,0.273585,-0.00502919,0.150457
24.966,-0.0958606,0.256008,-0.00560307,0.150969
24.9887,0.0168978,0.297221,-0.00586727,0.151459
25.0113,-0.0824452,0.25878,0.00233446,0.151916
25.034,-0.0873177,0.272422,0.00518349,0.152352
25.0567,-0.0921659,0.267238,0.00379349,0.152754
25.0794,-0.0969886,0.230297,0.0131752,0.153134
25.102,-0.101785,0.220195,0.0161647,0.153482
25.1247,-0.106554,0.237863,0.0128493,0.153807
25.1474,-0.111294,0.239377,0.01479,0.154099
25.1701,-0.116006,0.203121,0.0227337,0.154369
25.1927,-0.120687,0.178914,0.0205302,0.154605
25.2154,-0.125336,0.244848,0.0290064,0.15482
25.2381,-0.129954,0.227836,0.0267944,0.155001
25.2608,-0.134539,0.277957,0.0295041,0.15516
25.2834,-0.13909,0.171914,0.0272258,0.155286
25.3061,-0.143606,0.176221,0.0331834,0.15539
25.3288,-0.148086,0.206676,0.03765,0.155461
25.3515,-0.15253,0.187025,0.0410143,0.155509
25.3741,-0.156936,0.146261,0.047058,0.155525
25.3968,-0.161304,0.147919,0.0422723,0.155518
25.4195,-0.165632,0.0899318,0.0491374,0.155478
25.4422,-0.169921,0.20841,0.0506302,0.155417
25.4649,-0.174168,0.184722,0.0540249,0.155322
25.4875,-0.178374,0.120712,0.0560365,0.155205
25.5102,-0.182537,0.174464,0.0565583,0.155056
25.5329,-0.186657,0.110143,0.0615727,0.154884
25.5556,-0.190733,0.185853,0.0617553,0.15468
25.5782,-0.194763,0.226518,0.0655953,0.154454
25.6009,-0.198748,0.139025,0.0707899,0.154196
25.6236,-0.202687,0.0660571,0.0745554,0.153915
25.6463,-0.206578,0.0706005,0.0716245,0.153603
25.6689,-0.210421,0.128588,0.0790915,0.153269
25.6916,-0.214216,0.106369,0.0776093,0.152902
25.7143,-0.21796,0.0518442,0.0808707,0.152515
25.737,-0.221655,0.0985102,0.0864531,0.152095
25.7596,-0.225299,0.0671721,0.0882225,0.151654
25.7823,-0.228891,0.0943932,0.0881227,0.151181
25.805,-0.232431,0.0892166,0.087031,0.150688
25.8277,-0.235918,0.0523356,0.0959205,0.150162
25.8503,-0.239352,-0.0321428,0.0943533,0.149617
25.873,-0.242731,0.0848151,0.0967887,0.149039
25.8957,-0.246055,0.016331,0.101092,0.148441
25.9184,-0.249324,0.0506542,0.100761,0.147812
25.941,-0.252537,0.043216,0.101197,0.147163
25.9637,-0.255693,-0.00968296,0.108913,0.146482
25.9864,-0.258792,-0.0317807,0.107889,0.145782
26.0091,-0.261832,-0.0216601,0.110919,0.145052
26.0317,-0.264815,0.0215386,0.113578,0.144301
26.0544,-0.267739,0.030547,0.112648,0.14352
26.0771,-0.270603,-0.0438048,0.121945,0.142721
26.0998,-0.273407,-0.0721522,0.119208,0.14189
26.1224,-0.276151,0.0561462,0.117861,0.141041
26.1451,-0.278834,-0.0532505,0.120787,0.140163
26.1678,-0.281455,0.0389967,0.131535,0.139265
26.1905,-0.284015,-0.0528561,0.126736,0.138339
26.2132,-0.286512,-0.0691261,0.130567,0.137394
26.2358,-0.288946,-0.00307631,0.130683,0.136419
26.2585,-0.291317,-0.0345051,0.12867,0.135428
26.2812,-0.293625,-0.0629647,0.136345,0.134407
26.3039,-0.295869,0.0271739,0.133001,0.133369
26.3265,-0.298048,-0.0875525,0.139511,0.132303
26.3492,-0.300162,-0.0828044,0.13924,0.131219
26.3719,-0.302211,-0.0946949,0.138035,0.130108
26.3946,-0.304195,-0.0733912,0.142384,0.12898
26.4172,-0.306114,-0.0164979,0.142481,0.127825
26.4399,-0.307966,-0.0469663,0.147901,0.126653
26.4626,-0.309751,-0.116267,0.148404,0.125454
26.4853,-0.311471,-0.0540447,0.14534,0.12424
26.5079,-0.313123,-0.0724591,0.150689,0.122999
26.5306,-0.314708,-0.204478,0.15426,0.121743
26.5533,-0.316226,-0.195079,0.150541,0.12046
26.576,-0.317676,-0.127921,0.157797,0.119163
26.5986,-0.319058,-0.168063,0.154677,0.11784
26.6213,-0.320372,-0.11023,0.157212,0.116503
26.644,-0.321618,-0.238141,0.163397,0.11514
26.6667,-0.322796,-0.141385,0.161112,0.113764
26.6893,-0.323905,-0.26645,0.159361,0.112363
26.712,-0.324946,-0.246639,0.16146,0.110949
26.7347,-0.325918,-0.154201,0.162481,0.10951
26.7574,-0.326821,-0.160907,0.169475,0.108059
26.78,-0.327655,-0.2579,0.167642,0.106584
26.8027,-0.32842,-0.220591,0.166104,0.105097
26.8254,-0.329115,-0.166696,0.169317,0.103587
26.8481,-0.329742,-0.256669,0.167938,0.102065
26.8707,-0.3303,-0.287733,0.172855,0.10052
26.8934,-0.330788,-0.18678,0.169098,0.0989642
26.9161,-0.331207,-0.235486,0.171003,0.0973863
26.9388,-0.331557,-0.279644,0.169688,0.095798
26.9615,-0.331838,-0.290941,0.176424,0.0941881
26.9841,-0.33205,-0.203357,0.178668,0.0925683
27.0068,-0.332192,-0.309618,0.175818,0.0909275
27.0295,-0.332266,-0.368823,0.176891,0.0892774
27.0522,-0.332271,-0.203027,0.175893,0.0876069
27.0748,-0.332207,-0.32369,0.181193,0.0859277
27.0975,-0.332074,-0.240562,0.179714,0.0842287
27.1202,-0.331872,-0.374576,0.179696,0.0825216
27.1429,-0.331602,-0.362493,0.174575,0.0807953
27.1655,-0.331264,-0.282933,0.184248,0.0790615
27.1882,-0.330858,-0.355195,0.178404,0.0773091
27.2109,-0.330384,-0.309421,0.177075,0.0755498
27.2336,-0.329842,-0.318192,0.181788,0.0737726
27.2562,-0.329232,-0.411309,0.179326,0.0719891
27.2789,-0.328555,-0.452887,0.188915,0.0701884
27.3016,-0.327811,-0.34953,0.184672,0.0683821
27.3243,-0.327,-0.33903,0.18315,0.066559
27.3469,-0.326123,-0.361285,0.184109,0.064731
27.3696,-0.325179,-0.421258,0.18272,0.062887
27.3923,-0.32417,-0.418712,0.185676,0.0610386
27.415,-0.323094,-0.397418,0.184243,0.0591749
27.4376,-0.321953,-0.469438,0.18252,0.0573075
27.4603,-0.320748,-0.439723,0.184654,0.0554255
27.483,-0.319477,-0.373783,0.185673,0.0535404
27.5057,-0.318142,-0.395029,0.183876,0.0516413
27.5283,-0.316743,-0.427703,0.180473,0.0497398
27.551,-0.315281,-0.469931,0.182442,0.0478251
27.5737,-0.313755,-0.494383,0.185706,0.0459086
27.5964,-0.312167,-0.436842,0.187825,0.0439795
27.619,-0.310516,-0.517087,0.182625,0.0420493
27.6417,-0.308803,-0.441377,0.185128,0.0401072
27.6644,-0.307029,-0.465684,0.182508,0.0381648
27.6871,-0.305193,-0.512551,0.179875,0.0362111
27.7098,-0.303297,-0.428102,0.181115,0.0342577
27.7324,-0.301341,-0.429461,0.183025,0.0322938
27.7551,-0.299326,-0.452047,0.179563,0.0303309
27.7778,-0.297251,-0.509138,0.179448,0.0283581
27.8005,-0.295118,-0.493872,0.185164,0.026387
27.8231,-0.292926,-0.555777,0.180283,0.0244068
27.8458,-0.290678,-0.465015,0.176729,0.0224289
27.8685,-0.288372,-0.460131,0.179533,0.0204426
27.8912,-0.286009,-0.579884,0.183404,0.0184594
27.9138,-0.283591,-0.516188,0.179508,0.0164683
27.9365,-0.281118,-0.463141,0.174412,0.0144812
27.9592,-0.27859,-0.46115,0.174819,0.0124869
27.9819,-0.276008,-0.517199,0.176536,0.0104971
28.0045,-0.273373,-0.603253,0.177585,0.00850094
28.0272,-0.270684,-0.517328,0.176988,0.00651003
28.0499,-0.267944,-0.446975,0.168844,0.00451336
28.0726,-0.265152,-0.466481,0.180256,0.00252266
28.0952,-0.262309,-0.576773,0.172273,0.000526901
28.1179,-0.259416,-0.517655,0.168353,-0.00146217
28.1406,-0.256474,-0.497687,0.174465,-0.0034556
28.1633,-0.253482,-0.605691,0.171869,-0.00544161
28.1859,-0.250442,-0.544435,0.169633,-0.00743133
28.2086,-0.247355,-0.61936,0.172243,-0.00941297
28.2313,-0.244222,-0.604336,0.168531,-0.0113976
28.254,-0.241042,-0.494518,0.164273,-0.0133734
28.2766,-0.237817,-0.549556,0.166231,-0.0153515
28.2993,-0.234547,-0.579974,0.164207,-0.0173201
28.322,-0.231233,-0.541128,0.164084,-0.0192903
28.3447,-0.227876,-0.506557,0.159434,-0.0212503
28.3673,-0.224478,-0.584816,0.157079,-0.0232113
28.39,-0.221037,-0.536158,0.160178,-0.0251613
28.4127,-0.217556,-0.561526,0.15886,-0.0271116
28.4354,-0.214034,-0.57235,0.159337,-0.0290504
28.458,-0.210474,-0.615319,0.153076,-0.0309886
28.4807,-0.206875,-0.562486,0.150665,-0.0329147
28.5034,-0.203238,-0.549489,0.152375,-0.0348396
28.5261,-0.199565,-0.682369,0.148672,-0.0367516
28.5488,-0.195856,-0.576892,0.14788,-0.0386618
28.5714,-0.192111,-0.537239,0.145477,-0.0405585
28.5941,-0.188332,-0.53885,0.14814,-0.0424526
28.6168,-0.18452,-0.468046,0.147231,-0.0443326
28.6395,-0.180675,-0.668482,0.14105,-0.0462093
28.6621,-0.176798,-0.539966,0.141017,-0.0480712
28.6848,-0.172891,-0.518236,0.13801,-0.0499293
28.7075,-0.168953,-0.660013,0.136429,-0.0517719
28.7302,-0.164986,-0.557785,0.135554,-0.05361
28.7528,-0.16099,-0.543624,0.132975,-0.0554319
28.7755,-0.156967,-0.569228,0.131997,-0.0572488
28.7982,-0.152918,-0.445104,0.133041,-0.0590488
28.8209,-0.148842,-0.540212,0.129891,-0.0608431
28.8435,-0.144742,-0.58442,0.126515,-0.0626199
28.8662,-0.140618,-0.453175,0.129393,-0.0643905
28.8889,-0.13647,-0.532463,0.123233,-0.0661429
28.9116,-0.132301,-0.563225,0.125882,-0.0678884
28.9342,-0.12811,-0.604061,0.120553,-0.0696151
28.9569,-0.123899,-0.54448,0.11672,-0.0713344
28.9796,-0.119668,-0.549477,0.120671,-0.0730343
29.0023,-0.115418,-0.632083,0.114375,-0.0747261
29.0249,-0.111151,-0.497422,0.112144,-0.076398
29.0476,-0.106867,-0.524294,0.113345,-0.0780611
29.0703,-0.102568,-0.515149,0.105976,-0.0797038
29.093,-0.098253,-0.528076,0.109481,-0.0813371
29.1156,-0.0939243,-0.407277,0.108226,-0.0829495
29.1383,-0.0895825,-0.562264,0.103672,-0.0845519
29.161,-0.0852284,-0.591863,0.0994971,-0.0861327
29.1837,-0.080863,-0.560521,0.103818,-0.087703
29.2063,-0.0764873,-0.419307,0.0949557,-0.0892512
29.229,-0.0721021,-0.579996,0.0997559,-0.0907885
29.2517,-0.0677084,-0.492294,0.0918357,-0.0923029
29.2744,-0.0633071,-0.565546,0.0931872,-0.093806
29.2971,-0.0588992,-0.501146,0.093514,-0.0952857
29.3197,-0.0544854,-0.529234,0.0872958,-0.0967534
29.3424,-0.0500669,-0.48323,0.0859923,-0.0981974
29.3651,-0.0456444,-0.451359,0.0782806,-0.0996288
29.3878,-0.0412189,-0.450189,0.0795681,-0.101036
29.4104,-0.0367914,-0.425642,0.0768795,-0.10243
29.4331,-0.0323627,-0.57604,0.0773091,-0.1038
29.4558,-0.0279337,-0.586639,0.0760709,-0.105155
29.4785,-0.0235055,-0.508808,0.0718624,-0.106486
29.5011,-0.0190788,-0.432379,0.0695862,-0.107803
29.5238,-0.0146547,-0.496232,0.0667721,-0.109094
29.5465,-0.0102339,-0.407326,0.0676427,-0.11037
29.5692,-0.00581755,-0.48686,0.0615137,-0.111621
29.5918,-0.00140639,-0.384643,0.0567309,-0.112856
29.6145,0.00299864,-0.409896,0.058539,-0.114065
29.6372,0.00739662,-0.424768,0.057105,-0.115259
29.6599,0.0117867,-0.419652,0.0526874,-0.116425
29.6825,0.0161679,-0.474585,0.0466441,-0.117576
29.7052,0.0205394,-0.476292,0.04804,-0.1187
29.7279,0.0249002,-0.420719,0.0448246,-0.119807
29.7506,0.0292496,-0.4434,0.0404651,-0.120887
29.7732,0.0335866,-0.410771,0.0400549,-0.12195
29.7959,0.0379103,-0.394936,0.0377692,-0.122985
29.8186,0.0422199,-0.411849,0.0374971,-0.124003
29.8413,0.0465145,-0.466394,0.0321599,-0.124993
29.8639,0.0507932,-0.479316,0.0343684,-0.125966
29.8866,0.0550552,-0.412678,0.0314953,-0.126909
29.9093,0.0592996,-0.445348,0.029327,-0.127835
29.932,0.0635256,-0.514601,0.0259706,-0.128732
29.9546,0.0677323,-0.320174,0.0243896,-0.129611
29.9773,0.0719189,-0.385656,0.0274301,-0.130461
30,0.0760845,-0.252284,0.0211738,-0.131292
30.0227,0.0802284,-0.497088,0.0135746,-0.132093
30.0454,0.0843496,-0.302452,0.0151448,-0.132877
30.068,0.0884475,-0.367399,0.0118796,-0.13363
30.0907,0.0925211,-0.300624,0.00767117,-0.134364
30.1134,0.0965697,-0.390242,0.00503789,-0.135068
30.1361,0.100592,-0.284539,0.00691383,-0.135753
30.1587,0.104589,-0.29449,-0.00022699,-0.136408
30.1814,0.108557,-0.353528,0.00209928,-0.137043
30.2041,0.112498,-0.284778,-0.00413774,-0.137648
30.2268,0.11641,-0.276898,-8.49588e-05,-0.138233
30.2494,0.120291,-0.392411,-0.00875382,-0.138787
30.2721,0.124143,-0.201646,-0.00852673,-0.139322
30.2948,0.127963,-0.25618,-0.0133377,-0.139825
30.3175,0.131751,-0.222761,-0.0160133,-0.140309
30.3401,0.135507,-0.334542,-0.0155545,-0.140761
30.3628,0.139229,-0.416088,-0.0206076,-0.141194
30.3855,0.142917,-0.227061,-0.0226118,-0.141594
30.4082,0.14657,-0.225147,-0.0222184,-0.141975
30.4308,0.150188,-0.254117,-0.02697,-0.142324
30.4535,0.153769,-0.264618,-0.0288502,-0.142653
30.4762,0.157314,-0.202378,-0.0312141,-0.142951
30.4989,0.160821,-0.212033,-0.0330874,-0.143228
30.5215,0.16429,-0.246256,-0.0388252,-0.143473
30.5442,0.167719,-0.135029,-0.0328424,-0.143697
30.5669,0.17111,-0.157779,-0.0384502,-0.14389
30.5896,0.17446,-0.217053,-0.0440182,-0.144062
30.6122,0.177769,-0.154922,-0.0446446,-0.144203
30.6349,0.181037,-0.161196,-0.0450304,-0.144323
30.6576,0.184263,-0.0297644,-0.0522957,-0.14441
30.6803,0.187446,-0.141496,-0.0501177,-0.144478
30.7029,0.190586,-0.150956,-0.0522318,-0.144513
30.7256,0.193682,-0.0164034,-0.0545538,-0.144528
30.7483,0.196733,-0.164411,-0.0609311,-0.14451
30.771,0.19974,-0.0133031,-0.0561728,-0.144472
30.7937,0.202701,-0.0608757,-0.0587876,-0.144402
30.8163,0.205617,-0.210436,-0.0613149,-0.144312
30.839,0.208485,-0.170659,-0.0634224,-0.144189
30.8617,0.211307,-0.0162613,-0.0656361,-0.144046
30.8844,0.214081,-0.106329,-0.0731505,-0.143871
30.907,0.216807,-0.0681635,-0.073195,-0.143676
30.9297,0.219484,-0.0466878,-0.0784541,-0.143449
30.9524,0.222113,-0.137347,-0.0753521,-0.143201
30.9751,0.224691,-0.0295885,-0.0758124,-0.142922
30.9977,0.22722,0.000457307,-0.0798826,-0.142622
31.0204,0.229699,-0.0583377,-0.080209,-0.142291
31.0431,0.232126,0.00389999,-0.0837029,-0.141939
31.0658,0.234503,-0.0412466,-0.0882343,-0.141556
31.0884,0.236828,-0.0490218,-0.0876709,-0.141153
31.1111,0.2391,-0.137563,-0.0895276,-0.140719
31.1338,0.241321,0.0958986,-0.0890782,-0.140264
31.1565,0.243488,-0.0872549,-0.0961611,-0.139779
31.1791,0.245602,0.0468581,-0.0950981,-0.139273
31.2018,0.247663,0.0032705,-0.0930956,-0.138737
31.2245,0.24967,0.0785009,-0.102224,-0.138181
31.2472,0.251622,0.0518095,-0.102876,-0.137594
31.2698,0.253521,0.0030347,-0.0971953,-0.136988
31.2925,0.255364,0.0589509,-0.104846,-0.136352
31.3152,0.257152,0.094653,-0.107713,-0.135696
31.3379,0.258885,0.066024,-0.107324,-0.13501
31.3605,0.260562,0.144452,-0.109515,-0.134305
31.3832,0.262184,0.0478454,-0.114112,-0.133569
31.4059,0.263749,-0.0448513,-0.11504,-0.132816
31.4286,0.265257,0.0701121,-0.115071,-0.132032
31.4512,0.26671,0.142509,-0.113979,-0.13123
31.4739,0.268105,0.061231,-0.122305,-0.130398
31.4966,0.269443,0.162617,-0.118023,-0.129549
31.5193,0.270724,0.150445,-0.119161,-0.12867
31.542,0.271948,0.184133,-0.115891,-0.127773
31.5646,0.273114,0.133194,-0.119714,-0.126847
31.5873,0.274223,0.105852,-0.124695,-0.125904
31.61,0.275273,0.103162,-0.125568,-0.124932
31.6327,0.276266,0.208058,-0.128015,-0.123944
31.6553,0.277201,0.0839033,-0.13255,-0.122926
31.678,0.278077,0.150973,-0.133663,-0.121893
31.7007,0.278896,0.214167,-0.131697,-0.120831
31.7234,0.279656,0.190371,-0.133387,-0.119753
31.746,0.280357,0.246857,-0.137241,-0.118647
31.7687,0.281001,0.287211,-0.133298,-0.117525
31.7914,0.281585,0.174733,-0.13768,-0.116377
31.8141,0.282112,0.203287,-0.137779,-0.115212
31.8367,0.28258,0.231981,-0.141574,-0.114021
31.8594,0.282989,0.205498,-0.139206,-0.112815
31.8821,0.28334,0.282127,-0.143672,-0.111583
31.9048,0.283632,0.231721,-0.142109,-0.110335
31.9274,0.283866,0.196338,-0.14489,-0.109062
31.9501,0.284041,0.226414,-0.148431,-0.107775
31.9728,0.284159,0.19372,-0.148851,-0.106462
31.9955,0.284218,0.319846,-0.146849,-0.105136
32.0181,0.284218,0.262848,-0.150356,-0.103784
32.0408,0.284161,0.302817,-0.152474,-0.10242
32.0635,0.284046,0.263962,-0.147963,-0.10103
32.0862,0.283872,0.344278,-0.152497,-0.0996285
32.1088,0.283642,0.250817,-0.155021,-0.0982024
32.1315,0.283353,0.258176,-0.152613,-0.0967641
32.1542,0.283007,0.380869,-0.156467,-0.0953023
32.1769,0.282604,0.354658,-0.152494,-0.0938287
32.1995,0.282144,0.365557,-0.154452,-0.0923322
32.2222,0.281626,0.354098,-0.157447,-0.0908244
32.2449,0.281053,0.254504,-0.153978,-0.0892942
32.2676,0.280422,0.314313,-0.1607,-0.0877533
32.2902,0.279735,0.349804,-0.159166,-0.0861905
32.3129,0.278993,0.363634,-0.159204,-0.0846175
32.3356,0.278194,0.323799,-0.157504,-0.0830233
32.3583,0.27734,0.409676,-0.161074,-0.0814194
32.381,0.276431,0.352863,-0.160572,-0.0797948
32.4036,0.275466,0.418589,-0.157244,-0.0781612
32.4263,0.274447,0.368667,-0.159627,-0.0765074
32.449,0.273374,0.385309,-0.159311,-0.0748452
32.4717,0.272246,0.398996,-0.165282,-0.0731633
32.4943,0.271064,0.31281,-0.164565,-0.0714737
32.517,0.26983,0.302579,-0.160965,-0.0697651
32.5397,0.268542,0.311499,-0.16481,-0.0680492
32.5624,0.267201,0.364751,-0.163667,-0.066315
32.585,0.265808,0.356317,-0.161542,-0.0645741
32.6077,0.264362,0.230998,-0.165391,-0.0628155
32.6304,0.262865,0.48009,-0.165881,-0.0610509
32.6531,0.261317,0.400226,-0.160233,-0.0592692
32.6757,0.259718,0.430882,-0.166872,-0.0574821
32.6984,0.258069,0.305799,-0.165049,-0.0556785
32.7211,0.256369,0.469336,-0.164525,-0.0538702
32.7438,0.25462,0.422126,-0.16494,-0.0520461
32.7664,0.252822,0.45212,-0.164367,-0.0502179
32.7891,0.250975,0.480238,-0.167765,-0.0483745
32.8118,0.24908,0.402501,-0.16082,-0.0465277
32.8345,0.247137,0.421595,-0.166527,-0.0446663
32.8571,0.245146,0.422926,-0.164498,-0.0428022
32.8798,0.243109,0.401784,-0.164118,-0.0409243
32.9025,0.241025,0.383225,-0.166522,-0.0390442
32.9252,0.238896,0.318768,-0.161394,-0.0371509
32.9478,0.236722,0.512729,-0.166212,-0.0352562
32.9705,0.234502,0.413403,-0.166445,-0.0333491
32.9932,0.232238,0.517272,-0.163485,-0.0314411
33.0159,0.229931,0.427172,-0.162993,-0.0295214
33.0385,0.22758,0.522909,-0.165635,-0.0276016
33.0612,0.225187,0.437519,-0.163126,-0.0256706
33.0839,0.222752,0.453231,-0.167217,-0.0237403
33.1066,0.220275,0.558808,-0.163777,-0.0217995
33.1293,0.217757,0.393691,-0.161647,-0.01986
33.1519,0.215199,0.397828,-0.158567,-0.0179108
33.1746,0.212601,0.454829,-0.160823,-0.0159636
33.1973,0.209964,0.589905,-0.160981,-0.0140074
33.22,0.207288,0.415251,-0.159209,-0.0120539
33.2426,0.204575,0.460115,-0.157744,-0.010092
33.2653,0.201824,0.472164,-0.157331,-0.00813352
33.288,0.199036,0.482164,-0.157454,-0.00616744
33.3107,0.196213,0.503147,-0.15989,-0.00420546
33.3333,0.193353,0.413872,-0.153083,-0.00223657
33.356,0.19046,0.379153,-0.154908,-0.000272479
33.3787,0.187531,0.451737,-0.154551,0.00169784
33.4014,0.18457,0.476547,-0.154014,0.00366263
33.424,0.181576,0.637673,-0.153058,0.00563294
33.4467,0.178549,0.406971,-0.147622,0.00759696
33.4694,0.175491,0.622487,-0.15029,0.0095658
33.4921,0.172402,0.589482,-0.148659,0.0115278
33.5147,0.169283,0.496258,-0.1496,0.0134937
33.5374,0.166135,0.50807,-0.14713,0.0154521
33.5601,0.162957,0.476399,-0.144731,0.0174139
33.5828,0.159752,0.387418,-0.147431,0.0193672
33.6054,0.15652,0.480097,-0.142565,0.0213233
33.6281,0.15326,0.522754,-0.146247,0.0232703
33.6508,0.149975,0.379586,-0.141725,0.0252192
33.6735,0.146665,0.652472,-0.140703,0.0271584
33.6961,0.14333,0.576443,-0.140071,0.0290989
33.7188,0.139971,0.41664,-0.140811,0.0310288
33.7415,0.136589,0.440993,-0.135635,0.0329594
33.7642,0.133185,0.507867,-0.136998,0.0348788
33.7868,0.129759,0.518427,-0.136097,0.036798
33.8095,0.126313,0.535792,-0.134302,0.0387053
33.8322,0.122846,0.400457,-0.134925,0.0406119
33.8549,0.11936,0.606205,-0.133957,0.0425058
33.8776,0.115855,0.597237,-0.132591,0.0443982
33.9002,0.112333,0.472493,-0.130914,0.0462774
33.9229,0.108793,0.508165,-0.128425,0.0481544
33.9456,0.105236,0.468916,-0.127174,0.0500174
33.9683,0.101665,0.426861,-0.124166,0.0518775
33.9909,0.0980778,0.460394,-0.126421,0.0537231
34.0136,0.0944769,0.432181,-0.11877,0.055565
34.0363,0.0908626,0.365586,-0.120525,0.0573916
34.059,0.0872356,0.398963,-0.117405,0.059214
34.0816,0.0835968,0.494387,-0.115417,0.0610205
34.1043,0.079947,0.46576,-0.122003,0.062822
34.127,0.0762867,0.506909,-0.115325,0.0646069
34.1497,0.0726169,0.562061,-0.110373,0.0663862
34.1723,0.0689382,0.470445,-0.109835,0.0681483
34.195,0.0652516,0.400901,-0.110309,0.0699041
34.2177,0.0615576,0.346747,-0.10474,0.071642
34.2404,0.0578571,0.414275,-0.103581,0.073373
34.263,0.0541508,0.461496,-0.101014,0.0750856
34.2857,0.0504395,0.365399,-0.0990805,0.0767905
34.3084,0.046724,0.507958,-0.104355,0.0784763
34.3311,0.0430051,0.405908,-0.0997465,0.0801539
34.3537,0.0392834,0.503137,-0.09664,0.0818118
34.3764,0.0355598,0.285598,-0.0950178,0.0834608
34.3991,0.031835,0.446642,-0.0935324,0.0850895
34.4218,0.0281097,0.321879,-0.0954992,0.0867087
34.4444,0.0243848,0.502427,-0.0899277,0.088307
34.4671,0.020661,0.423724,-0.0898562,0.0898952
34.4898,0.016939,0.506063,-0.0852168,0.0914619
34.5125,0.0132196,0.467117,-0.0863814,0.093018
34.5351,0.00950359,0.392437,-0.0793697,0.0945519
34.5578,0.00579164,0.425922,-0.0785558,0.0960746
34.5805,0.00208455,0.409791,-0.0804634,0.0975747
34.6032,-0.00161697,0.395678,-0.0789403,0.0990629
34.6259,-0.00531215,0.369912,-0.0767331,0.100528
34.6485,-0.00900026,0.382763,-0.069885,0.10198
34.6712,-0.0126806,0.520446,-0.070291,0.103409
34.6939,-0.0163523,0.378501,-0.0685887,0.104825
34.7166,-0.0200148,0.329783,-0.065339,0.106217
34.7392,-0.0236673,0.28548,-0.0653311,0.107595
34.7619,-0.0273091,0.200063,-0.0616225,0.108948
34.7846,-0.0309394,0.309567,-0.0587392,0.110288
34.8073,-0.0345576,0.322306,-0.0570032,0.111602
34.8299,-0.0381629,0.430315,-0.057678,0.112901
34.8526,-0.0417546,0.465247,-0.0547363,0.114175
34.8753,-0.045332,0.3484,-0.0503621,0.115434
34.898,-0.0488945,0.275365,-0.0537991,0.116666
34.9206,-0.0524412,0.329609,-0.0500646,0.117883
34.9433,-0.0559716,0.257775,-0.0467986,0.119073
34.966,-0.0594849,0.271705,-0.0408119,0.120247
34.9887,-0.0629805,0.323744,-0.0414353,0.121394
35.0113,-0.0664576,0.225485,-0.0406768,0.122525
35.034,-0.0699156,0.282817,-0.0398441,0.123628
35.0567,-0.0733539,0.367493,-0.034798,0.124714
35.0794,-0.0767717,0.220531,-0.0306116,0.125772
35.102,-0.0801685,0.334353,-0.0313877,0.126812
35.1247,-0.0835435,0.321598,-0.0290228,0.127825
35.1474,-0.0868961,0.304739,-0.0283946,0.128819
35.1701,-0.0902257,0.284669,-0.0234362,0.129785
35.1927,-0.0935317,0.187195,-0.0216659,0.130732
35.2154,-0.0968133,0.241111,-0.0219857,0.131651
35.2381,-0.10007,0.219157,-0.0190392,0.132551
35.2608,-0.103301,0.278388,-0.0177989,0.133421
35.2834,-0.106506,0.134125,-0.0100185,0.134272
35.3061,-0.109685,0.260164,-0.0133286,0.135094
35.3288,-0.112836,0.22372,-0.0113814,0.135896
35.3515,-0.115959,0.21708,-0.00476336,0.136668
35.3741,-0.119053,0.170006,-0.0050282,0.137421
35.3968,-0.122119,0.348251,-0.00418345,0.138143
35.4195,-0.125155,0.213051,-0.00094098,0.138845
35.4422,-0.12816,0.270147,0.00204115,0.139517
35.4649,-0.131135,0.114345,0.00163957,0.140168
35.4875,-0.134079,0.0572137,0.00212523,0.140788
35.5102,-0.13699,0.177862,0.00781994,0.141388
35.5329,-0.13987,0.193645,0.0106657,0.141956
35.5556,-0.142716,0.125262,0.0174483,0.142504
35.5782,-0.145529,0.14591,0.0132317,0.14302
35.6009,-0.148308,0.0388439,0.0181639,0.143516
35.6236,-0.151052,0.161353,0.0160626,0.143979
35.6463,-0.153762,0.0822877,0.0205407,0.144422
35.6689,-0.156436,0.0793437,0.0242878,0.144832
35.6916,-0.159074,0.0554213,0.0253418,0.145221
35.7143,-0.161676,0.145242,0.0261502,0.145578
35.737,-0.164241,0.107231,0.0245709,0.145914
35.7596,-0.166769,0.242013,0.0315578,0.146217
35.7823,-0.169259,0.00186442,0.037013,0.146498
35.805,-0.171711,0.0870952,0.0355669,0.146747
35.8277,-0.174124,0.0926291,0.0365272,0.146974
35.8503,-0.176498,0.100899,0.0395724,0.147169
35.873,-0.178833,0.0967114,0.0465795,0.147342
35.8957,-0.181128,0.0567296,0.0423735,0.147481
35.9184,-0.183383,-0.0154884,0.0474027,0.147599
35.941,-0.185597,0.126982,0.0467839,0.147685
35.9637,-0.18777,0.0531198,0.0507076,0.147748
35.9864,-0.189902,0.0349896,0.0550877,0.147778
36.0091,-0.191992,0.0268837,0.0561712,0.147786
36.0317,-0.19404,0.0763847,0.0517892,0.147761
36.0544,-0.196045,-0.0211654,0.0559093,0.147714
36.0771,-0.198008,-0.0442556,0.0613783,0.147634
36.0998,-0.199928,0.00546726,0.0610202,0.147532
36.1224,-0.201804,-0.025861,0.0650853,0.147397
36.1451,-0.203637,-0.0362871,0.0663199,0.147239
36.1678,-0.205426,0.0869289,0.0670723,0.147049
36.1905,-0.207171,-0.0676143,0.0745666,0.146837
36.2132,-0.208871,-0.0348801,0.0719308,0.146591
36.2358,-0.210526,0.0496591,0.0756564,0.146324
36.2585,-0.212137,-0.0303054,0.0706052,0.146023
36.2812,-0.213702,-0.0941208,0.0747673,0.145701
36.3039,-0.215221,-0.144539,0.0758926,0.145345
36.3265,-0.216695,0.0464091,0.080318,0.144968
36.3492,-0.218123,-0.0303942,0.0842826,0.144558
36.3719,-0.219505,-0.0275109,0.0845648,0.144127
36.3946,-0.220841,-0.082708,0.0877708,0.143662
36.4172,-0.22213,-0.0710751,0.091051,0.143176
36.4399,-0.223372,-0.175326,0.0894898,0.142657
36.4626,-0.224567,0.0466286,0.0923619,0.142117
36.4853,-0.225715,-0.0973035,0.0932201,0.141545
36.5079,-0.226817,-0.0624152,0.0977671,0.140951
36.5306,-0.227871,-0.143815,0.0956599,0.140325
36.5533,-0.228877,-0.0938705,0.102242,0.139678
36.576,-0.229836,-0.0434563,0.0976117,0.138998
36.5986,-0.230747,-0.161973,0.104914,0.138298
36.6213,-0.23161,-0.229511,0.101342,0.137566
36.644,-0.232426,-0.0833675,0.10639,0.136813
36.6667,-0.233194,-0.0677967,0.108926,0.136029
36.6893,-0.233913,-0.226973,0.109969,0.135224
36.712,-0.234585,-0.185168,0.116325,0.134388
36.7347,-0.235208,0.0549063,0.111568,0.133531
36.7574,-0.235784,-0.220266,0.112299,0.132644
36.78,-0.236311,-0.160418,0.112594,0.131736
36.8027,-0.23679,-0.149299,0.115001,0.130798
36.8254,-0.237221,-0.134211,0.117239,0.12984
36.8481,-0.237603,-0.225052,0.117571,0.128852
36.8707,-0.237938,-0.172154,0.120956,0.127844
36.8934,-0.238224,-0.163517,0.119334,0.126806
36.9161,-0.238462,-0.221041,0.126888,0.12575
36.9388,-0.238652,-0.1606,0.123846,0.124663
36.9615,-0.238794,-0.141553,0.128965,0.123558
36.9841,-0.238888,-0.258986,0.128708,0.122423
37.0068,-0.238934,-0.271376,0.127595,0.121271
37.0295,-0.238932,-0.238987,0.129961,0.120089
37.0522,-0.238883,-0.219763,0.131071,0.118889
37.0748,-0.238785,-0.296891,0.130488,0.117661
37.0975,-0.23864,-0.290413,0.132289,0.116415
37.1202,-0.238448,-0.299153,0.133014,0.115141
37.1429,-0.238209,-0.27863,0.13481,0.11385
37.1655,-0.237922,-0.31382,0.136321,0.112532
37.1882,-0.237588,-0.22987,0.13919,0.111197
37.2109,-0.237207,-0.326687,0.134908,0.109834
37.2336,-0.23678,-0.393025,0.140069,0.108456
37.2562,-0.236306,-0.197789,0.141561,0.10705
37.2789,-0.235785,-0.240751,0.142713,0.105629
37.3016,-0.235219,-0.271742,0.140708,0.104182
37.3243,-0.234606,-0.273625,0.142123,0.10272
37.3469,-0.233948,-0.255905,0.145651,0.101232
37.3696,-0.233244,-0.314973,0.141366,0.0997289
37.3923,-0.232494,-0.363526,0.148107,0.0982009
37.415,-0.2317,-0.270835,0.14615,0.0966589
37.4376,-0.23086,-0.281491,0.149065,0.0950922
37.4603,-0.229976,-0.257849,0.147009,0.0935119
37.483,-0.229048,-0.297041,0.149053,0.0919075
37.5057,-0.228076,-0.198243,0.153012,0.0902902
37.5283,-0.227059,-0.338279,0.14976,0.0886493
37.551,-0.225999,-0.360216,0.150892,0.086996
37.5737,-0.224896,-0.256378,0.149316,0.0853197
37.5964,-0.22375,-0.399421,0.155113,0.0836316
37.619,-0.222562,-0.291429,0.152857,0.0819212
37.6417,-0.221331,-0.317791,0.15132,0.0801996
37.6644,-0.220057,-0.400791,0.153512,0.0784563
37.6871,-0.218743,-0.354774,0.152702,0.0767024
37.7098,-0.217387,-0.289531,0.15785,0.0749274
37.7324,-0.215989,-0.392205,0.155199,0.0731425
37.7551,-0.214552,-0.453824,0.158254,0.0713371
37.7778,-0.213074,-0.39723,0.154141,0.0695224
37.8005,-0.211556,-0.405308,0.154463,0.067688
37.8231,-0.209998,-0.445719,0.155611,0.065845
37.8458,-0.208402,-0.313234,0.156341,0.0639828
37.8685,-0.206766,-0.337495,0.155942,0.0621126
37.8912,-0.205092,-0.364944,0.154697,0.0602241
37.9138,-0.203381,-0.461865,0.158127,0.0583282
37.9365,-0.201631,-0.465112,0.159084,0.0564146
37.9592,-0.199845,-0.455183,0.154057,0.0544945
37.9819,-0.198022,-0.385939,0.157221,0.0525573
38.0045,-0.196162,-0.446393,0.157887,0.0506143
38.0272,-0.194267,-0.426093,0.156586,0.0486549
38.0499,-0.192336,-0.412647,0.158244,0.0466904
38.0726,-0.190371,-0.326397,0.16,0.0447103
38.0952,-0.188371,-0.490938,0.154721,0.0427258
38.1179,-0.186337,-0.503469,0.156515,0.0407264
38.1406,-0.184269,-0.410264,0.155018,0.0387233
38.1633,-0.182168,-0.49989,0.153982,0.0367062
38.1859,-0.180035,-0.502967,0.157282,0.0346861
38.2086,-0.177869,-0.452604,0.156417,0.0326526
38.2313,-0.175672,-0.449924,0.156715,0.030617
38.254,-0.173444,-0.37986,0.15833,0.0285687
38.2766,-0.171185,-0.424555,0.154197,0.026519
38.2993,-0.168896,-0.458584,0.153985,0.0244575
38.322,-0.166577,-0.457249,0.154282,0.0223954
38.3447,-0.164229,-0.472174,0.156084,0.0203222
38.3673,-0.161853,-0.463842,0.151491,0.0182491
38.39,-0.159448,-0.506041,0.156541,0.0161657
38.4127,-0.157016,-0.501378,0.155412,0.0140833
38.4354,-0.154557,-0.498159,0.15188,0.0119913
38.458,-0.152072,-0.499749,0.152441,0.00990097
38.4807,-0.14956,-0.449283,0.149514,0.00780201
38.5034,-0.147023,-0.489275,0.151228,0.00570545
38.5261,-0.144462,-0.448547,0.151348,0.00360109
38.5488,-0.141876,-0.357322,0.152428,0.00149991
38.5714,-0.139267,-0.391022,0.149803,-0.000608314
38.5941,-0.136634,-0.384067,0.149466,-0.00271257
38.6168,-0.133979,-0.357381,0.148685,-0.00482301
38.6395,-0.131301,-0.425901,0.146556,-0.00692871
38.6621,-0.128603,-0.51609,0.146496,-0.00903983
38.6848,-0.125883,-0.44757,0.143337,-0.0111453
38.7075,-0.123143,-0.535042,0.143418,-0.0132555
38.7302,-0.120384,-0.507912,0.141387,-0.0153592
38.7528,-0.117605,-0.58782,0.143425,-0.0174667
38.7755,-0.114808,-0.361527,0.1409,-0.0195671
38.7982,-0.111993,-0.503951,0.138572,-0.0216705
38.8209,-0.10916,-0.444878,0.140829,-0.0237658
38.8435,-0.106311,-0.491762,0.135962,-0.0258633
38.8662,-0.103445,-0.42325,0.135696,-0.0279521
38.8889,-0.100564,-0.409098,0.139348,-0.0300422
38.9116,-0.0976685,-0.408548,0.136561,-0.0321227
38.9342,-0.0947582,-0.429899,0.135289,-0.0342038
38.9569,-0.0918341,-0.366345,0.130134,-0.0362745
38.9796,-0.0888969,-0.473145,0.133172,-0.0383449
39.0023,-0.0859471,-0.39917,0.133537,-0.0404042
39.0249,-0.0829854,-0.410498,0.127468,-0.0424624
39.0476,-0.0800124,-0.427121,0.128199,-0.0445086
39.0703,-0.0770286,-0.398487,0.128611,-0.046553
39.093,-0.0740348,-0.359241,0.123418,-0.0485845
39.1156,-0.0710314,-0.355542,0.12609,-0.0506134
39.1383,-0.0680192,-0.406821,0.125476,-0.0526288
39.161,-0.0649986,-0.4251,0.120278,-0.0546407
39.1837,-0.0619704,-0.324848,0.12119,-0.0566383
39.2063,-0.0589352,-0.38446,0.118235,-0.0586316
39.229,-0.0558935,-0.434074,0.117932,-0.0606098
39.2517,-0.052846,-0.445403,0.120699,-0.0625829
39.2744,-0.0497933,-0.407777,0.110721,-0.0645402
39.2971,-0.046736,-0.310886,0.113945,-0.0664917
39.3197,-0.0436748,-0.365675,0.113898,-0.0684265
39.3424,-0.0406101,-0.38464,0.113391,-0.0703547
39.3651,-0.0375427,-0.332957,0.109789,-0.0722655
39.3878,-0.0344731,-0.352325,0.105923,-0.074169
39.4104,-0.031402,-0.43084,0.106186,-0.0760542
39.4331,-0.02833,-0.301583,0.104371,-0.0779315
39.4558,-0.0252577,-0.384335,0.102009,-0.0797897
39.4785,-0.0221856,-0.274801,0.0970653,-0.0816392
39.5011,-0.0191144,-0.340171,0.101724,-0.083469
39.5238,-0.0160448,-0.3288,0.0968571,-0.0852892
39.5465,-0.0129772,-0.344394,0.0952171,-0.087089
39.5692,-0.00991236,-0.432754,0.0938095,-0.0888785
39.5918,-0.00685079,-0.299173,0.0899567,-0.090647
39.6145,-0.00379314,-0.270597,0.0918606,-0.0924044
39.6372,-0.000739969,-0.333118,0.0885561,-0.09414
39.6599,0.00230811,-0.264803,0.0898209,-0.0958639
39.6825,0.00535051,-0.305403,0.0846067,-0.0975653
39.7052,0.00838664,-0.368461,0.0831404,-0.0992543
39.7279,0.0114159,-0.243829,0.0824882,-0.10092
39.7506,0.0144377,-0.420598,0.0811377,-0.102573
39.7732,0.0174516,-0.232019,0.0778783,-0.104202
39.7959,0.0204568,-0.327734,0.073377,-0.105817
39.8186,0.0234528,-0.314826,0.0739719,-0.107407
39.8413,0.0264391,-0.188339,0.0706876,-0.108983
39.8639,0.0294151,-0.2578,0.0730177,-0.110534
39.8866,0.0323802,-0.336469,0.0661888,-0.11207
39.9093,0.0353338,-0.177764,0.0664391,-0.11358
39.932,0.0382755,-0.272857,0.0655282,-0.115075
39.9546,0.0412046,-0.329621,0.0624741,-0.116543
39.9773,0.0441205,-0.297142,0.0621622,-0.117995
40,0.0470228,-0.322339,0.0561938,-0.119419
40.0227,0.0499109,-0.264614,0.0564437,-0.120827
40.0454,0.0527842,-0.254518,0.0557403,-0.122208
40.068,0.0556423,-0.214308,0.0525615,-0.12357
40.0907,0.0584845,-0.248814,0.0509758,-0.124905
40.1134,0.0613104,-0.313151,0.0483893,-0.126221
40.1361,0.0641194,-0.225983,0.0484293,-0.127509
40.1587,0.066911,-0.232164,0.048038,-0.128779
40.1814,0.0696847,-0.20816,0.0428599,-0.130019
40.2041,0.07244,-0.144245,0.0396667,-0.131239
40.2268,0.0751764,-0.213578,0.0376934,-0.13243
40.2494,0.0778933,-0.134951,0.0369073,-0.133602
40.2721,0.0805903,-0.117928,0.0336885,-0.134743
40.2948,0.0832669,-0.252097,0.0304573,-0.135864
40.3175,0.0859226,-0.184559,0.0288355,-0.136955
40.3401,0.0885569,-0.223843,0.0262264,-0.138024
40.3628,0.0911693,-0.261115,0.0258448,-0.139063
40.3855,0.0937594,-0.130636,0.0259161,-0.14008
40.4082,0.0963267,-0.138669,0.0200669,-0.141066
40.4308,0.0988708,-0.292949,0.0185052,-0.14203
40.4535,0.101391,-0.210729,0.0202208,-0.142962
40.4762,0.103887,-0.193387,0.0133069,-0.143872
40.4989,0.106359,-0.0505198,0.0115874,-0.14475
40.5215,0.108805,-0.173309,0.0120154,-0.145606
40.5442,0.111226,-0.151991,0.0074009,-0.146428
40.5669,0.113622,-0.107428,0.00856998,-0.147228
40.5896,0.11599,-0.0570909,0.00248256,-0.147995
40.6122,0.118332,-0.143837,0.00138921,-0.148738
40.6349,0.120647,-0.223593,-0.000841263,-0.149448
40.6576,0.122935,-0.198137,-0.000181841,-0.150135
40.6803,0.125194,-0.125298,-0.00849438,-0.150787
40.7029,0.127425,-0.0751403,-0.00436722,-0.151416
40.7256,0.129628,-0.103262,-0.00630039,-0.152011
40.7483,0.131801,-0.0886242,-0.0100965,-0.152582
40.771,0.133945,-0.0775117,-0.0110522,-0.153118
40.7937,0.136059,-0.0123886,-0.0154608,-0.15363
40.8163,0.138143,0.00185035,-0.0181055,-0.154107
40.839,0.140196,-0.179444,-0.0204004,-0.15456
40.8617,0.142218,-0.101022,-0.0194446,-0.154977
40.8844,0.144209,-0.0542283,-0.0194813,-0.15537
40.907,0.146169,-0.1427,-0.0256405,-0.155728
40.9297,0.148097,-0.00827018,-0.0284417,-0.156061
40.9524,0.149993,-0.0170126,-0.0274662,-0.156359
40.9751,0.151856,-0.0937214,-0.0287601,-0.156631
40.9977,0.153686,0.0260448,-0.0338983,-0.156868
41.0204,0.155483,0.0238423,-0.0375748,-0.157079
41.0431,0.157247,-0.0134116,-0.0401641,-0.157255
41.0658,0.158977,0.0112299,-0.0385572,-0.157405
41.0884,0.160673,-0.0691807,-0.0429333,-0.15752
41.1111,0.162335,0.0404539,-0.0446043,-0.157609
41.1338,0.163963,0.0401798,-0.0476577,-0.157662
41.1565,0.165556,-0.0637147,-0.0456753,-0.15769
41.1791,0.167114,0.0585021,-0.0500484,-0.157682
41.2018,0.168636,0.0207701,-0.052695,-0.157647
41.2245,0.170124,0.0712811,-0.0536349,-0.157577
41.2472,0.171575,-0.0493464,-0.0565684,-0.157482
41.2698,0.172991,0.0901142,-0.0602213,-0.15735
41.2925,0.174371,0.174902,-0.0582162,-0.157192
41.3152,0.175714,0.0650718,-0.061519,-0.156999
41.3379,0.177021,-0.00389059,-0.0660862,-0.156779
41.3605,0.178292,0.126748,-0.0652744,-0.156524
41.3832,0.179525,0.0417469,-0.0692355,-0.156243
41.4059,0.180721,0.0431149,-0.0688448,-0.155926
41.4286,0.181881,0.133852,-0.0723213,-0.155584
41.4512,0.183003,0.109429,-0.0753723,-0.155205
41.4739,0.184087,0.138136,-0.0741971,-0.154801
41.4966,0.185134,0.0941491,-0.0781238,-0.154361
41.5193,0.186143,0.0869457,-0.0783049,-0.153896
41.542,0.187115,0.157783,-0.0810346,-0.153395
41.5646,0.188048,0.134377,-0.0820742,-0.152869
41.5873,0.188943,0.110462,-0.0837634,-0.152307
41.61,0.1898,0.097691,-0.0858583,-0.151721
41.6327,0.190619,0.162596,-0.0900463,-0.151098
41.6553,0.191399,0.109799,-0.087573,-0.150451
41.678,0.192141,0.142898,-0.0939011,-0.149769
41.7007,0.192845,0.27364,-0.092175,-0.149062
41.7234,0.193509,0.173188,-0.0938209,-0.14832
41.746,0.194135,0.167891,-0.0968251,-0.147553
41.7687,0.194723,0.146029,-0.0971637,-0.146752
41.7914,0.195272,0.182442,-0.0997615,-0.145927
41.8141,0.195781,0.31161,-0.101071,-0.145067
41.8367,0.196253,0.172756,-0.101373,-0.144183
41.8594,0.196685,0.137173,-0.105145,-0.143265
41.8821,0.197078,0.241711,-0.102247,-0.142323
41.9048,0.197433,0.208267,-0.108606,-0.141347
41.9274,0.197749,0.196429,-0.111195,-0.140348
41.9501,0.198026,0.169346,-0.110227,-0.139316
41.9728,0.198264,0.204176,-0.113142,-0.13826
41.9955,0.198463,0.207989,-0.114013,-0.137172
42.0181,0.198624,0.147057,-0.113735,-0.13606
42.0408,0.198746,0.224141,-0.118383,-0.134916
42.0635,0.19883,0.270462,-0.117505,-0.13375
42.0862,0.198874,0.266846,-0.117751,-0.132551
42.1088,0.198881,0.217272,-0.119933,-0.13133
42.1315,0.198848,0.257518,-0.120842,-0.130078
42.1542,0.198778,0.225597,-0.123219,-0.128804
42.1769,0.198669,0.240822,-0.126483,-0.127498
42.1995,0.198522,0.300003,-0.125128,-0.126172
42.2222,0.198337,0.227679,-0.126549,-0.124815
42.2449,0.198114,0.277669,-0.128882,-0.123437
42.2676,0.197853,0.20981,-0.130399,-0.122028
42.2902,0.197554,0.275278,-0.132082,-0.1206
42.3129,0.197217,0.340183,-0.132107,-0.119141
42.3356,0.196843,0.229908,-0.133698,-0.117663
42.3583,0.196432,0.28325,-0.134554,-0.116156
42.381,0.195984,0.340533,-0.133304,-0.11463
42.4036,0.195498,0.346406,-0.137128,-0.113075
42.4263,0.194976,0.315542,-0.138428,-0.111501
42.449,0.194417,0.316291,-0.13694,-0.109899
42.4717,0.193821,0.287919,-0.140505,-0.108279
42.4943,0.193189,0.309272,-0.142118,-0.106632
42.517,0.192521,0.30522,-0.139167,-0.104967
42.5397,0.191817,0.395772,-0.141167,-0.103276
42.5624,0.191077,0.352865,-0.140957,-0.101567
42.585,0.190302,0.361161,-0.14332,-0.0998322
42.6077,0.189491,0.29462,-0.144785,-0.0980813
42.6304,0.188645,0.338638,-0.14346,-0.0963048
42.6531,0.187764,0.326311,-0.145405,-0.0945127
42.6757,0.186849,0.317752,-0.147542,-0.0926957
42.6984,0.185899,0.221449,-0.143793,-0.0908638
42.7211,0.184915,0.384048,-0.144049,-0.0890078
42.7438,0.183897,0.353652,-0.149573,-0.0871375
42.7664,0.182846,0.398943,-0.14798,-0.0852437
42.7891,0.181761,0.297705,-0.1475,-0.0833363
42.8118,0.180643,0.299974,-0.148272,-0.0814063
42.8345,0.179492,0.299068,-0.150552,-0.0794634
42.8571,0.178308,0.296108,-0.149334,-0.0774985
42.8798,0.177093,0.35198,-0.148082,-0.0755215
42.9025,0.175845,0.400246,-0.151164,-0.0735232
42.9252,0.174566,0.378689,-0.152239,-0.0715136
42.9478,0.173255,0.349413,-0.154076,-0.0694836
42.9705,0.171913,0.312401,-0.152913,-0.0674429
42.9932,0.17054,0.391584,-0.153228,-0.0653826
43.0159,0.169137,0.404188,-0.154301,-0.0633124
43.0385,0.167704,0.26502,-0.152916,-0.0612234
43.0612,0.166241,0.306709,-0.153189,-0.0591253
43.0839,0.164749,0.36017,-0.15382,-0.0570092
43.1066,0.163228,0.242942,-0.151056,-0.0548848
43.1293,0.161677,0.370903,-0.15359,-0.0527431
43.1519,0.160099,0.363351,-0.15478,-0.0505941
43.1746,0.158492,0.476671,-0.154973,-0.0484286
43.1973,0.156858,0.353489,-0.155532,-0.0462566
43.22,0.155196,0.317048,-0.152008,-0.0440689
43.2426,0.153507,0.281776,-0.154681,-0.0418756
43.2653,0.151792,0.297158,-0.155497,-0.0396675
43.288,0.150051,0.387944,-0.152493,-0.0374545
43.3107,0.148283,0.382268,-0.156354,-0.0352276
43.3333,0.146491,0.359258,-0.152291,-0.0329968
43.356,0.144673,0.349639,-0.150006,-0.0307529
43.3787,0.142831,0.356359,-0.153077,-0.0285058
43.4014,0.140964,0.376985,-0.154222,-0.0262467
43.424,0.139073,0.4242,-0.14947,-0.0239853
43.4467,0.137159,0.347037,-0.151431,-0.0217127
43.4694,0.135222,0.395914,-0.152639,-0.0194386
43.4921,0.133263,0.41346,-0.15187,-0.0171543
43.5147,0.131281,0.369512,-0.148755,-0.0148694
43.5374,0.129277,0.352357,-0.150932,-0.0125752
43.5601,0.127252,0.416681,-0.150721,-0.0102813
43.5828,0.125206,0.305531,-0.150812,-0.00797891
43.6054,0.123139,0.361891,-0.150614,-0.00567784
43.6281,0.121052,0.340557,-0.14704,-0.00336921
43.6508,0.118946,0.423866,-0.14885,-0.00106271
43.6735,0.116821,0.370408,-0.147507,0.00125042
43.6961,0.114676,0.357684,-0.145118,0.00356044
43.7188,0.112514,0.390109,-0.148752,0.00587623
43.7415,0.110333,0.341336,-0.147104,0.00818799
43.7642,0.108135,0.378863,-0.141895,0.0105045
43.7868,0.10592,0.312632,-0.142726,0.0128161
43.8095,0.103688,0.336397,-0.142683,0.0151316
43.8322,0.101441,0.3287,-0.142242,0.0174413
43.8549,0.0991774,0.339346,-0.141629,0.0197539
43.8776,0.0968989,0.373946,-0.140894,0.0220597
43.9002,0.0946057,0.345049,-0.139415,0.0243676
43.9229,0.0922982,0.352768,-0.138114,0.0266678
43.9456,0.089977,0.268367,-0.136405,0.028969
43.9683,0.0876424,0.269618,-0.13828,0.0312617
43.9909,0.085295,0.350939,-0.137633,0.0335545
44.0136,0.0829352,0.335567,-0.134687,0.0358378
44.0363,0.0805635,0.337288,-0.136666,0.0381203
44.059,0.0781803,0.324091,-0.135973,0.0403923
44.0816,0.0757862,0.294792,-0.128648,0.0426627
44.1043,0.0733815,0.330886,-0.128286,0.0449217
44.127,0.0709669,0.285172,-0.129367,0.047178
44.1497,0.0685427,0.31766,-0.12675,0.0494222
44.1723,0.0661094,0.315538,-0.127112,0.0516627
44.195,0.0636675,0.339952,-0.126729,0.0538902
44.2177,0.0612175,0.346111,-0.12389,0.0561131
44.2404,0.0587599,0.27755,-0.124074,0.058322
44.263,0.0562951,0.375524,-0.1229,0.0605255
44.2857,0.0538236,0.32189,-0.121042,0.062714
44.3084,0.0513459,0.267308,-0.122184,0.0648963
44.3311,0.0488625,0.309519,-0.11844,0.0670627
44.3537,0.0463739,0.310884,-0.115952,0.0692219
44.3764,0.0438805,0.276889,-0.114886,0.0713644
44.3991,0.0413828,0.281403,-0.116463,0.0734988
44.4218,0.0388813,0.246613,-0.107969,0.0756156
44.4444,0.0363765,0.313815,-0.112825,0.0777235
44.4671,0.0338688,0.26931,-0.111443,0.0798129
44.4898,0.0313588,0.321579,-0.107284,0.0818924
44.5125,0.0288469,0.313991,-0.108529,0.0839527
44.5351,0.0263336,0.190888,-0.105078,0.0860022
44.5578,0.0238193,0.247258,-0.105909,0.0880316
44.5805,0.0213046,0.325944,-0.103775,0.0900494
44.6032,0.0187899,0.235744,-0.0997037,0.0920462
44.6259,0.0162757,0.235878,-0.0995845,0.0940306
44.6485,0.0137625,0.221386,-0.0990796,0.0959932
44.6712,0.0112507,0.302963,-0.0922404,0.0979426
44.6939,0.00874082,0.198887,-0.0935254,0.0998693
44.7166,0.0062333,0.276788,-0.092964,0.101782
44.7392,0.00372863,0.227955,-0.0914932,0.103671
44.7619,0.00122727,0.268435,-0.0882391,0.105546
44.7846,-0.00127032,0.234671,-0.0866854,0.107396
44.8073,-0.00376367,0.288551,-0.0863823,0.10923
44.8299,-0.00625232,0.21981,-0.0835264,0.11104
44.8526,-0.00873581,0.189905,-0.0836954,0.112833
44.8753,-0.0112137,0.167621,-0.0799594,0.1146
44.898,-0.0136855,0.169314,-0.0762382,0.11635
44.9206,-0.0161508,0.219903,-0.0762823,0.118074
44.9433,-0.0186091,0.177602,-0.0750816,0.11978
44.966,-0.0210599,0.159276,-0.072045,0.121458
44.9887,-0.023503,0.186852,-0.0709331,0.123118
45.0113,-0.0259376,0.183597,-0.0681346,0.12475
45.034,-0.0283636,0.155104,-0.0659907,0.126363
45.0567,-0.0307803,0.23294,-0.0653747,0.127947
45.0794,-0.0331874,0.167075,-0.0623344,0.129511
45.102,-0.0355844,0.162185,-0.0585064,0.131045
45.1247,-0.0379709,0.129381,-0.0581067,0.132559
45.1474,-0.0403465,0.194017,-0.0571405,0.134043
45.1701,-0.0427107,0.181564,-0.054145,0.135505
45.1927,-0.0450632,0.202544,-0.0545904,0.136937
45.2154,-0.0474034,0.138892,-0.0517931,0.138347
45.2381,-0.049731,0.116153,-0.047866,0.139726
45.2608,-0.0520456,0.202609,-0.0476853,0.141082
45.2834,-0.0543468,0.114646,-0.0459065,0.142406
45.3061,-0.0566341,0.139717,-0.0419533,0.143707
45.3288,-0.0589072,0.18741,-0.0416082,0.144976
45.3515,-0.0611656,0.187686,-0.038949,0.14622
45.3741,-0.0634089,0.093765,-0.0392249,0.147432
45.3968,-0.0656369,0.0813832,-0.0363419,0.14862
45.4195,-0.067849,0.0636493,-0.0358288,0.149774
45.4422,-0.0700448,0.0593545,-0.0312034,0.150903
45.4649,-0.0722241,0.0822105,-0.0300537,0.151998
45.4875,-0.0743864,-0.00922713,-0.0248689,0.153067
45.5102,-0.0765314,0.120251,-0.0227737,0.154103
45.5329,-0.0786586,0.0579065,-0.0217633,0.155112
45.5556,-0.0807678,0.127073,-0.0213708,0.156086
45.5782,-0.0828585,0.0257537,-0.018127,0.157034
45.6009,-0.0849304,0.127382,-0.0169399,0.157947
45.6236,-0.0869831,0.0453537,-0.0132827,0.158833
45.6463,-0.0890164,0.0361359,-0.0133581,0.159683
45.6689,-0.0910298,0.0749551,-0.0109965,0.160506
45.6916,-0.093023,0.0054921,-0.00738064,0.161292
45.7143,-0.0949956,0.0498961,-0.00721521,0.162051
45.737,-0.0969474,0.0974783,-0.00484978,0.162774
45.7596,-0.0988781,-0.0259478,0.000199342,0.163468
45.7823,-0.100787,0.0294618,-0.000278044,0.164126
45.805,-0.102674,-0.00634188,0.00381758,0.164755
45.8277,-0.10454,0.042379,0.00571618,0.165347
45.8503,-0.106382,-0.00878814,0.00519034,0.165911
45.873,-0.108202,0.0278981,0.0078331,0.166437
45.8957,-0.109999,-0.00765615,0.0106873,0.166934
45.9184,-0.111773,-0.0137398,0.013117,0.167393
45.941,-0.113522,-0.0346865,0.0149349,0.167823
45.9637,-0.115248,-0.0240607,0.0161231,0.168216
45.9864,-0.11695,0.0236654,0.0220961,0.168578
46.0091,-0.118628,-0.060838,0.021908,0.168903
46.0317,-0.12028,-0.0924914,0.0245625,0.169198
46.0544,-0.121908,-0.0173662,0.0259787,0.169454
46.0771,-0.12351,-0.0284621,0.0278105,0.169681
46.0998,-0.125087,-0.0385525,0.0308751,0.169869
46.1224,-0.126638,-0.071138,0.0320617,0.170028
46.1451,-0.128163,-0.116606,0.0332931,0.170147
46.1678,-0.129661,-0.0607269,0.0362888,0.170237
46.1905,-0.131133,-0.0945721,0.0379062,0.170288
46.2132,-0.132579,-0.170622,0.0398781,0.170308
46.2358,-0.133997,-0.101728,0.0410192,0.17029
46.2585,-0.135389,-0.0865956,0.0437538,0.170241
46.2812,-0.136753,-0.129134,0.0445523,0.170154
46.3039,-0.138089,-0.0915976,0.0488951,0.170036
46.3265,-0.139398,-0.112361,0.0513499,0.16988
46.3492,-0.140679,-0.137611,0.0522589,0.169693
46.3719,-0.141931,-0.0771899,0.0514774,0.169467
46.3946,-0.143156,-0.115935,0.0570502,0.169211
46.4172,-0.144351,-0.161884,0.0576482,0.168917
46.4399,-0.145518,-0.133752,0.0584117,0.168592
46.4626,-0.146656,-0.0513432,0.058882,0.168228
46.4853,-0.147766,-0.142243,0.0633149,0.167834
46.5079,-0.148845,-0.0641162,0.0636752,0.167401
46.5306,-0.149896,-0.20233,0.0681373,0.166938
46.5533,-0.150917,-0.132343,0.0690426,0.166437
46.576,-0.151909,-0.123042,0.0681396,0.165906
46.5986,-0.152871,-0.15007,0.0732353,0.165336
46.6213,-0.153802,-0.140786,0.0759455,0.164737
46.644,-0.154704,-0.146548,0.0755011,0.164099
46.6667,-0.155576,-0.190061,0.0768549,0.163432
46.6893,-0.156418,-0.153848,0.0781633,0.162727
46.712,-0.157229,-0.122858,0.0813899,0.161992
46.7347,-0.15801,-0.163329,0.0850804,0.16122
46.7574,-0.15876,-0.241628,0.0845971,0.160419
46.78,-0.15948,-0.173315,0.0853167,0.15958
46.8027,-0.160169,-0.139563,0.0888204,0.158712
46.8254,-0.160827,-0.117783,0.0899976,0.157807
46.8481,-0.161454,-0.188274,0.0927015,0.156873
46.8707,-0.162051,-0.241129,0.0928434,0.155903
46.8934,-0.162616,-0.120803,0.0974303,0.154904
46.9161,-0.163151,-0.226238,0.0953114,0.153869
46.9388,-0.163654,-0.212702,0.0981339,0.152805
46.9615,-0.164127,-0.254385,0.0991912,0.151706
46.9841,-0.164568,-0.227168,0.0997687,0.150579
47.0068,-0.164978,-0.160287,0.101395,0.149417
47.0295,-0.165357,-0.171778,0.104604,0.148227
47.0522,-0.165704,-0.237712,0.107798,0.147002
47.0748,-0.166021,-0.223154,0.10847,0.14575
47.0975,-0.166306,-0.18722,0.107969,0.144464
47.1202,-0.16656,-0.253404,0.111148,0.143151
47.1429,-0.166782,-0.267823,0.112035,0.141804
47.1655,-0.166974,-0.211695,0.111947,0.140431
47.1882,-0.167134,-0.219943,0.113776,0.139024
47.2109,-0.167263,-0.253173,0.115128,0.137592
47.2336,-0.167361,-0.217186,0.114526,0.136127
47.2562,-0.167428,-0.216255,0.115884,0.134637
47.2789,-0.167463,-0.274693,0.116897,0.133114
47.3016,-0.167468,-0.316447,0.120644,0.131567
47.3243,-0.167442,-0.231488,0.122408,0.129988
47.3469,-0.167384,-0.271266,0.123912,0.128385
47.3696,-0.167296,-0.23311,0.122069,0.126751
47.3923,-0.167177,-0.287223,0.122714,0.125094
47.415,-0.167027,-0.310645,0.12652,0.123406
47.4376,-0.166847,-0.278176,0.128695,0.121695
47.4603,-0.166636,-0.263131,0.128405,0.119954
47.483,-0.166394,-0.335234,0.131921,0.118192
47.5057,-0.166122,-0.241858,0.129084,0.1164
47.5283,-0.16582,-0.26718,0.131829,0.114587
47.551,-0.165488,-0.233197,0.131964,0.112745
47.5737,-0.165125,-0.24153,0.131753,0.110883
47.5964,-0.164733,-0.295513,0.134003,0.108993
47.619,-0.16431,-0.268952,0.134947,0.107083
47.6417,-0.163858,-0.340416,0.136815,0.105145
47.6644,-0.163376,-0.319895,0.136517,0.103189
47.6871,-0.162865,-0.284453,0.137659,0.101206
47.7098,-0.162324,-0.309828,0.137186,0.0992051
47.7324,-0.161754,-0.288144,0.138817,0.0971784
47.7551,-0.161155,-0.316625,0.139005,0.0951342
47.7778,-0.160528,-0.332222,0.139808,0.0930651
47.8005,-0.159871,-0.294682,0.1415,0.0909794
47.8231,-0.159186,-0.298908,0.141164,0.0888696
47.8458,-0.158473,-0.264521,0.141964,0.0867439
47.8685,-0.157731,-0.308488,0.14194,0.0845951
47.8912,-0.156961,-0.33199,0.142903,0.0824312
47.9138,-0.156163,-0.270251,0.143816,0.0802449
47.9365,-0.155338,-0.306062,0.145087,0.0780445
47.9592,-0.154485,-0.306807,0.143526,0.0758226
47.9819,-0.153605,-0.349982,0.143452,0.0735875
48.0045,-0.152698,-0.317368,0.146002,0.0713317
48.0272,-0.151764,-0.333897,0.146313,0.0690635
48.0499,-0.150803,-0.270548,0.146535,0.0667757
48.0726,-0.149816,-0.3278,0.147036,0.0644763
48.0952,-0.148802,-0.387719,0.146445,0.0621583
48.1179,-0.147763,-0.301423,0.14538,0.0598296
48.1406,-0.146697,-0.347084,0.147948,0.0574831
48.1633,-0.145607,-0.324976,0.148504,0.055127
48.1859,-0.14449,-0.344483,0.1459,0.052754
48.2086,-0.143349,-0.358744,0.149416,0.0503723
48.2313,-0.142183,-0.381462,0.149772,0.0479748
48.254,-0.140992,-0.292741,0.149428,0.0455694
48.2766,-0.139777,-0.28523,0.148006,0.0431492
48.2993,-0.138538,-0.308915,0.146211,0.0407221
48.322,-0.137275,-0.337874,0.149602,0.0382812
48.3447,-0.135989,-0.333124,0.14961,0.0358344
48.3673,-0.134679,-0.318341,0.147485,0.0333747
48.39,-0.133346,-0.33096,0.146429,0.0309102
48.4127,-0.131991,-0.316346,0.147876,0.0284337
48.4354,-0.130613,-0.314183,0.148051,0.0259535
48.458,-0.129213,-0.312111,0.149166,0.0234623
48.4807,-0.127791,-0.273762,0.148516,0.0209684
48.5034,-0.126347,-0.296364,0.146817,0.0184645
48.5261,-0.124882,-0.2628,0.146795,0.0159589
48.5488,-0.123396,-0.306282,0.145264,0.0134444
48.5714,-0.121889,-0.351572,0.148001,0.0109291
48.5941,-0.120362,-0.34498,0.146145,0.008406
48.6168,-0.118815,-0.259197,0.144173,0.00588315
48.6395,-0.117248,-0.270334,0.145133,0.00335355
48.6621,-0.115661,-0.355679,0.143995,0.000825171
48.6848,-0.114056,-0.342233,0.145655,-0.00170885
48.7075,-0.112431,-0.33244,0.144845,-0.0042406
48.7302,-0.110788,-0.276108,0.143529,-0.00677701
48.7528,-0.109127,-0.28127,0.143029,-0.00931009
48.7755,-0.107447,-0.304272,0.141851,-0.0118467
48.7982,-0.105751,-0.36038,0.141166,-0.014379
48.8209,-0.104037,-0.339825,0.140275,-0.0169139
48.8435,-0.102306,-0.273562,0.139527,-0.0194433
48.8662,-0.100558,-0.310424,0.139142,-0.0219742
48.8889,-0.0987945,-0.293157,0.139186,-0.0244986
48.9116,-0.0970149,-0.287894,0.136255,-0.0270235
48.9342,-0.0952198,-0.315679,0.139046,-0.0295409
48.9569,-0.0934094,-0.259461,0.136159,-0.0320576
48.9796,-0.0915843,-0.344548,0.134888,-0.0345658
49.0023,-0.0897446,-0.374053,0.13632,-0.0370723
49.0249,-0.0878908,-0.310173,0.133702,-0.0395693
49.0476,-0.0860231,-0.312256,0.134637,-0.0420635
49.0703,-0.0841421,-0.283705,0.133086,-0.0445471
49.093,-0.0822479,-0.298679,0.130849,-0.0470269
49.1156,-0.0803411,-0.334282,0.129022,-0.049495
49.1383,-0.0784218,-0.273165,0.130179,-0.0519583
49.161,-0.0764906,-0.277155,0.128317,-0.054409
49.1837,-0.0745477,-0.281402,0.126695,-0.0568537
49.2063,-0.0725935,-0.280577,0.128767,-0.0592848
49.229,-0.0706284,-0.27358,0.123935,-0.061709
49.2517,-0.0686528,-0.24225,0.12446,-0.0641184
49.2744,-0.0666671,-0.269225,0.125725,-0.0665199
49.2971,-0.0646714,-0.277692,0.122888,-0.0689057
49.3197,-0.0626664,-0.223484,0.122233,-0.0712825
49.3424,-0.0606523,-0.319762,0.120381,-0.0736427
49.3651,-0.0586296,-0.213916,0.120099,-0.0759928
49.3878,-0.0565985,-0.250698,0.116704,-0.0783253
49.4104,-0.0545595,-0.296043,0.115684,-0.0806467
49.4331,-0.0525129,-0.22782,0.115042,-0.0829495
49.4558,-0.0504591,-0.209412,0.114249,-0.0852403
49.4785,-0.0483986,-0.244369,0.112577,-0.0875115
49.5011,-0.0463316,-0.220825,0.111445,-0.0897697
49.5238,-0.0442585,-0.177325,0.110403,-0.0920073
49.5465,-0.0421798,-0.223724,0.108686,-0.094231
49.5692,-0.0400958,-0.217951,0.107,-0.0964331
49.5918,-0.0380069,-0.213939,0.105792,-0.0986204
49.6145,-0.0359134,-0.254012,0.103765,-0.100785
49.6372,-0.0338158,-0.213121,0.101652,-0.102934
49.6599,-0.0317144,-0.198289,0.0996476,-0.10506
49.6825,-0.0296097,-0.193572,0.0989872,-0.107168
49.7052,-0.0275019,-0.180645,0.0961717,-0.109253
49.7279,-0.0253915,-0.191798,0.0956532,-0.11132
49.7506,-0.0232789,-0.245954,0.0943372,-0.113361
49.7732,-0.0211643,-0.192828,0.0933236,-0.115384
49.7959,-0.0190483,-0.199016,0.0931384,-0.117381
49.8186,-0.0169312,-0.231182,0.0897677,-0.119359
49.8413,-0.0148134,-0.165673,0.0900158,-0.12131
49.8639,-0.0126952,-0.200851,0.0868211,-0.12324
49.8866,-0.0105771,-0.195608,0.0849588,-0.125143
49.9093,-0.00845933,-0.161994,0.0827057,-0.127024
49.932,-0.00634238,-0.183185,0.0804149,-0.128877
49.9546,-0.00422659,-0.206099,0.0797826,-0.130708
49.9773,-0.00211234,-0.148417,0.0785402,-0.132509
50,-3.1339e-16,-0.130788,0.0775246,-0.134288
50.0227,0.00211005,-0.133592,0.0737565,-0.136037
50.0454,0.00421743,-0.128978,0.0720887,-0.137762
50.068,0.00632178,-0.129942,0.0722892,-0.139456
50.0907,0.00842272,-0.144613,0.0704982,-0.141126
50.1134,0.0105199,-0.146621,0.0687425,-0.142764
50.1361,0.0126129,-0.133857,0.066075,-0.144377
50.1587,0.0147014,-0.141715,0.0652998,-0.145958
50.1814,0.016785,-0.127576,0.062051,-0.147513
50.2041,0.0188634,-0.143906,0.0602817,-0.149035
50.2268,0.0209362,-0.139469,0.0578622,-0.15053
50.2494,0.023003,-0.126496,0.0567091,-0.151992
50.2721,0.0250635,-0.0999023,0.0556609,-0.153427
50.2948,0.0271172,-0.0816436,0.0539009,-0.154827
50.3175,0.029164,-0.133205,0.0533885,-0.1562
50.3401,0.0312033,-0.145357,0.0495487,-0.157537
50.3628,0.0332348,-0.0819043,0.0473633,-0.158846
50.3855,0.0352583,-0.101934,0.04406,-0.16012
50.4082,0.0372733,-0.120143,0.0430241,-0.161364
50.4308,0.0392794,-0.114603,0.0426717,-0.162573
50.4535,0.0412765,-0.0863661,0.0380396,-0.163752
50.4762,0.043264,-0.0701169,0.0375326,-0.164894
50.4989,0.0452417,-0.0701177,0.0360555,-0.166006
50.5215,0.0472092,-0.0385413,0.0329565,-0.167081
50.5442,0.0491661,-0.062354,0.0320899,-0.168125
50.5669,0.0511122,-0.0626474,0.0292633,-0.169132
50.5896,0.0530471,-0.051204,0.0283558,-0.170107
50.6122,0.0549705,-0.0776701,0.0244889,-0.171044
50.6349,0.0568821,-0.0435616,0.0239386,-0.17195
50.6576,0.0587815,-0.0752257,0.0228502,-0.172817
50.6803,0.0606683,-0.0175369,0.0201813,-0.173653
50.7029,0.0625424,-0.0171134,0.0179117,-0.174449
50.7256,0.0644033,-0.0852289,0.014651,-0.175213
50.7483,0.0662507,-0.0196514,0.0122564,-0.175937
50.771,0.0680844,0.0270116,0.0115553,-0.176629
50.7937,0.069904,0.00239356,0.0101959,-0.177281
50.8163,0.0717093,-0.037036,0.00506087,-0.1779
50.839,0.0734998,-0.0469035,0.00632448,-0.178479
50.8617,0.0752753,-0.00680649,0.00430192,-0.179024
50.8844,0.0770356,0.00770809,0.000709964,-0.179529
50.907,0.0787803,0.00671032,0.00142167,-0.180001
50.9297,0.0805091,0.00955729,-0.00405159,-0.180432
50.9524,0.0822217,0.0185656,-0.00424876,-0.180829
50.9751,0.0839178,0.00130272,-0.00668685,-0.181185
50.9977,0.0855973,0.0507587,-0.00822624,-0.181507
51.0204,0.0872597,0.0367962,-0.0120059,-0.181788
51.0431,0.0889048,0.0660764,-0.0128924,-0.182035
51.0658,0.0905324,0.0380502,-0.0148037,-0.182241
51.0884,0.0921421,0.101722,-0.017202,-0.182412
51.1111,0.0937337,0.104498,-0.0189238,-0.182542
51.1338,0.095307,0.0533386,-0.0207143,-0.182637
51.1565,0.0968616,0.0523719,-0.0219942,-0.182691
51.1791,0.0983973,0.0603146,-0.0240018,-0.18271
51.2018,0.099914,0.0529239,-0.0262308,-0.182688
51.2245,0.101411,0.0708477,-0.0278975,-0.182631
51.2472,0.102889,0.0722527,-0.0310807,-0.182533
51.2698,0.104347,0.103477,-0.0311515,-0.1824
51.2925,0.105784,0.0812346,-0.0342776,-0.182225
51.3152,0.107201,0.0988757,-0.0369498,-0.182016
51.3379,0.108598,0.0791418,-0.0390729,-0.181765
51.3605,0.109974,0.0720991,-0.0394648,-0.181479
51.3832,0.111329,0.0987608,-0.042392,-0.181152
51.4059,0.112663,0.108603,-0.0449844,-0.180791
51.4286,0.113975,0.106635,-0.0462067,-0.180388
51.4512,0.115265,0.0786958,-0.0497834,-0.17995
51.4739,0.116534,0.119878,-0.0485123,-0.179472
51.4966,0.117781,0.0972594,-0.0514764,-0.178959
51.5193,0.119005,0.127383,-0.0544919,-0.178405
51.542,0.120207,0.12329,-0.054987,-0.177816
51.5646,0.121386,0.125866,-0.0596503,-0.177187
51.5873,0.122542,0.165836,-0.0587563,-0.176524
51.61,0.123676,0.152459,-0.0616963,-0.17582
51.6327,0.124786,0.146486,-0.0625604,-0.175083
51.6553,0.125872,0.125333,-0.0665416,-0.174305
51.678,0.126936,0.167315,-0.0659973,-0.173493
51.7007,0.127975,0.161743,-0.0670237,-0.172642
51.7234,0.128991,0.206372,-0.0699085,-0.171757
51.746,0.129982,0.135871,-0.0731163,-0.170833
51.7687,0.130949,0.158721,-0.0752158,-0.169875
51.7914,0.131892,0.207682,-0.0742054,-0.168878
51.8141,0.132811,0.102784,-0.0766697,-0.167849
51.8367,0.133705,0.181683,-0.0789311,-0.166781
51.8594,0.134574,0.176271,-0.0808126,-0.16568
51.8821,0.135418,0.163857,-0.0825757,-0.164541
51.9048,0.136237,0.170453,-0.0828342,-0.16337
51.9274,0.137031,0.200235,-0.0866731,-0.162161
51.9501,0.1378,0.214844,-0.0864599,-0.16092
51.9728,0.138544,0.188218,-0.0890035,-0.159642
51.9955,0.139262,0.205681,-0.0879934,-0.158333
52.0181,0.139954,0.203276,-0.0926955,-0.156987
52.0408,0.140621,0.171623,-0.0922546,-0.15561
52.0635,0.141261,0.199157,-0.0943369,-0.154197
52.0862,0.141876,0.195418,-0.0975711,-0.152754
52.1088,0.142465,0.21373,-0.0995517,-0.151275
52.1315,0.143028,0.244272,-0.100256,-0.149767
52.1542,0.143565,0.238334,-0.101331,-0.148223
52.1769,0.144076,0.221226,-0.10239,-0.14665
52.1995,0.14456,0.224578,-0.104017,-0.145043
52.2222,0.145018,0.216968,-0.104174,-0.143408
52.2449,0.14545,0.244637,-0.10765,-0.141738
52.2676,0.145855,0.245989,-0.107644,-0.140041
52.2902,0.146234,0.215775,-0.110822,-0.138311
52.3129,0.146586,0.261724,-0.110211,-0.136553
52.3356,0.146912,0.273313,-0.111981,-0.134764
52.3583,0.147211,0.264573,-0.114737,-0.132947
52.381,0.147483,0.21963,-0.115209,-0.131099
52.4036,0.147729,0.261782,-0.114911,-0.129226
52.4263,0.147948,0.303818,-0.11698,-0.127321
52.449,0.14814,0.257933,-0.119411,-0.125391
52.4717,0.148306,0.290586,-0.118114,-0.123431
52.4943,0.148445,0.248481,-0.119654,-0.121448
52.517,0.148557,0.255557,-0.121213,-0.119434
52.5397,0.148642,0.264786,-0.122451,-0.117398
52.5624,0.148701,0.248777,-0.1259,-0.115332
52.585,0.148733,0.26137,-0.123857,-0.113245
52.6077,0.148738,0.259104,-0.127174,-0.111129
52.6304,0.148716,0.307492,-0.126316,-0.108992
52.6531,0.148668,0.260424,-0.128237,-0.106828
52.6757,0.148593,0.297898,-0.129032,-0.104643
52.6984,0.148492,0.286798,-0.129524,-0.102432
52.7211,0.148364,0.269512,-0.130821,-0.100202
52.7438,0.148209,0.310232,-0.131719,-0.0979457
52.7664,0.148028,0.282945,-0.133479,-0.095671
52.7891,0.14782,0.352177,-0.133182,-0.0933721
52.8118,0.147586,0.296328,-0.134272,-0.0910552
52.8345,0.147326,0.322689,-0.13399,-0.0887151
52.8571,0.14704,0.297242,-0.135757,-0.0863579
52.8798,0.146727,0.268846,-0.13707,-0.0839785
52.9025,0.146388,0.312494,-0.136416,-0.0815829
52.9252,0.146023,0.290051,-0.138921,-0.0791661
52.9478,0.145632,0.303252,-0.13897,-0.0767342
52.9705,0.145215,0.286321,-0.139727,-0.0742821
52.9932,0.144773,0.320802,-0.140777,-0.0718159
53.0159,0.144305,0.31098,-0.140491,-0.0693304
53.0385,0.143811,0.280067,-0.140718,-0.0668318
53.0612,0.143291,0.274977,-0.141602,-0.0643151
53.0839,0.142747,0.28855,-0.142651,-0.0617863
53.1066,0.142177,0.30932,-0.142078,-0.0592403
53.1293,0.141581,0.339956,-0.143237,-0.0566834
53.1519,0.140961,0.320242,-0.144632,-0.0541104
53.1746,0.140316,0.300232,-0.144011,-0.0515275
53.1973,0.139646,0.307467,-0.143953,-0.0489295
53.22,0.138952,0.321838,-0.1436,-0.0463227
53.2426,0.138232,0.325058,-0.144125,-0.043702
53.2653,0.137489,0.318854,-0.14574,-0.0410735
53.288,0.136721,0.28638,-0.14657,-0.0384323
53.3107,0.135929,0.2914,-0.143983,-0.0357843
53.3333,0.135114,0.323187,-0.145645,-0.0331246
53.356,0.134274,0.299817,-0.146552,-0.0304594
53.3787,0.133411,0.296012,-0.146625,-0.0277836
53.4014,0.132524,0.290719,-0.148257,-0.0251033
53.424,0.131614,0.313483,-0.145237,-0.0224137
53.4467,0.130681,0.285662,-0.145395,-0.0197206
53.4694,0.129725,0.320128,-0.147918,-0.0170193
53.4921,0.128747,0.276818,-0.145694,-0.0143157
53.5147,0.127745,0.306588,-0.14728,-0.011605
53.5374,0.126721,0.297912,-0.144585,-0.00889316
53.5601,0.125676,0.279166,-0.145868,-0.00617537
53.5828,0.124608,0.322982,-0.146869,-0.0034576
53.6054,0.123518,0.289318,-0.146026,-0.000735067
53.6281,0.122407,0.301981,-0.145671,0.00198635
53.6508,0.121274,0.318879,-0.144501,0.00471144
53.6735,0.12012,0.301178,-0.146103,0.00743425
53.6961,0.118945,0.321694,-0.145192,0.0101595
53.7188,0.11775,0.271474,-0.14628,0.0128813
53.7415,0.116533,0.312614,-0.144044,0.0156045
53.7642,0.115297,0.296073,-0.144694,0.018323
53.7868,0.11404,0.296076,-0.143853,0.0210417
53.8095,0.112764,0.304208,-0.143908,0.0237548
53.8322,0.111468,0.30669,-0.143597,0.0264667
53.8549,0.110152,0.308622,-0.142703,0.0291718
53.8776,0.108818,0.30191,-0.143098,0.0318748
53.9002,0.107464,0.302451,-0.142315,0.0345697
53.9229,0.106092,0.263409,-0.143136,0.0372613
53.9456,0.104702,0.300559,-0.141133,0.0399438
53.9683,0.103293,0.308323,-0.139107,0.0426218
53.9909,0.101866,0.290413,-0.139891,0.0452895
54.0136,0.100422,0.286247,-0.139405,0.0479515
54.0363,0.0989602,0.274568,-0.13871,0.0506022
54.059,0.0974813,0.310059,-0.13711,0.053246
54.0816,0.0959857,0.293346,-0.137599,0.0558773
54.1043,0.0944734,0.297987,-0.135708,0.0585007
54.127,0.0929448,0.296737,-0.135647,0.0611105
54.1497,0.0914001,0.250028,-0.134796,0.0637112
54.1723,0.0898397,0.283099,-0.133357,0.0662971
54.195,0.0882638,0.26434,-0.13357,0.0688729
54.2177,0.0866727,0.280482,-0.132418,0.0714328
54.2404,0.0850667,0.285274,-0.131243,0.0739814
54.263,0.0834461,0.283143,-0.130781,0.0765131
54.2857,0.0818111,0.250986,-0.129783,0.0790323
54.3084,0.080162,0.249634,-0.128372,0.0815335
54.3311,0.0784992,0.226964,-0.126866,0.0840213
54.3537,0.0768229,0.255678,-0.127287,0.0864899
54.3764,0.0751335,0.277142,-0.125068,0.088944
54.3991,0.0734312,0.241198,-0.124895,0.091378
54.4218,0.0717163,0.255364,-0.123282,0.0937962
54.4444,0.0699892,0.232277,-0.12195,0.0961934
54.4671,0.0682501,0.243383,-0.120741,0.0985738
54.4898,0.0664994,0.239734,-0.120397,0.100932
54.5125,0.0647374,0.213783,-0.119541,0.103273
54.5351,0.0629644,0.23334,-0.117611,0.10559
54.5578,0.0611806,0.214709,-0.116451,0.107888
54.5805,0.0593865,0.251314,-0.115809,0.110163
54.6032,0.0575823,0.209777,-0.114263,0.112417
54.6259,0.0557683,0.233903,-0.112849,0.114647
54.6485,0.0539449,0.22026,-0.111606,0.116855
54.6712,0.0521125,0.233645,-0.110202,0.119038
54.6939,0.0502712,0.230333,-0.107297,0.121198
54.7166,0.0484215,0.202978,-0.107905,0.123332
54.7392,0.0465636,0.234888,-0.105572,0.125443
54.7619,0.044698,0.203516,-0.104167,0.127526
54.7846,0.0428249,0.201047,-0.103554,0.129586
54.8073,0.0409446,0.205205,-0.101861,0.131616
54.8299,0.0390576,0.183868,-0.102241,0.133622
54.8526,0.037164,0.17097,-0.0984004,0.135598
54.8753,0.0352643,0.193221,-0.0971808,0.137549
54.898,0.0333589,0.195846,-0.0952196,0.13947
54.9206,0.0314479,0.171799,-0.0951494,0.141364
54.9433,0.0295318,0.166816,-0.0922546,0.143226
54.966,0.0276109,0.182541,-0.0910847,0.145061
54.9887,0.0256856,0.155047,-0.0897042,0.146865
55.0113,0.0237561,0.154092,-0.0881109,0.14864
55.034,0.0218229,0.159122,-0.0867678,0.150382
55.0567,0.0198862,0.1756,-0.0841095,0.152096
55.0794,0.0179465,0.135807,-0.0835881,0.153775
55.102,0.0160039,0.146244,-0.0809545,0.155426
55.1247,0.014059,0.149276,-0.0793195,0.157041
55.1474,0.012112,0.114395,-0.0787549,0.158627
55.1701,0.0101632,0.137411,-0.0762712,0.160177
55.1927,0.0082131,0.155677,-0.0736585,0.161697
55.2154,0.00626193,0.138688,-0.0725529,0.16318
55.2381,0.00431005,0.155041,-0.0709208,0.164632
55.2608,0.00235783,0.135907,-0.0684874,0.166047
55.2834,0.00040558,0.128669,-0.0671814,0.16743
55.3061,-0.00154633,0.113328,-0.0653298,0.168776
55.3288,-0.00349757,0.121562,-0.0648979,0.170089
55.3515,-0.0054478,0.0925267,-0.0615341,0.171364
55.3741,-0.00739667,0.11541,-0.0590663,0.172606
55.3968,-0.00934383,0.103267,-0.0588886,0.17381
55.4195,-0.011289,0.0967549,-0.0555769,0.174979
55.4422,-0.0132317,0.0963805,-0.0529876,0.176109
55.4649,-0.0151717,0.095643,-0.0528288,0.177205
55.4875,-0.0171086,0.0942775,-0.0507184,0.178262
55.5102,-0.0190422,0.0743226,-0.0488499,0.179283
55.5329,-0.020972,0.0840565,-0.0465172,0.180265
55.5556,-0.0228977,0.0871368,-0.0457206,0.181211
55.5782,-0.0248189,0.0687434,-0.0436978,0.182117
55.6009,-0.0267354,0.07456,-0.0402737,0.182987
55.6236,-0.0286468,0.0901767,-0.0392729,0.183816
55.6463,-0.0305528,0.0748455,-0.0362442,0.184608
55.6689,-0.032453,0.0389387,-0.0347638,0.18536
55.6916,-0.0343471,0.0468503,-0.0316326,0.186075
55.7143,-0.0362347,0.0280744,-0.0307838,0.186748
55.737,-0.0381156,0.0559069,-0.0299089,0.187384
55.7596,-0.0399894,0.0398487,-0.0267085,0.187979
55.7823,-0.0418557,0.0287434,-0.0242641,0.188536
55.805,-0.0437143,0.031923,-0.0236581,0.189051
55.8277,-0.0455648,0.0296622,-0.0225637,0.189529
55.8503,-0.0474069,0.0103169,-0.0181679,0.189964
55.873,-0.0492402,0.026739,-0.0172515,0.190361
55.8957,-0.0510645,0.0232693,-0.0154521,0.190716
55.9184,-0.0528793,-0.0130605,-0.0134977,0.191033
55.941,-0.0546845,0.0199255,-0.0105476,0.191307
55.9637,-0.0564797,0.00112688,-0.00853743,0.191543
55.9864,-0.0582645,-0.0155424,-0.00639741,0.191736
56.0091,-0.0600387,-0.00601754,-0.00280761,0.19189
56.0317,-0.0618019,-0.00320686,-0.00207554,0.192002
56.0544,-0.0635538,-0.012602,-0.000175095,0.192075
56.0771,-0.0652941,-0.0280699,0.0020579,0.192105
56.0998,-0.0670226,-0.00784617,0.00328233,0.192096
56.1224,-0.0687388,-0.00348274,0.00602181,0.192045
56.1451,-0.0704425,-0.0481264,0.00868458,0.191955
56.1678,-0.0721335,-0.0550526,0.0100218,0.191822
56.1905,-0.0738113,-0.0516085,0.0126041,0.19165
56.2132,-0.0754757,-0.0498336,0.0137205,0.191435
56.2358,-0.0771264,-0.0524045,0.0153613,0.191182
56.2585,-0.0787632,-0.0844688,0.0184034,0.190885
56.2812,-0.0803856,-0.041524,0.020132,0.190551
56.3039,-0.0819935,-0.0543984,0.0217938,0.190173
56.3265,-0.0835866,-0.0649334,0.0247733,0.189757
56.3492,-0.0851645,-0.0743603,0.0257426,0.189299
56.3719,-0.086727,-0.0823376,0.0285643,0.188802
56.3946,-0.0882738,-0.0692829,0.0299068,0.188262
56.4172,-0.0898046,-0.0830864,0.0320528,0.187685
56.4399,-0.0913192,-0.097208,0.0353047,0.187065
56.4626,-0.0928173,-0.0454907,0.0360461,0.186407
56.4853,-0.0942987,-0.0977659,0.0386551,0.185708
56.5079,-0.0957629,-0.116038,0.0411907,0.18497
56.5306,-0.0972099,-0.107323,0.0418993,0.184191
56.5533,-0.0986394,-0.104835,0.0438072,0.183375
56.576,-0.100051,-0.111721,0.04685,0.182517
56.5986,-0.101445,-0.0974227,0.0489789,0.181622
56.6213,-0.10282,-0.0741667,0.0496996,0.180686
56.644,-0.104176,-0.0970631,0.0529306,0.179713
56.6667,-0.105514,-0.104838,0.054683,0.1787
56.6893,-0.106833,-0.123911,0.056395,0.17765
56.712,-0.108133,-0.134637,0.0577097,0.17656
56.7347,-0.109413,-0.129607,0.0603087,0.175434
56.7574,-0.110673,-0.133595,0.0624784,0.174269
56.78,-0.111913,-0.144003,0.0644884,0.173067
56.8027,-0.113134,-0.141816,0.066125,0.171827
56.8254,-0.114333,-0.159464,0.0670798,0.170551
56.8481,-0.115512,-0.142182,0.0701461,0.169237
56.8707,-0.116671,-0.132918,0.0716877,0.167888
56.8934,-0.117808,-0.14603,0.0726665,0.166501
56.9161,-0.118924,-0.157524,0.075976,0.16508
56.9388,-0.120018,-0.154098,0.0764817,0.163621
56.9615,-0.121091,-0.138377,0.0782562,0.162129
56.9841,-0.122142,-0.198166,0.0805148,0.1606
57.0068,-0.123171,-0.186733,0.0832909,0.159038
57.0295,-0.124178,-0.168073,0.0836495,0.15744
57.0522,-0.125162,-0.17631,0.0864464,0.155809
57.0748,-0.126124,-0.171328,0.0872633,0.154143
57.0975,-0.127063,-0.179881,0.0885991,0.152445
57.1202,-0.127979,-0.186296,0.0902566,0.150712
57.1429,-0.128872,-0.184811,0.0924876,0.148948
57.1655,-0.129742,-0.187134,0.0942279,0.147151
57.1882,-0.130588,-0.180905,0.0957394,0.145323
57.2109,-0.131411,-0.189933,0.0972402,0.143461
57.2336,-0.13221,-0.199425,0.099627,0.14157
57.2562,-0.132985,-0.201237,0.100812,0.139647
57.2789,-0.133736,-0.189869,0.10239,0.137694
57.3016,-0.134463,-0.181229,0.102893,0.13571
57.3243,-0.135165,-0.21109,0.104924,0.133699
57.3469,-0.135843,-0.206361,0.106858,0.131656
57.3696,-0.136497,-0.189399,0.109223,0.129586
57.3923,-0.137126,-0.198539,0.109048,0.127486
57.415,-0.13773,-0.211079,0.111924,0.12536
57.4376,-0.138309,-0.194263,0.112139,0.123204
57.4603,-0.138863,-0.209495,0.113705,0.121024
57.483,-0.139392,-0.217746,0.115921,0.118815
57.5057,-0.139896,-0.206898,0.116702,0.116581
57.5283,-0.140374,-0.206994,0.118364,0.114321
57.551,-0.140827,-0.238639,0.119653,0.112037
57.5737,-0.141255,-0.212496,0.120968,0.109726
57.5964,-0.141657,-0.234054,0.122688,0.107393
57.619,-0.142033,-0.238378,0.122828,0.105035
57.6417,-0.142383,-0.245069,0.125124,0.102655
57.6644,-0.142708,-0.237028,0.12614,0.10025
57.6871,-0.143006,-0.213364,0.12726,0.0978256
57.7098,-0.143279,-0.249214,0.128058,0.0953773
57.7324,-0.143526,-0.258205,0.129092,0.0929096
57.7551,-0.143747,-0.2466,0.130635,0.0904196
57.7778,-0.143941,-0.228662,0.131676,0.0879111
57.8005,-0.14411,-0.255468,0.132365,0.0853813
57.8231,-0.144252,-0.240291,0.134249,0.0828342
57.8458,-0.144368,-0.237866,0.134503,0.0802668
57.8685,-0.144458,-0.240963,0.136051,0.0776832
57.8912,-0.144521,-0.237445,0.137112,0.0750803
57.9138,-0.144558,-0.274847,0.13718,0.0724624
57.9365,-0.144569,-0.244117,0.138005,0.0698263
57.9592,-0.144554,-0.249621,0.139519,0.0671763
57.9819,-0.144512,-0.25458,0.139478,0.0645093
58.0045,-0.144444,-0.241521,0.14207,0.0618294
58.0272,-0.144349,-0.250155,0.141194,0.0591336
58.0499,-0.144228,-0.23853,0.142623,0.0564261
58.0726,-0.144081,-0.233293,0.143896,0.053704
58.0952,-0.143908,-0.243223,0.144074,0.0509712
58.1179,-0.143708,-0.25535,0.144529,0.048225
58.1406,-0.143482,-0.251314,0.144968,0.0454693
58.1633,-0.14323,-0.272905,0.146504,0.0427012
58.1859,-0.142952,-0.251411,0.145822,0.0399249
58.2086,-0.142647,-0.256652,0.146723,0.0371375
58.2313,-0.142316,-0.25147,0.147637,0.034343
58.254,-0.14196,-0.251103,0.148479,0.0315385
58.2766,-0.141577,-0.228357,0.149175,0.0287281
58.2993,-0.141168,-0.254904,0.149064,0.025909
58.322,-0.140734,-0.247674,0.150029,0.0230852
58.3447,-0.140273,-0.252926,0.150479,0.0202539
58.3673,-0.139787,-0.256838,0.150988,0.017419
58.39,-0.139275,-0.253176,0.15152,0.0145778
58.4127,-0.138738,-0.247233,0.152654,0.0117344
58.4354,-0.138175,-0.26573,0.151457,0.00888583
58.458,-0.137586,-0.25246,0.15191,0.0060362
58.4807,-0.136973,-0.284931,0.152361,0.00318278
58.5034,-0.136334,-0.266728,0.152113,0.000329415
58.5261,-0.13567,-0.261342,0.152075,-0.00252653
58.5488,-0.134981,-0.274989,0.15235,-0.00538117
58.5714,-0.134267,-0.250395,0.153686,-0.00823711
58.5941,-0.133528,-0.215401,0.152987,-0.0110906
58.6168,-0.132765,-0.274217,0.153011,-0.0139441
58.6395,-0.131977,-0.261626,0.154086,-0.0167939
58.6621,-0.131165,-0.270888,0.153872,-0.0196426
58.6848,-0.130328,-0.240663,0.153294,-0.0224863
58.7075,-0.129467,-0.254284,0.153431,-0.0253277
58.7302,-0.128583,-0.272797,0.152898,-0.0281629
58.7528,-0.127674,-0.243855,0.152553,-0.0309945
58.7755,-0.126742,-0.252745,0.153064,-0.0338187
58.7982,-0.125786,-0.255203,0.152337,-0.0366381
58.8209,-0.124807,-0.256325,0.151856,-0.0394489
58.8435,-0.123805,-0.245143,0.15215,-0.0422536
58.8662,-0.122779,-0.2393,0.15178,-0.0450486
58.8889,-0.121731,-0.245506,0.151654,-0.0478363
58.9116,-0.12066,-0.217129,0.152534,-0.050613
58.9342,-0.119567,-0.250432,0.149949,-0.0533812
58.9569,-0.118451,-0.261975,0.150604,-0.0561373
58.9796,-0.117313,-0.256086,0.150746,-0.0588837
59.0023,-0.116153,-0.246419,0.149331,-0.0616167
59.0249,-0.114972,-0.260929,0.148938,-0.0643388
59.0476,-0.113769,-0.252997,0.148555,-0.0670464
59.0703,-0.112544,-0.241739,0.14834,-0.069742
59.093,-0.111299,-0.214624,0.147816,-0.0724218
59.1156,-0.110033,-0.238301,0.146698,-0.0750884
59.1383,-0.108745,-0.237339,0.146595,-0.0777382
59.161,-0.107438,-0.222574,0.145614,-0.0803735
59.1837,-0.10611,-0.228029,0.144704,-0.0829909
59.2063,-0.104762,-0.217608,0.144814,-0.0855928
59.229,-0.103395,-0.248422,0.143611,-0.0881755
59.2517,-0.102008,-0.247492,0.142826,-0.0907416
59.2744,-0.100601,-0.235152,0.14216,-0.0932874
59.2971,-0.0991756,-0.233127,0.140814,-0.0958154
59.3197,-0.0977314,-0.209721,0.140853,-0.0983222
59.3424,-0.0962685,-0.250477,0.139611,-0.10081
59.3651,-0.0947874,-0.243204,0.138681,-0.103275
59.3878,-0.0932882,-0.226767,0.13858,-0.105721
59.4104,-0.0917713,-0.219516,0.137189,-0.108143
59.4331,-0.0902368,-0.205771,0.136773,-0.110544
59.4558,-0.0886851,-0.247332,0.135013,-0.11292
59.4785,-0.0871164,-0.231453,0.133646,-0.115274
59.5011,-0.085531,-0.215222,0.133142,-0.117603
59.5238,-0.0839292,-0.227109,0.131957,-0.119909
59.5465,-0.0823113,-0.193161,0.130342,-0.122188
59.5692,-0.0806774,-0.197052,0.13013,-0.124443
59.5918,-0.0790281,-0.2025,0.128665,-0.12667
59.6145,-0.0773634,-0.189162,0.126803,-0.128873
59.6372,-0.0756838,-0.191319,0.125819,-0.131046
59.6599,-0.0739895,-0.186062,0.124586,-0.133194
59.6825,-0.0722808,-0.182753,0.124329,-0.135312
59.7052,-0.070558,-0.197357,0.122637,-0.137404
59.7279,-0.0688215,-0.18424,0.120657,-0.139464
59.7506,-0.0670715,-0.190202,0.119548,-0.141497
59.7732,-0.0653083,-0.193339,0.118892,-0.143499
59.7959,-0.0635322,-0.180411,0.11728,-0.145472
59.8186,-0.0617437,-0.168837,0.115321,-0.147413
59.8413,-0.0599429,-0.168423,0.113348,-0.149324
59.8639,-0.0581302,-0.173136,0.112247,-0.151202
59.8866,-0.056306,-0.167695,0.110766,-0.153049
59.9093,-0.0544705,-0.151546,0.10974,-0.154863
59.932,-0.0526241,-0.176706,0.10782,-0.156645
59.9546,-0.0507672,-0.148758,0.106422,-0.158393
59.9773,-0.0489,-0.144953,0.105202,-0.160109
60,-0.0470228,-0.153139,0.103695,-0.161789
60.0227,-0.0451361,-0.15902,0.101829,-0.163436
60.0454,-0.0432401,-0.15885,0.0995667,-0.165048
60.068,-0.0413353,-0.156952,0.0978318,-0.166625
60.0907,-0.0394219,-0.149361,0.0960481,-0.168166
60.1134,-0.0375003,-0.128462,0.0953204,-0.169673
60.1361,-0.0355708,-0.170112,0.093115,-0.171142
60.1587,-0.0336337,-0.145901,0.0914082,-0.172576
60.1814,-0.0316896,-0.133273,0.0899846,-0.173972
60.2041,-0.0297386,-0.147632,0.0877606,-0.175333
60.2268,-0.0277811,-0.123352,0.0865526,-0.176655
60.2494,-0.0258175,-0.141167,0.084555,-0.17794
60.2721,-0.0238482,-0.123824,0.0825669,-0.179186
60.2948,-0.0218735,-0.115335,0.081222,-0.180396
60.3175,-0.0198937,-0.109145,0.0793677,-0.181565
60.3401,-0.0179093,-0.106003,0.0766836,-0.182698
60.3628,-0.0159206,-0.116245,0.0752735,-0.18379
60.3855,-0.0139279,-0.107941,0.0729996,-0.184844
60.4082,-0.0119316,-0.107475,0.0712047,-0.185857
60.4308,-0.00993203,-0.112,0.0698061,-0.186832
60.4535,-0.00792965,-0.0856683,0.0671711,-0.187765
60.4762,-0.00592477,-0.0698592,0.0657395,-0.18866
60.4989,-0.00391775,-0.106753,0.063296,-0.189514
60.5215,-0.00190899,-0.106383,0.0611385,-0.190328
60.5442,0.000101186,-0.0496957,0.0595627,-0.1911
60.5669,0.00211237,-0.0907661,0.0568951,-0.191832
60.5896,0.00412422,-0.0789651,0.0560156,-0.192522
60.6122,0.00613634,-0.0835255,0.0532081,-0.193172
60.6349,0.00814838,-0.0738906,0.0515129,-0.19378
60.6576,0.01016,-0.0709297,0.0490843,-0.194347
60.6803,0.0121707,-0.0838198,0.0467758,-0.194872
60.7029,0.0141803,-0.0755115,0.0450506,-0.195355
60.7256,0.0161883,-0.0542292,0.0431187,-0.195796
60.7483,0.0181943,-0.0294601,0.0404473,-0.196196
60.771,0.020198,-0.0511575,0.0381874,-0.196553
60.7937,0.0221991,-0.0389142,0.0368182,-0.196869
60.8163,0.0241971,-0.0253365,0.0342683,-0.197141
60.839,0.0261917,-0.0335838,0.0321868,-0.197372
60.8617,0.0281824,-0.0358314,0.0299741,-0.19756
60.8844,0.030169,-0.0401666,0.0283427,-0.197706
60.907,0.0321511,-0.0466223,0.0256092,-0.197808
60.9297,0.0341282,-0.0228426,0.0233075,-0.19787
60.9524,0.0361001,-0.0364725,0.0213576,-0.197887
60.9751,0.0380663,-0.0190188,0.0193136,-0.197864
60.9977,0.0400266,-0.00913301,0.0164045,-0.197796
61.0204,0.0419804,0.00267461,0.0149171,-0.197687
61.0431,0.0439275,-0.0018437,0.0127665,-0.197535
61.0658,0.0458674,0.0244655,0.0106733,-0.197341
61.0884,0.0477999,0.0116654,0.00782426,-0.197103
61.1111,0.0497246,-0.00802505,0.00620996,-0.196824
61.1338,0.051641,-0.0164833,0.0036726,-0.196502
61.1565,0.0535489,0.0155385,0.00133748,-0.196138
61.1791,0.0554479,-0.00314535,-0.00090401,-0.195731
61.2018,0.0573375,0.0255562,-0.00387644,-0.195283
61.2245,0.0592175,0.0176559,-0.00532579,-0.194791
61.2472,0.0610876,0.0307285,-0.0077195,-0.194259
61.2698,0.0629472,0.0130129,-0.0103154,-0.193684
61.2925,0.0647962,0.0460519,-0.0117297,-0.193068
61.3152,0.0666341,0.0366363,-0.0138794,-0.192409
61.3379,0.0684606,0.026026,-0.0171585,-0.19171
61.3605,0.0702753,0.0361003,-0.0189117,-0.190968
61.3832,0.072078,0.050099,-0.020333,-0.190186
61.4059,0.0738681,0.0216913,-0.0235684,-0.189362
61.4286,0.0756455,0.00542432,-0.0250842,-0.188498
61.4512,0.0774098,0.0503297,-0.0279524,-0.187593
61.4739,0.0791606,0.0561038,-0.030545,-0.186647
61.4966,0.0808975,0.0705735,-0.0325052,-0.185661
61.5193,0.0826204,0.066622,-0.0345691,-0.184635
61.542,0.0843287,0.09466,-0.0366902,-0.183568
61.5646,0.0860223,0.0933983,-0.0389759,-0.182463
61.5873,0.0877007,0.0567771,-0.0406744,-0.181317
61.61,0.0893637,0.0603546,-0.0427111,-0.180133
61.6327,0.0910109,0.0578927,-0.0449968,-0.178908
61.6553,0.0926419,0.0732125,-0.0478115,-0.177646
61.678,0.0942566,0.0740137,-0.0496539,-0.176345
61.7007,0.0958545,0.0915039,-0.0518258,-0.175006
61.7234,0.0974354,0.0950257,-0.0543118,-0.173629
61.746,0.0989989,0.0950557,-0.0559,-0.172214
61.7687,0.100545,0.112842,-0.0583288,-0.170762
61.7914,0.102073,0.0860746,-0.0601988,-0.169273
61.8141,0.103582,0.11052,-0.0625824,-0.167746
61.8367,0.105073,0.102269,-0.0642546,-0.166185
61.8594,0.106546,0.0904735,-0.0665196,-0.164586
61.8821,0.107999,0.0942127,-0.0688755,-0.162952
61.9048,0.109432,0.12274,-0.0711443,-0.161282
61.9274,0.110846,0.0940386,-0.0729038,-0.159578
61.9501,0.11224,0.109396,-0.0752623,-0.157838
61.9728,0.113614,0.116965,-0.0767556,-0.156064
61.9955,0.114967,0.124,-0.0793022,-0.154256
62.0181,0.116299,0.151051,-0.0805239,-0.152416
62.0408,0.117611,0.131211,-0.082929,-0.150541
62.0635,0.118901,0.134514,-0.0854693,-0.148634
62.0862,0.120169,0.132015,-0.0870938,-0.146694
62.1088,0.121415,0.14008,-0.0884717,-0.144723
62.1315,0.122639,0.163423,-0.090485,-0.14272
62.1542,0.123841,0.10359,-0.0922057,-0.140686
62.1769,0.125021,0.12088,-0.0945866,-0.138621
62.1995,0.126177,0.142994,-0.0965568,-0.136526
62.2222,0.12731,0.169588,-0.0982407,-0.134401
62.2449,0.12842,0.181831,-0.100128,-0.132247
62.2676,0.129507,0.146821,-0.102129,-0.130064
62.2902,0.130569,0.165939,-0.104078,-0.127853
62.3129,0.131608,0.174292,-0.106073,-0.125613
62.3356,0.132623,0.159485,-0.107238,-0.123347
62.3583,0.133613,0.159187,-0.109369,-0.121053
62.381,0.134578,0.192415,-0.110972,-0.118733
62.4036,0.135518,0.189117,-0.112812,-0.116386
62.4263,0.136434,0.172016,-0.114128,-0.114015
62.449,0.137324,0.201322,-0.115813,-0.111618
62.4717,0.138189,0.16251,-0.117335,-0.109197
62.4943,0.139028,0.173608,-0.119799,-0.106751
62.517,0.139842,0.169906,-0.120668,-0.104283
62.5397,0.140629,0.179497,-0.122389,-0.101792
62.5624,0.141391,0.201157,-0.12381,-0.0992784
62.585,0.142126,0.21317,-0.125498,-0.0967424
62.6077,0.142835,0.196699,-0.126742,-0.0941861
62.6304,0.143517,0.202499,-0.128334,-0.0916082
62.6531,0.144172,0.21941,-0.129438,-0.0890109
62.6757,0.1448,0.179124,-0.130902,-0.0863933
62.6984,0.145402,0.224152,-0.132509,-0.0837574
62.7211,0.145976,0.220787,-0.134048,-0.0811023
62.7438,0.146522,0.204273,-0.135552,-0.0784301
62.7664,0.147042,0.200649,-0.136868,-0.0757397
62.7891,0.147533,0.231489,-0.137869,-0.0730334
62.8118,0.147997,0.239874,-0.138994,-0.0703102
62.8345,0.148434,0.20918,-0.140555,-0.0675721
62.8571,0.148842,0.208077,-0.141904,-0.0648184
62.8798,0.149222,0.238873,-0.142533,-0.062051
62.9025,0.149574,0.196325,-0.143959,-0.059269
62.9252,0.149898,0.225937,-0.145111,-0.0564747
62.9478,0.150194,0.211644,-0.146188,-0.053667
62.9705,0.150461,0.238599,-0.147192,-0.0508481
62.9932,0.1507,0.233318,-0.148412,-0.048017
63.0159,0.15091,0.249706,-0.149402,-0.045176
63.0385,0.151092,0.231235,-0.150478,-0.0423241
63.0612,0.151245,0.210947,-0.151609,-0.0394634
63.0839,0.151369,0.226831,-0.152706,-0.036593
63.1066,0.151464,0.224878,-0.153706,-0.0337151
63.1293,0.151531,0.257088,-0.153758,-0.0308288
63.1519,0.151569,0.21305,-0.154843,-0.0279362
63.1746,0.151578,0.213726,-0.156113,-0.0250365
63.1973,0.151558,0.252499,-0.1568,-0.0221317
63.22,0.151509,0.243494,-0.157156,-0.019221
63.2426,0.151432,0.263156,-0.157518,-0.0163066
63.2653,0.151325,0.223738,-0.158911,-0.0133875
63.288,0.151189,0.226618,-0.159641,-0.0104659
63.3107,0.151024,0.271242,-0.160397,-0.00754092
63.3333,0.150831,0.23695,-0.160797,-0.00461469
63.356,0.150608,0.256495,-0.161268,-0.00168644
63.3787,0.150357,0.250544,-0.161727,0.00124186
63.4014,0.150076,0.264741,-0.162255,0.00417092
63.424,0.149767,0.296132,-0.162524,0.00709877
63.4467,0.149429,0.254518,-0.162969,0.0100261
63.4694,0.149062,0.249323,-0.163886,0.0129509
63.4921,0.148666,0.272753,-0.163849,0.0158739
63.5147,0.148242,0.24061,-0.164242,0.0187932
63.5374,0.147788,0.241202,-0.164787,0.0217094
63.5601,0.147307,0.283798,-0.164648,0.0246206
63.5828,0.146796,0.252504,-0.165118,0.0275275
63.6054,0.146257,0.270954,-0.165426,0.030428
63.6281,0.14569,0.275866,-0.165668,0.0333229
63.6508,0.145095,0.257652,-0.16575,0.0362103
63.6735,0.144471,0.209578,-0.166201,0.0390909
63.6961,0.143819,0.282903,-0.165699,0.0419626
63.7188,0.143139,0.274365,-0.165999,0.0448262
63.7415,0.142431,0.216162,-0.16571,0.0476798
63.7642,0.141695,0.25487,-0.165535,0.050524
63.7868,0.140932,0.262557,-0.165842,0.053357
63.8095,0.140141,0.260578,-0.165858,0.0561793
63.8322,0.139322,0.259138,-0.165361,0.0589891
63.8549,0.138476,0.273129,-0.165311,0.0617871
63.8776,0.137603,0.22376,-0.165559,0.0645714
63.9002,0.136703,0.266947,-0.165497,0.0673425
63.9229,0.135776,0.28014,-0.164635,0.0700988
63.9456,0.134822,0.325529,-0.16438,0.0728408
63.9683,0.133842,0.265422,-0.163953,0.0755666
63.9909,0.132835,0.271207,-0.164209,0.078277
64.0136,0.131802,0.257564,-0.163654,0.0809701
64.0363,0.130742,0.287262,-0.162983,0.0836465
64.059,0.129657,0.264048,-0.162586,0.0863044
64.0816,0.128546,0.240642,-0.161688,0.0889445
64.1043,0.127409,0.266561,-0.16156,0.0915651
64.127,0.126247,0.265642,-0.160821,0.0941665
64.1497,0.12506,0.286257,-0.16044,0.0967473
64.1723,0.123848,0.268383,-0.159785,0.0993079
64.195,0.122611,0.273414,-0.159248,0.101847
64.2177,0.12135,0.19785,-0.158783,0.104364
64.2404,0.120064,0.255974,-0.157738,0.106859
64.263,0.118755,0.255947,-0.15689,0.109331
64.2857,0.117421,0.258087,-0.156009,0.111779
64.3084,0.116064,0.26592,-0.155581,0.114204
64.3311,0.114683,0.235933,-0.154569,0.116603
64.3537,0.113279,0.230457,-0.153626,0.118978
64.3764,0.111852,0.209445,-0.153014,0.121327
64.3991,0.110403,0.248365,-0.151983,0.123651
64.4218,0.108931,0.231976,-0.150931,0.125947
64.4444,0.107437,0.197714,-0.149924,0.128217
64.4671,0.105921,0.237381,-0.149295,0.130458
64.4898,0.104384,0.229251,-0.147653,0.132672
64.5125,0.102825,0.241083,-0.146579,0.134857
64.5351,0.101245,0.250201,-0.145624,0.137013
64.5578,0.0996444,0.225366,-0.143975,0.13914
64.5805,0.0980233,0.172852,-0.143015,0.141236
64.6032,0.096382,0.214871,-0.142069,0.143302
64.6259,0.0947208,0.25505,-0.140562,0.145338
64.6485,0.0930401,0.225696,-0.139465,0.147341
64.6712,0.09134,0.236399,-0.13841,0.149313
64.6939,0.089621,0.21949,-0.136811,0.151253
64.7166,0.0878833,0.209303,-0.135673,0.15316
64.7392,0.0861273,0.249211,-0.134113,0.155034
64.7619,0.0843532,0.180589,-0.132266,0.156875
64.7846,0.0825614,0.164105,-0.131229,0.158681
64.8073,0.0807523,0.199208,-0.129749,0.160453
64.8299,0.0789262,0.196968,-0.128204,0.162191
64.8526,0.0770833,0.210755,-0.126573,0.163894
64.8753,0.0752241,0.210004,-0.124983,0.16556
64.898,0.0733488,0.214924,-0.123926,0.167192
64.9206,0.0714579,0.205126,-0.122101,0.168787
64.9433,0.0695517,0.164385,-0.12035,0.170346
64.966,0.0676305,0.187755,-0.118586,0.171867
64.9887,0.0656946,0.174606,-0.117003,0.173352
65.0113,0.0637446,0.199043,-0.115681,0.174799
65.034,0.0617806,0.203641,-0.113815,0.176208
65.0567,0.0598031,0.173867,-0.111658,0.177579
65.0794,0.0578125,0.161988,-0.10957,0.178912
65.102,0.0558091,0.174258,-0.107948,0.180205
65.1247,0.0537933,0.127342,-0.106302,0.18146
65.1474,0.0517655,0.190887,-0.104182,0.182675
65.1701,0.049726,0.134182,-0.10284,0.183851
65.1927,0.0476753,0.102996,-0.100369,0.184987
65.2154,0.0456137,0.181801,-0.0986876,0.186083
65.2381,0.0435416,0.190275,-0.0972382,0.187139
65.2608,0.0414594,0.136787,-0.0949113,0.188154
65.2834,0.0393676,0.155607,-0.0927058,0.189128
65.3061,0.0372664,0.104881,-0.0909694,0.190061
65.3288,0.0351563,0.128459,-0.0887202,0.190953
65.3515,0.0330377,0.107366,-0.0868621,0.191804
65.3741,0.0309111,0.107189,-0.0848577,0.192612
65.3968,0.0287767,0.188228,-0.082418,0.19338
65.4195,0.0266351,0.141414,-0.0805084,0.194105
65.4422,0.0244865,0.156201,-0.0785763,0.194788
65.4649,0.0223316,0.130695,-0.0763278,0.195429
65.4875,0.0201705,0.129847,-0.0741818,0.196027
65.5102,0.0180039,0.127853,-0.0720494,0.196583
65.5329,0.015832,0.14598,-0.0699909,0.197096
65.5556,0.0136553,0.135638,-0.0676293,0.197566
65.5782,0.0114742,0.0980732,-0.06548,0.197994
65.6009,0.00928914,0.0776671,-0.0630736,0.198378
65.6236,0.00710054,0.127533,-0.0609419,0.19872
65.6463,0.00490883,0.119577,-0.0591323,0.199018
65.6689,0.00271443,0.100137,-0.0563111,0.199273
65.6916,0.000517741,0.125089,-0.0542694,0.199484
65.7143,-0.00168078,0.0911707,-0.0520244,0.199653
65.737,-0.00388072,0.132581,-0.0495146,0.199777
65.7596,-0.00608165,0.118208,-0.0474688,0.199859
65.7823,-0.00828315,0.0713635,-0.0446472,0.199897
65.805,-0.0104848,0.101578,-0.0424386,0.199892
65.8277,-0.0126861,0.0787125,-0.0400693,0.199843
65.8503,-0.0148867,0.0687055,-0.0377762,0.199751
65.873,-0.0170861,0.0494027,-0.0354471,0.199615
65.8957,-0.019284,0.0727018,-0.0330266,0.199436
65.9184,-0.0214799,0.0304115,-0.0306782,0.199214
65.941,-0.0236732,0.0558053,-0.0281943,0.198948
65.9637,-0.0258638,0.0692103,-0.0259064,0.198639
65.9864,-0.028051,0.0202537,-0.0232449,0.198287
66.0091,-0.0302344,0.0446848,-0.0209309,0.197892
66.0317,-0.0324137,0.00374562,-0.0184491,0.197453
66.0544,-0.0345884,0.0371237,-0.0162631,0.196972
66.0771,-0.036758,0.0358956,-0.0134638,0.196448
66.0998,-0.0389222,0.0375692,-0.0113085,0.195881
66.1224,-0.0410805,0.0246958,-0.00877327,0.195272
66.1451,-0.0432325,0.00673642,-0.00628744,0.19462
66.1678,-0.0453777,0.0595681,-0.00407796,0.193926
66.1905,-0.0475158,0.0108218,-0.00121734,0.193189
66.2132,-0.0496462,-0.0245779,0.00118653,0.192411
66.2358,-0.0517686,-0.0112676,0.0034457,0.19159
66.2585,-0.0538826,0.0163406,0.00596915,0.190729
66.2812,-0.0559877,-0.00300163,0.00839317,0.189825
66.3039,-0.0580835,0.0481231,0.010848,0.18888
66.3265,-0.0601696,0.0038046,0.0133394,0.187894
66.3492,-0.0622456,-0.0184335,0.0159064,0.186868
66.3719,-0.064311,-0.0454296,0.018108,0.1858
66.3946,-0.0663654,-0.00229024,0.0205417,0.184692
66.4172,-0.0684085,-0.0550441,0.0231286,0.183544
66.4399,-0.0704397,-0.0551362,0.0254164,0.182356
66.4626,-0.0724588,-0.0566892,0.0281921,0.181129
66.4853,-0.0744652,-0.0537855,0.030483,0.179862
66.5079,-0.0764587,0.0111615,0.0328144,0.178555
66.5306,-0.0784387,-0.0814343,0.035372,0.17721
66.5533,-0.0804049,-0.104135,0.0376317,0.175826
66.576,-0.0823568,-0.0712284,0.0400231,0.174405
66.5986,-0.0842941,-0.0405031,0.0425742,0.172945
66.6213,-0.0862164,-0.0907765,0.0453123,0.171447
66.644,-0.0881234,-0.0223591,0.0473288,0.169912
66.6667,-0.0900144,-0.0741676,0.0497813,0.168341
66.6893,-0.0918893,-0.079463,0.0520783,0.166732
66.712,-0.0937477,-0.0651877,0.0547221,0.165087
66.7347,-0.095589,-0.0510362,0.0567188,0.163407
66.7574,-0.097413,-0.0788786,0.0591951,0.161691
66.78,-0.0992194,-0.0881482,0.0617471,0.159939
66.8027,-0.101008,-0.0806788,0.0640162,0.158153
66.8254,-0.102777,-0.106415,0.0664543,0.156332
66.8481,-0.104528,-0.128308,0.0684167,0.154478
66.8707,-0.10626,-0.0918942,0.070834,0.152589
66.8934,-0.107972,-0.096357,0.0731715,0.150668
66.9161,-0.109665,-0.0852419,0.075491,0.148714
66.9388,-0.111337,-0.169238,0.0778495,0.146727
66.9615,-0.112988,-0.136857,0.0801304,0.144708
66.9841,-0.114618,-0.135855,0.0823921,0.142658
67.0068,-0.116228,-0.0929018,0.0843148,0.140577
67.0295,-0.117815,-0.148124,0.0867582,0.138466
67.0522,-0.119381,-0.134402,0.0887574,0.136324
67.0748,-0.120924,-0.120887,0.0908649,0.134152
67.0975,-0.122444,-0.161667,0.0929454,0.131952
67.1202,-0.123942,-0.155129,0.095471,0.129723
67.1429,-0.125417,-0.141235,0.0974372,0.127465
67.1655,-0.126867,-0.139703,0.0992495,0.12518
67.1882,-0.128294,-0.135501,0.101471,0.122867
67.2109,-0.129697,-0.199066,0.103674,0.120528
67.2336,-0.131075,-0.204149,0.105712,0.118163
67.2562,-0.132428,-0.160194,0.107595,0.115772
67.2789,-0.133757,-0.150697,0.109457,0.113356
67.3016,-0.13506,-0.173076,0.111601,0.110915
67.3243,-0.136337,-0.215961,0.113445,0.10845
67.3469,-0.137588,-0.157686,0.115671,0.105961
67.3696,-0.138813,-0.168515,0.117292,0.10345
67.3923,-0.140012,-0.259334,0.119191,0.100916
67.415,-0.141184,-0.150152,0.121031,0.0983597
67.4376,-0.142329,-0.151871,0.122919,0.0957824
67.4603,-0.143446,-0.214824,0.124713,0.0931843
67.483,-0.144536,-0.176052,0.126484,0.090566
67.5057,-0.145599,-0.197503,0.128181,0.0879281
67.5283,-0.146633,-0.208658,0.130152,0.085271
67.551,-0.147639,-0.256895,0.131866,0.0825955
67.5737,-0.148617,-0.249141,0.133469,0.0799021
67.5964,-0.149566,-0.215316,0.135067,0.0771913
67.619,-0.150486,-0.215286,0.136932,0.0744638
67.6417,-0.151377,-0.217271,0.138058,0.0717202
67.6644,-0.152238,-0.222976,0.139928,0.0689611
67.6871,-0.15307,-0.234775,0.14145,0.066187
67.7098,-0.153873,-0.203289,0.142768,0.0633987
67.7324,-0.154645,-0.242802,0.144511,0.0605966
67.7551,-0.155388,-0.205635,0.146054,0.0577814
67.7778,-0.1561,-0.249505,0.147409,0.0549537
67.8005,-0.156782,-0.213262,0.148771,0.0521142
67.8231,-0.157433,-0.245616,0.149982,0.0492635
67.8458,-0.158054,-0.229129,0.151492,0.0464021
67.8685,-0.158643,-0.230758,0.152853,0.0435308
67.8912,-0.159202,-0.227299,0.154036,0.04065
67.9138,-0.159729,-0.26031,0.155257,0.0377607
67.9365,-0.160225,-0.263921,0.156717,0.0348631
67.9592,-0.16069,-0.234503,0.157679,0.0319582
67.9819,-0.161123,-0.259284,0.15902,0.0290463
68.0045,-0.161524,-0.252017,0.160047,0.0261284
68.0272,-0.161894,-0.216049,0.161312,0.0232048
68.0499,-0.162231,-0.278072,0.162185,0.0202764
68.0726,-0.162537,-0.240672,0.163186,0.0173437
68.0952,-0.16281,-0.236568,0.164336,0.0144074
68.1179,-0.163052,-0.273619,0.165085,0.0114681
68.1406,-0.163261,-0.250739,0.166056,0.00852649
68.1633,-0.163437,-0.258831,0.166942,0.00558309
68.1859,-0.163581,-0.263435,0.167758,0.00263878
68.2086,-0.163693,-0.234742,0.168704,-0.000306021
68.2313,-0.163773,-0.277213,0.16934,-0.00325049
68.254,-0.163819,-0.28666,0.17028,-0.00619416
68.2766,-0.163833,-0.244857,0.170897,-0.00913621
68.2993,-0.163815,-0.257912,0.171618,-0.0120762
68.322,-0.163764,-0.228813,0.172336,-0.0150132
68.3447,-0.16368,-0.230779,0.173107,-0.0179469
68.3673,-0.163563,-0.255772,0.173356,-0.0208763
68.39,-0.163414,-0.265543,0.173867,-0.0238012
68.4127,-0.163232,-0.305689,0.174575,-0.0267205
68.4354,-0.163017,-0.259978,0.174928,-0.0296339
68.458,-0.162769,-0.244158,0.175465,-0.0325405
68.4807,-0.162489,-0.280625,0.175849,-0.0354399
68.5034,-0.162176,-0.244928,0.176264,-0.0383313
68.5261,-0.161831,-0.262567,0.176671,-0.0412141
68.5488,-0.161453,-0.221589,0.176705,-0.0440877
68.5714,-0.161042,-0.273802,0.177068,-0.0469516
68.5941,-0.160599,-0.255854,0.17733,-0.0498048
68.6168,-0.160123,-0.281103,0.177443,-0.0526471
68.6395,-0.159615,-0.268095,0.177576,-0.0554776
68.6621,-0.159075,-0.253256,0.177823,-0.0582959
68.6848,-0.158503,-0.228711,0.17782,-0.061101
68.7075,-0.157898,-0.305356,0.177814,-0.0638928
68.7302,-0.157261,-0.300219,0.177975,-0.0666702
68.7528,-0.156593,-0.231716,0.177804,-0.069433
68.7755,-0.155892,-0.299741,0.177753,-0.0721803
68.7982,-0.15516,-0.280315,0.177626,-0.0749117
68.8209,-0.154396,-0.253919,0.177449,-0.0776264
68.8435,-0.153601,-0.261191,0.177468,-0.080324
68.8662,-0.152774,-0.278615,0.177087,-0.0830037
68.8889,-0.151916,-0.28071,0.176854,-0.0856653
68.9116,-0.151027,-0.276702,0.176515,-0.0883077
68.9342,-0.150106,-0.257702,0.176248,-0.0909307
68.9569,-0.149156,-0.3072,0.175686,-0.0935335
68.9796,-0.148174,-0.256063,0.17543,-0.0961158
69.0023,-0.147162,-0.265904,0.174916,-0.0986767
69.0249,-0.14612,-0.284085,0.174505,-0.101216
69.0476,-0.145047,-0.291749,0.173939,-0.103733
69.0703,-0.143945,-0.255201,0.173306,-0.106227
69.093,-0.142813,-0.265126,0.172908,-0.108697
69.1156,-0.141651,-0.306044,0.172149,-0.111144
69.1383,-0.14046,-0.265437,0.171597,-0.113566
69.161,-0.13924,-0.242968,0.170881,-0.115963
69.1837,-0.137991,-0.271346,0.170068,-0.118334
69.2063,-0.136713,-0.261241,0.16927,-0.120679
69.229,-0.135407,-0.27573,0.168587,-0.122998
69.2517,-0.134073,-0.248878,0.167708,-0.125289
69.2744,-0.132711,-0.242185,0.166722,-0.127553
69.2971,-0.13132,-0.274592,0.165908,-0.129789
69.3197,-0.129903,-0.232205,0.164978,-0.131996
69.3424,-0.128458,-0.253477,0.164004,-0.134174
69.3651,-0.126986,-0.252452,0.162967,-0.136323
69.3878,-0.125488,-0.241896,0.161905,-0.138442
69.4104,-0.123963,-0.230491,0.16081,-0.140529
69.4331,-0.122412,-0.246855,0.159748,-0.142587
69.4558,-0.120836,-0.27115,0.158554,-0.144612
69.4785,-0.119233,-0.23014,0.157303,-0.146606
69.5011,-0.117606,-0.24902,0.156134,-0.148568
69.5238,-0.115953,-0.255035,0.154913,-0.150497
69.5465,-0.114276,-0.258074,0.15361,-0.152392
69.5692,-0.112575,-0.267028,0.15235,-0.154255
69.5918,-0.110849,-0.184235,0.151037,-0.156083
69.6145,-0.1091,-0.210657,0.149591,-0.157877
69.6372,-0.107328,-0.23962,0.148064,-0.159636
69.6599,-0.105533,-0.184647,0.146729,-0.16136
69.6825,-0.103715,-0.22082,0.145174,-0.163049
69.7052,-0.101874,-0.179778,0.143623,-0.164702
69.7279,-0.100012,-0.231586,0.142243,-0.166318
69.7506,-0.0981279,-0.233998,0.140563,-0.167898
69.7732,-0.0962227,-0.173449,0.138946,-0.169441
69.7959,-0.0942966,-0.204992,0.137282,-0.170947
69.8186,-0.09235,-0.201091,0.135609,-0.172415
69.8413,-0.0903833,-0.179191,0.134012,-0.173845
69.8639,-0.0883968,-0.187056,0.132259,-0.175237
69.8866,-0.0863909,-0.189094,0.13053,-0.176591
69.9093,-0.084366,-0.192822,0.128799,-0.177906
69.932,-0.0823226,-0.17229,0.126987,-0.179181
69.9546,-0.0802609,-0.188087,0.125129,-0.180417
69.9773,-0.0781814,-0.167041,0.123281,-0.181614
70,-0.0760845,-0.191261,0.121396,-0.182771
70.0227,-0.0739707,-0.203678,0.119435,-0.183888
70.0454,-0.0718402,-0.208744,0.117491,-0.184964
70.068,-0.0696936,-0.173311,0.115522,-0.185999
70.0907,-0.0675312,-0.212174,0.113544,-0.186994
70.1134,-0.0653536,-0.159484,0.111529,-0.187948
70.1361,-0.063161,-0.180806,0.109578,-0.18886
70.1587,-0.0609539,-0.160694,0.107406,-0.189731
70.1814,-0.0587329,-0.185019,0.105401,-0.19056
70.2041,-0.0564982,-0.141179,0.10327,-0.191348
70.2268,-0.0542504,-0.135836,0.101068,-0.192093
70.2494,-0.0519898,-0.176554,0.0991041,-0.192797
70.2721,-0.0497171,-0.111039,0.0967804,-0.193457
70.2948,-0.0474325,-0.151835,0.0945984,-0.194076
70.3175,-0.0451365,-0.138859,0.0924922,-0.194652
70.3401,-0.0428296,-0.133168,0.0902039,-0.195185
70.3628,-0.0405123,-0.150657,0.0878313,-0.195676
70.3855,-0.038185,-0.128937,0.0856125,-0.196123
70.4082,-0.0358481,-0.14865,0.0832916,-0.196528
70.4308,-0.0335022,-0.1306,0.0810242,-0.196889
70.4535,-0.0311477,-0.161867,0.0786627,-0.197207
70.4762,-0.0287851,-0.0973896,0.0762867,-0.197482
70.4989,-0.0264149,-0.112563,0.0739537,-0.197714
70.5215,-0.0240374,-0.103423,0.0715754,-0.197903
70.5442,-0.0216533,-0.101376,0.0691128,-0.198047
70.5669,-0.0192629,-0.100174,0.0667843,-0.198149
70.5896,-0.0168668,-0.0574759,0.0643124,-0.198207
70.6122,-0.0144655,-0.0887865,0.0618748,-0.198222
70.6349,-0.0120593,-0.101318,0.0594096,-0.198193
70.6576,-0.00964891,-0.132972,0.0569692,-0.198121
70.6803,-0.00723469,-0.0861428,0.0544775,-0.198005
70.7029,-0.00481713,-0.0306294,0.0518918,-0.197847
70.7256,-0.00239675,-0.0664239,0.0494636,-0.197644
70.7483,2.59727e-05,-0.0757762,0.0469381,-0.197399
70.771,0.00245054,-0.0641345,0.0443598,-0.19711
70.7937,0.00487646,-0.0651411,0.0418727,-0.196778
70.8163,0.00730326,-0.0346624,0.0392607,-0.196403
70.839,0.00973042,-0.0651976,0.0366902,-0.195986
70.8617,0.0121575,-0.0862451,0.0341274,-0.195525
70.8844,0.0145839,-0.0262722,0.0315367,-0.195021
70.907,0.0170092,-0.0278022,0.0289276,-0.194475
70.9297,0.0194329,-0.078064,0.0264043,-0.193886
70.9524,0.0218545,-0.0272347,0.0237845,-0.193255
70.9751,0.0242735,0.0117911,0.0211995,-0.192582
70.9977,0.0266894,-0.0267939,0.0185831,-0.191866
71.0204,0.0291018,0.0021183,0.0158836,-0.191108
71.0431,0.03151,0.0198608,0.0133401,-0.190309
71.0658,0.0339137,0.0238357,0.0106605,-0.189468
71.0884,0.0363123,-0.0287081,0.00801066,-0.188586
71.1111,0.0387054,0.0152588,0.00540145,-0.187663
71.1338,0.0410924,-0.0281962,0.00279292,-0.186698
71.1565,0.0434728,0.0190214,0.000146774,-0.185693
71.1791,0.0458462,-0.0293564,-0.00250652,-0.184647
71.2018,0.0482121,-0.00404573,-0.00510665,-0.183561
71.2245,0.0505699,0.0166631,-0.00776057,-0.182435
71.2472,0.0529193,0.0179434,-0.0103868,-0.181269
71.2698,0.0552596,0.0384157,-0.013055,-0.180063
71.2925,0.0575905,0.0365266,-0.0156843,-0.178819
71.3152,0.0599113,0.0399098,-0.0183348,-0.177535
71.3379,0.0622218,0.0503964,-0.0209727,-0.176212
71.3605,0.0645213,0.0242944,-0.0235926,-0.174851
71.3832,0.0668094,0.0332282,-0.0262457,-0.173452
71.4059,0.0690856,0.0246902,-0.0288526,-0.172015
71.4286,0.0713495,0.0992394,-0.0314597,-0.170541
71.4512,0.0736005,0.0497938,-0.0340597,-0.169029
71.4739,0.0758382,0.0752929,-0.0366519,-0.167481
71.4966,0.0780622,0.0877058,-0.0392812,-0.165896
71.5193,0.0802718,0.0814382,-0.0418647,-0.164276
71.542,0.0824668,0.086564,-0.0444411,-0.162619
71.5646,0.0846466,0.0572883,-0.0469785,-0.160927
71.5873,0.0868108,0.105572,-0.0496048,-0.1592
71.61,0.0889589,0.116289,-0.0521633,-0.157438
71.6327,0.0910905,0.105361,-0.0546764,-0.155642
71.6553,0.093205,0.105694,-0.0572332,-0.153813
71.678,0.0953022,0.038975,-0.0597378,-0.15195
71.7007,0.0973814,0.100443,-0.062238,-0.150054
71.7234,0.0994423,0.113279,-0.0647606,-0.148125
71.746,0.101484,0.10946,-0.0672618,-0.146164
71.7687,0.103507,0.110245,-0.0696959,-0.144172
71.7914,0.105511,0.145025,-0.0721628,-0.142148
71.8141,0.107494,0.127862,-0.074642,-0.140093
71.8367,0.109457,0.137672,-0.0770616,-0.138008
71.8594,0.111399,0.135241,-0.079477,-0.135893
71.8821,0.113319,0.131759,-0.0818676,-0.133749
71.9048,0.115218,0.135072,-0.0842474,-0.131576
71.9274,0.117095,0.160671,-0.0866218,-0.129375
71.9501,0.118949,0.158435,-0.0889652,-0.127145
71.9728,0.12078,0.13039,-0.0913005,-0.124888
71.9955,0.122588,0.121949,-0.0936123,-0.122603
72.0181,0.124372,0.169288,-0.0959201,-0.120293
72.0408,0.126132,0.171255,-0.0981749,-0.117956
72.0635,0.127868,0.189338,-0.100417,-0.115595
72.0862,0.129579,0.1404,-0.102683,-0.113208
72.1088,0.131264,0.182559,-0.10491,-0.110797
72.1315,0.132924,0.15334,-0.107069,-0.108361
72.1542,0.134558,0.173112,-0.109243,-0.105903
72.1769,0.136165,0.201577,-0.11142,-0.103422
72.1995,0.137746,0.155914,-0.113509,-0.100919
72.2222,0.1393,0.200394,-0.115621,-0.0983933
72.2449,0.140827,0.170109,-0.11769,-0.0958474
72.2676,0.142325,0.184132,-0.119758,-0.0932805
72.2902,0.143796,0.192498,-0.121779,-0.0906942
72.3129,0.145238,0.17278,-0.123778,-0.088088
72.3356,0.146652,0.199208,-0.125769,-0.0854634
72.3583,0.148036,0.216151,-0.127702,-0.0828202
72.381,0.149392,0.19734,-0.129658,-0.0801598
72.4036,0.150717,0.200685,-0.13154,-0.0774818
72.4263,0.152013,0.215264,-0.133441,-0.0747879
72.449,0.153279,0.203503,-0.135272,-0.0720776
72.4717,0.154514,0.190451,-0.13708,-0.0693526
72.4943,0.155718,0.222043,-0.138854,-0.0666124
72.517,0.156891,0.200924,-0.140634,-0.0638587
72.5397,0.158033,0.219814,-0.142348,-0.061091
72.5624,0.159144,0.216231,-0.144043,-0.058311
72.585,0.160222,0.222415,-0.145722,-0.0555183
72.6077,0.161268,0.224927,-0.147361,-0.0527145
72.6304,0.162283,0.25617,-0.148978,-0.0498992
72.6531,0.163264,0.23082,-0.150543,-0.0470741
72.6757,0.164213,0.219798,-0.152094,-0.0442387
72.6984,0.165129,0.279106,-0.153627,-0.0413948
72.7211,0.166011,0.216513,-0.155091,-0.0385418
72.7438,0.16686,0.25775,-0.156559,-0.0356816
72.7664,0.167676,0.263076,-0.157964,-0.0328136
72.7891,0.168457,0.24926,-0.159348,-0.0299396
72.8118,0.169205,0.251535,-0.160702,-0.0270591
72.8345,0.169918,0.243532,-0.162019,-0.0241738
72.8571,0.170597,0.265096,-0.163298,-0.0212834
72.8798,0.171241,0.267412,-0.164552,-0.0183894
72.9025,0.171851,0.268704,-0.165761,-0.0154916
72.9252,0.172426,0.278012,-0.166942,-0.0125915
72.9478,0.172966,0.277569,-0.16809,-0.00968875
72.9705,0.17347,0.294808,-0.169195,-0.00678512
72.9932,0.17394,0.244525,-0.17027,-0.00388009
73.0159,0.174374,0.265234,-0.171315,-0.000975468
73.0385,0.174772,0.299207,-0.172307,0.00192929
73.0612,0.175135,0.276346,-0.173274,0.00483238
73.0839,0.175462,0.268279,-0.174204,0.0077343
73.1066,0.175753,0.257647,-0.175094,0.0106333
73.1293,0.176008,0.241315,-0.175948,0.0135298
73.1519,0.176227,0.2927,-0.176767,0.016422
73.1746,0.17641,0.29248,-0.177551,0.0193106
73.1973,0.176557,0.255164,-0.178285,0.0221937
73.22,0.176668,0.271565,-0.178997,0.0250717
73.2426,0.176742,0.277861,-0.179664,0.027943
73.2653,0.17678,0.263914,-0.180293,0.0308081
73.288,0.176782,0.303103,-0.180882,0.0336651
73.3107,0.176747,0.273056,-0.181437,0.0365145
73.3333,0.176676,0.270043,-0.181952,0.0393547
73.356,0.176569,0.283824,-0.182426,0.0421862
73.3787,0.176425,0.27419,-0.182863,0.045007
73.4014,0.176245,0.247423,-0.183261,0.0478179
73.424,0.176028,0.301338,-0.183624,0.0506169
73.4467,0.175775,0.293517,-0.183942,0.0534048
73.4694,0.175485,0.29982,-0.184223,0.0561796
73.4921,0.175159,0.293932,-0.184467,0.0589419
73.5147,0.174797,0.285913,-0.184667,0.06169
73.5374,0.174398,0.286818,-0.184832,0.0644245
73.5601,0.173963,0.272004,-0.184955,0.0671435
73.5828,0.173492,0.266903,-0.185042,0.0698476
73.6054,0.172985,0.303672,-0.185087,0.0725351
73.6281,0.172442,0.278069,-0.185093,0.0752066
73.6508,0.171863,0.299921,-0.18506,0.0778602
73.6735,0.171249,0.276477,-0.184987,0.0804966
73.6961,0.170598,0.305836,-0.184874,0.083114
73.7188,0.169912,0.291407,-0.184724,0.0857131
73.7415,0.16919,0.271804,-0.184533,0.0882921
73.7642,0.168433,0.308805,-0.184303,0.0908516
73.7868,0.167641,0.315463,-0.184033,0.0933897
73.8095,0.166813,0.279008,-0.183725,0.0959074
73.8322,0.16595,0.297542,-0.183376,0.0984026
73.8549,0.165053,0.290525,-0.18299,0.100876
73.8776,0.164121,0.276129,-0.182562,0.103326
73.9002,0.163154,0.271079,-0.182098,0.105754
73.9229,0.162154,0.307189,-0.181593,0.108156
73.9456,0.161118,0.266621,-0.181051,0.110535
73.9683,0.160049,0.290739,-0.180468,0.112889
73.9909,0.158947,0.274028,-0.179849,0.115217
74.0136,0.15781,0.295359,-0.179189,0.117519
74.0363,0.15664,0.278551,-0.178493,0.119795
74.059,0.155437,0.276537,-0.177757,0.122044
74.0816,0.154202,0.267901,-0.176984,0.124265
74.1043,0.152933,0.271284,-0.176172,0.126458
74.127,0.151632,0.25252,-0.175324,0.128623
74.1497,0.150299,0.268273,-0.174436,0.130759
74.1723,0.148933,0.282921,-0.173513,0.132866
74.195,0.147536,0.273824,-0.17255,0.134942
74.2177,0.146108,0.252256,-0.171553,0.136989
74.2404,0.144649,0.269571,-0.170517,0.139005
74.263,0.143158,0.270557,-0.169446,0.14099
74.2857,0.141637,0.283272,-0.168337,0.142942
74.3084,0.140086,0.233788,-0.167193,0.144864
74.3311,0.138504,0.272905,-0.166012,0.146752
74.3537,0.136893,0.256441,-0.164797,0.148608
74.3764,0.135253,0.260983,-0.163545,0.15043
74.3991,0.133583,0.255437,-0.162259,0.152219
74.4218,0.131885,0.250141,-0.160937,0.153974
74.4444,0.130158,0.247075,-0.159582,0.155695
74.4671,0.128403,0.245862,-0.15819,0.15738
74.4898,0.126621,0.248588,-0.156767,0.159031
74.5125,0.124811,0.256132,-0.155308,0.160645
74.5351,0.122974,0.234941,-0.153817,0.162225
74.5578,0.12111,0.237823,-0.152292,0.163767
74.5805,0.11922,0.236927,-0.150735,0.165274
74.6032,0.117304,0.240746,-0.149144,0.166743
74.6259,0.115363,0.221566,-0.147523,0.168176
74.6485,0.113396,0.235063,-0.145868,0.169571
74.6712,0.111405,0.209995,-0.144184,0.170928
74.6939,0.109389,0.239843,-0.142466,0.172247
74.7166,0.107349,0.221636,-0.14072,0.173528
74.7392,0.105286,0.206962,-0.138941,0.17477
74.7619,0.103199,0.231326,-0.137135,0.175974
74.7846,0.10109,0.201594,-0.135296,0.177138
74.8073,0.0989584,0.21261,-0.133431,0.178263
74.8299,0.0968049,0.224535,-0.131535,0.179348
74.8526,0.0946299,0.199529,-0.129612,0.180393
74.8753,0.0924339,0.206981,-0.127659,0.181398
74.898,0.0902173,0.185606,-0.125681,0.182364
74.9206,0.0879806,0.199058,-0.123674,0.183288
74.9433,0.0857242,0.171647,-0.121642,0.184172
74.966,0.0834485,0.18763,-0.119581,0.185015
74.9887,0.0811541,0.194782,-0.117497,0.185817
75.0113,0.0788414,0.199269,-0.115385,0.186577
75.034,0.0765108,0.175595,-0.11325,0.187297
75.0567,0.0741628,0.172935,-0.111089,0.187975
75.0794,0.071798,0.172977,-0.108905,0.188611
75.102,0.0694168,0.167676,-0.106696,0.189206
75.1247,0.0670196,0.171228,-0.104466,0.189758
75.1474,0.064607,0.168114,-0.102211,0.190269
75.1701,0.0621794,0.157155,-0.0999364,0.190738
75.1927,0.0597374,0.162679,-0.0976377,0.191163
75.2154,0.0572814,0.156551,-0.09532,0.191548
75.2381,0.054812,0.149807,-0.0929792,0.191889
75.2608,0.0523297,0.151222,-0.0906206,0.192189
75.2834,0.0498349,0.152289,-0.08824,0.192445
75.3061,0.0473282,0.134295,-0.0858426,0.19266
75.3288,0.0448101,0.148621,-0.083424,0.192831
75.3515,0.0422811,0.129648,-0.0809898,0.192961
75.3741,0.0397417,0.113858,-0.0785355,0.193047
75.3968,0.0371925,0.129575,-0.0760665,0.193091
75.4195,0.0346339,0.130323,-0.0735784,0.193092
75.4422,0.0320666,0.125346,-0.0710768,0.193051
75.4649,0.029491,0.101618,-0.0685573,0.192967
75.4875,0.0269076,0.106644,-0.0660252,0.192841
75.5102,0.0243171,0.102331,-0.0634762,0.192672
75.5329,0.0217199,0.0976204,-0.0609158,0.192461
75.5556,0.0191166,0.104996,-0.0583397,0.192207
75.5782,0.0165077,0.098737,-0.0557532,0.191911
75.6009,0.0138938,0.0898845,-0.053152,0.191573
75.6236,0.0112753,0.0878675,-0.0505416,0.191193
75.6463,0.00865294,0.0809154,-0.0479177,0.19077
75.6689,0.00602715,0.0812916,-0.0452857,0.190306
75.6916,0.00339849,0.0717614,-0.0426412,0.189799
75.7143,0.000767522,0.0642586,-0.0399899,0.189252
75.737,-0.00186522,0.0648235,-0.0373272,0.188662
75.7596,-0.00449917,0.0803948,-0.0346587,0.188031
75.7823,-0.00713379,0.0496868,-0.0319801,0.187359
75.805,-0.00976852,0.046802,-0.0292968,0.186646
75.8277,-0.0124028,0.0419037,-0.0266046,0.185891
75.8503,-0.0150361,0.0357471,-0.0239088,0.185096
75.873,-0.0176679,0.0503467,-0.0212053,0.18426
75.8957,-0.0202975,0.0486974,-0.0184993,0.183385
75.9184,-0.0229246,0.0361347,-0.0157868,0.182468
75.941,-0.0255484,0.0343107,-0.013073,0.181512
75.9637,-0.0281684,0.0177906,-0.0103538,0.180516
75.9864,-0.0307842,0.0426559,-0.00763455,0.179481
76.0091,-0.0333951,0.0206377,-0.00491097,0.178406
76.0317,-0.0360007,-0.00272845,-0.00218864,0.177293
76.0544,-0.0386002,0.00463089,0.00053693,0.17614
76.0771,-0.0411933,0.0197991,0.0032601,0.174949
76.0998,-0.0437793,-0.00299225,0.00598528,0.17372
76.1224,-0.0463577,0.00669692,0.00870688,0.172453
76.1451,-0.048928,-0.00831167,0.0114294,0.171148
76.1678,-0.0514896,-0.00958848,0.0141471,0.169807
76.1905,-0.054042,-0.0228348,0.0168645,0.168427
76.2132,-0.0565845,-0.0199891,0.019576,0.167012
76.2358,-0.0591168,-0.0170636,0.022286,0.165559
76.2585,-0.0616383,-0.0220011,0.0249889,0.164071
76.2812,-0.0641483,-0.0361993,0.0276891,0.162547
76.3039,-0.0666464,-0.0303315,0.0303811,0.160988
76.3265,-0.0691321,-0.0465061,0.0330693,0.159394
76.3492,-0.0716048,-0.0401267,0.035748,0.157765
76.3719,-0.074064,-0.0598681,0.0384218,0.156102
76.3946,-0.0765091,-0.0396943,0.041085,0.154405
76.4172,-0.0789397,-0.0458918,0.0437422,0.152674
76.4399,-0.0813552,-0.0597407,0.0463875,0.150911
76.4626,-0.0837552,-0.0521853,0.0490256,0.149114
76.4853,-0.086139,-0.0667206,0.0516508,0.147286
76.5079,-0.0885061,-0.0627001,0.0542677,0.145425
76.5306,-0.0908562,-0.0767011,0.0568705,0.143533
76.5533,-0.0931886,-0.0790407,0.0594639,0.14161
76.576,-0.0955029,-0.0844757,0.0620421,0.139656
76.5986,-0.0977986,-0.0895089,0.0646097,0.137672
76.6213,-0.100075,-0.089222,0.0671611,0.135659
76.644,-0.102332,-0.0961074,0.0697007,0.133616
76.6667,-0.104569,-0.100546,0.072223,0.131545
76.6893,-0.106785,-0.0981947,0.0747325,0.129445
76.712,-0.10898,-0.095068,0.0772235,0.127318
76.7347,-0.111154,-0.104384,0.0797007,0.125162
76.7574,-0.113305,-0.115757,0.0821583,0.122981
76.78,-0.115434,-0.130266,0.084601,0.120772
76.8027,-0.117541,-0.112955,0.0870231,0.118539
76.8254,-0.119623,-0.11509,0.0894293,0.116279
76.8481,-0.121682,-0.133179,0.0918138,0.113995
76.8707,-0.123717,-0.120345,0.0941814,0.111686
76.8934,-0.125727,-0.137347,0.0965262,0.109354
76.9161,-0.127711,-0.142218,0.0988531,0.106998
76.9388,-0.12967,-0.139586,0.101156,0.104619
76.9615,-0.131603,-0.140413,0.10344,0.102218
76.9841,-0.13351,-0.145343,0.1057,0.0997961
77.0068,-0.135389,-0.150588,0.107939,0.0973521
77.0295,-0.137242,-0.144825,0.110153,0.0948882
77.0522,-0.139066,-0.16498,0.112346,0.0924036
77.0748,-0.140863,-0.150883,0.114513,0.0899002
77.0975,-0.142631,-0.167599,0.116657,0.0873771
77.1202,-0.14437,-0.175868,0.118774,0.0848364
77.1429,-0.146079,-0.151087,0.120868,0.0822772
77.1655,-0.147759,-0.167315,0.122934,0.0797015
77.1882,-0.149409,-0.172801,0.124976,0.0771084
77.2109,-0.151029,-0.166544,0.126989,0.0745
77.2336,-0.152618,-0.180107,0.128977,0.0718754
77.2562,-0.154176,-0.185437,0.130935,0.0692366
77.2789,-0.155702,-0.181133,0.132868,0.0665828
77.3016,-0.157196,-0.176159,0.134769,0.0639161
77.3243,-0.158659,-0.205745,0.136645,0.0612355
77.3469,-0.160088,-0.196081,0.138488,0.0585431
77.3696,-0.161485,-0.202799,0.140305,0.0558381
77.3923,-0.162849,-0.205792,0.142089,0.0531225
77.415,-0.16418,-0.200092,0.143845,0.0503955
77.4376,-0.165477,-0.202183,0.145568,0.0476592
77.4603,-0.166739,-0.22064,0.147262,0.0449126
77.483,-0.167968,-0.206577,0.148922,0.0421579
77.5057,-0.169162,-0.207993,0.150553,0.0393943
77.5283,-0.170321,-0.219156,0.152149,0.0366237
77.551,-0.171445,-0.217022,0.153715,0.0338455
77.5737,-0.172533,-0.223087,0.155245,0.0310615
77.5964,-0.173586,-0.224919,0.156746,0.028271
77.619,-0.174603,-0.223369,0.158209,0.0254761
77.6417,-0.175584,-0.216113,0.159642,0.022676
77.6644,-0.176528,-0.230947,0.161038,0.0198727
77.6871,-0.177436,-0.246473,0.162402,0.0170654
77.7098,-0.178307,-0.226546,0.163728,0.0142562
77.7324,-0.179141,-0.231724,0.165022,0.0114442
77.7551,-0.179938,-0.235346,0.166278,0.00863147
77.7778,-0.180698,-0.240034,0.167502,0.00581728
77.8005,-0.18142,-0.240366,0.168687,0.00300364
77.8231,-0.182104,-0.23796,0.169838,0.000189757
77.8458,-0.18275,-0.242707,0.17095,-0.00262227
77.8685,-0.183359,-0.23842,0.172029,-0.00543335
77.8912,-0.183929,-0.250485,0.173068,-0.00824134
77.9138,-0.18446,-0.248457,0.174072,-0.0110471
77.9365,-0.184954,-0.247469,0.175037,-0.0138485
77.9592,-0.185408,-0.240266,0.175967,-0.0166465
77.9819,-0.185824,-0.243411,0.176856,-0.0194389
78.0045,-0.186201,-0.251292,0.177711,-0.0222266
78.0272,-0.186539,-0.255092,0.178525,-0.0250075
78.0499,-0.186838,-0.258515,0.179303,-0.0277825
78.0726,-0.187097,-0.260967,0.18004,-0.0305494
78.0952,-0.187318,-0.257154,0.180741,-0.0333092
78.1179,-0.187499,-0.264589,0.181401,-0.0360597
78.1406,-0.187641,-0.254764,0.182025,-0.0388018
78.1633,-0.187744,-0.264352,0.182608,-0.0415335
78.1859,-0.187807,-0.265009,0.183154,-0.0442556
78.2086,-0.18783,-0.270224,0.183658,-0.046966
78.2313,-0.187814,-0.267496,0.184126,-0.0496656
78.254,-0.187759,-0.271832,0.184551,-0.0523523
78.2766,-0.187664,-0.25792,0.18494,-0.0550271
78.2993,-0.187529,-0.268865,0.185286,-0.0576878
78.322,-0.187355,-0.264259,0.185596,-0.0603354
78.3447,-0.187141,-0.264141,0.185863,-0.0629678
78.3673,-0.186888,-0.269165,0.186093,-0.0655858
78.39,-0.186595,-0.264518,0.186281,-0.0681875
78.4127,-0.186263,-0.262513,0.186432,-0.0707737
78.4354,-0.185891,-0.265316,0.18654,-0.0733424
78.458,-0.185481,-0.265436,0.186611,-0.0758945
78.4807,-0.18503,-0.270032,0.18664,-0.078428
78.5034,-0.184541,-0.26801,0.186631,-0.0809438
78.5261,-0.184012,-0.263553,0.18658,-0.0834398
78.5488,-0.183445,-0.273962,0.186491,-0.0859171
78.5714,-0.182838,-0.273803,0.18636,-0.0883734
78.5941,-0.182193,-0.275968,0.186193,-0.0908099
78.6168,-0.181509,-0.278929,0.185982,-0.0932245
78.6395,-0.180786,-0.268973,0.185735,-0.0956181
78.6621,-0.180025,-0.270463,0.185445,-0.0979888
78.6848,-0.179226,-0.262991,0.185118,-0.100338
78.7075,-0.178388,-0.26792,0.18475,-0.102662
78.7302,-0.177512,-0.2727,0.184344,-0.104964
78.7528,-0.176599,-0.268085,0.183897,-0.107241
78.7755,-0.175647,-0.2641,0.183413,-0.109493
78.7982,-0.174659,-0.268503,0.182887,-0.11172
78.8209,-0.173633,-0.266538,0.182325,-0.113922
78.8435,-0.172569,-0.274017,0.181721,-0.116096
78.8662,-0.171469,-0.255662,0.181081,-0.118245
78.8889,-0.170332,-0.260789,0.1804,-0.120366
78.9116,-0.169159,-0.270507,0.179684,-0.12246
78.9342,-0.167949,-0.259642,0.178926,-0.124526
78.9569,-0.166704,-0.259091,0.178133,-0.126563
78.9796,-0.165422,-0.264416,0.177299,-0.128571
79.0023,-0.164105,-0.255891,0.17643,-0.13055
79.0249,-0.162753,-0.260292,0.175521,-0.132499
79.0476,-0.161366,-0.258504,0.174578,-0.134418
79.0703,-0.159944,-0.256768,0.173594,-0.136305
79.093,-0.158488,-0.256492,0.172576,-0.138163
79.1156,-0.156997,-0.255061,0.171519,-0.139988
79.1383,-0.155472,-0.251719,0.170428,-0.141782
79.161,-0.153914,-0.246319,0.169298,-0.143543
79.1837,-0.152323,-0.255843,0.168135,-0.145273
79.2063,-0.150699,-0.24482,0.166933,-0.146968
79.229,-0.149042,-0.242296,0.165699,-0.148631
79.2517,-0.147353,-0.246203,0.164427,-0.15026
79.2744,-0.145632,-0.239292,0.163122,-0.151855
79.2971,-0.14388,-0.237948,0.16178,-0.153415
79.3197,-0.142096,-0.243222,0.160407,-0.154941
79.3424,-0.140281,-0.239824,0.158997,-0.156431
79.3651,-0.138436,-0.235303,0.157555,-0.157887
79.3878,-0.136561,-0.231153,0.156078,-0.159306
79.4104,-0.134656,-0.227267,0.15457,-0.16069
79.4331,-0.132721,-0.23228,0.153027,-0.162037
79.4558,-0.130758,-0.228039,0.151453,-0.163348
79.4785,-0.128766,-0.229141,0.149845,-0.164622
79.5011,-0.126746,-0.231176,0.148209,-0.165859
79.5238,-0.124699,-0.217142,0.146537,-0.167058
79.5465,-0.122623,-0.218064,0.144838,-0.168221
79.5692,-0.120522,-0.221048,0.143105,-0.169344
79.5918,-0.118393,-0.2155,0.141345,-0.170431
79.6145,-0.116239,-0.2059,0.139552,-0.171478
79.6372,-0.114059,-0.212156,0.137732,-0.172488
79.6599,-0.111854,-0.205254,0.135881,-0.173458
79.6825,-0.109624,-0.209276,0.134003,-0.17439
79.7052,-0.10737,-0.205083,0.132094,-0.175282
79.7279,-0.105092,-0.197576,0.13016,-0.176135
79.7506,-0.102791,-0.208632,0.128196,-0.176948
79.7732,-0.100467,-0.200365,0.126208,-0.177723
79.7959,-0.0981213,-0.186055,0.12419,-0.178456
79.8186,-0.0957534,-0.197843,0.122149,-0.179151
79.8413,-0.0933642,-0.192995,0.120079,-0.179805
79.8639,-0.0909541,-0.183283,0.117986,-0.180419
79.8866,-0.0885237,-0.189256,0.115866,-0.180993
79.9093,-0.0860734,-0.176504,0.113725,-0.181526
79.932,-0.0836039,-0.176993,0.111556,-0.182018
79.9546,-0.0811155,-0.17818,0.109367,-0.182471
79.9773,-0.0786089,-0.16827,0.107152,-0.182882
80,-0.0760845,-0.167956,0.104918,-0.183253
80.0227,-0.0735429,-0.165789,0.102658,-0.183582
80.0454,-0.0709846,-0.16582,0.10038,-0.183871
80.068,-0.0684101,-0.162554,0.0980781,-0.184119
80.0907,-0.06582,-0.157772,0.0957583,-0.184326
80.1134,-0.0632149,-0.155424,0.0934154,-0.184492
80.1361,-0.0605952,-0.144183,0.0910559,-0.184617
80.1587,-0.0579615,-0.148406,0.0886745,-0.1847
80.1814,-0.0553144,-0.143387,0.0862773,-0.184744
80.2041,-0.0526544,-0.140829,0.0838592,-0.184745
80.2268,-0.0499821,-0.139563,0.0814265,-0.184706
80.2494,-0.0472981,-0.135294,0.0789738,-0.184626
80.2721,-0.0446029,-0.131116,0.0765076,-0.184505
80.2948,-0.0418971,-0.134239,0.0740226,-0.184342
80.3175,-0.0391812,-0.122195,0.071525,-0.18414
80.3401,-0.0364558,-0.123449,0.0690096,-0.183896
80.3628,-0.0337216,-0.114644,0.0664827,-0.183612
80.3855,-0.0309791,-0.11442,0.0639392,-0.183286
80.4082,-0.0282288,-0.105112,0.0613853,-0.182921
80.4308,-0.0254713,-0.109959,0.0588157,-0.182515
80.4535,-0.0227073,-0.1066,0.0562369,-0.182069
80.4762,-0.0199373,-0.105182,0.0536436,-0.181582
80.4989,-0.017162,-0.096966,0.0510421,-0.181056
80.5215,-0.0143818,-0.0904462,0.0484272,-0.180489
80.5442,-0.0115974,-0.0936169,0.0458053,-0.179883
80.5669,-0.00880932,-0.0953337,0.0431709,-0.179237
80.5896,-0.00601825,-0.0828365,0.0405308,-0.178551
80.6122,-0.00322475,-0.0785407,0.0378794,-0.177826
80.6349,-0.000429396,-0.0790278,0.0352233,-0.177063
80.6576,0.00236721,-0.0738714,0.032557,-0.17626
80.6803,0.00516447,-0.0677044,0.0298872,-0.175418
80.7029,0.00796178,-0.0618981,0.0272084,-0.174538
80.7256,0.0107586,-0.0659752,0.0245271,-0.17362
80.7483,0.0135542,-0.0583261,0.021838,-0.172663
80.771,0.0163481,-0.0573303,0.0191476,-0.171669
80.7937,0.0191397,-0.0612681,0.0164505,-0.170636
80.8163,0.0219283,-0.0543941,0.0137532,-0.169567
80.839,0.0247135,-0.0461534,0.0110504,-0.16846
80.8617,0.0274945,-0.039831,0.00834852,-0.167317
80.8844,0.0302708,-0.0398745,0.00564227,-0.166137
80.907,0.0330418,-0.0316805,0.00293814,-0.164921
80.9297,0.0358069,-0.0335244,0.00023076,-0.163668
80.9524,0.0385655,-0.026258,-0.00247334,-0.162381
80.9751,0.041317,-0.0316323,-0.00517956,-0.161057
80.9977,0.0440608,-0.0247532,-0.00788132,-0.159699
81.0204,0.0467964,-0.0201193,-0.0105841,-0.158305
81.0431,0.0495231,-0.0119725,-0.0132813,-0.156877
81.0658,0.0522404,-0.0121219,-0.0159783,-0.155415
81.0884,0.0549476,-0.00975441,-0.0186685,-0.15392
81.1111,0.0576442,-0.00602255,-0.0213575,-0.15239
81.1338,0.0603297,0.00205038,-0.0240386,-0.150828
81.1565,0.0630034,0.00522667,-0.0267173,-0.149233
81.1791,0.0656647,0.00956651,-0.0293869,-0.147606
81.2018,0.0683131,0.0161084,-0.032053,-0.145946
81.2245,0.070948,0.0220533,-0.034709,-0.144256
81.2472,0.0735689,0.0200709,-0.0373603,-0.142534
81.2698,0.0761752,0.0209442,-0.0400003,-0.140781
81.2925,0.0787662,0.0247042,-0.0426346,-0.138998
81.3152,0.0813415,0.0277184,-0.0452564,-0.137185
81.3379,0.0839005,0.0312218,-0.0478714,-0.135342
81.3605,0.0864427,0.0377501,-0.0504729,-0.133471
81.3832,0.0889674,0.0376184,-0.0530663,-0.13157
81.4059,0.0914742,0.0460357,-0.0556453,-0.129642
81.4286,0.0939624,0.045186,-0.0582151,-0.127685
81.4512,0.0964316,0.0489759,-0.0607693,-0.125701
81.4739,0.0988813,0.0561616,-0.0633133,-0.12369
81.4966,0.101311,0.0577024,-0.0658406,-0.121653
81.5193,0.10372,0.0592706,-0.0683566,-0.11959
81.542,0.106107,0.0601712,-0.0708549,-0.117502
81.5646,0.108473,0.060325,-0.0733408,-0.115388
81.5873,0.110817,0.0710757,-0.075808,-0.11325
81.61,0.113138,0.0688022,-0.0782618,-0.111087
81.6327,0.115436,0.0794095,-0.0806958,-0.108902
81.6553,0.117711,0.0745744,-0.0831154,-0.106693
81.678,0.11996,0.0795586,-0.0855142,-0.104462
81.7007,0.122186,0.0819745,-0.0878976,-0.102208
81.7234,0.124386,0.0891194,-0.090259,-0.0999336
81.746,0.12656,0.0862096,-0.0926042,-0.0976375
81.7687,0.128708,0.095538,-0.0949265,-0.0953214
81.7914,0.13083,0.0948701,-0.0972314,-0.0929848
81.8141,0.132925,0.104326,-0.0995125,-0.0906295
81.8367,0.134991,0.0968925,-0.101775,-0.0882546
81.8594,0.13703,0.107608,-0.104013,-0.085862
81.8821,0.139041,0.106235,-0.106232,-0.083451
81.9048,0.141023,0.116439,-0.108425,-0.0810234
81.9274,0.142975,0.116074,-0.110598,-0.0785784
81.9501,0.144897,0.117996,-0.112745,-0.0761179
81.9728,0.14679,0.122999,-0.11487,-0.0736413
81.9955,0.148651,0.128796,-0.116968,-0.0711502
82.0181,0.150482,0.121165,-0.119044,-0.0686441
82.0408,0.152281,0.134636,-0.121091,-0.0661246
82.0635,0.154049,0.135863,-0.123116,-0.0635912
82.0862,0.155784,0.136696,-0.125112,-0.0610457
82.1088,0.157487,0.138052,-0.127084,-0.0584874
82.1315,0.159156,0.148201,-0.129025,-0.0559182
82.1542,0.160793,0.141824,-0.130943,-0.0533373
82.1769,0.162395,0.144531,-0.132829,-0.0507466
82.1995,0.163964,0.149399,-0.134691,-0.0481454
82.2222,0.165498,0.148568,-0.136521,-0.0455356
82.2449,0.166997,0.160661,-0.138324,-0.0429165
82.2676,0.168462,0.158063,-0.140096,-0.0402899
82.2902,0.16989,0.151129,-0.14184,-0.0376552
82.3129,0.171284,0.163891,-0.143552,-0.0350142
82.3356,0.172641,0.167451,-0.145236,-0.0323662
82.3583,0.173961,0.166873,-0.146887,-0.0297132
82.381,0.175245,0.166621,-0.148509,-0.0270545
82.4036,0.176492,0.165722,-0.150097,-0.0243918
82.4263,0.177702,0.173939,-0.151656,-0.0217246
82.449,0.178874,0.178194,-0.153179,-0.0190547
82.4717,0.180009,0.172594,-0.154674,-0.0163815
82.4943,0.181105,0.179209,-0.156133,-0.0137067
82.517,0.182164,0.176944,-0.157561,-0.0110298
82.5397,0.183183,0.179374,-0.158954,-0.00835258
82.5624,0.184164,0.187511,-0.160316,-0.00567446
82.585,0.185106,0.189704,-0.16164,-0.00299712
82.6077,0.186009,0.18841,-0.162934,-0.000320105
82.6304,0.186872,0.190664,-0.16419,0.00235486
82.6531,0.187696,0.188929,-0.165415,0.00502834
82.6757,0.18848,0.192075,-0.166602,0.00769865
82.6984,0.189223,0.1915,-0.167756,0.0103662
82.7211,0.189927,0.196129,-0.168873,0.0130294
82.7438,0.19059,0.195681,-0.169956,0.0156887
82.7664,0.191213,0.205039,-0.171001,0.0183424
82.7891,0.191796,0.199184,-0.172012,0.0209911
82.8118,0.192337,0.206784,-0.172985,0.0236329
82.8345,0.192838,0.205991,-0.173924,0.0262686
82.8571,0.193297,0.208663,-0.174823,0.0288963
82.8798,0.193715,0.209864,-0.175688,0.0315166
82.9025,0.194092,0.204562,-0.176514,0.0341278
82.9252,0.194428,0.21579,-0.177305,0.0367304
82.9478,0.194722,0.21246,-0.178056,0.0393227
82.9705,0.194975,0.216811,-0.178772,0.0419054
82.9932,0.195186,0.221171,-0.179448,0.0444766
83.0159,0.195356,0.212554,-0.180089,0.047037
83.0385,0.195484,0.220789,-0.180689,0.0495848
83.0612,0.19557,0.223765,-0.181254,0.0521206
83.0839,0.195614,0.21952,-0.181778,0.0546428
83.1066,0.195616,0.219547,-0.182267,0.0571519
83.1293,0.195577,0.224047,-0.182715,0.0596461
83.1519,0.195496,0.219907,-0.183127,0.0621262
83.1746,0.195373,0.226675,-0.183498,0.0645904
83.1973,0.195208,0.222112,-0.183833,0.0670393
83.22,0.195001,0.219564,-0.184126,0.0694713
83.2426,0.194753,0.224659,-0.184384,0.0718869
83.2653,0.194463,0.222422,-0.1846,0.0742844
83.288,0.194131,0.224579,-0.184781,0.0766645
83.3107,0.193757,0.225033,-0.184919,0.0790256
83.3333,0.193342,0.228113,-0.185022,0.0813682
83.356,0.192886,0.235807,-0.185083,0.0836907
83.3787,0.192388,0.23147,-0.185108,0.0859937
83.4014,0.191849,0.233002,-0.185092,0.0882756
83.424,0.191268,0.222556,-0.18504,0.090537
83.4467,0.190646,0.228324,-0.184945,0.0927763
83.4694,0.189984,0.226644,-0.184815,0.0949941
83.4921,0.18928,0.231262,-0.184644,0.0971889
83.5147,0.188536,0.228498,-0.184436,0.0993612
83.5374,0.187752,0.23033,-0.184187,0.101509
83.5601,0.186926,0.233545,-0.183903,0.103634
83.5828,0.186061,0.230462,-0.183577,0.105734
83.6054,0.185156,0.230889,-0.183215,0.10781
83.6281,0.18421,0.230106,-0.182813,0.10986
83.6508,0.183225,0.228636,-0.182374,0.111884
83.6735,0.1822,0.235783,-0.181895,0.113882
83.6961,0.181136,0.229665,-0.181381,0.115854
83.7188,0.180033,0.233702,-0.180826,0.117798
83.7415,0.178891,0.224417,-0.180236,0.119715
83.7642,0.177711,0.228347,-0.179605,0.121604
83.7868,0.176492,0.231774,-0.17894,0.123465
83.8095,0.175235,0.230341,-0.178234,0.125297
83.8322,0.17394,0.228683,-0.177494,0.127101
83.8549,0.172607,0.231476,-0.176714,0.128874
83.8776,0.171237,0.230553,-0.1759,0.130618
83.9002,0.16983,0.229391,-0.175046,0.132331
83.9229,0.168386,0.224799,-0.174159,0.134014
83.9456,0.166906,0.223355,-0.173232,0.135666
83.9683,0.165389,0.230511,-0.172272,0.137287
83.9909,0.163837,0.219234,-0.171273,0.138876
84.0136,0.162249,0.213937,-0.170242,0.140433
84.0363,0.160626,0.22131,-0.169171,0.141958
84.059,0.158968,0.215355,-0.168069,0.14345
84.0816,0.157275,0.219709,-0.166928,0.144909
84.1043,0.155549,0.221432,-0.165756,0.146336
84.127,0.153788,0.223646,-0.164546,0.147728
84.1497,0.151994,0.216031,-0.163304,0.149087
84.1723,0.150167,0.218973,-0.162026,0.150411
84.195,0.148307,0.21448,-0.160717,0.151701
84.2177,0.146415,0.206741,-0.159371,0.152956
84.2404,0.144491,0.214377,-0.157995,0.154177
84.263,0.142536,0.211838,-0.156583,0.155362
84.2857,0.140549,0.207383,-0.155142,0.156512
84.3084,0.138532,0.211974,-0.153665,0.157626
84.3311,0.136485,0.202352,-0.152159,0.158705
84.3537,0.134407,0.206482,-0.150618,0.159747
84.3764,0.132301,0.20429,-0.149049,0.160753
84.3991,0.130165,0.207589,-0.147446,0.161722
84.4218,0.128001,0.203986,-0.145815,0.162655
84.4444,0.125809,0.202058,-0.14415,0.16355
84.4671,0.123589,0.201132,-0.142459,0.164409
84.4898,0.121343,0.19188,-0.140735,0.16523
84.5125,0.119069,0.199675,-0.138985,0.166015
84.5351,0.11677,0.193278,-0.137202,0.166761
84.5578,0.114445,0.186291,-0.135394,0.16747
84.5805,0.112095,0.193637,-0.133555,0.16814
84.6032,0.10972,0.191567,-0.131691,0.168773
84.6259,0.107321,0.181039,-0.129797,0.169368
84.6485,0.104898,0.185493,-0.127879,0.169924
84.6712,0.102452,0.184027,-0.125931,0.170442
84.6939,0.0999838,0.181427,-0.123959,0.170923
84.7166,0.0974933,0.183521,-0.121959,0.171364
84.7392,0.0949812,0.171626,-0.119937,0.171767
84.7619,0.0924482,0.172016,-0.117886,0.172131
84.7846,0.0898947,0.174255,-0.115814,0.172456
84.8073,0.0873213,0.170496,-0.113715,0.172743
84.8299,0.0847285,0.165086,-0.111595,0.172991
84.8526,0.0821168,0.163735,-0.109449,0.1732
84.8753,0.0794869,0.166855,-0.107283,0.17337
84.898,0.0768393,0.161766,-0.105092,0.173502
84.9206,0.0741746,0.158038,-0.102881,0.173595
84.9433,0.0714933,0.157878,-0.100647,0.173648
84.966,0.068796,0.152568,-0.0983943,0.173663
84.9887,0.0660833,0.154458,-0.0961183,0.173639
85.0113,0.0633558,0.154682,-0.0938252,0.173577
85.034,0.060614,0.147778,-0.0915095,0.173475
85.0567,0.0578585,0.141805,-0.0891777,0.173335
85.0794,0.05509,0.143159,-0.0868244,0.173156
85.102,0.052309,0.132657,-0.084456,0.172939
85.1247,0.0495161,0.135273,-0.0820669,0.172683
85.1474,0.0467119,0.136043,-0.0796638,0.172389
85.1701,0.0438971,0.125802,-0.077241,0.172057
85.1927,0.0410722,0.133049,-0.0748051,0.171686
85.2154,0.0382378,0.132482,-0.0723507,0.171277
85.2381,0.0353946,0.123932,-0.069884,0.17083
85.2608,0.0325431,0.122511,-0.0673998,0.170345
85.2834,0.0296839,0.118158,-0.0649045,0.169823
85.3061,0.0268178,0.120633,-0.0623927,0.169262
85.3288,0.0239453,0.114273,-0.0598708,0.168665
85.3515,0.0210669,0.115148,-0.0573335,0.16803
85.3741,0.0181835,0.106554,-0.0547871,0.167358
85.3968,0.0152954,0.109812,-0.0522262,0.166649
85.4195,0.0124035,0.104034,-0.0496574,0.165903
85.4422,0.00950827,0.102205,-0.0470752,0.16512
85.4649,0.00661037,0.0983591,-0.0444862,0.164302
85.4875,0.00371042,0.0901271,-0.0418848,0.163447
85.5102,0.000809059,0.0936988,-0.0392775,0.162556
85.5329,-0.0020931,0.0954288,-0.0366591,0.161629
85.5556,-0.00499541,0.0888422,-0.0340359,0.160667
85.5782,-0.00789727,0.084401,-0.0314026,0.159669
85.6009,-0.010798,0.0790956,-0.0287655,0.158637
85.6236,-0.0136971,0.0840403,-0.0261195,0.157569
85.6463,-0.0165938,0.0700283,-0.0234708,0.156468
85.6689,-0.0194875,0.0703272,-0.0208142,0.155332
85.6916,-0.0223776,0.0712025,-0.0181561,0.154162
85.7143,-0.0252635,0.0717754,-0.0154912,0.152958
85.737,-0.0281446,0.0636604,-0.0128258,0.151721
85.7596,-0.0310202,0.0638272,-0.0101548,0.150451
85.7823,-0.0338897,0.0622154,-0.00748436,0.149148
85.805,-0.0367524,0.0551313,-0.00480939,0.147812
85.8277,-0.0396079,0.0536469,-0.00213612,0.146445
85.8503,-0.0424554,0.0503163,0.000540606,0.145045
85.873,-0.0452943,0.0466014,0.00321448,0.143614
85.8957,-0.048124,0.0398781,0.00589074,0.142152
85.9184,-0.0509439,0.0359532,0.00856304,0.14066
85.941,-0.0537533,0.0375349,0.0112366,0.139136
85.9637,-0.0565518,0.0314151,0.0139052,0.137583
85.9864,-0.0593386,0.0277487,0.0165738,0.136
86.0091,-0.0621132,0.0279695,0.0192364,0.134388
86.0317,-0.0648749,0.0265466,0.021898,0.132746
86.0544,-0.0676232,0.0204777,0.0245523,0.131076
86.0771,-0.0703574,0.0218941,0.0272046,0.129378
86.0998,-0.073077,0.0238326,0.0298486,0.127652
86.1224,-0.0757814,0.0113506,0.0324894,0.125899
86.1451,-0.0784699,0.0142836,0.0351209,0.124119
86.1678,-0.0811421,0.00308939,0.0377481,0.122312
86.1905,-0.0837972,0.00727778,0.0403647,0.12048
86.2132,-0.0864348,-0.00107897,0.0429761,0.118621
86.2358,-0.0890542,-0.0036957,0.0455759,0.116737
86.2585,-0.091655,0.000443361,0.0481693,0.114829
86.2812,-0.0942364,-0.00789719,0.05075,0.112896
86.3039,-0.096798,-0.00538191,0.0533233,0.110939
86.3265,-0.0993392,-0.00969246,0.0558829,0.108959
86.3492,-0.101859,-0.0141812,0.058434,0.106956
86.3719,-0.104358,-0.0154656,0.0609703,0.10493
86.3946,-0.106835,-0.0236349,0.063497,0.102882
86.4172,-0.109289,-0.0201688,0.066008,0.100813
86.4399,-0.11172,-0.0271757,0.0685083,0.098722
86.4626,-0.114127,-0.0319141,0.0709918,0.096611
86.4853,-0.11651,-0.035299,0.0734636,0.0944796
86.5079,-0.118869,-0.0316057,0.0759176,0.0923288
86.5306,-0.121202,-0.0373349,0.0783589,0.0901586
86.5533,-0.123509,-0.0409102,0.0807813,0.0879701
86.576,-0.12579,-0.0407827,0.0831901,0.0857631
86.5986,-0.128045,-0.0423555,0.085579,0.0835388
86.6213,-0.130272,-0.0472094,0.0879532,0.0812971
86.644,-0.132471,-0.0530722,0.0903067,0.0790391
86.6667,-0.134643,-0.056646,0.0926444,0.0767647
86.6893,-0.136785,-0.0606319,0.0949604,0.074475
86.712,-0.138899,-0.0613167,0.0972597,0.07217
86.7347,-0.140982,-0.0632442,0.0995363,0.0698508
86.7574,-0.143036,-0.0663034,0.101795,0.0675174
86.78,-0.145059,-0.0706835,0.104031,0.0651707
86.8027,-0.147051,-0.0798122,0.106247,0.0628109
86.8254,-0.149012,-0.0693684,0.10844,0.060439
86.8481,-0.150941,-0.0702765,0.110613,0.058055
86.8707,-0.152838,-0.0784211,0.11276,0.05566
86.8934,-0.154702,-0.0784569,0.114887,0.0532541
86.9161,-0.156533,-0.0874754,0.116987,0.0508381
86.9388,-0.15833,-0.0823762,0.119067,0.0484123
86.9615,-0.160094,-0.0919501,0.121119,0.0459777
86.9841,-0.161823,-0.0887112,0.123149,0.0435343
87.0068,-0.163517,-0.0950304,0.125151,0.0410831
87.0295,-0.165177,-0.0991215,0.12713,0.0386244
87.0522,-0.166801,-0.0960616,0.129081,0.036159
87.0748,-0.168389,-0.0971421,0.131007,0.0336871
87.0975,-0.169941,-0.102383,0.132904,0.0312096
87.1202,-0.171457,-0.108467,0.134776,0.0287268
87.1429,-0.172936,-0.109085,0.136618,0.0262396
87.1655,-0.174378,-0.108604,0.138435,0.0237481
87.1882,-0.175782,-0.113121,0.14022,0.0212533
87.2109,-0.177148,-0.116396,0.141979,0.0187554
87.2336,-0.178477,-0.116093,0.143706,0.0162553
87.2562,-0.179767,-0.12024,0.145407,0.0137533
87.2789,-0.181019,-0.126351,0.147075,0.0112502
87.3016,-0.182231,-0.123713,0.148715,0.00874631
87.3243,-0.183404,-0.127895,0.150322,0.00624247
87.3469,-0.184538,-0.124547,0.151901,0.00373889
87.3696,-0.185633,-0.129886,0.153446,0.00123653
87.3923,-0.186687,-0.135362,0.154962,-0.00126442
87.415,-0.187701,-0.127993,0.156443,-0.00376306
87.4376,-0.188674,-0.137785,0.157895,-0.00625913
87.4603,-0.189607,-0.141083,0.159311,-0.00875178
87.483,-0.1905,-0.140204,0.160698,-0.0112408
87.5057,-0.191351,-0.13846,0.162048,-0.0137252
87.5283,-0.19216,-0.144039,0.163368,-0.0162049
87.551,-0.192929,-0.147541,0.164652,-0.0186789
87.5737,-0.193656,-0.145369,0.165904,-0.021147
87.5964,-0.194341,-0.147792,0.16712,-0.0236083
87.619,-0.194984,-0.150753,0.168304,-0.0260627
87.6417,-0.195585,-0.152153,0.16945,-0.0285091
87.6644,-0.196144,-0.154456,0.170564,-0.0309476
87.6871,-0.19666,-0.154482,0.17164,-0.033377
87.7098,-0.197134,-0.158755,0.172684,-0.0357973
87.7324,-0.197566,-0.157767,0.173689,-0.0382076
87.7551,-0.197955,-0.160046,0.174661,-0.0406076
87.7778,-0.198301,-0.15925,0.175595,-0.0429966
87.8005,-0.198604,-0.164135,0.176494,-0.0453742
87.8231,-0.198864,-0.164879,0.177355,-0.0477397
87.8458,-0.199082,-0.163544,0.178182,-0.0500928
87.8685,-0.199256,-0.174423,0.178969,-0.0524327
87.8912,-0.199387,-0.170416,0.179722,-0.0547592
87.9138,-0.199475,-0.168317,0.180435,-0.0570715
87.9365,-0.19952,-0.171874,0.181113,-0.0593694
87.9592,-0.199522,-0.169561,0.181752,-0.0616521
87.9819,-0.199481,-0.170372,0.182355,-0.0639193
88.0045,-0.199396,-0.179785,0.182918,-0.0661702
88.0272,-0.199269,-0.181384,0.183446,-0.0684047
88.0499,-0.199098,-0.177913,0.183934,-0.070622
88.0726,-0.198884,-0.17957,0.184386,-0.0728219
88.0952,-0.198627,-0.179606,0.184797,-0.0750036
88.1179,-0.198327,-0.17816,0.185172,-0.0771669
88.1406,-0.197984,-0.181542,0.185507,-0.0793111
88.1633,-0.197598,-0.181776,0.185806,-0.0814359
88.1859,-0.19717,-0.18434,0.186063,-0.0835407
88.2086,-0.196699,-0.189878,0.186285,-0.0856252
88.2313,-0.196185,-0.184565,0.186466,-0.0876887
88.254,-0.195628,-0.182424,0.18661,-0.0897311
88.2766,-0.19503,-0.188907,0.186714,-0.0917516
88.2993,-0.194388,-0.190369,0.186781,-0.09375
88.322,-0.193705,-0.189384,0.186807,-0.0957258
88.3447,-0.19298,-0.192208,0.186796,-0.0976785
88.3673,-0.192213,-0.187691,0.186745,-0.0996078
88.39,-0.191404,-0.193928,0.186657,-0.101513
88.4127,-0.190554,-0.190543,0.186528,-0.103394
88.4354,-0.189662,-0.193488,0.186362,-0.105251
88.458,-0.188729,-0.190874,0.186156,-0.107082
88.4807,-0.187756,-0.186411,0.185913,-0.108888
88.5034,-0.186741,-0.191742,0.185629,-0.110668
88.5261,-0.185686,-0.193544,0.185309,-0.112421
88.5488,-0.184591,-0.196448,0.184948,-0.114148
88.5714,-0.183456,-0.188193,0.184552,-0.115848
88.5941,-0.18228,-0.19486,0.184114,-0.117521
88.6168,-0.181066,-0.195749,0.18364,-0.119166
88.6395,-0.179811,-0.194287,0.183126,-0.120782
88.6621,-0.178518,-0.196006,0.182576,-0.122371
88.6848,-0.177186,-0.194777,0.181986,-0.12393
88.7075,-0.175816,-0.194108,0.18136,-0.125461
88.7302,-0.174407,-0.192954,0.180694,-0.126962
88.7528,-0.172961,-0.194693,0.179993,-0.128433
88.7755,-0.171476,-0.196475,0.179251,-0.129875
88.7982,-0.169955,-0.192176,0.178475,-0.131286
88.8209,-0.168397,-0.191368,0.177659,-0.132666
88.8435,-0.166802,-0.190974,0.176809,-0.134016
88.8662,-0.16517,-0.199265,0.175919,-0.135334
88.8889,-0.163503,-0.195121,0.174995,-0.13662
88.9116,-0.1618,-0.194209,0.174032,-0.137875
88.9342,-0.160062,-0.195153,0.173035,-0.139098
88.9569,-0.15829,-0.189596,0.171999,-0.140289
88.9796,-0.156482,-0.194905,0.17093,-0.141447
89.0023,-0.154641,-0.193815,0.169823,-0.142573
89.0249,-0.152766,-0.194965,0.168682,-0.143665
89.0476,-0.150858,-0.187242,0.167504,-0.144725
89.0703,-0.148917,-0.189244,0.166294,-0.145751
89.093,-0.146944,-0.190248,0.165045,-0.146743
89.1156,-0.144938,-0.193924,0.163765,-0.147701
89.1383,-0.142902,-0.192306,0.162448,-0.148626
89.161,-0.140834,-0.1877,0.1611,-0.149516
89.1837,-0.138735,-0.191723,0.159715,-0.150372
89.2063,-0.136606,-0.186093,0.158299,-0.151194
89.229,-0.134447,-0.188972,0.156847,-0.15198
89.2517,-0.132259,-0.184438,0.155365,-0.152732
89.2744,-0.130042,-0.185147,0.153848,-0.153449
89.2971,-0.127797,-0.184523,0.152301,-0.154131
89.3197,-0.125524,-0.179994,0.150719,-0.154778
89.3424,-0.123224,-0.184727,0.149108,-0.155389
89.3651,-0.120897,-0.178483,0.147464,-0.155965
89.3878,-0.118543,-0.181105,0.14579,-0.156505
89.4104,-0.116164,-0.176746,0.144084,-0.15701
89.4331,-0.113759,-0.181963,0.142349,-0.157478
89.4558,-0.11133,-0.179874,0.140582,-0.157911
89.4785,-0.108876,-0.172664,0.138788,-0.158308
89.5011,-0.106398,-0.17555,0.136962,-0.15867
89.5238,-0.103898,-0.171379,0.135109,-0.158995
89.5465,-0.101374,-0.170581,0.133226,-0.159284
89.5692,-0.0988287,-0.171405,0.131317,-0.159537
89.5918,-0.0962616,-0.170304,0.129377,-0.159754
89.6145,-0.0936735,-0.171201,0.127413,-0.159934
89.6372,-0.091065,-0.168803,0.125419,-0.160079
89.6599,-0.0884365,-0.167775,0.1234,-0.160187
89.6825,-0.0857888,-0.16068,0.121354,-0.160259
89.7052,-0.0831224,-0.168218,0.119283,-0.160295
89.7279,-0.0804377,-0.158894,0.117185,-0.160295
89.7506,-0.0777356,-0.158491,0.115065,-0.160259
89.7732,-0.0750164,-0.156613,0.112917,-0.160187
89.7959,-0.0722809,-0.152587,0.110748,-0.160079
89.8186,-0.0695295,-0.155916,0.108553,-0.159935
89.8413,-0.066763,-0.153575,0.106337,-0.159755
89.8639,-0.0639819,-0.146435,0.104096,-0.159539
89.8866,-0.0611868,-0.149385,0.101835,-0.159287
89.9093,-0.0583783,-0.151582,0.0995498,-0.159
89.932,-0.055557,-0.14929,0.0972455,-0.158677
89.9546,-0.0527236,-0.144262,0.094918,-0.158318
89.9773,-0.0498787,-0.14521,0.0925725,-0.157925
90,-0.0470228,-0.139898,0.0902047,-0.157496
90.0227,-0.0441567,-0.145556,0.0878197,-0.157031
90.0454,-0.0412808,-0.13405,0.0854135,-0.156532
90.068,-0.038396,-0.13833,0.0829911,-0.155998
90.0907,-0.0355027,-0.135627,0.0805484,-0.15543
90.1134,-0.0326016,-0.132374,0.0780905,-0.154826
90.1361,-0.0296934,-0.134751,0.0756134,-0.154189
90.1587,-0.0267787,-0.133951,0.0731221,-0.153517
90.1814,-0.0238581,-0.128687,0.0706125,-0.152811
90.2041,-0.0209323,-0.123875,0.0680898,-0.152072
90.2268,-0.0180018,-0.124577,0.0655499,-0.151298
90.2494,-0.0150674,-0.122869,0.0629978,-0.150491
90.2721,-0.0121296,-0.12305,0.0604296,-0.149651
90.2948,-0.0091892,-0.115028,0.0578503,-0.148778
90.3175,-0.00624672,-0.112727,0.055256,-0.147872
90.3401,-0.00330285,-0.115824,0.0526516,-0.146934
90.3628,-0.000358209,-0.109426,0.0500331,-0.145963
90.3855,0.00258654,-0.108047,0.0474058,-0.14496
90.4082,0.00553077,-0.104703,0.0447655,-0.143926
90.4308,0.00847382,-0.103451,0.0421173,-0.14286
90.4535,0.0114151,-0.104837,0.0394573,-0.141762
90.4762,0.0143539,-0.100924,0.0367905,-0.140634
90.4989,0.0172896,-0.0994868,0.034113,-0.139474
90.5215,0.0202215,-0.0948649,0.0314299,-0.138285
90.5442,0.0231491,-0.091296,0.028737,-0.137065
90.5669,0.0260717,-0.0911791,0.0260397,-0.135815
90.5896,0.0289886,-0.089695,0.0233337,-0.134535
90.6122,0.0318992,-0.085455,0.0206244,-0.133227
90.6349,0.0348029,-0.0797318,0.0179077,-0.131889
90.6576,0.037699,-0.0820177,0.0151886,-0.130523
90.6803,0.0405869,-0.0825298,0.0124633,-0.129129
90.7029,0.043466,-0.0749786,0.00973674,-0.127707
90.7256,0.0463356,-0.0755738,0.0070051,-0.126257
90.7483,0.0491952,-0.0748684,0.00427341,-0.124779
90.771,0.0520441,-0.0700276,0.00153769,-0.123275
90.7937,0.0548816,-0.0665538,-0.00119697,-0.121745
90.8163,0.0577071,-0.0671297,-0.00393445,-0.120188
90.839,0.0605201,-0.0623617,-0.00666978,-0.118606
90.8617,0.06332,-0.0678509,-0.00940681,-0.116998
90.8844,0.066106,-0.0574893,-0.0121405,-0.115365
90.907,0.0688776,-0.0563619,-0.0148747,-0.113708
90.9297,0.0716342,-0.056785,-0.0176045,-0.112026
90.9524,0.0743752,-0.05169,-0.0203338,-0.110321
90.9751,0.0770999,-0.049312,-0.0230574,-0.108592
90.9977,0.0798079,-0.0482087,-0.0257793,-0.10684
91.0204,0.0824984,-0.0470215,-0.0284944,-0.105065
91.0431,0.085171,-0.0421938,-0.0312068,-0.103269
91.0658,0.087825,-0.037991,-0.0339112,-0.10145
91.0884,0.0904598,-0.0410204,-0.0366117,-0.0996104
91.1111,0.0930749,-0.0362413,-0.0393031,-0.0977498
91.1338,0.0956697,-0.030528,-0.0419895,-0.0958688
91.1565,0.0982437,-0.0300201,-0.0446657,-0.0939677
91.1791,0.100796,-0.0273604,-0.0473357,-0.0920471
91.2018,0.103327,-0.0257154,-0.0499945,-0.0901075
91.2245,0.105835,-0.0210634,-0.0526458,-0.0881491
91.2472,0.108319,-0.0187143,-0.0552849,-0.0861726
91.2698,0.110781,-0.018853,-0.0579154,-0.0841784
91.2925,0.113218,-0.0150293,-0.0605326,-0.0821669
91.3152,0.11563,-0.013403,-0.0631401,-0.0801386
91.3379,0.118017,-0.0106583,-0.065733,-0.0780941
91.3605,0.120378,-0.00863589,-0.0683153,-0.0760337
91.3832,0.122713,-0.00773938,-0.070882,-0.0739579
91.4059,0.125022,-0.00386035,-0.0734369,-0.0718673
91.4286,0.127303,-0.00295753,-0.075975,-0.0697623
91.4512,0.129556,-0.000889345,-0.0785004,-0.0676434
91.4739,0.131781,0.00698028,-0.081008,-0.065511
91.4966,0.133977,0.00708492,-0.0835016,-0.0633658
91.5193,0.136144,0.0106233,-0.0859764,-0.0612082
91.542,0.138281,0.0135954,-0.0884362,-0.0590387
91.5646,0.140388,0.0131606,-0.0908763,-0.0568577
91.5873,0.142464,0.0129017,-0.0933002,-0.0546659
91.61,0.144509,0.0181978,-0.0957033,-0.0524636
91.6327,0.146523,0.0205279,-0.0980893,-0.0502515
91.6553,0.148504,0.0205912,-0.100453,-0.0480299
91.678,0.150453,0.0252623,-0.1028,-0.0457996
91.7007,0.15237,0.0300739,-0.105123,-0.0435608
91.7234,0.154253,0.0254942,-0.107427,-0.0413142
91.746,0.156102,0.0328799,-0.109707,-0.0390603
91.7687,0.157917,0.033895,-0.111967,-0.0367996
91.7914,0.159698,0.0384936,-0.114203,-0.0345325
91.8141,0.161444,0.0356325,-0.116417,-0.0322598
91.8367,0.163154,0.0415069,-0.118606,-0.0299817
91.8594,0.164829,0.0418487,-0.120772,-0.0276989
91.8821,0.166468,0.0480087,-0.122912,-0.025412
91.9048,0.168071,0.0466597,-0.125029,-0.0231213
91.9274,0.169636,0.0517556,-0.127119,-0.0208275
91.9501,0.171165,0.056137,-0.129184,-0.018531
91.9728,0.172657,0.0543585,-0.131222,-0.0162324
91.9955,0.17411,0.0528798,-0.133234,-0.0139322
92.0181,0.175526,0.061321,-0.135217,-0.011631
92.0408,0.176903,0.0610129,-0.137175,-0.00932921
92.0635,0.178242,0.0654658,-0.139102,-0.00702738
92.0862,0.179542,0.064655,-0.141003,-0.00472607
92.1088,0.180802,0.0704862,-0.142873,-0.00242575
92.1315,0.182023,0.0685326,-0.144716,-0.000126992
92.1542,0.183204,0.0719096,-0.146527,0.00216973
92.1769,0.184346,0.071858,-0.14831,0.00446384
92.1995,0.185446,0.077568,-0.150061,0.00675488
92.2222,0.186507,0.0794934,-0.151782,0.00904229
92.2449,0.187527,0.0825106,-0.153471,0.0113256
92.2676,0.188505,0.083657,-0.155129,0.0136042
92.2902,0.189443,0.0871673,-0.156754,0.0158777
92.3129,0.190339,0.0845119,-0.158349,0.0181455
92.3356,0.191194,0.0875329,-0.159908,0.0204072
92.3583,0.192006,0.0894089,-0.161437,0.0226621
92.381,0.192777,0.0946792,-0.162931,0.0249099
92.4036,0.193506,0.0910452,-0.164392,0.0271499
92.4263,0.194192,0.0969548,-0.165818,0.0293818
92.449,0.194837,0.099128,-0.167212,0.031605
92.4717,0.195438,0.100795,-0.168569,0.0338189
92.4943,0.195997,0.0989262,-0.169892,0.0360232
92.517,0.196513,0.105777,-0.171179,0.0382173
92.5397,0.196986,0.0980141,-0.172432,0.0404008
92.5624,0.197416,0.107089,-0.173648,0.042573
92.585,0.197803,0.107151,-0.174829,0.0447337
92.6077,0.198147,0.108056,-0.175972,0.0468822
92.6304,0.198447,0.112529,-0.177081,0.0490181
92.6531,0.198705,0.113395,-0.17815,0.051141
92.6757,0.198918,0.113054,-0.179185,0.0532503
92.6984,0.199089,0.118768,-0.18018,0.0553456
92.7211,0.199216,0.11523,-0.18114,0.0574264
92.7438,0.199299,0.119779,-0.18206,0.0594923
92.7664,0.199339,0.125285,-0.182945,0.0615428
92.7891,0.199335,0.126968,-0.183789,0.0635775
92.8118,0.199288,0.122221,-0.184596,0.0655959
92.8345,0.199197,0.123936,-0.185364,0.0675975
92.8571,0.199063,0.12694,-0.186094,0.069582
92.8798,0.198885,0.128518,-0.186784,0.0715489
92.9025,0.198664,0.129391,-0.187436,0.0734977
92.9252,0.1984,0.132189,-0.188048,0.0754281
92.9478,0.198092,0.136138,-0.188622,0.0773396
92.9705,0.197741,0.134243,-0.189154,0.0792318
92.9932,0.197347,0.139068,-0.189649,0.0811043
93.0159,0.19691,0.138503,-0.190103,0.0829566
93.0385,0.19643,0.134011,-0.190518,0.0847885
93.0612,0.195907,0.142619,-0.190892,0.0865994
93.0839,0.195342,0.142911,-0.191227,0.0883889
93.1066,0.194733,0.139502,-0.19152,0.0901568
93.1293,0.194083,0.145382,-0.191775,0.0919026
93.1519,0.193389,0.142372,-0.191988,0.0936259
93.1746,0.192654,0.144726,-0.192163,0.0953264
93.1973,0.191877,0.150097,-0.192295,0.0970037
93.22,0.191058,0.145595,-0.192389,0.0986575
93.2426,0.190197,0.149673,-0.19244,0.100287
93.2653,0.189295,0.147183,-0.192453,0.101893
93.288,0.188351,0.147763,-0.192423,0.103474
93.3107,0.187367,0.151315,-0.192354,0.10503
93.3333,0.186341,0.150772,-0.192244,0.106561
93.356,0.185275,0.153468,-0.192094,0.108066
93.3787,0.184169,0.149358,-0.191902,0.109545
93.4014,0.183023,0.152483,-0.191672,0.110998
93.424,0.181836,0.158915,-0.191399,0.112424
93.4467,0.18061,0.152559,-0.191088,0.113824
93.4694,0.179345,0.154815,-0.190734,0.115196
93.4921,0.178041,0.159662,-0.190342,0.116541
93.5147,0.176697,0.159334,-0.189908,0.117859
93.5374,0.175316,0.160977,-0.189435,0.119148
93.5601,0.173896,0.159562,-0.188921,0.120409
93.5828,0.172438,0.160198,-0.188368,0.121642
93.6054,0.170943,0.160497,-0.187774,0.122846
93.6281,0.169411,0.15593,-0.187141,0.124021
93.6508,0.167842,0.158342,-0.186467,0.125166
93.6735,0.166236,0.161922,-0.185756,0.126283
93.6961,0.164594,0.161464,-0.185003,0.127369
93.7188,0.162917,0.159924,-0.184213,0.128426
93.7415,0.161204,0.162602,-0.183381,0.129452
93.7642,0.159456,0.165129,-0.182513,0.130448
93.7868,0.157673,0.163654,-0.181604,0.131414
93.8095,0.155856,0.163974,-0.180658,0.132348
93.8322,0.154005,0.162113,-0.179672,0.133252
93.8549,0.152121,0.165711,-0.178649,0.134125
93.8776,0.150204,0.167701,-0.177587,0.134966
93.9002,0.148254,0.165419,-0.176488,0.135777
93.9229,0.146272,0.167183,-0.17535,0.136555
93.9456,0.144258,0.164348,-0.174177,0.137302
93.9683,0.142213,0.165878,-0.172964,0.138017
93.9909,0.140137,0.167062,-0.171717,0.1387
94.0136,0.138031,0.166618,-0.17043,0.13935
94.0363,0.135895,0.166271,-0.16911,0.139969
94.059,0.133729,0.164938,-0.167751,0.140555
94.0816,0.131534,0.163328,-0.166358,0.141109
94.1043,0.129311,0.166308,-0.164928,0.14163
94.127,0.12706,0.161302,-0.163464,0.142119
94.1497,0.124782,0.165426,-0.161963,0.142574
94.1723,0.122476,0.161655,-0.160429,0.142997
94.195,0.120144,0.162669,-0.15886,0.143387
94.2177,0.117786,0.163393,-0.157257,0.143745
94.2404,0.115403,0.1593,-0.15562,0.144069
94.263,0.112995,0.162131,-0.15395,0.14436
94.2857,0.110562,0.168047,-0.152246,0.144618
94.3084,0.108105,0.162884,-0.150511,0.144843
94.3311,0.105626,0.163271,-0.148741,0.145035
94.3537,0.103123,0.163642,-0.146941,0.145194
94.3764,0.100598,0.156907,-0.145108,0.14532
94.3991,0.098052,0.155071,-0.143245,0.145413
94.4218,0.0954845,0.161507,-0.14135,0.145472
94.4444,0.0928966,0.160142,-0.139426,0.145499
94.4671,0.0902886,0.1591,-0.137469,0.145492
94.4898,0.0876614,0.157949,-0.135485,0.145453
94.5125,0.0850153,0.158109,-0.13347,0.14538
94.5351,0.082351,0.153187,-0.131428,0.145275
94.5578,0.0796691,0.154918,-0.129355,0.145136
94.5805,0.0769702,0.154963,-0.127256,0.144965
94.6032,0.0742549,0.155629,-0.125128,0.144761
94.6259,0.0715238,0.154365,-0.122974,0.144525
94.6485,0.0687774,0.15532,-0.120791,0.144255
94.6712,0.0660164,0.152276,-0.118584,0.143954
94.6939,0.0632414,0.153259,-0.11635,0.14362
94.7166,0.060453,0.149695,-0.114092,0.143253
94.7392,0.0576518,0.149968,-0.111807,0.142855
94.7619,0.0548385,0.145918,-0.1095,0.142424
94.7846,0.0520136,0.150474,-0.107166,0.141962
94.8073,0.0491778,0.145861,-0.104812,0.141467
94.8299,0.0463317,0.146842,-0.102432,0.140942
94.8526,0.0434759,0.147239,-0.100032,0.140384
94.8753,0.0406111,0.142466,-0.0976074,0.139795
94.898,0.0377379,0.144882,-0.0951635,0.139176
94.9206,0.0348569,0.140879,-0.092697,0.138525
94.9433,0.0319688,0.14148,-0.0902117,0.137843
94.966,0.0290741,0.137126,-0.0877047,0.137131
94.9887,0.0261736,0.13716,-0.08518,0.136388
95.0113,0.0232679,0.138844,-0.0826348,0.135615
95.034,0.0203576,0.133528,-0.0800728,0.134812
95.0567,0.0174433,0.134373,-0.0774915,0.133979
95.0794,0.0145257,0.132097,-0.0748945,0.133116
95.102,0.0116055,0.129624,-0.0722791,0.132225
95.1247,0.00868328,0.128183,-0.0696491,0.131304
95.1474,0.00575966,0.131868,-0.0670019,0.130354
95.1701,0.00283531,0.127353,-0.0643413,0.129375
95.1927,-8.91266e-05,0.125944,-0.0616645,0.128368
95.2154,-0.00301301,0.127019,-0.0589754,0.127333
95.2381,-0.00593568,0.12126,-0.0562713,0.12627
95.2608,-0.00885652,0.118414,-0.053556,0.125179
95.2834,-0.0117749,0.119739,-0.0508269,0.124061
95.3061,-0.0146901,0.116806,-0.0480877,0.122916
95.3288,-0.0176015,0.117851,-0.0453358,0.121745
95.3515,-0.0205086,0.115275,-0.042575,0.120546
95.3741,-0.0234106,0.110123,-0.0398027,0.119322
95.3968,-0.0263069,0.114403,-0.0370226,0.118072
95.4195,-0.0291969,0.11837,-0.0342322,0.116796
95.4422,-0.0320799,0.105666,-0.0314353,0.115494
95.4649,-0.0349554,0.108059,-0.0286293,0.114168
95.4875,-0.0378226,0.106288,-0.0258177,0.112818
95.5102,-0.0406809,0.105032,-0.0229983,0.111443
95.5329,-0.0435298,0.10309,-0.0201747,0.110044
95.5556,-0.0463686,0.10084,-0.0173443,0.108621
95.5782,-0.0491966,0.0962905,-0.0145109,0.107176
95.6009,-0.0520133,0.0975149,-0.011672,0.105707
95.6236,-0.054818,0.0947746,-0.00883131,0.104216
95.6463,-0.0576101,0.0945364,-0.00598628,0.102703
95.6689,-0.060389,0.0913298,-0.00314062,0.101168
95.6916,-0.0631542,0.09277,-0.000291888,0.0996113
95.7143,-0.0659049,0.0892668,0.00255627,0.0980338
95.737,-0.0686405,0.0907621,0.0054063,0.0964356
95.7596,-0.0713606,0.0825994,0.00825451,0.0948171
95.7823,-0.0740644,0.0839639,0.0111034,0.0931788
95.805,-0.0767515,0.0778799,0.0139492,0.091521
95.8277,-0.0794211,0.0786863,0.0167945,0.089844
95.8503,-0.0820728,0.0771563,0.0196356,0.0881483
95.873,-0.0847058,0.0763342,0.0224748,0.0864344
95.8957,-0.0873198,0.0753277,0.0253087,0.0847026
95.9184,-0.089914,0.0708825,0.0281395,0.0829534
95.941,-0.092488,0.0709392,0.0309637,0.0811871
95.9637,-0.0950411,0.0698969,0.0337837,0.0794041
95.9864,-0.0975728,0.0612555,0.0365958,0.077605
96.0091,-0.100083,0.0661603,0.0394025,0.0757901
96.0317,-0.10257,0.0638566,0.0422001,0.0739598
96.0544,-0.105034,0.061759,0.0449911,0.0721146
96.0771,-0.107475,0.0556826,0.0477719,0.070255
96.0998,-0.109891,0.0526138,0.0505448,0.0683813
96.1224,-0.112283,0.0525475,0.0533064,0.066494
96.1451,-0.114649,0.0563272,0.0560588,0.0645936
96.1678,-0.11699,0.0506144,0.0587986,0.0626805
96.1905,-0.119305,0.0486003,0.0615283,0.0607551
96.2132,-0.121593,0.0488092,0.0642441,0.058818
96.2358,-0.123854,0.0452572,0.0669485,0.0568695
96.2585,-0.126087,0.0448944,0.069638,0.0549101
96.2812,-0.128292,0.0408768,0.072315,0.0529403
96.3039,-0.130468,0.0378712,0.0749758,0.0509605
96.3265,-0.132615,0.0368911,0.0776228,0.0489712
96.3492,-0.134733,0.0329917,0.0802527,0.0469729
96.3719,-0.13682,0.0291492,0.0828677,0.044966
96.3946,-0.138877,0.0298851,0.0854643,0.0429511
96.4172,-0.140903,0.0288483,0.0880449,0.0409284
96.4399,-0.142898,0.0272825,0.0906061,0.0388986
96.4626,-0.14486,0.0232289,0.0931501,0.0368622
96.4853,-0.146791,0.0234788,0.0956735,0.0348195
96.5079,-0.148689,0.018429,0.0981787,0.032771
96.5306,-0.150553,0.0192385,0.100662,0.0307173
96.5533,-0.152384,0.0138532,0.103126,0.0286588
96.576,-0.154181,0.0111781,0.105568,0.026596
96.5986,-0.155944,0.00761832,0.107989,0.0245293
96.6213,-0.157673,0.0119631,0.110386,0.0224593
96.644,-0.159366,0.00698531,0.112762,0.0203864
96.6667,-0.161023,0.00582247,0.115113,0.018311
96.6893,-0.162645,0.00259177,0.117442,0.0162338
96.712,-0.164231,-0.00125286,0.119745,0.014155
96.7347,-0.165781,9.59492e-05,0.122024,0.0120753
96.7574,-0.167293,-0.000358887,0.124276,0.0099951
96.78,-0.168769,-0.00511018,0.126504,0.00791486
96.8027,-0.170207,-0.00729864,0.128704,0.00583506
96.8254,-0.171607,-0.0113716,0.130879,0.00375619
96.8481,-0.172969,-0.0120212,0.133025,0.00167872
96.8707,-0.174293,-0.0162815,0.135144,-0.000396873
96.8934,-0.175578,-0.0139659,0.137234,-0.00247011
96.9161,-0.176824,-0.0167671,0.139297,-0.00454054
96.9388,-0.178031,-0.0199786,0.141329,-0.0066077
96.9615,-0.179199,-0.0184967,0.143332,-0.00867106
96.9841,-0.180327,-0.02348,0.145305,-0.0107302
97.0068,-0.181415,-0.0264394,0.147248,-0.0127847
97.0295,-0.182463,-0.0278193,0.149159,-0.014834
97.0522,-0.183471,-0.0273543,0.151039,-0.0168776
97.0748,-0.184438,-0.0297298,0.152887,-0.0189152
97.0975,-0.185364,-0.0345098,0.154704,-0.0209463
97.1202,-0.186249,-0.0360374,0.156487,-0.0229703
97.1429,-0.187093,-0.0384797,0.158238,-0.0249869
97.1655,-0.187896,-0.0369018,0.159955,-0.0269955
97.1882,-0.188657,-0.0423828,0.161639,-0.0289958
97.2109,-0.189376,-0.0448556,0.163288,-0.0309873
97.2336,-0.190054,-0.0443425,0.164903,-0.0329695
97.2562,-0.190689,-0.0452426,0.166483,-0.034942
97.2789,-0.191283,-0.0490459,0.168029,-0.0369044
97.3016,-0.191834,-0.0480682,0.169537,-0.0388561
97.3243,-0.192343,-0.0532959,0.171011,-0.0407969
97.3469,-0.19281,-0.0589429,0.172448,-0.0427262
97.3696,-0.193234,-0.0554282,0.17385,-0.0446436
97.3923,-0.193615,-0.0584658,0.175213,-0.0465487
97.415,-0.193954,-0.0636098,0.176541,-0.048441
97.4376,-0.19425,-0.0652519,0.177829,-0.0503202
97.4603,-0.194503,-0.0657561,0.179082,-0.0521858
97.483,-0.194714,-0.0656442,0.180295,-0.0540374
97.5057,-0.194881,-0.0709485,0.181471,-0.0558747
97.5283,-0.195006,-0.066996,0.182607,-0.0576971
97.551,-0.195087,-0.0725046,0.183706,-0.0595043
97.5737,-0.195126,-0.0730132,0.184765,-0.061296
97.5964,-0.195122,-0.0758186,0.185785,-0.0630716
97.619,-0.195075,-0.079045,0.186765,-0.0648308
97.6417,-0.194984,-0.0776355,0.187706,-0.0665733
97.6644,-0.194852,-0.0812025,0.188606,-0.0682986
97.6871,-0.194676,-0.0799687,0.189467,-0.0700064
97.7098,-0.194457,-0.0849547,0.190286,-0.0716963
97.7324,-0.194196,-0.0860505,0.191066,-0.0733679
97.7551,-0.193892,-0.0885242,0.191805,-0.0750209
97.7778,-0.193545,-0.0911252,0.192503,-0.0766549
97.8005,-0.193156,-0.0877981,0.193159,-0.0782695
97.8231,-0.192725,-0.0942378,0.193776,-0.0798645
97.8458,-0.192251,-0.091726,0.194349,-0.0814394
97.8685,-0.191736,-0.0918051,0.194883,-0.0829939
97.8912,-0.191178,-0.0988516,0.195373,-0.0845277
97.9138,-0.190578,-0.098095,0.195823,-0.0860404
97.9365,-0.189936,-0.0970904,0.19623,-0.0875318
97.9592,-0.189253,-0.102801,0.196596,-0.0890015
97.9819,-0.188528,-0.103542,0.196919,-0.0904492
98.0045,-0.187763,-0.10356,0.197201,-0.0918746
98.0272,-0.186956,-0.107227,0.19744,-0.0932774
98.0499,-0.186108,-0.104951,0.197637,-0.0946572
98.0726,-0.185219,-0.108271,0.197791,-0.0960139
98.0952,-0.18429,-0.111563,0.197904,-0.097347
98.1179,-0.18332,-0.106773,0.197973,-0.0986564
98.1406,-0.182311,-0.115401,0.198001,-0.0999418
98.1633,-0.181262,-0.110704,0.197986,-0.101203
98.1859,-0.180173,-0.117186,0.197929,-0.102439
98.2086,-0.179044,-0.117092,0.197828,-0.103651
98.2313,-0.177877,-0.122334,0.197686,-0.104837
98.254,-0.176671,-0.119569,0.197501,-0.105999
98.2766,-0.175426,-0.118069,0.197274,-0.107134
98.2993,-0.174143,-0.124269,0.197004,-0.108244
98.322,-0.172822,-0.12289,0.196692,-0.109328
98.3447,-0.171464,-0.123228,0.196338,-0.110386
98.3673,-0.170068,-0.123008,0.195942,-0.111417
98.39,-0.168635,-0.124055,0.195503,-0.112421
98.4127,-0.167165,-0.126478,0.195022,-0.113399
98.4354,-0.16566,-0.126097,0.194499,-0.114349
98.458,-0.164118,-0.130302,0.193935,-0.115273
98.4807,-0.16254,-0.130137,0.193329,-0.116169
98.5034,-0.160927,-0.129364,0.192681,-0.117037
98.5261,-0.159279,-0.134726,0.191991,-0.117877
98.5488,-0.157597,-0.136422,0.191261,-0.11869
98.5714,-0.15588,-0.134368,0.190489,-0.119474
98.5941,-0.15413,-0.130752,0.189676,-0.12023
98.6168,-0.152346,-0.135287,0.188822,-0.120958
98.6395,-0.150529,-0.13863,0.187928,-0.121657
98.6621,-0.14868,-0.138295,0.186992,-0.122328
98.6848,-0.146799,-0.136151,0.186017,-0.12297
98.7075,-0.144885,-0.140599,0.185001,-0.123583
98.7302,-0.142941,-0.14226,0.183946,-0.124167
98.7528,-0.140965,-0.142255,0.18285,-0.124722
98.7755,-0.13896,-0.142884,0.181715,-0.125247
98.7982,-0.136924,-0.141553,0.180541,-0.125744
98.8209,-0.134859,-0.145994,0.179328,-0.126211
98.8435,-0.132764,-0.139708,0.178076,-0.126648
98.8662,-0.130641,-0.144337,0.176786,-0.127056
98.8889,-0.128491,-0.143519,0.175456,-0.127435
98.9116,-0.126312,-0.141395,0.17409,-0.127784
98.9342,-0.124106,-0.142946,0.172685,-0.128103
98.9569,-0.121874,-0.142505,0.171244,-0.128392
98.9796,-0.119616,-0.146782,0.169765,-0.128652
99.0023,-0.117332,-0.144213,0.16825,-0.128882
99.0249,-0.115023,-0.14859,0.166697,-0.129082
99.0476,-0.112689,-0.150985,0.165109,-0.129253
99.0703,-0.110331,-0.147203,0.163485,-0.129393
99.093,-0.10795,-0.148011,0.161826,-0.129504
99.1156,-0.105546,-0.146781,0.16013,-0.129585
99.1383,-0.103119,-0.14738,0.158402,-0.129636
99.161,-0.100671,-0.148672,0.156637,-0.129658
99.1837,-0.0982009,-0.147898,0.15484,-0.12965
99.2063,-0.0957102,-0.148119,0.153008,-0.129612
99.229,-0.0931993,-0.148402,0.151144,-0.129544
99.2517,-0.0906687,-0.148487,0.149246,-0.129447
99.2744,-0.088119,-0.149823,0.147316,-0.12932
99.2971,-0.0855508,-0.154607,0.145354,-0.129164
99.3197,-0.0829646,-0.149702,0.143361,-0.128978
99.3424,-0.080361,-0.15102,0.141335,-0.128763
99.3651,-0.0777406,-0.152374,0.13928,-0.128519
99.3878,-0.075104,-0.151582,0.137194,-0.128246
99.4104,-0.0724517,-0.14921,0.135078,-0.127943
99.4331,-0.0697844,-0.14968,0.132932,-0.127612
99.4558,-0.0671027,-0.148438,0.130759,-0.127252
99.4785,-0.0644071,-0.148893,0.128555,-0.126863
99.5011,-0.0616983,-0.148857,0.126325,-0.126445
99.5238,-0.0589769,-0.150899,0.124066,-0.125999
99.5465,-0.0562434,-0.148487,0.121781,-0.125524
99.5692,-0.0534985,-0.152658,0.119468,-0.125022
99.5918,-0.0507428,-0.149338,0.117131,-0.124491
99.6145,-0.0479769,-0.151021,0.114766,-0.123932
99.6372,-0.0452014,-0.149948,0.112378,-0.123346
99.6599,-0.042417,-0.14398,0.109964,-0.122732
99.6825,-0.0396242,-0.141978,0.107526,-0.122091
99.7052,-0.0368237,-0.14666,0.105065,-0.121422
99.7279,-0.0340162,-0.14365,0.102581,-0.120726
99.7506,-0.0312021,-0.145164,0.100074,-0.120004
99.7732,-0.0283822,-0.14903,0.0975455,-0.119255
99.7959,-0.0255571,-0.141393,0.0949949,-0.118479
99.8186,-0.0227274,-0.144587,0.0924244,-0.117677
99.8413,-0.0198937,-0.144434,0.0898327,-0.116849
99.8639,-0.0170567,-0.142686,0.0872221,-0.115996
99.8866,-0.014217,-0.141387,0.0845914,-0.115116
99.9093,-0.0113752,-0.144065,0.081943,-0.114212
99.932,-0.00853199,-0.141966,0.0792756,-0.113282
99.9546,-0.00568796,-0.143307,0.0765916,-0.112328
99.9773,-0.00284376,-0.140368,0.0738899,-0.111348
100,9.90717e-16,-0.135735,0.0711727,-0.110345
100.023,0.00284267,-0.137174,0.0684388,-0.109317
100.045,0.00568364,-0.138943,0.0656907,-0.108266
100.068,0.00852226,-0.133774,0.0629271,-0.107191
100.091,0.0113579,-0.139917,0.0601505,-0.106092
100.113,0.01419,-0.136923,0.0573596,-0.104971
100.136,0.0170178,-0.133492,0.0545568,-0.103827
100.159,0.0198408,-0.135953,0.051741,-0.102661
100.181,0.0226583,-0.133337,0.0489146,-0.101472
100.204,0.0254697,-0.131807,0.0460763,-0.100262
100.227,0.0282744,-0.130123,0.0432285,-0.0990295
100.249,0.0310718,-0.130572,0.0403702,-0.0977763
100.272,0.0338612,-0.130318,0.0375036,-0.0965022
100.295,0.036642,-0.12749,0.0346277,-0.0952075
100.317,0.0394137,-0.126533,0.0317449,-0.0938925
100.34,0.0421756,-0.122457,0.0288539,-0.0925576
100.363,0.044927,-0.124543,0.0259572,-0.0912031
100.385,0.0476675,-0.121148,0.0230537,-0.0898293
100.408,0.0503963,-0.121937,0.0201456,-0.0884365
100.431,0.0531129,-0.118459,0.017232,-0.0870252
100.454,0.0558167,-0.121436,0.0143152,-0.0855956
100.476,0.0585071,-0.118099,0.011394,-0.0841481
100.499,0.0611835,-0.113911,0.00847094,-0.0826832
100.522,0.0638453,-0.115805,0.00554481,-0.081201
100.544,0.0664919,-0.117673,0.00261798,-0.079702
100.567,0.0691228,-0.113255,-0.000310645,-0.0781866
100.59,0.0717373,-0.110694,-0.00323871,-0.0766551
100.612,0.074335,-0.110301,-0.00616722,-0.0751079
100.635,0.0769151,-0.107792,-0.00909392,-0.0735453
100.658,0.0794772,-0.108395,-0.0120198,-0.0719678
100.68,0.0820207,-0.109763,-0.0149426,-0.0703757
100.703,0.0845451,-0.105967,-0.0178633,-0.0687695
100.726,0.0870497,-0.103779,-0.0207798,-0.0671494
100.748,0.0895341,-0.101642,-0.0236928,-0.065516
100.771,0.0919976,-0.0999056,-0.0266002,-0.0638695
100.794,0.0944398,-0.0992869,-0.029503,-0.0622104
100.816,0.0968602,-0.0947781,-0.032399,-0.0605391
100.839,0.0992581,-0.0937906,-0.035289,-0.058856
100.862,0.101633,-0.0926745,-0.0381709,-0.0571614
100.884,0.103985,-0.0974018,-0.0410457,-0.0554559
100.907,0.106312,-0.0893924,-0.0439111,-0.0537397
100.93,0.108615,-0.0891068,-0.0467681,-0.0520133
100.952,0.110893,-0.0881595,-0.0496145,-0.0502772
100.975,0.113146,-0.0853353,-0.0524512,-0.0485317
100.998,0.115373,-0.0892123,-0.0552761,-0.0467772
101.02,0.117573,-0.0828399,-0.0580901,-0.0450142
101.043,0.119746,-0.0813392,-0.060891,-0.0432431
101.066,0.121892,-0.0785715,-0.0636798,-0.0414643
101.088,0.12401,-0.0793336,-0.0664543,-0.0396781
101.111,0.1261,-0.0789512,-0.0692155,-0.0378852
101.134,0.128161,-0.0717337,-0.0719611,-0.0360858
101.156,0.130193,-0.0758412,-0.0746923,-0.0342803
101.179,0.132195,-0.0697676,-0.0774068,-0.0324693
101.202,0.134167,-0.0697109,-0.0801055,-0.0306531
101.224,0.136108,-0.0668573,-0.0827864,-0.0288322
101.247,0.138019,-0.0687002,-0.0854503,-0.0270069
101.27,0.139898,-0.0658399,-0.0880952,-0.0251778
101.293,0.141746,-0.0594717,-0.0907221,-0.0233452
101.315,0.143561,-0.0563029,-0.0933288,-0.0215096
101.338,0.145344,-0.0551375,-0.0959163,-0.0196713
101.361,0.147093,-0.0574892,-0.0984824,-0.0178309
101.383,0.14881,-0.0501643,-0.101028,-0.0159888
101.406,0.150493,-0.051162,-0.103552,-0.0141453
101.429,0.152142,-0.052971,-0.106053,-0.012301
101.451,0.153756,-0.050312,-0.108532,-0.0104561
101.474,0.155336,-0.0491793,-0.110988,-0.00861125
101.497,0.156881,-0.044796,-0.113419,-0.00676679
101.519,0.15839,-0.0445253,-0.115827,-0.00492312
101.542,0.159864,-0.038927,-0.118209,-0.0030807
101.565,0.161301,-0.0412672,-0.120566,-0.00123994
101.587,0.162702,-0.0383777,-0.122896,0.000598718
101.61,0.164067,-0.0346944,-0.125201,0.00243487
101.633,0.165395,-0.0319841,-0.127479,0.00426808
101.655,0.166685,-0.0275539,-0.129729,0.00609796
101.678,0.167938,-0.0343211,-0.131951,0.00792406
101.701,0.169153,-0.0270185,-0.134145,0.00974597
101.723,0.170331,-0.0225578,-0.136309,0.0115633
101.746,0.17147,-0.0249033,-0.138445,0.0133756
101.769,0.172571,-0.0243916,-0.14055,0.0151824
101.791,0.173633,-0.0223171,-0.142626,0.0169834
101.814,0.174656,-0.0214403,-0.14467,0.0187781
101.837,0.175639,-0.0196884,-0.146683,0.0205662
101.859,0.176584,-0.0122713,-0.148665,0.0223472
101.882,0.177489,-0.0105845,-0.150614,0.0241208
101.905,0.178355,-0.00828268,-0.152531,0.0258864
101.927,0.17918,-0.0102087,-0.154415,0.0276439
101.95,0.179965,-0.00865124,-0.156265,0.0293926
101.973,0.180711,-0.00346844,-0.158082,0.0311323
101.995,0.181416,-0.00766078,-0.159865,0.0328625
102.018,0.18208,0.000715328,-0.161613,0.0345829
102.041,0.182704,0.00259157,-0.163326,0.036293
102.063,0.183287,0.00657787,-0.165004,0.0379926
102.086,0.183829,0.00776928,-0.166646,0.0396812
102.109,0.18433,0.00772464,-0.168252,0.0413583
102.132,0.184791,0.0127481,-0.169821,0.0430238
102.154,0.18521,0.0127281,-0.171354,0.0446771
102.177,0.185588,0.0135551,-0.17285,0.046318
102.2,0.185924,0.012976,-0.174308,0.047946
102.222,0.186219,0.0208198,-0.175728,0.0495608
102.245,0.186473,0.021292,-0.177111,0.0511621
102.268,0.186686,0.0212693,-0.178455,0.0527494
102.29,0.186857,0.0222559,-0.179761,0.0543225
102.313,0.186986,0.0257602,-0.181027,0.055881
102.336,0.187074,0.0290278,-0.182254,0.0574245
102.358,0.187121,0.0291634,-0.183442,0.0589527
102.381,0.187126,0.0316239,-0.18459,0.0604653
102.404,0.18709,0.0365632,-0.185697,0.061962
102.426,0.187012,0.0374931,-0.186765,0.0634423
102.449,0.186893,0.0420565,-0.187792,0.0649061
102.472,0.186733,0.039034,-0.188779,0.0663529
102.494,0.186531,0.0441042,-0.189724,0.0677825
102.517,0.186288,0.0416098,-0.190629,0.0691946
102.54,0.186004,0.0454974,-0.191491,0.0705888
102.562,0.185678,0.0479663,-0.192313,0.0719648
102.585,0.185312,0.050798,-0.193092,0.0733224
102.608,0.184905,0.0515029,-0.19383,0.0746613
102.63,0.184457,0.0537647,-0.194526,0.0759812
102.653,0.183969,0.0569521,-0.195179,0.0772817
102.676,0.18344,0.0543495,-0.19579,0.0785627
102.698,0.182871,0.0574111,-0.196359,0.0798238
102.721,0.182261,0.0604972,-0.196884,0.0810648
102.744,0.181611,0.0593991,-0.197368,0.0822854
102.766,0.180921,0.0674181,-0.197808,0.0834854
102.789,0.180192,0.0644268,-0.198205,0.0846645
102.812,0.179423,0.0644606,-0.198559,0.0858224
102.834,0.178615,0.0694956,-0.198871,0.086959
102.857,0.177767,0.0720726,-0.199138,0.0880739
102.88,0.176881,0.0739112,-0.199363,0.0891671
102.902,0.175955,0.0766363,-0.199544,0.0902381
102.925,0.174991,0.0742277,-0.199682,0.0912869
102.948,0.173989,0.0797212,-0.199777,0.0923132
102.971,0.172949,0.0799988,-0.199828,0.0933167
102.993,0.171871,0.0830424,-0.199835,0.0942974
103.016,0.170756,0.084367,-0.1998,0.0952549
103.039,0.169603,0.0855291,-0.19972,0.0961891
103.061,0.168413,0.0863723,-0.199598,0.0970999
103.084,0.167186,0.089161,-0.199432,0.0979869
103.107,0.165923,0.089512,-0.199223,0.0988501
103.129,0.164624,0.0963554,-0.19897,0.0996894
103.152,0.163289,0.094435,-0.198674,0.100504
103.175,0.161918,0.0961821,-0.198334,0.101295
103.197,0.160513,0.0997885,-0.197952,0.102061
103.22,0.159072,0.0988331,-0.197527,0.102803
103.243,0.157597,0.100073,-0.197059,0.10352
103.265,0.156087,0.103101,-0.196547,0.104212
103.288,0.154544,0.104102,-0.195994,0.104879
103.311,0.152967,0.106035,-0.195397,0.10552
103.333,0.151358,0.106536,-0.194758,0.106137
103.356,0.149715,0.106481,-0.194076,0.106728
103.379,0.14804,0.112187,-0.193353,0.107293
103.401,0.146333,0.110762,-0.192587,0.107834
103.424,0.144595,0.108023,-0.19178,0.108348
103.447,0.142825,0.116008,-0.19093,0.108836
103.469,0.141025,0.114479,-0.190039,0.109299
103.492,0.139195,0.116283,-0.189107,0.109736
103.515,0.137334,0.115288,-0.188134,0.110147
103.537,0.135444,0.117458,-0.187119,0.110532
103.56,0.133525,0.121318,-0.186064,0.110891
103.583,0.131577,0.118037,-0.184969,0.111223
103.605,0.129601,0.123157,-0.183833,0.11153
103.628,0.127598,0.122803,-0.182657,0.11181
103.651,0.125567,0.121312,-0.181442,0.112064
103.673,0.123509,0.125445,-0.180187,0.112292
103.696,0.121425,0.126305,-0.178893,0.112493
103.719,0.119316,0.129291,-0.17756,0.112668
103.741,0.11718,0.127508,-0.176188,0.112817
103.764,0.11502,0.131156,-0.174778,0.112939
103.787,0.112836,0.131654,-0.17333,0.113036
103.81,0.110628,0.129089,-0.171844,0.113106
103.832,0.108396,0.130485,-0.170321,0.113149
103.855,0.106142,0.137655,-0.16876,0.113167
103.878,0.103865,0.135392,-0.167164,0.113158
103.9,0.101567,0.133368,-0.16553,0.113123
103.923,0.099247,0.134914,-0.163861,0.113062
103.946,0.0969064,0.134659,-0.162156,0.112975
103.968,0.0945455,0.140712,-0.160416,0.112862
103.991,0.092165,0.141181,-0.158641,0.112722
104.014,0.0897653,0.139209,-0.156831,0.112557
104.036,0.087347,0.143187,-0.154987,0.112367
104.059,0.0849107,0.141489,-0.15311,0.11215
104.082,0.0824568,0.140156,-0.151199,0.111908
104.104,0.079986,0.14254,-0.149255,0.11164
104.127,0.0774987,0.145293,-0.147279,0.111347
104.15,0.0749957,0.138667,-0.145271,0.111028
104.172,0.0724774,0.144392,-0.143231,0.110684
104.195,0.0699444,0.146038,-0.141161,0.110315
104.218,0.0673973,0.143932,-0.139059,0.109921
104.24,0.0648366,0.145918,-0.136928,0.109502
104.263,0.0622629,0.140614,-0.134766,0.109059
104.286,0.0596769,0.147488,-0.132575,0.108591
104.308,0.0570791,0.149121,-0.130356,0.108098
104.331,0.05447,0.146411,-0.128108,0.107581
104.354,0.0518503,0.149699,-0.125832,0.107039
104.376,0.0492206,0.144749,-0.123529,0.106474
104.399,0.0465814,0.149697,-0.121199,0.105885
104.422,0.0439334,0.148748,-0.118843,0.105272
104.444,0.0412771,0.150146,-0.116461,0.104636
104.467,0.0386132,0.144351,-0.114054,0.103976
104.49,0.0359422,0.150388,-0.111622,0.103294
104.512,0.0332647,0.149502,-0.109166,0.102588
104.535,0.0305814,0.150367,-0.106685,0.101859
104.558,0.0278928,0.146022,-0.104183,0.101108
104.58,0.0251995,0.148728,-0.101657,0.100335
104.603,0.0225022,0.152452,-0.0991094,0.0995396
104.626,0.0198014,0.152485,-0.09654,0.0987222
104.649,0.0170978,0.14599,-0.0939502,0.0978831
104.671,0.014392,0.150768,-0.0913396,0.0970225
104.694,0.0116845,0.147401,-0.0887097,0.0961407
104.717,0.00897596,0.146608,-0.0860602,0.0952379
104.739,0.00626701,0.148664,-0.0833924,0.0943144
104.762,0.00355825,0.152139,-0.0807063,0.0933703
104.785,0.000850267,0.146631,-0.078003,0.0924059
104.807,-0.00185633,0.146395,-0.0752825,0.0914216
104.83,-0.00456093,0.148827,-0.0725462,0.0904175
104.853,-0.00726294,0.153729,-0.0697939,0.0893939
104.875,-0.00996176,0.14825,-0.0670268,0.088351
104.898,-0.0126568,0.145169,-0.064245,0.0872892
104.921,-0.0153474,0.143385,-0.0614497,0.0862087
104.943,-0.018033,0.146019,-0.0586408,0.0851098
104.966,-0.0207131,0.149167,-0.0558197,0.0839928
104.989,-0.0233869,0.141102,-0.0529863,0.082858
105.011,-0.026054,0.142232,-0.0501417,0.0817056
105.034,-0.0287137,0.148088,-0.0472862,0.0805359
105.057,-0.0313655,0.137501,-0.0444209,0.0793493
105.079,-0.0340087,0.144875,-0.0415458,0.0781461
105.102,-0.0366427,0.145939,-0.0386621,0.0769265
105.125,-0.0392671,0.139382,-0.0357699,0.0756908
105.147,-0.0418811,0.13988,-0.0328704,0.0744394
105.17,-0.0444843,0.140596,-0.0299637,0.0731726
105.193,-0.047076,0.137421,-0.027051,0.0718907
105.215,-0.0496557,0.136789,-0.0241323,0.070594
105.238,-0.0522228,0.136892,-0.0212089,0.0692829
105.261,-0.0547768,0.135989,-0.0182807,0.0679576
105.283,-0.057317,0.13749,-0.0153492,0.0666186
105.306,-0.059843,0.136602,-0.0124142,0.065266
105.329,-0.0623541,0.134609,-0.00947709,0.0639004
105.351,-0.0648498,0.134724,-0.00653786,0.0625219
105.374,-0.0673296,0.134105,-0.00359773,0.061131
105.397,-0.0697929,0.128678,-0.000656806,0.059728
105.42,-0.0722392,0.132115,0.0022837,0.0583132
105.442,-0.0746679,0.134728,0.00522375,0.056887
105.465,-0.0770785,0.127197,0.00816211,0.0554498
105.488,-0.0794705,0.129434,0.0110987,0.0540018
105.51,-0.0818434,0.125765,0.0140323,0.0525434
105.533,-0.0841966,0.125563,0.0169628,0.0510751
105.556,-0.0865296,0.124771,0.0198891,0.0495971
105.578,-0.0888419,0.122943,0.022811,0.0481098
105.601,-0.0911331,0.123517,0.0257274,0.0466136
105.624,-0.0934025,0.120486,0.0286381,0.0451088
105.646,-0.0956498,0.117337,0.0315421,0.0435958
105.669,-0.0978744,0.118721,0.034439,0.042075
105.692,-0.100076,0.112597,0.037328,0.0405467
105.714,-0.102254,0.115557,0.0402087,0.0390113
105.737,-0.104407,0.114675,0.0430801,0.0374691
105.76,-0.106536,0.111155,0.045942,0.0359207
105.782,-0.10864,0.112046,0.0487934,0.0343662
105.805,-0.110719,0.110066,0.051634,0.0328061
105.828,-0.112772,0.108969,0.0544627,0.0312407
105.85,-0.114798,0.109069,0.0572795,0.0296705
105.873,-0.116797,0.104509,0.0600833,0.0280958
105.896,-0.118769,0.104842,0.0628738,0.026517
105.918,-0.120714,0.0998314,0.06565,0.0249344
105.941,-0.12263,0.0995749,0.0684119,0.0233485
105.964,-0.124518,0.0952317,0.0711582,0.0217595
105.986,-0.126377,0.0964044,0.0738888,0.0201679
106.009,-0.128207,0.0931923,0.0766028,0.0185741
106.032,-0.130007,0.0957227,0.0792999,0.0169785
106.054,-0.131777,0.0919853,0.0819792,0.0153813
106.077,-0.133516,0.0899412,0.0846404,0.013783
106.1,-0.135224,0.0857212,0.0872826,0.012184
106.122,-0.136902,0.0879961,0.0899056,0.0105846
106.145,-0.138548,0.083011,0.0925084,0.00898526
106.168,-0.140162,0.0857675,0.0950908,0.00738627
106.19,-0.141743,0.0808114,0.0976519,0.00578806
106.213,-0.143292,0.081751,0.100192,0.00419097
106.236,-0.144808,0.0789188,0.102709,0.00259538
106.259,-0.146291,0.077942,0.105203,0.00100167
106.281,-0.147741,0.0735938,0.107675,-0.000589792
106.304,-0.149156,0.0712095,0.110122,-0.00217862
106.327,-0.150538,0.0702738,0.112545,-0.00376447
106.349,-0.151885,0.0726635,0.114943,-0.00534698
106.372,-0.153197,0.0679902,0.117315,-0.00692578
106.395,-0.154474,0.0674414,0.119662,-0.00850048
106.417,-0.155716,0.0626794,0.121982,-0.0100707
106.44,-0.156923,0.0596114,0.124275,-0.0116362
106.463,-0.158094,0.0574045,0.12654,-0.0131965
106.485,-0.159228,0.0554556,0.128778,-0.0147513
106.508,-0.160327,0.0553453,0.130987,-0.0163001
106.531,-0.161389,0.0530241,0.133167,-0.0178428
106.553,-0.162415,0.0507603,0.135318,-0.0193789
106.576,-0.163403,0.0516802,0.137439,-0.020908
106.599,-0.164355,0.0489776,0.139529,-0.0224299
106.621,-0.165269,0.042267,0.141588,-0.0239441
106.644,-0.166146,0.0418451,0.143617,-0.0254503
106.667,-0.166986,0.0413323,0.145613,-0.0269483
106.689,-0.167787,0.0406285,0.147577,-0.0284375
106.712,-0.168551,0.0373898,0.149509,-0.0299178
106.735,-0.169276,0.0313007,0.151408,-0.0313888
106.757,-0.169964,0.0337384,0.153273,-0.0328501
106.78,-0.170613,0.0291956,0.155104,-0.0343014
106.803,-0.171223,0.0239027,0.156902,-0.0357425
106.825,-0.171795,0.0288535,0.158664,-0.0371729
106.848,-0.172328,0.023304,0.160392,-0.0385923
106.871,-0.172823,0.0204681,0.162084,-0.0400005
106.893,-0.173279,0.0180317,0.16374,-0.0413971
106.916,-0.173695,0.0168247,0.16536,-0.0427818
106.939,-0.174073,0.0152009,0.166944,-0.0441543
106.961,-0.174412,0.0138516,0.168491,-0.0455143
106.984,-0.174711,0.0105695,0.170001,-0.0468615
107.007,-0.174972,0.00935135,0.171473,-0.0481957
107.029,-0.175193,0.00529548,0.172908,-0.0495164
107.052,-0.175375,0.00321859,0.174304,-0.0508234
107.075,-0.175518,0.00291375,0.175662,-0.0521165
107.098,-0.175622,0.00142813,0.176982,-0.0533954
107.12,-0.175686,-0.00199896,0.178262,-0.0546597
107.143,-0.175711,-0.0038134,0.179503,-0.0559092
107.166,-0.175697,-0.00670614,0.180705,-0.0571437
107.188,-0.175644,-0.00940538,0.181866,-0.0583628
107.211,-0.175551,-0.0155959,0.182988,-0.0595663
107.234,-0.17542,-0.0106346,0.184069,-0.0607539
107.256,-0.175249,-0.0148585,0.18511,-0.0619255
107.279,-0.17504,-0.0179123,0.18611,-0.0630806
107.302,-0.174792,-0.0198804,0.18707,-0.0642192
107.324,-0.174505,-0.0218837,0.187987,-0.0653409
107.347,-0.174179,-0.0270929,0.188864,-0.0664455
107.37,-0.173814,-0.0269672,0.189699,-0.0675328
107.392,-0.173411,-0.0268424,0.190493,-0.0686026
107.415,-0.17297,-0.0295983,0.191244,-0.0696545
107.438,-0.17249,-0.0311304,0.191953,-0.0706885
107.46,-0.171972,-0.03623,0.19262,-0.0717043
107.483,-0.171416,-0.0359165,0.193245,-0.0727016
107.506,-0.170823,-0.0357494,0.193828,-0.0736803
107.528,-0.170191,-0.0449007,0.194367,-0.0746402
107.551,-0.169523,-0.0423279,0.194864,-0.0755811
107.574,-0.168816,-0.0438284,0.195319,-0.0765027
107.596,-0.168073,-0.0500598,0.19573,-0.0774049
107.619,-0.167293,-0.0515982,0.196098,-0.0782876
107.642,-0.166475,-0.0539023,0.196423,-0.0791505
107.664,-0.165622,-0.0530995,0.196705,-0.0799935
107.687,-0.164732,-0.0564665,0.196944,-0.0808163
107.71,-0.163805,-0.0575986,0.19714,-0.0816189
107.732,-0.162843,-0.0590066,0.197292,-0.0824011
107.755,-0.161845,-0.062626,0.197401,-0.0831627
107.778,-0.160812,-0.0629411,0.197467,-0.0839036
107.8,-0.159744,-0.0653641,0.197489,-0.0846236
107.823,-0.158641,-0.0695999,0.197468,-0.0853226
107.846,-0.157503,-0.0712743,0.197404,-0.0860005
107.868,-0.156331,-0.0728687,0.197296,-0.0866572
107.891,-0.155125,-0.076256,0.197145,-0.0872924
107.914,-0.153885,-0.0771281,0.196951,-0.0879062
107.937,-0.152611,-0.0815421,0.196714,-0.0884984
107.959,-0.151305,-0.0816177,0.196433,-0.0890688
107.982,-0.149965,-0.0817291,0.19611,-0.0896175
108.005,-0.148593,-0.0817026,0.195744,-0.0901442
108.027,-0.147189,-0.0891282,0.195334,-0.090649
108.05,-0.145753,-0.0872249,0.194882,-0.0911317
108.073,-0.144286,-0.0877625,0.194387,-0.0915922
108.095,-0.142787,-0.0938812,0.19385,-0.0920305
108.118,-0.141258,-0.0952056,0.19327,-0.0924465
108.141,-0.139698,-0.0946302,0.192648,-0.0928401
108.163,-0.138108,-0.100524,0.191984,-0.0932113
108.186,-0.136489,-0.098553,0.191277,-0.0935601
108.209,-0.13484,-0.100993,0.190529,-0.0938863
108.231,-0.133162,-0.101835,0.18974,-0.09419
108.254,-0.131456,-0.101116,0.188908,-0.0944711
108.277,-0.129721,-0.104044,0.188036,-0.0947296
108.299,-0.127959,-0.10779,0.187122,-0.0949654
108.322,-0.12617,-0.110485,0.186167,-0.0951786
108.345,-0.124354,-0.111208,0.185172,-0.095369
108.367,-0.122511,-0.115826,0.184136,-0.0955369
108.39,-0.120643,-0.112233,0.18306,-0.095682
108.413,-0.118748,-0.115522,0.181944,-0.0958044
108.435,-0.116829,-0.12101,0.180789,-0.0959041
108.458,-0.114885,-0.122375,0.179593,-0.0959812
108.481,-0.112917,-0.120475,0.178359,-0.0960356
108.503,-0.110925,-0.120158,0.177086,-0.0960674
108.526,-0.10891,-0.124048,0.175774,-0.0960766
108.549,-0.106872,-0.124245,0.174424,-0.0960632
108.571,-0.104811,-0.122643,0.173036,-0.0960273
108.594,-0.102729,-0.127234,0.17161,-0.095969
108.617,-0.100626,-0.129222,0.170147,-0.0958882
108.639,-0.0985009,-0.12993,0.168646,-0.095785
108.662,-0.096356,-0.135201,0.167109,-0.0956596
108.685,-0.0941911,-0.132942,0.165536,-0.0955118
108.707,-0.0920068,-0.136314,0.163926,-0.0953419
108.73,-0.0898036,-0.137802,0.162281,-0.0951499
108.753,-0.087582,-0.136278,0.160601,-0.0949359
108.776,-0.0853425,-0.135273,0.158886,-0.0946999
108.798,-0.0830856,-0.137371,0.157136,-0.0944422
108.821,-0.0808119,-0.136382,0.155352,-0.0941627
108.844,-0.0785218,-0.141879,0.153534,-0.0938615
108.866,-0.076216,-0.143268,0.151683,-0.0935388
108.889,-0.0738949,-0.142839,0.149799,-0.0931947
108.912,-0.071559,-0.1418,0.147883,-0.0928292
108.934,-0.0692089,-0.145329,0.145934,-0.0924426
108.957,-0.0668451,-0.145709,0.143954,-0.092035
108.98,-0.0644683,-0.14386,0.141943,-0.0916064
109.002,-0.0620788,-0.145385,0.139901,-0.091157
109.025,-0.0596773,-0.147361,0.137829,-0.0906869
109.048,-0.0572643,-0.15035,0.135727,-0.0901964
109.07,-0.0548404,-0.151272,0.133596,-0.0896855
109.093,-0.0524061,-0.147548,0.131435,-0.0891544
109.116,-0.0499619,-0.150122,0.129247,-0.0886032
109.138,-0.0475085,-0.149033,0.12703,-0.0880322
109.161,-0.0450464,-0.155114,0.124786,-0.0874415
109.184,-0.0425761,-0.155277,0.122516,-0.0868312
109.206,-0.0400982,-0.155476,0.120219,-0.0862015
109.229,-0.0376132,-0.155043,0.117896,-0.0855527
109.252,-0.0351218,-0.157345,0.115547,-0.0848849
109.274,-0.0326245,-0.156612,0.113174,-0.0841982
109.297,-0.0301218,-0.153095,0.110777,-0.083493
109.32,-0.0276144,-0.15603,0.108355,-0.0827694
109.342,-0.0251028,-0.153987,0.105911,-0.0820275
109.365,-0.0225875,-0.16025,0.103444,-0.0812676
109.388,-0.0200691,-0.156684,0.100954,-0.08049
109.41,-0.0175483,-0.155844,0.0984436,-0.0796947
109.433,-0.0150255,-0.15675,0.0959118,-0.0788821
109.456,-0.0125013,-0.157372,0.0933594,-0.0780524
109.478,-0.00997637,-0.155108,0.0907873,-0.0772057
109.501,-0.00745118,-0.158522,0.0881958,-0.0763423
109.524,-0.00492633,-0.16101,0.0855855,-0.0754625
109.546,-0.00240239,-0.153796,0.0829572,-0.0745665
109.569,0.000120094,-0.158371,0.0803113,-0.0736545
109.592,0.00264053,-0.159171,0.0776484,-0.0727267
109.615,0.00515837,-0.155272,0.0749691,-0.0717835
109.637,0.00767305,-0.158749,0.072274,-0.070825
109.66,0.010184,-0.157242,0.0695637,-0.0698515
109.683,0.0126906,-0.158383,0.0668389,-0.0688633
109.705,0.0151924,-0.156713,0.0641,-0.0678607
109.728,0.0176888,-0.159466,0.0613478,-0.0668438
109.751,0.0201793,-0.1586,0.0585829,-0.065813
109.773,0.0226632,-0.154536,0.0558058,-0.0647684
109.796,0.02514,-0.157307,0.0530172,-0.0637105
109.819,0.0276092,-0.151929,0.0502176,-0.0626395
109.841,0.0300702,-0.154246,0.0474078,-0.0615556
109.864,0.0325225,-0.152355,0.0445883,-0.0604591
109.887,0.0349656,-0.15115,0.0417598,-0.0593504
109.909,0.0373988,-0.156112,0.0389229,-0.0582296
109.932,0.0398217,-0.150916,0.0360782,-0.0570971
109.955,0.0422336,-0.153173,0.0332264,-0.0559532
109.977,0.0446342,-0.153077,0.0303679,-0.0547981
110,0.0470228,-0.153966,0.0275037,-0.0536321
110.023,0.049399,-0.147934,0.0246342,-0.0524557
110.045,0.0517621,-0.15003,0.0217601,-0.051269
110.068,0.0541117,-0.149254,0.018882,-0.0500723
110.091,0.0564472,-0.151601,0.0160006,-0.0488659
110.113,0.0587682,-0.151008,0.0131165,-0.0476502
110.136,0.0610742,-0.145009,0.0102303,-0.0464255
110.159,0.0633645,-0.150019,0.00734275,-0.045192
110.181,0.0656388,-0.144862,0.00445437,-0.0439501
110.204,0.0678965,-0.141328,0.00156588,-0.0427
110.227,0.0701371,-0.141697,-0.00132214,-0.0414422
110.249,0.0723601,-0.145704,-0.00420901,-0.0401768
110.272,0.0745651,-0.142983,-0.00709413,-0.0389043
110.295,0.0767516,-0.142104,-0.00997677,-0.0376249
110.317,0.0789191,-0.143122,-0.0128564,-0.036339
110.34,0.0810671,-0.139001,-0.0157323,-0.0350468
110.363,0.0831951,-0.136892,-0.0186039,-0.0337487
110.385,0.0853027,-0.138499,-0.0214706,-0.032445
110.408,0.0873895,-0.135904,-0.0243316,-0.031136
110.431,0.0894549,-0.133117,-0.0271864,-0.029822
110.454,0.0914985,-0.12948,-0.0300344,-0.0285035
110.476,0.09352,-0.134332,-0.0328749,-0.0271806
110.499,0.0955187,-0.127816,-0.0357072,-0.0258537
110.522,0.0974944,-0.129937,-0.0385309,-0.0245232
110.544,0.0994466,-0.125747,-0.0413451,-0.0231893
110.567,0.101375,-0.126944,-0.0441494,-0.0218524
110.59,0.103279,-0.125779,-0.0469431,-0.0205128
110.612,0.105158,-0.12196,-0.0497255,-0.0191708
110.635,0.107012,-0.12245,-0.0524962,-0.0178268
110.658,0.10884,-0.12044,-0.0552544,-0.016481
110.68,0.110643,-0.117876,-0.0579995,-0.0151339
110.703,0.112419,-0.115239,-0.060731,-0.0137856
110.726,0.114169,-0.114585,-0.0634482,-0.0124366
110.748,0.115891,-0.115131,-0.0661506,-0.0110872
110.771,0.117586,-0.107733,-0.0688375,-0.00973771
110.794,0.119253,-0.112796,-0.0715084,-0.0083884
110.816,0.120892,-0.108094,-0.0741627,-0.00703963
110.839,0.122502,-0.109288,-0.0767997,-0.00569173
110.862,0.124084,-0.1056,-0.0794189,-0.00434499
110.884,0.125636,-0.107913,-0.0820198,-0.00299975
110.907,0.127159,-0.103043,-0.0846018,-0.00165633
110.93,0.128653,-0.10009,-0.0871642,-0.000315041
110.952,0.130116,-0.096427,-0.0897066,0.0010238
110.975,0.131548,-0.093176,-0.0922284,0.00235988
110.998,0.13295,-0.0952335,-0.094729,0.00369288
111.02,0.134321,-0.0944756,-0.0972078,0.0050225
111.043,0.13566,-0.0917657,-0.0996643,0.00634839
111.066,0.136968,-0.0906928,-0.102098,0.00767029
111.088,0.138244,-0.0863257,-0.104508,0.00898786
111.111,0.139488,-0.0873908,-0.106895,0.0103008
111.134,0.1407,-0.0841437,-0.109257,0.0116088
111.156,0.141879,-0.08109,-0.111594,0.0129116
111.179,0.143025,-0.0804384,-0.113906,0.0142088
111.202,0.144138,-0.0778132,-0.116192,0.0155002
111.224,0.145217,-0.074186,-0.118452,0.0167854
111.247,0.146264,-0.0735378,-0.120684,0.0180642
111.27,0.147276,-0.0722793,-0.122889,0.0193363
111.293,0.148255,-0.068557,-0.125066,0.0206013
111.315,0.149199,-0.0680569,-0.127215,0.0218591
111.338,0.150109,-0.0632113,-0.129335,0.0231092
111.361,0.150985,-0.0648051,-0.131426,0.0243514
111.383,0.151826,-0.0634898,-0.133487,0.0255855
111.406,0.152632,-0.0582985,-0.135518,0.0268111
111.429,0.153403,-0.0555506,-0.137518,0.0280281
111.451,0.154139,-0.0530757,-0.139487,0.0292359
111.474,0.15484,-0.0531674,-0.141425,0.0304345
111.497,0.155506,-0.0471135,-0.14333,0.0316236
111.519,0.156136,-0.0480233,-0.145204,0.0328028
111.542,0.15673,-0.0449618,-0.147044,0.033972
111.565,0.157289,-0.0401671,-0.148852,0.0351308
111.587,0.157812,-0.0420503,-0.150625,0.036279
111.61,0.158299,-0.0398453,-0.152365,0.0374164
111.633,0.15875,-0.0384641,-0.154071,0.0385426
111.655,0.159165,-0.0323617,-0.155742,0.0396575
111.678,0.159544,-0.0303887,-0.157378,0.0407608
111.701,0.159886,-0.0297504,-0.158979,0.0418522
111.723,0.160193,-0.0234213,-0.160543,0.0429315
111.746,0.160463,-0.0236008,-0.162072,0.0439985
111.769,0.160697,-0.0199708,-0.163565,0.0450529
111.791,0.160895,-0.0181317,-0.16502,0.0460946
111.814,0.161056,-0.0168532,-0.166439,0.0471232
111.837,0.161182,-0.0137778,-0.16782,0.0481385
111.859,0.16127,-0.0133563,-0.169164,0.0491404
111.882,0.161323,-0.0132791,-0.17047,0.0501287
111.905,0.161339,-0.00734857,-0.171738,0.051103
111.927,0.161319,-0.00565977,-0.172967,0.0520632
111.95,0.161263,-0.00392199,-0.174157,0.0530091
111.973,0.161171,-0.000953815,-0.175309,0.0539405
111.995,0.161042,-0.00165027,-0.176421,0.0548572
112.018,0.160878,0.00241702,-0.177494,0.0557591
112.041,0.160677,0.00891666,-0.178527,0.0566458
112.063,0.160441,0.00742531,-0.17952,0.0575172
112.086,0.160169,0.00867051,-0.180473,0.0583732
112.109,0.159861,0.0117466,-0.181386,0.0592136
112.132,0.159517,0.0132065,-0.182259,0.0600381
112.154,0.159138,0.0143118,-0.18309,0.0608467
112.177,0.158724,0.0195657,-0.183881,0.0616391
112.2,0.158274,0.0223535,-0.184631,0.0624153
112.222,0.157789,0.0237072,-0.18534,0.0631749
112.245,0.157269,0.0278145,-0.186007,0.063918
112.268,0.156714,0.0292128,-0.186633,0.0646443
112.29,0.156125,0.0353473,-0.187218,0.0653537
112.313,0.155501,0.0336878,-0.18776,0.0660461
112.336,0.154842,0.0360046,-0.188261,0.0667212
112.358,0.15415,0.0404526,-0.18872,0.0673791
112.381,0.153423,0.0415968,-0.189137,0.0680195
112.404,0.152663,0.045473,-0.189512,0.0686424
112.426,0.151869,0.0418902,-0.189845,0.0692476
112.449,0.151042,0.0457933,-0.190136,0.069835
112.472,0.150181,0.0509706,-0.190384,0.0704045
112.494,0.149288,0.052038,-0.190591,0.070956
112.517,0.148362,0.0552827,-0.190754,0.0714894
112.54,0.147403,0.0571761,-0.190876,0.0720046
112.562,0.146412,0.0601018,-0.190955,0.0725015
112.585,0.145389,0.0617739,-0.190992,0.0729801
112.608,0.144335,0.064893,-0.190987,0.0734402
112.63,0.143249,0.06318,-0.190939,0.0738817
112.653,0.142131,0.0685048,-0.190849,0.0743047
112.676,0.140983,0.070516,-0.190716,0.074709
112.698,0.139805,0.0700222,-0.190541,0.0750945
112.721,0.138595,0.072598,-0.190325,0.0754613
112.744,0.137356,0.0746131,-0.190066,0.0758092
112.766,0.136088,0.0753657,-0.189765,0.0761382
112.789,0.13479,0.0792445,-0.189422,0.0764483
112.812,0.133462,0.0810374,-0.189037,0.0767394
112.834,0.132106,0.0858244,-0.18861,0.0770115
112.857,0.130722,0.083818,-0.188142,0.0772645
112.88,0.129309,0.090682,-0.187632,0.0774985
112.902,0.127869,0.0873986,-0.187081,0.0777134
112.925,0.126402,0.0932148,-0.186489,0.0779092
112.948,0.124907,0.093964,-0.185855,0.0780859
112.971,0.123386,0.095227,-0.18518,0.0782434
112.993,0.121838,0.0954666,-0.184465,0.0783818
113.016,0.120265,0.0980619,-0.183709,0.0785011
113.039,0.118666,0.100785,-0.182912,0.0786013
113.061,0.117042,0.103803,-0.182075,0.0786824
113.084,0.115393,0.108047,-0.181199,0.0787443
113.107,0.113719,0.105533,-0.180282,0.0787873
113.129,0.112022,0.106304,-0.179325,0.0788111
113.152,0.110301,0.114982,-0.17833,0.078816
113.175,0.108557,0.10989,-0.177295,0.0788019
113.197,0.106791,0.115481,-0.176221,0.0787688
113.22,0.105002,0.115216,-0.175108,0.0787169
113.243,0.103191,0.116581,-0.173957,0.0786461
113.265,0.101359,0.117427,-0.172768,0.0785565
113.288,0.0995052,0.11992,-0.171541,0.0784482
113.311,0.0976313,0.121754,-0.170276,0.0783212
113.333,0.0957372,0.122819,-0.168974,0.0781756
113.356,0.0938235,0.120944,-0.167635,0.0780115
113.379,0.0918905,0.125317,-0.166259,0.0778289
113.401,0.0899387,0.129874,-0.164847,0.0776279
113.424,0.0879686,0.129574,-0.163399,0.0774086
113.447,0.0859806,0.129858,-0.161916,0.0771711
113.469,0.0839752,0.132477,-0.160396,0.0769155
113.492,0.0819529,0.131544,-0.158842,0.0766418
113.515,0.0799142,0.135064,-0.157253,0.0763503
113.537,0.0778594,0.130516,-0.15563,0.0760409
113.56,0.0757892,0.138467,-0.153973,0.0757139
113.583,0.073704,0.138076,-0.152283,0.0753692
113.605,0.0716043,0.13826,-0.150559,0.075007
113.628,0.0694905,0.1421,-0.148803,0.0746275
113.651,0.0673631,0.142236,-0.147014,0.0742308
113.673,0.0652228,0.143245,-0.145193,0.073817
113.696,0.0630698,0.144024,-0.143341,0.0733862
113.719,0.0609048,0.142551,-0.141458,0.0729386
113.741,0.0587283,0.145401,-0.139544,0.0724743
113.764,0.0565407,0.147513,-0.137599,0.0719934
113.787,0.0543426,0.149062,-0.135625,0.0714961
113.81,0.0521344,0.14738,-0.133622,0.0709827
113.832,0.0499168,0.147317,-0.13159,0.0704531
113.855,0.0476901,0.14912,-0.129529,0.0699076
113.878,0.0454549,0.152374,-0.127441,0.0693463
113.9,0.0432117,0.149884,-0.125324,0.0687695
113.923,0.040961,0.155293,-0.123181,0.0681772
113.946,0.0387034,0.155022,-0.121012,0.0675696
113.968,0.0364394,0.154869,-0.118816,0.066947
113.991,0.0341695,0.160818,-0.116595,0.0663095
114.014,0.0318941,0.154886,-0.114349,0.0656573
114.036,0.0296139,0.156768,-0.112079,0.0649906
114.059,0.0273293,0.154486,-0.109784,0.0643095
114.082,0.0250409,0.155522,-0.107466,0.0636143
114.104,0.0227492,0.15824,-0.105125,0.0629052
114.127,0.0204546,0.157163,-0.102762,0.0621823
114.15,0.0181579,0.156661,-0.100377,0.0614459
114.172,0.0158593,0.159634,-0.0979701,0.0606962
114.195,0.0135596,0.161645,-0.0955428,0.0599333
114.218,0.0112592,0.159134,-0.0930952,0.0591575
114.24,0.00895854,0.157436,-0.0906279,0.0583691
114.263,0.00665827,0.159531,-0.0881416,0.0575681
114.286,0.00435887,0.159371,-0.0856366,0.0567549
114.308,0.00206084,0.161799,-0.0831137,0.0559297
114.331,-0.000235274,0.1588,-0.0805733,0.0550927
114.354,-0.00252897,0.15881,-0.0780161,0.054244
114.376,-0.00481972,0.161423,-0.0754425,0.053384
114.399,-0.00710702,0.16011,-0.0728533,0.0525129
114.422,-0.00939034,0.161147,-0.0702489,0.0516309
114.444,-0.0116692,0.160857,-0.06763,0.0507383
114.467,-0.013943,0.159886,-0.0649972,0.0498353
114.49,-0.0162114,0.160336,-0.062351,0.048922
114.512,-0.0184737,0.161499,-0.0596921,0.0479989
114.535,-0.0207295,0.159508,-0.057021,0.0470661
114.558,-0.0229782,0.160231,-0.0543383,0.0461238
114.58,-0.0252195,0.156672,-0.0516447,0.0451724
114.603,-0.0274527,0.159703,-0.0489407,0.0442121
114.626,-0.0296773,0.15923,-0.046227,0.043243
114.649,-0.031893,0.156301,-0.0435041,0.0422655
114.671,-0.0340991,0.15843,-0.0407727,0.0412799
114.694,-0.0362952,0.156856,-0.0380334,0.0402863
114.717,-0.0384809,0.158586,-0.0352868,0.0392851
114.739,-0.0406555,0.159078,-0.0325335,0.0382765
114.762,-0.0428187,0.155988,-0.0297742,0.0372608
114.785,-0.0449699,0.157547,-0.0270094,0.0362382
114.807,-0.0471087,0.155974,-0.0242397,0.035209
114.83,-0.0492346,0.155308,-0.0214659,0.0341735
114.853,-0.0513472,0.153076,-0.0186885,0.0331319
114.875,-0.0534459,0.154087,-0.0159081,0.0320845
114.898,-0.0555304,0.151702,-0.0131254,0.0310316
114.921,-0.0576001,0.151749,-0.0103408,0.0299734
114.943,-0.0596546,0.152987,-0.00755525,0.0289102
114.966,-0.0616934,0.151578,-0.00476915,0.0278423
114.989,-0.0637162,0.149195,-0.00198322,0.0267699
115.011,-0.0657224,0.148811,0.000801932,0.0256933
115.034,-0.0677116,0.147253,0.00358571,0.0246129
115.057,-0.0696834,0.147327,0.00636754,0.0235288
115.079,-0.0716374,0.144525,0.00914671,0.0224414
115.102,-0.0735731,0.144357,0.0119226,0.0213508
115.125,-0.0754901,0.142946,0.0146947,0.0202575
115.147,-0.077388,0.143372,0.0174623,0.0191616
115.17,-0.0792664,0.140912,0.0202248,0.0180635
115.193,-0.0811249,0.139447,0.0229816,0.0169633
115.215,-0.0829631,0.140268,0.0257321,0.0158615
115.238,-0.0847805,0.138611,0.0284756,0.0147582
115.261,-0.0865768,0.136011,0.0312116,0.0136538
115.283,-0.0883517,0.138637,0.0339395,0.0125484
115.306,-0.0901047,0.135427,0.0366586,0.0114425
115.329,-0.0918354,0.13291,0.0393684,0.0103362
115.351,-0.0935435,0.130383,0.0420681,0.00922984
115.374,-0.0952286,0.129843,0.0447574,0.00812366
115.397,-0.0968903,0.127979,0.0474354,0.007018
115.42,-0.0985284,0.12885,0.0501018,0.00591306
115.442,-0.100142,0.125108,0.0527557,0.00480915
115.465,-0.101732,0.12498,0.0553968,0.00370653
115.488,-0.103297,0.125332,0.0580244,0.00260547
115.51,-0.104837,0.123745,0.0606379,0.00150623
115.533,-0.106351,0.119955,0.0632367,0.000409099
115.556,-0.10784,0.11927,0.0658202,-0.000685675
115.578,-0.109303,0.117936,0.0683879,-0.00177783
115.601,-0.11074,0.114976,0.0709393,-0.0028671
115.624,-0.112149,0.118115,0.0734737,-0.0039532
115.646,-0.113532,0.11179,0.0759906,-0.0050359
115.669,-0.114888,0.111959,0.0784895,-0.00611491
115.692,-0.116217,0.110459,0.0809698,-0.00718998
115.714,-0.117517,0.108422,0.0834308,-0.00826086
115.737,-0.11879,0.106071,0.0858722,-0.00932731
115.76,-0.120034,0.102763,0.0882934,-0.010389
115.782,-0.12125,0.10251,0.0906937,-0.0114458
115.805,-0.122437,0.100202,0.0930728,-0.0124974
115.828,-0.123595,0.0995187,0.0954301,-0.0135435
115.85,-0.124724,0.100481,0.097765,-0.0145839
115.873,-0.125824,0.0952849,0.100077,-0.0156183
115.896,-0.126893,0.0918666,0.102366,-0.0166465
115.918,-0.127933,0.0925801,0.104631,-0.0176683
115.941,-0.128943,0.092677,0.106871,-0.0186835
115.964,-0.129923,0.0892565,0.109087,-0.0196917
115.986,-0.130872,0.0857593,0.111277,-0.0206928
116.009,-0.13179,0.0839646,0.113442,-0.0216864
116.032,-0.132677,0.0827294,0.11558,-0.0226725
116.054,-0.133534,0.0831399,0.117691,-0.0236507
116.077,-0.134359,0.0757256,0.119776,-0.0246208
116.1,-0.135153,0.0762481,0.121832,-0.0255827
116.122,-0.135916,0.0740318,0.123861,-0.026536
116.145,-0.136647,0.0730215,0.125861,-0.0274806
116.168,-0.137346,0.0678577,0.127832,-0.0284162
116.19,-0.138014,0.0694396,0.129773,-0.0293427
116.213,-0.138649,0.0678253,0.131685,-0.0302598
116.236,-0.139252,0.0621894,0.133566,-0.0311673
116.259,-0.139824,0.0624003,0.135417,-0.032065
116.281,-0.140362,0.0606165,0.137237,-0.0329527
116.304,-0.140869,0.0567071,0.139025,-0.0338302
116.327,-0.141343,0.0564364,0.140781,-0.0346973
116.349,-0.141784,0.0552719,0.142505,-0.0355539
116.372,-0.142193,0.0545015,0.144197,-0.0363996
116.395,-0.14257,0.0495301,0.145855,-0.0372344
116.417,-0.142913,0.0492065,0.147481,-0.038058
116.44,-0.143224,0.0438965,0.149072,-0.0388703
116.463,-0.143502,0.0443771,0.15063,-0.0396711
116.485,-0.143748,0.0382058,0.152153,-0.0404602
116.508,-0.14396,0.0379079,0.153641,-0.0412375
116.531,-0.14414,0.0384562,0.155095,-0.0420027
116.553,-0.144286,0.0344673,0.156513,-0.0427557
116.576,-0.1444,0.0315551,0.157896,-0.0434963
116.599,-0.144482,0.0293068,0.159242,-0.0442245
116.621,-0.14453,0.0265135,0.160553,-0.04494
116.644,-0.144546,0.0251456,0.161827,-0.0456426
116.667,-0.144528,0.0226515,0.163064,-0.0463322
116.689,-0.144478,0.0229305,0.164264,-0.0470088
116.712,-0.144396,0.0194255,0.165427,-0.0476721
116.735,-0.144281,0.0169117,0.166553,-0.048322
116.757,-0.144133,0.0136622,0.16764,-0.0489583
116.78,-0.143953,0.0137523,0.16869,-0.049581
116.803,-0.143741,0.00805262,0.169702,-0.0501899
116.825,-0.143496,0.00759592,0.170675,-0.0507849
116.848,-0.143219,0.00617054,0.17161,-0.0513659
116.871,-0.14291,0.00399313,0.172505,-0.0519327
116.893,-0.142568,0.0014453,0.173362,-0.0524852
116.916,-0.142195,-0.00151703,0.17418,-0.0530234
116.939,-0.14179,-0.00334304,0.174958,-0.0535471
116.961,-0.141354,-0.00693867,0.175697,-0.0540562
116.984,-0.140886,-0.00757368,0.176396,-0.0545506
117.007,-0.140387,-0.0103262,0.177056,-0.0550303
117.029,-0.139856,-0.0143139,0.177675,-0.0554952
117.052,-0.139294,-0.0153027,0.178255,-0.055945
117.075,-0.138702,-0.017465,0.178794,-0.0563799
117.098,-0.138079,-0.0178499,0.179293,-0.0567997
117.12,-0.137425,-0.0206875,0.179752,-0.0572043
117.143,-0.136741,-0.0222417,0.180171,-0.0575936
117.166,-0.136026,-0.0260182,0.180549,-0.0579677
117.188,-0.135282,-0.0274629,0.180886,-0.0583264
117.211,-0.134508,-0.0288656,0.181183,-0.0586696
117.234,-0.133704,-0.0336167,0.181439,-0.0589974
117.256,-0.132871,-0.0334461,0.181654,-0.0593096
117.279,-0.132009,-0.0369958,0.181828,-0.0596063
117.302,-0.131118,-0.0402322,0.181962,-0.0598873
117.324,-0.130198,-0.0388885,0.182055,-0.0601527
117.347,-0.12925,-0.0425759,0.182107,-0.0604024
117.37,-0.128274,-0.0465007,0.182119,-0.0606364
117.392,-0.12727,-0.0469076,0.182089,-0.0608546
117.415,-0.126238,-0.0489716,0.182019,-0.0610571
117.438,-0.125179,-0.050875,0.181908,-0.0612438
117.46,-0.124092,-0.0518354,0.181756,-0.0614147
117.483,-0.122979,-0.0558997,0.181564,-0.0615697
117.506,-0.121839,-0.0574261,0.181331,-0.061709
117.528,-0.120674,-0.0600845,0.181058,-0.0618325
117.551,-0.119482,-0.0629728,0.180744,-0.0619401
117.574,-0.118264,-0.0631106,0.18039,-0.062032
117.596,-0.117021,-0.0654035,0.179996,-0.062108
117.619,-0.115753,-0.0686119,0.179561,-0.0621683
117.642,-0.11446,-0.0693992,0.179087,-0.0622128
117.664,-0.113143,-0.0695288,0.178572,-0.0622415
117.687,-0.111802,-0.0726615,0.178018,-0.0622546
117.71,-0.110437,-0.0765459,0.177424,-0.0622519
117.732,-0.109049,-0.0782889,0.176791,-0.0622336
117.755,-0.107638,-0.079115,0.176118,-0.0621997
117.778,-0.106204,-0.0821831,0.175406,-0.0621503
117.8,-0.104747,-0.0824867,0.174655,-0.0620852
117.823,-0.103269,-0.0849123,0.173865,-0.0620048
117.846,-0.101769,-0.087562,0.173037,-0.0619089
117.868,-0.100248,-0.0890711,0.17217,-0.0617976
117.891,-0.0987056,-0.0902001,0.171265,-0.061671
117.914,-0.097143,-0.0910507,0.170322,-0.0615293
117.937,-0.0955603,-0.0923133,0.169342,-0.0613723
117.959,-0.0939578,-0.0957902,0.168323,-0.0612002
117.982,-0.0923359,-0.0961226,0.167268,-0.0610131
118.005,-0.0906952,-0.0972876,0.166175,-0.0608111
118.027,-0.0890358,-0.0988174,0.165046,-0.0605941
118.05,-0.0873583,-0.102736,0.16388,-0.0603625
118.073,-0.085663,-0.104287,0.162678,-0.0601161
118.095,-0.0839504,-0.104478,0.161439,-0.0598551
118.118,-0.0822209,-0.105674,0.160166,-0.0595797
118.141,-0.0804748,-0.107067,0.158856,-0.0592898
118.163,-0.0787126,-0.11012,0.157512,-0.0589857
118.186,-0.0769348,-0.110567,0.156133,-0.0586674
118.209,-0.0751417,-0.111933,0.15472,-0.058335
118.231,-0.0733337,-0.114282,0.153272,-0.0579887
118.254,-0.0715114,-0.114753,0.151791,-0.0576285
118.277,-0.0696751,-0.116799,0.150276,-0.0572546
118.299,-0.0678253,-0.119318,0.148728,-0.0568672
118.322,-0.0659624,-0.119214,0.147147,-0.0564662
118.345,-0.0640869,-0.121841,0.145534,-0.0560519
118.367,-0.0621991,-0.122295,0.14389,-0.0556245
118.39,-0.0602996,-0.123128,0.142213,-0.0551839
118.413,-0.0583888,-0.124499,0.140505,-0.0547305
118.435,-0.0564672,-0.125123,0.138767,-0.0542642
118.458,-0.0545351,-0.128436,0.136998,-0.0537853
118.481,-0.0525931,-0.129502,0.135199,-0.053294
118.503,-0.0506415,-0.129866,0.13337,-0.0527903
118.526,-0.048681,-0.130436,0.131513,-0.0522744
118.549,-0.0467119,-0.132409,0.129626,-0.0517465
118.571,-0.0447346,-0.133026,0.127711,-0.0512068
118.594,-0.0427497,-0.133519,0.125768,-0.0506554
118.617,-0.0407576,-0.136035,0.123798,-0.0500924
118.639,-0.0387588,-0.136907,0.121801,-0.049518
118.662,-0.0367537,-0.136245,0.119777,-0.0489325
118.685,-0.0347428,-0.138454,0.117728,-0.048336
118.707,-0.0327266,-0.139105,0.115652,-0.0477286
118.73,-0.0307055,-0.13936,0.113552,-0.0471105
118.753,-0.02868,-0.140223,0.111427,-0.046482
118.776,-0.0266506,-0.140716,0.109277,-0.0458432
118.798,-0.0246178,-0.144239,0.107104,-0.0451942
118.821,-0.0225819,-0.14438,0.104908,-0.0445354
118.844,-0.0205436,-0.143183,0.102689,-0.0438668
118.866,-0.0185032,-0.144966,0.100448,-0.0431886
118.889,-0.0164612,-0.144591,0.0981858,-0.0425011
118.912,-0.0144181,-0.145901,0.0959019,-0.0418044
118.934,-0.0123743,-0.145924,0.0935974,-0.0410988
118.957,-0.0103304,-0.146601,0.0912728,-0.0403844
118.98,-0.00828679,-0.147717,0.0889286,-0.0396615
119.002,-0.00624394,-0.147629,0.0865653,-0.0389302
119.025,-0.00420231,-0.148718,0.0841835,-0.0381908
119.048,-0.00216237,-0.149662,0.0817838,-0.0374435
119.07,-0.0001246,-0.148823,0.0793665,-0.0366884
119.093,0.00191055,-0.149482,0.0769324,-0.0359257
119.116,0.00394262,-0.150196,0.0744819,-0.0351558
119.138,0.00597114,-0.151039,0.0720157,-0.0343788
119.161,0.00799566,-0.149951,0.0695341,-0.0335949
119.184,0.0100157,-0.152289,0.067038,-0.0328044
119.206,0.0120308,-0.152254,0.0645277,-0.0320073
119.229,0.0140406,-0.151824,0.0620038,-0.0312041
119.252,0.0160445,-0.1522,0.059467,-0.0303949
119.274,0.0180422,-0.15235,0.0569178,-0.0295799
119.297,0.0200331,-0.153608,0.0543567,-0.0287593
119.32,0.0220168,-0.152003,0.0517843,-0.0279333
119.342,0.0239929,-0.152002,0.0492013,-0.0271023
119.365,0.0259609,-0.154603,0.0466082,-0.0262663
119.388,0.0279205,-0.152953,0.0440056,-0.0254257
119.41,0.0298711,-0.152677,0.041394,-0.0245807
119.433,0.0318123,-0.153186,0.0387741,-0.0237314
119.456,0.0337437,-0.155219,0.0361464,-0.0228781
119.478,0.0356648,-0.152798,0.0335116,-0.0220211
119.501,0.0375753,-0.152564,0.0308701,-0.0211606
119.524,0.0394747,-0.153217,0.0282227,-0.0202968
119.546,0.0413626,-0.15381,0.0255699,-0.0194299
119.569,0.0432385,-0.152327,0.0229123,-0.0185601
119.592,0.0451021,-0.153604,0.0202505,-0.0176878
119.615,0.0469529,-0.151169,0.0175851,-0.016813
119.637,0.0487906,-0.151409,0.0149166,-0.0159362
119.66,0.0506147,-0.151141,0.0122458,-0.0150574
119.683,0.0524248,-0.151313,0.00957313,-0.0141769
119.705,0.0542206,-0.152712,0.00689926,-0.013295
119.728,0.0560016,-0.150629,0.00422477,-0.0124118
119.751,0.0577674,-0.149695,0.00155027,-0.0115277
119.773,0.0595177,-0.149683,-0.00112366,-0.0106427
119.796,0.0612521,-0.148828,-0.00379646,-0.00975731
119.819,0.0629702,-0.148936,-0.00646747,-0.00887156
119.841,0.0646716,-0.148352,-0.00913608,-0.00798576
119.864,0.066356,-0.147223,-0.0118018,-0.00710011
119.887,0.068023,-0.147972,-0.0144639,-0.00621486
119.909,0.0696722,-0.145586,-0.0171219,-0.00533021
119.932,0.0713033,-0.145642,-0.0197752,-0.0044464
119.955,0.072916,-0.145306,-0.0224231,-0.00356366
119.977,0.0745098,-0.143838,-0.0250651,-0.00268225
120,0.0760845,-0.143936,-0.0277006,-0.00180233
120.023,0.0776397,-0.142847,-0.030329,-0.000924172
120.045,0.0791751,-0.142194,-0.0329498,-4.79745e-05
120.068,0.0806903,-0.141558,-0.0355622,0.000826017
120.091,0.0821851,-0.139857,-0.0381659,0.00169761
120.113,0.0836591,-0.139575,-0.0407601,0.00256653
120.136,0.085112,-0.138991,-0.0433443,0.00343262
120.159,0.0865434,-0.13743,-0.0459179,0.00429562
120.181,0.0879532,-0.137704,-0.0484804,0.00515533
120.204,0.089341,-0.136819,-0.0510312,0.00601152
120.227,0.0907065,-0.134483,-0.0535698,0.006864
120.249,0.0920494,-0.133749,-0.0560954,0.00771253
120.272,0.0933695,-0.133644,-0.0586077,0.00855691
120.295,0.0946665,-0.132549,-0.0611061,0.00939695
120.317,0.0959401,-0.130268,-0.0635899,0.0102324
120.34,0.09719,-0.13026,-0.0660587,0.0110631
120.363,0.098416,-0.127904,-0.0685118,0.0118888
120.385,0.0996179,-0.126247,-0.0709488,0.0127092
120.408,0.100795,-0.127257,-0.0733692,0.0135244
120.431,0.101948,-0.126108,-0.0757723,0.0143339
120.454,0.103076,-0.123952,-0.0781576,0.0151376
120.476,0.104179,-0.123444,-0.0805247,0.0159353
120.499,0.105257,-0.121431,-0.0828729,0.0167269
120.522,0.106309,-0.120035,-0.0852019,0.0175121
120.544,0.107335,-0.119466,-0.087511,0.0182907
120.567,0.108335,-0.117783,-0.0897998,0.0190626
120.59,0.109309,-0.117532,-0.0920677,0.0198275
120.612,0.110257,-0.116413,-0.0943143,0.0205853
120.635,0.111179,-0.113391,-0.096539,0.0213357
120.658,0.112073,-0.110578,-0.0987413,0.0220787
120.68,0.112941,-0.112619,-0.100921,0.0228141
120.703,0.113782,-0.110309,-0.103077,0.0235415
120.726,0.114596,-0.109064,-0.10521,0.024261
120.748,0.115382,-0.106588,-0.107318,0.0249723
120.771,0.116141,-0.105543,-0.109401,0.0256752
120.794,0.116872,-0.103305,-0.11146,0.0263696
120.816,0.117576,-0.1027,-0.113493,0.0270553
120.839,0.118252,-0.0993769,-0.115499,0.0277322
120.862,0.118899,-0.0977429,-0.117479,0.0284001
120.884,0.119519,-0.0962144,-0.119433,0.0290588
120.907,0.120111,-0.09539,-0.121358,0.0297082
120.93,0.120674,-0.0940796,-0.123256,0.0303481
120.952,0.121209,-0.0931623,-0.125126,0.0309784
120.975,0.121715,-0.0907353,-0.126968,0.031599
120.998,0.122193,-0.0898799,-0.12878,0.0322097
121.02,0.122642,-0.0874703,-0.130563,0.0328103
121.043,0.123062,-0.0858599,-0.132315,0.0334008
121.066,0.123454,-0.0837879,-0.134038,0.033981
121.088,0.123817,-0.0827773,-0.135731,0.0345507
121.111,0.124151,-0.080288,-0.137392,0.0351099
121.134,0.124457,-0.0786464,-0.139022,0.0356584
121.156,0.124733,-0.0769057,-0.14062,0.0361961
121.179,0.124981,-0.076394,-0.142186,0.0367229
121.202,0.125199,-0.0736724,-0.14372,0.0372386
121.224,0.125389,-0.0723983,-0.145222,0.0377432
121.247,0.12555,-0.0707507,-0.14669,0.0382365
121.27,0.125681,-0.0700247,-0.148125,0.0387185
121.293,0.125784,-0.0667703,-0.149526,0.039189
121.315,0.125858,-0.064499,-0.150894,0.0396479
121.338,0.125903,-0.0631571,-0.152227,0.0400952
121.361,0.125919,-0.0600826,-0.153525,0.0405307
121.383,0.125906,-0.058323,-0.154789,0.0409544
121.406,0.125865,-0.0578621,-0.156018,0.0413662
121.429,0.125795,-0.0553109,-0.157211,0.0417659
121.451,0.125696,-0.0537976,-0.158369,0.0421536
121.474,0.125568,-0.050557,-0.159491,0.0425291
121.497,0.125412,-0.0499002,-0.160577,0.0428924
121.519,0.125227,-0.0484493,-0.161626,0.0432433
121.542,0.125014,-0.0456333,-0.162639,0.0435819
121.565,0.124773,-0.0437706,-0.163615,0.0439081
121.587,0.124504,-0.0424332,-0.164554,0.0442217
121.61,0.124206,-0.0404533,-0.165456,0.0445228
121.633,0.12388,-0.0372062,-0.166321,0.0448113
121.655,0.123527,-0.035515,-0.167148,0.0450872
121.678,0.123146,-0.0337941,-0.167937,0.0453503
121.701,0.122737,-0.0323016,-0.168688,0.0456007
121.723,0.1223,-0.0294243,-0.169401,0.0458384
121.746,0.121837,-0.0276906,-0.170077,0.0460632
121.769,0.121346,-0.0262962,-0.170713,0.0462752
121.791,0.120828,-0.023014,-0.171311,0.0464743
121.814,0.120283,-0.0228529,-0.171871,0.0466605
121.837,0.119711,-0.0210148,-0.172392,0.0468338
121.859,0.119113,-0.0186054,-0.172874,0.0469942
121.882,0.118488,-0.0161765,-0.173317,0.0471416
121.905,0.117837,-0.0140092,-0.173721,0.047276
121.927,0.11716,-0.0125268,-0.174085,0.0473975
121.95,0.116458,-0.0101769,-0.174411,0.047506
121.973,0.115729,-0.00762532,-0.174697,0.0476015
121.995,0.114975,-0.00634206,-0.174944,0.0476841
122.018,0.114196,-0.00612794,-0.175152,0.0477537
122.041,0.113392,-0.00109885,-0.17532,0.0478104
122.063,0.112563,7.03707e-05,-0.175449,0.0478541
122.086,0.11171,0.000693368,-0.175538,0.0478849
122.109,0.110832,0.00458375,-0.175588,0.0479027
122.132,0.10993,0.00560896,-0.175599,0.0479077
122.154,0.109005,0.00776625,-0.17557,0.0478999
122.177,0.108055,0.0101598,-0.175501,0.0478792
122.2,0.107083,0.0122622,-0.175393,0.0478457
122.222,0.106087,0.0141528,-0.175246,0.0477995
122.245,0.105068,0.0156059,-0.175059,0.0477406
122.268,0.104027,0.0178972,-0.174833,0.047669
122.29,0.102964,0.0199767,-0.174567,0.0475847
122.313,0.101879,0.0224858,-0.174263,0.0474879
122.336,0.100771,0.0230304,-0.173919,0.0473786
122.358,0.0996429,0.0255953,-0.173536,0.0472568
122.381,0.0984932,0.0289274,-0.173115,0.0471226
122.404,0.0973226,0.02903,-0.172654,0.0469761
122.426,0.0961315,0.0317358,-0.172155,0.0468173
122.449,0.0949202,0.0334127,-0.171617,0.0466463
122.472,0.0936889,0.0359828,-0.171041,0.0464632
122.494,0.092438,0.0374103,-0.170426,0.046268
122.517,0.0911678,0.0403183,-0.169773,0.0460608
122.54,0.0898786,0.0415413,-0.169082,0.0458417
122.562,0.0885707,0.0430587,-0.168353,0.0456108
122.585,0.0872446,0.0453342,-0.167586,0.0453682
122.608,0.0859004,0.0469202,-0.166782,0.045114
122.63,0.0845386,0.0484049,-0.16594,0.0448482
122.653,0.0831594,0.0500693,-0.165061,0.044571
122.676,0.0817633,0.0526732,-0.164145,0.0442824
122.698,0.0803505,0.0547208,-0.163192,0.0439826
122.721,0.0789215,0.0569832,-0.162203,0.0436716
122.744,0.0774766,0.058142,-0.161178,0.0433497
122.766,0.0760161,0.0598572,-0.160116,0.0430168
122.789,0.0745404,0.061626,-0.159018,0.0426731
122.812,0.0730499,0.0627179,-0.157885,0.0423187
122.834,0.0715449,0.0652519,-0.156716,0.0419537
122.857,0.0700257,0.0671819,-0.155512,0.0415783
122.88,0.0684929,0.0689084,-0.154274,0.0411925
122.902,0.0669467,0.0703158,-0.153001,0.0407966
122.925,0.0653875,0.0723549,-0.151693,0.0403906
122.948,0.0638158,0.0737606,-0.150352,0.0399746
122.971,0.0622318,0.0746297,-0.148977,0.0395489
122.993,0.060636,0.0775372,-0.147568,0.0391135
123.016,0.0590287,0.0796361,-0.146127,0.0386685
123.039,0.0574104,0.0809957,-0.144653,0.0382142
123.061,0.0557815,0.0823496,-0.143146,0.0377506
123.084,0.0541422,0.084163,-0.141607,0.0372779
123.107,0.0524931,0.0859363,-0.140037,0.0367962
123.129,0.0508345,0.0864831,-0.138435,0.0363058
123.152,0.0491668,0.0884612,-0.136802,0.0358067
123.175,0.0474905,0.0898181,-0.135139,0.0352991
123.197,0.0458058,0.0915506,-0.133445,0.0347831
123.22,0.0441133,0.0938948,-0.131722,0.034259
123.243,0.0424133,0.0943351,-0.129968,0.0337268
123.265,0.0407063,0.0971239,-0.128186,0.0331868
123.288,0.0389926,0.0985023,-0.126375,0.0326391
123.311,0.0372726,0.0992698,-0.124536,0.0320838
123.333,0.0355468,0.101309,-0.122669,0.0315212
123.356,0.0338155,0.102394,-0.120774,0.0309514
123.379,0.0320792,0.103216,-0.118853,0.0303745
123.401,0.0303383,0.105221,-0.116904,0.0297908
123.424,0.0285932,0.106231,-0.11493,0.0292004
123.447,0.0268442,0.107652,-0.11293,0.0286035
123.469,0.0250919,0.109061,-0.110904,0.0280003
123.492,0.0233366,0.110011,-0.108854,0.0273909
123.515,0.0215788,0.11082,-0.106779,0.0267755
123.537,0.0198188,0.112298,-0.10468,0.0261543
123.56,0.018057,0.113689,-0.102558,0.0255275
123.583,0.0162939,0.115946,-0.100412,0.0248953
123.605,0.0145299,0.115869,-0.0982447,0.0242578
123.628,0.0127654,0.11824,-0.0960549,0.0236153
123.651,0.0110007,0.118276,-0.0938436,0.0229679
123.673,0.00923643,0.119384,-0.0916111,0.0223158
123.696,0.00747282,0.12053,-0.0893581,0.0216592
123.719,0.00571035,0.121384,-0.087085,0.0209983
123.741,0.0039494,0.122621,-0.0847924,0.0203333
123.764,0.00219039,0.124481,-0.0824807,0.0196643
123.787,0.000433724,0.125288,-0.0801505,0.0189916
123.81,-0.0013202,0.126513,-0.0778023,0.0183153
123.832,-0.00307097,0.127247,-0.0754365,0.0176357
123.855,-0.0048182,0.127815,-0.0730538,0.0169529
123.878,-0.00656148,0.128712,-0.0706547,0.0162671
123.9,-0.0083004,0.129976,-0.0682397,0.0155786
123.923,-0.0100346,0.130277,-0.0658092,0.0148874
123.946,-0.0117636,0.131457,-0.063364,0.0141939
123.968,-0.0134871,0.132025,-0.0609044,0.0134982
123.991,-0.0152047,0.132777,-0.0584311,0.0128005
124.014,-0.016916,0.134092,-0.0559447,0.012101
124.036,-0.0186206,0.134815,-0.0534455,0.0113999
124.059,-0.0203181,0.135684,-0.0509343,0.0106974
124.082,-0.0220081,0.135896,-0.0484116,0.00999365
124.104,-0.0236903,0.137041,-0.0458779,0.0092889
124.127,-0.0253642,0.138392,-0.0433338,0.00858331
124.15,-0.0270295,0.138461,-0.0407798,0.0078771
124.172,-0.0286859,0.138886,-0.0382166,0.00717045
124.195,-0.0303329,0.139532,-0.0356446,0.00646357
124.218,-0.0319702,0.139554,-0.0330646,0.00575664
124.24,-0.0335974,0.139641,-0.0304769,0.00504987
124.263,-0.0352142,0.140993,-0.0278824,0.00434344
124.286,-0.0368202,0.140773,-0.0252813,0.00363756
124.308,-0.038415,0.142157,-0.0226744,0.00293239
124.331,-0.0399983,0.142153,-0.0200623,0.00222817
124.354,-0.0415697,0.142385,-0.0174455,0.00152505
124.376,-0.043129,0.143778,-0.0148246,0.000823248
124.399,-0.0446756,0.143411,-0.0122002,0.000122942
124.422,-0.0462094,0.143989,-0.00957281,-0.000575672
124.444,-0.04773,0.143724,-0.00694313,-0.00127241
124.467,-0.049237,0.143943,-0.00431165,-0.00196707
124.49,-0.0507301,0.144879,-0.00167904,-0.00265947
124.512,-0.0522091,0.145171,0.000954218,-0.00334944
124.535,-0.0536734,0.14504,0.00358748,-0.00403679
124.558,-0.055123,0.14517,0.00622017,-0.00472132
124.58,-0.0565573,0.145739,0.0088517,-0.00540286
124.603,-0.0579762,0.14557,0.0114815,-0.00608121
124.626,-0.0593794,0.145763,0.0141089,-0.00675622
124.649,-0.0607664,0.145233,0.0167335,-0.00742767
124.671,-0.0621371,0.145074,0.0193546,-0.00809542
124.694,-0.0634911,0.146155,0.0219715,-0.00875926
124.717,-0.0648281,0.14485,0.0245839,-0.00941903
124.739,-0.0661479,0.145851,0.027191,-0.0100746
124.762,-0.0674502,0.145645,0.0297923,-0.0107257
124.785,-0.0687347,0.144976,0.0323872,-0.0113722
124.807,-0.0700011,0.144545,0.0349752,-0.012014
124.83,-0.0712492,0.145187,0.0375555,-0.0126508
124.853,-0.0724787,0.14551,0.0401278,-0.0132826
124.875,-0.0736893,0.144514,0.0426915,-0.013909
124.898,-0.0748809,0.145089,0.0452458,-0.0145301
124.921,-0.0760531,0.144847,0.0477903,-0.0151456
124.943,-0.0772057,0.144306,0.0503245,-0.0157553
124.966,-0.0783385,0.143775,0.0528477,-0.0163591
124.989,-0.0794512,0.143169,0.0553593,-0.0169569
125.011,-0.0805437,0.143,0.057859,-0.0175484
125.034,-0.0816156,0.143001,0.0603459,-0.0181336
125.057,-0.0826669,0.142335,0.0628197,-0.0187123
125.079,-0.0836972,0.141536,0.0652798,-0.0192843
125.102,-0.0847064,0.141701,0.0677256,-0.0198495
125.125,-0.0856942,0.141154,0.0701566,-0.0204078
125.147,-0.0866605,0.139809,0.0725722,-0.020959
125.17,-0.0876051,0.14049,0.0749719,-0.0215029
125.193,-0.0885278,0.139044,0.0773552,-0.0220394
125.215,-0.0894284,0.138628,0.0797215,-0.0225685
125.238,-0.0903067,0.137762,0.0820704,-0.0230899
125.261,-0.0911626,0.138005,0.0844012,-0.0236035
125.283,-0.0919959,0.136619,0.0867135,-0.0241093
125.306,-0.0928065,0.136312,0.0890067,-0.024607
125.329,-0.0935942,0.135453,0.0912804,-0.0250966
125.351,-0.0943588,0.13483,0.093534,-0.0255779
125.374,-0.0951003,0.134013,0.0957671,-0.0260508
125.397,-0.0958184,0.132914,0.097979,-0.0265153
125.42,-0.0965131,0.132799,0.100169,-0.0269711
125.442,-0.0971842,0.131755,0.102338,-0.0274182
125.465,-0.0978316,0.130865,0.104484,-0.0278565
125.488,-0.0984553,0.130205,0.106607,-0.0282858
125.51,-0.099055,0.128505,0.108706,-0.0287061
125.533,-0.0996307,0.12829,0.110781,-0.0291172
125.556,-0.100182,0.126921,0.112832,-0.0295191
125.578,-0.10071,0.125842,0.114858,-0.0299117
125.601,-0.101213,0.125087,0.116859,-0.0302948
125.624,-0.101692,0.124348,0.118834,-0.0306685
125.646,-0.102146,0.123423,0.120783,-0.0310325
125.669,-0.102576,0.1216,0.122705,-0.0313869
125.692,-0.102981,0.121365,0.1246,-0.0317315
125.714,-0.103362,0.119998,0.126467,-0.0320662
125.737,-0.103718,0.118771,0.128307,-0.0323911
125.76,-0.10405,0.11802,0.130118,-0.032706
125.782,-0.104357,0.116206,0.131901,-0.0330107
125.805,-0.104639,0.11547,0.133654,-0.0333054
125.828,-0.104896,0.11418,0.135378,-0.0335899
125.85,-0.105128,0.112706,0.137072,-0.0338641
125.873,-0.105336,0.11169,0.138735,-0.0341281
125.896,-0.105519,0.110391,0.140368,-0.0343817
125.918,-0.105677,0.10845,0.14197,-0.0346248
125.941,-0.10581,0.107935,0.143541,-0.0348575
125.964,-0.105918,0.106385,0.145079,-0.0350797
125.986,-0.106002,0.104829,0.146586,-0.0352914
126.009,-0.106061,0.103827,0.14806,-0.0354925
126.032,-0.106095,0.102228,0.149501,-0.0356829
126.054,-0.106104,0.10093,0.150909,-0.0358627
126.077,-0.106089,0.0992005,0.152284,-0.0360318
126.1,-0.106049,0.0977445,0.153625,-0.0361902
126.122,-0.105985,0.0963003,0.154932,-0.0363378
126.145,-0.105896,0.095039,0.156205,-0.0364747
126.168,-0.105782,0.0936736,0.157443,-0.0366008
126.19,-0.105645,0.0913512,0.158646,-0.0367161
126.213,-0.105483,0.0905516,0.159814,-0.0368206
126.236,-0.105297,0.0889814,0.160947,-0.0369143
126.259,-0.105086,0.0874487,0.162043,-0.0369972
126.281,-0.104852,0.0861795,0.163104,-0.0370692
126.304,-0.104594,0.0842098,0.164129,-0.0371304
126.327,-0.104311,0.0825478,0.165117,-0.0371808
126.349,-0.104005,0.0811336,0.166069,-0.0372204
126.372,-0.103676,0.0791405,0.166983,-0.0372491
126.395,-0.103323,0.0774445,0.167861,-0.0372671
126.417,-0.102947,0.0757533,0.168701,-0.0372743
126.44,-0.102547,0.0742854,0.169504,-0.0372707
126.463,-0.102124,0.072743,0.170269,-0.0372564
126.485,-0.101679,0.0716739,0.170996,-0.0372314
126.508,-0.10121,0.0691604,0.171686,-0.0371956
126.531,-0.100719,0.0678604,0.172337,-0.0371493
126.553,-0.100205,0.0661587,0.17295,-0.0370922
126.576,-0.0996688,0.0642453,0.173524,-0.0370246
126.599,-0.0991105,0.0622637,0.17406,-0.0369464
126.621,-0.0985302,0.0601737,0.174557,-0.0368578
126.644,-0.0979279,0.0584254,0.175015,-0.0367586
126.667,-0.097304,0.0569812,0.175434,-0.036649
126.689,-0.0966587,0.0548518,0.175814,-0.0365291
126.712,-0.095992,0.0532637,0.176155,-0.0363989
126.735,-0.0953042,0.0513612,0.176456,-0.0362583
126.757,-0.0945954,0.0495429,0.176719,-0.0361076
126.78,-0.093866,0.0476795,0.176942,-0.0359467
126.803,-0.0931161,0.0457038,0.177125,-0.0357758
126.825,-0.0923459,0.043872,0.177269,-0.0355948
126.848,-0.0915556,0.0427216,0.177374,-0.0354039
126.871,-0.0907454,0.039928,0.177439,-0.0352031
126.893,-0.0899157,0.0381446,0.177464,-0.0349926
126.916,-0.0890665,0.0361081,0.17745,-0.0347723
126.939,-0.0881982,0.0342119,0.177396,-0.0345424
126.961,-0.0873109,0.0322357,0.177302,-0.0343029
126.984,-0.086405,0.0303428,0.177169,-0.0340539
127.007,-0.0854806,0.0284171,0.176996,-0.0337956
127.029,-0.0845381,0.0269208,0.176784,-0.033528
127.052,-0.0835776,0.0246504,0.176532,-0.0332512
127.075,-0.0825994,0.0229532,0.176241,-0.0329653
127.098,-0.0816039,0.0207563,0.175911,-0.0326704
127.12,-0.0805911,0.0189181,0.175541,-0.0323665
127.143,-0.0795615,0.0168689,0.175131,-0.0320539
127.166,-0.0785153,0.0149283,0.174683,-0.0317326
127.188,-0.0774528,0.0128014,0.174195,-0.0314027
127.211,-0.0763742,0.0112507,0.173669,-0.0310643
127.234,-0.0752798,0.00893776,0.173104,-0.0307175
127.256,-0.0741699,0.00705565,0.172499,-0.0303625
127.279,-0.0730449,0.00524606,0.171856,-0.0299993
127.302,-0.0719049,0.0030866,0.171175,-0.0296282
127.324,-0.0707504,0.00128438,0.170455,-0.0292491
127.347,-0.0695815,-0.00081226,0.169697,-0.0288622
127.37,-0.0683986,-0.0028269,0.168901,-0.0284677
127.392,-0.067202,-0.00453854,0.168067,-0.0280657
127.415,-0.0659921,-0.00694428,0.167196,-0.0276563
127.438,-0.064769,-0.00890448,0.166286,-0.0272396
127.46,-0.0635331,-0.0107909,0.16534,-0.0268158
127.483,-0.0622848,-0.0127065,0.164356,-0.0263849
127.506,-0.0610243,-0.0150292,0.163335,-0.0259472
127.528,-0.059752,-0.0167141,0.162278,-0.0255028
127.551,-0.0584682,-0.0186163,0.161184,-0.0250518
127.574,-0.0571732,-0.0205019,0.160054,-0.0245943
127.596,-0.0558674,-0.022316,0.158887,-0.0241305
127.619,-0.054551,-0.0248715,0.157685,-0.0236606
127.642,-0.0532244,-0.0265844,0.156448,-0.0231846
127.664,-0.0518879,-0.0286966,0.155175,-0.0227028
127.687,-0.0505419,-0.0305468,0.153867,-0.0222153
127.71,-0.0491867,-0.0325376,0.152525,-0.0217222
127.732,-0.0478227,-0.0346306,0.151148,-0.0212236
127.755,-0.04645,-0.036297,0.149737,-0.0207199
127.778,-0.0450693,-0.0384513,0.148292,-0.0202109
127.8,-0.0436806,-0.0399891,0.146814,-0.0196971
127.823,-0.0422845,-0.0420779,0.145303,-0.0191784
127.846,-0.0408811,-0.0442558,0.143758,-0.0186551
127.868,-0.039471,-0.0457285,0.142182,-0.0181273
127.891,-0.0380544,-0.0478179,0.140572,-0.0175952
127.914,-0.0366317,-0.0498353,0.138932,-0.017059
127.937,-0.0352031,-0.0518149,0.137259,-0.0165187
127.959,-0.0337692,-0.0532847,0.135556,-0.0159746
127.982,-0.0323301,-0.0553506,0.133822,-0.0154268
128.005,-0.0308863,-0.0573856,0.132057,-0.0148755
128.027,-0.0294382,-0.0593961,0.130263,-0.0143208
128.05,-0.027986,-0.0611454,0.128439,-0.013763
128.073,-0.0265301,-0.0625539,0.126586,-0.0132022
128.095,-0.0250708,-0.0645887,0.124704,-0.0126385
128.118,-0.0236086,-0.0663114,0.122793,-0.0120721
128.141,-0.0221438,-0.0682811,0.120855,-0.0115033
128.163,-0.0206766,-0.0700679,0.118889,-0.0109321
128.186,-0.0192075,-0.0716478,0.116896,-0.0103587
128.209,-0.0177369,-0.0732412,0.114876,-0.00978331
128.231,-0.016265,-0.0748524,0.11283,-0.0092061
128.254,-0.0147922,-0.0774825,0.110759,-0.00862723
128.277,-0.0133189,-0.0784088,0.108662,-0.00804687
128.299,-0.0118454,-0.0801976,0.10654,-0.00746519
128.322,-0.0103721,-0.0820261,0.104393,-0.00688237
128.345,-0.00889929,-0.0836778,0.102223,-0.00629856
128.367,-0.00742733,-0.0855574,0.10003,-0.00571396
128.39,-0.00595659,-0.0870869,0.0978129,-0.00512871
128.413,-0.0044874,-0.088484,0.0955738,-0.00454301
128.435,-0.0030201,-0.0900382,0.0933127,-0.00395699
128.458,-0.00155505,-0.0918789,0.09103,-0.00337088
128.481,-9.25772e-05,-0.0935883,0.0887264,-0.0027848
128.503,0.00136697,-0.0949531,0.0864023,-0.00219896
128.526,0.00282326,-0.096637,0.0840582,-0.00161349
128.549,0.00427594,-0.0980171,0.0816946,-0.00102859
128.571,0.00572469,-0.0996721,0.079312,-0.000444409
128.594,0.00716916,-0.100992,0.0769111,0.000138855
128.617,0.00860902,-0.102738,0.0744923,0.000721063
128.639,0.0100439,-0.103941,0.0720561,0.00130204
128.662,0.0114736,-0.105501,0.0696031,0.00188162
128.685,0.0128977,-0.106951,0.0671338,0.0024596
128.707,0.0143158,-0.108224,0.0646487,0.00303587
128.73,0.0157277,-0.109857,0.0621485,0.00361024
128.753,0.017133,-0.110741,0.0596336,0.00418252
128.776,0.0185314,-0.112363,0.0571047,0.00475258
128.798,0.0199226,-0.113813,0.0545622,0.00532026
128.821,0.0213063,-0.115221,0.0520068,0.00588536
128.844,0.0226821,-0.116306,0.0494389,0.00644777
128.866,0.0240498,-0.117559,0.0468593,0.00700727
128.889,0.025409,-0.119079,0.0442684,0.00756375
128.912,0.0267595,-0.119865,0.0416667,0.00811703
128.934,0.0281009,-0.121239,0.0390551,0.00866697
128.957,0.0294329,-0.122436,0.0364338,0.00921338
128.98,0.0307553,-0.123587,0.0338037,0.00975614
129.002,0.0320677,-0.124605,0.0311651,0.0102951
129.025,0.0333698,-0.125655,0.0285188,0.01083
129.048,0.0346614,-0.127087,0.0258652,0.0113609
129.07,0.0359422,-0.127716,0.0232051,0.0118874
129.093,0.0372119,-0.12881,0.0205389,0.0124096
129.116,0.0384701,-0.129954,0.0178673,0.0129272
129.138,0.0397167,-0.131239,0.0151909,0.0134401
129.161,0.0409514,-0.132149,0.0125103,0.0139481
129.184,0.0421738,-0.132793,0.00982602,0.0144511
129.206,0.0433838,-0.133649,0.00713871,0.014949
129.229,0.044581,-0.134667,0.00444891,0.0154416
129.252,0.0457653,-0.135731,0.0017573,0.0159288
129.274,0.0469362,-0.136322,-0.000935604,0.0164104
129.297,0.0480937,-0.137407,-0.00362914,0.0168864
129.32,0.0492374,-0.138056,-0.00632271,0.0173565
129.342,0.0503671,-0.1388,-0.00901571,0.0178207
129.365,0.0514826,-0.139595,-0.0117076,0.0182788
129.388,0.0525836,-0.140439,-0.0143977,0.0187307
129.41,0.0536699,-0.140919,-0.0170855,0.0191763
129.433,0.0547412,-0.141581,-0.0197703,0.0196154
129.456,0.0557974,-0.142324,-0.0224516,0.020048
129.478,0.0568382,-0.142786,-0.0251288,0.0204738
129.501,0.0578634,-0.143307,-0.0278012,0.0208929
129.524,0.0588727,-0.144101,-0.0304683,0.021305
129.546,0.0598661,-0.144485,-0.0331294,0.0217101
129.569,0.0608432,-0.145099,-0.035784,0.0221081
129.592,0.0618039,-0.145604,-0.0384315,0.0224988
129.615,0.0627479,-0.146134,-0.0410712,0.0228822
129.637,0.0636751,-0.146492,-0.0437027,0.0232581
129.66,0.0645854,-0.147023,-0.0463253,0.0236264
129.683,0.0654784,-0.1473,-0.0489383,0.0239871
129.705,0.0663541,-0.147612,-0.0515413,0.02434
129.728,0.0672122,-0.148049,-0.0541337,0.0246851
129.751,0.0680526,-0.14818,-0.0567149,0.0250222
129.773,0.0688751,-0.148602,-0.0592842,0.0253513
129.796,0.0696796,-0.148792,-0.0618411,0.0256723
129.819,0.070466,-0.148864,-0.0643851,0.0259851
129.841,0.0712339,-0.149305,-0.0669156,0.0262895
129.864,0.0719834,-0.149266,-0.069432,0.0265856
129.887,0.0727143,-0.149623,-0.0719337,0.0268733
129.909,0.0734264,-0.149552,-0.0744202,0.0271525
129.932,0.0741196,-0.149509,-0.0768909,0.027423
129.955,0.0747937,-0.149555,-0.0793453,0.0276849
129.977,0.0754488,-0.149644,-0.0817828,0.0279381
130,0.0760845,-0.149622,-0.0842028,0.0281824
130.023,0.0767009,-0.149706,-0.0866049,0.028418
130.045,0.0772978,-0.149444,-0.0889885,0.0286446
130.068,0.0778751,-0.149597,-0.091353,0.0288622
130.091,0.0784327,-0.149387,-0.0936979,0.0290708
130.113,0.0789706,-0.149185,-0.0960227,0.0292704
130.136,0.0794886,-0.149126,-0.0983268,0.0294607
130.159,0.0799866,-0.148701,-0.10061,0.029642
130.181,0.0804646,-0.148563,-0.102871,0.029814
130.204,0.0809225,-0.148335,-0.10511,0.0299768
130.227,0.0813602,-0.148046,-0.107327,0.0301303
130.249,0.0817777,-0.147612,-0.10952,0.0302744
130.272,0.0821749,-0.147263,-0.11169,0.0304092
130.295,0.0825518,-0.146883,-0.113835,0.0305346
130.317,0.0829082,-0.146508,-0.115956,0.0306506
130.34,0.0832443,-0.14617,-0.118051,0.0307571
130.363,0.0835598,-0.145806,-0.120121,0.0308542
130.385,0.0838549,-0.145199,-0.122165,0.0309418
130.408,0.0841294,-0.144852,-0.124183,0.0310199
130.431,0.0843833,-0.144165,-0.126173,0.0310885
130.454,0.0846167,-0.143579,-0.128136,0.0311476
130.476,0.0848295,-0.142949,-0.130071,0.0311972
130.499,0.0850216,-0.142276,-0.131978,0.0312372
130.522,0.0851932,-0.141688,-0.133855,0.0312677
130.544,0.0853442,-0.141109,-0.135704,0.0312887
130.567,0.0854746,-0.140393,-0.137523,0.0313001
130.59,0.0855844,-0.139572,-0.139312,0.031302
130.612,0.0856736,-0.138801,-0.141071,0.0312944
130.635,0.0857423,-0.138098,-0.142799,0.0312773
130.658,0.0857904,-0.137199,-0.144495,0.0312507
130.68,0.0858181,-0.136375,-0.14616,0.0312147
130.703,0.0858253,-0.135496,-0.147793,0.0311692
130.726,0.0858121,-0.134696,-0.149394,0.0311142
130.748,0.0857786,-0.133724,-0.150962,0.0310499
130.771,0.0857247,-0.132767,-0.152496,0.0309762
130.794,0.0856506,-0.131811,-0.153998,0.0308932
130.816,0.0855563,-0.13081,-0.155465,0.0308009
130.839,0.0854418,-0.129717,-0.156899,0.0306993
130.862,0.0853073,-0.128632,-0.158297,0.0305884
130.884,0.0851528,-0.127695,-0.159662,0.0304684
130.907,0.0849784,-0.126574,-0.160991,0.0303392
130.93,0.0847841,-0.125472,-0.162285,0.030201
130.952,0.0845701,-0.124359,-0.163543,0.0300537
130.975,0.0843365,-0.123152,-0.164765,0.0298974
130.998,0.0840833,-0.121895,-0.16595,0.0297321
131.02,0.0838107,-0.120713,-0.1671,0.029558
131.043,0.0835187,-0.11954,-0.168212,0.029375
131.066,0.0832075,-0.118208,-0.169287,0.0291833
131.088,0.0828772,-0.116916,-0.170326,0.0289829
131.111,0.082528,-0.115702,-0.171326,0.0287739
131.134,0.0821598,-0.114322,-0.172289,0.0285563
131.156,0.0817729,-0.113118,-0.173214,0.0283302
131.179,0.0813674,-0.11154,-0.1741,0.0280958
131.202,0.0809434,-0.110167,-0.174948,0.0278529
131.224,0.0805011,-0.108739,-0.175758,0.0276019
131.247,0.0800406,-0.107311,-0.176529,0.0273426
131.27,0.0795621,-0.105848,-0.17726,0.0270753
131.293,0.0790657,-0.10443,-0.177953,0.0268
131.315,0.0785516,-0.102914,-0.178606,0.0265167
131.338,0.0780199,-0.101313,-0.17922,0.0262257
131.361,0.0774709,-0.0998593,-0.179794,0.0259269
131.383,0.0769046,-0.0982678,-0.180329,0.0256205
131.406,0.0763212,-0.0965406,-0.180823,0.0253065
131.429,0.075721,-0.095058,-0.181278,0.0249852
131.451,0.0751041,-0.0933745,-0.181692,0.0246565
131.474,0.0744707,-0.0917578,-0.182066,0.0243205
131.497,0.0738209,-0.0900698,-0.1824,0.0239774
131.519,0.0731551,-0.0884683,-0.182693,0.0236274
131.542,0.0724733,-0.08668,-0.182946,0.0232704
131.565,0.0717758,-0.0849983,-0.183159,0.0229066
131.587,0.0710627,-0.0832228,-0.183331,0.0225362
131.61,0.0703343,-0.0815492,-0.183462,0.0221592
131.633,0.0695908,-0.0796724,-0.183552,0.0217757
131.655,0.0688324,-0.0779784,-0.183602,0.021386
131.678,0.0680593,-0.0761632,-0.183611,0.02099
131.701,0.0672718,-0.0744075,-0.18358,0.0205879
131.723,0.0664699,-0.0724978,-0.183507,0.0201799
131.746,0.0656541,-0.0706172,-0.183394,0.0197661
131.769,0.0648245,-0.0688067,-0.18324,0.0193465
131.791,0.0639813,-0.0669659,-0.183046,0.0189214
131.814,0.0631247,-0.0649216,-0.182811,0.0184908
131.837,0.0622551,-0.0631244,-0.182535,0.018055
131.859,0.0613726,-0.0611736,-0.182219,0.0176139
131.882,0.0604775,-0.059257,-0.181862,0.0171679
131.905,0.0595701,-0.0573327,-0.181465,0.0167169
131.927,0.0586504,-0.0552935,-0.181027,0.0162611
131.95,0.057719,-0.0534138,-0.18055,0.0158008
131.973,0.0567759,-0.0513961,-0.180032,0.0153359
131.995,0.0558214,-0.0493588,-0.179474,0.0148667
132.018,0.0548558,-0.0475166,-0.178876,0.0143933
132.041,0.0538794,-0.0455222,-0.178238,0.0139159
132.063,0.0528923,-0.043404,-0.177561,0.0134345
132.086,0.0518949,-0.0414634,-0.176844,0.0129494
132.109,0.0508875,-0.0393126,-0.176088,0.0124607
132.132,0.0498703,-0.0372394,-0.175293,0.0119685
132.154,0.0488435,-0.0352641,-0.174458,0.011473
132.177,0.0478074,-0.0331518,-0.173585,0.0109743
132.2,0.0467624,-0.0311079,-0.172673,0.0104726
132.222,0.0457086,-0.0289956,-0.171723,0.00996806
132.245,0.0446464,-0.026953,-0.170734,0.0094608
132.268,0.043576,-0.024855,-0.169708,0.00895099
132.29,0.0424977,-0.0227135,-0.168643,0.00843876
132.313,0.0414118,-0.0205516,-0.167541,0.0079243
132.336,0.0403186,-0.0184868,-0.166402,0.00740775
132.358,0.0392183,-0.016358,-0.165225,0.00688926
132.381,0.0381113,-0.0142651,-0.164012,0.00636899
132.404,0.0369978,-0.0120639,-0.162762,0.0058471
132.426,0.035878,-0.0100088,-0.161476,0.00532374
132.449,0.0347524,-0.00787302,-0.160154,0.00479908
132.472,0.0336211,-0.00566193,-0.158796,0.00427327
132.494,0.0324845,-0.00357761,-0.157402,0.00374647
132.517,0.0313428,-0.00145937,-0.155974,0.00321883
132.54,0.0301964,0.000718853,-0.154511,0.00269054
132.562,0.0290455,0.00288845,-0.153013,0.0021617
132.585,0.0278904,0.00498579,-0.151481,0.00163252
132.608,0.0267315,0.00711664,-0.149915,0.00110315
132.63,0.0255689,0.00934993,-0.148316,0.000573739
132.653,0.024403,0.0114581,-0.146684,4.44413e-05
132.676,0.0232341,0.0136078,-0.145019,-0.000484582
132.698,0.0220624,0.0157826,-0.143321,-0.00101315
132.721,0.0208883,0.0179193,-0.141592,-0.00154113
132.744,0.0197121,0.0200873,-0.13983,-0.00206837
132.766,0.018534,0.0221723,-0.138038,-0.00259469
132.789,0.0173543,0.0242734,-0.136215,-0.00311994
132.812,0.0161734,0.026464,-0.134361,-0.00364395
132.834,0.0149915,0.0285493,-0.132477,-0.0041666
132.857,0.0138089,0.0307095,-0.130564,-0.0046877
132.88,0.0126259,0.0328548,-0.128622,-0.00520711
132.902,0.0114427,0.034989,-0.12665,-0.00572465
132.925,0.0102598,0.0370548,-0.124651,-0.00624022
132.948,0.00907728,0.0391534,-0.122623,-0.00675361
132.971,0.00789553,0.041271,-0.120568,-0.0072647
132.993,0.00671481,0.0433849,-0.118486,-0.00777331
133.016,0.00553542,0.045486,-0.116378,-0.00827932
133.039,0.00435764,0.0475865,-0.114244,-0.00878256
133.061,0.00318173,0.0496249,-0.112084,-0.00928288
133.084,0.00200801,0.0517028,-0.109899,-0.00978014
133.107,0.000836726,0.0537363,-0.107689,-0.0102742
133.129,-0.000331819,0.0557799,-0.105455,-0.0107649
133.152,-0.00149734,0.0578452,-0.103198,-0.011252
133.175,-0.00265959,0.0598395,-0.100917,-0.0117356
133.197,-0.00381826,0.0619032,-0.0986141,-0.0122153
133.22,-0.0049731,0.0639568,-0.0962889,-0.0126911
133.243,-0.00612381,0.0658892,-0.0939421,-0.0131628
133.265,-0.00727015,0.0678621,-0.0915743,-0.0136303
133.288,-0.00841182,0.0698327,-0.0891859,-0.0140934
133.311,-0.00954857,0.0718203,-0.0867776,-0.014552
133.333,-0.0106801,0.0737778,-0.0843499,-0.015006
133.356,-0.0118062,0.0756731,-0.0819032,-0.0154553
133.379,-0.0129266,0.0776293,-0.0794381,-0.0158996
133.401,-0.014041,0.0795819,-0.0769553,-0.0163389
133.424,-0.0151492,0.0814415,-0.0744552,-0.016773
133.447,-0.0162509,0.0833182,-0.0719384,-0.0172018
133.469,-0.0173458,0.0852327,-0.0694055,-0.0176253
133.492,-0.0184337,0.0870444,-0.0668569,-0.0180431
133.515,-0.0195144,0.0888801,-0.0642934,-0.0184553
133.537,-0.0205876,0.0907242,-0.0617155,-0.0188617
133.56,-0.021653,0.092512,-0.0591237,-0.0192622
133.583,-0.0227104,0.0943225,-0.0565186,-0.0196567
133.605,-0.0237596,0.0961006,-0.0539008,-0.020045
133.628,-0.0248003,0.0978116,-0.0512709,-0.020427
133.651,-0.0258324,0.0995991,-0.0486295,-0.0208027
133.673,-0.0268555,0.101277,-0.0459772,-0.0211719
133.696,-0.0278694,0.102989,-0.0433145,-0.0215345
133.719,-0.028874,0.104693,-0.040642,-0.0218903
133.741,-0.0298689,0.106331,-0.0379605,-0.0222394
133.764,-0.030854,0.107965,-0.0352703,-0.0225815
133.787,-0.031829,0.109599,-0.0325723,-0.0229167
133.81,-0.0327938,0.111224,-0.0298669,-0.0232447
133.832,-0.033748,0.112789,-0.0271547,-0.0235655
133.855,-0.0346916,0.114328,-0.0244364,-0.0238789
133.878,-0.0356243,0.115892,-0.0217126,-0.024185
133.9,-0.0365459,0.1174,-0.018984,-0.0244836
133.923,-0.0374561,0.118919,-0.0162509,-0.0247746
133.946,-0.0383549,0.120382,-0.0135142,-0.025058
133.968,-0.039242,0.121858,-0.0107745,-0.0253335
133.991,-0.0401171,0.123258,-0.00803222,-0.0256013
134.014,-0.0409803,0.124688,-0.00528809,-0.0258611
134.036,-0.0418311,0.126063,-0.00254277,-0.026113
134.059,-0.0426695,0.127431,0.000203175,-0.0263567
134.082,-0.0434953,0.128746,0.00294914,-0.0265924
134.104,-0.0443083,0.130056,0.00569453,-0.0268198
134.127,-0.0451084,0.131361,0.00843867,-0.027039
134.15,-0.0458953,0.132639,0.011181,-0.0272498
134.172,-0.046669,0.133846,0.0139208,-0.0274522
134.195,-0.0474292,0.135092,0.0166576,-0.0276461
134.218,-0.0481758,0.136272,0.0193908,-0.0278315
134.24,-0.0489087,0.137432,0.0221197,-0.0280084
134.263,-0.0496276,0.138573,0.0248436,-0.0281766
134.286,-0.0503325,0.139703,0.027562,-0.0283361
134.308,-0.0510233,0.140756,0.0302743,-0.028487
134.331,-0.0516997,0.141823,0.0329799,-0.028629
134.354,-0.0523617,0.14284,0.0356782,-0.0287622
134.376,-0.053009,0.143849,0.0383686,-0.0288866
134.399,-0.0536417,0.144811,0.0410504,-0.029002
134.422,-0.0542596,0.145767,0.0437231,-0.0291086
134.444,-0.0548625,0.146714,0.046386,-0.0292062
134.467,-0.0554504,0.147589,0.0490386,-0.0292948
134.49,-0.0560231,0.148436,0.0516804,-0.0293744
134.512,-0.0565805,0.149285,0.0543106,-0.0294449
134.535,-0.0571225,0.15009,0.0569287,-0.0295064
134.558,-0.0576491,0.150872,0.0595341,-0.0295588
134.58,-0.0581602,0.151611,0.0621262,-0.0296021
134.603,-0.0586556,0.152341,0.0647045,-0.0296363
134.626,-0.0591352,0.153034,0.0672684,-0.0296614
134.649,-0.0595991,0.153688,0.0698172,-0.0296773
134.671,-0.0600471,0.15431,0.0723505,-0.0296841
134.694,-0.0604791,0.154933,0.0748677,-0.0296818
134.717,-0.060895,0.155492,0.0773681,-0.0296704
134.739,-0.0612949,0.156027,0.0798513,-0.0296498
134.762,-0.0616787,0.156554,0.0823167,-0.0296201
134.785,-0.0620462,0.157034,0.0847637,-0.0295812
134.807,-0.0623975,0.157475,0.0871918,-0.0295333
134.83,-0.0627324,0.1579,0.0896004,-0.0294763
134.853,-0.0630511,0.158286,0.0919891,-0.0294101
134.875,-0.0633533,0.158647,0.0943572,-0.0293349
134.898,-0.0636391,0.15897,0.0967043,-0.0292507
134.921,-0.0639085,0.159272,0.0990298,-0.0291575
134.943,-0.0641614,0.159533,0.101333,-0.0290553
134.966,-0.0643978,0.159771,0.103614,-0.0289441
134.989,-0.0646176,0.159966,0.105872,-0.028824
135.011,-0.064821,0.160147,0.108106,-0.028695
135.034,-0.0650078,0.160282,0.110315,-0.0285571
135.057,-0.065178,0.160391,0.112501,-0.0284104
135.079,-0.0653317,0.160458,0.114661,-0.028255
135.102,-0.0654689,0.160516,0.116795,-0.0280908
135.125,-0.0655895,0.160524,0.118904,-0.027918
135.147,-0.0656936,0.160505,0.120986,-0.0277365
135.17,-0.0657812,0.16045,0.123041,-0.0275464
135.193,-0.0658523,0.160375,0.125068,-0.0273478
135.215,-0.0659069,0.160253,0.127068,-0.0271408
135.238,-0.0659451,0.160116,0.129039,-0.0269253
135.261,-0.0659669,0.159932,0.130982,-0.0267015
135.283,-0.0659723,0.159729,0.132895,-0.0264695
135.306,-0.0659614,0.159485,0.134778,-0.0262292
135.329,-0.0659341,0.159218,0.136632,-0.0259807
135.351,-0.0658907,0.15891,0.138455,-0.0257243
135.374,-0.065831,0.158582,0.140247,-0.0254598
135.397,-0.0657552,0.158206,0.142008,-0.0251874
135.42,-0.0656634,0.157813,0.143737,-0.0249071
135.442,-0.0655555,0.157379,0.145434,-0.0246192
135.465,-0.0654317,0.156921,0.147098,-0.0243235
135.488,-0.065292,0.156423,0.14873,-0.0240203
135.51,-0.0651365,0.155906,0.150329,-0.0237095
135.533,-0.0649653,0.155342,0.151894,-0.0233914
135.556,-0.0647785,0.154764,0.153425,-0.023066
135.578,-0.0645761,0.154141,0.154922,-0.0227333
135.601,-0.0643583,0.153496,0.156384,-0.0223935
135.624,-0.064125,0.15281,0.157812,-0.0220467
135.646,-0.0638766,0.152108,0.159204,-0.021693
135.669,-0.0636129,0.15136,0.160561,-0.0213325
135.692,-0.0633342,0.150593,0.161882,-0.0209652
135.714,-0.0630405,0.149784,0.163167,-0.0205914
135.737,-0.062732,0.148957,0.164416,-0.0202111
135.76,-0.0624088,0.148088,0.165628,-0.0198244
135.782,-0.0620709,0.147202,0.166803,-0.0194314
135.805,-0.0617186,0.146272,0.167941,-0.0190322
135.828,-0.0613519,0.145325,0.169041,-0.0186271
135.85,-0.060971,0.144338,0.170104,-0.018216
135.873,-0.0605759,0.143332,0.171129,-0.0177992
135.896,-0.0601669,0.142284,0.172116,-0.0173766
135.918,-0.0597441,0.14122,0.173064,-0.0169485
135.941,-0.0593076,0.140115,0.173974,-0.016515
135.964,-0.0588575,0.138993,0.174845,-0.0160762
135.986,-0.0583941,0.137831,0.175677,-0.0156322
136.009,-0.0579174,0.136653,0.17647,-0.0151832
136.032,-0.0574276,0.135434,0.177224,-0.0147293
136.054,-0.0569249,0.134199,0.177938,-0.0142706
136.077,-0.0564095,0.132925,0.178613,-0.0138073
136.1,-0.0558814,0.131635,0.179248,-0.0133395
136.122,-0.0553409,0.130306,0.179843,-0.0128673
136.145,-0.0547881,0.128962,0.180398,-0.012391
136.168,-0.0542232,0.12758,0.180913,-0.0119105
136.19,-0.0536464,0.126182,0.181388,-0.0114261
136.213,-0.0530578,0.124747,0.181823,-0.0109379
136.236,-0.0524576,0.123298,0.182217,-0.010446
136.259,-0.0518461,0.121811,0.18257,-0.00995062
136.281,-0.0512233,0.12031,0.182883,-0.00945189
136.304,-0.0505896,0.118773,0.183155,-0.00894994
136.327,-0.049945,0.117222,0.183387,-0.00844492
136.349,-0.0492897,0.115635,0.183577,-0.00793699
136.372,-0.048624,0.114035,0.183727,-0.00742628
136.395,-0.0479481,0.1124,0.183837,-0.00691298
136.417,-0.0472621,0.110752,0.183905,-0.00639718
136.44,-0.0465662,0.10907,0.183932,-0.00587909
136.463,-0.0458607,0.107376,0.183919,-0.00535884
136.485,-0.0451457,0.105647,0.183865,-0.00483658
136.508,-0.0444215,0.103908,0.18377,-0.00431247
136.531,-0.0436883,0.102135,0.183634,-0.00378667
136.553,-0.0429462,0.100352,0.183458,-0.00325932
136.576,-0.0421955,0.0985352,0.183241,-0.00273059
136.599,-0.0414364,0.0967094,0.182983,-0.00220064
136.621,-0.0406692,0.094851,0.182685,-0.0016696
136.644,-0.0398939,0.0929841,0.182346,-0.00113768
136.667,-0.0391109,0.0910852,0.181967,-0.000604988
136.689,-0.0383204,0.0891785,0.181547,-7.17085e-05
136.712,-0.0375225,0.0872405,0.181087,0.000462016
136.735,-0.0367176,0.0852954,0.180588,0.000996033
136.757,-0.0359057,0.0833199,0.180048,0.00153014
136.78,-0.0350873,0.0813379,0.179468,0.00206423
136.803,-0.0342624,0.0793263,0.178849,0.0025981
136.825,-0.0334313,0.0773089,0.17819,0.00313164
136.848,-0.0325943,0.0752627,0.177491,0.00366465
136.871,-0.0317515,0.0732116,0.176754,0.00419698
136.893,-0.0309032,0.0711324,0.175977,0.00472848
136.916,-0.0300497,0.0690491,0.175161,0.005259
136.939,-0.029191,0.0669385,0.174307,0.00578836
136.961,-0.0283276,0.0648247,0.173414,0.00631642
136.984,-0.0274596,0.0626842,0.172483,0.006843
137.007,-0.0265873,0.0605414,0.171514,0.00736797
137.029,-0.0257108,0.0583729,0.170507,0.00789115
137.052,-0.0248305,0.0562029,0.169463,0.00841239
137.075,-0.0239465,0.0540079,0.168381,0.00893154
137.098,-0.0230591,0.0518123,0.167262,0.00944844
137.12,-0.0221685,0.0495926,0.166106,0.00996294
137.143,-0.021275,0.0473731,0.164913,0.0104749
137.166,-0.0203788,0.0451304,0.163685,0.0109841
137.188,-0.0194802,0.0428888,0.16242,0.0114905
137.211,-0.0185793,0.0406249,0.161119,0.0119938
137.234,-0.0176764,0.0383629,0.159783,0.012494
137.256,-0.0167718,0.0360795,0.158412,0.0129908
137.279,-0.0158656,0.033799,0.157006,0.0134842
137.302,-0.0149582,0.031498,0.155566,0.013974
137.324,-0.0140497,0.0292007,0.154091,0.0144599
137.347,-0.0131404,0.0268837,0.152583,0.014942
137.37,-0.0122305,0.0245715,0.151041,0.0154201
137.392,-0.0113203,0.0222406,0.149466,0.0158939
137.415,-0.01041,0.0199153,0.147858,0.0163633
137.438,-0.0094998,0.0175721,0.146218,0.0168283
137.46,-0.00858996,0.0152356,0.144546,0.0172886
137.483,-0.00768073,0.0128821,0.142842,0.0177442
137.506,-0.00677231,0.0105362,0.141107,0.0181949
137.528,-0.00586495,0.00817429,0.139341,0.0186405
137.551,-0.00495887,0.0058208,0.137545,0.0190809
137.574,-0.00405432,0.00345235,0.135719,0.019516
137.596,-0.0031515,0.00109328,0.133863,0.0199457
137.619,-0.00225066,-0.00127986,0.131978,0.0203697
137.642,-0.00135201,-0.00364269,0.130064,0.0207881
137.664,-0.000455789,-0.00601858,0.128122,0.0212006
137.687,0.000437789,-0.00838316,0.126152,0.0216072
137.71,0.00132849,-0.01076,0.124154,0.0220076
137.732,0.00221611,-0.0131245,0.12213,0.0224019
137.755,0.00310041,-0.0155002,0.120079,0.0227897
137.778,0.00398118,-0.0178627,0.118002,0.0231712
137.8,0.0048582,-0.0202355,0.115899,0.0235461
137.823,0.00573125,-0.0225941,0.113772,0.0239142
137.846,0.00660013,-0.024962,0.11162,0.0242756
137.868,0.00746461,-0.0273147,0.109443,0.02463
137.891,0.00832449,-0.0296758,0.107244,0.0249774
137.914,0.00917956,-0.0320208,0.105021,0.0253177
137.937,0.0100296,-0.0343732,0.102775,0.0256507
137.959,0.0108744,-0.0367085,0.100507,0.0259764
137.982,0.0117138,-0.0390502,0.0982179,0.0262946
138.005,0.0125475,-0.0413739,0.0959075,0.0266052
138.027,0.0133755,-0.0437031,0.0935766,0.0269082
138.05,0.0141973,-0.0460133,0.0912257,0.0272035
138.073,0.015013,-0.0483281,0.0888553,0.0274909
138.095,0.0158222,-0.0506229,0.086466,0.0277704
138.118,0.0166248,-0.0529214,0.0840583,0.0280418
138.141,0.0174206,-0.0551989,0.0816327,0.0283051
138.163,0.0182095,-0.0574791,0.0791899,0.0285602
138.186,0.0189911,-0.0597374,0.0767302,0.0288071
138.209,0.0197654,-0.0619976,0.0742544,0.0290456
138.231,0.0205321,-0.0642349,0.071763,0.0292756
138.254,0.0212911,-0.066473,0.0692565,0.0294971
138.277,0.0220422,-0.0686874,0.0667355,0.0297101
138.299,0.0227852,-0.0709018,0.0642005,0.0299144
138.322,0.02352,-0.0730914,0.0616522,0.0301099
138.345,0.0242464,-0.0752801,0.0590911,0.0302967
138.367,0.0249642,-0.0774432,0.0565179,0.0304746
138.39,0.0256733,-0.0796044,0.053933,0.0306435
138.413,0.0263734,-0.0817391,0.0513371,0.0308035
138.435,0.0270645,-0.0838711,0.0487307,0.0309545
138.458,0.0277464,-0.0859756,0.0461144,0.0310964
138.481,0.028419,-0.0880765,0.0434889,0.0312291
138.503,0.029082,-0.0901491,0.0408547,0.0313527
138.526,0.0297353,-0.0922172,0.0382124,0.031467
138.549,0.0303788,-0.0942561,0.0355626,0.031572
138.571,0.0310124,-0.0962897,0.0329059,0.0316678
138.594,0.031636,-0.0982931,0.0302429,0.0317541
138.617,0.0322492,-0.10029,0.0275742,0.0318311
138.639,0.0328522,-0.102257,0.0249005,0.0318987
138.662,0.0334446,-0.104216,0.0222222,0.0319568
138.685,0.0340265,-0.106144,0.01954,0.0320054
138.707,0.0345976,-0.108064,0.0168546,0.0320446
138.73,0.0351578,-0.109951,0.0141664,0.0320742
138.753,0.0357071,-0.111829,0.0114762,0.0320943
138.776,0.0362453,-0.113674,0.00878447,0.0321048
138.798,0.0367724,-0.11551,0.00609187,0.0321057
138.821,0.0372881,-0.117312,0.003399,0.0320971
138.844,0.0377924,-0.119103,0.000706463,0.0320789
138.866,0.0382852,-0.120859,-0.00198512,0.0320511
138.889,0.0387664,-0.122605,-0.00467518,0.0320136
138.912,0.039236,-0.124314,-0.0073631,0.0319666
138.934,0.0396937,-0.126012,-0.0100483,0.03191
138.957,0.0401396,-0.127674,-0.0127301,0.0318439
138.98,0.0405735,-0.129323,-0.015408,0.0317681
139.002,0.0409954,-0.130934,-0.0180813,0.0316828
139.025,0.0414051,-0.132533,-0.0207495,0.0315879
139.048,0.0418027,-0.134094,-0.023412,0.0314835
139.07,0.042188,-0.135641,-0.0260681,0.0313695
139.093,0.042561,-0.137149,-0.0287173,0.0312461
139.116,0.0429215,-0.138643,-0.031359,0.0311132
139.138,0.0432697,-0.140098,-0.0339925,0.0309709
139.161,0.0436053,-0.141537,-0.0366174,0.0308191
139.184,0.0439284,-0.142937,-0.039233,0.030658
139.206,0.0442388,-0.144321,-0.0418388,0.0304876
139.229,0.0445366,-0.145664,-0.044434,0.0303078
139.252,0.0448217,-0.146991,-0.0470183,0.0301188
139.274,0.045094,-0.148277,-0.049591,0.0299206
139.297,0.0453536,-0.149546,-0.0521515,0.0297132
139.32,0.0456003,-0.150773,-0.0546993,0.0294967
139.342,0.0458343,-0.151983,-0.0572337,0.0292711
139.365,0.0460553,-0.15315,-0.0597543,0.0290365
139.388,0.0462635,-0.1543,-0.0622605,0.028793
139.41,0.0464587,-0.155406,-0.0647517,0.0285406
139.433,0.046641,-0.156495,-0.0672273,0.0282793
139.456,0.0468104,-0.157539,-0.0696869,0.0280093
139.478,0.0469668,-0.158565,-0.0721299,0.0277306
139.501,0.0471103,-0.159547,-0.0745556,0.0274432
139.524,0.0472408,-0.16051,-0.0769637,0.0271474
139.546,0.0473584,-0.161428,-0.0793535,0.026843
139.569,0.0474631,-0.162326,-0.0817246,0.0265302
139.592,0.0475548,-0.16318,-0.0840763,0.0262092
139.615,0.0476335,-0.164013,-0.0864083,0.0258799
139.637,0.0476994,-0.164802,-0.08872,0.0255424
139.66,0.0477524,-0.165569,-0.0910108,0.0251969
139.683,0.0477925,-0.166291,-0.0932803,0.0248434
139.705,0.0478197,-0.166992,-0.0955279,0.024482
139.728,0.0478341,-0.167647,-0.0977531,0.0241129
139.751,0.0478358,-0.168281,-0.0999556,0.0237361
139.773,0.0478247,-0.168869,-0.102135,0.0233517
139.796,0.0478009,-0.169435,-0.10429,0.0229598
139.819,0.0477644,-0.169954,-0.106421,0.0225605
139.841,0.0477154,-0.170451,-0.108528,0.022154
139.864,0.0476537,-0.170902,-0.110609,0.0217403
139.887,0.0475795,-0.17133,-0.112664,0.0213195
139.909,0.0474929,-0.171712,-0.114694,0.0208918
139.932,0.0473938,-0.172071,-0.116697,0.0204573
139.955,0.0472824,-0.172383,-0.118673,0.020016
139.977,0.0471587,-0.172672,-0.120621,0.0195682
140,0.0470228,-0.172913,-0.122542,0.019114
140.023,0.0468748,-0.173132,-0.124435,0.0186533
140.045,0.0467147,-0.173304,-0.126299,0.0181865
140.068,0.0465426,-0.173452,-0.128133,0.0177135
140.091,0.0463586,-0.173553,-0.129939,0.0172346
140.113,0.0461627,-0.173631,-0.131714,0.0167499
140.136,0.0459551,-0.17366,-0.133459,0.0162595
140.159,0.0457359,-0.173667,-0.135174,0.0157635
140.181,0.0455051,-0.173626,-0.136858,0.015262
140.204,0.0452628,-0.173562,-0.13851,0.0147553
140.227,0.0450092,-0.173449,-0.140131,0.0142434
140.249,0.0447443,-0.173314,-0.141719,0.0137265
140.272,0.0444682,-0.17313,-0.143275,0.0132048
140.295,0.044181,-0.172924,-0.144799,0.0126783
140.317,0.0438829,-0.172669,-0.146289,0.0121472
140.34,0.043574,-0.172392,-0.147746,0.0116117
140.363,0.0432543,-0.172066,-0.14917,0.0110719
140.385,0.0429241,-0.171717,-0.150559,0.010528
140.408,0.0425833,-0.171321,-0.151914,0.00998006
140.431,0.0422322,-0.170901,-0.153235,0.00942833
140.454,0.0418708,-0.170434,-0.15452,0.0088729
140.476,0.0414993,-0.169944,-0.155771,0.00831395
140.499,0.0411178,-0.169406,-0.156986,0.00775165
140.522,0.0407265,-0.168846,-0.158166,0.00718612
140.544,0.0403254,-0.168238,-0.159309,0.00661755
140.567,0.0399147,-0.167608,-0.160417,0.00604607
140.59,0.0394946,-0.16693,-0.161488,0.00547187
140.612,0.0390652,-0.166231,-0.162523,0.00489509
140.635,0.0386266,-0.165484,-0.163521,0.00431592
140.658,0.038179,-0.164715,-0.164482,0.00373447
140.68,0.0377225,-0.163899,-0.165405,0.00315097
140.703,0.0372573,-0.163062,-0.166292,0.00256552
140.726,0.0367835,-0.162178,-0.167141,0.00197835
140.748,0.0363013,-0.161272,-0.167952,0.00138957
140.771,0.0358108,-0.16032,-0.168725,0.000799378
140.794,0.0353123,-0.159348,-0.16946,0.000207943
140.816,0.0348057,-0.158329,-0.170157,-0.000384596
140.839,0.0342914,-0.15729,-0.170816,-0.000978046
140.862,0.0337694,-0.156204,-0.171436,-0.00157224
140.884,0.03324,-0.155099,-0.172018,-0.00216701
140.907,0.0327033,-0.153948,-0.172561,-0.0027622
140.93,0.0321594,-0.152778,-0.173065,-0.00335763
140.952,0.0316086,-0.151563,-0.17353,-0.00395312
140.975,0.031051,-0.150328,-0.173956,-0.00454852
140.998,0.0304868,-0.149049,-0.174344,-0.00514364
141.02,0.0299161,-0.147751,-0.174692,-0.00573833
141.043,0.0293391,-0.146409,-0.175001,-0.0063324
141.066,0.0287561,-0.145049,-0.175271,-0.00692569
141.088,0.0281671,-0.143645,-0.175502,-0.00751802
141.111,0.0275724,-0.142224,-0.175693,-0.00810924
141.134,0.0269721,-0.140759,-0.175845,-0.00869916
141.156,0.0263664,-0.139277,-0.175958,-0.0092876
141.179,0.0257555,-0.137753,-0.176032,-0.00987443
141.202,0.0251397,-0.136212,-0.176066,-0.0104594
141.224,0.0245189,-0.134629,-0.176061,-0.0110425
141.247,0.0238935,-0.13303,-0.176016,-0.0116234
141.27,0.0232637,-0.13139,-0.175933,-0.012202
141.293,0.0226295,-0.129734,-0.17581,-0.0127781
141.315,0.0219913,-0.128038,-0.175648,-0.0133515
141.338,0.0213492,-0.126327,-0.175447,-0.0139222
141.361,0.0207033,-0.124576,-0.175207,-0.0144898
141.383,0.0200539,-0.122811,-0.174928,-0.0150543
141.406,0.0194012,-0.121006,-0.17461,-0.0156155
141.429,0.0187453,-0.119189,-0.174254,-0.0161733
141.451,0.0180864,-0.117332,-0.173859,-0.0167273
141.474,0.0174248,-0.115463,-0.173425,-0.0172776
141.497,0.0167606,-0.113556,-0.172953,-0.0178239
141.519,0.016094,-0.111637,-0.172442,-0.0183661
141.542,0.0154252,-0.109681,-0.171894,-0.018904
141.565,0.0147544,-0.107714,-0.171307,-0.0194374
141.587,0.0140817,-0.10571,-0.170682,-0.0199663
141.61,0.0134075,-0.103696,-0.17002,-0.0204903
141.633,0.0127318,-0.101646,-0.16932,-0.0210095
141.655,0.0120549,-0.0995874,-0.168583,-0.0215236
141.678,0.0113769,-0.0974933,-0.167809,-0.0220324
141.701,0.010698,-0.0953907,-0.166998,-0.0225359
141.723,0.0100185,-0.093254,-0.16615,-0.0230338
141.746,0.00933852,-0.0911097,-0.165265,-0.0235261
141.769,0.00865823,-0.088932,-0.164344,-0.0240125
141.791,0.00797785,-0.0867475,-0.163387,-0.024493
141.814,0.00729755,-0.0845306,-0.162394,-0.0249673
141.837,0.00661754,-0.0823078,-0.161366,-0.0254354
141.859,0.005938,-0.0800534,-0.160302,-0.0258971
141.882,0.00525911,-0.0777941,-0.159203,-0.0263522
141.905,0.00458107,-0.0755039,-0.158069,-0.0268006
141.927,0.00390406,-0.0732099,-0.156901,-0.0272423
141.95,0.00322827,-0.070886,-0.155698,-0.0276769
141.973,0.00255388,-0.068559,-0.154462,-0.0281045
141.995,0.00188107,-0.0662032,-0.153191,-0.0285249
142.018,0.00121005,-0.0638453,-0.151887,-0.0289378
142.041,0.000540972,-0.0614594,-0.150551,-0.0293434
142.063,-0.000125967,-0.0590723,-0.149181,-0.0297412
142.086,-0.000790585,-0.0566583,-0.147779,-0.0301314
142.109,-0.00145271,-0.0542442,-0.146345,-0.0305137
142.132,-0.00211216,-0.0518041,-0.144879,-0.0308881
142.154,-0.00276875,-0.0493648,-0.143382,-0.0312543
142.177,-0.00342231,-0.0469005,-0.141854,-0.0316124
142.2,-0.00407267,-0.0444381,-0.140295,-0.0319621
142.222,-0.00471964,-0.0419516,-0.138705,-0.0323034
142.245,-0.00536307,-0.039468,-0.137086,-0.0326361
142.268,-0.00600277,-0.0369614,-0.135437,-0.0329602
142.29,-0.00663858,-0.0344587,-0.13376,-0.0332756
142.313,-0.00727032,-0.0319341,-0.132053,-0.0335821
142.336,-0.00789784,-0.0294144,-0.130318,-0.0338796
142.358,-0.00852096,-0.0268737,-0.128555,-0.0341681
142.381,-0.00913953,-0.0243392,-0.126764,-0.0344474
142.404,-0.00975337,-0.0217845,-0.124947,-0.0347175
142.426,-0.0103623,-0.0192371,-0.123102,-0.0349782
142.449,-0.0109663,-0.0166707,-0.121232,-0.0352295
142.472,-0.011565,-0.0141125,-0.119335,-0.0354713
142.494,-0.0121584,-0.0115364,-0.117413,-0.0357036
142.517,-0.0127462,-0.00896955,-0.115467,-0.0359261
142.54,-0.0133284,-0.00638589,-0.113495,-0.0361389
142.562,-0.0139048,-0.0038126,-0.1115,-0.0363418
142.585,-0.0144753,-0.00122352,-0.109481,-0.0365349
142.608,-0.0150397,0.00135409,-0.107439,-0.036718
142.63,-0.0155978,0.00394649,-0.105375,-0.0368911
142.653,-0.0161495,0.00652627,-0.103288,-0.0370541
142.676,-0.0166947,0.00911974,-0.10118,-0.0372069
142.698,-0.0172332,0.0116996,-0.0990501,-0.0373495
142.721,-0.017765,0.014292,-0.0968999,-0.0374818
142.744,-0.0182898,0.0168697,-0.0947295,-0.0376037
142.766,-0.0188075,0.0194589,-0.0925395,-0.0377153
142.789,-0.0193181,0.0220324,-0.0903303,-0.0378165
142.812,-0.0198213,0.0246162,-0.0881024,-0.0379072
142.834,-0.0203171,0.0271831,-0.0858564,-0.0379873
142.857,-0.0208054,0.0297594,-0.0835927,-0.0380569
142.88,-0.0212859,0.0323177,-0.081312,-0.0381159
142.902,-0.0217587,0.0348843,-0.0790146,-0.0381643
142.925,-0.0222235,0.0374318,-0.0767013,-0.038202
142.948,-0.0226804,0.0399866,-0.0743723,-0.0382291
142.971,-0.0231291,0.0425211,-0.0720284,-0.0382454
142.993,-0.0235695,0.0450619,-0.06967,-0.038251
143.016,-0.0240016,0.0475814,-0.0672978,-0.0382458
143.039,-0.0244253,0.050106,-0.0649121,-0.0382299
143.061,-0.0248404,0.0526082,-0.0625136,-0.0382031
143.084,-0.0252469,0.0551146,-0.0601029,-0.0381656
143.107,-0.0256446,0.0575974,-0.0576804,-0.0381173
143.129,-0.0260335,0.0600833,-0.0552468,-0.0380582
143.152,-0.0264135,0.0625447,-0.0528025,-0.0379883
143.175,-0.0267845,0.0650081,-0.0503482,-0.0379075
143.197,-0.0271464,0.0674459,-0.0478843,-0.037816
143.22,-0.0274991,0.0698847,-0.0454116,-0.0377137
143.243,-0.0278426,0.0722968,-0.0429304,-0.0376005
143.265,-0.0281768,0.0747089,-0.0404414,-0.0374767
143.288,-0.0285015,0.0770933,-0.0379452,-0.037342
143.311,-0.0288168,0.0794767,-0.0354423,-0.0371967
143.333,-0.0291226,0.0818313,-0.0329333,-0.0370406
143.356,-0.0294188,0.0841839,-0.0304188,-0.0368738
143.379,-0.0297054,0.0865067,-0.0278992,-0.0366964
143.401,-0.0299822,0.0888265,-0.0253753,-0.0365083
143.424,-0.0302493,0.0911155,-0.0228475,-0.0363097
143.447,-0.0305065,0.0934005,-0.0203165,-0.0361005
143.469,-0.0307539,0.0956537,-0.0177828,-0.0358808
143.492,-0.0309914,0.097902,-0.0152469,-0.0356506
143.515,-0.0312189,0.100117,-0.0127096,-0.03541
143.537,-0.0314364,0.102327,-0.0101712,-0.035159
143.56,-0.0316439,0.104503,-0.0076324,-0.0348977
143.583,-0.0318413,0.106672,-0.0050938,-0.0346262
143.605,-0.0320286,0.108806,-0.00255596,-0.0343444
143.628,-0.0322058,0.110933,-1.93994e-05,-0.0340525
143.651,-0.0323728,0.113023,0.00251526,-0.0337504
143.673,-0.0325297,0.115106,0.00504747,-0.0334384
143.696,-0.0326763,0.117151,0.00757666,-0.0331164
143.719,-0.0328127,0.119187,0.0101023,-0.0327846
143.741,-0.0329389,0.121186,0.0126237,-0.0324429
143.764,-0.0330549,0.123174,0.0151405,-0.0320915
143.787,-0.0331605,0.125124,0.0176519,-0.0317305
143.81,-0.033256,0.127062,0.0201576,-0.0313599
143.832,-0.0333411,0.128961,0.0226568,-0.0309798
143.855,-0.0334161,0.130849,0.025149,-0.0305903
143.878,-0.0334807,0.132696,0.0276338,-0.0301916
143.9,-0.0335351,0.13453,0.0301104,-0.0297836
143.923,-0.0335793,0.136323,0.0325785,-0.0293666
143.946,-0.0336132,0.138103,0.0350374,-0.0289405
143.968,-0.0336369,0.13984,0.0374866,-0.0285055
143.991,-0.0336505,0.141564,0.0399255,-0.0280618
144.014,-0.0336538,0.143245,0.0423536,-0.0276093
144.036,-0.033647,0.14491,0.0447703,-0.0271482
144.059,-0.0336301,0.146533,0.0471752,-0.0266787
144.082,-0.0336031,0.148139,0.0495677,-0.0262009
144.104,-0.033566,0.149702,0.0519472,-0.0257148
144.127,-0.0335189,0.151248,0.0543133,-0.0252205
144.15,-0.0334617,0.152749,0.0566653,-0.0247183
144.172,-0.0333947,0.154233,0.0590029,-0.0242082
144.195,-0.0333177,0.155671,0.0613255,-0.0236904
144.218,-0.0332309,0.157092,0.0636325,-0.0231649
144.24,-0.0331342,0.158466,0.0659234,-0.022632
144.263,-0.0330279,0.159822,0.0681978,-0.0220917
144.286,-0.0329117,0.161131,0.0704552,-0.0215442
144.308,-0.032786,0.162422,0.072695,-0.0209896
144.331,-0.0326506,0.163664,0.0749168,-0.0204281
144.354,-0.0325057,0.164887,0.0771201,-0.0198598
144.376,-0.0323514,0.166063,0.0793043,-0.0192848
144.399,-0.0321877,0.167218,0.0814691,-0.0187033
144.422,-0.0320146,0.168324,0.0836139,-0.0181154
144.444,-0.0318323,0.16941,0.0857383,-0.0175214
144.467,-0.0316408,0.170447,0.0878418,-0.0169213
144.49,-0.0314402,0.171462,0.0899239,-0.0163152
144.512,-0.0312306,0.172428,0.0919843,-0.0157035
144.535,-0.031012,0.173373,0.0940225,-0.0150861
144.558,-0.0307846,0.174267,0.0960379,-0.0144633
144.58,-0.0305485,0.175139,0.0980302,-0.0138352
144.603,-0.0303036,0.175961,0.0999989,-0.0132021
144.626,-0.0300502,0.176761,0.101944,-0.012564
144.649,-0.0297883,0.17751,0.103864,-0.011921
144.671,-0.029518,0.178235,0.10576,-0.0112735
144.694,-0.0292394,0.17891,0.10763,-0.0106216
144.717,-0.0289526,0.179562,0.109475,-0.00996535
144.739,-0.0286578,0.180162,0.111293,-0.00930501
144.762,-0.0283549,0.180738,0.113086,-0.00864074
144.785,-0.0280442,0.181263,0.114851,-0.00797272
144.807,-0.0277257,0.181764,0.11659,-0.00730112
144.83,-0.0273995,0.182213,0.1183,-0.00662612
144.853,-0.0270659,0.182638,0.119983,-0.00594789
144.875,-0.0267247,0.18301,0.121638,-0.00526661
144.898,-0.0263763,0.183358,0.123264,-0.00458246
144.921,-0.0260207,0.183654,0.124861,-0.00389563
144.943,-0.0256581,0.183925,0.126429,-0.00320629
144.966,-0.0252885,0.184144,0.127967,-0.00251463
144.989,-0.0249121,0.184338,0.129475,-0.00182084
145.011,-0.024529,0.184479,0.130953,-0.0011251
145.034,-0.0241393,0.184596,0.1324,-0.000427587
145.057,-0.0237432,0.18466,0.133817,0.000271513
145.079,-0.0233409,0.184699,0.135202,0.000971994
145.102,-0.0229323,0.184684,0.136556,0.00167369
145.125,-0.0225178,0.184646,0.137878,0.00237641
145.147,-0.0220973,0.184553,0.139168,0.00307995
145.17,-0.0216711,0.184437,0.140426,0.00378413
145.193,-0.0212393,0.184267,0.141651,0.00448877
145.215,-0.020802,0.184072,0.142843,0.00519365
145.238,-0.0203594,0.183824,0.144003,0.00589862
145.261,-0.0199116,0.183552,0.145129,0.00660346
145.283,-0.0194588,0.183226,0.146222,0.00730799
145.306,-0.0190011,0.182876,0.147281,0.00801202
145.329,-0.0185386,0.182473,0.148306,0.00871536
145.351,-0.0180715,0.182045,0.149297,0.00941781
145.374,-0.0176,0.181564,0.150253,0.0101192
145.397,-0.0171243,0.18106,0.151176,0.0108193
145.42,-0.0166443,0.180502,0.152063,0.0115179
145.442,-0.0161604,0.17992,0.152916,0.0122149
145.465,-0.0156726,0.179286,0.153733,0.0129101
145.488,-0.0151812,0.178628,0.154516,0.0136032
145.51,-0.0146862,0.177917,0.155263,0.0142941
145.533,-0.0141879,0.177183,0.155974,0.0149826
145.556,-0.0136864,0.176397,0.15665,0.0156685
145.578,-0.0131818,0.175588,0.157291,0.0163515
145.601,-0.0126743,0.174726,0.157895,0.0170316
145.624,-0.0121641,0.173842,0.158463,0.0177086
145.646,-0.0116513,0.172906,0.158996,0.0183822
145.669,-0.0111361,0.171947,0.159492,0.0190522
145.692,-0.0106187,0.170937,0.159952,0.0197185
145.714,-0.0100992,0.169906,0.160376,0.0203809
145.737,-0.00957769,0.168823,0.160764,0.0210392
145.76,-0.00905445,0.167718,0.161115,0.0216931
145.782,-0.00852961,0.166563,0.161429,0.0223427
145.805,-0.00800333,0.165387,0.161707,0.0229876
145.828,-0.00747577,0.16416,0.161949,0.0236276
145.85,-0.00694709,0.162913,0.162154,0.0242626
145.873,-0.00641746,0.161616,0.162323,0.0248924
145.896,-0.00588704,0.160299,0.162454,0.0255169
145.918,-0.00535599,0.158933,0.16255,0.0261358
145.941,-0.00482448,0.157547,0.162608,0.026749
145.964,-0.00429267,0.156113,0.162631,0.0273563
145.986,-0.00376071,0.154659,0.162616,0.0279575
146.009,-0.00322878,0.153158,0.162565,0.0285525
146.032,-0.00269704,0.151638,0.162478,0.029141
146.054,-0.00216565,0.15007,0.162354,0.029723
146.077,-0.00163477,0.148485,0.162194,0.0302983
146.1,-0.00110456,0.146853,0.161998,0.0308666
146.122,-0.000575185,0.145203,0.161766,0.0314278
146.145,-4.68045e-05,0.143508,0.161497,0.0319818
146.168,0.000480425,0.141796,0.161192,0.0325284
146.19,0.00100634,0.140038,0.160852,0.0330674
146.213,0.00153078,0.138265,0.160475,0.0335987
146.236,0.00205358,0.136446,0.160063,0.0341221
146.259,0.00257461,0.134613,0.159616,0.0346375
146.281,0.00309368,0.132736,0.159133,0.0351447
146.304,0.00361065,0.130844,0.158614,0.0356436
146.327,0.00412536,0.128909,0.158061,0.036134
146.349,0.00463767,0.126961,0.157472,0.0366158
146.372,0.0051474,0.12497,0.156849,0.0370888
146.395,0.00565442,0.122967,0.156191,0.037553
146.417,0.00615856,0.120922,0.155498,0.038008
146.44,0.00665969,0.118865,0.154771,0.0384539
146.463,0.00715764,0.116767,0.15401,0.0388905
146.485,0.00765228,0.114658,0.153216,0.0393176
146.508,0.00814344,0.112509,0.152387,0.0397351
146.531,0.008631,0.110351,0.151525,0.0401429
146.553,0.00911479,0.108153,0.15063,0.0405409
146.576,0.00959469,0.105946,0.149701,0.0409289
146.599,0.0100705,0.1037,0.14874,0.0413068
146.621,0.0105422,0.101447,0.147747,0.0416746
146.644,0.0110095,0.0991563,0.146721,0.042032
146.667,0.0114724,0.0968585,0.145663,0.042379
146.689,0.0119307,0.0945241,0.144573,0.0427155
146.712,0.0123842,0.0921837,0.143452,0.0430413
146.735,0.0128329,0.0898077,0.1423,0.0433564
146.757,0.0132766,0.0874267,0.141116,0.0436606
146.78,0.0137151,0.0850111,0.139902,0.0439538
146.803,0.0141484,0.0825915,0.138658,0.0442361
146.825,0.0145763,0.0801383,0.137384,0.0445071
146.848,0.0149986,0.0776821,0.13608,0.044767
146.871,0.0154154,0.0751933,0.134746,0.0450155
146.893,0.0158264,0.0727028,0.133384,0.0452526
146.916,0.0162315,0.0701805,0.131993,0.0454782
146.939,0.0166306,0.0676576,0.130573,0.0456923
146.961,0.0170236,0.0651039,0.129126,0.0458947
146.984,0.0174103,0.0625507,0.127651,0.0460854
147.007,0.0177907,0.059968,0.126148,0.0462643
147.029,0.0181647,0.0573867,0.124619,0.0464314
147.052,0.0185321,0.0547769,0.123063,0.0465865
147.075,0.0188929,0.0521698,0.12148,0.0467296
147.098,0.0192469,0.0495353,0.119872,0.0468607
147.12,0.019594,0.0469044,0.118239,0.0469797
147.143,0.0199341,0.0442473,0.11658,0.0470865
147.166,0.0202672,0.0415951,0.114897,0.0471812
147.188,0.0205931,0.0389177,0.11319,0.0472636
147.211,0.0209117,0.0362464,0.111458,0.0473337
147.234,0.021223,0.033551,0.109704,0.0473915
147.256,0.0215269,0.0308627,0.107926,0.0474369
147.279,0.0218232,0.0281516,0.106125,0.0474699
147.302,0.0221119,0.0254488,0.104303,0.0474905
147.324,0.0223929,0.0227243,0.102459,0.0474986
147.347,0.0226662,0.0200092,0.100593,0.0474942
147.37,0.0229316,0.0172735,0.0987069,0.0474774
147.392,0.023189,0.0145486,0.0968001,0.047448
147.415,0.0234385,0.0118042,0.0948735,0.0474061
147.438,0.0236799,0.00907165,0.0929272,0.0473517
147.46,0.0239132,0.00632084,0.090962,0.0472847
147.483,0.0241383,0.00358311,0.0889782,0.0472052
147.506,0.0243551,0.000828164,0.0869763,0.0471131
147.528,0.0245636,-0.0019124,0.0849567,0.0470084
147.551,0.0247637,-0.004669,0.0829199,0.0468912
147.574,0.0249554,-0.0074101,0.0808665,0.0467615
147.596,0.0251386,-0.010166,0.0787969,0.0466193
147.619,0.0253133,-0.0129052,0.0767115,0.0464645
147.642,0.0254793,-0.0156582,0.0746109,0.0462973
147.664,0.0256368,-0.0183931,0.0724956,0.0461176
147.687,0.0257855,-0.0211406,0.0703659,0.0459255
147.71,0.0259256,-0.023869,0.0682226,0.0457209
147.732,0.0260569,-0.0266088,0.0660659,0.045504
147.755,0.0261794,-0.0293281,0.0638965,0.0452747
147.778,0.0262932,-0.0320578,0.0617148,0.0450331
147.8,0.026398,-0.0347659,0.0595213,0.0447793
147.823,0.026494,-0.0374829,0.0573167,0.0445133
147.846,0.0265811,-0.0401773,0.0551012,0.0442351
147.868,0.0266593,-0.0428796,0.0528756,0.0439448
147.891,0.0267286,-0.045558,0.0506402,0.0436424
147.914,0.0267889,-0.0482431,0.0483955,0.043328
147.937,0.0268402,-0.0509031,0.0461423,0.0430017
147.959,0.0268826,-0.0535687,0.0438809,0.0426635
147.982,0.026916,-0.0562081,0.0416118,0.0423135
148.005,0.0269404,-0.0588519,0.0393356,0.0419518
148.027,0.0269559,-0.0614682,0.0370527,0.0415784
148.05,0.0269623,-0.0640879,0.0347638,0.0411935
148.073,0.0269598,-0.066679,0.0324694,0.040797
148.095,0.0269483,-0.0692724,0.0301699,0.0403892
148.118,0.0269278,-0.0718359,0.0278659,0.03997
148.141,0.0268983,-0.0744007,0.0255579,0.0395395
148.163,0.0268599,-0.0769345,0.0232465,0.039098
148.186,0.0268126,-0.0794683,0.0209321,0.0386453
148.209,0.0267564,-0.0819701,0.0186153,0.0381818
148.231,0.0266913,-0.0844709,0.0162967,0.0377073
148.254,0.0266173,-0.0869385,0.0139767,0.0372222
148.277,0.0265345,-0.089404,0.0116558,0.0367264
148.299,0.0264429,-0.0918353,0.00933475,0.0362201
148.322,0.0263425,-0.0942634,0.00701389,0.0357034
148.345,0.0262334,-0.0966562,0.00469375,0.0351764
148.367,0.0261156,-0.0990448,0.00237491,0.0346392
148.39,0.0259891,-0.101397,5.78644e-05,0.034092
148.413,0.025854,-0.103744,-0.00225685,0.0335349
148.435,0.0257104,-0.106053,-0.00456871,0.032968
148.458,0.0255582,-0.108357,-0.0068772,0.0323914
148.481,0.0253975,-0.110621,-0.0091818,0.0318053
148.503,0.0252284,-0.112879,-0.011482,0.0312098
148.526,0.025051,-0.115097,-0.0137773,0.030605
148.549,0.0248652,-0.117307,-0.0160671,0.0299912
148.571,0.0246712,-0.119477,-0.018351,0.0293684
148.594,0.024469,-0.121637,-0.0206284,0.0287367
148.617,0.0242587,-0.123756,-0.0228988,0.0280964
148.639,0.0240404,-0.125865,-0.0251618,0.0274476
148.662,0.023814,-0.127931,-0.0274167,0.0267904
148.685,0.0235798,-0.129986,-0.0296632,0.026125
148.707,0.0233377,-0.131998,-0.0319007,0.0254516
148.73,0.0230878,-0.133999,-0.0341287,0.0247702
148.753,0.0228303,-0.135955,-0.0363467,0.0240812
148.776,0.0225652,-0.137898,-0.0385542,0.0233846
148.798,0.0222926,-0.139796,-0.0407508,0.0226806
148.821,0.0220125,-0.141681,-0.0429359,0.0219694
148.844,0.0217251,-0.143519,-0.0451091,0.0212511
148.866,0.0214305,-0.145343,-0.0472698,0.020526
148.889,0.0211287,-0.147121,-0.0494177,0.0197942
148.912,0.0208199,-0.148883,-0.0515522,0.0190558
148.934,0.020504,-0.150598,-0.0536728,0.0183112
148.957,0.0201814,-0.152297,-0.0557791,0.0175603
148.98,0.0198519,-0.153947,-0.0578707,0.0168036
149.002,0.0195158,-0.155581,-0.059947,0.016041
149.025,0.0191732,-0.157165,-0.0620077,0.0152728
149.048,0.0188241,-0.158733,-0.0640522,0.0144992
149.07,0.0184686,-0.16025,-0.0660801,0.0137204
149.093,0.0181069,-0.16175,-0.068091,0.0129366
149.116,0.0177392,-0.163198,-0.0700845,0.012148
149.138,0.0173654,-0.164629,-0.07206,0.0113547
149.161,0.0169857,-0.166008,-0.0740172,0.010557
149.184,0.0166003,-0.167367,-0.0759556,0.00975506
149.206,0.0162092,-0.168675,-0.0778749,0.00894909
149.229,0.0158126,-0.169963,-0.0797746,0.00813926
149.252,0.0154106,-0.171199,-0.0816543,0.00732582
149.274,0.0150033,-0.172414,-0.0835135,0.00650895
149.297,0.0145908,-0.173576,-0.085352,0.00568886
149.32,0.0141734,-0.174717,-0.0871692,0.00486574
149.342,0.013751,-0.175805,-0.0889648,0.00403983
149.365,0.0133239,-0.176871,-0.0907385,0.0032113
149.388,0.0128921,-0.177883,-0.0924898,0.0023804
149.41,0.0124559,-0.178873,-0.0942184,0.00154731
149.433,0.0120153,-0.179809,-0.0959239,0.000712243
149.456,0.0115704,-0.180722,-0.0976059,-0.000124582
149.478,0.0111215,-0.181581,-0.099264,-0.000962953
149.501,0.0106686,-0.182416,-0.100898,-0.00180266
149.524,0.0102119,-0.183197,-0.102507,-0.00264347
149.546,0.00975158,-0.183954,-0.104092,-0.0034852
149.569,0.0092877,-0.184655,-0.105651,-0.00432761
149.592,0.00882044,-0.185334,-0.107185,-0.0051705
149.615,0.00834994,-0.185956,-0.108693,-0.00601364
149.637,0.00787634,-0.186554,-0.110175,-0.00685684
149.66,0.0073998,-0.187096,-0.111631,-0.00769983
149.683,0.00692046,-0.187614,-0.113059,-0.00854246
149.705,0.00643846,-0.188075,-0.114461,-0.00938447
149.728,0.00595397,-0.188513,-0.115835,-0.0102256
149.751,0.00546712,-0.188893,-0.117182,-0.0110658
149.773,0.00497807,-0.189249,-0.1185,-0.0119047
149.796,0.00448697,-0.189548,-0.119791,-0.0127421
149.819,0.00399397,-0.189823,-0.121053,-0.0135778
149.841,0.00349922,-0.19004,-0.122286,-0.0144116
149.864,0.00300288,-0.190232,-0.12349,-0.0152432
149.887,0.0025051,-0.190368,-0.124665,-0.0160725
149.909,0.00200604,-0.190478,-0.125811,-0.0168993
149.932,0.00150584,-0.190531,-0.126927,-0.0177233
149.955,0.00100466,-0.19056,-0.128013,-0.0185443
149.977,0.000502664,-0.190531,-0.129069,-0.019362
150,1.01569e-16,-0.190477,-0.130095,-0.0201764
