offsetMs,input,phase2,phase35,phase36
-150,-2.43118e-15,0.0659624,0.0658777,0.0658777
-149.977,-0.00125374,0.0666636,0.0665809,0.0665809
-149.955,-0.00250716,0.0673484,0.0672678,0.0672678
-149.932,-0.00375998,0.0680167,0.0679381,0.0679381
-149.909,-0.00501187,0.0686682,0.0685917,0.0685917
-149.887,-0.00626252,0.0693029,0.0692285,0.0692285
-149.864,-0.00751164,0.0699206,0.0698483,0.0698483
-149.841,-0.00875892,0.0705211,0.0704509,0.0704509
-149.819,-0.010004,0.0711042,0.0710363,0.0710363
-149.796,-0.0112467,0.0716699,0.0716042,0.0716042
-149.773,-0.0124866,0.072218,0.0721545,0.0721545
-149.751,-0.0137234,0.0727484,0.072687,0.072687
-149.728,-0.0149569,0.0732609,0.0732017,0.0732017
-149.705,-0.0161867,0.0737554,0.0736985,0.0736985
-149.683,-0.0174125,0.0742318,0.0741771,0.0741771
-149.66,-0.0186341,0.0746899,0.0746375,0.0746375
-149.637,-0.019851,0.0751297,0.0750797,0.0750797
-149.615,-0.0210631,0.0755511,0.0755033,0.0755033
-149.592,-0.02227,0.0759538,0.0759084,0.0759084
-149.569,-0.0234715,0.076338,0.0762948,0.0762948
-149.546,-0.0246672,0.0767034,0.0766626,0.0766626
-149.524,-0.0258568,0.0770499,0.0770115,0.0770115
-149.501,-0.02704,0.0773775,0.0773414,0.0773414
-149.478,-0.0282167,0.0776861,0.0776524,0.0776524
-149.456,-0.0293864,0.0779756,0.0779443,0.0779443
-149.433,-0.0305488,0.078246,0.078217,0.078217
-149.41,-0.0317038,0.0784972,0.0784706,0.0784706
-149.388,-0.032851,0.078729,0.0787048,0.0787048
-149.365,-0.0339901,0.0789416,0.0789198,0.0789198
-149.342,-0.0351209,0.0791347,0.0791154,0.0791154
-149.32,-0.0362431,0.0793084,0.0792915,0.0792915
-149.297,-0.0373563,0.0794626,0.0794481,0.0794481
-149.274,-0.0384604,0.0795973,0.0795852,0.0795852
-149.252,-0.039555,0.0797125,0.0797028,0.0797028
-149.229,-0.0406399,0.0798081,0.0798008,0.0798008
-149.206,-0.0417148,0.079884,0.0798792,0.0798792
-149.184,-0.0427795,0.0799404,0.079938,0.079938
-149.161,-0.0438337,0.0799771,0.0799772,0.0799772
-149.138,-0.0448771,0.0799942,0.0799967,0.0799967
-149.116,-0.0459095,0.0799916,0.0799966,0.0799966
-149.093,-0.0469306,0.0799694,0.0799768,0.0799768
-149.07,-0.0479401,0.0799275,0.0799373,0.0799373
-149.048,-0.0489379,0.079866,0.0798783,0.0798783
-149.025,-0.0499237,0.0797849,0.0797996,0.0797996
-149.002,-0.0508973,0.0796841,0.0797013,0.0797013
-148.98,-0.0518583,0.0795638,0.0795834,0.0795834
-148.957,-0.0528066,0.079424,0.079446,0.079446
-148.934,-0.0537419,0.0792647,0.0792891,0.0792891
-148.912,-0.054664,0.0790858,0.0791127,0.0791127
-148.889,-0.0555727,0.0788876,0.0789169,0.0789169
-148.866,-0.0564677,0.07867,0.0787017,0.0787017
-148.844,-0.0573489,0.078433,0.0784671,0.0784671
-148.821,-0.058216,0.0781768,0.0782133,0.0782133
-148.798,-0.0590687,0.0779014,0.0779403,0.0779403
-148.776,-0.059907,0.0776069,0.0776481,0.0776481
-148.753,-0.0607306,0.0772932,0.0773369,0.0773369
-148.73,-0.0615392,0.0769607,0.0770066,0.0770066
-148.707,-0.0623327,0.0766091,0.0766575,0.0766575
-148.685,-0.063111,0.0762388,0.0762895,0.0762895
-148.662,-0.0638737,0.0758498,0.0759027,0.0759027
-148.639,-0.0646207,0.0754421,0.0754974,0.0754974
-148.617,-0.0653519,0.0750159,0.0750735,0.0750735
-148.594,-0.066067,0.0745713,0.0746311,0.0746311
-148.571,-0.0667659,0.0741084,0.0741705,0.0741705
-148.549,-0.0674483,0.0736272,0.0736916,0.0736916
-148.526,-0.0681143,0.073128,0.0731946,0.0731946
-148.503,-0.0687634,0.0726108,0.0726796,0.0726796
-148.481,-0.0693957,0.0720757,0.0721468,0.0721468
-148.458,-0.070011,0.071523,0.0715962,0.0715962
-148.435,-0.070609,0.0709527,0.0710281,0.0710281
-148.413,-0.0711897,0.0703649,0.0704425,0.0704425
-148.39,-0.071753,0.0697599,0.0698396,0.0698396
-148.367,-0.0722986,0.0691378,0.0692196,0.0692196
-148.345,-0.0728264,0.0684986,0.0685826,0.0685826
-148.322,-0.0733364,0.0678427,0.0679287,0.0679287
-148.299,-0.0738283,0.06717,0.0672581,0.0672581
-148.277,-0.0743021,0.0664809,0.066571,0.066571
-148.254,-0.0747577,0.0657755,0.0658676,0.0658676
-148.231,-0.0751949,0.0650538,0.065148,0.065148
-148.209,-0.0756136,0.0643162,0.0644124,0.0644124
-148.186,-0.0760138,0.0635628,0.0636609,0.0636609
-148.163,-0.0763953,0.0627939,0.0628939,0.0628939
-148.141,-0.076758,0.0620094,0.0621113,0.0621113
-148.118,-0.0771018,0.0612098,0.0613136,0.0613136
-148.095,-0.0774268,0.0603951,0.0605007,0.0605007
-148.073,-0.0777327,0.0595655,0.059673,0.059673
-148.05,-0.0780195,0.0587214,0.0588307,0.0588307
-148.027,-0.0782872,0.0578628,0.0579739,0.0579739
-148.005,-0.0785356,0.05699,0.0571028,0.0571028
-147.982,-0.0787647,0.0561032,0.0562177,0.0562177
-147.959,-0.0789745,0.0552026,0.0553189,0.0553189
-147.937,-0.0791649,0.0542885,0.0544064,0.0544064
-147.914,-0.0793359,0.053361,0.0534806,0.0534806
-147.891,-0.0794874,0.0524204,0.0525416,0.0525416
-147.868,-0.0796193,0.051467,0.0515897,0.0515897
-147.846,-0.0797317,0.0505009,0.0506252,0.0506252
-147.823,-0.0798245,0.0495224,0.0496482,0.0496482
-147.8,-0.0798977,0.0485317,0.048659,0.048659
-147.778,-0.0799513,0.0475291,0.0476579,0.0476579
-147.755,-0.0799852,0.0465148,0.0466451,0.0466451
-147.732,-0.0799995,0.0454891,0.0456208,0.0456208
-147.71,-0.0799941,0.0444523,0.0445853,0.0445853
-147.687,-0.0799691,0.0434045,0.0435389,0.0435389
-147.664,-0.0799245,0.042346,0.0424817,0.0424817
-147.642,-0.0798602,0.0412772,0.0414142,0.0414142
-147.619,-0.0797763,0.0401982,0.0403364,0.0403364
-147.596,-0.0796728,0.0391093,0.0392487,0.0392487
-147.574,-0.0795498,0.0380109,0.0381514,0.0381514
-147.551,-0.0794072,0.036903,0.0370448,0.0370448
-147.528,-0.0792451,0.0357862,0.035929,0.035929
-147.506,-0.0790635,0.0346605,0.0348044,0.0348044
-147.483,-0.0788625,0.0335263,0.0336713,0.0336713
-147.46,-0.0786422,0.0323839,0.0325299,0.0325299
-147.438,-0.0784025,0.0312336,0.0313805,0.0313805
-147.415,-0.0781436,0.0300755,0.0302234,0.0302234
-147.392,-0.0778654,0.0289101,0.0290589,0.0290589
-147.37,-0.0775682,0.0277376,0.0278872,0.0278872
-147.347,-0.0772519,0.0265582,0.0267087,0.0267087
-147.324,-0.0769166,0.0253724,0.0255236,0.0255236
-147.302,-0.0765625,0.0241803,0.0243323,0.0243323
-147.279,-0.0761895,0.0229822,0.0231349,0.0231349
-147.256,-0.0757978,0.0217785,0.0219319,0.0219319
-147.234,-0.0753875,0.0205695,0.0207235,0.0207235
-147.211,-0.0749587,0.0193554,0.0195101,0.0195101
-147.188,-0.0745115,0.0181365,0.0182918,0.0182918
-147.166,-0.0740459,0.0169133,0.017069,0.017069
-147.143,-0.0735622,0.0156858,0.0158421,0.0158421
-147.12,-0.0730604,0.0144545,0.0146112,0.0146112
-147.098,-0.0725407,0.0132196,0.0133768,0.0133768
-147.075,-0.0720032,0.0119815,0.012139,0.012139
-147.052,-0.0714479,0.0107404,0.0108983,0.0108983
-147.029,-0.0708752,0.00949676,0.00965495,0.00965495
-147.007,-0.070285,0.00825073,0.00840919,0.00840919
-146.984,-0.0696775,0.00700268,0.00716139,0.00716139
-146.961,-0.0690529,0.0057529,0.00591181,0.00591181
-146.939,-0.0684114,0.00450171,0.00466077,0.00466077
-146.916,-0.0677531,0.00324942,0.00340859,0.00340859
-146.893,-0.0670781,0.00199632,0.00215556,0.00215556
-146.871,-0.0663867,0.000742738,0.000902012,0.000902012
-146.848,-0.0656789,-0.000511027,-0.000351765,-0.000351765
-146.825,-0.064955,-0.00176468,-0.00160542,-0.00160542
-146.803,-0.0642152,-0.0030179,-0.00285872,-0.00285872
-146.78,-0.0634596,-0.00427037,-0.00411131,-0.00411131
-146.757,-0.0626884,-0.00552179,-0.00536289,-0.00536289
-146.735,-0.0619018,-0.00677187,-0.00661314,-0.00661314
-146.712,-0.0611,-0.00802028,-0.00786178,-0.00786178
-146.689,-0.0602832,-0.00926671,-0.00910849,-0.00910849
-146.667,-0.0594516,-0.0105109,-0.0103529,-0.0103529
-146.644,-0.0586054,-0.0117525,-0.0115949,-0.0115949
-146.621,-0.0577448,-0.0129911,-0.0128339,-0.0128339
-146.599,-0.05687,-0.0142267,-0.0140699,-0.0140699
-146.576,-0.0559812,-0.0154587,-0.0153023,-0.0153023
-146.553,-0.0550787,-0.0166869,-0.0165311,-0.0165311
-146.531,-0.0541627,-0.017911,-0.0177557,-0.0177557
-146.508,-0.0532333,-0.0191307,-0.018976,-0.018976
-146.485,-0.0522909,-0.0203458,-0.0201916,-0.0201916
-146.463,-0.0513356,-0.0215558,-0.0214023,-0.0214023
-146.44,-0.0503678,-0.0227605,-0.0226077,-0.0226077
-146.417,-0.0493875,-0.0239597,-0.0238076,-0.0238076
-146.395,-0.0483952,-0.0251529,-0.0250016,-0.0250016
-146.372,-0.0473909,-0.02634,-0.0261895,-0.0261895
-146.349,-0.046375,-0.0275206,-0.0273709,-0.0273709
-146.327,-0.0453477,-0.0286945,-0.0285456,-0.0285456
-146.304,-0.0443093,-0.0298613,-0.0297133,-0.0297133
-146.281,-0.04326,-0.0310208,-0.0308738,-0.0308738
-146.259,-0.0422,-0.0321726,-0.0320266,-0.0320266
-146.236,-0.0411297,-0.0333166,-0.0331715,-0.0331715
-146.213,-0.0400493,-0.0344524,-0.0343084,-0.0343084
-146.19,-0.0389591,-0.0355797,-0.0354367,-0.0354367
-146.168,-0.0378593,-0.0366983,-0.0365564,-0.0365564
-146.145,-0.0367502,-0.0378078,-0.0376671,-0.0376671
-146.122,-0.0356321,-0.0389081,-0.0387686,-0.0387686
-146.1,-0.0345052,-0.0399988,-0.0398605,-0.0398605
-146.077,-0.0333698,-0.0410797,-0.0409427,-0.0409427
-146.054,-0.0322263,-0.0421505,-0.0420147,-0.0420147
-146.032,-0.0310748,-0.043211,-0.0430765,-0.0430765
-146.009,-0.0299157,-0.0442609,-0.0441277,-0.0441277
-145.986,-0.0287492,-0.0452998,-0.045168,-0.045168
-145.964,-0.0275757,-0.0463277,-0.0461973,-0.0461973
-145.941,-0.0263954,-0.0473442,-0.0472152,-0.0472152
-145.918,-0.0252087,-0.048349,-0.0482215,-0.0482215
-145.896,-0.0240157,-0.049342,-0.049216,-0.049216
-145.873,-0.0228168,-0.0503228,-0.0501984,-0.0501984
-145.85,-0.0216124,-0.0512913,-0.0511684,-0.0511684
-145.828,-0.0204026,-0.0522472,-0.0521259,-0.0521259
-145.805,-0.0191878,-0.0531903,-0.0530706,-0.0530706
-145.782,-0.0179683,-0.0541203,-0.0540022,-0.0540022
-145.76,-0.0167444,-0.055037,-0.0549206,-0.0549206
-145.737,-0.0155164,-0.0559402,-0.0558255,-0.0558255
-145.714,-0.0142846,-0.0568296,-0.0567167,-0.0567167
-145.692,-0.0130492,-0.0577051,-0.0575939,-0.0575939
-145.669,-0.0118107,-0.0585665,-0.058457,-0.058457
-145.646,-0.0105692,-0.0594134,-0.0593058,-0.0593058
-145.624,-0.00932517,-0.0602457,-0.06014,-0.06014
-145.601,-0.00807883,-0.0610633,-0.0609594,-0.0609594
-145.578,-0.00683051,-0.0618659,-0.0617638,-0.0617638
-145.556,-0.00558052,-0.0626532,-0.0625531,-0.0625531
-145.533,-0.00432915,-0.0634252,-0.063327,-0.063327
-145.51,-0.00307672,-0.0641816,-0.0640853,-0.0640853
-145.488,-0.00182353,-0.0649222,-0.0648279,-0.0648279
-145.465,-0.000569899,-0.0656469,-0.0655546,-0.0655546
-145.442,0.000683876,-0.0663555,-0.0662652,-0.0662652
-145.42,0.00193748,-0.0670477,-0.0669595,-0.0669595
-145.397,0.00319061,-0.0677235,-0.0676374,-0.0676374
-145.374,0.00444296,-0.0683827,-0.0682986,-0.0682986
-145.351,0.00569422,-0.0690251,-0.0689431,-0.0689431
-145.329,0.00694407,-0.0696505,-0.0695706,-0.0695706
-145.306,0.00819222,-0.0702588,-0.0701811,-0.0701811
-145.283,0.00943836,-0.0708499,-0.0707743,-0.0707743
-145.261,0.0106822,-0.0714235,-0.0713501,-0.0713501
-145.238,0.0119234,-0.0719796,-0.0719085,-0.0719085
-145.215,0.0131616,-0.0725181,-0.0724491,-0.0724491
-145.193,0.0143967,-0.0730387,-0.072972,-0.072972
-145.17,0.0156282,-0.0735414,-0.0734769,-0.0734769
-145.147,0.0168558,-0.074026,-0.0739638,-0.0739638
-145.125,0.0180794,-0.0744924,-0.0744325,-0.0744325
-145.102,0.0192984,-0.0749406,-0.0748829,-0.0748829
-145.079,0.0205128,-0.0753703,-0.075315,-0.075315
-145.057,0.0217221,-0.0757816,-0.0757285,-0.0757285
-145.034,0.0229261,-0.0761742,-0.0761235,-0.0761235
-145.011,0.0241244,-0.0765481,-0.0764997,-0.0764997
-144.989,0.0253168,-0.0769032,-0.0768572,-0.0768572
-144.966,0.026503,-0.0772394,-0.0771957,-0.0771957
-144.943,0.0276827,-0.0775567,-0.0775154,-0.0775154
-144.921,0.0288556,-0.0778549,-0.0778159,-0.0778159
-144.898,0.0300214,-0.078134,-0.0780974,-0.0780974
-144.875,0.0311798,-0.0783938,-0.0783597,-0.0783597
-144.853,0.0323305,-0.0786345,-0.0786027,-0.0786027
-144.83,0.0334734,-0.0788558,-0.0788265,-0.0788265
-144.807,0.034608,-0.0790578,-0.0790309,-0.0790309
-144.785,0.0357341,-0.0792403,-0.0792158,-0.0792158
-144.762,0.0368514,-0.0794034,-0.0793813,-0.0793813
-144.739,0.0379597,-0.079547,-0.0795273,-0.0795273
-144.717,0.0390586,-0.079671,-0.0796538,-0.0796538
-144.694,0.040148,-0.0797755,-0.0797607,-0.0797607
-144.671,0.0412275,-0.0798603,-0.079848,-0.079848
-144.649,0.0422968,-0.0799256,-0.0799158,-0.0799158
-144.626,0.0433558,-0.0799713,-0.0799638,-0.0799638
-144.603,0.0444041,-0.0799972,-0.0799923,-0.0799923
-144.58,0.0454416,-0.0800036,-0.0800011,-0.0800011
-144.558,0.0464678,-0.0799903,-0.0799902,-0.0799902
-144.535,0.0474827,-0.0799573,-0.0799597,-0.0799597
-144.512,0.0484859,-0.0799047,-0.0799096,-0.0799096
-144.49,0.0494771,-0.0798325,-0.0798398,-0.0798398
-144.467,0.0504563,-0.0797407,-0.0797504,-0.0797504
-144.444,0.051423,-0.0796293,-0.0796415,-0.0796415
-144.422,0.0523771,-0.0794983,-0.0795129,-0.0795129
-144.399,0.0533183,-0.0793478,-0.0793649,-0.0793649
-144.376,0.0542465,-0.0791779,-0.0791973,-0.0791973
-144.354,0.0551613,-0.0789884,-0.0790104,-0.0790104
-144.331,0.0560626,-0.0787796,-0.0788039,-0.0788039
-144.308,0.0569501,-0.0785514,-0.0785782,-0.0785782
-144.286,0.0578236,-0.078304,-0.0783331,-0.0783331
-144.263,0.0586829,-0.0780373,-0.0780688,-0.0780688
-144.24,0.0595278,-0.0777514,-0.0777853,-0.0777853
-144.218,0.0603581,-0.0774465,-0.0774827,-0.0774827
-144.195,0.0611735,-0.0771225,-0.0771611,-0.0771611
-144.172,0.0619739,-0.0767796,-0.0768206,-0.0768206
-144.15,0.0627591,-0.0764178,-0.0764611,-0.0764611
-144.127,0.0635289,-0.0760372,-0.0760829,-0.0760829
-144.104,0.0642831,-0.075638,-0.075686,-0.075686
-144.082,0.0650215,-0.0752202,-0.0752706,-0.0752706
-144.059,0.0657439,-0.0747839,-0.0748366,-0.0748366
-144.036,0.0664502,-0.0743293,-0.0743842,-0.0743842
-144.014,0.0671402,-0.0738564,-0.0739136,-0.0739136
-143.991,0.0678136,-0.0733653,-0.0734248,-0.0734248
-143.968,0.0684704,-0.0728563,-0.072918,-0.072918
-143.946,0.0691104,-0.0723293,-0.0723932,-0.0723932
-143.923,0.0697334,-0.0717846,-0.0718507,-0.0718507
-143.9,0.0703393,-0.0712223,-0.0712906,-0.0712906
-143.878,0.0709279,-0.0706424,-0.0707129,-0.0707129
-143.855,0.0714991,-0.0700453,-0.0701179,-0.0701179
-143.832,0.0720528,-0.0694309,-0.0695056,-0.0695056
-143.81,0.0725887,-0.0687994,-0.0688763,-0.0688763
-143.787,0.0731068,-0.0681511,-0.0682301,-0.0682301
-143.764,0.0736069,-0.067486,-0.0675671,-0.0675671
-143.741,0.074089,-0.0668043,-0.0668875,-0.0668875
-143.719,0.0745529,-0.0661063,-0.0661915,-0.0661915
-143.696,0.0749984,-0.065392,-0.0654792,-0.0654792
-143.673,0.0754256,-0.0646616,-0.0647508,-0.0647508
-143.651,0.0758342,-0.0639154,-0.0640066,-0.0640066
-143.628,0.0762242,-0.0631535,-0.0632466,-0.0632466
-143.605,0.0765954,-0.062376,-0.062471,-0.062471
-143.583,0.0769479,-0.0615832,-0.0616802,-0.0616802
-143.56,0.0772814,-0.0607754,-0.0608742,-0.0608742
-143.537,0.077596,-0.0599525,-0.0600532,-0.0600532
-143.515,0.0778915,-0.059115,-0.0592175,-0.0592175
-143.492,0.0781679,-0.0582629,-0.0583672,-0.0583672
-143.469,0.0784251,-0.0573965,-0.0575026,-0.0575026
-143.447,0.078663,-0.0565161,-0.0566239,-0.0566239
-143.424,0.0788816,-0.0556217,-0.0557313,-0.0557313
-143.401,0.0790808,-0.0547137,-0.0548249,-0.0548249
-143.379,0.0792606,-0.0537923,-0.0539052,-0.0539052
-143.356,0.0794209,-0.0528576,-0.0529721,-0.0529721
-143.333,0.0795618,-0.05191,-0.0520261,-0.0520261
-143.311,0.079683,-0.0509496,-0.0510673,-0.0510673
-143.288,0.0797847,-0.0499767,-0.0500959,-0.0500959
-143.265,0.0798669,-0.0489915,-0.0491123,-0.0491123
-143.243,0.0799294,-0.0479943,-0.0481166,-0.0481166
-143.22,0.0799722,-0.0469853,-0.047109,-0.047109
-143.197,0.0799954,-0.0459647,-0.0460899,-0.0460899
-143.175,0.079999,-0.0449329,-0.0450595,-0.0450595
-143.152,0.0799829,-0.0438901,-0.044018,-0.044018
-143.129,0.0799472,-0.0428364,-0.0429657,-0.0429657
-143.107,0.0798918,-0.0417723,-0.0419028,-0.0419028
-143.084,0.0798169,-0.0406979,-0.0408297,-0.0408297
-143.061,0.0797223,-0.0396134,-0.0397465,-0.0397465
-143.039,0.0796081,-0.0385193,-0.0386536,-0.0386536
-143.016,0.0794744,-0.0374157,-0.0375511,-0.0375511
-142.993,0.0793212,-0.0363029,-0.0364395,-0.0364395
-142.971,0.0791484,-0.0351812,-0.0353189,-0.0353189
-142.948,0.0789563,-0.0340508,-0.0341896,-0.0341896
-142.925,0.0787447,-0.0329121,-0.0330519,-0.0330519
-142.902,0.0785138,-0.0317653,-0.0319061,-0.0319061
-142.88,0.0782636,-0.0306107,-0.0307524,-0.0307524
-142.857,0.0779942,-0.0294486,-0.0295913,-0.0295913
-142.834,0.0777057,-0.0282793,-0.0284228,-0.0284228
-142.812,0.077398,-0.027103,-0.0272474,-0.0272474
-142.789,0.0770714,-0.02592,-0.0260652,-0.0260652
-142.766,0.0767258,-0.0247307,-0.0248767,-0.0248767
-142.744,0.0763614,-0.0235353,-0.0236821,-0.0236821
-142.721,0.0759782,-0.0223342,-0.0224816,-0.0224816
-142.698,0.0755763,-0.0211275,-0.0212756,-0.0212756
-142.676,0.0751559,-0.0199157,-0.0200644,-0.0200644
-142.653,0.074717,-0.018699,-0.0188483,-0.0188483
-142.63,0.0742598,-0.0174776,-0.0176276,-0.0176276
-142.608,0.0737843,-0.016252,-0.0164025,-0.0164025
-142.585,0.0732908,-0.0150224,-0.0151733,-0.0151733
-142.562,0.0727792,-0.0137891,-0.0139405,-0.0139405
-142.54,0.0722497,-0.0125524,-0.0127042,-0.0127042
-142.517,0.0717025,-0.0113127,-0.0114648,-0.0114648
-142.494,0.0711377,-0.0100702,-0.0102226,-0.0102226
-142.472,0.0705554,-0.00882514,-0.00897791,-0.00897791
-142.449,0.0699558,-0.00757796,-0.00773098,-0.00773098
-142.426,0.069339,-0.00632893,-0.00648217,-0.00648217
-142.404,0.0687051,-0.00507834,-0.00523175,-0.00523175
-142.381,0.0680544,-0.00382649,-0.00398007,-0.00398007
-142.358,0.067387,-0.00257372,-0.00272739,-0.00272739
-142.336,0.066703,-0.0013203,-0.00147404,-0.00147404
-142.313,0.0660026,-6.65669e-05,-0.00022034,-0.00022034
-142.29,0.0652861,0.00118718,0.00103342,0.00103342
-142.268,0.0645535,0.00244063,0.00228691,0.00228691
-142.245,0.063805,0.00369349,0.00353985,0.00353985
-142.222,0.0630409,0.00494544,0.00479193,0.00479193
-142.2,0.0622612,0.00619616,0.00604284,0.00604284
-142.177,0.0614663,0.00744537,0.00729225,0.00729225
-142.154,0.0606563,0.00869275,0.00853987,0.00853987
-142.132,0.0598314,0.00993799,0.00978539,0.00978539
-142.109,0.0589918,0.0111808,0.0110285,0.0110285
-142.086,0.0581377,0.0124209,0.0122689,0.0122689
-142.063,0.0572693,0.0136579,0.0135063,0.0135063
-142.041,0.0563869,0.0148915,0.0147404,0.0147404
-142.018,0.0554906,0.0161215,0.0159708,0.0159708
-141.995,0.0545807,0.0173475,0.0171974,0.0171974
-141.973,0.0536574,0.0185693,0.0184197,0.0184197
-141.95,0.0527209,0.0197865,0.0196375,0.0196375
-141.927,0.0517714,0.0209988,0.0208504,0.0208504
-141.905,0.0508093,0.022206,0.0220583,0.0220583
-141.882,0.0498346,0.0234078,0.0232607,0.0232607
-141.859,0.0488477,0.0246037,0.0244574,0.0244574
-141.837,0.0478488,0.0257937,0.0256481,0.0256481
-141.814,0.0468382,0.0269773,0.0268325,0.0268325
-141.791,0.0458161,0.0281543,0.0280103,0.0280103
-141.769,0.0447827,0.0293243,0.0291812,0.0291812
-141.746,0.0437383,0.0304872,0.030345,0.030345
-141.723,0.0426831,0.0316425,0.0315013,0.0315013
-141.701,0.0416175,0.0327901,0.0326499,0.0326499
-141.678,0.0405417,0.0339297,0.0337904,0.0337904
-141.655,0.0394559,0.0350609,0.0349227,0.0349227
-141.633,0.0383604,0.0361835,0.0360463,0.0360463
-141.61,0.0372555,0.0372972,0.0371612,0.0371612
-141.587,0.0361414,0.0384017,0.0382669,0.0382669
-141.565,0.0350185,0.0394968,0.0393632,0.0393632
-141.542,0.0338869,0.0405822,0.0404498,0.0404498
-141.519,0.0327471,0.0416577,0.0415265,0.0415265
-141.497,0.0315991,0.0427229,0.042593,0.042593
-141.474,0.0304435,0.0437776,0.043649,0.043649
-141.451,0.0292803,0.0448215,0.0446943,0.0446943
-141.429,0.02811,0.0458545,0.0457286,0.0457286
-141.406,0.0269327,0.0468762,0.0467517,0.0467517
-141.383,0.0257489,0.0478864,0.0477633,0.0477633
-141.361,0.0245587,0.0488847,0.0487632,0.0487632
-141.338,0.0233625,0.0498712,0.0497511,0.0497511
-141.315,0.0221605,0.0508453,0.0507268,0.0507268
-141.293,0.0209531,0.051807,0.05169,0.05169
-141.27,0.0197406,0.0527559,0.0526405,0.0526405
-141.247,0.0185232,0.0536919,0.0535781,0.0535781
-141.224,0.0173013,0.0546147,0.0545026,0.0545026
-141.202,0.0160751,0.055524,0.0554136,0.0554136
-141.179,0.0148449,0.0564198,0.0563111,0.0563111
-141.156,0.0136111,0.0573016,0.0571947,0.0571947
-141.134,0.012374,0.0581695,0.0580642,0.0580642
-141.111,0.0111338,0.059023,0.0589195,0.0589195
-141.088,0.00989095,0.059862,0.0597604,0.0597604
-141.066,0.00864561,0.0606863,0.0605865,0.0605865
-141.043,0.00739816,0.0614957,0.0613978,0.0613978
-141.02,0.00614889,0.06229,0.062194,0.062194
-140.998,0.0048981,0.063069,0.0629749,0.0629749
-140.975,0.00364612,0.0638325,0.0637403,0.0637403
-140.952,0.00239324,0.0645803,0.0644901,0.0644901
-140.93,0.00113977,0.0653123,0.0652241,0.0652241
-140.907,-0.000113981,0.0660282,0.065942,0.065942
-140.884,-0.0013677,0.066728,0.0666437,0.0666437
-140.862,-0.00262109,0.0674112,0.0673291,0.0673291
-140.839,-0.00387383,0.068078,0.0679979,0.0679979
-140.816,-0.00512562,0.068728,0.06865,0.06865
-140.794,-0.00637615,0.0693612,0.0692853,0.0692853
-140.771,-0.00762511,0.0699773,0.0699035,0.0699035
-140.748,-0.00887221,0.0705762,0.0705046,0.0705046
-140.726,-0.0101171,0.0711578,0.0710883,0.0710883
-140.703,-0.0113595,0.0717219,0.0716546,0.0716546
-140.68,-0.0125992,0.0722684,0.0722033,0.0722033
-140.658,-0.0138357,0.0727972,0.0727343,0.0727343
-140.635,-0.0150689,0.0733081,0.0732474,0.0732474
-140.612,-0.0162983,0.0738009,0.0737425,0.0737425
-140.59,-0.0175238,0.0742757,0.0742195,0.0742195
-140.567,-0.0187449,0.0747321,0.0746782,0.0746782
-140.544,-0.0199614,0.0751703,0.0751186,0.0751186
-140.522,-0.0211731,0.0755899,0.0755406,0.0755406
-140.499,-0.0223795,0.075991,0.075944,0.075944
-140.476,-0.0235804,0.0763735,0.0763288,0.0763288
-140.454,-0.0247756,0.0767372,0.0766948,0.0766948
-140.431,-0.0259646,0.077082,0.0770419,0.0770419
-140.408,-0.0271473,0.0774079,0.0773702,0.0773702
-140.385,-0.0283233,0.0777148,0.0776795,0.0776795
-140.363,-0.0294924,0.0780025,0.0779696,0.0779696
-140.34,-0.0306542,0.0782712,0.0782406,0.0782406
-140.317,-0.0318084,0.0785206,0.0784924,0.0784924
-140.295,-0.0329549,0.0787507,0.078725,0.078725
-140.272,-0.0340933,0.0789615,0.0789381,0.0789381
-140.249,-0.0352233,0.0791529,0.0791319,0.0791319
-140.227,-0.0363446,0.0793248,0.0793063,0.0793063
-140.204,-0.037457,0.0794773,0.0794612,0.0794612
-140.181,-0.0385603,0.0796102,0.0795965,0.0795965
-140.159,-0.039654,0.0797236,0.0797123,0.0797123
-140.136,-0.040738,0.0798174,0.0798086,0.0798086
-140.113,-0.041812,0.0798916,0.0798852,0.0798852
-140.091,-0.0428758,0.0799461,0.0799422,0.0799422
-140.068,-0.043929,0.0799811,0.0799796,0.0799796
-140.045,-0.0449714,0.0799963,0.0799973,0.0799973
-140.023,-0.0460028,0.079992,0.0799954,0.0799954
-140,-0.0470228,0.079968,0.0799738,0.0799738
-139.977,-0.0480313,0.0799243,0.0799326,0.0799326
-139.955,-0.0490281,0.079861,0.0798717,0.0798717
-139.932,-0.0500127,0.0797781,0.0797913,0.0797913
-139.909,-0.0509851,0.0796756,0.0796912,0.0796912
-139.887,-0.051945,0.0795536,0.0795716,0.0795716
-139.864,-0.0528921,0.079412,0.0794324,0.0794324
-139.841,-0.0538262,0.0792508,0.0792737,0.0792737
-139.819,-0.0547471,0.0790703,0.0790955,0.0790955
-139.796,-0.0556546,0.0788703,0.0788979,0.0788979
-139.773,-0.0565484,0.0786509,0.078681,0.078681
-139.751,-0.0574283,0.0784122,0.0784447,0.0784447
-139.728,-0.0582941,0.0781543,0.0781891,0.0781891
-139.705,-0.0591456,0.0778771,0.0779144,0.0779144
-139.683,-0.0599825,0.0775808,0.0776205,0.0776205
-139.66,-0.0608047,0.0772655,0.0773075,0.0773075
-139.637,-0.061612,0.0769312,0.0769755,0.0769755
-139.615,-0.0624041,0.076578,0.0766246,0.0766246
-139.592,-0.063181,0.076206,0.076255,0.076255
-139.569,-0.0639423,0.0758152,0.0758666,0.0758666
-139.546,-0.0646878,0.0754059,0.0754595,0.0754595
-139.524,-0.0654176,0.074978,0.0750339,0.0750339
-139.501,-0.0661312,0.0745317,0.0745899,0.0745899
-139.478,-0.0668286,0.0740671,0.0741276,0.0741276
-139.456,-0.0675096,0.0735843,0.073647,0.073647
-139.433,-0.068174,0.0730834,0.0731484,0.0731484
-139.41,-0.0688216,0.0725646,0.0726318,0.0726318
-139.388,-0.0694524,0.072028,0.0720973,0.0720973
-139.365,-0.0700661,0.0714736,0.0715452,0.0715452
-139.342,-0.0706625,0.0709017,0.0709755,0.0709755
-139.32,-0.0712417,0.0703124,0.0703883,0.0703883
-139.297,-0.0718033,0.0697058,0.0697839,0.0697839
-139.274,-0.0723473,0.0690822,0.0691623,0.0691623
-139.252,-0.0728735,0.0684415,0.0685237,0.0685237
-139.229,-0.0733818,0.067784,0.0678683,0.0678683
-139.206,-0.0738721,0.0671099,0.0671963,0.0671963
-139.184,-0.0743443,0.0664193,0.0665077,0.0665077
-139.161,-0.0747982,0.0657123,0.0658028,0.0658028
-139.138,-0.0752337,0.0649892,0.0650817,0.0650817
-139.116,-0.0756508,0.0642502,0.0643446,0.0643446
-139.093,-0.0760492,0.0634954,0.0635918,0.0635918
-139.07,-0.076429,0.062725,0.0628233,0.0628233
-139.048,-0.07679,0.0619392,0.0620394,0.0620394
-139.025,-0.0771322,0.0611381,0.0612402,0.0612402
-139.002,-0.0774554,0.0603221,0.060426,0.060426
-138.98,-0.0777596,0.0594912,0.059597,0.059597
-138.957,-0.0780446,0.0586458,0.0587533,0.0587533
-138.934,-0.0783106,0.0577859,0.0578952,0.0578952
-138.912,-0.0785572,0.0569118,0.0570229,0.0570229
-138.889,-0.0787846,0.0560238,0.0561365,0.0561365
-138.866,-0.0789927,0.0551219,0.0552364,0.0552364
-138.844,-0.0791813,0.0542066,0.0543227,0.0543227
-138.821,-0.0793505,0.0532779,0.0533957,0.0533957
-138.798,-0.0795002,0.0523362,0.0524556,0.0524556
-138.776,-0.0796303,0.0513816,0.0515025,0.0515025
-138.753,-0.0797409,0.0504143,0.0505369,0.0505369
-138.73,-0.079832,0.0494347,0.0495588,0.0495588
-138.707,-0.0799034,0.0484429,0.0485685,0.0485685
-138.685,-0.0799552,0.0474393,0.0475663,0.0475663
-138.662,-0.0799873,0.046424,0.0465524,0.0465524
-138.639,-0.0799998,0.0453973,0.0455271,0.0455271
-138.617,-0.0799927,0.0443594,0.0444906,0.0444906
-138.594,-0.0799659,0.0433106,0.0434432,0.0434432
-138.571,-0.0799194,0.0422512,0.0423851,0.0423851
-138.549,-0.0798534,0.0411815,0.0413166,0.0413166
-138.526,-0.0797677,0.0401016,0.0402379,0.0402379
-138.503,-0.0796624,0.0390118,0.0391494,0.0391494
-138.481,-0.0795376,0.0379125,0.0380512,0.0380512
-138.458,-0.0793932,0.0368039,0.0369437,0.0369437
-138.435,-0.0792294,0.0356862,0.0358272,0.0358272
-138.413,-0.079046,0.0345598,0.0347018,0.0347018
-138.39,-0.0788433,0.0334248,0.0335679,0.0335679
-138.367,-0.0786212,0.0322817,0.0324258,0.0324258
-138.345,-0.0783797,0.0311306,0.0312757,0.0312757
-138.322,-0.0781191,0.0299719,0.0301179,0.0301179
-138.299,-0.0778392,0.0288058,0.0289527,0.0289527
-138.277,-0.0775402,0.0276326,0.0277804,0.0277804
-138.254,-0.0772222,0.0264527,0.0266013,0.0266013
-138.231,-0.0768852,0.0252663,0.0254156,0.0254156
-138.209,-0.0765293,0.0240736,0.0242237,0.0242237
-138.186,-0.0761547,0.022875,0.0230259,0.0230259
-138.163,-0.0757613,0.0216709,0.0218224,0.0218224
-138.141,-0.0753493,0.0204614,0.0206135,0.0206135
-138.118,-0.0749188,0.0192468,0.0193996,0.0193996
-138.095,-0.0744699,0.0180276,0.0181809,0.0181809
-138.073,-0.0740027,0.0168039,0.0169577,0.0169577
-138.05,-0.0735174,0.0155761,0.0157304,0.0157304
-138.027,-0.0730139,0.0143444,0.0144992,0.0144992
-138.005,-0.0724926,0.0131093,0.0132645,0.0132645
-137.982,-0.0719534,0.0118709,0.0120264,0.0120264
-137.959,-0.0713966,0.0106296,0.0107855,0.0107855
-137.937,-0.0708222,0.00938565,0.00954188,0.00954188
-137.914,-0.0702305,0.00813943,0.00829593,0.00829593
-137.891,-0.0696214,0.00689121,0.00704794,0.00704794
-137.868,-0.0689953,0.0056413,0.00579821,0.00579821
-137.846,-0.0683523,0.00439001,0.00454706,0.00454706
-137.823,-0.0676924,0.00313763,0.00329479,0.00329479
-137.8,-0.0670159,0.00188448,0.00204171,0.00204171
-137.778,-0.066323,0.000630877,0.000788133,0.000788133
-137.755,-0.0656138,-0.000622902,-0.000465631,-0.000465631
-137.732,-0.0648884,-0.00187652,-0.00171929,-0.00171929
-137.71,-0.0641472,-0.00312968,-0.00297252,-0.00297252
-137.687,-0.0633901,-0.00438206,-0.00422503,-0.00422503
-137.664,-0.0626175,-0.00563337,-0.00547649,-0.00547649
-137.642,-0.0618295,-0.0068833,-0.00672661,-0.00672661
-137.619,-0.0610264,-0.00813153,-0.00797508,-0.00797508
-137.596,-0.0602082,-0.00937777,-0.00922159,-0.00922159
-137.574,-0.0593753,-0.0106217,-0.0104658,-0.0104658
-137.551,-0.0585277,-0.011863,-0.0117075,-0.0117075
-137.528,-0.0576658,-0.0131015,-0.0129463,-0.0129463
-137.506,-0.0567897,-0.0143367,-0.0141819,-0.0141819
-137.483,-0.0558997,-0.0155683,-0.0154141,-0.0154141
-137.46,-0.054996,-0.0167962,-0.0166424,-0.0166424
-137.438,-0.0540787,-0.0180199,-0.0178667,-0.0178667
-137.415,-0.0531482,-0.0192392,-0.0190866,-0.0190866
-137.392,-0.0522046,-0.0204538,-0.0203017,-0.0203017
-137.37,-0.0512482,-0.0216634,-0.021512,-0.021512
-137.347,-0.0502792,-0.0228676,-0.0227169,-0.0227169
-137.324,-0.0492978,-0.0240662,-0.0239162,-0.0239162
-137.302,-0.0483044,-0.0252589,-0.0251097,-0.0251097
-137.279,-0.047299,-0.0264454,-0.026297,-0.026297
-137.256,-0.0462821,-0.0276254,-0.0274778,-0.0274778
-137.234,-0.0452538,-0.0287987,-0.0286519,-0.0286519
-137.211,-0.0442143,-0.0299648,-0.029819,-0.029819
-137.188,-0.0431641,-0.0311236,-0.0309787,-0.0309787
-137.166,-0.0421032,-0.0322747,-0.0321308,-0.0321308
-137.143,-0.0410319,-0.033418,-0.0332751,-0.0332751
-137.12,-0.0399506,-0.034553,-0.0344111,-0.0344111
-137.098,-0.0388595,-0.0356795,-0.0355387,-0.0355387
-137.075,-0.0377588,-0.0367973,-0.0366576,-0.0366576
-137.052,-0.0366489,-0.037906,-0.0377675,-0.0377675
-137.029,-0.03553,-0.0390054,-0.0388681,-0.0388681
-137.007,-0.0344023,-0.0400953,-0.0399591,-0.0399591
-136.984,-0.0332662,-0.0411753,-0.0410403,-0.0410403
-136.961,-0.0321219,-0.0422451,-0.0421115,-0.0421115
-136.939,-0.0309697,-0.0433046,-0.0431723,-0.0431723
-136.916,-0.0298099,-0.0443535,-0.0442225,-0.0442225
-136.893,-0.0286428,-0.0453915,-0.0452619,-0.0452619
-136.871,-0.0274687,-0.0464183,-0.0462901,-0.0462901
-136.848,-0.0262878,-0.0474337,-0.047307,-0.047307
-136.825,-0.0251005,-0.0484375,-0.0483122,-0.0483122
-136.803,-0.0239069,-0.0494294,-0.0493056,-0.0493056
-136.78,-0.0227076,-0.0504091,-0.0502869,-0.0502869
-136.757,-0.0215026,-0.0513765,-0.0512558,-0.0512558
-136.735,-0.0202924,-0.0523312,-0.0522121,-0.0522121
-136.712,-0.0190771,-0.0532731,-0.0531556,-0.0531556
-136.689,-0.0178572,-0.0542019,-0.054086,-0.054086
-136.667,-0.0166329,-0.0551174,-0.0550032,-0.0550032
-136.644,-0.0154046,-0.0560193,-0.0559069,-0.0559069
-136.621,-0.0141724,-0.0569075,-0.0567968,-0.0567968
-136.599,-0.0129367,-0.0577817,-0.0576727,-0.0576727
-136.576,-0.0116979,-0.0586417,-0.0585346,-0.0585346
-136.553,-0.0104562,-0.0594874,-0.059382,-0.059382
-136.531,-0.00921196,-0.0603184,-0.0602148,-0.0602148
-136.508,-0.00796543,-0.0611346,-0.0610329,-0.0610329
-136.485,-0.00671694,-0.0619357,-0.0618359,-0.0618359
-136.463,-0.00546681,-0.0627217,-0.0626238,-0.0626238
-136.44,-0.00421533,-0.0634923,-0.0633963,-0.0633963
-136.417,-0.00296282,-0.0642473,-0.0641532,-0.0641532
-136.395,-0.00170958,-0.0649864,-0.0648944,-0.0648944
-136.372,-0.00045592,-0.0657097,-0.0656196,-0.0656196
-136.349,0.000797852,-0.0664167,-0.0663287,-0.0663287
-136.327,0.00205143,-0.0671075,-0.0670216,-0.0670216
-136.304,0.0033045,-0.0677818,-0.0676979,-0.0676979
-136.281,0.00455676,-0.0684394,-0.0683576,-0.0683576
-136.259,0.0058079,-0.0690803,-0.0690006,-0.0690006
-136.236,0.00705762,-0.0697042,-0.0696266,-0.0696266
-136.213,0.0083056,-0.0703109,-0.0702355,-0.0702355
-136.19,0.00955154,-0.0709004,-0.0708271,-0.0708271
-136.168,0.0107951,-0.0714725,-0.0714014,-0.0714014
-136.145,0.0120361,-0.072027,-0.0719581,-0.0719581
-136.122,0.0132741,-0.0725638,-0.0724971,-0.0724971
-136.1,0.0145088,-0.0730828,-0.0730183,-0.0730183
-136.077,0.01574,-0.0735838,-0.0735216,-0.0735216
-136.054,0.0169673,-0.0740668,-0.0740068,-0.0740068
-136.032,0.0181904,-0.0745316,-0.0744739,-0.0744739
-136.009,0.019409,-0.0749781,-0.0749227,-0.0749227
-135.986,0.0206229,-0.0754061,-0.075353,-0.075353
-135.964,0.0218318,-0.0758156,-0.0757649,-0.0757649
-135.941,0.0230352,-0.0762066,-0.0761582,-0.0761582
-135.918,0.024233,-0.0765788,-0.0765327,-0.0765327
-135.896,0.0254249,-0.0769321,-0.0768884,-0.0768884
-135.873,0.0266105,-0.0772667,-0.0772253,-0.0772253
-135.85,0.0277896,-0.0775822,-0.0775432,-0.0775432
-135.828,0.0289618,-0.0778786,-0.077842,-0.077842
-135.805,0.030127,-0.078156,-0.0781217,-0.0781217
-135.782,0.0312847,-0.0784141,-0.0783823,-0.0783823
-135.76,0.0324348,-0.078653,-0.0786236,-0.0786236
-135.737,0.0335769,-0.0788726,-0.0788455,-0.0788455
-135.714,0.0347107,-0.0790728,-0.0790482,-0.0790482
-135.692,0.035836,-0.0792535,-0.0792314,-0.0792314
-135.669,0.0369525,-0.0794148,-0.0793951,-0.0793951
-135.646,0.03806,-0.0795566,-0.0795393,-0.0795393
-135.624,0.039158,-0.0796789,-0.079664,-0.079664
-135.601,0.0402465,-0.0797816,-0.0797691,-0.0797691
-135.578,0.0413251,-0.0798647,-0.0798547,-0.0798547
-135.556,0.0423935,-0.0799281,-0.0799206,-0.0799206
-135.533,0.0434516,-0.079972,-0.0799669,-0.0799669
-135.51,0.0444989,-0.0799962,-0.0799936,-0.0799936
-135.488,0.0455353,-0.0800007,-0.0800006,-0.0800006
-135.465,0.0465606,-0.0799856,-0.0799879,-0.0799879
-135.442,0.0475744,-0.0799509,-0.0799556,-0.0799556
-135.42,0.0485765,-0.0798965,-0.0799037,-0.0799037
-135.397,0.0495667,-0.0798225,-0.0798322,-0.0798322
-135.374,0.0505447,-0.0797289,-0.079741,-0.079741
-135.351,0.0515103,-0.0796157,-0.0796303,-0.0796303
-135.329,0.0524632,-0.079483,-0.0795,-0.0795
-135.306,0.0534033,-0.0793307,-0.0793501,-0.0793501
-135.283,0.0543302,-0.079159,-0.0791808,-0.0791808
-135.261,0.0552438,-0.0789678,-0.078992,-0.078992
-135.238,0.0561438,-0.0787572,-0.0787839,-0.0787839
-135.215,0.0570301,-0.0785273,-0.0785563,-0.0785563
-135.193,0.0579023,-0.0782781,-0.0783095,-0.0783095
-135.17,0.0587603,-0.0780096,-0.0780435,-0.0780435
-135.147,0.0596039,-0.077722,-0.0777582,-0.0777582
-135.125,0.0604328,-0.0774153,-0.0774539,-0.0774539
-135.102,0.0612469,-0.0770896,-0.0771306,-0.0771306
-135.079,0.062046,-0.076745,-0.0767883,-0.0767883
-135.057,0.0628298,-0.0763815,-0.0764272,-0.0764272
-135.034,0.0635981,-0.0759992,-0.0760473,-0.0760473
-135.011,0.0643509,-0.0755983,-0.0756487,-0.0756487
-134.989,0.0650878,-0.0751788,-0.0752315,-0.0752315
-134.966,0.0658088,-0.0747409,-0.0747958,-0.0747958
-134.943,0.0665136,-0.0742845,-0.0743418,-0.0743418
-134.921,0.0672021,-0.07381,-0.0738695,-0.0738695
-134.898,0.067874,-0.0733173,-0.0733791,-0.0733791
-134.875,0.0685293,-0.0728066,-0.0728707,-0.0728707
-134.853,0.0691678,-0.072278,-0.0723443,-0.0723443
-134.83,0.0697892,-0.0717317,-0.0718002,-0.0718002
-134.807,0.0703936,-0.0711678,-0.0712384,-0.0712384
-134.785,0.0709806,-0.0705864,-0.0706592,-0.0706592
-134.762,0.0715502,-0.0699876,-0.0700626,-0.0700626
-134.739,0.0721022,-0.0693716,-0.0694488,-0.0694488
-134.717,0.0726365,-0.0687387,-0.0688179,-0.0688179
-134.694,0.073153,-0.0680888,-0.0681701,-0.0681701
-134.671,0.0736515,-0.0674222,-0.0675056,-0.0675056
-134.649,0.0741319,-0.066739,-0.0668245,-0.0668245
-134.626,0.0745941,-0.0660395,-0.066127,-0.066127
-134.603,0.075038,-0.0653237,-0.0654133,-0.0654133
-134.58,0.0754635,-0.0645919,-0.0646835,-0.0646835
-134.558,0.0758704,-0.0638442,-0.0639377,-0.0639377
-134.535,0.0762587,-0.0630809,-0.0631763,-0.0631763
-134.512,0.0766283,-0.062302,-0.0623994,-0.0623994
-134.49,0.076979,-0.0615079,-0.0616072,-0.0616072
-134.467,0.0773108,-0.0606986,-0.0607998,-0.0607998
-134.444,0.0776237,-0.0598744,-0.0599775,-0.0599775
-134.422,0.0779174,-0.0590356,-0.0591404,-0.0591404
-134.399,0.0781921,-0.0581822,-0.0582888,-0.0582888
-134.376,0.0784475,-0.0573145,-0.0574229,-0.0574229
-134.354,0.0786837,-0.0564328,-0.0565429,-0.0565429
-134.331,0.0789005,-0.0555372,-0.0556491,-0.0556491
-134.308,0.0790979,-0.0546279,-0.0547415,-0.0547415
-134.286,0.079276,-0.0537053,-0.0538205,-0.0538205
-134.263,0.0794345,-0.0527694,-0.0528863,-0.0528863
-134.24,0.0795736,-0.0518206,-0.0519391,-0.0519391
-134.218,0.0796931,-0.0508591,-0.0509791,-0.0509791
-134.195,0.079793,-0.049885,-0.0500067,-0.0500067
-134.172,0.0798733,-0.0488988,-0.0490219,-0.0490219
-134.15,0.0799341,-0.0479005,-0.0480251,-0.0480251
-134.127,0.0799751,-0.0468904,-0.0470165,-0.0470165
-134.104,0.0799966,-0.0458688,-0.0459964,-0.0459964
-134.082,0.0799984,-0.044836,-0.0449649,-0.0449649
-134.059,0.0799805,-0.0437921,-0.0439224,-0.0439224
-134.036,0.079943,-0.0427375,-0.0428691,-0.0428691
-134.014,0.0798858,-0.0416724,-0.0418053,-0.0418053
-133.991,0.0798091,-0.0405971,-0.0407313,-0.0407313
-133.968,0.0797127,-0.0395118,-0.0396472,-0.0396472
-133.946,0.0795968,-0.0384167,-0.0385534,-0.0385534
-133.923,0.0794613,-0.0373123,-0.0374501,-0.0374501
-133.9,0.0793063,-0.0361987,-0.0363376,-0.0363376
-133.878,0.0791318,-0.0350762,-0.0352162,-0.0352162
-133.855,0.0789378,-0.033945,-0.0340861,-0.0340861
-133.832,0.0787245,-0.0328056,-0.0329477,-0.0329477
-133.81,0.0784919,-0.0316581,-0.0318012,-0.0318012
-133.787,0.0782399,-0.0305028,-0.0306468,-0.0306468
-133.764,0.0779688,-0.02934,-0.029485,-0.029485
-133.741,0.0776785,-0.02817,-0.0283159,-0.0283159
-133.719,0.0773691,-0.0269931,-0.0271398,-0.0271398
-133.696,0.0770407,-0.0258096,-0.0259571,-0.0259571
-133.673,0.0766934,-0.0246197,-0.024768,-0.024768
-133.651,0.0763273,-0.0234237,-0.0235728,-0.0235728
-133.628,0.0759424,-0.0222221,-0.0223719,-0.0223719
-133.605,0.0755389,-0.0210149,-0.0211654,-0.0211654
-133.583,0.0751168,-0.0198026,-0.0199537,-0.0199537
-133.56,0.0746762,-0.0185855,-0.0187372,-0.0187372
-133.537,0.0742173,-0.0173637,-0.017516,-0.017516
-133.515,0.0737402,-0.0161378,-0.0162905,-0.0162905
-133.492,0.073245,-0.0149078,-0.0150611,-0.0150611
-133.469,0.0727318,-0.0136742,-0.0138279,-0.0138279
-133.447,0.0722007,-0.0124372,-0.0125913,-0.0125913
-133.424,0.0716519,-0.0111972,-0.0113517,-0.0113517
-133.401,0.0710855,-0.00995439,-0.0101092,-0.0101092
-133.379,0.0705016,-0.00870917,-0.0088643,-0.0088643
-133.356,0.0699004,-0.00746182,-0.00761719,-0.00761719
-133.333,0.069282,-0.00621262,-0.00636821,-0.00636821
-133.311,0.0686467,-0.00496189,-0.00511768,-0.00511768
-133.288,0.0679944,-0.00370996,-0.00386588,-0.00386588
-133.265,0.0673255,-0.00245709,-0.00261313,-0.00261313
-133.243,0.06664,-0.00120366,-0.00135975,-0.00135975
-133.22,0.0659382,5.01112e-05,-0.00010603,-0.00010603
-133.197,0.0652201,0.00130384,0.00114771,0.00114771
-133.175,0.0644861,0.00255726,0.00240118,0.00240118
-133.152,0.0637362,0.00381004,0.00365406,0.00365406
-133.129,0.0629706,0.00506189,0.00490604,0.00490604
-133.107,0.0621896,0.0063125,0.00615681,0.00615681
-133.084,0.0613933,0.00756157,0.00740607,0.00740607
-133.061,0.0605819,0.00880876,0.0086535,0.0086535
-133.039,0.0597557,0.0100538,0.00989882,0.00989882
-133.016,0.0589148,0.0112964,0.0111417,0.0111417
-132.993,0.0580594,0.0125362,0.0123818,0.0123818
-132.971,0.0571897,0.0137729,0.013619,0.013619
-132.948,0.056306,0.0150062,0.0148527,0.0148527
-132.925,0.0554085,0.0162359,0.0160828,0.0160828
-132.902,0.0544973,0.0174615,0.017309,0.017309
-132.88,0.0535728,0.0186829,0.0185309,0.0185309
-132.857,0.0526351,0.0198997,0.0197482,0.0197482
-132.834,0.0516845,0.0211116,0.0209608,0.0209608
-132.812,0.0507212,0.0223183,0.0221681,0.0221681
-132.789,0.0497454,0.0235195,0.02337,0.02337
-132.766,0.0487574,0.0247149,0.0245662,0.0245662
-132.744,0.0477574,0.0259043,0.0257563,0.0257563
-132.721,0.0467458,0.0270873,0.0269401,0.0269401
-132.698,0.0457226,0.0282637,0.0281173,0.0281173
-132.676,0.0446882,0.0294331,0.0292876,0.0292876
-132.653,0.0436428,0.0305953,0.0304507,0.0304507
-132.63,0.0425867,0.03175,0.0316063,0.0316063
-132.608,0.0415201,0.0328968,0.0327542,0.0327542
-132.585,0.0404434,0.0340356,0.033894,0.033894
-132.562,0.0393567,0.0351661,0.0350255,0.0350255
-132.54,0.0382603,0.0362879,0.0361484,0.0361484
-132.517,0.0371546,0.0374008,0.0372624,0.0372624
-132.494,0.0360397,0.0385045,0.0383672,0.0383672
-132.472,0.0349159,0.0395987,0.0394626,0.0394626
-132.449,0.0337836,0.0406832,0.0405484,0.0405484
-132.426,0.032643,0.0417577,0.0416241,0.0416241
-132.404,0.0314944,0.042822,0.0426897,0.0426897
-132.381,0.030338,0.0438757,0.0437447,0.0437447
-132.358,0.0291742,0.0449187,0.0447891,0.0447891
-132.336,0.0280032,0.0459506,0.0458224,0.0458224
-132.313,0.0268254,0.0469713,0.0468444,0.0468444
-132.29,0.0256409,0.0479804,0.047855,0.047855
-132.268,0.0244502,0.0489778,0.0488538,0.0488538
-132.245,0.0232534,0.0499631,0.0498406,0.0498406
-132.222,0.022051,0.0509361,0.0508151,0.0508151
-132.2,0.0208431,0.0518966,0.0517772,0.0517772
-132.177,0.0196301,0.0528444,0.0527266,0.0527266
-132.154,0.0184123,0.0537792,0.053663,0.053663
-132.132,0.01719,0.0547008,0.0545862,0.0545862
-132.109,0.0159634,0.0556089,0.055496,0.055496
-132.086,0.0147329,0.0565034,0.0563922,0.0563922
-132.063,0.0134988,0.057384,0.0572746,0.0572746
-132.041,0.0122614,0.0582505,0.0581428,0.0581428
-132.018,0.011021,0.0591027,0.0589968,0.0589968
-131.995,0.00977783,0.0599404,0.0598363,0.0598363
-131.973,0.00853229,0.0607634,0.0606611,0.0606611
-131.95,0.00728466,0.0615714,0.061471,0.061471
-131.927,0.00603524,0.0623643,0.0622658,0.0622658
-131.905,0.00478433,0.0631419,0.0630453,0.0630453
-131.882,0.00353225,0.063904,0.0638094,0.0638094
-131.859,0.00227931,0.0646504,0.0645577,0.0645577
-131.837,0.0010258,0.065381,0.0652902,0.0652902
-131.814,-0.000227961,0.0660954,0.0660067,0.0660067
-131.791,-0.00148166,0.0667936,0.0667069,0.0667069
-131.769,-0.002735,0.0674755,0.0673908,0.0673908
-131.746,-0.00398767,0.0681407,0.0680581,0.0680581
-131.723,-0.00523936,0.0687892,0.0687087,0.0687087
-131.701,-0.00648976,0.0694208,0.0693424,0.0693424
-131.678,-0.00773857,0.0700354,0.0699591,0.0699591
-131.655,-0.00898547,0.0706328,0.0705586,0.0705586
-131.633,-0.0102302,0.0712128,0.0711408,0.0711408
-131.61,-0.0114724,0.0717753,0.0717054,0.0717054
-131.587,-0.0127117,0.0723202,0.0722525,0.0722525
-131.565,-0.013948,0.0728473,0.0727819,0.0727819
-131.542,-0.0151808,0.0733565,0.0732933,0.0732933
-131.519,-0.0164099,0.0738478,0.0737868,0.0737868
-131.497,-0.017635,0.0743208,0.0742621,0.0742621
-131.474,-0.0188557,0.0747757,0.0747192,0.0747192
-131.451,-0.0200718,0.0752121,0.075158,0.075158
-131.429,-0.0212829,0.0756301,0.0755782,0.0755782
-131.406,-0.0224889,0.0760295,0.0759799,0.0759799
-131.383,-0.0236893,0.0764103,0.076363,0.076363
-131.361,-0.0248839,0.0767722,0.0767273,0.0767273
-131.338,-0.0260724,0.0771153,0.0770728,0.0770728
-131.315,-0.0272545,0.0774395,0.0773993,0.0773993
-131.293,-0.0284299,0.0777447,0.0777068,0.0777068
-131.27,-0.0295983,0.0780307,0.0779952,0.0779952
-131.247,-0.0307594,0.0782976,0.0782645,0.0782645
-131.224,-0.031913,0.0785453,0.0785145,0.0785145
-131.202,-0.0330587,0.0787736,0.0787453,0.0787453
-131.179,-0.0341964,0.0789827,0.0789567,0.0789567
-131.156,-0.0353256,0.0791723,0.0791487,0.0791487
-131.134,-0.0364461,0.0793424,0.0793213,0.0793213
-131.111,-0.0375577,0.0794932,0.0794744,0.0794744
-131.088,-0.0386601,0.0796243,0.079608,0.079608
-131.066,-0.039753,0.0797359,0.079722,0.079722
-131.043,-0.0408361,0.0798279,0.0798165,0.0798165
-131.02,-0.0419092,0.0799003,0.0798913,0.0798913
-130.998,-0.042972,0.0799531,0.0799465,0.0799465
-130.975,-0.0440242,0.0799863,0.0799821,0.0799821
-130.952,-0.0450656,0.0799998,0.0799981,0.0799981
-130.93,-0.046096,0.0799936,0.0799944,0.0799944
-130.907,-0.047115,0.0799678,0.079971,0.079971
-130.884,-0.0481224,0.0799224,0.079928,0.079928
-130.862,-0.0491181,0.0798573,0.0798654,0.0798654
-130.839,-0.0501017,0.0797726,0.0797831,0.0797831
-130.816,-0.0510729,0.0796684,0.0796812,0.0796812
-130.794,-0.0520316,0.0795445,0.0795598,0.0795598
-130.771,-0.0529776,0.0794011,0.0794189,0.0794189
-130.748,-0.0539105,0.0792383,0.0792584,0.0792584
-130.726,-0.0548302,0.0790559,0.0790785,0.0790785
-130.703,-0.0557364,0.0788542,0.0788791,0.0788791
-130.68,-0.056629,0.078633,0.0786604,0.0786604
-130.658,-0.0575076,0.0783926,0.0784223,0.0784223
-130.635,-0.0583721,0.0781329,0.078165,0.078165
-130.612,-0.0592222,0.077854,0.0778885,0.0778885
-130.59,-0.0600579,0.077556,0.0775928,0.0775928
-130.567,-0.0608787,0.0772389,0.0772781,0.0772781
-130.544,-0.0616846,0.0769029,0.0769444,0.0769444
-130.522,-0.0624754,0.076548,0.0765919,0.0765919
-130.499,-0.0632508,0.0761742,0.0762205,0.0762205
-130.476,-0.0640107,0.0757818,0.0758304,0.0758304
-130.454,-0.0647548,0.0753708,0.0754216,0.0754216
-130.431,-0.0654831,0.0749412,0.0749943,0.0749943
-130.408,-0.0661953,0.0744933,0.0745487,0.0745487
-130.385,-0.0668912,0.074027,0.0740847,0.0740847
-130.363,-0.0675706,0.0735426,0.0736025,0.0736025
-130.34,-0.0682335,0.0730401,0.0731022,0.0731022
-130.317,-0.0688797,0.0725196,0.072584,0.072584
-130.295,-0.0695089,0.0719814,0.0720479,0.0720479
-130.272,-0.070121,0.0714254,0.0714942,0.0714942
-130.249,-0.0707159,0.070852,0.0709228,0.0709228
-130.227,-0.0712935,0.0702611,0.0703341,0.0703341
-130.204,-0.0718535,0.0696529,0.0697281,0.0697281
-130.181,-0.0723959,0.0690277,0.0691049,0.0691049
-130.159,-0.0729205,0.0683855,0.0684648,0.0684648
-130.136,-0.0734272,0.0677265,0.0678079,0.0678079
-130.113,-0.0739158,0.0670508,0.0671343,0.0671343
-130.091,-0.0743863,0.0663587,0.0664443,0.0664443
-130.068,-0.0748385,0.0656503,0.0657379,0.0657379
-130.045,-0.0752724,0.0649258,0.0650153,0.0650153
-130.023,-0.0756878,0.0641854,0.0642768,0.0642768
-130,-0.0760845,0.0634291,0.0635225,0.0635225
-129.977,-0.0764626,0.0626573,0.0627526,0.0627526
-129.955,-0.0768219,0.0618701,0.0619673,0.0619673
-129.932,-0.0771623,0.0610677,0.0611668,0.0611668
-129.909,-0.0774838,0.0602503,0.0603512,0.0603512
-129.887,-0.0777863,0.0594181,0.0595208,0.0595208
-129.864,-0.0780696,0.0585713,0.0586759,0.0586759
-129.841,-0.0783338,0.0577101,0.0578164,0.0578164
-129.819,-0.0785787,0.0568347,0.0569428,0.0569428
-129.796,-0.0788043,0.0559454,0.0560552,0.0560552
-129.773,-0.0790106,0.0550424,0.0551539,0.0551539
-129.751,-0.0791975,0.0541258,0.0542389,0.0542389
-129.728,-0.0793649,0.0531959,0.0533107,0.0533107
-129.705,-0.0795128,0.052253,0.0523694,0.0523694
-129.683,-0.0796412,0.0512972,0.0514152,0.0514152
-129.66,-0.07975,0.0503289,0.0504484,0.0504484
-129.637,-0.0798393,0.0493481,0.0494692,0.0494692
-129.615,-0.0799089,0.0483553,0.0484778,0.0484778
-129.592,-0.0799589,0.0473506,0.0474745,0.0474745
-129.569,-0.0799893,0.0463342,0.0464596,0.0464596
-129.546,-0.08,0.0453065,0.0454332,0.0454332
-129.524,-0.0799911,0.0442676,0.0443957,0.0443957
-129.501,-0.0799625,0.0432179,0.0433473,0.0433473
-129.478,-0.0799142,0.0421575,0.0422883,0.0422883
-129.456,-0.0798464,0.0410868,0.0412188,0.0412188
-129.433,-0.0797589,0.040006,0.0401393,0.0401393
-129.41,-0.0796519,0.0389154,0.0390498,0.0390498
-129.388,-0.0795253,0.0378152,0.0379508,0.0379508
-129.365,-0.0793791,0.0367057,0.0368425,0.0368425
-129.342,-0.0792135,0.0355873,0.0357251,0.0357251
-129.32,-0.0790284,0.03446,0.0345989,0.0345989
-129.297,-0.0788239,0.0333243,0.0334643,0.0334643
-129.274,-0.0786,0.0321805,0.0323214,0.0323214
-129.252,-0.0783568,0.0310287,0.0311706,0.0311706
-129.229,-0.0780944,0.0298693,0.0300121,0.0300121
-129.206,-0.0778128,0.0287026,0.0288462,0.0288462
-129.184,-0.0775121,0.0275288,0.0276733,0.0276733
-129.161,-0.0771923,0.0263482,0.0264936,0.0264936
-129.138,-0.0768536,0.0251612,0.0253073,0.0253073
-129.116,-0.076496,0.023968,0.0241149,0.0241149
-129.093,-0.0761197,0.0227689,0.0229165,0.0229165
-129.07,-0.0757246,0.0215643,0.0217125,0.0217125
-129.048,-0.0753109,0.0203543,0.0205031,0.0205031
-129.025,-0.0748787,0.0191393,0.0192888,0.0192888
-129.002,-0.0744282,0.0179196,0.0180696,0.0180696
-128.98,-0.0739593,0.0166956,0.0168461,0.0168461
-128.957,-0.0734723,0.0154674,0.0156184,0.0156184
-128.934,-0.0729673,0.0142354,0.0143869,0.0143869
-128.912,-0.0724443,0.0129999,0.0131518,0.0131518
-128.889,-0.0719035,0.0117613,0.0119135,0.0119135
-128.866,-0.0713451,0.0105197,0.0106723,0.0106723
-128.844,-0.0707691,0.00927558,0.00942845,0.00942845
-128.821,-0.0701758,0.00802916,0.00818229,0.00818229
-128.798,-0.0695652,0.00678078,0.00693412,0.00693412
-128.776,-0.0689376,0.00553072,0.00568424,0.00568424
-128.753,-0.068293,0.00427932,0.00443297,0.00443297
-128.73,-0.0676316,0.00302685,0.00318061,0.00318061
-128.707,-0.0669536,0.00177367,0.00192748,0.00192748
-128.685,-0.0662592,0.000520017,0.000673872,0.000673872
-128.662,-0.0655485,-0.00073374,-0.000579907,-0.000579907
-128.639,-0.0648217,-0.00198733,-0.00183354,-0.00183354
-128.617,-0.064079,-0.00324042,-0.00308673,-0.00308673
-128.594,-0.0633205,-0.00449274,-0.00433916,-0.00433916
-128.571,-0.0625465,-0.00574392,-0.00559053,-0.00559053
-128.549,-0.0617571,-0.00699372,-0.00684051,-0.00684051
-128.526,-0.0609526,-0.00824178,-0.00808882,-0.00808882
-128.503,-0.0601331,-0.00948783,-0.00933515,-0.00933515
-128.481,-0.0592988,-0.0107316,-0.0105792,-0.0105792
-128.458,-0.05845,-0.0119726,-0.0118206,-0.0118206
-128.435,-0.0575868,-0.0132108,-0.0130591,-0.0130591
-128.413,-0.0567094,-0.0144456,-0.0142945,-0.0142945
-128.39,-0.0558181,-0.015677,-0.0155263,-0.0155263
-128.367,-0.0549131,-0.0169045,-0.0167543,-0.0167543
-128.345,-0.0539947,-0.0181278,-0.0179782,-0.0179782
-128.322,-0.0530629,-0.0193467,-0.0191976,-0.0191976
-128.299,-0.0521182,-0.0205608,-0.0204124,-0.0204124
-128.277,-0.0511606,-0.0217699,-0.0216221,-0.0216221
-128.254,-0.0501905,-0.0229737,-0.0228266,-0.0228266
-128.231,-0.049208,-0.0241718,-0.0240254,-0.0240254
-128.209,-0.0482134,-0.0253639,-0.0252183,-0.0252183
-128.186,-0.0472071,-0.0265499,-0.026405,-0.026405
-128.163,-0.0461891,-0.0277292,-0.0275853,-0.0275853
-128.141,-0.0451597,-0.0289018,-0.0287587,-0.0287587
-128.118,-0.0441193,-0.0300673,-0.0299251,-0.0299251
-128.095,-0.043068,-0.0312255,-0.0310842,-0.0310842
-128.073,-0.0420062,-0.0323759,-0.0322356,-0.0322356
-128.05,-0.0409341,-0.0335184,-0.0333791,-0.0333791
-128.027,-0.0398518,-0.0346526,-0.0345144,-0.0345144
-128.005,-0.0387598,-0.0357784,-0.0356413,-0.0356413
-127.982,-0.0376583,-0.0368953,-0.0367593,-0.0367593
-127.959,-0.0365476,-0.0380032,-0.0378684,-0.0378684
-127.937,-0.0354278,-0.0391018,-0.0389681,-0.0389681
-127.914,-0.0342994,-0.0401907,-0.0400583,-0.0400583
-127.891,-0.0331625,-0.0412698,-0.0411387,-0.0411387
-127.868,-0.0320175,-0.0423388,-0.0422089,-0.0422089
-127.846,-0.0308646,-0.0433973,-0.0432687,-0.0432687
-127.823,-0.0297041,-0.0444452,-0.044318,-0.044318
-127.8,-0.0285364,-0.0454822,-0.0453563,-0.0453563
-127.778,-0.0273616,-0.046508,-0.0463836,-0.0463836
-127.755,-0.0261801,-0.0475224,-0.0473994,-0.0473994
-127.732,-0.0249922,-0.0485251,-0.0484036,-0.0484036
-127.71,-0.0237982,-0.0495158,-0.0493959,-0.0493959
-127.687,-0.0225982,-0.0504945,-0.050376,-0.050376
-127.664,-0.0213928,-0.0514607,-0.0513438,-0.0513438
-127.642,-0.0201821,-0.0524143,-0.052299,-0.052299
-127.619,-0.0189664,-0.0533549,-0.0532413,-0.0532413
-127.596,-0.0177461,-0.0542826,-0.0541706,-0.0541706
-127.574,-0.0165214,-0.0551968,-0.0550865,-0.0550865
-127.551,-0.0152927,-0.0560975,-0.0559889,-0.0559889
-127.528,-0.0140602,-0.0569845,-0.0568776,-0.0568776
-127.506,-0.0128242,-0.0578574,-0.0577523,-0.0577523
-127.483,-0.0115852,-0.0587161,-0.0586128,-0.0586128
-127.46,-0.0103432,-0.0595604,-0.0594589,-0.0594589
-127.438,-0.00909872,-0.0603901,-0.0602904,-0.0602904
-127.415,-0.00785201,-0.0612049,-0.0611072,-0.0611072
-127.392,-0.00660336,-0.0620047,-0.0619088,-0.0619088
-127.37,-0.00535309,-0.0627893,-0.0626953,-0.0626953
-127.347,-0.00410151,-0.0635584,-0.0634664,-0.0634664
-127.324,-0.00284891,-0.064312,-0.0642219,-0.0642219
-127.302,-0.00159562,-0.0650497,-0.0649617,-0.0649617
-127.279,-0.000341941,-0.0657715,-0.0656854,-0.0656854
-127.256,0.000911826,-0.0664771,-0.0663931,-0.0663931
-127.234,0.00216537,-0.0671664,-0.0670844,-0.0670844
-127.211,0.00341838,-0.0678392,-0.0677593,-0.0677593
-127.188,0.00467055,-0.0684953,-0.0684175,-0.0684175
-127.166,0.00592157,-0.0691346,-0.0690589,-0.0690589
-127.143,0.00717114,-0.0697569,-0.0696834,-0.0696834
-127.12,0.00841895,-0.0703621,-0.0702907,-0.0702907
-127.098,0.00966469,-0.07095,-0.0708808,-0.0708808
-127.075,0.0109081,-0.0715205,-0.0714534,-0.0714534
-127.052,0.0121487,-0.0720734,-0.0720086,-0.0720086
-127.029,0.0133865,-0.0726086,-0.072546,-0.072546
-127.007,0.0146209,-0.073126,-0.0730656,-0.0730656
-126.984,0.0158517,-0.0736254,-0.0735672,-0.0735672
-126.961,0.0170786,-0.0741067,-0.0740508,-0.0740508
-126.939,0.0183014,-0.0745698,-0.0745163,-0.0745163
-126.916,0.0195196,-0.0750146,-0.0749634,-0.0749634
-126.893,0.020733,-0.075441,-0.075392,-0.075392
-126.871,0.0219414,-0.0758489,-0.0758022,-0.0758022
-126.848,0.0231444,-0.0762381,-0.0761938,-0.0761938
-126.825,0.0243416,-0.0766086,-0.0765666,-0.0765666
-126.803,0.0255329,-0.0769603,-0.0769207,-0.0769207
-126.78,0.026718,-0.0772931,-0.0772558,-0.0772558
-126.757,0.0278964,-0.0776068,-0.077572,-0.077572
-126.735,0.0290681,-0.0779016,-0.0778691,-0.0778691
-126.712,0.0302325,-0.0781772,-0.0781471,-0.0781471
-126.689,0.0313896,-0.0784336,-0.0784059,-0.0784059
-126.667,0.0325389,-0.0786707,-0.0786454,-0.0786454
-126.644,0.0336803,-0.0788885,-0.0788656,-0.0788656
-126.621,0.0348134,-0.0790869,-0.0790665,-0.0790665
-126.599,0.0359379,-0.0792659,-0.0792479,-0.0792479
-126.576,0.0370536,-0.0794255,-0.0794099,-0.0794099
-126.553,0.0381602,-0.0795655,-0.0795524,-0.0795524
-126.531,0.0392574,-0.079686,-0.0796753,-0.0796753
-126.508,0.040345,-0.0797869,-0.0797786,-0.0797786
-126.485,0.0414227,-0.0798682,-0.0798624,-0.0798624
-126.463,0.0424902,-0.0799299,-0.0799266,-0.0799266
-126.44,0.0435472,-0.079972,-0.0799711,-0.0799711
-126.417,0.0445936,-0.0799944,-0.079996,-0.079996
-126.395,0.045629,-0.0799971,-0.0800012,-0.0800012
-126.372,0.0466532,-0.0799803,-0.0799868,-0.0799868
-126.349,0.047666,-0.0799437,-0.0799527,-0.0799527
-126.327,0.048667,-0.0798876,-0.079899,-0.079899
-126.304,0.0496561,-0.0798118,-0.0798257,-0.0798257
-126.281,0.050633,-0.0797164,-0.0797327,-0.0797327
-126.259,0.0515974,-0.0796014,-0.0796202,-0.0796202
-126.236,0.0525492,-0.0794669,-0.0794881,-0.0794881
-126.213,0.0534881,-0.0793129,-0.0793365,-0.0793365
-126.19,0.0544138,-0.0791394,-0.0791655,-0.0791655
-126.168,0.0553262,-0.0789464,-0.0789749,-0.0789749
-126.145,0.056225,-0.0787341,-0.078765,-0.078765
-126.122,0.0571099,-0.0785024,-0.0785357,-0.0785357
-126.1,0.0579809,-0.0782514,-0.0782872,-0.0782872
-126.077,0.0588376,-0.0779812,-0.0780194,-0.0780194
-126.054,0.0596798,-0.0776919,-0.0777324,-0.0777324
-126.032,0.0605074,-0.0773835,-0.0774264,-0.0774264
-126.009,0.0613202,-0.077056,-0.0771013,-0.0771013
-125.986,0.0621178,-0.0767097,-0.0767573,-0.0767573
-125.964,0.0629003,-0.0763445,-0.0763945,-0.0763945
-125.941,0.0636672,-0.0759605,-0.0760129,-0.0760129
-125.918,0.0644185,-0.0755579,-0.0756126,-0.0756126
-125.896,0.0651541,-0.0751367,-0.0751937,-0.0751937
-125.873,0.0658736,-0.0746971,-0.0747564,-0.0747564
-125.85,0.0665769,-0.0742392,-0.0743007,-0.0743007
-125.828,0.0672638,-0.0737629,-0.0738268,-0.0738268
-125.805,0.0679343,-0.0732686,-0.0733347,-0.0733347
-125.782,0.0685881,-0.0727563,-0.0728246,-0.0728246
-125.76,0.069225,-0.0722261,-0.0722967,-0.0722967
-125.737,0.0698449,-0.0716782,-0.071751,-0.071751
-125.714,0.0704476,-0.0711126,-0.0711876,-0.0711876
-125.692,0.0710331,-0.0705296,-0.0706068,-0.0706068
-125.669,0.0716011,-0.0699293,-0.0700086,-0.0700086
-125.646,0.0721515,-0.0693118,-0.0693933,-0.0693933
-125.624,0.0726842,-0.0686773,-0.0687609,-0.0687609
-125.601,0.0731991,-0.0680259,-0.0681116,-0.0681116
-125.578,0.0736959,-0.0673578,-0.0674455,-0.0674455
-125.556,0.0741747,-0.0666731,-0.066763,-0.066763
-125.533,0.0746353,-0.0659721,-0.066064,-0.066064
-125.51,0.0750775,-0.0652549,-0.0653488,-0.0653488
-125.488,0.0755012,-0.0645216,-0.0646175,-0.0646175
-125.465,0.0759065,-0.0637725,-0.0638704,-0.0638704
-125.442,0.0762931,-0.0630077,-0.0631075,-0.0631075
-125.42,0.0766609,-0.0622275,-0.0623292,-0.0623292
-125.397,0.0770099,-0.0614319,-0.0615356,-0.0615356
-125.374,0.07734,-0.0606213,-0.0607268,-0.0607268
-125.351,0.0776512,-0.0597958,-0.0599032,-0.0599032
-125.329,0.0779432,-0.0589556,-0.0590648,-0.0590648
-125.306,0.0782161,-0.0581009,-0.0582119,-0.0582119
-125.283,0.0784698,-0.057232,-0.0573447,-0.0573447
-125.261,0.0787042,-0.056349,-0.0564635,-0.0564635
-125.238,0.0789192,-0.0554521,-0.0555684,-0.0555684
-125.215,0.0791149,-0.0545416,-0.0546596,-0.0546596
-125.193,0.0792912,-0.0536178,-0.0537374,-0.0537374
-125.17,0.079448,-0.0526807,-0.052802,-0.052802
-125.147,0.0795853,-0.0517308,-0.0518536,-0.0518536
-125.125,0.079703,-0.0507681,-0.0508925,-0.0508925
-125.102,0.0798011,-0.0497929,-0.0499189,-0.0499189
-125.079,0.0798797,-0.0488055,-0.048933,-0.048933
-125.057,0.0799386,-0.0478062,-0.0479352,-0.0479352
-125.034,0.0799779,-0.0467951,-0.0469255,-0.0469255
-125.011,0.0799975,-0.0457724,-0.0459043,-0.0459043
-124.989,0.0799975,-0.0447386,-0.0448719,-0.0448719
-124.966,0.0799779,-0.0436938,-0.0438284,-0.0438284
-124.943,0.0799386,-0.0426382,-0.0427741,-0.0427741
-124.921,0.0798797,-0.0415721,-0.0417094,-0.0417094
-124.898,0.0798011,-0.0404959,-0.0406344,-0.0406344
-124.875,0.079703,-0.0394097,-0.0395494,-0.0395494
-124.853,0.0795853,-0.0383138,-0.0384548,-0.0384548
-124.83,0.079448,-0.0372085,-0.0373506,-0.0373506
-124.807,0.0792912,-0.0360941,-0.0362373,-0.0362373
-124.785,0.0791149,-0.0349708,-0.0351151,-0.0351151
-124.762,0.0789192,-0.0338389,-0.0339843,-0.0339843
-124.739,0.0787042,-0.0326987,-0.0328451,-0.0328451
-124.717,0.0784698,-0.0315504,-0.0316979,-0.0316979
-124.694,0.0782161,-0.0303944,-0.0305429,-0.0305429
-124.671,0.0779432,-0.029231,-0.0293803,-0.0293803
-124.649,0.0776512,-0.0280604,-0.0282106,-0.0282106
-124.626,0.07734,-0.0268828,-0.0270339,-0.0270339
-124.603,0.0770099,-0.0256987,-0.0258506,-0.0258506
-124.58,0.0766609,-0.0245083,-0.0246609,-0.0246609
-124.558,0.0762931,-0.0233118,-0.0234652,-0.0234652
-124.535,0.0759065,-0.0221096,-0.0222637,-0.0222637
-124.512,0.0755012,-0.020902,-0.0210568,-0.0210568
-124.49,0.0750775,-0.0196893,-0.0198447,-0.0198447
-124.467,0.0746353,-0.0184717,-0.0186277,-0.0186277
-124.444,0.0741747,-0.0172495,-0.0174061,-0.0174061
-124.422,0.0736959,-0.0160232,-0.0161803,-0.0161803
-124.399,0.0731991,-0.0147929,-0.0149505,-0.0149505
-124.376,0.0726842,-0.013559,-0.013717,-0.013717
-124.354,0.0721515,-0.0123217,-0.0124801,-0.0124801
-124.331,0.0716011,-0.0110814,-0.0112402,-0.0112402
-124.308,0.0710331,-0.00983838,-0.00999753,-0.00999753
-124.286,0.0704476,-0.00859296,-0.00875239,-0.00875239
-124.263,0.0698449,-0.00734541,-0.0075051,-0.0075051
-124.24,0.069225,-0.00609607,-0.00625597,-0.00625597
-124.218,0.0685881,-0.00484522,-0.0050053,-0.0050053
-124.195,0.0679343,-0.00359318,-0.0037534,-0.0037534
-124.172,0.0672638,-0.00234029,-0.00250059,-0.00250059
-124.15,0.0665769,-0.00108678,-0.00124717,-0.00124717
-124.127,0.0658736,0.000166985,6.55886e-06,6.55886e-06
-124.104,0.0651541,0.00142071,0.00126029,0.00126029
-124.082,0.0644185,0.00267408,0.00251371,0.00251371
-124.059,0.0636672,0.00392679,0.00376652,0.00376652
-124.036,0.0629003,0.00517854,0.0050184,0.0050184
-124.014,0.0621178,0.00642902,0.00626906,0.00626906
-123.991,0.0613202,0.00767792,0.00751815,0.00751815
-123.968,0.0605074,0.00892494,0.00876542,0.00876542
-123.946,0.0596798,0.0101698,0.0100105,0.0100105
-123.923,0.0588376,0.0114121,0.0112532,0.0112532
-123.9,0.0579809,0.0126516,0.012493,0.012493
-123.878,0.0571099,0.013888,0.0137299,0.0137299
-123.855,0.056225,0.015121,0.0149633,0.0149633
-123.832,0.0553262,0.0163503,0.0161931,0.0161931
-123.81,0.0544138,0.0175756,0.0174188,0.0174188
-123.787,0.0534881,0.0187966,0.0186404,0.0186404
-123.764,0.0525492,0.0200129,0.0198573,0.0198573
-123.741,0.0515974,0.0212243,0.0210693,0.0210693
-123.719,0.050633,0.0224306,0.0222762,0.0222762
-123.696,0.0496561,0.0236313,0.0234776,0.0234776
-123.673,0.048667,0.0248262,0.0246732,0.0246732
-123.651,0.047666,0.026015,0.0258628,0.0258628
-123.628,0.0466532,0.0271974,0.027046,0.027046
-123.605,0.045629,0.0283731,0.0282226,0.0282226
-123.583,0.0445936,0.0295419,0.0293923,0.0293923
-123.56,0.0435472,0.0307034,0.0305547,0.0305547
-123.537,0.0424902,0.0318574,0.0317096,0.0317096
-123.515,0.0414227,0.0330036,0.0328567,0.0328567
-123.492,0.040345,0.0341416,0.0339958,0.0339958
-123.469,0.0392574,0.0352713,0.0351265,0.0351265
-123.447,0.0381602,0.0363923,0.0362486,0.0362486
-123.424,0.0370536,0.0375043,0.0373618,0.0373618
-123.401,0.0359379,0.0386072,0.0384658,0.0384658
-123.379,0.0348134,0.0397005,0.0395603,0.0395603
-123.356,0.0336803,0.0407842,0.0406452,0.0406452
-123.333,0.0325389,0.0418578,0.04172,0.04172
-123.311,0.0313896,0.0429211,0.0427846,0.0427846
-123.288,0.0302325,0.0439739,0.0438387,0.0438387
-123.265,0.0290681,0.0450158,0.044882,0.044882
-123.243,0.0278964,0.0460468,0.0459143,0.0459143
-123.22,0.026718,0.0470664,0.0469354,0.0469354
-123.197,0.0255329,0.0480744,0.0479449,0.0479449
-123.175,0.0243416,0.0490707,0.0489426,0.0489426
-123.152,0.0231444,0.0500549,0.0499283,0.0499283
-123.129,0.0219414,0.0510268,0.0509017,0.0509017
-123.107,0.020733,0.0519861,0.0518626,0.0518626
-123.084,0.0195196,0.0529327,0.0528108,0.0528108
-123.061,0.0183014,0.0538663,0.0537461,0.0537461
-123.039,0.0170786,0.0547867,0.0546681,0.0546681
-123.016,0.0158517,0.0556936,0.0555767,0.0555767
-122.993,0.0146209,0.0565868,0.0564716,0.0564716
-122.971,0.0133865,0.0574662,0.0573527,0.0573527
-122.948,0.0121487,0.0583314,0.0582197,0.0582197
-122.925,0.0109081,0.0591823,0.0590723,0.0590723
-122.902,0.00966469,0.0600186,0.0599105,0.0599105
-122.88,0.00841895,0.0608403,0.060734,0.060734
-122.857,0.00717114,0.0616469,0.0615425,0.0615425
-122.834,0.00592157,0.0624385,0.0623359,0.0623359
-122.812,0.00467055,0.0632147,0.063114,0.063114
-122.789,0.00341838,0.0639754,0.0638766,0.0638766
-122.766,0.00216537,0.0647203,0.0646236,0.0646236
-122.744,0.000911826,0.0654494,0.0653546,0.0653546
-122.721,-0.000341941,0.0661624,0.0660696,0.0660696
-122.698,-0.00159562,0.0668591,0.0667684,0.0667684
-122.676,-0.00284891,0.0675394,0.0674507,0.0674507
-122.653,-0.00410151,0.0682032,0.0681165,0.0681165
-122.63,-0.00535309,0.0688501,0.0687656,0.0687656
-122.608,-0.00660336,0.0694802,0.0693978,0.0693978
-122.585,-0.00785201,0.0700932,0.0700129,0.0700129
-122.562,-0.00909872,0.070689,0.0706108,0.0706108
-122.54,-0.0103432,0.0712674,0.0711914,0.0711914
-122.517,-0.0115852,0.0718284,0.0717545,0.0717545
-122.494,-0.0128242,0.0723716,0.0723,0.0723
-122.472,-0.0140602,0.0728971,0.0728277,0.0728277
-122.449,-0.0152927,0.0734047,0.0733375,0.0733375
-122.426,-0.0165214,0.0738943,0.0738294,0.0738294
-122.404,-0.0177461,0.0743657,0.074303,0.074303
-122.381,-0.0189664,0.0748189,0.0747585,0.0747585
-122.358,-0.0201821,0.0752537,0.0751955,0.0751955
-122.336,-0.0213928,0.07567,0.0756142,0.0756142
-122.313,-0.0225982,0.0760677,0.0760142,0.0760142
-122.29,-0.0237982,0.0764467,0.0763955,0.0763955
-122.268,-0.0249922,0.076807,0.0767581,0.0767581
-122.245,-0.0261801,0.0771484,0.0771019,0.0771019
-122.222,-0.0273616,0.0774708,0.0774266,0.0774266
-122.2,-0.0285364,0.0777742,0.0777324,0.0777324
-122.177,-0.0297041,0.0780586,0.0780191,0.0780191
-122.154,-0.0308646,0.0783237,0.0782866,0.0782866
-122.132,-0.0320175,0.0785696,0.0785349,0.0785349
-122.109,-0.0331625,0.0787962,0.0787639,0.0787639
-122.086,-0.0342994,0.0790035,0.0789736,0.0789736
-122.063,-0.0354278,0.0791913,0.0791638,0.0791638
-122.041,-0.0365476,0.0793597,0.0793347,0.0793347
-122.018,-0.0376583,0.0795086,0.079486,0.079486
-121.995,-0.0387598,0.079638,0.0796178,0.0796178
-121.973,-0.0398518,0.0797478,0.0797301,0.0797301
-121.95,-0.0409341,0.0798381,0.0798227,0.0798227
-121.927,-0.0420062,0.0799087,0.0798958,0.0798958
-121.905,-0.043068,0.0799597,0.0799492,0.0799492
-121.882,-0.0441193,0.079991,0.079983,0.079983
-121.859,-0.0451597,0.0800028,0.0799972,0.0799972
-121.837,-0.0461891,0.0799948,0.0799917,0.0799917
-121.814,-0.0472071,0.0799673,0.0799665,0.0799665
-121.791,-0.0482134,0.07992,0.0799218,0.0799218
-121.769,-0.049208,0.0798532,0.0798573,0.0798573
-121.746,-0.0501905,0.0797667,0.0797733,0.0797733
-121.723,-0.0511606,0.0796607,0.0796697,0.0796697
-121.701,-0.0521182,0.079535,0.0795465,0.0795465
-121.678,-0.0530629,0.0793899,0.0794037,0.0794037
-121.655,-0.0539947,0.0792252,0.0792415,0.0792415
-121.633,-0.0549131,0.0790411,0.0790598,0.0790598
-121.61,-0.0558181,0.0788376,0.0788587,0.0788587
-121.587,-0.0567094,0.0786147,0.0786382,0.0786382
-121.565,-0.0575868,0.0783725,0.0783984,0.0783984
-121.542,-0.05845,0.078111,0.0781393,0.0781393
-121.519,-0.0592988,0.0778304,0.0778611,0.0778611
-121.497,-0.0601331,0.0775307,0.0775637,0.0775637
-121.474,-0.0609526,0.0772119,0.0772473,0.0772473
-121.451,-0.0617571,0.0768741,0.0769119,0.0769119
-121.429,-0.0625465,0.0765175,0.0765576,0.0765576
-121.406,-0.0633205,0.0761421,0.0761845,0.0761845
-121.383,-0.064079,0.0757479,0.0757927,0.0757927
-121.361,-0.0648217,0.0753352,0.0753822,0.0753822
-121.338,-0.0655485,0.074904,0.0749533,0.0749533
-121.315,-0.0662592,0.0744543,0.0745059,0.0745059
-121.293,-0.0669536,0.0739864,0.0740403,0.0740403
-121.27,-0.0676316,0.0735003,0.0735564,0.0735564
-121.247,-0.068293,0.0729962,0.0730545,0.0730545
-121.224,-0.0689376,0.0724741,0.0725347,0.0725347
-121.202,-0.0695652,0.0719342,0.071997,0.071997
-121.179,-0.0701758,0.0713767,0.0714416,0.0714416
-121.156,-0.0707691,0.0708016,0.0708687,0.0708687
-121.134,-0.0713451,0.0702092,0.0702784,0.0702784
-121.111,-0.0719035,0.0695995,0.0696708,0.0696708
-121.088,-0.0724443,0.0689727,0.0690462,0.0690462
-121.066,-0.0729673,0.0683289,0.0684045,0.0684045
-121.043,-0.0734723,0.0676684,0.0677461,0.0677461
-121.02,-0.0739593,0.0669913,0.067071,0.067071
-120.998,-0.0744282,0.0662977,0.0663794,0.0663794
-120.975,-0.0748787,0.0655878,0.0656716,0.0656716
-120.952,-0.0753109,0.0648618,0.0649476,0.0649476
-120.93,-0.0757246,0.0641199,0.0642076,0.0642076
-120.907,-0.0761197,0.0633622,0.0634519,0.0634519
-120.884,-0.076496,0.062589,0.0626806,0.0626806
-120.862,-0.0768536,0.0618004,0.0618939,0.0618939
-120.839,-0.0771923,0.0609966,0.061092,0.061092
-120.816,-0.0775121,0.0601779,0.0602751,0.0602751
-120.794,-0.0778128,0.0593443,0.0594434,0.0594434
-120.771,-0.0780944,0.0584962,0.058597,0.058597
-120.748,-0.0783568,0.0576338,0.0577363,0.0577363
-120.726,-0.0786,0.0567571,0.0568614,0.0568614
-120.703,-0.0788239,0.0558665,0.0559726,0.0559726
-120.68,-0.0790284,0.0549622,0.05507,0.05507
-120.658,-0.0792135,0.0540445,0.0541538,0.0541538
-120.635,-0.0793791,0.0531134,0.0532244,0.0532244
-120.612,-0.0795253,0.0521693,0.0522819,0.0522819
-120.59,-0.0796519,0.0512124,0.0513266,0.0513266
-120.567,-0.0797589,0.0502428,0.0503586,0.0503586
-120.544,-0.0798464,0.049261,0.0493783,0.0493783
-120.522,-0.0799142,0.048267,0.0483858,0.0483858
-120.499,-0.0799625,0.0472613,0.0473815,0.0473815
-120.476,-0.0799911,0.0462439,0.0463655,0.0463655
-120.454,-0.08,0.0452151,0.0453381,0.0453381
-120.431,-0.0799893,0.0441752,0.0442996,0.0442996
-120.408,-0.0799589,0.0431245,0.0432502,0.0432502
-120.385,-0.0799089,0.0420632,0.0421902,0.0421902
-120.363,-0.0798393,0.0409916,0.0411198,0.0411198
-120.34,-0.07975,0.0399099,0.0400394,0.0400394
-120.317,-0.0796412,0.0388183,0.0389491,0.0389491
-120.295,-0.0795128,0.0377173,0.0378492,0.0378492
-120.272,-0.0793649,0.036607,0.03674,0.03674
-120.249,-0.0791975,0.0354877,0.0356218,0.0356218
-120.227,-0.0790106,0.0343597,0.0344949,0.0344949
-120.204,-0.0788043,0.0332232,0.0333595,0.0333595
-120.181,-0.0785787,0.0320786,0.0322159,0.0322159
-120.159,-0.0783338,0.0309262,0.0310643,0.0310643
-120.136,-0.0780696,0.0297661,0.0299052,0.0299052
-120.113,-0.0777863,0.0285987,0.0287387,0.0287387
-120.091,-0.0774838,0.0274243,0.0275651,0.0275651
-120.068,-0.0771623,0.0262431,0.0263848,0.0263848
-120.045,-0.0768219,0.0250555,0.0251979,0.0251979
-120.023,-0.0764626,0.0238618,0.0240049,0.0240049
-120,-0.0760845,0.0226622,0.022806,0.022806
-119.977,-0.0756878,0.021457,0.0216015,0.0216015
-119.955,-0.0752724,0.0202466,0.0203917,0.0203917
-119.932,-0.0748385,0.0190311,0.0191769,0.0191769
-119.909,-0.0743863,0.017811,0.0179574,0.0179574
-119.887,-0.0739158,0.0165866,0.0167334,0.0167334
-119.864,-0.0734272,0.0153581,0.0155054,0.0155054
-119.841,-0.0729205,0.0141257,0.0142735,0.0142735
-119.819,-0.0723959,0.01289,0.0130382,0.0130382
-119.796,-0.0718535,0.011651,0.0117996,0.0117996
-119.773,-0.0712935,0.0104092,0.0105581,0.0105581
-119.751,-0.0707159,0.00916486,0.00931406,0.00931406
-119.728,-0.070121,0.00791825,0.0080677,0.0080677
-119.705,-0.0695089,0.00666971,0.00681937,0.00681937
-119.683,-0.0688797,0.00541951,0.00556936,0.00556936
-119.66,-0.0682335,0.00416799,0.00431796,0.00431796
-119.637,-0.0675706,0.00291546,0.00306554,0.00306554
-119.615,-0.0668912,0.00166219,0.00181233,0.00181233
-119.592,-0.0661953,0.000408524,0.000558707,0.000558707
-119.569,-0.0654831,-0.000845245,-0.000695067,-0.000695067
-119.546,-0.0647548,-0.00209879,-0.00194868,-0.00194868
-119.524,-0.0640107,-0.00335184,-0.00320181,-0.00320181
-119.501,-0.0632508,-0.00460405,-0.00445414,-0.00445414
-119.478,-0.0624754,-0.00585515,-0.0057054,-0.0057054
-119.456,-0.0616846,-0.00710479,-0.00695525,-0.00695525
-119.433,-0.0608787,-0.0083527,-0.00820339,-0.00820339
-119.41,-0.0600579,-0.00959853,-0.0094495,-0.0094495
-119.388,-0.0592222,-0.010842,-0.0106933,-0.0106933
-119.365,-0.0583721,-0.0120829,-0.0119345,-0.0119345
-119.342,-0.0575076,-0.0133207,-0.0131728,-0.0131728
-119.32,-0.056629,-0.0145553,-0.0144078,-0.0144078
-119.297,-0.0557364,-0.0157863,-0.0156393,-0.0156393
-119.274,-0.0548302,-0.0170134,-0.0168669,-0.0168669
-119.252,-0.0539105,-0.0182364,-0.0180904,-0.0180904
-119.229,-0.0529776,-0.0194548,-0.0193094,-0.0193094
-119.206,-0.0520316,-0.0206685,-0.0205237,-0.0205237
-119.184,-0.0510729,-0.0218771,-0.021733,-0.021733
-119.161,-0.0501017,-0.0230804,-0.0229369,-0.0229369
-119.138,-0.0491181,-0.024278,-0.0241352,-0.0241352
-119.116,-0.0481224,-0.0254696,-0.0253276,-0.0253276
-119.093,-0.047115,-0.0266549,-0.0265137,-0.0265137
-119.07,-0.046096,-0.0278337,-0.0276934,-0.0276934
-119.048,-0.0450656,-0.0290057,-0.0288662,-0.0288662
-119.025,-0.0440242,-0.0301705,-0.030032,-0.030032
-119.002,-0.042972,-0.031328,-0.0311904,-0.0311904
-118.98,-0.0419092,-0.0324777,-0.0323411,-0.0323411
-118.957,-0.0408361,-0.0336194,-0.0334838,-0.0334838
-118.934,-0.039753,-0.0347529,-0.0346184,-0.0346184
-118.912,-0.0386601,-0.0358779,-0.0357444,-0.0357444
-118.889,-0.0375577,-0.036994,-0.0368617,-0.0368617
-118.866,-0.0364461,-0.0381011,-0.0379699,-0.0379699
-118.844,-0.0353256,-0.0391988,-0.0390688,-0.0390688
-118.821,-0.0341964,-0.0402869,-0.0401581,-0.0401581
-118.798,-0.0330587,-0.0413651,-0.0412375,-0.0412375
-118.776,-0.031913,-0.0424331,-0.0423068,-0.0423068
-118.753,-0.0307594,-0.0434907,-0.0433657,-0.0433657
-118.73,-0.0295983,-0.0445376,-0.044414,-0.044414
-118.707,-0.0284299,-0.0455736,-0.0454513,-0.0454513
-118.685,-0.0272545,-0.0465983,-0.0464775,-0.0464775
-118.662,-0.0260724,-0.0476117,-0.0474923,-0.0474923
-118.639,-0.0248839,-0.0486133,-0.0484954,-0.0484954
-118.617,-0.0236893,-0.049603,-0.0494866,-0.0494866
-118.594,-0.0224889,-0.0505805,-0.0504656,-0.0504656
-118.571,-0.0212829,-0.0515456,-0.0514323,-0.0514323
-118.549,-0.0200718,-0.052498,-0.0523863,-0.0523863
-118.526,-0.0188557,-0.0534375,-0.0533275,-0.0533275
-118.503,-0.017635,-0.0543639,-0.0542555,-0.0542555
-118.481,-0.0164099,-0.055277,-0.0551702,-0.0551702
-118.458,-0.0151808,-0.0561764,-0.0560714,-0.0560714
-118.435,-0.013948,-0.0570621,-0.0569588,-0.0569588
-118.413,-0.0127117,-0.0579337,-0.0578322,-0.0578322
-118.39,-0.0114724,-0.0587912,-0.0586915,-0.0586915
-118.367,-0.0102302,-0.0596341,-0.0595363,-0.0595363
-118.345,-0.00898547,-0.0604625,-0.0603664,-0.0603664
-118.322,-0.00773857,-0.061276,-0.0611818,-0.0611818
-118.299,-0.00648976,-0.0620744,-0.0619821,-0.0619821
-118.277,-0.00523936,-0.0628576,-0.0627672,-0.0627672
-118.254,-0.00398767,-0.0636253,-0.0635369,-0.0635369
-118.231,-0.002735,-0.0643774,-0.0642909,-0.0642909
-118.209,-0.00148166,-0.0651138,-0.0650292,-0.0650292
-118.186,-0.000227961,-0.0658341,-0.0657516,-0.0657516
-118.163,0.0010258,-0.0665382,-0.0664577,-0.0664577
-118.141,0.00227931,-0.067226,-0.0671476,-0.0671476
-118.118,0.00353225,-0.0678973,-0.0678209,-0.0678209
-118.095,0.00478433,-0.0685519,-0.0684776,-0.0684776
-118.073,0.00603524,-0.0691896,-0.0691175,-0.0691175
-118.05,0.00728466,-0.0698104,-0.0697404,-0.0697404
-118.027,0.00853229,-0.070414,-0.0703462,-0.0703462
-118.005,0.00977783,-0.0710004,-0.0709347,-0.0709347
-117.982,0.011021,-0.0715693,-0.0715057,-0.0715057
-117.959,0.0122614,-0.0721206,-0.0720592,-0.0720592
-117.937,0.0134988,-0.0726542,-0.0725951,-0.0725951
-117.914,0.0147329,-0.0731699,-0.073113,-0.073113
-117.891,0.0159634,-0.0736677,-0.0736131,-0.0736131
-117.868,0.01719,-0.0741474,-0.074095,-0.074095
-117.846,0.0184123,-0.0746088,-0.0745587,-0.0745587
-117.823,0.0196301,-0.075052,-0.0750042,-0.0750042
-117.8,0.0208431,-0.0754767,-0.0754312,-0.0754312
-117.778,0.022051,-0.0758828,-0.0758397,-0.0758397
-117.755,0.0232534,-0.0762704,-0.0762295,-0.0762295
-117.732,0.0244502,-0.0766392,-0.0766007,-0.0766007
-117.71,0.0256409,-0.0769891,-0.076953,-0.076953
-117.687,0.0268254,-0.0773202,-0.0772864,-0.0772864
-117.664,0.0280032,-0.0776322,-0.0776009,-0.0776009
-117.642,0.0291742,-0.0779252,-0.0778962,-0.0778962
-117.619,0.030338,-0.0781991,-0.0781725,-0.0781725
-117.596,0.0314944,-0.0784537,-0.0784295,-0.0784295
-117.574,0.032643,-0.0786891,-0.0786673,-0.0786673
-117.551,0.0337836,-0.0789052,-0.0788858,-0.0788858
-117.528,0.0349159,-0.0791018,-0.0790849,-0.0790849
-117.506,0.0360397,-0.0792791,-0.0792645,-0.0792645
-117.483,0.0371546,-0.0794368,-0.0794247,-0.0794247
-117.46,0.0382603,-0.0795751,-0.0795654,-0.0795654
-117.438,0.0393567,-0.0796938,-0.0796866,-0.0796866
-117.415,0.0404434,-0.0797929,-0.0797882,-0.0797882
-117.392,0.0415201,-0.0798725,-0.0798701,-0.0798701
-117.37,0.0425867,-0.0799324,-0.0799325,-0.0799325
-117.347,0.0436428,-0.0799727,-0.0799752,-0.0799752
-117.324,0.0446882,-0.0799933,-0.0799983,-0.0799983
-117.302,0.0457226,-0.0799943,-0.0800018,-0.0800018
-117.279,0.0467458,-0.0799756,-0.0799855,-0.0799855
-117.256,0.0477574,-0.0799373,-0.0799497,-0.0799497
-117.234,0.0487574,-0.0798794,-0.0798942,-0.0798942
-117.211,0.0497454,-0.0798018,-0.0798191,-0.0798191
-117.188,0.0507212,-0.0797047,-0.0797244,-0.0797244
-117.166,0.0516845,-0.0795879,-0.0796101,-0.0796101
-117.143,0.0526351,-0.0794517,-0.0794762,-0.0794762
-117.12,0.0535728,-0.0792958,-0.0793229,-0.0793229
-117.098,0.0544973,-0.0791205,-0.07915,-0.07915
-117.075,0.0554085,-0.0789258,-0.0789577,-0.0789577
-117.052,0.056306,-0.0787117,-0.078746,-0.078746
-117.029,0.0571897,-0.0784783,-0.078515,-0.078515
-117.007,0.0580594,-0.0782256,-0.0782647,-0.0782647
-116.984,0.0589148,-0.0779537,-0.0779951,-0.0779951
-116.961,0.0597557,-0.0776626,-0.0777064,-0.0777064
-116.939,0.0605819,-0.0773524,-0.0773987,-0.0773987
-116.916,0.0613933,-0.0770233,-0.0770719,-0.0770719
-116.893,0.0621896,-0.0766752,-0.0767262,-0.0767262
-116.871,0.0629706,-0.0763083,-0.0763616,-0.0763616
-116.848,0.0637362,-0.0759226,-0.0759783,-0.0759783
-116.825,0.0644861,-0.0755183,-0.0755763,-0.0755763
-116.803,0.0652201,-0.0750955,-0.0751558,-0.0751558
-116.78,0.0659382,-0.0746542,-0.0747168,-0.0747168
-116.757,0.06664,-0.0741946,-0.0742594,-0.0742594
-116.735,0.0673255,-0.0737167,-0.0737839,-0.0737839
-116.712,0.0679944,-0.0732208,-0.0732902,-0.0732902
-116.689,0.0686467,-0.0727068,-0.0727784,-0.0727784
-116.667,0.069282,-0.072175,-0.0722489,-0.0722489
-116.644,0.0699004,-0.0716255,-0.0717015,-0.0717015
-116.621,0.0705016,-0.0710584,-0.0711366,-0.0711366
-116.599,0.0710855,-0.0704738,-0.0705542,-0.0705542
-116.576,0.0716519,-0.0698719,-0.0699544,-0.0699544
-116.553,0.0722007,-0.0692528,-0.0693375,-0.0693375
-116.531,0.0727318,-0.0686168,-0.0687036,-0.0687036
-116.508,0.073245,-0.0679639,-0.0680527,-0.0680527
-116.485,0.0737402,-0.0672942,-0.0673852,-0.0673852
-116.463,0.0742173,-0.0666081,-0.0667011,-0.0667011
-116.44,0.0746762,-0.0659056,-0.0660006,-0.0660006
-116.417,0.0751168,-0.0651869,-0.065284,-0.065284
-116.395,0.0755389,-0.0644522,-0.0645512,-0.0645512
-116.372,0.0759424,-0.0637017,-0.0638027,-0.0638027
-116.349,0.0763273,-0.0629355,-0.0630384,-0.0630384
-116.327,0.0766934,-0.0621538,-0.0622587,-0.0622587
-116.304,0.0770407,-0.0613569,-0.0614637,-0.0614637
-116.281,0.0773691,-0.0605449,-0.0606536,-0.0606536
-116.259,0.0776785,-0.0597181,-0.0598286,-0.0598286
-116.236,0.0779688,-0.0588766,-0.0589889,-0.0589889
-116.213,0.0782399,-0.0580206,-0.0581347,-0.0581347
-116.19,0.0784919,-0.0571504,-0.0572662,-0.0572662
-116.168,0.0787245,-0.0562661,-0.0563837,-0.0563837
-116.145,0.0789378,-0.055368,-0.0554873,-0.0554873
-116.122,0.0791318,-0.0544563,-0.0545773,-0.0545773
-116.1,0.0793063,-0.0535312,-0.0536539,-0.0536539
-116.077,0.0794613,-0.052593,-0.0527173,-0.0527173
-116.054,0.0795968,-0.0516419,-0.0517678,-0.0517678
-116.032,0.0797127,-0.050678,-0.0508055,-0.0508055
-116.009,0.0798091,-0.0497018,-0.0498308,-0.0498308
-115.986,0.0798858,-0.0487133,-0.0488438,-0.0488438
-115.964,0.079943,-0.0477129,-0.0478448,-0.0478448
-115.941,0.0799805,-0.0467007,-0.0468341,-0.0468341
-115.918,0.0799984,-0.0456771,-0.0458119,-0.0458119
-115.896,0.0799966,-0.0446422,-0.0447784,-0.0447784
-115.873,0.0799751,-0.0435964,-0.043734,-0.043734
-115.85,0.0799341,-0.0425398,-0.0426788,-0.0426788
-115.828,0.0798733,-0.0414729,-0.0416131,-0.0416131
-115.805,0.079793,-0.0403957,-0.0405372,-0.0405372
-115.782,0.0796931,-0.0393086,-0.0394513,-0.0394513
-115.76,0.0795736,-0.0382118,-0.0383557,-0.0383557
-115.737,0.0794345,-0.0371057,-0.0372508,-0.0372508
-115.714,0.079276,-0.0359905,-0.0361366,-0.0361366
-115.692,0.0790979,-0.0348664,-0.0350136,-0.0350136
-115.669,0.0789005,-0.0337337,-0.033882,-0.033882
-115.646,0.0786837,-0.0325928,-0.0327421,-0.0327421
-115.624,0.0784475,-0.0314438,-0.0315942,-0.0315942
-115.601,0.0781921,-0.0302872,-0.0304384,-0.0304384
-115.578,0.0779174,-0.0291231,-0.0292752,-0.0292752
-115.556,0.0776237,-0.0279518,-0.0281049,-0.0281049
-115.533,0.0773108,-0.0267737,-0.0269276,-0.0269276
-115.51,0.076979,-0.025589,-0.0257437,-0.0257437
-115.488,0.0766283,-0.024398,-0.0245534,-0.0245534
-115.465,0.0762587,-0.023201,-0.0233572,-0.0233572
-115.442,0.0758704,-0.0219983,-0.0221552,-0.0221552
-115.42,0.0754635,-0.0207902,-0.0209478,-0.0209478
-115.397,0.075038,-0.019577,-0.0197352,-0.0197352
-115.374,0.0745941,-0.018359,-0.0185178,-0.0185178
-115.351,0.0741319,-0.0171365,-0.0172958,-0.0172958
-115.329,0.0736515,-0.0159097,-0.0160696,-0.0160696
-115.306,0.073153,-0.0146791,-0.0148394,-0.0148394
-115.283,0.0726365,-0.0134449,-0.0136056,-0.0136056
-115.261,0.0721022,-0.0122073,-0.0123685,-0.0123685
-115.238,0.0715502,-0.0109668,-0.0111283,-0.0111283
-115.215,0.0709806,-0.00972354,-0.00988535,-0.00988535
-115.193,0.0703936,-0.00847789,-0.00864,-0.00864
-115.17,0.0697892,-0.00723019,-0.00739254,-0.00739254
-115.147,0.0691678,-0.0059807,-0.00614326,-0.00614326
-115.125,0.0685293,-0.00472974,-0.00489246,-0.00489246
-115.102,0.067874,-0.00347762,-0.00364047,-0.00364047
-115.079,0.0672021,-0.00222463,-0.00238759,-0.00238759
-115.057,0.0665136,-0.000971112,-0.00113411,-0.00113411
-115.034,0.0658088,0.000282652,0.000119631,0.000119631
-115.011,0.0650878,0.00153634,0.00137335,0.00137335
-114.989,0.0643509,0.00278966,0.00262673,0.00262673
-114.966,0.0635981,0.00404229,0.00387946,0.00387946
-114.943,0.0628298,0.00529394,0.00513125,0.00513125
-114.921,0.062046,0.00654428,0.00638176,0.00638176
-114.898,0.0612469,0.00779303,0.00763072,0.00763072
-114.875,0.0604328,0.00903984,0.00887779,0.00887779
-114.853,0.0596039,0.0102845,0.0101227,0.0101227
-114.83,0.0587603,0.0115265,0.0113651,0.0113651
-114.807,0.0579023,0.0127658,0.0126047,0.0126047
-114.785,0.0570301,0.0140019,0.0138412,0.0138412
-114.762,0.0561438,0.0152346,0.0150744,0.0150744
-114.739,0.0552438,0.0164635,0.0163038,0.0163038
-114.717,0.0543302,0.0176884,0.0175292,0.0175292
-114.694,0.0534033,0.018909,0.0187503,0.0187503
-114.671,0.0524632,0.0201249,0.0199668,0.0199668
-114.649,0.0515103,0.0213358,0.0211784,0.0211784
-114.626,0.0505447,0.0225415,0.0223848,0.0223848
-114.603,0.0495667,0.0237417,0.0235857,0.0235857
-114.58,0.0485765,0.0249361,0.0247808,0.0247808
-114.558,0.0475744,0.0261243,0.0259698,0.0259698
-114.535,0.0465606,0.0273061,0.0271524,0.0271524
-114.512,0.0455353,0.0284813,0.0283284,0.0283284
-114.49,0.0444989,0.0296494,0.0294974,0.0294974
-114.467,0.0434516,0.0308102,0.0306591,0.0306591
-114.444,0.0423935,0.0319635,0.0318133,0.0318133
-114.422,0.0413251,0.0331089,0.0329598,0.0329598
-114.399,0.0402465,0.0342462,0.0340981,0.0340981
-114.376,0.039158,0.0353751,0.035228,0.035228
-114.354,0.03806,0.0364953,0.0363493,0.0363493
-114.331,0.0369525,0.0376065,0.0374617,0.0374617
-114.308,0.035836,0.0387085,0.0385648,0.0385648
-114.286,0.0347107,0.039801,0.0396585,0.0396585
-114.263,0.0335769,0.0408837,0.0407424,0.0407424
-114.24,0.0324348,0.0419564,0.0418164,0.0418164
-114.218,0.0312847,0.0430187,0.04288,0.04288
-114.195,0.030127,0.0440705,0.0439332,0.0439332
-114.172,0.0289618,0.0451115,0.0449755,0.0449755
-114.15,0.0277896,0.0461414,0.0460068,0.0460068
-114.127,0.0266105,0.04716,0.0470268,0.0470268
-114.104,0.0254249,0.0481669,0.0480352,0.0480352
-114.082,0.024233,0.0491621,0.0490319,0.0490319
-114.059,0.0230352,0.0501452,0.0500165,0.0500165
-114.036,0.0218318,0.0511159,0.0509888,0.0509888
-114.014,0.0206229,0.0520741,0.0519485,0.0519485
-113.991,0.019409,0.0530196,0.0528956,0.0528956
-113.968,0.0181904,0.053952,0.0538296,0.0538296
-113.946,0.0169673,0.0548711,0.0547504,0.0547504
-113.923,0.01574,0.0557768,0.0556578,0.0556578
-113.9,0.0145088,0.0566688,0.0565515,0.0565515
-113.878,0.0132741,0.0575468,0.0574313,0.0574313
-113.855,0.0120361,0.0584107,0.058297,0.058297
-113.832,0.0107951,0.0592603,0.0591483,0.0591483
-113.81,0.00955154,0.0600954,0.0599852,0.0599852
-113.787,0.0083056,0.0609156,0.0608073,0.0608073
-113.764,0.00705762,0.0617209,0.0616144,0.0616144
-113.741,0.0058079,0.0625111,0.0624065,0.0624065
-113.719,0.00455676,0.0632858,0.0631832,0.0631832
-113.696,0.0033045,0.0640451,0.0639444,0.0639444
-113.673,0.00205143,0.0647886,0.0646899,0.0646899
-113.651,0.000797852,0.0655162,0.0654195,0.0654195
-113.628,-0.00045592,0.0662277,0.066133,0.066133
-113.605,-0.00170958,0.066923,0.0668303,0.0668303
-113.583,-0.00296282,0.0676018,0.0675111,0.0675111
-113.56,-0.00421533,0.068264,0.0681754,0.0681754
-113.537,-0.00546681,0.0689094,0.068823,0.068823
-113.515,-0.00671694,0.069538,0.0694536,0.0694536
-113.492,-0.00796543,0.0701494,0.0700672,0.0700672
-113.469,-0.00921196,0.0707436,0.0706635,0.0706635
-113.447,-0.0104562,0.0713205,0.0712426,0.0712426
-113.424,-0.0116979,0.0718798,0.0718041,0.0718041
-113.401,-0.0129367,0.0724214,0.0723479,0.0723479
-113.379,-0.0141724,0.0729453,0.072874,0.072874
-113.356,-0.0154046,0.0734513,0.0733822,0.0733822
-113.333,-0.0166329,0.0739392,0.0738724,0.0738724
-113.311,-0.0178572,0.0744089,0.0743444,0.0743444
-113.288,-0.0190771,0.0748605,0.0747982,0.0747982
-113.265,-0.0202924,0.0752935,0.0752336,0.0752336
-113.243,-0.0215026,0.0757082,0.0756505,0.0756505
-113.22,-0.0227076,0.0761042,0.0760489,0.0760489
-113.197,-0.0239069,0.0764815,0.0764285,0.0764285
-113.175,-0.0251005,0.07684,0.0767894,0.0767894
-113.152,-0.0262878,0.0771797,0.0771314,0.0771314
-113.129,-0.0274687,0.0775004,0.0774545,0.0774545
-113.107,-0.0286428,0.0778021,0.0777585,0.0777585
-113.084,-0.0298099,0.0780846,0.0780435,0.0780435
-113.061,-0.0309697,0.078348,0.0783093,0.0783093
-113.039,-0.0321219,0.0785922,0.0785558,0.0785558
-113.016,-0.0332662,0.078817,0.0787831,0.0787831
-112.993,-0.0344023,0.0790225,0.078991,0.078991
-112.971,-0.03553,0.0792086,0.0791795,0.0791795
-112.948,-0.0366489,0.0793752,0.0793485,0.0793485
-112.925,-0.0377588,0.0795223,0.0794981,0.0794981
-112.902,-0.0388595,0.0796499,0.0796281,0.0796281
-112.88,-0.0399506,0.079758,0.0797386,0.0797386
-112.857,-0.0410319,0.0798464,0.0798295,0.0798295
-112.834,-0.0421032,0.0799153,0.0799007,0.0799007
-112.812,-0.0431641,0.0799645,0.0799524,0.0799524
-112.789,-0.0442143,0.079994,0.0799844,0.0799844
-112.766,-0.0452538,0.080004,0.0799968,0.0799968
-112.744,-0.0462821,0.0799942,0.0799895,0.0799895
-112.721,-0.047299,0.0799649,0.0799626,0.0799626
-112.698,-0.0483044,0.0799158,0.079916,0.079916
-112.676,-0.0492978,0.0798472,0.0798498,0.0798498
-112.653,-0.0502792,0.0797589,0.079764,0.079764
-112.63,-0.0512482,0.0796511,0.0796586,0.0796586
-112.608,-0.0522046,0.0795237,0.0795336,0.0795336
-112.585,-0.0531482,0.0793768,0.0793891,0.0793891
-112.562,-0.0540787,0.0792103,0.0792251,0.0792251
-112.54,-0.054996,0.0790244,0.0790416,0.0790416
-112.517,-0.0558997,0.0788191,0.0788387,0.0788387
-112.494,-0.0567897,0.0785945,0.0786165,0.0786165
-112.472,-0.0576658,0.0783505,0.0783749,0.0783749
-112.449,-0.0585277,0.0780873,0.0781141,0.0781141
-112.426,-0.0593753,0.077805,0.0778342,0.0778342
-112.404,-0.0602082,0.0775035,0.077535,0.077535
-112.381,-0.0610264,0.0771829,0.0772169,0.0772169
-112.358,-0.0618295,0.0768435,0.0768797,0.0768797
-112.336,-0.0626175,0.0764851,0.0765237,0.0765237
-112.313,-0.0633901,0.076108,0.0761489,0.0761489
-112.29,-0.0641472,0.0757121,0.0757554,0.0757554
-112.268,-0.0648884,0.0752977,0.0753433,0.0753433
-112.245,-0.0656138,0.0748648,0.0749127,0.0749127
-112.222,-0.066323,0.0744135,0.0744637,0.0744637
-112.2,-0.0670159,0.0739439,0.0739964,0.0739964
-112.177,-0.0676924,0.0734562,0.0735109,0.0735109
-112.154,-0.0683523,0.0729504,0.0730073,0.0730073
-112.132,-0.0689953,0.0724267,0.0724858,0.0724858
-112.109,-0.0696214,0.0718852,0.0719466,0.0719466
-112.086,-0.0702305,0.071326,0.0713896,0.0713896
-112.063,-0.0708222,0.0707494,0.0708151,0.0708151
-112.041,-0.0713966,0.0701553,0.0702232,0.0702232
-112.018,-0.0719534,0.0695441,0.0696141,0.0696141
-111.995,-0.0724926,0.0689157,0.0689879,0.0689879
-111.973,-0.0730139,0.0682704,0.0683447,0.0683447
-111.95,-0.0735174,0.0676084,0.0676847,0.0676847
-111.927,-0.0740027,0.0669297,0.0670081,0.0670081
-111.905,-0.0744699,0.0662346,0.0663151,0.0663151
-111.882,-0.0749188,0.0655233,0.0656057,0.0656057
-111.859,-0.0753493,0.0647958,0.0648803,0.0648803
-111.837,-0.0757613,0.0640525,0.0641389,0.0641389
-111.814,-0.0761547,0.0632934,0.0633818,0.0633818
-111.791,-0.0765293,0.0625188,0.0626091,0.0626091
-111.769,-0.0768852,0.0617288,0.061821,0.061821
-111.746,-0.0772222,0.0609236,0.0610177,0.0610177
-111.723,-0.0775402,0.0601035,0.0601994,0.0601994
-111.701,-0.0778392,0.0592686,0.0593664,0.0593664
-111.678,-0.0781191,0.0584192,0.0585187,0.0585187
-111.655,-0.0783797,0.0575554,0.0576567,0.0576567
-111.633,-0.0786212,0.0566775,0.0567806,0.0567806
-111.61,-0.0788433,0.0557856,0.0558904,0.0558904
-111.587,-0.079046,0.0548801,0.0549866,0.0549866
-111.565,-0.0792294,0.0539611,0.0540693,0.0540693
-111.542,-0.0793932,0.0530288,0.0531386,0.0531386
-111.519,-0.0795376,0.0520835,0.052195,0.052195
-111.497,-0.0796624,0.0511254,0.0512385,0.0512385
-111.474,-0.0797677,0.0501548,0.0502694,0.0502694
-111.451,-0.0798534,0.0491718,0.0492879,0.0492879
-111.429,-0.0799194,0.0481768,0.0482944,0.0482944
-111.406,-0.0799659,0.0471699,0.047289,0.047289
-111.383,-0.0799927,0.0461515,0.0462719,0.0462719
-111.361,-0.0799998,0.0451217,0.0452436,0.0452436
-111.338,-0.0799873,0.0440808,0.0442041,0.0442041
-111.315,-0.0799552,0.0430291,0.0431537,0.0431537
-111.293,-0.0799034,0.0419669,0.0420927,0.0420927
-111.27,-0.079832,0.0408943,0.0410214,0.0410214
-111.247,-0.0797409,0.0398117,0.0399401,0.0399401
-111.224,-0.0796303,0.0387193,0.0388489,0.0388489
-111.202,-0.0795002,0.0376174,0.0377481,0.0377481
-111.179,-0.0793505,0.0365062,0.0366381,0.0366381
-111.156,-0.0791813,0.0353861,0.0355191,0.0355191
-111.134,-0.0789927,0.0342573,0.0343914,0.0343914
-111.111,-0.0787846,0.0331201,0.0332552,0.0332552
-111.088,-0.0785572,0.0319748,0.0321109,0.0321109
-111.066,-0.0783106,0.0308216,0.0309587,0.0309587
-111.043,-0.0780446,0.0296608,0.0297988,0.0297988
-111.02,-0.0777596,0.0284928,0.0286317,0.0286317
-110.998,-0.0774554,0.0273177,0.0274575,0.0274575
-110.975,-0.0771322,0.026136,0.0262765,0.0262765
-110.952,-0.07679,0.0249478,0.0250892,0.0250892
-110.93,-0.076429,0.0237535,0.0238956,0.0238956
-110.907,-0.0760492,0.0225534,0.0226962,0.0226962
-110.884,-0.0756508,0.0213477,0.0214912,0.0214912
-110.862,-0.0752337,0.0201368,0.0202809,0.0202809
-110.839,-0.0747982,0.0189209,0.0190656,0.0190656
-110.816,-0.0743443,0.0177004,0.0178457,0.0178457
-110.794,-0.0738721,0.0164756,0.0166214,0.0166214
-110.771,-0.0733818,0.0152467,0.015393,0.015393
-110.748,-0.0728735,0.014014,0.0141608,0.0141608
-110.726,-0.0723473,0.012778,0.0129251,0.0129251
-110.703,-0.0718033,0.0115387,0.0116863,0.0116863
-110.68,-0.0712417,0.0102967,0.0104446,0.0104446
-110.658,-0.0706625,0.00905208,0.00920026,0.00920026
-110.635,-0.0700661,0.00780529,0.00795372,0.00795372
-110.612,-0.0694524,0.00655657,0.00670521,0.00670521
-110.59,-0.0688216,0.00530624,0.00545508,0.00545508
-110.567,-0.068174,0.0040546,0.00420359,0.00420359
-110.544,-0.0675096,0.00280198,0.00295107,0.00295107
-110.522,-0.0668286,0.00154867,0.00169783,0.00169783
-110.499,-0.0661312,0.000294976,0.000444166,0.000444166
-110.476,-0.0654176,-0.000958789,-0.000809605,-0.000809605
-110.454,-0.0646878,-0.00221233,-0.00206318,-0.00206318
-110.431,-0.0639423,-0.0034653,-0.00331624,-0.00331624
-110.408,-0.063181,-0.00471744,-0.0045685,-0.0045685
-110.385,-0.0624041,-0.00596841,-0.00581964,-0.00581964
-110.363,-0.061612,-0.00721792,-0.00706934,-0.00706934
-110.34,-0.0608047,-0.00846565,-0.00831731,-0.00831731
-110.317,-0.0599825,-0.00971131,-0.00956324,-0.00956324
-110.295,-0.0591456,-0.0109546,-0.0108068,-0.0108068
-110.272,-0.0582941,-0.0121951,-0.0120477,-0.0120477
-110.249,-0.0574283,-0.0134327,-0.0132857,-0.0132857
-110.227,-0.0565484,-0.014667,-0.0145204,-0.0145204
-110.204,-0.0556546,-0.0158977,-0.0157515,-0.0157515
-110.181,-0.0547471,-0.0171244,-0.0169788,-0.0169788
-110.159,-0.0538262,-0.018347,-0.0182019,-0.0182019
-110.136,-0.0528921,-0.019565,-0.0194206,-0.0194206
-110.113,-0.051945,-0.0207783,-0.0206344,-0.0206344
-110.091,-0.0509851,-0.0219864,-0.0218432,-0.0218432
-110.068,-0.0500127,-0.0231892,-0.0230466,-0.0230466
-110.045,-0.0490281,-0.0243862,-0.0242444,-0.0242444
-110.023,-0.0480313,-0.0255773,-0.0254362,-0.0254362
-110,-0.0470228,-0.0267621,-0.0266218,-0.0266218
-109.977,-0.0460028,-0.0279403,-0.0278008,-0.0278008
-109.955,-0.0449714,-0.0291116,-0.028973,-0.028973
-109.932,-0.043929,-0.0302758,-0.0301381,-0.0301381
-109.909,-0.0428758,-0.0314325,-0.0312958,-0.0312958
-109.887,-0.041812,-0.0325815,-0.0324458,-0.0324458
-109.864,-0.040738,-0.0337226,-0.0335878,-0.0335878
-109.841,-0.039654,-0.0348553,-0.0347216,-0.0347216
-109.819,-0.0385603,-0.0359795,-0.0358469,-0.0358469
-109.796,-0.037457,-0.0370948,-0.0369633,-0.0369633
-109.773,-0.0363446,-0.038201,-0.0380707,-0.0380707
-109.751,-0.0352233,-0.0392979,-0.0391687,-0.0391687
-109.728,-0.0340933,-0.0403851,-0.0402571,-0.0402571
-109.705,-0.0329549,-0.0414623,-0.0413356,-0.0413356
-109.683,-0.0318084,-0.0425294,-0.042404,-0.042404
-109.66,-0.0306542,-0.043586,-0.043462,-0.043462
-109.637,-0.0294924,-0.044632,-0.0445093,-0.0445093
-109.615,-0.0283233,-0.0456669,-0.0455456,-0.0455456
-109.592,-0.0271473,-0.0466907,-0.0465708,-0.0465708
-109.569,-0.0259646,-0.0477029,-0.0475845,-0.0475845
-109.546,-0.0247756,-0.0487035,-0.0485865,-0.0485865
-109.524,-0.0235804,-0.0496921,-0.0495766,-0.0495766
-109.501,-0.0223795,-0.0506685,-0.0505545,-0.0505545
-109.478,-0.0211731,-0.0516324,-0.05152,-0.05152
-109.456,-0.0199614,-0.0525837,-0.0524729,-0.0524729
-109.433,-0.0187449,-0.0535221,-0.0534129,-0.0534129
-109.41,-0.0175238,-0.0544473,-0.0543397,-0.0543397
-109.388,-0.0162983,-0.0553591,-0.0552532,-0.0552532
-109.365,-0.0150689,-0.0562573,-0.0561531,-0.0561531
-109.342,-0.0138357,-0.0571417,-0.0570393,-0.0570393
-109.32,-0.0125992,-0.0580121,-0.0579114,-0.0579114
-109.297,-0.0113595,-0.0588682,-0.0587693,-0.0587693
-109.274,-0.0101171,-0.0597099,-0.0596128,-0.0596128
-109.252,-0.00887221,-0.0605369,-0.0604416,-0.0604416
-109.229,-0.00762511,-0.061349,-0.0612556,-0.0612556
-109.206,-0.00637615,-0.0621461,-0.0620546,-0.0620546
-109.184,-0.00512562,-0.0629278,-0.0628383,-0.0628383
-109.161,-0.00387383,-0.0636942,-0.0636066,-0.0636066
-109.138,-0.00262109,-0.0644449,-0.0643592,-0.0643592
-109.116,-0.0013677,-0.0651797,-0.065096,-0.065096
-109.093,-0.000113981,-0.0658986,-0.0658169,-0.0658169
-109.07,0.00113977,-0.0666013,-0.0665216,-0.0665216
-109.048,0.00239324,-0.0672876,-0.0672099,-0.0672099
-109.025,0.00364612,-0.0679573,-0.0678818,-0.0678818
-109.002,0.0048981,-0.0686104,-0.0685369,-0.0685369
-108.98,0.00614889,-0.0692466,-0.0691753,-0.0691753
-108.957,0.00739816,-0.0698659,-0.0697966,-0.0697966
-108.934,0.00864561,-0.0704679,-0.0704009,-0.0704009
-108.912,0.00989095,-0.0710527,-0.0709878,-0.0709878
-108.889,0.0111338,-0.07162,-0.0715572,-0.0715572
-108.866,0.012374,-0.0721697,-0.0721092,-0.0721092
-108.844,0.0136111,-0.0727017,-0.0726433,-0.0726433
-108.821,0.0148449,-0.0732158,-0.0731597,-0.0731597
-108.798,0.0160751,-0.0737119,-0.0736581,-0.0736581
-108.776,0.0173013,-0.07419,-0.0741384,-0.0741384
-108.753,0.0185232,-0.0746498,-0.0746005,-0.0746005
-108.73,0.0197406,-0.0750912,-0.0750442,-0.0750442
-108.707,0.0209531,-0.0755142,-0.0754695,-0.0754695
-108.685,0.0221605,-0.0759187,-0.0758763,-0.0758763
-108.662,0.0233625,-0.0763046,-0.0762645,-0.0762645
-108.639,0.0245587,-0.0766716,-0.0766339,-0.0766339
-108.617,0.0257489,-0.0770199,-0.0769845,-0.0769845
-108.594,0.0269327,-0.0773492,-0.0773162,-0.0773162
-108.571,0.02811,-0.0776596,-0.0776289,-0.0776289
-108.549,0.0292803,-0.0779509,-0.0779226,-0.0779226
-108.526,0.0304435,-0.078223,-0.0781971,-0.0781971
-108.503,0.0315991,-0.0784759,-0.0784524,-0.0784524
-108.481,0.0327471,-0.0787095,-0.0786884,-0.0786884
-108.458,0.0338869,-0.0789238,-0.0789051,-0.0789051
-108.435,0.0350185,-0.0791187,-0.0791025,-0.0791025
-108.413,0.0361414,-0.0792941,-0.0792804,-0.0792804
-108.39,0.0372555,-0.0794501,-0.0794388,-0.0794388
-108.367,0.0383604,-0.0795866,-0.0795777,-0.0795777
-108.345,0.0394559,-0.0797036,-0.0796971,-0.0796971
-108.322,0.0405417,-0.0798009,-0.0797968,-0.0797968
-108.299,0.0416175,-0.0798787,-0.079877,-0.079877
-108.277,0.0426831,-0.0799368,-0.0799376,-0.0799376
-108.254,0.0437383,-0.0799753,-0.0799786,-0.0799786
-108.231,0.0447827,-0.0799941,-0.0799999,-0.0799999
-108.209,0.0458161,-0.0799934,-0.0800015,-0.0800015
-108.186,0.0468382,-0.0799729,-0.0799835,-0.0799835
-108.163,0.0478488,-0.0799328,-0.0799459,-0.0799459
-108.141,0.0488477,-0.0798731,-0.0798886,-0.0798886
-108.118,0.0498346,-0.0797938,-0.0798117,-0.0798117
-108.095,0.0508093,-0.0796948,-0.0797152,-0.0797152
-108.073,0.0517714,-0.0795763,-0.0795991,-0.0795991
-108.05,0.0527209,-0.0794382,-0.0794635,-0.0794635
-108.027,0.0536574,-0.0792807,-0.0793083,-0.0793083
-108.005,0.0545807,-0.0791036,-0.0791337,-0.0791337
-107.982,0.0554906,-0.0789071,-0.0789397,-0.0789397
-107.959,0.0563869,-0.0786913,-0.0787262,-0.0787262
-107.937,0.0572693,-0.0784561,-0.0784934,-0.0784934
-107.914,0.0581377,-0.0782016,-0.0782414,-0.0782414
-107.891,0.0589918,-0.0779279,-0.0779701,-0.0779701
-107.868,0.0598314,-0.0776351,-0.0776797,-0.0776797
-107.846,0.0606563,-0.0773233,-0.0773702,-0.0773702
-107.823,0.0614663,-0.0769924,-0.0770416,-0.0770416
-107.8,0.0622612,-0.0766426,-0.0766942,-0.0766942
-107.778,0.0630409,-0.076274,-0.0763279,-0.0763279
-107.755,0.063805,-0.0758866,-0.0759429,-0.0759429
-107.732,0.0645535,-0.0754807,-0.0755393,-0.0755393
-107.71,0.0652861,-0.0750561,-0.075117,-0.075117
-107.687,0.0660026,-0.0746132,-0.0746764,-0.0746764
-107.664,0.066703,-0.0741519,-0.0742173,-0.0742173
-107.642,0.067387,-0.0736724,-0.0737401,-0.0737401
-107.619,0.0680544,-0.0731748,-0.0732448,-0.0732448
-107.596,0.0687051,-0.0726592,-0.0727314,-0.0727314
-107.574,0.069339,-0.0721258,-0.0722002,-0.0722002
-107.551,0.0699558,-0.0715746,-0.0716513,-0.0716513
-107.528,0.0705554,-0.0710059,-0.0710847,-0.0710847
-107.506,0.0711377,-0.0704198,-0.0705008,-0.0705008
-107.483,0.0717025,-0.0698163,-0.0698995,-0.0698995
-107.46,0.0722497,-0.0691957,-0.069281,-0.069281
-107.438,0.0727792,-0.0685581,-0.0686455,-0.0686455
-107.415,0.0732908,-0.0679037,-0.0679931,-0.0679931
-107.392,0.0737843,-0.0672325,-0.0673241,-0.0673241
-107.37,0.0742598,-0.0665449,-0.0666385,-0.0666385
-107.347,0.074717,-0.0658409,-0.0659365,-0.0659365
-107.324,0.0751559,-0.0651208,-0.0652184,-0.0652184
-107.302,0.0755763,-0.0643846,-0.0644842,-0.0644842
-107.279,0.0759782,-0.0636326,-0.0637342,-0.0637342
-107.256,0.0763614,-0.0628651,-0.0629686,-0.0629686
-107.234,0.0767258,-0.062082,-0.0621874,-0.0621874
-107.211,0.0770714,-0.0612837,-0.061391,-0.061391
-107.188,0.077398,-0.0604704,-0.0605796,-0.0605796
-107.166,0.0777057,-0.0596422,-0.0597532,-0.0597532
-107.143,0.0779942,-0.0587994,-0.0589122,-0.0589122
-107.12,0.0782636,-0.0579421,-0.0580567,-0.0580567
-107.098,0.0785138,-0.0570706,-0.0571869,-0.0571869
-107.075,0.0787447,-0.056185,-0.0563031,-0.0563031
-107.052,0.0789563,-0.0552857,-0.0554055,-0.0554055
-107.029,0.0791484,-0.0543728,-0.0544943,-0.0544943
-107.007,0.0793212,-0.0534465,-0.0535697,-0.0535697
-106.984,0.0794744,-0.0525071,-0.0526319,-0.0526319
-106.961,0.0796081,-0.0515548,-0.0516812,-0.0516812
-106.939,0.0797223,-0.0505898,-0.0507178,-0.0507178
-106.916,0.0798169,-0.0496124,-0.0497419,-0.0497419
-106.893,0.0798918,-0.0486229,-0.0487539,-0.0487539
-106.871,0.0799472,-0.0476213,-0.0477538,-0.0477538
-106.848,0.0799829,-0.0466081,-0.046742,-0.046742
-106.825,0.079999,-0.0455835,-0.0457188,-0.0457188
-106.803,0.0799954,-0.0445476,-0.0446843,-0.0446843
-106.78,0.0799722,-0.0435008,-0.0436388,-0.0436388
-106.757,0.0799294,-0.0424433,-0.0425827,-0.0425827
-106.735,0.0798669,-0.0413754,-0.041516,-0.041516
-106.712,0.0797847,-0.0402973,-0.0404392,-0.0404392
-106.689,0.079683,-0.0392093,-0.0393525,-0.0393525
-106.667,0.0795618,-0.0381117,-0.038256,-0.038256
-106.644,0.0794209,-0.0370047,-0.0371502,-0.0371502
-106.621,0.0792606,-0.0358887,-0.0360353,-0.0360353
-106.599,0.0790808,-0.0347638,-0.0349115,-0.0349115
-106.576,0.0788816,-0.0336304,-0.0337791,-0.0337791
-106.553,0.078663,-0.0324887,-0.0326384,-0.0326384
-106.531,0.0784251,-0.031339,-0.0314898,-0.0314898
-106.508,0.0781679,-0.0301817,-0.0303333,-0.0303333
-106.485,0.0778915,-0.0290169,-0.0291695,-0.0291695
-106.463,0.077596,-0.027845,-0.0279985,-0.0279985
-106.44,0.0772814,-0.0266663,-0.0268206,-0.0268206
-106.417,0.0769479,-0.025481,-0.0256361,-0.0256361
-106.395,0.0765954,-0.0242894,-0.0244453,-0.0244453
-106.372,0.0762242,-0.0230919,-0.0232485,-0.0232485
-106.349,0.0758342,-0.0218887,-0.022046,-0.022046
-106.327,0.0754256,-0.0206802,-0.0208381,-0.0208381
-106.304,0.0749984,-0.0194665,-0.0196251,-0.0196251
-106.281,0.0745529,-0.0182481,-0.0184072,-0.0184072
-106.259,0.074089,-0.0170252,-0.0171848,-0.0171848
-106.236,0.0736069,-0.0157981,-0.0159582,-0.0159582
-106.213,0.0731068,-0.0145671,-0.0147277,-0.0147277
-106.19,0.0725887,-0.0133325,-0.0134936,-0.0134936
-106.168,0.0720528,-0.0120947,-0.0122562,-0.0122562
-106.145,0.0714991,-0.0108539,-0.0110157,-0.0110157
-106.122,0.0709279,-0.00961043,-0.00977258,-0.00977258
-106.1,0.0703393,-0.00836459,-0.00852704,-0.00852704
-106.077,0.0697334,-0.00711671,-0.00727939,-0.00727939
-106.054,0.0691104,-0.00586707,-0.00602995,-0.00602995
-106.032,0.0684704,-0.004616,-0.00477904,-0.00477904
-106.009,0.0678136,-0.00336378,-0.00352695,-0.00352695
-105.986,0.0671402,-0.00211075,-0.002274,-0.002274
-105.964,0.0664502,-0.000857184,-0.0010205,-0.0010205
-105.941,0.0657439,0.00039659,0.000233262,0.000233262
-105.918,0.0650215,0.00165027,0.00148697,0.00148697
-105.896,0.0642831,0.00290353,0.00274031,0.00274031
-105.873,0.0635289,0.00415609,0.00399296,0.00399296
-105.85,0.0627591,0.00540763,0.00524464,0.00524464
-105.828,0.0619739,0.00665783,0.00649504,0.00649504
-105.805,0.0611735,0.00790641,0.00774383,0.00774383
-105.782,0.0603581,0.00915304,0.00899072,0.00899072
-105.76,0.0595278,0.0103974,0.0102354,0.0102354
-105.737,0.0586829,0.0116393,0.0114776,0.0114776
-105.714,0.0578236,0.0128782,0.0127169,0.0127169
-105.692,0.0569501,0.0141141,0.0139531,0.0139531
-105.669,0.0560626,0.0153464,0.0151859,0.0151859
-105.646,0.0551613,0.016575,0.016415,0.016415
-105.624,0.0542465,0.0177995,0.01764,0.01764
-105.601,0.0533183,0.0190196,0.0188607,0.0188607
-105.578,0.0523771,0.0202351,0.0200768,0.0200768
-105.556,0.051423,0.0214456,0.0212879,0.0212879
-105.533,0.0504563,0.0226508,0.0224938,0.0224938
-105.51,0.0494771,0.0238505,0.0236942,0.0236942
-105.488,0.0484859,0.0250443,0.0248888,0.0248888
-105.465,0.0474827,0.026232,0.0260772,0.0260772
-105.442,0.0464678,0.0274132,0.0272592,0.0272592
-105.42,0.0454416,0.0285877,0.0284346,0.0284346
-105.397,0.0444041,0.0297552,0.0296029,0.0296029
-105.374,0.0433558,0.0309153,0.030764,0.030764
-105.351,0.0422968,0.0320679,0.0319176,0.0319176
-105.329,0.0412275,0.0332126,0.0330632,0.0330632
-105.306,0.040148,0.0343491,0.0342008,0.0342008
-105.283,0.0390586,0.0354772,0.03533,0.03533
-105.261,0.0379597,0.0365966,0.0364505,0.0364505
-105.238,0.0368514,0.037707,0.037562,0.037562
-105.215,0.0357341,0.0388081,0.0386643,0.0386643
-105.193,0.034608,0.0398998,0.0397571,0.0397571
-105.17,0.0334734,0.0409816,0.0408401,0.0408401
-105.147,0.0323305,0.0420533,0.0419131,0.0419131
-105.125,0.0311798,0.0431147,0.0429759,0.0429759
-105.102,0.0300214,0.0441656,0.044028,0.044028
-105.079,0.0288556,0.0452055,0.0450694,0.0450694
-105.057,0.0276827,0.0462344,0.0460996,0.0460996
-105.034,0.026503,0.0472519,0.0471186,0.0471186
-105.011,0.0253168,0.0482579,0.048126,0.048126
-104.989,0.0241244,0.0492519,0.0491215,0.0491215
-104.966,0.0229261,0.0502339,0.050105,0.050105
-104.943,0.0217221,0.0512035,0.0510762,0.0510762
-104.921,0.0205128,0.0521606,0.0520348,0.0520348
-104.898,0.0192984,0.0531048,0.0529807,0.0529807
-104.875,0.0180794,0.054036,0.0539135,0.0539135
-104.853,0.0168558,0.054954,0.0548331,0.0548331
-104.83,0.0156282,0.0558584,0.0557392,0.0557392
-104.807,0.0143967,0.0567491,0.0566317,0.0566317
-104.785,0.0131616,0.0576259,0.0575102,0.0575102
-104.762,0.0119234,0.0584885,0.0583746,0.0583746
-104.739,0.0106822,0.0593368,0.0592247,0.0592247
-104.717,0.00943836,0.0601705,0.0600602,0.0600602
-104.694,0.00819222,0.0609894,0.0608809,0.0608809
-104.671,0.00694407,0.0617933,0.0616867,0.0616867
-104.649,0.00569422,0.0625821,0.0624774,0.0624774
-104.626,0.00444296,0.0633555,0.0632527,0.0632527
-104.603,0.00319061,0.0641133,0.0640125,0.0640125
-104.58,0.00193748,0.0648554,0.0647565,0.0647565
-104.558,0.000683876,0.0655815,0.0654847,0.0654847
-104.535,-0.000569899,0.0662916,0.0661967,0.0661967
-104.512,-0.00182353,0.0669853,0.0668925,0.0668925
-104.49,-0.00307672,0.0676626,0.0675719,0.0675719
-104.467,-0.00432915,0.0683233,0.0682347,0.0682347
-104.444,-0.00558052,0.0689672,0.0688806,0.0688806
-104.422,-0.00683051,0.0695942,0.0695097,0.0695097
-104.399,-0.00807883,0.0702041,0.0701217,0.0701217
-104.376,-0.00932517,0.0707967,0.0707165,0.0707165
-104.354,-0.0105692,0.071372,0.071294,0.071294
-104.331,-0.0118107,0.0719297,0.0718539,0.0718539
-104.308,-0.0130492,0.0724697,0.0723961,0.0723961
-104.286,-0.0142846,0.072992,0.0729206,0.0729206
-104.263,-0.0155164,0.0734963,0.0734272,0.0734272
-104.24,-0.0167444,0.0739826,0.0739157,0.0739157
-104.218,-0.0179683,0.0744507,0.0743861,0.0743861
-104.195,-0.0191878,0.0749005,0.0748382,0.0748382
-104.172,-0.0204026,0.0753319,0.0752719,0.0752719
-104.15,-0.0216124,0.0757449,0.0756871,0.0756871
-104.127,-0.0228168,0.0761392,0.0760838,0.0760838
-104.104,-0.0240157,0.0765148,0.0764617,0.0764617
-104.082,-0.0252087,0.0768716,0.0768209,0.0768209
-104.059,-0.0263954,0.0772096,0.0771612,0.0771612
-104.036,-0.0275757,0.0775286,0.0774825,0.0774825
-104.014,-0.0287492,0.0778285,0.0777849,0.0777849
-103.991,-0.0299157,0.0781093,0.0780681,0.0780681
-103.968,-0.0310748,0.078371,0.0783321,0.0783321
-103.946,-0.0322263,0.0786134,0.0785769,0.0785769
-103.923,-0.0333698,0.0788365,0.0788024,0.0788024
-103.9,-0.0345052,0.0790402,0.0790085,0.0790085
-103.878,-0.0356321,0.0792245,0.0791953,0.0791953
-103.855,-0.0367502,0.0793893,0.0793626,0.0793626
-103.832,-0.0378593,0.0795347,0.0795104,0.0795104
-103.81,-0.0389591,0.0796605,0.0796386,0.0796386
-103.787,-0.0400493,0.0797668,0.0797473,0.0797473
-103.764,-0.0411297,0.0798535,0.0798364,0.0798364
-103.741,-0.0422,0.0799205,0.0799059,0.0799059
-103.719,-0.04326,0.0799679,0.0799558,0.0799558
-103.696,-0.0443093,0.0799957,0.079986,0.079986
-103.673,-0.0453477,0.0800039,0.0799966,0.0799966
-103.651,-0.046375,0.0799923,0.0799875,0.0799875
-103.628,-0.0473909,0.0799612,0.0799588,0.0799588
-103.605,-0.0483952,0.0799104,0.0799104,0.0799104
-103.583,-0.0493875,0.07984,0.0798425,0.0798425
-103.56,-0.0503678,0.0797499,0.0797549,0.0797549
-103.537,-0.0513356,0.0796403,0.0796477,0.0796477
-103.515,-0.0522909,0.0795111,0.0795209,0.0795209
-103.492,-0.0532333,0.0793624,0.0793747,0.0793747
-103.469,-0.0541627,0.0791942,0.0792089,0.0792089
-103.447,-0.0550787,0.0790066,0.0790236,0.0790236
-103.424,-0.0559812,0.0787995,0.078819,0.078819
-103.401,-0.05687,0.0785731,0.078595,0.078595
-103.379,-0.0577448,0.0783274,0.0783517,0.0783517
-103.356,-0.0586054,0.0780624,0.0780891,0.0780891
-103.333,-0.0594516,0.0777783,0.0778074,0.0778074
-103.311,-0.0602832,0.0774751,0.0775066,0.0775066
-103.288,-0.0611,0.0771528,0.0771867,0.0771867
-103.265,-0.0619018,0.0768116,0.0768479,0.0768479
-103.243,-0.0626884,0.0764516,0.0764901,0.0764901
-103.22,-0.0634596,0.0760727,0.0761136,0.0761136
-103.197,-0.0642152,0.0756752,0.0757184,0.0757184
-103.175,-0.064955,0.0752591,0.0753046,0.0753046
-103.152,-0.0656789,0.0748245,0.0748723,0.0748723
-103.129,-0.0663867,0.0743716,0.0744216,0.0744216
-103.107,-0.0670781,0.0739003,0.0739527,0.0739527
-103.084,-0.0677531,0.0734109,0.0734655,0.0734655
-103.061,-0.0684114,0.0729035,0.0729604,0.0729604
-103.039,-0.0690529,0.0723782,0.0724373,0.0724373
-103.016,-0.0696775,0.0718351,0.0718964,0.0718964
-102.993,-0.070285,0.0712743,0.0713378,0.0713378
-102.971,-0.0708752,0.0706961,0.0707618,0.0707618
-102.948,-0.0714479,0.0701005,0.0701683,0.0701683
-102.925,-0.0720032,0.0694877,0.0695576,0.0695576
-102.902,-0.0725407,0.0688578,0.0689298,0.0689298
-102.88,-0.0730604,0.0682109,0.0682851,0.0682851
-102.857,-0.0735622,0.0675474,0.0676236,0.0676236
-102.834,-0.0740459,0.0668672,0.0669455,0.0669455
-102.812,-0.0745115,0.0661707,0.066251,0.066251
-102.789,-0.0749587,0.0654578,0.0655402,0.0655402
-102.766,-0.0753875,0.0647289,0.0648133,0.0648133
-102.744,-0.0757978,0.0639842,0.0640705,0.0640705
-102.721,-0.0761895,0.0632236,0.0633119,0.0633119
-102.698,-0.0765625,0.0624476,0.0625378,0.0625378
-102.676,-0.0769166,0.0616562,0.0617483,0.0617483
-102.653,-0.0772519,0.0608497,0.0609437,0.0609437
-102.63,-0.0775682,0.0600282,0.0601241,0.0601241
-102.608,-0.0778654,0.059192,0.0592897,0.0592897
-102.585,-0.0781436,0.0583413,0.0584407,0.0584407
-102.562,-0.0784025,0.0574762,0.0575774,0.0575774
-102.54,-0.0786422,0.056597,0.0567,0.0567
-102.517,-0.0788625,0.0557039,0.0558086,0.0558086
-102.494,-0.0790635,0.0547972,0.0549035,0.0549035
-102.472,-0.0792451,0.0538769,0.053985,0.053985
-102.449,-0.0794072,0.0529435,0.0530532,0.0530532
-102.426,-0.0795498,0.051997,0.0521083,0.0521083
-102.404,-0.0796728,0.0510378,0.0511507,0.0511507
-102.381,-0.0797763,0.050066,0.0501804,0.0501804
-102.358,-0.0798602,0.0490819,0.0491979,0.0491979
-102.336,-0.0799245,0.0480858,0.0482033,0.0482033
-102.313,-0.0799691,0.0470779,0.0471968,0.0471968
-102.29,-0.0799941,0.0460584,0.0461787,0.0461787
-102.268,-0.0799995,0.0450276,0.0451493,0.0451493
-102.245,-0.0799852,0.0439857,0.0441088,0.0441088
-102.222,-0.0799513,0.042933,0.0430575,0.0430575
-102.2,-0.0798977,0.0418698,0.0419956,0.0419956
-102.177,-0.0798245,0.0407963,0.0409234,0.0409234
-102.154,-0.0797317,0.0397128,0.0398411,0.0398411
-102.132,-0.0796193,0.0386196,0.038749,0.038749
-102.109,-0.0794874,0.0375168,0.0376474,0.0376474
-102.086,-0.0793359,0.0364048,0.0365366,0.0365366
-102.063,-0.0791649,0.0352839,0.0354168,0.0354168
-102.041,-0.0789745,0.0341544,0.0342883,0.0342883
-102.018,-0.0787647,0.0330164,0.0331514,0.0331514
-101.995,-0.0785356,0.0318704,0.0320063,0.0320063
-101.973,-0.0782872,0.0307165,0.0308534,0.0308534
-101.95,-0.0780195,0.029555,0.0296929,0.0296929
-101.927,-0.0777327,0.0283863,0.0285251,0.0285251
-101.905,-0.0774268,0.0272107,0.0273502,0.0273502
-101.882,-0.0771018,0.0260283,0.0261687,0.0261687
-101.859,-0.076758,0.0248396,0.0249808,0.0249808
-101.837,-0.0763953,0.0236447,0.0237867,0.0237867
-101.814,-0.0760138,0.0224441,0.0225867,0.0225867
-101.791,-0.0756136,0.0212379,0.0213812,0.0213812
-101.769,-0.0751949,0.0200266,0.0201705,0.0201705
-101.746,-0.0747577,0.0188103,0.0189548,0.0189548
-101.723,-0.0743021,0.0175894,0.0177345,0.0177345
-101.701,-0.0738283,0.0163641,0.0165098,0.0165098
-101.678,-0.0733364,0.0151349,0.015281,0.015281
-101.655,-0.0728264,0.0139019,0.0140485,0.0140485
-101.633,-0.0722986,0.0126655,0.0128125,0.0128125
-101.61,-0.071753,0.011426,0.0115734,0.0115734
-101.587,-0.0711897,0.0101837,0.0103314,0.0103314
-101.565,-0.070609,0.00893895,0.00908696,0.00908696
-101.542,-0.070011,0.00769195,0.00784022,0.00784022
-101.519,-0.0693957,0.00644307,0.00659157,0.00659157
-101.497,-0.0687634,0.0051926,0.00534129,0.00534129
-101.474,-0.0681143,0.00394088,0.0040897,0.0040897
-101.451,-0.0674483,0.00268818,0.00283711,0.00283711
-101.429,-0.0667659,0.00143482,0.00158382,0.00158382
-101.406,-0.066067,0.000181122,0.000330138,0.000330138
-101.383,-0.0653519,-0.00107265,-0.000923623,-0.000923623
-101.361,-0.0646207,-0.00232614,-0.00217716,-0.00217716
-101.338,-0.0638737,-0.00357905,-0.00343017,-0.00343017
-101.315,-0.063111,-0.00483109,-0.00468233,-0.00468233
-101.293,-0.0623327,-0.00608194,-0.00593333,-0.00593333
-101.27,-0.0615392,-0.0073313,-0.00718289,-0.00718289
-101.247,-0.0607306,-0.00857886,-0.00843068,-0.00843068
-101.224,-0.059907,-0.00982431,-0.0096764,-0.0096764
-101.202,-0.0590687,-0.0110673,-0.0109197,-0.0109197
-101.179,-0.058216,-0.0123076,-0.0121604,-0.0121604
-101.156,-0.0573489,-0.0135449,-0.0133981,-0.0133981
-101.134,-0.0564677,-0.0147789,-0.0146325,-0.0146325
-101.111,-0.0555727,-0.0160092,-0.0158633,-0.0158633
-101.088,-0.054664,-0.0172356,-0.0170902,-0.0170902
-101.066,-0.0537419,-0.0184578,-0.0183129,-0.0183129
-101.043,-0.0528066,-0.0196754,-0.0195311,-0.0195311
-101.02,-0.0518583,-0.0208882,-0.0207445,-0.0207445
-100.998,-0.0508973,-0.0220959,-0.0219528,-0.0219528
-100.975,-0.0499237,-0.0232981,-0.0231557,-0.0231557
-100.952,-0.0489379,-0.0244946,-0.024353,-0.024353
-100.93,-0.0479401,-0.0256851,-0.0255442,-0.0255442
-100.907,-0.0469306,-0.0268693,-0.0267292,-0.0267292
-100.884,-0.0459095,-0.0280469,-0.0279076,-0.0279076
-100.862,-0.0448771,-0.0292176,-0.0290792,-0.0290792
-100.839,-0.0438337,-0.0303811,-0.0302436,-0.0302436
-100.816,-0.0427795,-0.0315372,-0.0314006,-0.0314006
-100.794,-0.0417148,-0.0326855,-0.0325499,-0.0325499
-100.771,-0.0406399,-0.0338257,-0.0336912,-0.0336912
-100.748,-0.039555,-0.0349577,-0.0348242,-0.0348242
-100.726,-0.0384604,-0.0360811,-0.0359486,-0.0359486
-100.703,-0.0373563,-0.0371956,-0.0370643,-0.0370643
-100.68,-0.0362431,-0.038301,-0.0381708,-0.0381708
-100.658,-0.0351209,-0.039397,-0.0392679,-0.0392679
-100.635,-0.0339901,-0.0404833,-0.0403555,-0.0403555
-100.612,-0.032851,-0.0415596,-0.0414331,-0.0414331
-100.59,-0.0317038,-0.0426257,-0.0425005,-0.0425005
-100.567,-0.0305488,-0.0436814,-0.0435575,-0.0435575
-100.544,-0.0293864,-0.0447264,-0.0446038,-0.0446038
-100.522,-0.0282167,-0.0457603,-0.0456391,-0.0456391
-100.499,-0.02704,-0.046783,-0.0466632,-0.0466632
-100.476,-0.0258568,-0.0477943,-0.0476759,-0.0476759
-100.454,-0.0246672,-0.0487937,-0.0486768,-0.0486768
-100.431,-0.0234715,-0.0497812,-0.0496658,-0.0496658
-100.408,-0.02227,-0.0507565,-0.0506426,-0.0506426
-100.385,-0.0210631,-0.0517193,-0.051607,-0.051607
-100.363,-0.019851,-0.0526694,-0.0525587,-0.0525587
-100.34,-0.0186341,-0.0536066,-0.0534975,-0.0534975
-100.317,-0.0174125,-0.0545306,-0.0544231,-0.0544231
-100.295,-0.0161867,-0.0554412,-0.0553354,-0.0553354
-100.272,-0.0149569,-0.0563381,-0.0562341,-0.0562341
-100.249,-0.0137234,-0.0572213,-0.0571189,-0.0571189
-100.227,-0.0124866,-0.0580904,-0.0579898,-0.0579898
-100.204,-0.0112467,-0.0589452,-0.0588464,-0.0588464
-100.181,-0.010004,-0.0597855,-0.0596885,-0.0596885
-100.159,-0.00875892,-0.0606112,-0.060516,-0.060516
-100.136,-0.00751164,-0.0614219,-0.0613287,-0.0613287
-100.113,-0.00626252,-0.0622176,-0.0621262,-0.0621262
-100.091,-0.00501187,-0.062998,-0.0629085,-0.0629085
-100.068,-0.00375998,-0.0637629,-0.0636754,-0.0636754
-100.045,-0.00250716,-0.0645122,-0.0644266,-0.0644266
-100.023,-0.00125374,-0.0652456,-0.065162,-0.065162
-100,2.0392e-15,-0.065963,-0.0658813,-0.0658813
-99.9773,0.00125374,-0.0666642,-0.0665845,-0.0665845
-99.9546,0.00250716,-0.067349,-0.0672714,-0.0672714
-99.932,0.00375998,-0.0680172,-0.0679417,-0.0679417
-99.9093,0.00501187,-0.0686688,-0.0685954,-0.0685954
-99.8866,0.00626252,-0.0693035,-0.0692322,-0.0692322
-99.8639,0.00751164,-0.0699212,-0.069852,-0.069852
-99.8413,0.00875892,-0.0705217,-0.0704546,-0.0704546
-99.8186,0.010004,-0.0711048,-0.0710399,-0.0710399
-99.7959,0.0112467,-0.0716705,-0.0716078,-0.0716078
-99.7732,0.0124866,-0.0722186,-0.0721581,-0.0721581
-99.7506,0.0137234,-0.072749,-0.0726907,-0.0726907
-99.7279,0.0149569,-0.0732615,-0.0732054,-0.0732054
-99.7052,0.0161867,-0.073756,-0.0737021,-0.0737021
-99.6825,0.0174125,-0.0742324,-0.0741808,-0.0741808
-99.6599,0.0186341,-0.0746905,-0.0746412,-0.0746412
-99.6372,0.019851,-0.0751303,-0.0750833,-0.0750833
-99.6145,0.0210631,-0.0755516,-0.0755069,-0.0755069
-99.5918,0.02227,-0.0759544,-0.075912,-0.075912
-99.5692,0.0234715,-0.0763386,-0.0762985,-0.0762985
-99.5465,0.0246672,-0.076704,-0.0766662,-0.0766662
-99.5238,0.0258568,-0.0770505,-0.0770151,-0.0770151
-99.5011,0.02704,-0.0773781,-0.077345,-0.077345
-99.4785,0.0282167,-0.0776867,-0.077656,-0.077656
-99.4558,0.0293864,-0.0779762,-0.0779479,-0.0779479
-99.4331,0.0305488,-0.0782466,-0.0782207,-0.0782207
-99.4104,0.0317038,-0.0784978,-0.0784742,-0.0784742
-99.3878,0.032851,-0.0787296,-0.0787085,-0.0787085
-99.3651,0.0339901,-0.0789422,-0.0789234,-0.0789234
-99.3424,0.0351209,-0.0791353,-0.079119,-0.079119
-99.3197,0.0362431,-0.079309,-0.0792951,-0.0792951
-99.2971,0.0373563,-0.0794632,-0.0794517,-0.0794517
-99.2744,0.0384604,-0.0795979,-0.0795889,-0.0795889
-99.2517,0.039555,-0.0797131,-0.0797064,-0.0797064
-99.229,0.0406399,-0.0798087,-0.0798044,-0.0798044
-99.2063,0.0417148,-0.0798846,-0.0798829,-0.0798829
-99.1837,0.0427795,-0.079941,-0.0799416,-0.0799416
-99.161,0.0438337,-0.0799777,-0.0799808,-0.0799808
-99.1383,0.0448771,-0.0799947,-0.0800003,-0.0800003
-99.1156,0.0459095,-0.0799922,-0.0800002,-0.0800002
-99.093,0.0469306,-0.0799699,-0.0799804,-0.0799804
-99.0703,0.0479401,-0.0799281,-0.0799409,-0.0799409
-99.0476,0.0489379,-0.0798666,-0.0798819,-0.0798819
-99.0249,0.0499237,-0.0797854,-0.0798032,-0.0798032
-99.0023,0.0508973,-0.0796847,-0.0797049,-0.0797049
-98.9796,0.0518583,-0.0795644,-0.079587,-0.079587
-98.9569,0.0528066,-0.0794246,-0.0794496,-0.0794496
-98.9342,0.0537419,-0.0792653,-0.0792927,-0.0792927
-98.9116,0.054664,-0.0790864,-0.0791163,-0.0791163
-98.8889,0.0555727,-0.0788882,-0.0789204,-0.0789204
-98.8662,0.0564677,-0.0786706,-0.0787052,-0.0787052
-98.8435,0.0573489,-0.0784336,-0.0784707,-0.0784707
-98.8209,0.058216,-0.0781774,-0.0782169,-0.0782169
-98.7982,0.0590687,-0.077902,-0.0779438,-0.0779438
-98.7755,0.059907,-0.0776075,-0.0776517,-0.0776517
-98.7528,0.0607306,-0.0772939,-0.0773404,-0.0773404
-98.7302,0.0615392,-0.0769613,-0.0770102,-0.0770102
-98.7075,0.0623327,-0.0766098,-0.076661,-0.076661
-98.6848,0.063111,-0.0762394,-0.076293,-0.076293
-98.6621,0.0638737,-0.0758504,-0.0759063,-0.0759063
-98.6395,0.0646207,-0.0754427,-0.0755009,-0.0755009
-98.6168,0.0653519,-0.0750165,-0.075077,-0.075077
-98.5941,0.066067,-0.0745719,-0.0746347,-0.0746347
-98.5714,0.0667659,-0.0741089,-0.074174,-0.074174
-98.5488,0.0674483,-0.0736278,-0.0736951,-0.0736951
-98.5261,0.0681143,-0.0731285,-0.0731981,-0.0731981
-98.5034,0.0687634,-0.0726113,-0.0726831,-0.0726831
-98.4807,0.0693957,-0.0720763,-0.0721503,-0.0721503
-98.458,0.070011,-0.0715236,-0.0715997,-0.0715997
-98.4354,0.070609,-0.0709533,-0.0710316,-0.0710316
-98.4127,0.0711897,-0.0703655,-0.070446,-0.070446
-98.39,0.071753,-0.0697605,-0.0698431,-0.0698431
-98.3673,0.0722986,-0.0691383,-0.0692231,-0.0692231
-98.3447,0.0728264,-0.0684992,-0.0685861,-0.0685861
-98.322,0.0733364,-0.0678432,-0.0679322,-0.0679322
-98.2993,0.0738283,-0.0671706,-0.0672616,-0.0672616
-98.2766,0.0743021,-0.0664815,-0.0665745,-0.0665745
-98.254,0.0747577,-0.065776,-0.0658711,-0.0658711
-98.2313,0.0751949,-0.0650544,-0.0651515,-0.0651515
-98.2086,0.0756136,-0.0643168,-0.0644158,-0.0644158
-98.1859,0.0760138,-0.0635634,-0.0636644,-0.0636644
-98.1633,0.0763953,-0.0627944,-0.0628973,-0.0628973
-98.1406,0.076758,-0.06201,-0.0621148,-0.0621148
-98.1179,0.0771018,-0.0612103,-0.061317,-0.061317
-98.0952,0.0774268,-0.0603956,-0.0605042,-0.0605042
-98.0726,0.0777327,-0.0595661,-0.0596765,-0.0596765
-98.0499,0.0780195,-0.0587219,-0.0588341,-0.0588341
-98.0272,0.0782872,-0.0578634,-0.0579773,-0.0579773
-98.0045,0.0785356,-0.0569906,-0.0571062,-0.0571062
-97.9819,0.0787647,-0.0561038,-0.0562212,-0.0562212
-97.9592,0.0789745,-0.0552032,-0.0553223,-0.0553223
-97.9365,0.0791649,-0.0542891,-0.0544098,-0.0544098
-97.9138,0.0793359,-0.0533616,-0.053484,-0.053484
-97.8912,0.0794874,-0.052421,-0.052545,-0.052545
-97.8685,0.0796193,-0.0514675,-0.0515931,-0.0515931
-97.8458,0.0797317,-0.0505014,-0.0506286,-0.0506286
-97.8231,0.0798245,-0.0495229,-0.0496516,-0.0496516
-97.8005,0.0798977,-0.0485322,-0.0486624,-0.0486624
-97.7778,0.0799513,-0.0475297,-0.0476613,-0.0476613
-97.7551,0.0799852,-0.0465154,-0.0466485,-0.0466485
-97.7324,0.0799995,-0.0454897,-0.0456242,-0.0456242
-97.7098,0.0799941,-0.0444528,-0.0445887,-0.0445887
-97.6871,0.0799691,-0.043405,-0.0435422,-0.0435422
-97.6644,0.0799245,-0.0423466,-0.0424851,-0.0424851
-97.6417,0.0798602,-0.0412777,-0.0414175,-0.0414175
-97.619,0.0797763,-0.0401988,-0.0403398,-0.0403398
-97.5964,0.0796728,-0.0391099,-0.0392521,-0.0392521
-97.5737,0.0795498,-0.0380114,-0.0381548,-0.0381548
-97.551,0.0794072,-0.0369036,-0.0370481,-0.0370481
-97.5283,0.0792451,-0.0357867,-0.0359324,-0.0359324
-97.5057,0.0790635,-0.0346611,-0.0348078,-0.0348078
-97.483,0.0788625,-0.0335269,-0.0336746,-0.0336746
-97.4603,0.0786422,-0.0323845,-0.0325332,-0.0325332
-97.4376,0.0784025,-0.0312341,-0.0313838,-0.0313838
-97.415,0.0781436,-0.0300761,-0.0302267,-0.0302267
-97.3923,0.0778654,-0.0289106,-0.0290622,-0.0290622
-97.3696,0.0775682,-0.0277381,-0.0278905,-0.0278905
-97.3469,0.0772519,-0.0265588,-0.026712,-0.026712
-97.3243,0.0769166,-0.0253729,-0.0255269,-0.0255269
-97.3016,0.0765625,-0.0241808,-0.0243356,-0.0243356
-97.2789,0.0761895,-0.0229827,-0.0231382,-0.0231382
-97.2562,0.0757978,-0.0217791,-0.0219352,-0.0219352
-97.2336,0.0753875,-0.02057,-0.0207268,-0.0207268
-97.2109,0.0749587,-0.0193559,-0.0195133,-0.0195133
-97.1882,0.0745115,-0.0181371,-0.018295,-0.018295
-97.1655,0.0740459,-0.0169138,-0.0170723,-0.0170723
-97.1429,0.0735622,-0.0156863,-0.0158453,-0.0158453
-97.1202,0.0730604,-0.014455,-0.0146144,-0.0146144
-97.0975,0.0725407,-0.0132201,-0.01338,-0.01338
-97.0748,0.0720032,-0.011982,-0.0121423,-0.0121423
-97.0522,0.0714479,-0.010741,-0.0109015,-0.0109015
-97.0295,0.0708752,-0.00949727,-0.00965816,-0.00965816
-97.0068,0.070285,-0.00825124,-0.00841239,-0.00841239
-96.9841,0.0696775,-0.00700319,-0.00716456,-0.00716456
-96.9615,0.0690529,-0.00575341,-0.00591497,-0.00591497
-96.9388,0.0684114,-0.00450221,-0.00466394,-0.00466394
-96.9161,0.0677531,-0.00324992,-0.00341175,-0.00341175
-96.8934,0.0670781,-0.00199682,-0.00215872,-0.00215872
-96.8707,0.0663867,-0.000743234,-0.000905166,-0.000905166
-96.8481,0.0656789,0.000510532,0.000348609,0.000348609
-96.8254,0.064955,0.00176419,0.0016023,0.0016023
-96.8027,0.0642152,0.0030174,0.00285559,0.00285559
-96.78,0.0634596,0.00426988,0.00410818,0.00410818
-96.7574,0.0626884,0.0055213,0.00535976,0.00535976
-96.7347,0.0619018,0.00677137,0.00661003,0.00661003
-96.712,0.0611,0.00801978,0.00785867,0.00785867
-96.6893,0.0602832,0.00926622,0.00910538,0.00910538
-96.6667,0.0594516,0.0105104,0.0103499,0.0103499
-96.644,0.0586054,0.011752,0.0115918,0.0115918
-96.6213,0.0577448,0.0129907,0.0128309,0.0128309
-96.5986,0.05687,0.0142262,0.0140668,0.0140668
-96.576,0.0559812,0.0154582,0.0152993,0.0152993
-96.5533,0.0550787,0.0166864,0.016528,0.016528
-96.5306,0.0541627,0.0179105,0.0177527,0.0177527
-96.5079,0.0532333,0.0191303,0.018973,0.018973
-96.4853,0.0522909,0.0203453,0.0201886,0.0201886
-96.4626,0.0513356,0.0215553,0.0213993,0.0213993
-96.4399,0.0503678,0.0227601,0.0226047,0.0226047
-96.4172,0.0493875,0.0239592,0.0238046,0.0238046
-96.3946,0.0483952,0.0251525,0.0249986,0.0249986
-96.3719,0.0473909,0.0263396,0.0261865,0.0261865
-96.3492,0.046375,0.0275202,0.0273679,0.0273679
-96.3265,0.0453477,0.028694,0.0285427,0.0285427
-96.3039,0.0443093,0.0298609,0.0297104,0.0297104
-96.2812,0.04326,0.0310203,0.0308708,0.0308708
-96.2585,0.0422,0.0321722,0.0320236,0.0320236
-96.2358,0.0411297,0.0333161,0.0331686,0.0331686
-96.2132,0.0400493,0.0344519,0.0343054,0.0343054
-96.1905,0.0389591,0.0355792,0.0354338,0.0354338
-96.1678,0.0378593,0.0366978,0.0365535,0.0365535
-96.1451,0.0367502,0.0378074,0.0376642,0.0376642
-96.1224,0.0356321,0.0389077,0.0387657,0.0387657
-96.0998,0.0345052,0.0399984,0.0398576,0.0398576
-96.0771,0.0333698,0.0410793,0.0409398,0.0409398
-96.0544,0.0322263,0.0421501,0.0420119,0.0420119
-96.0317,0.0310748,0.0432106,0.0430736,0.0430736
-96.0091,0.0299157,0.0442604,0.0441248,0.0441248
-95.9864,0.0287492,0.0452994,0.0451652,0.0451652
-95.9637,0.0275757,0.0463273,0.0461945,0.0461945
-95.941,0.0263954,0.0473437,0.0472124,0.0472124
-95.9184,0.0252087,0.0483486,0.0482187,0.0482187
-95.8957,0.0240157,0.0493416,0.0492132,0.0492132
-95.873,0.0228168,0.0503224,0.0501956,0.0501956
-95.8503,0.0216124,0.0512909,0.0511656,0.0511656
-95.8277,0.0204026,0.0522468,0.0521231,0.0521231
-95.805,0.0191878,0.0531899,0.0530678,0.0530678
-95.7823,0.0179683,0.0541199,0.0539995,0.0539995
-95.7596,0.0167444,0.0550366,0.0549178,0.0549178
-95.737,0.0155164,0.0559398,0.0558227,0.0558227
-95.7143,0.0142846,0.0568293,0.0567139,0.0567139
-95.6916,0.0130492,0.0577048,0.0575912,0.0575912
-95.6689,0.0118107,0.0585661,0.0584543,0.0584543
-95.6463,0.0105692,0.059413,0.0593031,0.0593031
-95.6236,0.00932517,0.0602454,0.0601372,0.0601372
-95.6009,0.00807883,0.0610629,0.0609567,0.0609567
-95.5782,0.00683051,0.0618655,0.0617611,0.0617611
-95.5556,0.00558052,0.0626529,0.0625504,0.0625504
-95.5329,0.00432915,0.0634248,0.0633243,0.0633243
-95.5102,0.00307672,0.0641812,0.0640827,0.0640827
-95.4875,0.00182353,0.0649218,0.0648253,0.0648253
-95.4649,0.000569899,0.0656465,0.065552,0.065552
-95.4422,-0.000683876,0.0663551,0.0662626,0.0662626
-95.4195,-0.00193748,0.0670474,0.0669569,0.0669569
-95.3968,-0.00319061,0.0677232,0.0676348,0.0676348
-95.3741,-0.00444296,0.0683824,0.068296,0.068296
-95.3515,-0.00569422,0.0690247,0.0689405,0.0689405
-95.3288,-0.00694407,0.0696501,0.0695681,0.0695681
-95.3061,-0.00819222,0.0702585,0.0701785,0.0701785
-95.2834,-0.00943836,0.0708495,0.0707717,0.0707717
-95.2608,-0.0106822,0.0714232,0.0713476,0.0713476
-95.2381,-0.0119234,0.0719793,0.0719059,0.0719059
-95.2154,-0.0131616,0.0725177,0.0724466,0.0724466
-95.1927,-0.0143967,0.0730384,0.0729694,0.0729694
-95.1701,-0.0156282,0.0735411,0.0734744,0.0734744
-95.1474,-0.0168558,0.0740257,0.0739613,0.0739613
-95.1247,-0.0180794,0.0744921,0.07443,0.07443
-95.102,-0.0192984,0.0749403,0.0748805,0.0748805
-95.0794,-0.0205128,0.07537,0.0753125,0.0753125
-95.0567,-0.0217221,0.0757813,0.075726,0.075726
-95.034,-0.0229261,0.0761739,0.076121,0.076121
-95.0113,-0.0241244,0.0765478,0.0764973,0.0764973
-94.9887,-0.0253168,0.0769029,0.0768547,0.0768547
-94.966,-0.026503,0.0772391,0.0771933,0.0771933
-94.9433,-0.0276827,0.0775564,0.077513,0.077513
-94.9206,-0.0288556,0.0778546,0.0778136,0.0778136
-94.898,-0.0300214,0.0781337,0.078095,0.078095
-94.8753,-0.0311798,0.0783935,0.0783573,0.0783573
-94.8526,-0.0323305,0.0786342,0.0786004,0.0786004
-94.8299,-0.0334734,0.0788555,0.0788241,0.0788241
-94.8073,-0.034608,0.0790575,0.0790285,0.0790285
-94.7846,-0.0357341,0.07924,0.0792135,0.0792135
-94.7619,-0.0368514,0.0794031,0.079379,0.079379
-94.7392,-0.0379597,0.0795467,0.079525,0.079525
-94.7166,-0.0390586,0.0796707,0.0796515,0.0796515
-94.6939,-0.040148,0.0797752,0.0797584,0.0797584
-94.6712,-0.0412275,0.0798601,0.0798458,0.0798458
-94.6485,-0.0422968,0.0799253,0.0799135,0.0799135
-94.6259,-0.0433558,0.079971,0.0799616,0.0799616
-94.6032,-0.0444041,0.079997,0.07999,0.07999
-94.5805,-0.0454416,0.0800033,0.0799988,0.0799988
-94.5578,-0.0464678,0.07999,0.079988,0.079988
-94.5351,-0.0474827,0.0799571,0.0799575,0.0799575
-94.5125,-0.0484859,0.0799045,0.0799074,0.0799074
-94.4898,-0.0494771,0.0798323,0.0798376,0.0798376
-94.4671,-0.0504563,0.0797404,0.0797482,0.0797482
-94.4444,-0.051423,0.079629,0.0796393,0.0796393
-94.4218,-0.0523771,0.0794981,0.0795108,0.0795108
-94.3991,-0.0533183,0.0793476,0.0793627,0.0793627
-94.3764,-0.0542465,0.0791776,0.0791952,0.0791952
-94.3537,-0.0551613,0.0789882,0.0790082,0.0790082
-94.3311,-0.0560626,0.0787794,0.0788018,0.0788018
-94.3084,-0.0569501,0.0785512,0.0785761,0.0785761
-94.2857,-0.0578236,0.0783037,0.078331,0.078331
-94.263,-0.0586829,0.0780371,0.0780667,0.0780667
-94.2404,-0.0595278,0.0777512,0.0777832,0.0777832
-94.2177,-0.0603581,0.0774462,0.0774807,0.0774807
-94.195,-0.0611735,0.0771223,0.0771591,0.0771591
-94.1723,-0.0619739,0.0767793,0.0768185,0.0768185
-94.1497,-0.0627591,0.0764176,0.0764591,0.0764591
-94.127,-0.0635289,0.076037,0.0760809,0.0760809
-94.1043,-0.0642831,0.0756378,0.075684,0.075684
-94.0816,-0.0650215,0.07522,0.0752685,0.0752685
-94.059,-0.0657439,0.0747837,0.0748346,0.0748346
-94.0363,-0.0664502,0.0743291,0.0743822,0.0743822
-94.0136,-0.0671402,0.0738562,0.0739116,0.0739116
-93.9909,-0.0678136,0.0733651,0.0734228,0.0734228
-93.9683,-0.0684704,0.0728561,0.072916,0.072916
-93.9456,-0.0691104,0.0723291,0.0723913,0.0723913
-93.9229,-0.0697334,0.0717844,0.0718488,0.0718488
-93.9002,-0.0703393,0.0712221,0.0712887,0.0712887
-93.8776,-0.0709279,0.0706423,0.070711,0.070711
-93.8549,-0.0714991,0.0700451,0.070116,0.070116
-93.8322,-0.0720528,0.0694307,0.0695038,0.0695038
-93.8095,-0.0725887,0.0687992,0.0688744,0.0688744
-93.7868,-0.0731068,0.0681509,0.0682282,0.0682282
-93.7642,-0.0736069,0.0674858,0.0675652,0.0675652
-93.7415,-0.074089,0.0668042,0.0668856,0.0668856
-93.7188,-0.0745529,0.0661061,0.0661896,0.0661896
-93.6961,-0.0749984,0.0653918,0.0654774,0.0654774
-93.6735,-0.0754256,0.0646615,0.064749,0.064749
-93.6508,-0.0758342,0.0639152,0.0640047,0.0640047
-93.6281,-0.0762242,0.0631533,0.0632448,0.0632448
-93.6054,-0.0765954,0.0623758,0.0624693,0.0624693
-93.5828,-0.0769479,0.0615831,0.0616784,0.0616784
-93.5601,-0.0772814,0.0607752,0.0608724,0.0608724
-93.5374,-0.077596,0.0599524,0.0600514,0.0600514
-93.5147,-0.0778915,0.0591148,0.0592157,0.0592157
-93.4921,-0.0781679,0.0582628,0.0583655,0.0583655
-93.4694,-0.0784251,0.0573964,0.0575009,0.0575009
-93.4467,-0.078663,0.0565159,0.0566222,0.0566222
-93.424,-0.0788816,0.0556216,0.0557296,0.0557296
-93.4014,-0.0790808,0.0547136,0.0548233,0.0548233
-93.3787,-0.0792606,0.0537921,0.0539035,0.0539035
-93.356,-0.0794209,0.0528575,0.0529705,0.0529705
-93.3333,-0.0795618,0.0519098,0.0520245,0.0520245
-93.3107,-0.079683,0.0509495,0.0510657,0.0510657
-93.288,-0.0797847,0.0499765,0.0500943,0.0500943
-93.2653,-0.0798669,0.0489914,0.0491107,0.0491107
-93.2426,-0.0799294,0.0479942,0.048115,0.048115
-93.22,-0.0799722,0.0469852,0.0471074,0.0471074
-93.1973,-0.0799954,0.0459646,0.0460883,0.0460883
-93.1746,-0.079999,0.0449328,0.0450579,0.0450579
-93.1519,-0.0799829,0.04389,0.0440164,0.0440164
-93.1293,-0.0799472,0.0428363,0.0429641,0.0429641
-93.1066,-0.0798918,0.0417722,0.0419013,0.0419013
-93.0839,-0.0798169,0.0406977,0.0408281,0.0408281
-93.0612,-0.0797223,0.0396133,0.039745,0.039745
-93.0385,-0.0796081,0.0385192,0.038652,0.038652
-93.0159,-0.0794744,0.0374156,0.0375496,0.0375496
-92.9932,-0.0793212,0.0363028,0.036438,0.036438
-92.9705,-0.0791484,0.0351811,0.0353174,0.0353174
-92.9478,-0.0789563,0.0340507,0.0341881,0.0341881
-92.9252,-0.0787447,0.032912,0.0330504,0.0330504
-92.9025,-0.0785138,0.0317652,0.0319046,0.0319046
-92.8798,-0.0782636,0.0306106,0.030751,0.030751
-92.8571,-0.0779942,0.0294485,0.0295898,0.0295898
-92.8345,-0.0777057,0.0282792,0.0284214,0.0284214
-92.8118,-0.077398,0.0271029,0.027246,0.027246
-92.7891,-0.0770714,0.02592,0.0260638,0.0260638
-92.7664,-0.0767258,0.0247307,0.0248753,0.0248753
-92.7438,-0.0763614,0.0235353,0.0236807,0.0236807
-92.7211,-0.0759782,0.0223341,0.0224802,0.0224802
-92.6984,-0.0755763,0.0211275,0.0212743,0.0212743
-92.6757,-0.0751559,0.0199156,0.0200631,0.0200631
-92.6531,-0.074717,0.0186989,0.018847,0.018847
-92.6304,-0.0742598,0.0174776,0.0176262,0.0176262
-92.6077,-0.0737843,0.016252,0.0164011,0.0164011
-92.585,-0.0732908,0.0150224,0.015172,0.015172
-92.5624,-0.0727792,0.0137891,0.0139392,0.0139392
-92.5397,-0.0722497,0.0125524,0.0127029,0.0127029
-92.517,-0.0717025,0.0113126,0.0114635,0.0114635
-92.4943,-0.0711377,0.0100701,0.0102214,0.0102214
-92.4717,-0.0705554,0.00882508,0.00897664,0.00897664
-92.449,-0.0699558,0.0075779,0.00772974,0.00772974
-92.4263,-0.069339,0.00632887,0.00648093,0.00648093
-92.4036,-0.0687051,0.00507829,0.00523053,0.00523053
-92.381,-0.0680544,0.00382644,0.00397885,0.00397885
-92.3583,-0.067387,0.00257366,0.00272618,0.00272618
-92.3356,-0.066703,0.00132026,0.00147285,0.00147285
-92.3129,-0.0660026,6.65196e-05,0.000219153,0.000219153
-92.2902,-0.0652861,-0.00118723,-0.0010346,-0.0010346
-92.2676,-0.0645535,-0.00244067,-0.00228809,-0.00228809
-92.2449,-0.063805,-0.00369352,-0.00354102,-0.00354102
-92.2222,-0.0630409,-0.00494547,-0.00479308,-0.00479308
-92.1995,-0.0622612,-0.0061962,-0.00604397,-0.00604397
-92.1769,-0.0614663,-0.00744541,-0.00729337,-0.00729337
-92.1542,-0.0606563,-0.00869278,-0.00854098,-0.00854098
-92.1315,-0.0598314,-0.00993803,-0.00978649,-0.00978649
-92.1088,-0.0589918,-0.0111808,-0.0110296,-0.0110296
-92.0862,-0.0581377,-0.0124209,-0.01227,-0.01227
-92.0635,-0.0572693,-0.0136579,-0.0135074,-0.0135074
-92.0408,-0.0563869,-0.0148915,-0.0147414,-0.0147414
-92.0181,-0.0554906,-0.0161215,-0.0159719,-0.0159719
-91.9955,-0.0545807,-0.0173476,-0.0171984,-0.0171984
-91.9728,-0.0536574,-0.0185693,-0.0184207,-0.0184207
-91.9501,-0.0527209,-0.0197865,-0.0196385,-0.0196385
-91.9274,-0.0517714,-0.0209989,-0.0208514,-0.0208514
-91.9048,-0.0508093,-0.022206,-0.0220593,-0.0220593
-91.8821,-0.0498346,-0.0234078,-0.0232617,-0.0232617
-91.8594,-0.0488477,-0.0246037,-0.0244584,-0.0244584
-91.8367,-0.0478488,-0.0257937,-0.0256491,-0.0256491
-91.8141,-0.0468382,-0.0269773,-0.0268335,-0.0268335
-91.7914,-0.0458161,-0.0281543,-0.0280113,-0.0280113
-91.7687,-0.0447827,-0.0293243,-0.0291822,-0.0291822
-91.746,-0.0437383,-0.0304872,-0.0303459,-0.0303459
-91.7234,-0.0426831,-0.0316425,-0.0315022,-0.0315022
-91.7007,-0.0416175,-0.0327901,-0.0326508,-0.0326508
-91.678,-0.0405417,-0.0339296,-0.0337913,-0.0337913
-91.6553,-0.0394559,-0.0350608,-0.0349236,-0.0349236
-91.6327,-0.0383604,-0.0361835,-0.0360472,-0.0360472
-91.61,-0.0372555,-0.0372971,-0.0371621,-0.0371621
-91.5873,-0.0361414,-0.0384017,-0.0382677,-0.0382677
-91.5646,-0.0350185,-0.0394968,-0.039364,-0.039364
-91.542,-0.0338869,-0.0405822,-0.0404506,-0.0404506
-91.5193,-0.0327471,-0.0416576,-0.0415273,-0.0415273
-91.4966,-0.0315991,-0.0427228,-0.0425938,-0.0425938
-91.4739,-0.0304435,-0.0437776,-0.0436498,-0.0436498
-91.4512,-0.0292803,-0.0448215,-0.0446951,-0.0446951
-91.4286,-0.02811,-0.0458544,-0.0457294,-0.0457294
-91.4059,-0.0269327,-0.0468761,-0.0467525,-0.0467525
-91.3832,-0.0257489,-0.0478863,-0.0477641,-0.0477641
-91.3605,-0.0245587,-0.0488847,-0.048764,-0.048764
-91.3379,-0.0233625,-0.0498711,-0.0497519,-0.0497519
-91.3152,-0.0221605,-0.0508453,-0.0507275,-0.0507275
-91.2925,-0.0209531,-0.0518069,-0.0516907,-0.0516907
-91.2698,-0.0197406,-0.0527559,-0.0526413,-0.0526413
-91.2472,-0.0185232,-0.0536918,-0.0535788,-0.0535788
-91.2245,-0.0173013,-0.0546146,-0.0545033,-0.0545033
-91.2018,-0.0160751,-0.055524,-0.0554143,-0.0554143
-91.1791,-0.0148449,-0.0564197,-0.0563117,-0.0563117
-91.1565,-0.0136111,-0.0573016,-0.0571953,-0.0571953
-91.1338,-0.012374,-0.0581694,-0.0580649,-0.0580649
-91.1111,-0.0111338,-0.0590229,-0.0589202,-0.0589202
-91.0884,-0.00989095,-0.0598619,-0.059761,-0.059761
-91.0658,-0.00864561,-0.0606862,-0.0605871,-0.0605871
-91.0431,-0.00739816,-0.0614956,-0.0613984,-0.0613984
-91.0204,-0.00614889,-0.0622899,-0.0621946,-0.0621946
-90.9977,-0.0048981,-0.0630689,-0.0629755,-0.0629755
-90.9751,-0.00364612,-0.0638324,-0.0637409,-0.0637409
-90.9524,-0.00239324,-0.0645803,-0.0644907,-0.0644907
-90.9297,-0.00113977,-0.0653122,-0.0652246,-0.0652246
-90.907,0.000113981,-0.0660281,-0.0659425,-0.0659425
-90.8844,0.0013677,-0.0667278,-0.0666442,-0.0666442
-90.8617,0.00262109,-0.0674111,-0.0673296,-0.0673296
-90.839,0.00387383,-0.0680779,-0.0679984,-0.0679984
-90.8163,0.00512562,-0.0687279,-0.0686505,-0.0686505
-90.7937,0.00637615,-0.0693611,-0.0692858,-0.0692858
-90.771,0.00762511,-0.0699772,-0.069904,-0.069904
-90.7483,0.00887221,-0.0705761,-0.0705051,-0.0705051
-90.7256,0.0101171,-0.0711577,-0.0710888,-0.0710888
-90.7029,0.0113595,-0.0717218,-0.0716551,-0.0716551
-90.6803,0.0125992,-0.0722683,-0.0722037,-0.0722037
-90.6576,0.0138357,-0.0727971,-0.0727347,-0.0727347
-90.6349,0.0150689,-0.0733079,-0.0732478,-0.0732478
-90.6122,0.0162983,-0.0738008,-0.0737429,-0.0737429
-90.5896,0.0175238,-0.0742755,-0.0742199,-0.0742199
-90.5669,0.0187449,-0.074732,-0.0746786,-0.0746786
-90.5442,0.0199614,-0.0751701,-0.075119,-0.075119
-90.5215,0.0211731,-0.0755898,-0.075541,-0.075541
-90.4989,0.0223795,-0.0759909,-0.0759444,-0.0759444
-90.4762,0.0235804,-0.0763733,-0.0763291,-0.0763291
-90.4535,0.0247756,-0.076737,-0.0766951,-0.0766951
-90.4308,0.0259646,-0.0770818,-0.0770423,-0.0770423
-90.4082,0.0271473,-0.0774077,-0.0773705,-0.0773705
-90.3855,0.0283233,-0.0777146,-0.0776798,-0.0776798
-90.3628,0.0294924,-0.0780024,-0.0779699,-0.0779699
-90.3401,0.0306542,-0.078271,-0.0782409,-0.0782409
-90.3175,0.0318084,-0.0785204,-0.0784927,-0.0784927
-90.2948,0.0329549,-0.0787505,-0.0787252,-0.0787252
-90.2721,0.0340933,-0.0789613,-0.0789384,-0.0789384
-90.2494,0.0352233,-0.0791527,-0.0791322,-0.0791322
-90.2268,0.0363446,-0.0793246,-0.0793065,-0.0793065
-90.2041,0.037457,-0.079477,-0.0794614,-0.0794614
-90.1814,0.0385603,-0.07961,-0.0795967,-0.0795967
-90.1587,0.039654,-0.0797234,-0.0797125,-0.0797125
-90.1361,0.040738,-0.0798172,-0.0798087,-0.0798087
-90.1134,0.041812,-0.0798913,-0.0798853,-0.0798853
-90.0907,0.0428758,-0.0799459,-0.0799424,-0.0799424
-90.068,0.043929,-0.0799808,-0.0799797,-0.0799797
-90.0454,0.0449714,-0.0799961,-0.0799974,-0.0799974
-90.0227,0.0460028,-0.0799918,-0.0799955,-0.0799955
-90,0.0470228,-0.0799677,-0.0799739,-0.0799739
-89.9773,0.0480313,-0.0799241,-0.0799327,-0.0799327
-89.9546,0.0490281,-0.0798608,-0.0798719,-0.0798719
-89.932,0.0500127,-0.0797779,-0.0797914,-0.0797914
-89.9093,0.0509851,-0.0796754,-0.0796913,-0.0796913
-89.8866,0.051945,-0.0795533,-0.0795716,-0.0795716
-89.8639,0.0528921,-0.0794117,-0.0794325,-0.0794325
-89.8413,0.0538262,-0.0792506,-0.0792737,-0.0792737
-89.8186,0.0547471,-0.07907,-0.0790955,-0.0790955
-89.7959,0.0556546,-0.07887,-0.0788979,-0.0788979
-89.7732,0.0565484,-0.0786506,-0.078681,-0.078681
-89.7506,0.0574283,-0.0784119,-0.0784447,-0.0784447
-89.7279,0.0582941,-0.078154,-0.0781891,-0.0781891
-89.7052,0.0591456,-0.0778768,-0.0779143,-0.0779143
-89.6825,0.0599825,-0.0775805,-0.0776204,-0.0776204
-89.6599,0.0608047,-0.0772652,-0.0773074,-0.0773074
-89.6372,0.061612,-0.0769309,-0.0769754,-0.0769754
-89.6145,0.0624041,-0.0765777,-0.0766245,-0.0766245
-89.5918,0.063181,-0.0762056,-0.0762549,-0.0762549
-89.5692,0.0639423,-0.0758149,-0.0758664,-0.0758664
-89.5465,0.0646878,-0.0754055,-0.0754594,-0.0754594
-89.5238,0.0654176,-0.0749777,-0.0750338,-0.0750338
-89.5011,0.0661312,-0.0745314,-0.0745897,-0.0745897
-89.4785,0.0668286,-0.0740668,-0.0741274,-0.0741274
-89.4558,0.0675096,-0.0735839,-0.0736468,-0.0736468
-89.4331,0.068174,-0.0730831,-0.0731482,-0.0731482
-89.4104,0.0688216,-0.0725643,-0.0726316,-0.0726316
-89.3878,0.0694524,-0.0720276,-0.0720971,-0.0720971
-89.3651,0.0700661,-0.0714733,-0.071545,-0.071545
-89.3424,0.0706625,-0.0709014,-0.0709752,-0.0709752
-89.3197,0.0712417,-0.0703121,-0.0703881,-0.0703881
-89.2971,0.0718033,-0.0697055,-0.0697836,-0.0697836
-89.2744,0.0723473,-0.0690818,-0.069162,-0.069162
-89.2517,0.0728735,-0.0684411,-0.0685234,-0.0685234
-89.229,0.0733818,-0.0677836,-0.067868,-0.067868
-89.2063,0.0738721,-0.0671095,-0.0671959,-0.0671959
-89.1837,0.0743443,-0.0664188,-0.0665074,-0.0665074
-89.161,0.0747982,-0.0657119,-0.0658024,-0.0658024
-89.1383,0.0752337,-0.0649888,-0.0650814,-0.0650814
-89.1156,0.0756508,-0.0642498,-0.0643443,-0.0643443
-89.093,0.0760492,-0.063495,-0.0635914,-0.0635914
-89.0703,0.076429,-0.0627246,-0.0628229,-0.0628229
-89.0476,0.07679,-0.0619387,-0.062039,-0.062039
-89.0249,0.0771322,-0.0611377,-0.0612398,-0.0612398
-89.0023,0.0774554,-0.0603217,-0.0604256,-0.0604256
-88.9796,0.0777596,-0.0594908,-0.0595965,-0.0595965
-88.9569,0.0780446,-0.0586453,-0.0587529,-0.0587529
-88.9342,0.0783106,-0.0577854,-0.0578947,-0.0578947
-88.9116,0.0785572,-0.0569113,-0.0570224,-0.0570224
-88.8889,0.0787846,-0.0560233,-0.0561361,-0.0561361
-88.8662,0.0789927,-0.0551215,-0.0552359,-0.0552359
-88.8435,0.0791813,-0.0542061,-0.0543222,-0.0543222
-88.8209,0.0793505,-0.0532774,-0.0533952,-0.0533952
-88.7982,0.0795002,-0.0523357,-0.052455,-0.052455
-88.7755,0.0796303,-0.0513811,-0.051502,-0.051502
-88.7528,0.0797409,-0.0504138,-0.0505363,-0.0505363
-88.7302,0.079832,-0.0494342,-0.0495582,-0.0495582
-88.7075,0.0799034,-0.0484424,-0.0485679,-0.0485679
-88.6848,0.0799552,-0.0474388,-0.0475657,-0.0475657
-88.6621,0.0799873,-0.0464235,-0.0465518,-0.0465518
-88.6395,0.0799998,-0.0453967,-0.0455265,-0.0455265
-88.6168,0.0799927,-0.0443589,-0.04449,-0.04449
-88.5941,0.0799659,-0.0433101,-0.0434425,-0.0434425
-88.5714,0.0799194,-0.0422507,-0.0423844,-0.0423844
-88.5488,0.0798534,-0.0411809,-0.0413159,-0.0413159
-88.5261,0.0797677,-0.040101,-0.0402372,-0.0402372
-88.5034,0.0796624,-0.0390113,-0.0391487,-0.0391487
-88.4807,0.0795376,-0.0379119,-0.0380505,-0.0380505
-88.458,0.0793932,-0.0368033,-0.036943,-0.036943
-88.4354,0.0792294,-0.0356856,-0.0358264,-0.0358264
-88.4127,0.079046,-0.0345592,-0.034701,-0.034701
-88.39,0.0788433,-0.0334242,-0.0335671,-0.0335671
-88.3673,0.0786212,-0.0322811,-0.032425,-0.032425
-88.3447,0.0783797,-0.03113,-0.0312748,-0.0312748
-88.322,0.0781191,-0.0299713,-0.030117,-0.030117
-88.2993,0.0778392,-0.0288052,-0.0289519,-0.0289519
-88.2766,0.0775402,-0.027632,-0.0277795,-0.0277795
-88.254,0.0772222,-0.0264521,-0.0266004,-0.0266004
-88.2313,0.0768852,-0.0252656,-0.0254147,-0.0254147
-88.2086,0.0765293,-0.024073,-0.0242228,-0.0242228
-88.1859,0.0761547,-0.0228744,-0.023025,-0.023025
-88.1633,0.0757613,-0.0216702,-0.0218214,-0.0218214
-88.1406,0.0753493,-0.0204607,-0.0206126,-0.0206126
-88.1179,0.0749188,-0.0192462,-0.0193986,-0.0193986
-88.0952,0.0744699,-0.0180269,-0.0181799,-0.0181799
-88.0726,0.0740027,-0.0168032,-0.0169567,-0.0169567
-88.0499,0.0735174,-0.0155754,-0.0157294,-0.0157294
-88.0272,0.0730139,-0.0143438,-0.0144982,-0.0144982
-88.0045,0.0724926,-0.0131086,-0.0132634,-0.0132634
-87.9819,0.0719534,-0.0118702,-0.0120254,-0.0120254
-87.9592,0.0713966,-0.0106289,-0.0107844,-0.0107844
-87.9365,0.0708222,-0.00938497,-0.00954082,-0.00954082
-87.9138,0.0702305,-0.00813875,-0.00829485,-0.00829485
-87.8912,0.0696214,-0.00689052,-0.00704684,-0.00704684
-87.8685,0.0689953,-0.00564061,-0.0057971,-0.0057971
-87.8458,0.0683523,-0.00438931,-0.00454594,-0.00454594
-87.8231,0.0676924,-0.00313693,-0.00329365,-0.00329365
-87.8005,0.0670159,-0.00188377,-0.00204058,-0.00204058
-87.7778,0.066323,-0.000630154,-0.000786991,-0.000786991
-87.7551,0.0656138,0.000623621,0.000466815,0.000466815
-87.7324,0.0648884,0.00187724,0.00172047,0.00172047
-87.7098,0.0641472,0.0031304,0.00297371,0.00297371
-87.6871,0.0633901,0.00438279,0.00422625,0.00422625
-87.6644,0.0626175,0.0056341,0.00547771,0.00547771
-87.6417,0.0618295,0.00688404,0.00672786,0.00672786
-87.619,0.0610264,0.00813228,0.00797634,0.00797634
-87.5964,0.0602082,0.00937853,0.00922286,0.00922286
-87.5737,0.0593753,0.0106225,0.0104671,0.0104671
-87.551,0.0585277,0.0118638,0.0117088,0.0117088
-87.5283,0.0576658,0.0131022,0.0129476,0.0129476
-87.5057,0.0567897,0.0143374,0.0141833,0.0141833
-87.483,0.0558997,0.0155691,0.0154154,0.0154154
-87.4603,0.054996,0.016797,0.0166438,0.0166438
-87.4376,0.0540787,0.0180207,0.0178681,0.0178681
-87.415,0.0531482,0.01924,0.0190879,0.0190879
-87.3923,0.0522046,0.0204546,0.0203032,0.0203032
-87.3696,0.0512482,0.0216641,0.0215134,0.0215134
-87.3469,0.0502792,0.0228684,0.0227183,0.0227183
-87.3243,0.0492978,0.024067,0.0239177,0.0239177
-87.3016,0.0483044,0.0252597,0.0251111,0.0251111
-87.2789,0.047299,0.0264462,0.0262985,0.0262985
-87.2562,0.0462821,0.0276262,0.0274793,0.0274793
-87.2336,0.0452538,0.0287995,0.0286534,0.0286534
-87.2109,0.0442143,0.0299656,0.0298205,0.0298205
-87.1882,0.0431641,0.0311244,0.0309802,0.0309802
-87.1655,0.0421032,0.0322756,0.0321324,0.0321324
-87.1429,0.0410319,0.0334188,0.0332766,0.0332766
-87.1202,0.0399506,0.0345538,0.0344127,0.0344127
-87.0975,0.0388595,0.0356804,0.0355403,0.0355403
-87.0748,0.0377588,0.0367981,0.0366592,0.0366592
-87.0522,0.0366489,0.0379069,0.0377691,0.0377691
-87.0295,0.03553,0.0390063,0.0388697,0.0388697
-87.0068,0.0344023,0.0400961,0.0399608,0.0399608
-86.9841,0.0332662,0.0411761,0.041042,0.041042
-86.9615,0.0321219,0.042246,0.0421132,0.0421132
-86.9388,0.0309697,0.0433055,0.043174,0.043174
-86.9161,0.0298099,0.0443544,0.0442242,0.0442242
-86.8934,0.0286428,0.0453924,0.0452636,0.0452636
-86.8707,0.0274687,0.0464192,0.0462918,0.0462918
-86.8481,0.0262878,0.0474346,0.0473087,0.0473087
-86.8254,0.0251005,0.0484384,0.048314,0.048314
-86.8027,0.0239069,0.0494303,0.0493074,0.0493074
-86.78,0.0227076,0.05041,0.0502887,0.0502887
-86.7574,0.0215026,0.0513774,0.0512576,0.0512576
-86.7347,0.0202924,0.0523321,0.0522139,0.0522139
-86.712,0.0190771,0.053274,0.0531574,0.0531574
-86.6893,0.0178572,0.0542028,0.0540879,0.0540879
-86.6667,0.0166329,0.0551183,0.0550051,0.0550051
-86.644,0.0154046,0.0560202,0.0559087,0.0559087
-86.6213,0.0141724,0.0569084,0.0567987,0.0567987
-86.5986,0.0129367,0.0577826,0.0576747,0.0576747
-86.576,0.0116979,0.0586427,0.0585365,0.0585365
-86.5533,0.0104562,0.0594883,0.0593839,0.0593839
-86.5306,0.00921196,0.0603193,0.0602168,0.0602168
-86.5079,0.00796543,0.0611355,0.0610348,0.0610348
-86.4853,0.00671694,0.0619367,0.0618379,0.0618379
-86.4626,0.00546681,0.0627227,0.0626258,0.0626258
-86.4399,0.00421533,0.0634932,0.0633983,0.0633983
-86.4172,0.00296282,0.0642482,0.0641553,0.0641553
-86.3946,0.00170958,0.0649874,0.0648965,0.0648965
-86.3719,0.00045592,0.0657106,0.0656217,0.0656217
-86.3492,-0.000797852,0.0664177,0.0663308,0.0663308
-86.3265,-0.00205143,0.0671085,0.0670237,0.0670237
-86.3039,-0.0033045,0.0677828,0.0677,0.0677
-86.2812,-0.00455676,0.0684404,0.0683598,0.0683598
-86.2585,-0.0058079,0.0690813,0.0690027,0.0690027
-86.2358,-0.00705762,0.0697051,0.0696288,0.0696288
-86.2132,-0.0083056,0.0703119,0.0702377,0.0702377
-86.1905,-0.00955154,0.0709014,0.0708293,0.0708293
-86.1678,-0.0107951,0.0714734,0.0714036,0.0714036
-86.1451,-0.0120361,0.072028,0.0719603,0.0719603
-86.1224,-0.0132741,0.0725648,0.0724993,0.0724993
-86.0998,-0.0145088,0.0730838,0.0730206,0.0730206
-86.0771,-0.01574,0.0735848,0.0735239,0.0735239
-86.0544,-0.0169673,0.0740678,0.0740091,0.0740091
-86.0317,-0.0181904,0.0745326,0.0744762,0.0744762
-86.0091,-0.019409,0.0749791,0.074925,0.074925
-85.9864,-0.0206229,0.0754071,0.0753554,0.0753554
-85.9637,-0.0218318,0.0758167,0.0757672,0.0757672
-85.941,-0.0230352,0.0762076,0.0761605,0.0761605
-85.9184,-0.024233,0.0765798,0.076535,0.076535
-85.8957,-0.0254249,0.0769332,0.0768908,0.0768908
-85.873,-0.0266105,0.0772677,0.0772277,0.0772277
-85.8503,-0.0277896,0.0775832,0.0775456,0.0775456
-85.8277,-0.0289618,0.0778797,0.0778444,0.0778444
-85.805,-0.030127,0.078157,0.0781242,0.0781242
-85.7823,-0.0312847,0.0784152,0.0783847,0.0783847
-85.7596,-0.0324348,0.0786541,0.078626,0.078626
-85.737,-0.0335769,0.0788736,0.078848,0.078848
-85.7143,-0.0347107,0.0790738,0.0790507,0.0790507
-85.6916,-0.035836,0.0792546,0.0792339,0.0792339
-85.6689,-0.0369525,0.0794159,0.0793976,0.0793976
-85.6463,-0.03806,0.0795577,0.0795419,0.0795419
-85.6236,-0.039158,0.07968,0.0796666,0.0796666
-85.6009,-0.0402465,0.0797826,0.0797717,0.0797717
-85.5782,-0.0413251,0.0798657,0.0798573,0.0798573
-85.5556,-0.0423935,0.0799292,0.0799232,0.0799232
-85.5329,-0.0434516,0.0799731,0.0799695,0.0799695
-85.5102,-0.0444989,0.0799973,0.0799962,0.0799962
-85.4875,-0.0455353,0.0800018,0.0800032,0.0800032
-85.4649,-0.0465606,0.0799867,0.0799906,0.0799906
-85.4422,-0.0475744,0.079952,0.0799583,0.0799583
-85.4195,-0.0485765,0.0798976,0.0799064,0.0799064
-85.3968,-0.0495667,0.0798236,0.0798349,0.0798349
-85.3741,-0.0505447,0.07973,0.0797437,0.0797437
-85.3515,-0.0515103,0.0796168,0.079633,0.079633
-85.3288,-0.0524632,0.0794841,0.0795027,0.0795027
-85.3061,-0.0534033,0.0793318,0.0793529,0.0793529
-85.2834,-0.0543302,0.0791601,0.0791836,0.0791836
-85.2608,-0.0552438,0.0789689,0.0789948,0.0789948
-85.2381,-0.0561438,0.0787583,0.0787867,0.0787867
-85.2154,-0.0570301,0.0785284,0.0785592,0.0785592
-85.1927,-0.0579023,0.0782792,0.0783124,0.0783124
-85.1701,-0.0587603,0.0780107,0.0780463,0.0780463
-85.1474,-0.0596039,0.0777231,0.0777611,0.0777611
-85.1247,-0.0604328,0.0774165,0.0774568,0.0774568
-85.102,-0.0612469,0.0770907,0.0771335,0.0771335
-85.0794,-0.062046,0.0767461,0.0767912,0.0767912
-85.0567,-0.0628298,0.0763826,0.0764301,0.0764301
-85.034,-0.0635981,0.0760004,0.0760502,0.0760502
-85.0113,-0.0643509,0.0755994,0.0756516,0.0756516
-84.9887,-0.0650878,0.07518,0.0752344,0.0752344
-84.966,-0.0658088,0.074742,0.0747988,0.0747988
-84.9433,-0.0665136,0.0742857,0.0743448,0.0743448
-84.9206,-0.0672021,0.0738112,0.0738725,0.0738725
-84.898,-0.067874,0.0733185,0.0733821,0.0733821
-84.8753,-0.0685293,0.0728078,0.0728737,0.0728737
-84.8526,-0.0691678,0.0722792,0.0723474,0.0723474
-84.8299,-0.0697892,0.0717329,0.0718032,0.0718032
-84.8073,-0.0703936,0.071169,0.0712415,0.0712415
-84.7846,-0.0709806,0.0705875,0.0706623,0.0706623
-84.7619,-0.0715502,0.0699888,0.0700657,0.0700657
-84.7392,-0.0721022,0.0693728,0.0694519,0.0694519
-84.7166,-0.0726365,0.0687398,0.068821,0.068821
-84.6939,-0.073153,0.06809,0.0681733,0.0681733
-84.6712,-0.0736515,0.0674234,0.0675088,0.0675088
-84.6485,-0.0741319,0.0667402,0.0668277,0.0668277
-84.6259,-0.0745941,0.0660407,0.0661302,0.0661302
-84.6032,-0.075038,0.0653249,0.0654165,0.0654165
-84.5805,-0.0754635,0.0645931,0.0646867,0.0646867
-84.5578,-0.0758704,0.0638454,0.063941,0.063941
-84.5351,-0.0762587,0.0630821,0.0631796,0.0631796
-84.5125,-0.0766283,0.0623032,0.0624027,0.0624027
-84.4898,-0.076979,0.0615091,0.0616104,0.0616104
-84.4671,-0.0773108,0.0606998,0.060803,0.060803
-84.4444,-0.0776237,0.0598757,0.0599807,0.0599807
-84.4218,-0.0779174,0.0590368,0.0591437,0.0591437
-84.3991,-0.0781921,0.0581834,0.0582921,0.0582921
-84.3764,-0.0784475,0.0573158,0.0574263,0.0574263
-84.3537,-0.0786837,0.056434,0.0565463,0.0565463
-84.3311,-0.0789005,0.0555384,0.0556524,0.0556524
-84.3084,-0.0790979,0.0546292,0.0547449,0.0547449
-84.2857,-0.079276,0.0537065,0.0538239,0.0538239
-84.263,-0.0794345,0.0527707,0.0528897,0.0528897
-84.2404,-0.0795736,0.0518219,0.0519425,0.0519425
-84.2177,-0.0796931,0.0508603,0.0509826,0.0509826
-84.195,-0.079793,0.0498863,0.0500101,0.0500101
-84.1723,-0.0798733,0.0489,0.0490253,0.0490253
-84.1497,-0.0799341,0.0479017,0.0480285,0.0480285
-84.127,-0.0799751,0.0468917,0.04702,0.04702
-84.1043,-0.0799966,0.0458701,0.0459998,0.0459998
-84.0816,-0.0799984,0.0448373,0.0449684,0.0449684
-84.059,-0.0799805,0.0437934,0.0439259,0.0439259
-84.0363,-0.079943,0.0427388,0.0428726,0.0428726
-84.0136,-0.0798858,0.0416737,0.0418088,0.0418088
-83.9909,-0.0798091,0.0405984,0.0407348,0.0407348
-83.9683,-0.0797127,0.0395131,0.0396507,0.0396507
-83.9456,-0.0795968,0.0384181,0.0385569,0.0385569
-83.9229,-0.0794613,0.0373136,0.0374536,0.0374536
-83.9002,-0.0793063,0.0362,0.0363412,0.0363412
-83.8776,-0.0791318,0.0350775,0.0352198,0.0352198
-83.8549,-0.0789378,0.0339464,0.0340897,0.0340897
-83.8322,-0.0787245,0.0328069,0.0329513,0.0329513
-83.8095,-0.0784919,0.0316594,0.0318048,0.0318048
-83.7868,-0.0782399,0.0305041,0.0306505,0.0306505
-83.7642,-0.0779688,0.0293413,0.0294886,0.0294886
-83.7415,-0.0776785,0.0281713,0.0283195,0.0283195
-83.7188,-0.0773691,0.0269944,0.0271435,0.0271435
-83.6961,-0.0770407,0.0258109,0.0259608,0.0259608
-83.6735,-0.0766934,0.024621,0.0247717,0.0247717
-83.6508,-0.0763273,0.0234251,0.0235765,0.0235765
-83.6281,-0.0759424,0.0222234,0.0223756,0.0223756
-83.6054,-0.0755389,0.0210163,0.0211691,0.0211691
-83.5828,-0.0751168,0.019804,0.0199575,0.0199575
-83.5601,-0.0746762,0.0185869,0.0187409,0.0187409
-83.5374,-0.0742173,0.0173651,0.0175198,0.0175198
-83.5147,-0.0737402,0.0161391,0.0162943,0.0162943
-83.4921,-0.073245,0.0149092,0.0150648,0.0150648
-83.4694,-0.0727318,0.0136756,0.0138317,0.0138317
-83.4467,-0.0722007,0.0124386,0.0125951,0.0125951
-83.424,-0.0716519,0.0111986,0.0113555,0.0113555
-83.4014,-0.0710855,0.00995581,0.010113,0.010113
-83.3787,-0.0705016,0.00871058,0.00886813,0.00886813
-83.356,-0.0699004,0.00746323,0.00762105,0.00762105
-83.3333,-0.069282,0.00621404,0.00637207,0.00637207
-83.3107,-0.0686467,0.00496333,0.00512155,0.00512155
-83.288,-0.0679944,0.00371139,0.00386976,0.00386976
-83.2653,-0.0673255,0.00245854,0.00261702,0.00261702
-83.2426,-0.06664,0.00120509,0.00136366,0.00136366
-83.22,-0.0659382,-4.8654e-05,0.000109947,0.000109947
-83.1973,-0.0652201,-0.00130238,-0.0011438,-0.0011438
-83.1746,-0.0644861,-0.00255579,-0.00239724,-0.00239724
-83.1519,-0.0637362,-0.00380857,-0.00365011,-0.00365011
-83.1293,-0.0629706,-0.00506041,-0.00490208,-0.00490208
-83.1066,-0.0621896,-0.00631103,-0.00615284,-0.00615284
-83.0839,-0.0613933,-0.00756008,-0.00740208,-0.00740208
-83.0612,-0.0605819,-0.00880727,-0.00864951,-0.00864951
-83.0385,-0.0597557,-0.0100523,-0.00989483,-0.00989483
-83.0159,-0.0589148,-0.0112949,-0.0111377,-0.0111377
-82.9932,-0.0580594,-0.0125347,-0.0123778,-0.0123778
-82.9705,-0.0571897,-0.0137714,-0.0136149,-0.0136149
-82.9478,-0.056306,-0.0150047,-0.0148487,-0.0148487
-82.9252,-0.0554085,-0.0162343,-0.0160788,-0.0160788
-82.9025,-0.0544973,-0.01746,-0.0173049,-0.0173049
-82.8798,-0.0535728,-0.0186813,-0.0185268,-0.0185268
-82.8571,-0.0526351,-0.0198981,-0.0197442,-0.0197442
-82.8345,-0.0516845,-0.02111,-0.0209567,-0.0209567
-82.8118,-0.0507212,-0.0223167,-0.022164,-0.022164
-82.7891,-0.0497454,-0.0235179,-0.0233659,-0.0233659
-82.7664,-0.0487574,-0.0247133,-0.0245621,-0.0245621
-82.7438,-0.0477574,-0.0259027,-0.0257522,-0.0257522
-82.7211,-0.0467458,-0.0270857,-0.026936,-0.026936
-82.6984,-0.0457226,-0.0282621,-0.0281132,-0.0281132
-82.6757,-0.0446882,-0.0294315,-0.0292835,-0.0292835
-82.6531,-0.0436428,-0.0305937,-0.0304465,-0.0304465
-82.6304,-0.0425867,-0.0317484,-0.0316022,-0.0316022
-82.6077,-0.0415201,-0.0328952,-0.03275,-0.03275
-82.585,-0.0404434,-0.034034,-0.0338898,-0.0338898
-82.5624,-0.0393567,-0.0351644,-0.0350213,-0.0350213
-82.5397,-0.0382603,-0.0362862,-0.0361441,-0.0361441
-82.517,-0.0371546,-0.0373991,-0.0372581,-0.0372581
-82.4943,-0.0360397,-0.0385028,-0.038363,-0.038363
-82.4717,-0.0349159,-0.039597,-0.0394584,-0.0394584
-82.449,-0.0337836,-0.0406815,-0.0405441,-0.0405441
-82.4263,-0.032643,-0.0417561,-0.0416198,-0.0416198
-82.4036,-0.0314944,-0.0428203,-0.0426854,-0.0426854
-82.381,-0.030338,-0.0438741,-0.0437404,-0.0437404
-82.3583,-0.0291742,-0.044917,-0.0447848,-0.0447848
-82.3356,-0.0280032,-0.0459489,-0.045818,-0.045818
-82.3129,-0.0268254,-0.0469696,-0.0468401,-0.0468401
-82.2902,-0.0256409,-0.0479787,-0.0478506,-0.0478506
-82.2676,-0.0244502,-0.048976,-0.0488494,-0.0488494
-82.2449,-0.0232534,-0.0499613,-0.0498362,-0.0498362
-82.2222,-0.022051,-0.0509343,-0.0508108,-0.0508108
-82.1995,-0.0208431,-0.0518948,-0.0517728,-0.0517728
-82.1769,-0.0196301,-0.0528426,-0.0527222,-0.0527222
-82.1542,-0.0184123,-0.0537774,-0.0536586,-0.0536586
-82.1315,-0.01719,-0.054699,-0.0545818,-0.0545818
-82.1088,-0.0159634,-0.0556071,-0.0554916,-0.0554916
-82.0862,-0.0147329,-0.0565016,-0.0563878,-0.0563878
-82.0635,-0.0134988,-0.0573822,-0.0572701,-0.0572701
-82.0408,-0.0122614,-0.0582487,-0.0581384,-0.0581384
-82.0181,-0.011021,-0.0591009,-0.0589924,-0.0589924
-81.9955,-0.00977783,-0.0599386,-0.0598319,-0.0598319
-81.9728,-0.00853229,-0.0607615,-0.0606566,-0.0606566
-81.9501,-0.00728466,-0.0615696,-0.0614665,-0.0614665
-81.9274,-0.00603524,-0.0623625,-0.0622613,-0.0622613
-81.9048,-0.00478433,-0.0631401,-0.0630408,-0.0630408
-81.8821,-0.00353225,-0.0639022,-0.0638048,-0.0638048
-81.8594,-0.00227931,-0.0646486,-0.0645532,-0.0645532
-81.8367,-0.0010258,-0.0653791,-0.0652857,-0.0652857
-81.8141,0.000227961,-0.0660935,-0.0660021,-0.0660021
-81.7914,0.00148166,-0.0667917,-0.0667024,-0.0667024
-81.7687,0.002735,-0.0674735,-0.0673862,-0.0673862
-81.746,0.00398767,-0.0681388,-0.0680535,-0.0680535
-81.7234,0.00523936,-0.0687873,-0.0687041,-0.0687041
-81.7007,0.00648976,-0.0694189,-0.0693378,-0.0693378
-81.678,0.00773857,-0.0700334,-0.0699545,-0.0699545
-81.6553,0.00898547,-0.0706308,-0.070554,-0.070554
-81.6327,0.0102302,-0.0712108,-0.0711361,-0.0711361
-81.61,0.0114724,-0.0717733,-0.0717008,-0.0717008
-81.5873,0.0127117,-0.0723182,-0.0722479,-0.0722479
-81.5646,0.013948,-0.0728453,-0.0727772,-0.0727772
-81.542,0.0151808,-0.0733545,-0.0732886,-0.0732886
-81.5193,0.0164099,-0.0738457,-0.0737821,-0.0737821
-81.4966,0.017635,-0.0743188,-0.0742574,-0.0742574
-81.4739,0.0188557,-0.0747736,-0.0747145,-0.0747145
-81.4512,0.0200718,-0.0752101,-0.0751532,-0.0751532
-81.4286,0.0212829,-0.075628,-0.0755735,-0.0755735
-81.4059,0.0224889,-0.0760275,-0.0759752,-0.0759752
-81.3832,0.0236893,-0.0764082,-0.0763583,-0.0763583
-81.3605,0.0248839,-0.0767701,-0.0767226,-0.0767226
-81.3379,0.0260724,-0.0771132,-0.077068,-0.077068
-81.3152,0.0272545,-0.0774374,-0.0773945,-0.0773945
-81.2925,0.0284299,-0.0777426,-0.077702,-0.077702
-81.2698,0.0295983,-0.0780286,-0.0779904,-0.0779904
-81.2472,0.0307594,-0.0782955,-0.0782597,-0.0782597
-81.2245,0.031913,-0.0785431,-0.0785097,-0.0785097
-81.2018,0.0330587,-0.0787715,-0.0787404,-0.0787404
-81.1791,0.0341964,-0.0789805,-0.0789519,-0.0789519
-81.1565,0.0353256,-0.0791701,-0.0791439,-0.0791439
-81.1338,0.0364461,-0.0793403,-0.0793164,-0.0793164
-81.1111,0.0375577,-0.0794909,-0.0794695,-0.0794695
-81.0884,0.0386601,-0.0796221,-0.0796031,-0.0796031
-81.0658,0.039753,-0.0797337,-0.0797171,-0.0797171
-81.0431,0.0408361,-0.0798257,-0.0798116,-0.0798116
-81.0204,0.0419092,-0.0798981,-0.0798864,-0.0798864
-80.9977,0.042972,-0.0799508,-0.0799416,-0.0799416
-80.9751,0.0440242,-0.079984,-0.0799772,-0.0799772
-80.9524,0.0450656,-0.0799975,-0.0799931,-0.0799931
-80.9297,0.046096,-0.0799913,-0.0799894,-0.0799894
-80.907,0.047115,-0.0799655,-0.079966,-0.079966
-80.8844,0.0481224,-0.0799201,-0.079923,-0.079923
-80.8617,0.0491181,-0.079855,-0.0798604,-0.0798604
-80.839,0.0501017,-0.0797703,-0.0797781,-0.0797781
-80.8163,0.0510729,-0.079666,-0.0796762,-0.0796762
-80.7937,0.0520316,-0.0795422,-0.0795548,-0.0795548
-80.771,0.0529776,-0.0793988,-0.0794138,-0.0794138
-80.7483,0.0539105,-0.0792359,-0.0792534,-0.0792534
-80.7256,0.0548302,-0.0790535,-0.0790734,-0.0790734
-80.7029,0.0557364,-0.0788518,-0.0788741,-0.0788741
-80.6803,0.056629,-0.0786306,-0.0786553,-0.0786553
-80.6576,0.0575076,-0.0783902,-0.0784173,-0.0784173
-80.6349,0.0583721,-0.0781305,-0.0781599,-0.0781599
-80.6122,0.0592222,-0.0778516,-0.0778834,-0.0778834
-80.5896,0.0600579,-0.0775536,-0.0775877,-0.0775877
-80.5669,0.0608787,-0.0772365,-0.077273,-0.077273
-80.5442,0.0616846,-0.0769004,-0.0769393,-0.0769393
-80.5215,0.0624754,-0.0765455,-0.0765867,-0.0765867
-80.4989,0.0632508,-0.0761718,-0.0762153,-0.0762153
-80.4762,0.0640107,-0.0757793,-0.0758252,-0.0758252
-80.4535,0.0647548,-0.0753683,-0.0754165,-0.0754165
-80.4308,0.0654831,-0.0749387,-0.0749892,-0.0749892
-80.4082,0.0661953,-0.0744907,-0.0745435,-0.0745435
-80.3855,0.0668912,-0.0740245,-0.0740795,-0.0740795
-80.3628,0.0675706,-0.07354,-0.0735973,-0.0735973
-80.3401,0.0682335,-0.0730375,-0.073097,-0.073097
-80.3175,0.0688797,-0.072517,-0.0725787,-0.0725787
-80.2948,0.0695089,-0.0719788,-0.0720427,-0.0720427
-80.2721,0.070121,-0.0714228,-0.0714889,-0.0714889
-80.2494,0.0707159,-0.0708493,-0.0709176,-0.0709176
-80.2268,0.0712935,-0.0702584,-0.0703288,-0.0703288
-80.2041,0.0718535,-0.0696503,-0.0697228,-0.0697228
-80.1814,0.0723959,-0.069025,-0.0690997,-0.0690997
-80.1587,0.0729205,-0.0683828,-0.0684596,-0.0684596
-80.1361,0.0734272,-0.0677238,-0.0678026,-0.0678026
-80.1134,0.0739158,-0.0670482,-0.067129,-0.067129
-80.0907,0.0743863,-0.0663561,-0.0664389,-0.0664389
-80.068,0.0748385,-0.0656476,-0.0657326,-0.0657326
-80.0454,0.0752724,-0.0649231,-0.06501,-0.06501
-80.0227,0.0756878,-0.0641826,-0.0642715,-0.0642715
-80,0.0760845,-0.0634264,-0.0635172,-0.0635172
-79.9773,0.0764626,-0.0626545,-0.0627473,-0.0627473
-79.9546,0.0768219,-0.0618673,-0.0619619,-0.0619619
-79.932,0.0771623,-0.0610649,-0.0611614,-0.0611614
-79.9093,0.0774838,-0.0602475,-0.0603458,-0.0603458
-79.8866,0.0777863,-0.0594153,-0.0595154,-0.0595154
-79.8639,0.0780696,-0.0585685,-0.0586704,-0.0586704
-79.8413,0.0783338,-0.0577073,-0.057811,-0.057811
-79.8186,0.0785787,-0.0568319,-0.0569374,-0.0569374
-79.7959,0.0788043,-0.0559426,-0.0560498,-0.0560498
-79.7732,0.0790106,-0.0550396,-0.0551484,-0.0551484
-79.7506,0.0791975,-0.054123,-0.0542335,-0.0542335
-79.7279,0.0793649,-0.0531931,-0.0533052,-0.0533052
-79.7052,0.0795128,-0.0522502,-0.0523639,-0.0523639
-79.6825,0.0796412,-0.0512944,-0.0514097,-0.0514097
-79.6599,0.07975,-0.050326,-0.0504429,-0.0504429
-79.6372,0.0798393,-0.0493453,-0.0494636,-0.0494636
-79.6145,0.0799089,-0.0483524,-0.0484723,-0.0484723
-79.5918,0.0799589,-0.0473477,-0.047469,-0.047469
-79.5692,0.0799893,-0.0463313,-0.046454,-0.046454
-79.5465,0.08,-0.0453035,-0.0454277,-0.0454277
-79.5238,0.0799911,-0.0442647,-0.0443902,-0.0443902
-79.5011,0.0799625,-0.0432149,-0.0433418,-0.0433418
-79.4785,0.0799142,-0.0421546,-0.0422827,-0.0422827
-79.4558,0.0798464,-0.0410839,-0.0412132,-0.0412132
-79.4331,0.0797589,-0.040003,-0.0401337,-0.0401337
-79.4104,0.0796519,-0.0389123,-0.0390442,-0.0390442
-79.3878,0.0795253,-0.037812,-0.0379452,-0.0379451
-79.3651,0.0793791,-0.0367023,-0.0368368,-0.0368367
-79.3424,0.0792135,-0.0355836,-0.0357194,-0.0357193
-79.3197,0.0790284,-0.0344561,-0.0345933,-0.034593
-79.2971,0.0788239,-0.0333201,-0.0334586,-0.0334583
-79.2744,0.0786,-0.0321758,-0.0323157,-0.0323153
-79.2517,0.0783568,-0.0310236,-0.0311649,-0.0311644
-79.229,0.0780944,-0.0298637,-0.0300064,-0.0300057
-79.2063,0.0778128,-0.0286964,-0.0288405,-0.0288398
-79.1837,0.0775121,-0.027522,-0.0276676,-0.0276667
-79.161,0.0771923,-0.0263409,-0.0264878,-0.0264868
-79.1383,0.0768536,-0.0251531,-0.0253016,-0.0253004
-79.1156,0.076496,-0.0239595,-0.0241091,-0.0241077
-79.093,0.0761197,-0.0227596,-0.0229107,-0.0229092
-79.0703,0.0757246,-0.0215541,-0.0217067,-0.021705
-79.0476,0.0753109,-0.0203427,-0.0204974,-0.0204954
-79.0249,0.0748787,-0.0191274,-0.019283,-0.0192809
-79.0023,0.0744282,-0.0179067,-0.0180639,-0.0180615
-78.9796,0.0739593,-0.0166811,-0.0168403,-0.0168377
-78.9569,0.0734723,-0.0154519,-0.0156126,-0.0156098
-78.9342,0.0729673,-0.0142195,-0.014381,-0.0143781
-78.9116,0.0724443,-0.0129817,-0.013146,-0.0131428
-78.8889,0.0719035,-0.0117428,-0.0119077,-0.0119042
-78.8662,0.0713451,-0.0105001,-0.0106665,-0.0106627
-78.8435,0.0707691,-0.00925564,-0.00942259,-0.00941864
-78.8209,0.0701758,-0.00800664,-0.00817642,-0.00817221
-78.7982,0.0695652,-0.00675653,-0.00692825,-0.00692378
-78.7755,0.0689376,-0.00550467,-0.00567837,-0.00567363
-78.7528,0.068293,-0.00425501,-0.00442708,-0.00442207
-78.7302,0.0676316,-0.00299978,-0.00317472,-0.00316943
-78.7075,0.0669536,-0.00174549,-0.00192157,-0.001916
-78.6848,0.0662592,-0.000488481,-0.000667936,-0.000662079
-78.6621,0.0655485,0.000766681,0.000585842,0.00059199
-78.6395,0.0648217,0.00202133,0.00183948,0.00184593
-78.6168,0.064079,0.00327567,0.0030927,0.00309944
-78.5941,0.0633205,0.00453018,0.00434512,0.00435217
-78.5714,0.0625465,0.00577957,0.00559651,0.00560387
-78.5488,0.0617571,0.00703179,0.00684652,0.00685419
-78.5261,0.0609526,0.0082824,0.00809483,0.00810282
-78.5034,0.0601331,0.00952953,0.00934117,0.00934948
-78.4807,0.0592988,0.0107723,0.0105852,0.0105939
-78.458,0.05845,0.0120187,0.0118267,0.0118356
-78.4354,0.0575868,0.0132582,0.0130652,0.0130745
-78.4127,0.0567094,0.0144944,0.0143005,0.0143102
-78.39,0.0558181,0.0157268,0.0155324,0.0155424
-78.3673,0.0549131,0.0169579,0.0167604,0.0167707
-78.3447,0.0539947,0.0181825,0.0179843,0.017995
-78.322,0.0530629,0.0194014,0.0192038,0.0192148
-78.2993,0.0521182,0.02062,0.0204185,0.0204299
-78.2766,0.0511606,0.0218312,0.0216283,0.0216401
-78.254,0.0501905,0.0230311,0.0228327,0.0228449
-78.2313,0.049208,0.0242362,0.0240315,0.0240441
-78.2086,0.0482134,0.025428,0.0252245,0.0252374
-78.1859,0.0472071,0.026613,0.0264112,0.0264245
-78.1633,0.0461891,0.0277931,0.0275915,0.0276052
-78.1406,0.0451597,0.0289674,0.028765,0.028779
-78.1179,0.0441193,0.0301365,0.0299314,0.0299459
-78.0952,0.043068,0.0312968,0.0310905,0.0311053
-78.0726,0.0420062,0.0324496,0.0322419,0.0322572
-78.0499,0.0409341,0.0335966,0.0333854,0.0334011
-78.0272,0.0398518,0.0347229,0.0345207,0.0345368
-78.0045,0.0387598,0.0358523,0.0356476,0.0356641
-77.9819,0.0376583,0.0369709,0.0367657,0.0367826
-77.9592,0.0365476,0.0380832,0.0378747,0.0378921
-77.9365,0.0354278,0.039182,0.0389745,0.0389922
-77.9138,0.0342994,0.0402759,0.0400647,0.0400828
-77.8912,0.0331625,0.0413536,0.041145,0.0411636
-77.8685,0.0320175,0.0424162,0.0422152,0.0422343
-77.8458,0.0308646,0.0434788,0.0432751,0.0432946
-77.8231,0.0297041,0.0445398,0.0443243,0.0443443
-77.8005,0.0285364,0.0455664,0.0453627,0.0453831
-77.7778,0.0273616,0.0465975,0.0463899,0.0464107
-77.7551,0.0261801,0.0476094,0.0474057,0.047427
-77.7324,0.0249922,0.0486222,0.0484099,0.0484316
-77.7098,0.0237982,0.0496138,0.0494022,0.0494244
-77.6871,0.0225982,0.050588,0.0503824,0.0504049
-77.6644,0.0213928,0.0515488,0.0513501,0.0513732
-77.6417,0.0201821,0.052518,0.0523053,0.0523288
-77.619,0.0189664,0.0534452,0.0532476,0.0532715
-77.5964,0.0177461,0.0543763,0.0541769,0.0542012
-77.5737,0.0165214,0.0552874,0.0550928,0.0551176
-77.551,0.0152927,0.0561952,0.0559952,0.0560204
-77.5283,0.0140602,0.0570803,0.0568839,0.0569095
-77.5057,0.0128242,0.0579605,0.0577585,0.0577846
-77.483,0.0115852,0.0588102,0.058619,0.0586456
-77.4603,0.0103432,0.0596589,0.0594651,0.0594921
-77.4376,0.00909872,0.0604812,0.0602966,0.060324
-77.415,0.00785201,0.061301,0.0611132,0.0611411
-77.3923,0.00660336,0.0620939,0.0619149,0.0619432
-77.3696,0.00535309,0.0628953,0.0627014,0.06273
-77.3469,0.00410151,0.0636567,0.0634724,0.0635015
-77.3243,0.00284891,0.0644133,0.0642279,0.0642573
-77.3016,0.00159562,0.0651406,0.0649676,0.0649974
-77.2789,0.000341941,0.0658683,0.0656913,0.0657215
-77.2562,-0.000911826,0.0665693,0.0663988,0.0664294
-77.2336,-0.00216537,0.0672625,0.0670901,0.0671211
-77.2109,-0.00341838,0.0679252,0.0677649,0.0677962
-77.1882,-0.00467055,0.0685872,0.0684231,0.0684547
-77.1655,-0.00592157,0.0692121,0.0690644,0.0690964
-77.1429,-0.00717114,0.0698433,0.0696888,0.0697211
-77.1202,-0.00841895,0.070452,0.070296,0.0703286
-77.0975,-0.00966469,0.0710403,0.070886,0.0709189
-77.0748,-0.0109081,0.0716082,0.0714585,0.0714918
-77.0522,-0.0121487,0.0721657,0.0720135,0.0720471
-77.0295,-0.0133865,0.072686,0.0725509,0.0725847
-77.0068,-0.0146209,0.0732014,0.0730703,0.0731044
-76.9841,-0.0158517,0.0736977,0.0735719,0.0736062
-76.9615,-0.0170786,0.0741737,0.0740554,0.0740899
-76.9388,-0.0183014,0.0746411,0.0745206,0.0745554
-76.9161,-0.0195196,0.0750961,0.0749676,0.0750026
-76.8934,-0.020733,0.0754867,0.0753962,0.0754313
-76.8707,-0.0219414,0.0758925,0.0758062,0.0758415
-76.8481,-0.0231444,0.0763158,0.0761975,0.076233
-76.8254,-0.0243416,0.0766932,0.0765702,0.0766058
-76.8027,-0.0255329,0.0770205,0.0769241,0.0769598
-76.78,-0.026718,0.077349,0.077259,0.0772949
-76.7574,-0.0278964,0.0776737,0.077575,0.077611
-76.7347,-0.0290681,0.0779664,0.0778719,0.077908
-76.712,-0.0302325,0.0782262,0.0781497,0.0781858
-76.6893,-0.0313896,0.0784838,0.0784083,0.0784445
-76.6667,-0.0325389,0.0787128,0.0786476,0.0786838
-76.644,-0.0336803,0.0789405,0.0788676,0.0789039
-76.6213,-0.0348134,0.0791128,0.0790682,0.0791045
-76.5986,-0.0359379,0.0793051,0.0792494,0.0792857
-76.576,-0.0370536,0.0794589,0.0794111,0.0794474
-76.5533,-0.0381602,0.0795816,0.0795533,0.0795896
-76.5306,-0.0392574,0.0796887,0.0796759,0.0797122
-76.5079,-0.040345,0.0798125,0.079779,0.0798152
-76.4853,-0.0414227,0.0798621,0.0798625,0.0798986
-76.4626,-0.0424902,0.0799279,0.0799263,0.0799624
-76.4399,-0.0435472,0.0799545,0.0799705,0.0800065
-76.4172,-0.0445936,0.079982,0.0799951,0.080031
-76.3946,-0.045629,0.0800119,0.0799999,0.0800357
-76.3719,-0.0466532,0.0799882,0.0799852,0.0800209
-76.3492,-0.047666,0.0799079,0.0799507,0.0799863
-76.3265,-0.048667,0.0798662,0.0798967,0.0799322
-76.3039,-0.0496561,0.0797619,0.079823,0.0798583
-76.2812,-0.050633,0.0796559,0.0797296,0.0797649
-76.2585,-0.0515974,0.0795538,0.0796167,0.0796519
-76.2358,-0.0525492,0.0794334,0.0794842,0.0795192
-76.2132,-0.0534881,0.0792493,0.0793322,0.0793671
-76.1905,-0.0544138,0.0790884,0.0791607,0.0791955
-76.1678,-0.0553262,0.0788992,0.0789697,0.0790044
-76.1451,-0.056225,0.0786483,0.0787593,0.0787939
-76.1224,-0.0571099,0.0784479,0.0785296,0.078564
-76.0998,-0.0579809,0.0781826,0.0782806,0.0783149
-76.0771,-0.0588376,0.0778929,0.0780123,0.0780465
-76.0544,-0.0596798,0.0776356,0.0777248,0.077759
-76.0317,-0.0605074,0.077279,0.0774183,0.0774523
-76.0091,-0.0613202,0.0769589,0.0770927,0.0771267
-75.9864,-0.0621178,0.0766178,0.0767482,0.0767821
-75.9637,-0.0629003,0.0762433,0.0763848,0.0764187
-75.941,-0.0636672,0.0758238,0.0760026,0.0760365
-75.9184,-0.0644185,0.0754254,0.0756018,0.0756356
-75.8957,-0.0651541,0.0749927,0.0751823,0.0752162
-75.873,-0.0658736,0.074558,0.0747444,0.0747784
-75.8503,-0.0665769,0.0741054,0.0742881,0.0743222
-75.8277,-0.0672638,0.0736283,0.0738136,0.0738477
-75.805,-0.0679343,0.0730901,0.0733209,0.0733551
-75.7823,-0.0685881,0.0726165,0.0728102,0.0728446
-75.7596,-0.069225,0.0720477,0.0722816,0.0723162
-75.737,-0.0698449,0.071474,0.0717352,0.07177
-75.7143,-0.0704476,0.0709398,0.0711713,0.0712063
-75.6916,-0.0710331,0.0703526,0.0705897,0.070625
-75.6689,-0.0716011,0.0697156,0.0699909,0.0700265
-75.6463,-0.0721515,0.0691394,0.0693748,0.0694108
-75.6236,-0.0726842,0.0684539,0.0687418,0.0687781
-75.6009,-0.0731991,0.0677974,0.0680918,0.0681286
-75.5782,-0.0736959,0.0671211,0.067425,0.0674623
-75.5556,-0.0741747,0.0664271,0.0667417,0.0667795
-75.5329,-0.0746353,0.0657154,0.066042,0.0660804
-75.5102,-0.0750775,0.0650071,0.065326,0.0653651
-75.4875,-0.0755012,0.0642492,0.064594,0.0646337
-75.4649,-0.0759065,0.0635025,0.0638461,0.0638866
-75.4422,-0.0762931,0.0627473,0.0630826,0.0631238
-75.4195,-0.0766609,0.0619069,0.0623035,0.0623456
-75.3968,-0.0770099,0.0611153,0.0615091,0.061552
-75.3741,-0.07734,0.0603495,0.0606995,0.0607435
-75.3515,-0.0776512,0.0594773,0.0598751,0.05992
-75.3288,-0.0779432,0.0586421,0.0590359,0.0590819
-75.3061,-0.0782161,0.0577601,0.0581822,0.0582294
-75.2834,-0.0784698,0.0568827,0.0573143,0.0573626
-75.2608,-0.0787042,0.0559814,0.0564322,0.0564818
-75.2381,-0.0789192,0.0551087,0.0555363,0.0555872
-75.2154,-0.0791149,0.0541968,0.0546267,0.054679
-75.1927,-0.0792912,0.0532396,0.0537037,0.0537574
-75.1701,-0.079448,0.0523087,0.0527675,0.0528227
-75.1474,-0.0795853,0.051372,0.0518183,0.0518751
-75.1247,-0.079703,0.050385,0.0508564,0.0509148
-75.102,-0.0798011,0.0493897,0.049882,0.0499421
-75.0794,-0.0798797,0.0483914,0.0488953,0.0489572
-75.0567,-0.0799386,0.04736,0.0478966,0.0479603
-75.034,-0.0799779,0.0463458,0.0468861,0.0469518
-75.0113,-0.0799975,0.0453157,0.0458641,0.0459318
-74.9887,-0.0799975,0.0443447,0.0448309,0.0449005
-74.966,-0.0799779,0.0432832,0.0437866,0.0438584
-74.9433,-0.0799386,0.0421367,0.0427315,0.0428055
-74.9206,-0.0798797,0.0411174,0.041666,0.0417422
-74.898,-0.0798011,0.0399926,0.0405902,0.0406687
-74.8753,-0.079703,0.0389144,0.0395045,0.0395853
-74.8526,-0.0795853,0.0378057,0.038409,0.0384923
-74.8299,-0.079448,0.0366787,0.0373041,0.0373899
-74.8073,-0.0792912,0.0355786,0.0361901,0.0362783
-74.7846,-0.0791149,0.0344718,0.0350671,0.035158
-74.7619,-0.0789192,0.0332951,0.0339355,0.0340291
-74.7392,-0.0787042,0.0321664,0.0327957,0.0328919
-74.7166,-0.0784698,0.0309553,0.0316477,0.0317467
-74.6939,-0.0782161,0.0298404,0.030492,0.0305938
-74.6712,-0.0779432,0.0286876,0.0293288,0.0294335
-74.6485,-0.0776512,0.0275693,0.0281583,0.028266
-74.6259,-0.07734,0.0263241,0.026981,0.0270916
-74.6032,-0.0770099,0.0251372,0.0257971,0.0259107
-74.5805,-0.0766609,0.0239063,0.0246068,0.0247235
-74.5578,-0.0762931,0.0227702,0.0234105,0.0235303
-74.5351,-0.0759065,0.021497,0.0222084,0.0223314
-74.5125,-0.0755012,0.020294,0.0210009,0.021127
-74.4898,-0.0750775,0.0190536,0.0197882,0.0199176
-74.4671,-0.0746353,0.0178866,0.0185707,0.0187033
-74.4444,-0.0741747,0.0166022,0.0173486,0.0174846
-74.4218,-0.0736959,0.0153745,0.0161223,0.0162616
-74.3991,-0.0731991,0.0140968,0.014892,0.0150346
-74.3764,-0.0726842,0.0129034,0.0136581,0.0138041
-74.3537,-0.0721515,0.0116323,0.0124209,0.0125702
-74.3311,-0.0716011,0.0103924,0.0111806,0.0113333
-74.3084,-0.0710331,0.00908755,0.00993757,0.0100937
-74.2857,-0.0704476,0.00796495,0.00869214,0.00885169
-74.263,-0.0698449,0.00662803,0.00744456,0.00760754
-74.2404,-0.069225,0.00540791,0.0061952,0.00636161
-74.2177,-0.0685881,0.0040916,0.00494431,0.00511415
-74.195,-0.0679343,0.0028673,0.00369225,0.00386552
-74.1723,-0.0672638,0.00159449,0.0024393,0.002616
-74.1497,-0.0665769,0.000360007,0.00118577,0.00136588
-74.127,-0.0658736,-0.000926885,-6.80302e-05,0.000115489
-74.1043,-0.0651541,-0.00204227,-0.00132179,-0.00113488
-74.0816,-0.0644185,-0.00341268,-0.00257519,-0.00238491
-74.059,-0.0636672,-0.00466315,-0.00382793,-0.0036343
-74.0363,-0.0629003,-0.00595305,-0.00507971,-0.00488275
-74.0136,-0.0621178,-0.00715021,-0.00633021,-0.00612995
-73.9909,-0.0613202,-0.00852425,-0.00757912,-0.00737559
-73.9683,-0.0605074,-0.0097075,-0.00882615,-0.00861938
-73.9456,-0.0596798,-0.0108679,-0.010071,-0.00986099
-73.9229,-0.0588376,-0.0121473,-0.0113133,-0.0111001
-73.9002,-0.0579809,-0.0134215,-0.0125528,-0.0123365
-73.8776,-0.0571099,-0.014597,-0.0137891,-0.0135698
-73.8549,-0.056225,-0.01587,-0.0150221,-0.0147998
-73.8322,-0.0553262,-0.0170491,-0.0162513,-0.016026
-73.8095,-0.0544138,-0.0184124,-0.0174765,-0.0172483
-73.7868,-0.0534881,-0.0196083,-0.0186973,-0.0184663
-73.7642,-0.0525492,-0.0207696,-0.0199136,-0.0196797
-73.7415,-0.0515974,-0.0219856,-0.0211248,-0.0208883
-73.7188,-0.050633,-0.0232262,-0.0223309,-0.0220916
-73.6961,-0.0496561,-0.0244274,-0.0235314,-0.0232895
-73.6735,-0.048667,-0.025631,-0.0247261,-0.0244817
-73.6508,-0.047666,-0.0267806,-0.0259146,-0.0256678
-73.6281,-0.0466532,-0.0280283,-0.0270968,-0.0268476
-73.6054,-0.045629,-0.0291518,-0.0282722,-0.0280207
-73.5828,-0.0445936,-0.0303605,-0.0294406,-0.0291869
-73.5601,-0.0435472,-0.0315032,-0.0306018,-0.0303459
-73.5374,-0.0424902,-0.032622,-0.0317554,-0.0314974
-73.5147,-0.0414227,-0.0337733,-0.0329011,-0.0326411
-73.4921,-0.040345,-0.0348991,-0.0340387,-0.0337768
-73.4694,-0.0392574,-0.0360287,-0.0351678,-0.0349042
-73.4467,-0.0381602,-0.0371823,-0.0362883,-0.0360229
-73.424,-0.0370536,-0.0383175,-0.0373997,-0.0371327
-73.4014,-0.0359379,-0.0394616,-0.0385019,-0.0382334
-73.3787,-0.0348134,-0.0404763,-0.0395946,-0.0393247
-73.356,-0.0336803,-0.0416121,-0.0406775,-0.0404062
-73.3333,-0.0325389,-0.042702,-0.0417504,-0.0414778
-73.3107,-0.0313896,-0.0437282,-0.0428129,-0.0425391
-73.288,-0.0302325,-0.0447785,-0.0438648,-0.04359
-73.2653,-0.0290681,-0.0458175,-0.0449059,-0.0446301
-73.2426,-0.0278964,-0.0467728,-0.0459359,-0.0456592
-73.22,-0.026718,-0.0478515,-0.0469544,-0.0466769
-73.1973,-0.0255329,-0.0487419,-0.0479614,-0.0476832
-73.1746,-0.0243416,-0.0497582,-0.0489566,-0.0486778
-73.1519,-0.0231444,-0.050782,-0.0499396,-0.0496603
-73.1293,-0.0219414,-0.0517863,-0.0509103,-0.0506305
-73.1066,-0.020733,-0.0526478,-0.0518684,-0.0515883
-73.0839,-0.0195196,-0.0536391,-0.0528136,-0.0525333
-73.0612,-0.0183014,-0.054625,-0.0537458,-0.0534653
-73.0385,-0.0170786,-0.0555295,-0.0546647,-0.0543841
-73.0159,-0.0158517,-0.0563499,-0.0555701,-0.0552895
-72.9932,-0.0146209,-0.0573445,-0.0564618,-0.0561813
-72.9705,-0.0133865,-0.0581231,-0.0573395,-0.0570592
-72.9478,-0.0121487,-0.0589868,-0.058203,-0.0579229
-72.9252,-0.0109081,-0.0598384,-0.0590521,-0.0587724
-72.9025,-0.00966469,-0.0606558,-0.0598866,-0.0596073
-72.8798,-0.00841895,-0.0614721,-0.0607063,-0.0604275
-72.8571,-0.00717114,-0.0623443,-0.061511,-0.0612328
-72.8345,-0.00592157,-0.0630807,-0.0623005,-0.0620229
-72.8118,-0.00467055,-0.0637755,-0.0630746,-0.0627977
-72.7891,-0.00341838,-0.06455,-0.0638331,-0.0635569
-72.7664,-0.00216537,-0.0653271,-0.0645758,-0.0643004
-72.7438,-0.000911826,-0.0661236,-0.0653025,-0.0650281
-72.7211,0.000341941,-0.0668678,-0.0660131,-0.0657396
-72.6984,0.00159562,-0.067447,-0.0667074,-0.0664348
-72.6757,0.00284891,-0.0681903,-0.0673852,-0.0671136
-72.6531,0.00410151,-0.0688865,-0.0680463,-0.0677758
-72.6304,0.00535309,-0.0694189,-0.0686906,-0.0684213
-72.6077,0.00660336,-0.0699683,-0.0693178,-0.0690497
-72.585,0.00785201,-0.0706071,-0.069928,-0.0696611
-72.5624,0.00909872,-0.0711459,-0.0705209,-0.0702552
-72.5397,0.0103432,-0.0717659,-0.0710963,-0.0708319
-72.517,0.0115852,-0.072226,-0.0716542,-0.0713911
-72.4943,0.0128242,-0.072724,-0.0721943,-0.0719325
-72.4717,0.0140602,-0.0732685,-0.0727166,-0.0724562
-72.449,0.0152927,-0.0738684,-0.0732209,-0.0729618
-72.4263,0.0165214,-0.0742599,-0.073707,-0.0734494
-72.4036,0.0177461,-0.0746798,-0.074175,-0.0739187
-72.381,0.0189664,-0.0750733,-0.0746247,-0.0743698
-72.3583,0.0201821,-0.075643,-0.0750558,-0.0748024
-72.3356,0.0213928,-0.0759665,-0.0754684,-0.0752164
-72.3129,0.0225982,-0.0764151,-0.0758624,-0.0756118
-72.2902,0.0237982,-0.0767741,-0.0762376,-0.0759883
-72.2676,0.0249922,-0.0770695,-0.0765939,-0.0763461
-72.2449,0.0261801,-0.0773721,-0.0769313,-0.0766849
-72.2222,0.0273616,-0.0776198,-0.0772497,-0.0770046
-72.1995,0.0285364,-0.077887,-0.0775489,-0.0773052
-72.1769,0.0297041,-0.078357,-0.077829,-0.0775867
-72.1542,0.0308646,-0.0784051,-0.0780899,-0.0778488
-72.1315,0.0320175,-0.07866,-0.0783314,-0.0780916
-72.1088,0.0331625,-0.0789461,-0.0785536,-0.078315
-72.0862,0.0342994,-0.0791616,-0.0787563,-0.078519
-72.0635,0.0354278,-0.0791997,-0.0789396,-0.0787034
-72.0408,0.0365476,-0.0794482,-0.0791033,-0.0788683
-72.0181,0.0376583,-0.0795472,-0.0792475,-0.0790136
-71.9955,0.0387598,-0.079744,-0.0793721,-0.0791393
-71.9728,0.0398518,-0.0797516,-0.0794771,-0.0792452
-71.9501,0.0409341,-0.0797719,-0.0795624,-0.0793315
-71.9274,0.0420062,-0.0797724,-0.079628,-0.0793981
-71.9048,0.043068,-0.0798537,-0.079674,-0.0794449
-71.8821,0.0441193,-0.0798003,-0.0797002,-0.079472
-71.8594,0.0451597,-0.0798394,-0.0797068,-0.0794793
-71.8367,0.0461891,-0.0797485,-0.0796936,-0.0794668
-71.8141,0.0472071,-0.0797211,-0.0796607,-0.0794346
-71.7914,0.0482134,-0.079681,-0.0796081,-0.0793826
-71.7687,0.049208,-0.0796595,-0.0795359,-0.0793109
-71.746,0.0501905,-0.0795004,-0.079444,-0.0792195
-71.7234,0.0511606,-0.0793666,-0.0793324,-0.0791083
-71.7007,0.0521182,-0.0792371,-0.0792012,-0.0789775
-71.678,0.0530629,-0.0789336,-0.0790504,-0.078827
-71.6553,0.0539947,-0.0787485,-0.0788801,-0.078657
-71.6327,0.0549131,-0.0786266,-0.0786903,-0.0784673
-71.61,0.0558181,-0.078415,-0.078481,-0.0782582
-71.5873,0.0567094,-0.0782624,-0.0782524,-0.0780296
-71.5646,0.0575868,-0.0778592,-0.0780043,-0.0777816
-71.542,0.05845,-0.0775632,-0.0777371,-0.0775142
-71.5193,0.0592988,-0.0773746,-0.0774505,-0.0772276
-71.4966,0.0601331,-0.0768678,-0.0771449,-0.0769217
-71.4739,0.0609526,-0.0765004,-0.0768201,-0.0765967
-71.4512,0.0617571,-0.0762384,-0.0764764,-0.0762527
-71.4286,0.0625465,-0.0758503,-0.0761138,-0.0758898
-71.4059,0.0633205,-0.0755433,-0.0757323,-0.0755079
-71.3832,0.064079,-0.0749725,-0.0753322,-0.0751073
-71.3605,0.0648217,-0.0745694,-0.0749134,-0.074688
-71.3379,0.0655485,-0.0740846,-0.0744761,-0.0742501
-71.3152,0.0662592,-0.073727,-0.0740204,-0.0737938
-71.2925,0.0669536,-0.0731346,-0.0735464,-0.0733192
-71.2698,0.0676316,-0.0725896,-0.0730542,-0.0728263
-71.2472,0.068293,-0.072155,-0.072544,-0.0723153
-71.2245,0.0689376,-0.0716565,-0.0720159,-0.0717864
-71.2018,0.0695652,-0.0708594,-0.0714699,-0.0712396
-71.1791,0.0701758,-0.0704588,-0.0709063,-0.0706752
-71.1565,0.0707691,-0.0697781,-0.0703252,-0.0700931
-71.1338,0.0713451,-0.0691418,-0.0697267,-0.0694937
-71.1111,0.0719035,-0.0685366,-0.069111,-0.068877
-71.0884,0.0724443,-0.0678852,-0.0684782,-0.0682433
-71.0658,0.0729673,-0.0670378,-0.0678285,-0.0675925
-71.0431,0.0734723,-0.0664932,-0.0671621,-0.066925
-71.0204,0.0739593,-0.0659235,-0.066479,-0.0662409
-70.9977,0.0744282,-0.0651687,-0.0657796,-0.0655404
-70.9751,0.0748787,-0.0641673,-0.0650639,-0.0648236
-70.9524,0.0753109,-0.0634096,-0.0643321,-0.0640907
-70.9297,0.0757246,-0.0626589,-0.0635845,-0.063342
-70.907,0.0761197,-0.0620335,-0.0628212,-0.0625775
-70.8844,0.076496,-0.0611663,-0.0620423,-0.0617975
-70.8617,0.0768536,-0.0603571,-0.0612482,-0.0610022
-70.839,0.0771923,-0.0595069,-0.0604389,-0.0601918
-70.8163,0.0775121,-0.0586086,-0.0596148,-0.0593664
-70.7937,0.0778128,-0.0577068,-0.0587759,-0.0585264
-70.771,0.0780944,-0.0570133,-0.0579226,-0.0576718
-70.7483,0.0783568,-0.0559684,-0.0570549,-0.056803
-70.7256,0.0786,-0.0550398,-0.0561732,-0.0559202
-70.7029,0.0788239,-0.0542338,-0.0552776,-0.0550234
-70.6803,0.0790284,-0.0533064,-0.0543684,-0.0541131
-70.6576,0.0792135,-0.0522456,-0.0534459,-0.0531893
-70.6349,0.0793791,-0.0514161,-0.0525101,-0.0522524
-70.6122,0.0795253,-0.0504773,-0.0515614,-0.0513026
-70.5896,0.0796519,-0.0494718,-0.0506,-0.05034
-70.5669,0.0797589,-0.0483801,-0.0496262,-0.0493651
-70.5442,0.0798464,-0.0474017,-0.0486401,-0.0483779
-70.5215,0.0799142,-0.0462976,-0.0476421,-0.0473788
-70.4989,0.0799625,-0.0453973,-0.0466323,-0.0463679
-70.4762,0.0799911,-0.0442507,-0.0456111,-0.0453456
-70.4535,0.08,-0.0433314,-0.0445786,-0.0443121
-70.4308,0.0799893,-0.042035,-0.0435352,-0.0432676
-70.4082,0.0799589,-0.0410133,-0.0424811,-0.0422125
-70.3855,0.0799089,-0.0399933,-0.0414166,-0.0411469
-70.3628,0.0798393,-0.0387061,-0.0403419,-0.0400711
-70.3401,0.07975,-0.0375137,-0.0392573,-0.0389855
-70.3175,0.0796412,-0.0367342,-0.0381631,-0.0378902
-70.2948,0.0795128,-0.0354241,-0.0370595,-0.0367855
-70.2721,0.0793649,-0.0343753,-0.0359468,-0.0356718
-70.2494,0.0791975,-0.0329771,-0.0348253,-0.0345493
-70.2268,0.0790106,-0.0319044,-0.0336953,-0.0334182
-70.2041,0.0788043,-0.0307419,-0.0325571,-0.0322788
-70.1814,0.0785787,-0.029777,-0.0314108,-0.0311315
-70.1587,0.0783338,-0.0284153,-0.030257,-0.0299765
-70.1361,0.0780696,-0.0274592,-0.0290957,-0.0288141
-70.1134,0.0777863,-0.026068,-0.0279273,-0.0276446
-70.0907,0.0774838,-0.0249961,-0.0267521,-0.0264682
-70.068,0.0771623,-0.0236262,-0.0255705,-0.0252853
-70.0454,0.0768219,-0.0224684,-0.0243826,-0.0240961
-70.0227,0.0764626,-0.0212527,-0.0231887,-0.0229009
-70,0.0760845,-0.0200245,-0.0219893,-0.0217001
-69.9773,0.0756878,-0.0186602,-0.0207845,-0.0204939
-69.9546,0.0752724,-0.0174004,-0.0195747,-0.0192826
-69.932,0.0748385,-0.0162058,-0.0183602,-0.0180665
-69.9093,0.0743863,-0.0154047,-0.0171413,-0.0168459
-69.8866,0.0739158,-0.0138405,-0.0159183,-0.0156212
-69.8639,0.0734272,-0.0126113,-0.0146914,-0.0143925
-69.8413,0.0729205,-0.011236,-0.0134611,-0.0131602
-69.8186,0.0723959,-0.00983334,-0.0122276,-0.0119246
-69.7959,0.0718535,-0.00871526,-0.0109911,-0.0106861
-69.7732,0.0712935,-0.00754124,-0.00975213,-0.00944479
-69.7506,0.0707159,-0.00599213,-0.00851085,-0.00820112
-69.7279,0.070121,-0.00487804,-0.00726762,-0.00695536
-69.7052,0.0695089,-0.00366372,-0.00602275,-0.00570781
-69.6825,0.0688797,-0.00234241,-0.00477654,-0.00445877
-69.6599,0.0682335,-0.000969706,-0.0035293,-0.00320853
-69.6372,0.0675706,0.000154371,-0.00228135,-0.0019574
-69.6145,0.0668912,0.00151626,-0.00103299,-0.0007057
-69.5918,0.0661953,0.00279745,0.000215445,0.000546275
-69.5692,0.0654831,0.00408651,0.00146367,0.00179824
-69.5465,0.0647548,0.00520012,0.00271136,0.00304987
-69.5238,0.0640107,0.0065757,0.00395821,0.00430087
-69.5011,0.0632508,0.00788213,0.00520391,0.00555096
-69.4785,0.0624754,0.00916746,0.00644811,0.00679979
-69.4558,0.0616846,0.0101957,0.00769056,0.0080471
-69.4331,0.0608787,0.0117832,0.00893091,0.00929258
-69.4104,0.0600579,0.0128647,0.0101689,0.0105359
-69.3878,0.0592222,0.0140412,0.0114041,0.0117768
-69.3651,0.0583721,0.0156662,0.0126364,0.013015
-69.3424,0.0575076,0.0168767,0.0138653,0.0142501
-69.3197,0.056629,0.01782,0.0150905,0.015482
-69.2971,0.0557364,0.01917,0.0163119,0.0167102
-69.2744,0.0548302,0.0205724,0.017529,0.0179344
-69.2517,0.0539105,0.0218161,0.0187415,0.0191545
-69.229,0.0529776,0.0229938,0.0199492,0.02037
-69.2063,0.0520316,0.0243066,0.0211518,0.0215807
-69.1837,0.0510729,0.0252042,0.0223489,0.0227864
-69.161,0.0501017,0.0266403,0.0235402,0.0239866
-69.1383,0.0491181,0.0279408,0.0247255,0.0251812
-69.1156,0.0481224,0.0291712,0.0259045,0.0263698
-69.093,0.047115,0.0303501,0.0270768,0.0275522
-69.0703,0.046096,0.031355,0.0282422,0.028728
-69.0476,0.0450656,0.0323792,0.0294003,0.0298971
-69.0249,0.0440242,0.0339571,0.030551,0.031059
-69.0023,0.042972,0.0349913,0.0316938,0.0322135
-68.9796,0.0419092,0.0361293,0.0328286,0.0333604
-68.9569,0.0408361,0.0373908,0.033955,0.0344993
-68.9342,0.039753,0.038472,0.0350727,0.0356301
-68.9116,0.0386601,0.0395649,0.0361815,0.0367523
-68.8889,0.0375577,0.0408667,0.0372811,0.0378658
-68.8662,0.0364461,0.0416921,0.0383712,0.0389703
-68.8435,0.0353256,0.0428971,0.0394516,0.0400655
-68.8209,0.0341964,0.0439696,0.040522,0.0411511
-68.7982,0.0330587,0.0451687,0.041582,0.0422269
-68.7755,0.031913,0.0461645,0.0426315,0.0432927
-68.7528,0.0307594,0.0474322,0.0436702,0.0443481
-68.7302,0.0295983,0.0483807,0.0446978,0.0453928
-68.7075,0.0284299,0.0493659,0.0457141,0.0464268
-68.6848,0.0272545,0.0506109,0.0467187,0.0474496
-68.6621,0.0260724,0.0517921,0.0477116,0.0484611
-68.6395,0.0248839,0.0525715,0.0486923,0.049461
-68.6168,0.0236893,0.0534261,0.0496608,0.0504491
-68.5941,0.0224889,0.0543823,0.0506166,0.051425
-68.5714,0.0212829,0.0555843,0.0515597,0.0523887
-68.5488,0.0200718,0.0563679,0.0524896,0.0533398
-68.5261,0.0188557,0.0573168,0.0534064,0.0542781
-68.5034,0.017635,0.058191,0.0543095,0.0552034
-68.4807,0.0164099,0.0590094,0.055199,0.0561154
-68.458,0.0151808,0.0598571,0.0560745,0.057014
-68.4354,0.013948,0.0609205,0.0569359,0.0578988
-68.4127,0.0127117,0.0617602,0.0577828,0.0587698
-68.39,0.0114724,0.0626448,0.0586152,0.0596266
-68.3673,0.0102302,0.0636169,0.0594327,0.0604691
-68.3447,0.00898547,0.0642983,0.0602352,0.0612971
-68.322,0.00773857,0.0648927,0.0610226,0.0621103
-68.2993,0.00648976,0.0658255,0.0617945,0.0629085
-68.2766,0.00523936,0.066976,0.0625508,0.0636916
-68.254,0.00398767,0.0674959,0.0632913,0.0644593
-68.2313,0.002735,0.0681764,0.0640159,0.0652115
-68.2086,0.00148166,0.0691034,0.0647243,0.0659479
-68.1859,0.000227961,0.0696964,0.0654164,0.0666685
-68.1633,-0.0010258,0.0702657,0.0660919,0.0673729
-68.1406,-0.00227931,0.0710367,0.0667508,0.0680611
-68.1179,-0.00353225,0.0717451,0.0673929,0.0687328
-68.0952,-0.00478433,0.0722982,0.068018,0.0693879
-68.0726,-0.00603524,0.0729352,0.0686259,0.0700262
-68.0499,-0.00728466,0.0738532,0.0692165,0.0706476
-68.0272,-0.00853229,0.0743855,0.0697897,0.0712519
-68.0045,-0.00977783,0.0746912,0.0703453,0.0718389
-67.9819,-0.011021,0.0755343,0.0708832,0.0724085
-67.9592,-0.0122614,0.0759948,0.0714032,0.0729605
-67.9365,-0.0134988,0.0762106,0.0719052,0.0734949
-67.9138,-0.0147329,0.0765529,0.0723891,0.0740114
-67.8912,-0.0159634,0.0775188,0.0728548,0.0745099
-67.8685,-0.01719,0.0776867,0.0733021,0.0749903
-67.8458,-0.0184123,0.0779886,0.073731,0.0754526
-67.8231,-0.0196301,0.0786343,0.0741413,0.0758964
-67.8005,-0.0208431,0.0790707,0.074533,0.0763218
-67.7778,-0.022051,0.0792446,0.0749059,0.0767287
-67.7551,-0.0232534,0.079746,0.0752599,0.0771168
-67.7324,-0.0244502,0.0798008,0.075595,0.0774862
-67.7098,-0.0256409,0.0804852,0.0759111,0.0778367
-67.6871,-0.0268254,0.0811302,0.0762081,0.0781682
-67.6644,-0.0280032,0.0813986,0.0764859,0.0784806
-67.6417,-0.0291742,0.0813246,0.0767445,0.0787739
-67.619,-0.030338,0.0814805,0.0769838,0.079048
-67.5964,-0.0314944,0.0818324,0.0772037,0.0793027
-67.5737,-0.032643,0.0821146,0.0774042,0.0795381
-67.551,-0.0337836,0.0820383,0.0775853,0.0797541
-67.5283,-0.0349159,0.0822739,0.0777468,0.0799505
-67.5057,-0.0360397,0.082463,0.0778888,0.0801274
-67.483,-0.0371546,0.0827194,0.0780113,0.0802846
-67.4603,-0.0382603,0.082499,0.0781141,0.0804222
-67.4376,-0.0393567,0.0830236,0.0781973,0.0805401
-67.415,-0.0404434,0.0830258,0.0782609,0.0806383
-67.3923,-0.0415201,0.0827837,0.0783048,0.0807167
-67.3696,-0.0425867,0.0827101,0.0783291,0.0807754
-67.3469,-0.0436428,0.0831273,0.0783336,0.0808141
-67.3243,-0.0446882,0.0829928,0.0783185,0.0808331
-67.3016,-0.0457226,0.0830325,0.0782838,0.0808322
-67.2789,-0.0467458,0.082877,0.0782294,0.0808115
-67.2562,-0.0477574,0.0828053,0.0781554,0.080771
-67.2336,-0.0487574,0.0824768,0.0780618,0.0807106
-67.2109,-0.0497454,0.0826391,0.0779485,0.0806303
-67.1882,-0.0507212,0.0823113,0.0778158,0.0805303
-67.1655,-0.0516845,0.0822726,0.0776635,0.0804104
-67.1429,-0.0526351,0.0818886,0.0774918,0.0802708
-67.1202,-0.0535728,0.0819473,0.0773006,0.0801114
-67.0975,-0.0544973,0.081749,0.07709,0.0799323
-67.0748,-0.0554085,0.0816919,0.0768601,0.0797335
-67.0522,-0.056306,0.0813684,0.076611,0.0795151
-67.0295,-0.0571897,0.0809669,0.0763427,0.0792771
-67.0068,-0.0580594,0.0803231,0.0760553,0.0790196
-66.9841,-0.0589148,0.0805069,0.0757487,0.0787426
-66.9615,-0.0597557,0.0800599,0.0754233,0.0784463
-66.9388,-0.0605819,0.079702,0.0750789,0.0781306
-66.9161,-0.0613933,0.0789947,0.0747158,0.0777957
-66.8934,-0.0621896,0.078781,0.074334,0.0774416
-66.8707,-0.0629706,0.0784175,0.0739336,0.0770685
-66.8481,-0.0637362,0.0780438,0.0735146,0.0766763
-66.8254,-0.0644861,0.0773803,0.0730774,0.0762653
-66.8027,-0.0652201,0.0772929,0.0726218,0.0758354
-66.78,-0.0659382,0.0761748,0.0721481,0.0753869
-66.7574,-0.06664,0.076034,0.0716563,0.0749198
-66.7347,-0.0673255,0.0756285,0.0711467,0.0744343
-66.712,-0.0679944,0.0751135,0.0706193,0.0739304
-66.6893,-0.0686467,0.0744369,0.0700742,0.0734082
-66.6667,-0.069282,0.0739187,0.0695117,0.0728681
-66.644,-0.0699004,0.0730641,0.0689318,0.0723099
-66.6213,-0.0705016,0.0727585,0.0683348,0.071734
-66.5986,-0.0710855,0.0720999,0.0677207,0.0711404
-66.576,-0.0716519,0.0713578,0.0670897,0.0705294
-66.5533,-0.0722007,0.0705939,0.066442,0.0699009
-66.5306,-0.0727318,0.0702474,0.0657777,0.0692553
-66.5079,-0.073245,0.0695061,0.065097,0.0685926
-66.4853,-0.0737402,0.0686483,0.0644002,0.0679131
-66.4626,-0.0742173,0.0679723,0.0636873,0.0672169
-66.4399,-0.0746762,0.0670288,0.0629586,0.0665042
-66.4172,-0.0751168,0.0663013,0.0622143,0.0657752
-66.3946,-0.0755389,0.0653394,0.0614544,0.06503
-66.3719,-0.0759424,0.0647562,0.0606793,0.0642688
-66.3492,-0.0763273,0.0644174,0.0598891,0.0634919
-66.3265,-0.0766934,0.062894,0.0590841,0.0626995
-66.3039,-0.0770407,0.0618741,0.0582644,0.0618917
-66.2812,-0.0773691,0.0613872,0.0574303,0.0610687
-66.2585,-0.0776785,0.0605862,0.0565819,0.0602309
-66.2358,-0.0779688,0.0595555,0.0557196,0.0593783
-66.2132,-0.0782399,0.0586255,0.0548434,0.0585112
-66.1905,-0.0784919,0.0575968,0.0539537,0.0576298
-66.1678,-0.0787245,0.0566773,0.0530506,0.0567343
-66.1451,-0.0789378,0.0559416,0.0521344,0.0558251
-66.1224,-0.0791318,0.0551634,0.0512054,0.0549022
-66.0998,-0.0793063,0.0536943,0.0502637,0.053966
-66.0771,-0.0794613,0.0527214,0.0493096,0.0530167
-66.0544,-0.0795968,0.0518515,0.0483434,0.0520545
-66.0317,-0.0797127,0.0508404,0.0473653,0.0510797
-66.0091,-0.0798091,0.0499826,0.0463755,0.0500925
-65.9864,-0.0798858,0.0491338,0.0453744,0.0490932
-65.9637,-0.079943,0.0476418,0.0443621,0.048082
-65.941,-0.0799805,0.0470436,0.0433389,0.0470593
-65.9184,-0.0799984,0.0455713,0.0423051,0.0460251
-65.8957,-0.0799966,0.0443539,0.041261,0.04498
-65.873,-0.0799751,0.0433501,0.0402068,0.0439239
-65.8503,-0.0799341,0.0423056,0.0391428,0.0428574
-65.8277,-0.0798733,0.0412559,0.0380692,0.0417806
-65.805,-0.079793,0.0403798,0.0369864,0.0406938
-65.7823,-0.0796931,0.0387878,0.0358946,0.0395973
-65.7596,-0.0795736,0.0379099,0.0347941,0.0384914
-65.737,-0.0794345,0.0366556,0.0336852,0.0373763
-65.7143,-0.079276,0.0355307,0.0325681,0.0362523
-65.6916,-0.0790979,0.0338642,0.0314432,0.0351198
-65.6689,-0.0789005,0.0330037,0.0303107,0.0339789
-65.6463,-0.0786837,0.0318164,0.029171,0.0328301
-65.6236,-0.0784475,0.0308279,0.0280242,0.0316735
-65.6009,-0.0781921,0.0294279,0.0268708,0.0305096
-65.5782,-0.0779174,0.0282437,0.025711,0.0293385
-65.5556,-0.0776237,0.0268634,0.0245451,0.0281605
-65.5329,-0.0773108,0.0261693,0.0233734,0.0269761
-65.5102,-0.076979,0.0246358,0.0221961,0.0257854
-65.4875,-0.0766283,0.0236875,0.0210137,0.0245888
-65.4649,-0.0762587,0.0220687,0.0198264,0.0233865
-65.4422,-0.0758704,0.0207188,0.0186345,0.022179
-65.4195,-0.0754635,0.0193862,0.0174384,0.0209664
-65.3968,-0.075038,0.0184372,0.0162382,0.019749
-65.3741,-0.0745941,0.0170771,0.0150344,0.0185273
-65.3515,-0.0741319,0.0155504,0.0138272,0.0173015
-65.3288,-0.0736515,0.014212,0.012617,0.0160719
-65.3061,-0.073153,0.0133648,0.011404,0.0148387
-65.2834,-0.0726365,0.011982,0.0101886,0.0136024
-65.2608,-0.0721022,0.0107841,0.00897101,0.0123632
-65.2381,-0.0715502,0.00908902,0.00775165,0.0111215
-65.2154,-0.0709806,0.00805889,0.00653079,0.00987743
-65.1927,-0.0703936,0.00658121,0.00530873,0.00863144
-65.1701,-0.0697892,0.00527437,0.00408581,0.00738382
-65.1474,-0.0691678,0.00414195,0.00286232,0.00613485
-65.1247,-0.0685293,0.00302129,0.00163858,0.00488486
-65.102,-0.067874,0.00155358,0.000414896,0.00363414
-65.0794,-0.0672021,0.000228736,-0.000808394,0.00238303
-65.0567,-0.0665136,-0.000985465,-0.00203101,0.0011318
-65.034,-0.0658088,-0.0020594,-0.00325264,-0.000119228
-65.0113,-0.0650878,-0.00403824,-0.00447294,-0.00136975
-64.9887,-0.0643509,-0.00496017,-0.00569163,-0.00261945
-64.966,-0.0635981,-0.00604728,-0.00690838,-0.00386804
-64.9433,-0.0628298,-0.00788078,-0.00812289,-0.00511519
-64.9206,-0.062046,-0.00874651,-0.00933484,-0.00636062
-64.898,-0.0612469,-0.00974925,-0.0105439,-0.00760401
-64.8753,-0.0604328,-0.0114873,-0.0117498,-0.00884507
-64.8526,-0.0596039,-0.0127883,-0.0129523,-0.0100835
-64.8299,-0.0587603,-0.014003,-0.0141509,-0.011319
-64.8073,-0.0579023,-0.015037,-0.0153455,-0.0125512
-64.7846,-0.0570301,-0.0163305,-0.0165356,-0.01378
-64.7619,-0.0561438,-0.0177704,-0.0177211,-0.0150049
-64.7392,-0.0552438,-0.0191768,-0.0189016,-0.0162256
-64.7166,-0.0543302,-0.0204174,-0.0200767,-0.017442
-64.6939,-0.0534033,-0.0217014,-0.0212463,-0.0186536
-64.6712,-0.0524632,-0.0227175,-0.0224099,-0.0198602
-64.6485,-0.0515103,-0.0239559,-0.0235674,-0.0210616
-64.6259,-0.0505447,-0.0254139,-0.0247183,-0.0222573
-64.6032,-0.0495667,-0.026744,-0.0258625,-0.0234472
-64.5805,-0.0485765,-0.0277534,-0.0269996,-0.024631
-64.5578,-0.0475744,-0.0291172,-0.0281293,-0.0258083
-64.5351,-0.0465606,-0.0300127,-0.0292514,-0.0269789
-64.5125,-0.0455353,-0.0309847,-0.0303655,-0.0281425
-64.4898,-0.0444989,-0.0327621,-0.0314714,-0.0292988
-64.4671,-0.0434516,-0.0338625,-0.0325688,-0.0304476
-64.4444,-0.0423935,-0.0346256,-0.0336575,-0.0315886
-64.4218,-0.0413251,-0.0358792,-0.034737,-0.0327215
-64.3991,-0.0402465,-0.0367745,-0.0358073,-0.033846
-64.3764,-0.039158,-0.0384451,-0.0368679,-0.0349619
-64.3537,-0.03806,-0.0395924,-0.0379186,-0.0360689
-64.3311,-0.0369525,-0.040644,-0.0389592,-0.0371667
-64.3084,-0.035836,-0.0420099,-0.0399894,-0.0382551
-64.2857,-0.0347107,-0.043262,-0.041009,-0.0393339
-64.263,-0.0335769,-0.0440561,-0.0420176,-0.0404028
-64.2404,-0.0324348,-0.0449366,-0.043015,-0.0414614
-64.2177,-0.0312847,-0.0463242,-0.044001,-0.0425096
-64.195,-0.030127,-0.0474892,-0.0449753,-0.0435472
-64.1723,-0.0289618,-0.0484659,-0.0459377,-0.0445738
-64.1497,-0.0277896,-0.0496052,-0.0468879,-0.0455893
-64.127,-0.0266105,-0.0505005,-0.0478257,-0.0465933
-64.1043,-0.0254249,-0.0517588,-0.0487508,-0.0475858
-64.0816,-0.024233,-0.0525101,-0.0496631,-0.0485663
-64.059,-0.0230352,-0.0535836,-0.0505622,-0.0495347
-64.0363,-0.0218318,-0.0547183,-0.051448,-0.0504908
-64.0136,-0.0206229,-0.0559044,-0.0523202,-0.0514343
-63.9909,-0.019409,-0.0566248,-0.0531786,-0.052365
-63.9683,-0.0181904,-0.0574349,-0.0540231,-0.0532827
-63.9456,-0.0169673,-0.0584856,-0.0548533,-0.0541873
-63.9229,-0.01574,-0.0596105,-0.0556691,-0.0550783
-63.9002,-0.0145088,-0.0602886,-0.0564702,-0.0559557
-63.8776,-0.0132741,-0.0612299,-0.0572565,-0.0568192
-63.8549,-0.0120361,-0.0617961,-0.0580279,-0.0576686
-63.8322,-0.0107951,-0.0628561,-0.0587839,-0.0585038
-63.8095,-0.00955154,-0.0637445,-0.0595246,-0.0593245
-63.7868,-0.0083056,-0.0640392,-0.0602496,-0.0601305
-63.7642,-0.00705762,-0.0651637,-0.0609589,-0.0609217
-63.7415,-0.0058079,-0.0665204,-0.0616523,-0.0616978
-63.7188,-0.00455676,-0.0666377,-0.0623295,-0.0624587
-63.6961,-0.0033045,-0.0677351,-0.0629903,-0.0632042
-63.6735,-0.00205143,-0.0682796,-0.0636348,-0.063934
-63.6508,-0.000797852,-0.0687646,-0.0642626,-0.0646481
-63.6281,0.00045592,-0.0700546,-0.0648736,-0.0653462
-63.6054,0.00170958,-0.07069,-0.0654677,-0.0660282
-63.5828,0.00296282,-0.0709428,-0.0660447,-0.0666939
-63.5601,0.00421533,-0.0718254,-0.0666045,-0.0673431
-63.5374,0.00546681,-0.0721949,-0.0671469,-0.0679757
-63.5147,0.00671694,-0.0731079,-0.0676718,-0.0685916
-63.4921,0.00796543,-0.0735482,-0.0681791,-0.0691905
-63.4694,0.00921196,-0.0744541,-0.0686686,-0.0697724
-63.4467,0.0104562,-0.0745116,-0.0691403,-0.0703371
-63.424,0.0116979,-0.0753534,-0.069594,-0.0708844
-63.4014,0.0129367,-0.0758741,-0.0700296,-0.0714142
-63.3787,0.0141724,-0.076271,-0.070447,-0.0719263
-63.356,0.0154046,-0.0765526,-0.0708461,-0.0724207
-63.3333,0.0166329,-0.0777572,-0.0712268,-0.0728973
-63.3107,0.0178572,-0.0779864,-0.071589,-0.0733558
-63.288,0.0190771,-0.0788079,-0.0719326,-0.0737962
-63.2653,0.0202924,-0.0782704,-0.0722575,-0.0742183
-63.2426,0.0215026,-0.0790379,-0.0725638,-0.0746221
-63.22,0.0227076,-0.080002,-0.0728512,-0.0750075
-63.1973,0.0239069,-0.0800066,-0.0731197,-0.0753742
-63.1746,0.0251005,-0.0799239,-0.0733693,-0.0757224
-63.1519,0.0262878,-0.0806686,-0.0735999,-0.0760517
-63.1293,0.0274687,-0.0808828,-0.0738114,-0.0763623
-63.1066,0.0286428,-0.0812421,-0.0740039,-0.0766539
-63.0839,0.0298099,-0.0810065,-0.0741772,-0.0769264
-63.0612,0.0309697,-0.0815829,-0.0743313,-0.0771799
-63.0385,0.0321219,-0.0818067,-0.0744662,-0.0774143
-63.0159,0.0332662,-0.0820127,-0.0745819,-0.0776294
-62.9932,0.0344023,-0.0818138,-0.0746783,-0.0778252
-62.9705,0.03553,-0.0823583,-0.0747555,-0.0780016
-62.9478,0.0366489,-0.0826574,-0.0748133,-0.0781587
-62.9252,0.0377588,-0.0819507,-0.0748519,-0.0782963
-62.9025,0.0388595,-0.0825672,-0.0748711,-0.0784143
-62.8798,0.0399506,-0.0829431,-0.0748711,-0.0785129
-62.8571,0.0410319,-0.0822267,-0.0748517,-0.0785918
-62.8345,0.0421032,-0.0824655,-0.0748131,-0.0786511
-62.8118,0.0431641,-0.0822805,-0.0747552,-0.0786908
-62.7891,0.0442143,-0.0825178,-0.0746781,-0.0787107
-62.7664,0.0452538,-0.0823699,-0.0745818,-0.078711
-62.7438,0.0462821,-0.0826299,-0.0744663,-0.0786916
-62.7211,0.047299,-0.0821878,-0.0743316,-0.0786525
-62.6984,0.0483044,-0.082371,-0.0741779,-0.0785936
-62.6757,0.0492978,-0.0821054,-0.0740051,-0.078515
-62.6531,0.0502792,-0.0822032,-0.0738133,-0.0784167
-62.6304,0.0512482,-0.0820654,-0.0736026,-0.0782987
-62.6077,0.0522046,-0.0825558,-0.0733729,-0.0781609
-62.585,0.0531482,-0.0813933,-0.0731245,-0.0780035
-62.5624,0.0540787,-0.0811457,-0.0728574,-0.0778265
-62.5397,0.054996,-0.0807275,-0.0725715,-0.0776298
-62.517,0.0558997,-0.0805048,-0.0722671,-0.0774135
-62.4943,0.0567897,-0.0806483,-0.0719442,-0.0771777
-62.4717,0.0576658,-0.0806549,-0.0716029,-0.0769223
-62.449,0.0585277,-0.0798464,-0.0712433,-0.0766475
-62.4263,0.0593753,-0.0804197,-0.0708655,-0.0763533
-62.4036,0.0602082,-0.0792912,-0.0704696,-0.0760397
-62.381,0.0610264,-0.0788703,-0.0700557,-0.0757069
-62.3583,0.0618295,-0.0781812,-0.069624,-0.0753548
-62.3356,0.0626175,-0.0779321,-0.0691745,-0.0749836
-62.3129,0.0633901,-0.0772253,-0.0687073,-0.0745933
-62.2902,0.0641472,-0.0772446,-0.0682227,-0.074184
-62.2676,0.0648884,-0.0764444,-0.0677207,-0.0737558
-62.2449,0.0656138,-0.0757633,-0.0672014,-0.0733089
-62.2222,0.066323,-0.0755154,-0.0666651,-0.0728432
-62.1995,0.0670159,-0.0751884,-0.0661118,-0.0723589
-62.1769,0.0676924,-0.0739287,-0.0655418,-0.0718561
-62.1542,0.0683523,-0.0738562,-0.0649551,-0.071335
-62.1315,0.0689953,-0.0730654,-0.064352,-0.0707956
-62.1088,0.0696214,-0.072239,-0.0637325,-0.070238
-62.0862,0.0702305,-0.0719398,-0.0630969,-0.0696624
-62.0635,0.0708222,-0.0720185,-0.0624454,-0.069069
-62.0408,0.0713966,-0.0711871,-0.0617781,-0.0684578
-62.0181,0.0719534,-0.0701046,-0.0610951,-0.0678291
-61.9955,0.0724926,-0.0690017,-0.0603967,-0.0671829
-61.9728,0.0730139,-0.0686408,-0.0596831,-0.0665193
-61.9501,0.0735174,-0.0679394,-0.0589545,-0.0658387
-61.9274,0.0740027,-0.0671477,-0.058211,-0.0651411
-61.9048,0.0744699,-0.0664616,-0.0574529,-0.0644267
-61.8821,0.0749188,-0.065487,-0.0566803,-0.0636956
-61.8594,0.0753493,-0.0646696,-0.0558935,-0.0629481
-61.8367,0.0757613,-0.0638188,-0.0550927,-0.0621843
-61.8141,0.0761547,-0.0627363,-0.0542781,-0.0614044
-61.7914,0.0765293,-0.0619547,-0.0534499,-0.0606087
-61.7687,0.0768852,-0.0614458,-0.0526083,-0.0597972
-61.746,0.0772222,-0.0608452,-0.0517536,-0.0589702
-61.7234,0.0775402,-0.0597738,-0.050886,-0.0581279
-61.7007,0.0778392,-0.0586847,-0.0500057,-0.0572706
-61.678,0.0781191,-0.0570729,-0.049113,-0.0563983
-61.6553,0.0783797,-0.0566332,-0.0482081,-0.0555114
-61.6327,0.0786212,-0.0556519,-0.0472912,-0.0546101
-61.61,0.0788433,-0.0543387,-0.0463626,-0.0536945
-61.5873,0.079046,-0.0531495,-0.0454225,-0.052765
-61.5646,0.0792294,-0.0527848,-0.0444713,-0.0518217
-61.542,0.0793932,-0.0515658,-0.043509,-0.0508649
-61.5193,0.0795376,-0.0507928,-0.0425361,-0.0498948
-61.4966,0.0796624,-0.0496092,-0.0415528,-0.0489118
-61.4739,0.0797677,-0.0485653,-0.0405592,-0.0479159
-61.4512,0.0798534,-0.0474071,-0.0395558,-0.0469075
-61.4286,0.0799194,-0.0464365,-0.0385427,-0.0458869
-61.4059,0.0799659,-0.044926,-0.0375202,-0.0448542
-61.3832,0.0799927,-0.0440797,-0.0364886,-0.0438098
-61.3605,0.0799998,-0.0434117,-0.0354482,-0.042754
-61.3379,0.0799873,-0.0424741,-0.0343992,-0.0416869
-61.3152,0.0799552,-0.0403855,-0.0333419,-0.0406089
-61.2925,0.0799034,-0.039552,-0.0322767,-0.0395203
-61.2698,0.079832,-0.0384309,-0.0312038,-0.0384212
-61.2472,0.0797409,-0.0369221,-0.0301234,-0.0373121
-61.2245,0.0796303,-0.035732,-0.0290359,-0.0361932
-61.2018,0.0795002,-0.0346528,-0.0279415,-0.0350648
-61.1791,0.0793505,-0.0340822,-0.0268406,-0.0339272
-61.1565,0.0791813,-0.0328825,-0.0257334,-0.0327806
-61.1338,0.0789927,-0.0308327,-0.0246202,-0.0316253
-61.1111,0.0787846,-0.0299704,-0.0235014,-0.0304618
-61.0884,0.0785572,-0.0287337,-0.0223771,-0.0292902
-61.0658,0.0783106,-0.0278302,-0.0212478,-0.0281109
-61.0431,0.0780446,-0.0264012,-0.0201137,-0.0269242
-61.0204,0.0777596,-0.024789,-0.0189752,-0.0257303
-60.9977,0.0774554,-0.0239913,-0.0178324,-0.0245296
-60.9751,0.0771322,-0.0226461,-0.0166857,-0.0233225
-60.9524,0.07679,-0.0210599,-0.0155355,-0.0221091
-60.9297,0.076429,-0.0202403,-0.014382,-0.0208899
-60.907,0.0760492,-0.0186222,-0.0132255,-0.0196651
-60.8844,0.0756508,-0.0168252,-0.0120664,-0.0184351
-60.8617,0.0752337,-0.0155912,-0.0109049,-0.0172002
-60.839,0.0747982,-0.0145799,-0.00974132,-0.0159606
-60.8163,0.0743443,-0.0133333,-0.00857602,-0.0147168
-60.7937,0.0738721,-0.0116654,-0.00740927,-0.013469
-60.771,0.0733818,-0.0106132,-0.00624141,-0.0122175
-60.7483,0.0728735,-0.00967371,-0.00507272,-0.0109628
-60.7256,0.0723473,-0.0075905,-0.00390351,-0.00970504
-60.7029,0.0718033,-0.00636017,-0.0027341,-0.00844462
-60.6803,0.0712417,-0.00540016,-0.00156479,-0.00718187
-60.6576,0.0706625,-0.00378998,-0.000395886,-0.00591709
-60.6349,0.0700661,-0.00242062,0.000772304,-0.00465061
-60.6122,0.0694524,-0.00128129,0.00193948,-0.00338275
-60.5896,0.0688216,0.000321995,0.0031053,-0.00211386
-60.5669,0.068174,0.00121268,0.00426949,-0.000844254
-60.5442,0.0675096,0.00311152,0.00543176,0.00042577
-60.5215,0.0668286,0.00410635,0.00659177,0.00169587
-60.4989,0.0661312,0.00528744,0.00774921,0.00296569
-60.4762,0.0654176,0.00668875,0.00890382,0.00423497
-60.4535,0.0646878,0.00790452,0.0100553,0.00550334
-60.4308,0.0639423,0.00869108,0.0112032,0.00677051
-60.4082,0.063181,0.0109436,0.0123475,0.00803612
-60.3855,0.0624041,0.0120467,0.0134876,0.00929989
-60.3628,0.061612,0.0132192,0.0146234,0.0105615
-60.3401,0.0608047,0.0142396,0.0157546,0.0118206
-60.3175,0.0599825,0.0155965,0.0168807,0.0130768
-60.2948,0.0591456,0.0172348,0.0180017,0.01433
-60.2721,0.0582941,0.0189765,0.0191171,0.0155797
-60.2494,0.0574283,0.0197635,0.0202267,0.0168257
-60.2268,0.0565484,0.0208604,0.0213301,0.0180676
-60.2041,0.0556546,0.0222738,0.0224271,0.0193051
-60.1814,0.0547471,0.0245164,0.0235175,0.020538
-60.1587,0.0538262,0.0251785,0.0246008,0.0217658
-60.1361,0.0528921,0.0264865,0.0256769,0.0229884
-60.1134,0.051945,0.0281573,0.0267455,0.0242054
-60.0907,0.0509851,0.0297077,0.0278062,0.0254165
-60.068,0.0500127,0.030548,0.0288589,0.0266214
-60.0454,0.0490281,0.0315659,0.0299031,0.0278198
-60.0227,0.0480313,0.0325605,0.0309387,0.0290115
-60,0.0470228,0.0344633,0.0319655,0.0301961
-59.9773,0.0460028,0.0355758,0.032983,0.0313733
-59.9546,0.0449714,0.0367523,0.0339911,0.0325429
-59.932,0.043929,0.0375691,0.0349895,0.0337046
-59.9093,0.0428758,0.0393391,0.0359779,0.0348581
-59.8866,0.041812,0.0402753,0.0369561,0.0360031
-59.8639,0.040738,0.041863,0.0379238,0.0371393
-59.8413,0.039654,0.0429596,0.0388808,0.0382665
-59.8186,0.0385603,0.0439384,0.0398268,0.0393845
-59.7959,0.037457,0.0449447,0.0407617,0.0404928
-59.7732,0.0363446,0.0462792,0.041685,0.0415913
-59.7506,0.0352233,0.0471591,0.0425967,0.0426798
-59.7279,0.0340933,0.0487054,0.0434964,0.0437579
-59.7052,0.0329549,0.0501811,0.044384,0.0448254
-59.6825,0.0318084,0.0508732,0.0452592,0.0458821
-59.6599,0.0306542,0.0517364,0.0461218,0.0469276
-59.6372,0.0294924,0.0532292,0.0469715,0.0479618
-59.6145,0.0283233,0.0542352,0.0478082,0.0489844
-59.5918,0.0271473,0.0553879,0.0486317,0.0499953
-59.5692,0.0259646,0.0564855,0.0494416,0.050994
-59.5465,0.0247756,0.0574557,0.0502379,0.0519805
-59.5238,0.0235804,0.0587411,0.0510202,0.0529544
-59.5011,0.0223795,0.059965,0.0517885,0.0539156
-59.4785,0.0211731,0.0604851,0.0525425,0.0548639
-59.4558,0.0199614,0.0615762,0.0532821,0.0557989
-59.4331,0.0187449,0.0625411,0.0540069,0.0567206
-59.4104,0.0175238,0.063725,0.054717,0.0576287
-59.3878,0.0162983,0.0646048,0.0554119,0.0585229
-59.3651,0.0150689,0.0656974,0.0560917,0.0594031
-59.3424,0.0138357,0.0663771,0.0567561,0.0602692
-59.3197,0.0125992,0.0673498,0.057405,0.0611208
-59.2971,0.0113595,0.0678453,0.0580382,0.0619578
-59.2744,0.0101171,0.0693458,0.0586555,0.06278
-59.2517,0.00887221,0.0702727,0.0592567,0.0635872
-59.229,0.00762511,0.0707816,0.0598419,0.0643793
-59.2063,0.00637615,0.0717338,0.0604107,0.065156
-59.1837,0.00512562,0.0728255,0.060963,0.0659172
-59.161,0.00387383,0.0732793,0.0614987,0.0666628
-59.1383,0.00262109,0.0744374,0.0620177,0.0673924
-59.1156,0.0013677,0.0749282,0.0625199,0.0681061
-59.093,0.000113981,0.0756196,0.0630051,0.0688036
-59.0703,-0.00113977,0.0761315,0.0634732,0.0694848
-59.0476,-0.00239324,0.0774781,0.063924,0.0701495
-59.0249,-0.00364612,0.0783363,0.0643576,0.0707975
-59.0023,-0.0048981,0.0788134,0.0647737,0.0714288
-58.9796,-0.00614889,0.0792538,0.0651723,0.0720432
-58.9569,-0.00739816,0.0798983,0.0655533,0.0726405
-58.9342,-0.00864561,0.0802977,0.0659166,0.0732206
-58.9116,-0.00989095,0.0812207,0.066262,0.0737835
-58.8889,-0.0111338,0.0810925,0.0665896,0.0743288
-58.8662,-0.012374,0.0826954,0.0668992,0.0748567
-58.8435,-0.0136111,0.0827709,0.0671908,0.0753668
-58.8209,-0.0148449,0.0831956,0.0674643,0.0758592
-58.7982,-0.0160751,0.0833583,0.0677197,0.0763336
-58.7755,-0.0173013,0.0840425,0.0679568,0.0767901
-58.7528,-0.0185232,0.0848505,0.0681757,0.0772284
-58.7302,-0.0197406,0.0855143,0.0683763,0.0776485
-58.7075,-0.0209531,0.0855009,0.0685585,0.0780503
-58.6848,-0.0221605,0.0865966,0.0687223,0.0784337
-58.6621,-0.0233625,0.0868606,0.0688677,0.0787987
-58.6395,-0.0245587,0.0879843,0.0689946,0.0791451
-58.6168,-0.0257489,0.0870936,0.0691031,0.0794728
-58.5941,-0.0269327,0.0873961,0.069193,0.0797818
-58.5714,-0.02811,0.0882144,0.0692645,0.080072
-58.5488,-0.0292803,0.0883391,0.0693175,0.0803433
-58.5261,-0.0304435,0.088561,0.0693519,0.0805957
-58.5034,-0.0315991,0.089644,0.0693678,0.0808292
-58.4807,-0.0327471,0.0889354,0.0693653,0.0810435
-58.458,-0.0338869,0.0895168,0.0693442,0.0812389
-58.4354,-0.0350185,0.0894629,0.0693047,0.081415
-58.4127,-0.0361414,0.0896816,0.0692467,0.081572
-58.39,-0.0372555,0.0897605,0.0691703,0.0817097
-58.3673,-0.0383604,0.0900128,0.0690755,0.0818282
-58.3447,-0.0394559,0.0899818,0.0689623,0.0819274
-58.322,-0.0405417,0.0904065,0.0688309,0.0820072
-58.2993,-0.0416175,0.0896908,0.0686812,0.0820678
-58.2766,-0.0426831,0.0903961,0.0685132,0.0821089
-58.254,-0.0437383,0.08986,0.0683271,0.0821306
-58.2313,-0.0447827,0.0902498,0.0681229,0.082133
-58.2086,-0.0458161,0.0893601,0.0679007,0.0821159
-58.1859,-0.0468382,0.089674,0.0676605,0.0820795
-58.1633,-0.0478488,0.0892975,0.0674025,0.0820235
-58.1406,-0.0488477,0.0901382,0.0671266,0.0819483
-58.1179,-0.0498346,0.0901795,0.066833,0.0818536
-58.0952,-0.0508093,0.0896981,0.0665218,0.0817395
-58.0726,-0.0517714,0.0892229,0.0661931,0.081606
-58.0499,-0.0527209,0.0897264,0.0658469,0.0814532
-58.0272,-0.0536574,0.0889339,0.0654835,0.081281
-58.0045,-0.0545807,0.0899291,0.0651028,0.0810896
-57.9819,-0.0554906,0.0892358,0.0647049,0.0808788
-57.9592,-0.0563869,0.0888683,0.0642902,0.0806489
-57.9365,-0.0572693,0.0885077,0.0638585,0.0803997
-57.9138,-0.0581377,0.0881063,0.0634101,0.0801314
-57.8912,-0.0589918,0.0880118,0.0629451,0.079844
-57.8685,-0.0598314,0.0874132,0.0624637,0.0795376
-57.8458,-0.0606563,0.0861758,0.0619659,0.0792121
-57.8231,-0.0614663,0.0869113,0.0614519,0.0788678
-57.8005,-0.0622612,0.0867371,0.0609219,0.0785046
-57.7778,-0.0630409,0.0854998,0.060376,0.0781226
-57.7551,-0.063805,0.0851491,0.0598144,0.0777219
-57.7324,-0.0645535,0.084994,0.0592373,0.0773025
-57.7098,-0.0652861,0.0841257,0.0586447,0.0768647
-57.6871,-0.0660026,0.083446,0.0580369,0.0764083
-57.6644,-0.066703,0.0839162,0.0574141,0.0759336
-57.6417,-0.067387,0.083623,0.0567763,0.0754406
-57.619,-0.0680544,0.0817783,0.0561239,0.0749294
-57.5964,-0.0687051,0.0813699,0.055457,0.0744002
-57.5737,-0.069339,0.0819614,0.0547758,0.073853
-57.551,-0.0699558,0.0803742,0.0540804,0.073288
-57.5283,-0.0705554,0.0792985,0.0533711,0.0727053
-57.5057,-0.0711377,0.0788119,0.0526481,0.072105
-57.483,-0.0717025,0.0785568,0.0519116,0.0714872
-57.4603,-0.0722497,0.077294,0.0511617,0.070852
-57.4376,-0.0727792,0.077148,0.0503988,0.0701997
-57.415,-0.0732908,0.0771702,0.0496229,0.0695303
-57.3923,-0.0737843,0.0760694,0.0488344,0.0688441
-57.3696,-0.0742598,0.075247,0.0480334,0.068141
-57.3469,-0.074717,0.0743763,0.0472202,0.0674213
-57.3243,-0.0751559,0.0730448,0.0463951,0.0666852
-57.3016,-0.0755763,0.0727055,0.0455581,0.0659329
-57.2789,-0.0759782,0.0718516,0.0447096,0.0651643
-57.2562,-0.0763614,0.0704897,0.0438498,0.0643799
-57.2336,-0.0767258,0.0697227,0.042979,0.0635797
-57.2109,-0.0770714,0.0686887,0.0420974,0.062764
-57.1882,-0.077398,0.0683335,0.0412051,0.0619328
-57.1655,-0.0777057,0.0672566,0.0403026,0.0610864
-57.1429,-0.0779942,0.0659676,0.03939,0.060225
-57.1202,-0.0782636,0.065204,0.0384676,0.0593488
-57.0975,-0.0785138,0.0648806,0.0375356,0.058458
-57.0748,-0.0787447,0.063366,0.0365943,0.0575527
-57.0522,-0.0789563,0.0622059,0.035644,0.0566333
-57.0295,-0.0791484,0.0617563,0.0346849,0.0557
-57.0068,-0.0793212,0.060757,0.0337173,0.0547528
-56.9841,-0.0794744,0.0590886,0.0327414,0.0537922
-56.9615,-0.0796081,0.0595888,0.0317576,0.0528182
-56.9388,-0.0797223,0.057252,0.0307661,0.0518312
-56.9161,-0.0798169,0.0563513,0.0297672,0.0508313
-56.8934,-0.0798918,0.0556906,0.0287611,0.0498188
-56.8707,-0.0799472,0.0540735,0.0277481,0.0487941
-56.8481,-0.0799829,0.0525801,0.0267286,0.0477572
-56.8254,-0.079999,0.0520003,0.0257027,0.0467084
-56.8027,-0.0799954,0.0509069,0.0246708,0.0456481
-56.78,-0.0799722,0.0492956,0.0236332,0.0445764
-56.7574,-0.0799294,0.0482888,0.0225901,0.0434937
-56.7347,-0.0798669,0.0471135,0.0215418,0.0424002
-56.712,-0.0797847,0.045819,0.0204886,0.0412962
-56.6893,-0.079683,0.0457243,0.0194309,0.0401819
-56.6667,-0.0795618,0.0439514,0.0183688,0.0390576
-56.644,-0.0794209,0.0422047,0.0173027,0.0379236
-56.6213,-0.0792606,0.0407255,0.0162329,0.0367802
-56.5986,-0.0790808,0.0396952,0.0151597,0.0356277
-56.576,-0.0788816,0.0388556,0.0140833,0.0344664
-56.5533,-0.078663,0.0376052,0.0130041,0.0332965
-56.5306,-0.0784251,0.0352615,0.0119223,0.0321184
-56.5079,-0.0781679,0.034969,0.0108383,0.0309324
-56.4853,-0.0778915,0.034146,0.00975234,0.0297387
-56.4626,-0.077596,0.031804,0.00866471,0.0285376
-56.4399,-0.0772814,0.0308355,0.00757573,0.0273296
-56.4172,-0.0769479,0.0303851,0.00648566,0.0261148
-56.3946,-0.0765954,0.028359,0.00539485,0.0248936
-56.3719,-0.0762242,0.0272534,0.00430355,0.0236663
-56.3492,-0.0758342,0.0261913,0.00321209,0.0224333
-56.3265,-0.0754256,0.024362,0.00212074,0.0211948
-56.3039,-0.0749984,0.0229836,0.00102983,0.0199512
-56.2812,-0.0745529,0.0224418,-6.03726e-05,0.0187027
-56.2585,-0.074089,0.0201063,-0.00114957,0.0174498
-56.2358,-0.0736069,0.0192302,-0.00223745,0.0161927
-56.2132,-0.0731068,0.0176098,-0.00332372,0.0149318
-56.1905,-0.0725887,0.0162832,-0.0044081,0.0136674
-56.1678,-0.0720528,0.0149339,-0.00549028,0.0123998
-56.1451,-0.0714991,0.0131869,-0.00656997,0.0111294
-56.1224,-0.0709279,0.0126027,-0.00764689,0.00985646
-56.0998,-0.0703393,0.0121113,-0.00872075,0.00858139
-56.0771,-0.0697334,0.00920395,-0.00979123,0.0073045
-56.0544,-0.0691104,0.00772128,-0.0108581,0.00602611
-56.0317,-0.0684704,0.0069847,-0.0119209,0.00474657
-56.0091,-0.0678136,0.00515614,-0.0129796,0.0034662
-55.9864,-0.0671402,0.00386275,-0.0140338,0.00218537
-55.9637,-0.0664502,0.00397179,-0.0150831,0.000904379
-55.941,-0.0657439,0.00163147,-0.0161274,-0.000376404
-55.9184,-0.0650215,-0.000208678,-0.0171663,-0.00165666
-55.8957,-0.0642831,-0.00105852,-0.0181996,-0.00293604
-55.873,-0.0635289,-0.00202715,-0.019227,-0.00421422
-55.8503,-0.0627591,-0.00390507,-0.0202481,-0.00549085
-55.8277,-0.0619739,-0.00480499,-0.0212628,-0.00676559
-55.805,-0.0611735,-0.00667133,-0.0222708,-0.00803813
-55.7823,-0.0603581,-0.00778697,-0.0232717,-0.0093081
-55.7596,-0.0595278,-0.00877859,-0.0242654,-0.0105752
-55.737,-0.0586829,-0.0101882,-0.0252515,-0.011839
-55.7143,-0.0578236,-0.0118419,-0.0262298,-0.0130994
-55.6916,-0.0569501,-0.0123303,-0.0272,-0.0143558
-55.6689,-0.0560626,-0.0143334,-0.0281619,-0.015608
-55.6463,-0.0551613,-0.0166805,-0.0291152,-0.0168556
-55.6236,-0.0542465,-0.0178732,-0.0300597,-0.0180984
-55.6009,-0.0533183,-0.0182503,-0.0309951,-0.019336
-55.5782,-0.0523771,-0.0197287,-0.0319211,-0.0205681
-55.5556,-0.051423,-0.0204764,-0.0328375,-0.0217943
-55.5329,-0.0504563,-0.022828,-0.0337441,-0.0230143
-55.5102,-0.0494771,-0.0236492,-0.0346406,-0.0242279
-55.4875,-0.0484859,-0.0250052,-0.0355268,-0.0254347
-55.4649,-0.0474827,-0.0268887,-0.0364024,-0.0266343
-55.4422,-0.0464678,-0.0281456,-0.0372673,-0.0278266
-55.4195,-0.0454416,-0.0287096,-0.0381211,-0.0290111
-55.3968,-0.0444041,-0.0307955,-0.0389637,-0.0301876
-55.3741,-0.0433558,-0.0310502,-0.0397948,-0.0313557
-55.3515,-0.0422968,-0.0322617,-0.0406143,-0.0325152
-55.3288,-0.0412275,-0.0339758,-0.0414218,-0.0336658
-55.3061,-0.040148,-0.0361682,-0.0422173,-0.0348071
-55.2834,-0.0390586,-0.0358173,-0.0430004,-0.0359389
-55.2608,-0.0379597,-0.0370991,-0.043771,-0.0370609
-55.2381,-0.0368514,-0.0383318,-0.0445289,-0.0381728
-55.2154,-0.0357341,-0.0397606,-0.0452738,-0.0392744
-55.1927,-0.034608,-0.0411988,-0.0460056,-0.0403653
-55.1701,-0.0334734,-0.042793,-0.0467241,-0.0414452
-55.1474,-0.0323305,-0.0433679,-0.0474291,-0.042514
-55.1247,-0.0311798,-0.0445675,-0.0481204,-0.0435713
-55.102,-0.0300214,-0.0457116,-0.0487978,-0.0446169
-55.0794,-0.0288556,-0.0477228,-0.0494612,-0.0456505
-55.0567,-0.0276827,-0.0487183,-0.0501104,-0.0466718
-55.034,-0.026503,-0.0486321,-0.0507452,-0.0476807
-55.0113,-0.0253168,-0.0495348,-0.0513655,-0.0486768
-54.9887,-0.0241244,-0.0513589,-0.051971,-0.04966
-54.966,-0.0229261,-0.0520325,-0.0525617,-0.0506299
-54.9433,-0.0217221,-0.0540869,-0.0531373,-0.0515864
-54.9206,-0.0205128,-0.0547064,-0.0536978,-0.0525291
-54.898,-0.0192984,-0.0554239,-0.054243,-0.053458
-54.8753,-0.0180794,-0.0558638,-0.0547728,-0.0543728
-54.8526,-0.0168558,-0.0575644,-0.0552869,-0.0552732
-54.8299,-0.0156282,-0.0581306,-0.0557854,-0.056159
-54.8073,-0.0143967,-0.0589085,-0.056268,-0.05703
-54.7846,-0.0131616,-0.0605206,-0.0567347,-0.0578861
-54.7619,-0.0119234,-0.0615941,-0.0571852,-0.058727
-54.7392,-0.0106822,-0.0615965,-0.0576196,-0.0595526
-54.7166,-0.00943836,-0.0637688,-0.0580377,-0.0603625
-54.6939,-0.00819222,-0.0636132,-0.0584394,-0.0611568
-54.6712,-0.00694407,-0.0649853,-0.0588246,-0.0619351
-54.6485,-0.00569422,-0.0651022,-0.0591932,-0.0626973
-54.6259,-0.00444296,-0.0663008,-0.0595451,-0.0634432
-54.6032,-0.00319061,-0.068133,-0.0598803,-0.0641727
-54.5805,-0.00193748,-0.0683348,-0.0601986,-0.0648855
-54.5578,-0.000683876,-0.068984,-0.0605,-0.0655816
-54.5351,0.000569899,-0.0705307,-0.0607843,-0.0662608
-54.5125,0.00182353,-0.070024,-0.0610517,-0.066923
-54.4898,0.00307672,-0.0716932,-0.0613018,-0.0675679
-54.4671,0.00432915,-0.0729453,-0.0615348,-0.0681954
-54.4444,0.00558052,-0.0727036,-0.0617506,-0.0688055
-54.4218,0.00683051,-0.0726755,-0.0619491,-0.069398
-54.3991,0.00807883,-0.073482,-0.0621303,-0.0699728
-54.3764,0.00932517,-0.075065,-0.0622941,-0.0705296
-54.3537,0.0105692,-0.0759993,-0.0624405,-0.0710685
-54.3311,0.0118107,-0.0767833,-0.0625695,-0.0715894
-54.3084,0.0130492,-0.07671,-0.0626811,-0.072092
-54.2857,0.0142846,-0.0761844,-0.0627751,-0.0725764
-54.263,0.0155164,-0.0776717,-0.0628517,-0.0730423
-54.2404,0.0167444,-0.0786338,-0.0629109,-0.0734898
-54.2177,0.0179683,-0.0786745,-0.0629525,-0.0739187
-54.195,0.0191878,-0.0781867,-0.0629766,-0.074329
-54.1723,0.0204026,-0.0793083,-0.0629833,-0.0747205
-54.1497,0.0216124,-0.0801122,-0.0629725,-0.0750932
-54.127,0.0228168,-0.0801115,-0.0629442,-0.0754471
-54.1043,0.0240157,-0.0807811,-0.0628985,-0.0757819
-54.0816,0.0252087,-0.0818201,-0.0628353,-0.0760978
-54.059,0.0263954,-0.0816153,-0.0627548,-0.0763947
-54.0363,0.0275757,-0.08219,-0.062657,-0.0766724
-54.0136,0.0287492,-0.0821728,-0.0625418,-0.076931
-53.9909,0.0299157,-0.0828894,-0.0624094,-0.0771703
-53.9683,0.0310748,-0.0828283,-0.0622597,-0.0773905
-53.9456,0.0322263,-0.0829828,-0.0620929,-0.0775913
-53.9229,0.0333698,-0.0842211,-0.061909,-0.0777729
-53.9002,0.0345052,-0.0838129,-0.061708,-0.0779351
-53.8776,0.0356321,-0.0839312,-0.0614901,-0.0780779
-53.8549,0.0367502,-0.0850933,-0.0612552,-0.0782014
-53.8322,0.0378593,-0.0836921,-0.0610035,-0.0783055
-53.8095,0.0389591,-0.0843049,-0.0607351,-0.0783902
-53.7868,0.0400493,-0.0845076,-0.0604501,-0.0784554
-53.7642,0.0411297,-0.0854914,-0.0601484,-0.0785013
-53.7415,0.0422,-0.0847649,-0.0598303,-0.0785278
-53.7188,0.04326,-0.0844961,-0.0594958,-0.0785348
-53.6961,0.0443093,-0.0846275,-0.0591451,-0.0785225
-53.6735,0.0453477,-0.08493,-0.0587782,-0.0784908
-53.6508,0.046375,-0.0848588,-0.0583952,-0.0784397
-53.6281,0.0473909,-0.0856662,-0.0579963,-0.0783693
-53.6054,0.0483952,-0.08469,-0.0575816,-0.0782796
-53.5828,0.0493875,-0.0853906,-0.0571512,-0.0781706
-53.5601,0.0503678,-0.0837616,-0.0567053,-0.0780424
-53.5374,0.0513356,-0.0837379,-0.0562439,-0.0778949
-53.5147,0.0522909,-0.0844623,-0.0557673,-0.0777283
-53.4921,0.0532333,-0.0840744,-0.0552756,-0.0775425
-53.4694,0.0541627,-0.0838728,-0.0547688,-0.0773376
-53.4467,0.0550787,-0.0841634,-0.0542472,-0.0771137
-53.424,0.0559812,-0.082149,-0.0537109,-0.0768709
-53.4014,0.05687,-0.0827249,-0.0531602,-0.0766091
-53.3787,0.0577448,-0.0839969,-0.052595,-0.0763285
-53.356,0.0586054,-0.0837448,-0.0520157,-0.0760291
-53.3333,0.0594516,-0.0821975,-0.0514223,-0.0757109
-53.3107,0.0602832,-0.0812355,-0.0508151,-0.0753741
-53.288,0.0611,-0.0820667,-0.0501943,-0.0750188
-53.2653,0.0619018,-0.0821446,-0.0495599,-0.0746449
-53.2426,0.0626884,-0.0813836,-0.0489123,-0.0742527
-53.22,0.0634596,-0.0802208,-0.0482515,-0.0738421
-53.1973,0.0642152,-0.0795982,-0.0475778,-0.0734133
-53.1746,0.064955,-0.0794494,-0.0468914,-0.0729663
-53.1519,0.0656789,-0.0791758,-0.0461925,-0.0725014
-53.1293,0.0663867,-0.0782133,-0.0454812,-0.0720184
-53.1066,0.0670781,-0.0781202,-0.0447579,-0.0715177
-53.0839,0.0677531,-0.0780172,-0.0440226,-0.0709992
-53.0612,0.0684114,-0.0769395,-0.0432757,-0.0704632
-53.0385,0.0690529,-0.076644,-0.0425173,-0.0699096
-53.0159,0.0696775,-0.0767834,-0.0417476,-0.0693386
-52.9932,0.070285,-0.0764617,-0.0409669,-0.0687504
-52.9705,0.0708752,-0.0748292,-0.0401755,-0.0681451
-52.9478,0.0714479,-0.0740983,-0.0393734,-0.0675228
-52.9252,0.0720032,-0.0743665,-0.038561,-0.0668836
-52.9025,0.0725407,-0.0733715,-0.0377384,-0.0662277
-52.8798,0.0730604,-0.071688,-0.036906,-0.0655551
-52.8571,0.0735622,-0.0706964,-0.036064,-0.0648662
-52.8345,0.0740459,-0.0701354,-0.0352125,-0.0641609
-52.8118,0.0745115,-0.0698235,-0.034352,-0.0634395
-52.7891,0.0749587,-0.0694422,-0.0334825,-0.0627021
-52.7664,0.0753875,-0.0689608,-0.0326043,-0.0619488
-52.7438,0.0757978,-0.0673272,-0.0317178,-0.0611799
-52.7211,0.0761895,-0.0667963,-0.0308231,-0.0603954
-52.6984,0.0765625,-0.0653674,-0.0299205,-0.0595956
-52.6757,0.0769166,-0.0645807,-0.0290102,-0.0587807
-52.6531,0.0772519,-0.0643993,-0.0280926,-0.0579507
-52.6304,0.0775682,-0.063903,-0.0271679,-0.0571059
-52.6077,0.0778654,-0.0620468,-0.0262363,-0.0562464
-52.585,0.0781436,-0.0607225,-0.0252982,-0.0553725
-52.5624,0.0784025,-0.0602781,-0.0243537,-0.0544844
-52.5397,0.0786422,-0.0599378,-0.0234031,-0.0535821
-52.517,0.0788625,-0.0582967,-0.0224468,-0.052666
-52.4943,0.0790635,-0.0570638,-0.021485,-0.0517362
-52.4717,0.0792451,-0.0551454,-0.0205179,-0.0507929
-52.449,0.0794072,-0.0551836,-0.0195459,-0.0498363
-52.4263,0.0795498,-0.0546136,-0.0185691,-0.0488667
-52.4036,0.0796728,-0.0535719,-0.017588,-0.0478842
-52.381,0.0797763,-0.0531495,-0.0166028,-0.0468892
-52.3583,0.0798602,-0.0512052,-0.0156136,-0.0458816
-52.3356,0.0799245,-0.0504894,-0.0146209,-0.044862
-52.3129,0.0799691,-0.0498009,-0.013625,-0.0438303
-52.2902,0.0799941,-0.0479522,-0.0126259,-0.0427869
-52.2676,0.0799995,-0.0465834,-0.0116242,-0.041732
-52.2449,0.0799852,-0.0450131,-0.0106201,-0.0406659
-52.2222,0.0799513,-0.0442771,-0.00961371,-0.0395888
-52.1995,0.0798977,-0.0441021,-0.00860549,-0.0385008
-52.1769,0.0798245,-0.0415753,-0.00759568,-0.0374024
-52.1542,0.0797317,-0.0403083,-0.00658455,-0.0362937
-52.1315,0.0796193,-0.0397786,-0.00557239,-0.0351749
-52.1088,0.0794874,-0.0377793,-0.00455949,-0.0340464
-52.0862,0.0793359,-0.0367665,-0.00354613,-0.0329084
-52.0635,0.0791649,-0.0355854,-0.0025326,-0.0317612
-52.0408,0.0789745,-0.0348883,-0.00151919,-0.030605
-52.0181,0.0787647,-0.0336743,-0.000506175,-0.0294401
-51.9955,0.0785356,-0.031636,0.000506164,-0.0282668
-51.9728,0.0782872,-0.0302443,0.00151754,-0.0270853
-51.9501,0.0780195,-0.0300006,0.00252765,-0.025896
-51.9274,0.0777327,-0.02817,0.00353624,-0.0246991
-51.9048,0.0774268,-0.0270519,0.00454302,-0.0234949
-51.8821,0.0771018,-0.025388,0.00554769,-0.0222836
-51.8594,0.076758,-0.0246184,0.00654998,-0.0210657
-51.8367,0.0763953,-0.0229245,0.00754962,-0.0198413
-51.8141,0.0760138,-0.0223693,0.00854631,-0.0186108
-51.7914,0.0756136,-0.0199403,0.00953978,-0.0173745
-51.7687,0.0751949,-0.0192996,0.0105298,-0.0161327
-51.746,0.0747577,-0.017604,0.011516,-0.0148856
-51.7234,0.0743021,-0.0157429,0.0124981,-0.0136336
-51.7007,0.0738283,-0.0148557,0.013476,-0.0123771
-51.678,0.0733364,-0.0143873,0.0144492,-0.0111162
-51.6553,0.0728264,-0.0122205,0.0154176,-0.00985134
-51.6327,0.0722986,-0.0113712,0.0163808,-0.00858284
-51.61,0.071753,-0.00952601,0.0173387,-0.00731099
-51.5873,0.0711897,-0.00913127,0.0182908,-0.00603611
-51.5646,0.070609,-0.00569605,0.0192371,-0.00475853
-51.542,0.070011,-0.00459294,0.0201771,-0.00347858
-51.5193,0.0693957,-0.00366281,0.0211107,-0.00219658
-51.4966,0.0687634,-0.00267334,0.0220375,-0.000912847
-51.4739,0.0681143,-0.00117714,0.0229574,0.000372279
-51.4512,0.0674483,0.000236805,0.02387,0.00165846
-51.4286,0.0667659,0.00274702,0.0247752,0.00294538
-51.4059,0.066067,0.00212395,0.0256726,0.0042327
-51.3832,0.0653519,0.00460795,0.0265621,0.0055201
-51.3605,0.0646207,0.00599495,0.0274432,0.00680722
-51.3379,0.0638737,0.00730826,0.028316,0.00809374
-51.3152,0.063111,0.00815321,0.02918,0.00937932
-51.2925,0.0623327,0.00980864,0.030035,0.0106636
-51.2698,0.0615392,0.0111279,0.0308809,0.0119463
-51.2472,0.0607306,0.0129246,0.0317173,0.0132271
-51.2245,0.059907,0.0139712,0.0325441,0.0145055
-51.2018,0.0590687,0.0157571,0.0333609,0.0157813
-51.1791,0.058216,0.0164893,0.0341677,0.0170542
-51.1565,0.0573489,0.0188656,0.0349642,0.0183238
-51.1338,0.0564677,0.019633,0.03575,0.0195897
-51.1111,0.0555727,0.0206689,0.0365251,0.0208516
-51.0884,0.054664,0.0220275,0.0372893,0.0221092
-51.0658,0.0537419,0.0233504,0.0380422,0.0233622
-51.0431,0.0528066,0.0249356,0.0387837,0.0246102
-51.0204,0.0518583,0.0272817,0.0395137,0.0258529
-50.9977,0.0508973,0.0279678,0.0402318,0.0270899
-50.9751,0.0499237,0.029237,0.0409379,0.0283209
-50.9524,0.0489379,0.029981,0.0416319,0.0295456
-50.9297,0.0479401,0.0311585,0.0423134,0.0307636
-50.907,0.0469306,0.0325457,0.0429824,0.0319747
-50.8844,0.0459095,0.0338461,0.0436387,0.0331785
-50.8617,0.0448771,0.0344564,0.044282,0.0343746
-50.839,0.0438337,0.036915,0.0449122,0.0355628
-50.8163,0.0427795,0.0373757,0.0455291,0.0367427
-50.7937,0.0417148,0.0394749,0.0461326,0.037914
-50.771,0.0406399,0.040535,0.0467225,0.0390764
-50.7483,0.039555,0.0416242,0.0472986,0.0402296
-50.7256,0.0384604,0.0427454,0.0478608,0.0413732
-50.7029,0.0373563,0.0441011,0.0484089,0.042507
-50.6803,0.0362431,0.045267,0.0489428,0.0436307
-50.6576,0.0351209,0.0470592,0.0494623,0.0447439
-50.6349,0.0339901,0.0484141,0.0499673,0.0458464
-50.6122,0.032851,0.0490304,0.0504576,0.0469378
-50.5896,0.0317038,0.0508452,0.0509332,0.0480178
-50.5669,0.0305488,0.0527626,0.0513939,0.0490863
-50.5442,0.0293864,0.05316,0.0518396,0.0501428
-50.5215,0.0282167,0.0544884,0.0522701,0.0511871
-50.4989,0.02704,0.0551196,0.0526854,0.0522189
-50.4762,0.0258568,0.0567225,0.0530853,0.053238
-50.4535,0.0246672,0.057552,0.0534697,0.0542441
-50.4308,0.0234715,0.0579297,0.0538385,0.0552368
-50.4082,0.02227,0.0607951,0.0541917,0.056216
-50.3855,0.0210631,0.061483,0.0545291,0.0571814
-50.3628,0.019851,0.0610203,0.0548507,0.0581328
-50.3401,0.0186341,0.0628727,0.0551563,0.0590698
-50.3175,0.0174125,0.0646681,0.0554459,0.0599923
-50.2948,0.0161867,0.0649829,0.0557194,0.0608999
-50.2721,0.0149569,0.0650834,0.0559768,0.0617926
-50.2494,0.0137234,0.0667529,0.0562179,0.0626699
-50.2268,0.0124866,0.0676721,0.0564427,0.0635318
-50.2041,0.0112467,0.0680333,0.0566513,0.064378
-50.1814,0.010004,0.0687527,0.0568434,0.0652082
-50.1587,0.00875892,0.0700278,0.0570191,0.0660223
-50.1361,0.00751164,0.0709234,0.0571783,0.0668201
-50.1134,0.00626252,0.0726475,0.0573209,0.0676013
-50.0907,0.00501187,0.072918,0.0574471,0.0683658
-50.068,0.00375998,0.0739961,0.0575566,0.0691133
-50.0454,0.00250716,0.0746354,0.0576496,0.0698438
-50.0227,0.00125374,0.076208,0.0577259,0.070557
-50,-1.64721e-15,0.0772559,0.0577856,0.0712527
-49.9773,-0.00125374,0.0765556,0.0578286,0.0719308
-49.9546,-0.00250716,0.0782947,0.0578551,0.0725911
-49.932,-0.00375998,0.0801437,0.0578648,0.0732335
-49.9093,-0.00501187,0.0796139,0.0578579,0.0738577
-49.8866,-0.00626252,0.0807488,0.0578344,0.0744638
-49.8639,-0.00751164,0.0819981,0.0577942,0.0750515
-49.8413,-0.00875892,0.0824911,0.0577375,0.0756206
-49.8186,-0.010004,0.0825079,0.0576642,0.0761711
-49.7959,-0.0112467,0.0834025,0.0575743,0.0767029
-49.7732,-0.0124866,0.0840028,0.057468,0.0772158
-49.7506,-0.0137234,0.0839497,0.0573451,0.0777098
-49.7279,-0.0149569,0.0851789,0.0572058,0.0781846
-49.7052,-0.0161867,0.0867628,0.0570501,0.0786403
-49.6825,-0.0174125,0.0870308,0.0568781,0.0790767
-49.6599,-0.0186341,0.0872643,0.0566898,0.0794937
-49.6372,-0.019851,0.0864911,0.0564853,0.0798913
-49.6145,-0.0210631,0.0875668,0.0562646,0.0802694
-49.5918,-0.02227,0.0888505,0.0560279,0.0806279
-49.5692,-0.0234715,0.0883921,0.0557751,0.0809667
-49.5465,-0.0246672,0.0889944,0.0555064,0.0812859
-49.5238,-0.0258568,0.0914705,0.0552219,0.0815853
-49.5011,-0.02704,0.08983,0.0549215,0.0818648
-49.4785,-0.0282167,0.0902423,0.0546056,0.0821246
-49.4558,-0.0293864,0.0905615,0.054274,0.0823644
-49.4331,-0.0305488,0.0907567,0.053927,0.0825844
-49.4104,-0.0317038,0.091497,0.0535647,0.0827844
-49.3878,-0.032851,0.0923686,0.053187,0.0829645
-49.3651,-0.0339901,0.0913102,0.0527943,0.0831246
-49.3424,-0.0351209,0.0924613,0.0523865,0.0832647
-49.3197,-0.0362431,0.0929261,0.0519638,0.0833848
-49.2971,-0.0373563,0.0931098,0.0515263,0.083485
-49.2744,-0.0384604,0.0938241,0.0510742,0.0835652
-49.2517,-0.039555,0.0936988,0.0506076,0.0836255
-49.229,-0.0406399,0.0924109,0.0501267,0.0836658
-49.2063,-0.0417148,0.0933529,0.0496315,0.0836861
-49.1837,-0.0427795,0.0938417,0.0491222,0.0836866
-49.161,-0.0438337,0.094582,0.048599,0.0836673
-49.1383,-0.0448771,0.0934416,0.048062,0.0836281
-49.1156,-0.0459095,0.0932566,0.0475115,0.0835691
-49.093,-0.0469306,0.0937212,0.0469474,0.0834904
-49.0703,-0.0479401,0.0936872,0.0463701,0.0833921
-49.0476,-0.0489379,0.0930933,0.0457797,0.0832741
-49.0249,-0.0499237,0.0932806,0.0451763,0.0831365
-49.0023,-0.0508973,0.0950074,0.0445602,0.0829794
-48.9796,-0.0518583,0.0941631,0.0439315,0.0828029
-48.9569,-0.0528066,0.0934446,0.0432904,0.0826071
-48.9342,-0.0537419,0.0941194,0.0426371,0.0823919
-48.9116,-0.054664,0.093452,0.0419718,0.0821576
-48.8889,-0.0555727,0.0929613,0.0412946,0.0819041
-48.8662,-0.0564677,0.0933487,0.0406059,0.0816316
-48.8435,-0.0573489,0.0921224,0.0399057,0.0813402
-48.8209,-0.058216,0.0923377,0.0391943,0.0810299
-48.7982,-0.0590687,0.0933761,0.0384719,0.0807009
-48.7755,-0.059907,0.0919579,0.0377387,0.0803532
-48.7528,-0.0607306,0.0903509,0.0369949,0.0799871
-48.7302,-0.0615392,0.0908637,0.0362407,0.0796025
-48.7075,-0.0623327,0.0905969,0.0354764,0.0791996
-48.6848,-0.063111,0.0909902,0.0347022,0.0787785
-48.6621,-0.0638737,0.0893454,0.0339182,0.0783394
-48.6395,-0.0646207,0.088825,0.0331248,0.0778823
-48.6168,-0.0653519,0.0905451,0.0323221,0.0774074
-48.5941,-0.066067,0.0893096,0.0315105,0.0769148
-48.5714,-0.0667659,0.0880326,0.03069,0.0764047
-48.5488,-0.0674483,0.0887846,0.0298611,0.0758772
-48.5261,-0.0681143,0.0884373,0.0290238,0.0753324
-48.5034,-0.0687634,0.0863246,0.0281785,0.0747704
-48.4807,-0.0693957,0.0864327,0.0273254,0.0741915
-48.458,-0.070011,0.086251,0.0264647,0.0735958
-48.4354,-0.070609,0.0863088,0.0255967,0.0729834
-48.4127,-0.0711897,0.0856295,0.0247216,0.0723544
-48.39,-0.071753,0.0850913,0.0238398,0.0717091
-48.3673,-0.0722986,0.0826015,0.0229513,0.0710475
-48.3447,-0.0728264,0.0838744,0.0220566,0.07037
-48.322,-0.0733364,0.0832765,0.0211559,0.0696765
-48.2993,-0.0738283,0.0825662,0.0202494,0.0689673
-48.2766,-0.0743021,0.0822652,0.0193374,0.0682425
-48.254,-0.0747577,0.0814252,0.0184201,0.0675024
-48.2313,-0.0751949,0.0796479,0.0174978,0.0667471
-48.2086,-0.0756136,0.0791455,0.0165708,0.0659767
-48.1859,-0.0760138,0.0777253,0.0156394,0.0651915
-48.1633,-0.0763953,0.0768189,0.0147038,0.0643916
-48.1406,-0.076758,0.0759931,0.0137643,0.0635772
-48.1179,-0.0771018,0.0760861,0.0128211,0.0627485
-48.0952,-0.0774268,0.0740118,0.0118746,0.0619057
-48.0726,-0.0777327,0.0738969,0.0109249,0.0610489
-48.0499,-0.0780195,0.0729927,0.00997248,0.0601785
-48.0272,-0.0782872,0.0717249,0.00901749,0.0592944
-48.0045,-0.0785356,0.0711547,0.0080602,0.0583971
-47.9819,-0.0787647,0.0709318,0.00710095,0.0574866
-47.9592,-0.0789745,0.069103,0.00613996,0.0565631
-47.9365,-0.0791649,0.0687464,0.00517751,0.0556269
-47.9138,-0.0793359,0.0670829,0.00421393,0.0546781
-47.8912,-0.0794874,0.0663778,0.00324942,0.053717
-47.8685,-0.0796193,0.0658215,0.00228432,0.0527438
-47.8458,-0.0797317,0.0650117,0.00131889,0.0517586
-47.8231,-0.0798245,0.0637387,0.000353387,0.0507618
-47.8005,-0.0798977,0.0625593,-0.00061186,0.0497535
-47.7778,-0.0799513,0.0611034,-0.00157664,0.0487338
-47.7551,-0.0799852,0.0606178,-0.00254064,0.0477031
-47.7324,-0.0799995,0.0602121,-0.00350358,0.0466616
-47.7098,-0.0799941,0.0588566,-0.00446521,0.0456095
-47.6871,-0.0799691,0.0563449,-0.00542518,0.044547
-47.6644,-0.0799245,0.0564494,-0.00638332,0.0434743
-47.6417,-0.0798602,0.0553747,-0.00733928,0.0423916
-47.619,-0.0797763,0.0536798,-0.0082928,0.0412993
-47.5964,-0.0796728,0.0517418,-0.00924362,0.0401975
-47.5737,-0.0795498,0.0511612,-0.0101915,0.0390865
-47.551,-0.0794072,0.0516218,-0.0111361,0.0379664
-47.5283,-0.0792451,0.0494,-0.0120771,0.0368376
-47.5057,-0.0790635,0.0459736,-0.0130144,0.0357003
-47.483,-0.0788625,0.0457097,-0.0139476,0.0345547
-47.4603,-0.0786422,0.0449065,-0.0148765,0.0334011
-47.4376,-0.0784025,0.044366,-0.0158008,0.0322397
-47.415,-0.0781436,0.0435582,-0.0167202,0.0310708
-47.3923,-0.0778654,0.0424999,-0.0176345,0.0298945
-47.3696,-0.0775682,0.0393135,-0.0185434,0.0287113
-47.3469,-0.0772519,0.0387551,-0.0194466,0.0275213
-47.3243,-0.0769166,0.038411,-0.020344,0.0263247
-47.3016,-0.0765625,0.0365877,-0.0212351,0.025122
-47.2789,-0.0761895,0.0344611,-0.0221199,0.0239132
-47.2562,-0.0757978,0.0344302,-0.022998,0.0226986
-47.2336,-0.0753875,0.0313691,-0.0238691,0.0214787
-47.2109,-0.0749587,0.0311993,-0.0247331,0.0202535
-47.1882,-0.0745115,0.0299084,-0.0255896,0.0190234
-47.1655,-0.0740459,0.0279094,-0.0264385,0.0177887
-47.1429,-0.0735622,0.0275919,-0.0272794,0.0165496
-47.1202,-0.0730604,0.0260853,-0.0281122,0.0153063
-47.0975,-0.0725407,0.0239158,-0.0289366,0.0140593
-47.0748,-0.0720032,0.0231493,-0.0297524,0.0128087
-47.0522,-0.0714479,0.0220206,-0.0305593,0.0115549
-47.0295,-0.0708752,0.0208102,-0.0313571,0.0102981
-47.0068,-0.070285,0.0189211,-0.0321455,0.00903864
-46.9841,-0.0696775,0.0179404,-0.0329245,0.00777676
-46.9615,-0.0690529,0.0157962,-0.0336936,0.00651277
-46.9388,-0.0684114,0.0146258,-0.0344528,0.00524699
-46.9161,-0.0677531,0.0134696,-0.0352017,0.00397966
-46.8934,-0.0670781,0.0120134,-0.0359402,0.00271112
-46.8707,-0.0663867,0.01118,-0.0366681,0.00144165
-46.8481,-0.0656789,0.0104478,-0.0373851,0.000171557
-46.8254,-0.064955,0.00720348,-0.038091,-0.00109885
-46.8027,-0.0642152,0.00741532,-0.0387857,-0.00236929
-46.78,-0.0634596,0.00559761,-0.039469,-0.00363945
-46.7574,-0.0626884,0.00358205,-0.0401406,-0.00490901
-46.7347,-0.0619018,0.00372579,-0.0408003,-0.00617768
-46.712,-0.0611,0.00351403,-0.041448,-0.00744516
-46.6893,-0.0602832,-0.000680753,-0.0420835,-0.00871112
-46.6667,-0.0594516,-0.00184957,-0.0427066,-0.00997525
-46.644,-0.0586054,-0.00213811,-0.0433171,-0.0112372
-46.6213,-0.0577448,-0.00379709,-0.0439149,-0.0124968
-46.5986,-0.05687,-0.00650298,-0.0444996,-0.0137536
-46.576,-0.0559812,-0.00601527,-0.0450714,-0.0150073
-46.5533,-0.0550787,-0.00793228,-0.0456298,-0.0162576
-46.5306,-0.0541627,-0.00980297,-0.0461749,-0.0175042
-46.5079,-0.0532333,-0.0110114,-0.0467063,-0.0187467
-46.4853,-0.0522909,-0.013492,-0.0472241,-0.0199849
-46.4626,-0.0513356,-0.0137272,-0.0477279,-0.0212184
-46.4399,-0.0503678,-0.0141381,-0.0482177,-0.022447
-46.4172,-0.0493875,-0.016468,-0.0486934,-0.0236702
-46.3946,-0.0483952,-0.016249,-0.0491548,-0.0248878
-46.3719,-0.0473909,-0.0195692,-0.0496017,-0.0260995
-46.3492,-0.046375,-0.0202359,-0.0500341,-0.0273049
-46.3265,-0.0453477,-0.0208568,-0.0504517,-0.0285037
-46.3039,-0.0443093,-0.0226429,-0.0508546,-0.0296956
-46.2812,-0.04326,-0.0235654,-0.0512426,-0.0308802
-46.2585,-0.0422,-0.0249848,-0.0516155,-0.0320573
-46.2358,-0.0411297,-0.0268601,-0.0519733,-0.0332266
-46.2132,-0.0400493,-0.0273607,-0.0523159,-0.0343876
-46.1905,-0.0389591,-0.0292138,-0.0526431,-0.0355402
-46.1678,-0.0378593,-0.0295793,-0.0529549,-0.036684
-46.1451,-0.0367502,-0.0316768,-0.0532511,-0.0378186
-46.1224,-0.0356321,-0.0328491,-0.0535317,-0.0389438
-46.0998,-0.0345052,-0.0339092,-0.0537967,-0.0400592
-46.0771,-0.0333698,-0.0348457,-0.0540459,-0.0411645
-46.0544,-0.0322263,-0.0355932,-0.0542792,-0.0422595
-46.0317,-0.0310748,-0.0367803,-0.0544966,-0.0433438
-46.0091,-0.0299157,-0.0383015,-0.0546981,-0.0444171
-45.9864,-0.0287492,-0.0403354,-0.0548835,-0.0454791
-45.9637,-0.0275757,-0.0422953,-0.0550529,-0.0465295
-45.941,-0.0263954,-0.0429074,-0.0552061,-0.0475681
-45.9184,-0.0252087,-0.0437854,-0.0553432,-0.0485944
-45.8957,-0.0240157,-0.0449909,-0.055464,-0.0496082
-45.873,-0.0228168,-0.0449822,-0.0555686,-0.0506093
-45.8503,-0.0216124,-0.0460881,-0.0556569,-0.0515973
-45.8277,-0.0204026,-0.0467496,-0.0557289,-0.052572
-45.805,-0.0191878,-0.0487846,-0.0557846,-0.053533
-45.7823,-0.0179683,-0.0502692,-0.0558239,-0.0544802
-45.7596,-0.0167444,-0.0523243,-0.0558469,-0.0554131
-45.737,-0.0155164,-0.0525482,-0.0558535,-0.0563316
-45.7143,-0.0142846,-0.0509241,-0.0558438,-0.0572353
-45.6916,-0.0130492,-0.0532149,-0.0558177,-0.0581241
-45.6689,-0.0118107,-0.0547862,-0.0557752,-0.0589976
-45.6463,-0.0105692,-0.0543315,-0.0557164,-0.0598556
-45.6236,-0.00932517,-0.0562743,-0.0556413,-0.0606978
-45.6009,-0.00807883,-0.0567506,-0.0555499,-0.0615241
-45.5782,-0.00683051,-0.0576449,-0.0554421,-0.062334
-45.5556,-0.00558052,-0.0594788,-0.0553181,-0.0631275
-45.5329,-0.00432915,-0.0601613,-0.055178,-0.0639043
-45.5102,-0.00307672,-0.0607782,-0.0550216,-0.0646641
-45.4875,-0.00182353,-0.0620791,-0.0548491,-0.0654067
-45.4649,-0.000569899,-0.0623287,-0.0546605,-0.066132
-45.4422,0.000683876,-0.0634561,-0.0544559,-0.0668396
-45.4195,0.00193748,-0.0637987,-0.0542353,-0.0675294
-45.3968,0.00319061,-0.065672,-0.0539988,-0.0682012
-45.3741,0.00444296,-0.0660646,-0.0537465,-0.0688548
-45.3515,0.00569422,-0.0662411,-0.0534784,-0.0694899
-45.3288,0.00694407,-0.0667137,-0.0531946,-0.0701065
-45.3061,0.00819222,-0.0683107,-0.0528952,-0.0707043
-45.2834,0.00943836,-0.069003,-0.0525802,-0.0712831
-45.2608,0.0106822,-0.0690183,-0.0522498,-0.0718428
-45.2381,0.0119234,-0.0711268,-0.0519041,-0.0723833
-45.2154,0.0131616,-0.0722573,-0.0515431,-0.0729042
-45.1927,0.0143967,-0.0712232,-0.051167,-0.0734056
-45.1701,0.0156282,-0.071433,-0.0507759,-0.0738873
-45.1474,0.0168558,-0.0729087,-0.0503698,-0.0743491
-45.1247,0.0180794,-0.0727132,-0.0499489,-0.0747909
-45.102,0.0192984,-0.0732121,-0.0495133,-0.0752126
-45.0794,0.0205128,-0.0746307,-0.0490632,-0.0756141
-45.0567,0.0217221,-0.0757114,-0.0485986,-0.0759952
-45.034,0.0229261,-0.0751049,-0.0481197,-0.0763558
-45.0113,0.0241244,-0.0749853,-0.0476266,-0.0766959
-44.9887,0.0253168,-0.0750237,-0.0471195,-0.0770154
-44.966,0.026503,-0.0768613,-0.0465985,-0.0773141
-44.9433,0.0276827,-0.0765572,-0.0460638,-0.0775921
-44.9206,0.0288556,-0.0778793,-0.0455156,-0.0778491
-44.898,0.0300214,-0.0778822,-0.0449539,-0.0780853
-44.8753,0.0311798,-0.0776571,-0.0443789,-0.0783004
-44.8526,0.0323305,-0.0788127,-0.0437908,-0.0784945
-44.8299,0.0334734,-0.0796035,-0.0431898,-0.0786676
-44.8073,0.034608,-0.0786797,-0.042576,-0.0788196
-44.7846,0.0357341,-0.0793828,-0.0419496,-0.0789504
-44.7619,0.0368514,-0.078055,-0.0413109,-0.07906
-44.7392,0.0379597,-0.0787499,-0.0406599,-0.0791485
-44.7166,0.0390586,-0.0798689,-0.0399969,-0.0792158
-44.6939,0.040148,-0.0802916,-0.039322,-0.0792619
-44.6712,0.0412275,-0.0791512,-0.0386355,-0.0792868
-44.6485,0.0422968,-0.0800595,-0.0379375,-0.0792906
-44.6259,0.0433558,-0.080183,-0.0372282,-0.0792732
-44.6032,0.0444041,-0.0799124,-0.0365079,-0.0792348
-44.5805,0.0454416,-0.0789547,-0.0357768,-0.0791752
-44.5578,0.0464678,-0.078862,-0.035035,-0.0790947
-44.5351,0.0474827,-0.0810204,-0.0342828,-0.0789931
-44.5125,0.0484859,-0.0808831,-0.0335204,-0.0788706
-44.4898,0.0494771,-0.0791718,-0.0327479,-0.0787272
-44.4671,0.0504563,-0.0802555,-0.0319657,-0.0785631
-44.4444,0.051423,-0.0804624,-0.0311739,-0.0783782
-44.4218,0.0523771,-0.0803221,-0.0303729,-0.0781726
-44.3991,0.0533183,-0.080415,-0.0295627,-0.0779465
-44.3764,0.0542465,-0.0804226,-0.0287437,-0.0776999
-44.3537,0.0551613,-0.0798418,-0.027916,-0.077433
-44.3311,0.0560626,-0.079815,-0.02708,-0.0771457
-44.3084,0.0569501,-0.0804811,-0.0262358,-0.0768383
-44.2857,0.0578236,-0.0800798,-0.0253837,-0.0765109
-44.263,0.0586829,-0.0788805,-0.0245239,-0.0761635
-44.2404,0.0595278,-0.0788674,-0.0236567,-0.0757963
-44.2177,0.0603581,-0.079969,-0.0227824,-0.0754095
-44.195,0.0611735,-0.0783547,-0.0219011,-0.0750032
-44.1723,0.0619739,-0.0774432,-0.0210132,-0.0745775
-44.1497,0.0627591,-0.0786124,-0.0201189,-0.0741325
-44.127,0.0635289,-0.0771039,-0.0192184,-0.0736685
-44.1043,0.0642831,-0.0772297,-0.018312,-0.0731855
-44.0816,0.0650215,-0.07696,-0.0174,-0.0726838
-44.059,0.0657439,-0.0769657,-0.0164826,-0.0721636
-44.0363,0.0664502,-0.0748224,-0.0155601,-0.0716249
-44.0136,0.0671402,-0.0750963,-0.0146328,-0.071068
-43.9909,0.0678136,-0.0751022,-0.0137009,-0.070493
-43.9683,0.0684704,-0.0743164,-0.0127647,-0.0699002
-43.9456,0.0691104,-0.0733414,-0.0118244,-0.0692897
-43.9229,0.0697334,-0.0744804,-0.0108804,-0.0686617
-43.9002,0.0703393,-0.0720183,-0.00993284,-0.0680165
-43.8776,0.0709279,-0.0720898,-0.00898207,-0.0673541
-43.8549,0.0714991,-0.0725948,-0.00802839,-0.066675
-43.8322,0.0720528,-0.0713955,-0.00707202,-0.0659791
-43.8095,0.0725887,-0.070258,-0.00611323,-0.0652668
-43.7868,0.0731068,-0.0705767,-0.00515233,-0.0645383
-43.7642,0.0736069,-0.0695309,-0.00418957,-0.0637938
-43.7415,0.074089,-0.0686122,-0.00322525,-0.0630335
-43.7188,0.0745529,-0.0670803,-0.00225963,-0.0622577
-43.6961,0.0749984,-0.068329,-0.00129301,-0.0614665
-43.6735,0.0754256,-0.0670869,-0.000325633,-0.0606602
-43.6508,0.0758342,-0.0659501,0.000642191,-0.0598391
-43.6281,0.0762242,-0.0653777,0.0016102,-0.0590033
-43.6054,0.0765954,-0.0648059,0.00257809,-0.0581532
-43.5828,0.0769479,-0.064799,0.00354563,-0.0572889
-43.5601,0.0772814,-0.0616237,0.00451249,-0.0564107
-43.5374,0.077596,-0.0617826,0.00547841,-0.0555189
-43.5147,0.0778915,-0.0615202,0.00644312,-0.0546137
-43.4921,0.0781679,-0.0589982,0.00740632,-0.0536953
-43.4694,0.0784251,-0.0601167,0.00836776,-0.052764
-43.4467,0.078663,-0.0589654,0.00932714,-0.0518201
-43.424,0.0788816,-0.0560044,0.0102842,-0.0508637
-43.4014,0.0790808,-0.0569389,0.0112387,-0.0498952
-43.3787,0.0792606,-0.0559622,0.0121902,-0.0489149
-43.356,0.0794209,-0.0553224,0.0131386,-0.0479229
-43.3333,0.0795618,-0.0551972,0.0140836,-0.0469195
-43.3107,0.079683,-0.0524888,0.0150249,-0.0459051
-43.288,0.0797847,-0.0519691,0.0159622,-0.0448798
-43.2653,0.0798669,-0.0512983,0.0168952,-0.0438439
-43.2426,0.0799294,-0.0507647,0.0178237,-0.0427977
-43.22,0.0799722,-0.0500521,0.0187475,-0.0417415
-43.1973,0.0799954,-0.0481606,0.0196662,-0.0406754
-43.1746,0.079999,-0.0464692,0.0205795,-0.0395999
-43.1519,0.0799829,-0.0457774,0.0214873,-0.0385151
-43.1293,0.0799472,-0.0450362,0.0223892,-0.0374212
-43.1066,0.0798918,-0.0433512,0.023285,-0.0363187
-43.0839,0.0798169,-0.041258,0.0241744,-0.0352077
-43.0612,0.0797223,-0.0421585,0.0250572,-0.0340885
-43.0385,0.0796081,-0.0397749,0.0259331,-0.0329614
-43.0159,0.0794744,-0.0397768,0.0268018,-0.0318266
-42.9932,0.0793212,-0.0394697,0.0276632,-0.0306845
-42.9705,0.0791484,-0.0376648,0.0285169,-0.0295352
-42.9478,0.0789563,-0.0349735,0.0293627,-0.0283791
-42.9252,0.0787447,-0.0346495,0.0302004,-0.0272163
-42.9025,0.0785138,-0.0320935,0.0310297,-0.0260473
-42.8798,0.0782636,-0.0312008,0.0318503,-0.0248722
-42.8571,0.0779942,-0.0302239,0.0326621,-0.0236913
-42.8345,0.0777057,-0.0290063,0.0334647,-0.022505
-42.8118,0.077398,-0.0266751,0.0342581,-0.0213133
-42.7891,0.0770714,-0.0281424,0.0350418,-0.0201167
-42.7664,0.0767258,-0.0263415,0.0358158,-0.0189153
-42.7438,0.0763614,-0.0248188,0.0365797,-0.0177095
-42.7211,0.0759782,-0.0226545,0.0373334,-0.0164996
-42.6984,0.0755763,-0.0213618,0.0380766,-0.0152856
-42.6757,0.0751559,-0.0221791,0.0388091,-0.0140681
-42.6531,0.074717,-0.0202362,0.0395307,-0.0128471
-42.6304,0.0742598,-0.0173365,0.0402411,-0.0116231
-42.6077,0.0737843,-0.0174499,0.0409403,-0.0103961
-42.585,0.0732908,-0.0148901,0.0416279,-0.0091666
-42.5624,0.0727792,-0.0140884,0.0423037,-0.00793475
-42.5397,0.0722497,-0.0129634,0.0429677,-0.00670081
-42.517,0.0717025,-0.0106802,0.0436195,-0.00546508
-42.4943,0.0711377,-0.0107249,0.044259,-0.00422781
-42.4717,0.0705554,-0.00897982,0.0448859,-0.00298927
-42.449,0.0699558,-0.00727523,0.0455002,-0.0017497
-42.4263,0.069339,-0.00481775,0.0461016,-0.000509392
-42.4036,0.0687051,-0.00422414,0.0466899,0.000731437
-42.381,0.0680544,-0.00486858,0.0472649,0.00197247
-42.3583,0.067387,-0.00205954,0.0478266,0.00321348
-42.3356,0.066703,-0.000542022,0.0483747,0.00445422
-42.3129,0.0660026,-0.000161844,0.0489091,0.00569437
-42.2902,0.0652861,0.00140784,0.0494295,0.00693374
-42.2676,0.0645535,0.00148409,0.049936,0.00817202
-42.2449,0.063805,0.00293712,0.0504282,0.00940897
-42.2222,0.0630409,0.00738866,0.050906,0.0106443
-42.1995,0.0622612,0.0079952,0.0513694,0.0118778
-42.1769,0.0614663,0.00885898,0.0518181,0.0131092
-42.1542,0.0606563,0.00847515,0.0522521,0.0143382
-42.1315,0.0598314,0.0112333,0.0526711,0.0155646
-42.1088,0.0589918,0.0143038,0.0530751,0.0167881
-42.0862,0.0581377,0.012414,0.053464,0.0180084
-42.0635,0.0572693,0.0134821,0.0538376,0.0192254
-42.0408,0.0563869,0.016826,0.0541958,0.0204386
-42.0181,0.0554906,0.017794,0.0545385,0.021648
-41.9955,0.0545807,0.0189904,0.0548656,0.0228531
-41.9728,0.0536574,0.020935,0.055177,0.0240538
-41.9501,0.0527209,0.0228826,0.0554726,0.0252499
-41.9274,0.0517714,0.0233109,0.0557523,0.0264409
-41.9048,0.0508093,0.0236874,0.056016,0.0276267
-41.8821,0.0498346,0.0268233,0.0562636,0.0288071
-41.8594,0.0488477,0.0291088,0.0564952,0.0299817
-41.8367,0.0478488,0.0309176,0.0567105,0.0311504
-41.8141,0.0468382,0.0291019,0.0569095,0.0323128
-41.7914,0.0458161,0.0310367,0.0570921,0.0334687
-41.7687,0.0447827,0.0326394,0.0572584,0.0346178
-41.746,0.0437383,0.0330671,0.0574081,0.0357599
-41.7234,0.0426831,0.0351946,0.0575414,0.0368948
-41.7007,0.0416175,0.036774,0.0576581,0.0380221
-41.678,0.0405417,0.0366374,0.0577582,0.0391416
-41.6553,0.0394559,0.0382588,0.0578416,0.0402531
-41.6327,0.0383604,0.0391001,0.0579083,0.0413563
-41.61,0.0372555,0.0415366,0.0579584,0.042451
-41.5873,0.0361414,0.0431916,0.0579917,0.0435369
-41.5646,0.0350185,0.0438725,0.0580083,0.0446136
-41.542,0.0338869,0.0439499,0.0580081,0.0456811
-41.5193,0.0327471,0.0459731,0.0579911,0.0467391
-41.4966,0.0315991,0.047869,0.0579574,0.0477872
-41.4739,0.0304435,0.0480894,0.0579069,0.0488252
-41.4512,0.0292803,0.0494355,0.0578396,0.049853
-41.4286,0.02811,0.0504079,0.0577556,0.0508702
-41.4059,0.0269327,0.0505905,0.0576548,0.0518765
-41.3832,0.0257489,0.0537151,0.0575373,0.0528718
-41.3605,0.0245587,0.0535571,0.0574031,0.0538558
-41.3379,0.0233625,0.0543642,0.0572522,0.0548283
-41.3152,0.0221605,0.0562537,0.0570847,0.0557889
-41.2925,0.0209531,0.0570748,0.0569007,0.0567375
-41.2698,0.0197406,0.0585922,0.0567,0.0576739
-41.2472,0.0185232,0.0602275,0.0564829,0.0585976
-41.2245,0.0173013,0.0593631,0.0562493,0.0595087
-41.2018,0.0160751,0.0611466,0.0559993,0.0604067
-41.1791,0.0148449,0.0620579,0.055733,0.0612915
-41.1565,0.0136111,0.0634544,0.0554504,0.0621628
-41.1338,0.012374,0.0653183,0.0551517,0.0630204
-41.1111,0.0111338,0.0670692,0.0548368,0.0638641
-41.0884,0.00989095,0.0662209,0.0545059,0.0646937
-41.0658,0.00864561,0.0657171,0.054159,0.0655088
-41.0431,0.00739816,0.0679136,0.0537963,0.0663093
-41.0204,0.00614889,0.0695382,0.0534178,0.0670949
-40.9977,0.0048981,0.0701337,0.0530237,0.0678656
-40.9751,0.00364612,0.072525,0.052614,0.0686209
-40.9524,0.00239324,0.0719642,0.0521888,0.0693607
-40.9297,0.00113977,0.071777,0.0517483,0.0700848
-40.907,-0.000113981,0.0742453,0.0512926,0.070793
-40.8844,-0.0013677,0.0762166,0.0508218,0.0714851
-40.8617,-0.00262109,0.0765126,0.050336,0.0721609
-40.839,-0.00387383,0.075836,0.0498354,0.0728201
-40.8163,-0.00512562,0.0766699,0.04932,0.0734626
-40.7937,-0.00637615,0.0777214,0.0487901,0.0740881
-40.771,-0.00762511,0.078346,0.0482457,0.0746966
-40.7483,-0.00887221,0.080472,0.0476871,0.0752878
-40.7256,-0.0101171,0.0807498,0.0471143,0.0758615
-40.7029,-0.0113595,0.0799698,0.0465275,0.0764175
-40.6803,-0.0125992,0.0790024,0.045927,0.0769557
-40.6576,-0.0138357,0.0814382,0.0453127,0.0774758
-40.6349,-0.0150689,0.0836408,0.044685,0.0779778
-40.6122,-0.0162983,0.0824295,0.044044,0.0784615
-40.5896,-0.0175238,0.0824612,0.0433898,0.0789266
-40.5669,-0.0187449,0.0841161,0.0427227,0.0793731
-40.5442,-0.0199614,0.0859956,0.0420428,0.0798008
-40.5215,-0.0211731,0.0850099,0.0413502,0.0802095
-40.4989,-0.0223795,0.0855763,0.0406453,0.0805991
-40.4762,-0.0235804,0.085395,0.0399281,0.0809695
-40.4535,-0.0247756,0.0868373,0.039199,0.0813205
-40.4308,-0.0259646,0.0900413,0.038458,0.081652
-40.4082,-0.0271473,0.0893295,0.0377054,0.0819639
-40.3855,-0.0283233,0.087915,0.0369414,0.0822561
-40.3628,-0.0294924,0.0891606,0.0361662,0.0825285
-40.3401,-0.0306542,0.0880317,0.03538,0.0827809
-40.3175,-0.0318084,0.0904197,0.034583,0.0830132
-40.2948,-0.0329549,0.0891267,0.0337755,0.0832254
-40.2721,-0.0340933,0.0897791,0.0329577,0.0834174
-40.2494,-0.0352233,0.0920755,0.0321298,0.0835891
-40.2268,-0.0363446,0.0905432,0.031292,0.0837404
-40.2041,-0.037457,0.0888377,0.0304445,0.0838713
-40.1814,-0.0385603,0.0920176,0.0295877,0.0839816
-40.1587,-0.039654,0.0928045,0.0287217,0.0840713
-40.1361,-0.040738,0.0912685,0.0278468,0.0841404
-40.1134,-0.041812,0.0894505,0.0269632,0.0841888
-40.0907,-0.0428758,0.090685,0.0260711,0.0842165
-40.068,-0.043929,0.0925786,0.0251709,0.0842234
-40.0454,-0.0449714,0.0913392,0.0242627,0.0842096
-40.0227,-0.0460028,0.0915511,0.0233469,0.0841749
-40,-0.0470228,0.0919044,0.0224236,0.0841194
-39.9773,-0.0480313,0.0896064,0.0214932,0.0840431
-39.9546,-0.0490281,0.0913121,0.0205558,0.083946
-39.932,-0.0500127,0.091411,0.0196117,0.083828
-39.9093,-0.0509851,0.0913583,0.0186613,0.0836892
-39.8866,-0.051945,0.0901603,0.0177048,0.0835296
-39.8639,-0.0528921,0.0912642,0.0167424,0.0833492
-39.8413,-0.0538262,0.0922834,0.0157744,0.0831481
-39.8186,-0.0547471,0.0922872,0.0148011,0.0829263
-39.7959,-0.0556546,0.0902198,0.0138228,0.0826837
-39.7732,-0.0565484,0.0930181,0.0128396,0.0824206
-39.7506,-0.0574283,0.0915736,0.011852,0.0821369
-39.7279,-0.0582941,0.0915381,0.0108602,0.0818328
-39.7052,-0.0591456,0.0906599,0.00986443,0.0815082
-39.6825,-0.0599825,0.0906731,0.008865,0.0811632
-39.6599,-0.0608047,0.0904173,0.00786218,0.080798
-39.6372,-0.061612,0.0907347,0.00685627,0.0804126
-39.6145,-0.0624041,0.0889529,0.00584754,0.0800071
-39.5918,-0.063181,0.0893285,0.00483626,0.0795816
-39.5692,-0.0639423,0.0904775,0.00382273,0.0791363
-39.5465,-0.0646878,0.0896114,0.00280727,0.0786713
-39.5238,-0.0654176,0.0858397,0.0017901,0.0781865
-39.5011,-0.0661312,0.0875266,0.000771544,0.0776823
-39.4785,-0.0668286,0.0887289,-0.000248109,0.0771587
-39.4558,-0.0675096,0.0883081,-0.00126857,0.0766159
-39.4331,-0.068174,0.0882484,-0.00228959,0.076054
-39.4104,-0.0688216,0.0869069,-0.00331085,0.0754731
-39.3878,-0.0694524,0.0849462,-0.00433204,0.0748735
-39.3651,-0.0700661,0.0850896,-0.00535291,0.0742553
-39.3424,-0.0706625,0.0828517,-0.00637315,0.0736186
-39.3197,-0.0712417,0.0837951,-0.00739247,0.0729637
-39.2971,-0.0718033,0.0848766,-0.0084106,0.0722907
-39.2744,-0.0723473,0.0835561,-0.00942725,0.0715997
-39.2517,-0.0728735,0.082022,-0.0104421,0.0708911
-39.229,-0.0733818,0.0821443,-0.0114549,0.070165
-39.2063,-0.0738721,0.0819643,-0.0124654,0.0694216
-39.1837,-0.0743443,0.0797312,-0.0134732,0.068661
-39.161,-0.0747982,0.0813617,-0.0144781,0.0678836
-39.1383,-0.0752337,0.0786351,-0.0154798,0.0670896
-39.1156,-0.0756508,0.0780455,-0.0164779,0.066279
-39.093,-0.0760492,0.0779512,-0.0174723,0.0654523
-39.0703,-0.076429,0.077104,-0.0184627,0.0646096
-39.0476,-0.07679,0.0765936,-0.0194487,0.0637511
-39.0249,-0.0771322,0.0773166,-0.0204301,0.0628772
-39.0023,-0.0774554,0.0729673,-0.0214066,0.0619879
-38.9796,-0.0777596,0.073039,-0.0223779,0.0610837
-38.9569,-0.0780446,0.0733282,-0.0233438,0.0601647
-38.9342,-0.0783106,0.0727014,-0.0243039,0.0592312
-38.9116,-0.0785572,0.0725971,-0.025258,0.0582835
-38.8889,-0.0787846,0.0693176,-0.0262058,0.0573218
-38.8662,-0.0789927,0.0705302,-0.0271471,0.0563464
-38.8435,-0.0791813,0.0708932,-0.0280816,0.0553576
-38.8209,-0.0793505,0.0683021,-0.029009,0.0543556
-38.7982,-0.0795002,0.0666553,-0.029929,0.0533408
-38.7755,-0.0796303,0.0650654,-0.0308414,0.0523133
-38.7528,-0.0797409,0.066526,-0.0317459,0.0512735
-38.7302,-0.079832,0.0658475,-0.0326423,0.0502217
-38.7075,-0.0799034,0.0647163,-0.0335303,0.0491582
-38.6848,-0.0799552,0.0646275,-0.0344097,0.0480832
-38.6621,-0.0799873,0.0604249,-0.0352802,0.0469971
-38.6395,-0.0799998,0.0604647,-0.0361415,0.0459002
-38.6168,-0.0799927,0.0608169,-0.0369933,0.0447927
-38.5941,-0.0799659,0.0596246,-0.0378356,0.0436749
-38.5714,-0.0799194,0.0587374,-0.0386679,0.0425473
-38.5488,-0.0798534,0.0555134,-0.0394902,0.0414099
-38.5261,-0.0797677,0.0542111,-0.040302,0.0402633
-38.5034,-0.0796624,0.053851,-0.0411033,0.0391076
-38.4807,-0.0795376,0.053414,-0.0418937,0.0379432
-38.458,-0.0793932,0.0513576,-0.0426731,0.0367704
-38.4354,-0.0792294,0.0514446,-0.0434411,0.0355895
-38.4127,-0.079046,0.0488333,-0.0441977,0.0344008
-38.39,-0.0788433,0.0486894,-0.0449425,0.0332047
-38.3673,-0.0786212,0.0484407,-0.0456753,0.0320015
-38.3447,-0.0783797,0.0472883,-0.046396,0.0307914
-38.322,-0.0781191,0.0455576,-0.0471044,0.0295748
-38.2993,-0.0778392,0.0455511,-0.0478001,0.028352
-38.2766,-0.0775402,0.0420602,-0.0484831,0.0271233
-38.254,-0.0772222,0.0417782,-0.049153,0.0258891
-38.2313,-0.0768852,0.0429366,-0.0498098,0.0246496
-38.2086,-0.0765293,0.0412139,-0.0504532,0.0234052
-38.1859,-0.0761547,0.0377244,-0.0510831,0.0221562
-38.1633,-0.0757613,0.0414329,-0.0516992,0.0209029
-38.1406,-0.0753493,0.0358203,-0.0523013,0.0196456
-38.1179,-0.0749188,0.0346301,-0.0528894,0.0183847
-38.0952,-0.0744699,0.0354677,-0.0534632,0.0171205
-38.0726,-0.0740027,0.0324727,-0.0540225,0.0158533
-38.0499,-0.0735174,0.031456,-0.0545672,0.0145833
-38.0272,-0.0730139,0.0318802,-0.055097,0.013311
-38.0045,-0.0724926,0.0290373,-0.055612,0.0120367
-37.9819,-0.0719534,0.0276242,-0.0561119,0.0107605
-37.9592,-0.0713966,0.0260766,-0.0565965,0.00948297
-37.9365,-0.0708222,0.0253659,-0.0570657,0.00820432
-37.9138,-0.0702305,0.0242388,-0.0575194,0.00692485
-37.8912,-0.0696214,0.0232132,-0.0579574,0.00564488
-37.8685,-0.0689953,0.0211347,-0.0583796,0.00436474
-37.8458,-0.0683523,0.0187835,-0.0587859,0.00308471
-37.8231,-0.0676924,0.0168253,-0.0591761,0.00180512
-37.8005,-0.0670159,0.0173928,-0.0595501,0.000526278
-37.7778,-0.066323,0.0161553,-0.0599078,-0.000751498
-37.7551,-0.0656138,0.015417,-0.0602491,-0.00202794
-37.7324,-0.0648884,0.0135768,-0.0605739,-0.0033027
-37.7098,-0.0641472,0.0126906,-0.0608821,-0.00457552
-37.6871,-0.0633901,0.0131727,-0.0611736,-0.00584607
-37.6644,-0.0626175,0.00972917,-0.0614482,-0.00711405
-37.6417,-0.0618295,0.00703038,-0.061706,-0.00837917
-37.619,-0.0610264,0.00839763,-0.0619468,-0.00964114
-37.5964,-0.0602082,0.00881986,-0.0621706,-0.0108997
-37.5737,-0.0593753,0.00438622,-0.0623771,-0.0121544
-37.551,-0.0585277,0.00292883,-0.0625665,-0.0134051
-37.5283,-0.0576658,0.000941689,-0.0627387,-0.0146515
-37.5057,-0.0567897,0.00073636,-0.0628934,-0.0158933
-37.483,-0.0558997,-0.00104287,-0.0630309,-0.0171301
-37.4603,-0.054996,-0.00250106,-0.0631508,-0.0183618
-37.4376,-0.0540787,-0.00225617,-0.0632533,-0.019588
-37.415,-0.0531482,-0.00512395,-0.0633383,-0.0208084
-37.3923,-0.0522046,-0.00682959,-0.0634057,-0.0220228
-37.3696,-0.0512482,-0.00669266,-0.0634555,-0.0232309
-37.3469,-0.0502792,-0.00798945,-0.0634878,-0.0244324
-37.3243,-0.0492978,-0.00844333,-0.0635023,-0.025627
-37.3016,-0.0483044,-0.00948683,-0.0634993,-0.0268144
-37.2789,-0.047299,-0.0109239,-0.0634785,-0.0279945
-37.2562,-0.0462821,-0.0126665,-0.0634401,-0.0291669
-37.2336,-0.0452538,-0.0139086,-0.063384,-0.0303313
-37.2109,-0.0442143,-0.0157721,-0.0633103,-0.0314875
-37.1882,-0.0431641,-0.0170733,-0.0632189,-0.0326353
-37.1655,-0.0421032,-0.018341,-0.0631098,-0.0337742
-37.1429,-0.0410319,-0.0190684,-0.0629831,-0.0349042
-37.1202,-0.0399506,-0.0220973,-0.0628388,-0.036025
-37.0975,-0.0388595,-0.0226507,-0.0626769,-0.0371362
-37.0748,-0.0377588,-0.0225137,-0.0624974,-0.0382376
-37.0522,-0.0366489,-0.0264973,-0.0623005,-0.0393291
-37.0295,-0.03553,-0.0241361,-0.0620861,-0.0404102
-37.0068,-0.0344023,-0.0260647,-0.0618542,-0.0414809
-36.9841,-0.0332662,-0.0280157,-0.061605,-0.0425408
-36.9615,-0.0321219,-0.0279032,-0.0613385,-0.0435896
-36.9388,-0.0309697,-0.030848,-0.0610546,-0.0446273
-36.9161,-0.0298099,-0.0301796,-0.0607537,-0.0456535
-36.8934,-0.0286428,-0.0323269,-0.0604356,-0.0466679
-36.8707,-0.0274687,-0.0331058,-0.0601005,-0.0476704
-36.8481,-0.0262878,-0.0330791,-0.0597483,-0.0486607
-36.8254,-0.0251005,-0.0371507,-0.0593794,-0.0496386
-36.8027,-0.0239069,-0.0372095,-0.0589936,-0.0506038
-36.78,-0.0227076,-0.0393658,-0.0585912,-0.0515562
-36.7574,-0.0215026,-0.0370948,-0.0581721,-0.0524954
-36.7347,-0.0202924,-0.0375803,-0.0577366,-0.0534214
-36.712,-0.0190771,-0.0392126,-0.0572847,-0.0543339
-36.6893,-0.0178572,-0.0416171,-0.0568165,-0.0552325
-36.6667,-0.0166329,-0.0420717,-0.0563322,-0.0561173
-36.644,-0.0154046,-0.0417349,-0.0558319,-0.0569879
-36.6213,-0.0141724,-0.0437248,-0.0553157,-0.0578441
-36.5986,-0.0129367,-0.0462415,-0.0547836,-0.0586857
-36.576,-0.0116979,-0.0461144,-0.054236,-0.0595125
-36.5533,-0.0104562,-0.04558,-0.0536729,-0.0603244
-36.5306,-0.00921196,-0.0477005,-0.0530944,-0.061121
-36.5079,-0.00796543,-0.050469,-0.0525007,-0.0619023
-36.4853,-0.00671694,-0.0494148,-0.051892,-0.0626681
-36.4626,-0.00546681,-0.049874,-0.0512684,-0.063418
-36.4399,-0.00421533,-0.0511523,-0.0506301,-0.0641521
-36.4172,-0.00296282,-0.0546747,-0.0499771,-0.06487
-36.3946,-0.00170958,-0.0534106,-0.0493099,-0.0655716
-36.3719,-0.00045592,-0.0563769,-0.0486284,-0.0662567
-36.3492,0.000797852,-0.0556215,-0.0479328,-0.0669252
-36.3265,0.00205143,-0.0543106,-0.0472234,-0.0675769
-36.3039,0.0033045,-0.0594035,-0.0465003,-0.0682116
-36.2812,0.00455676,-0.0569914,-0.0457637,-0.0688291
-36.2585,0.0058079,-0.0581787,-0.0450139,-0.0694294
-36.2358,0.00705762,-0.058689,-0.0442509,-0.0700122
-36.2132,0.0083056,-0.0585727,-0.0434751,-0.0705773
-36.1905,0.00955154,-0.0592902,-0.0426866,-0.0711247
-36.1678,0.0107951,-0.0611399,-0.0418855,-0.0716542
-36.1451,0.0120361,-0.0598832,-0.0410723,-0.0721657
-36.1224,0.0132741,-0.0627159,-0.0402469,-0.0726589
-36.0998,0.0145088,-0.0628775,-0.0394097,-0.0731338
-36.0771,0.01574,-0.0625244,-0.0385609,-0.0735903
-36.0544,0.0169673,-0.0621906,-0.0377008,-0.0740282
-36.0317,0.0181904,-0.0644921,-0.0368294,-0.0744475
-36.0091,0.019409,-0.0626387,-0.0359471,-0.0748478
-35.9864,0.0206229,-0.0636345,-0.0350542,-0.0752293
-35.9637,0.0218318,-0.0646345,-0.0341507,-0.0755918
-35.941,0.0230352,-0.0640907,-0.0332371,-0.0759351
-35.9184,0.024233,-0.0663106,-0.0323135,-0.0762591
-35.8957,0.0254249,-0.065904,-0.0313801,-0.0765639
-35.873,0.0266105,-0.0665371,-0.0304373,-0.0768492
-35.8503,0.0277896,-0.0671951,-0.0294852,-0.077115
-35.8277,0.0289618,-0.066252,-0.0285242,-0.0773612
-35.805,0.030127,-0.0684384,-0.0275544,-0.0775878
-35.7823,0.0312847,-0.0686695,-0.0265763,-0.0777946
-35.7596,0.0324348,-0.0678195,-0.0255898,-0.0779816
-35.737,0.0335769,-0.0703711,-0.0245955,-0.0781488
-35.7143,0.0347107,-0.0713861,-0.0235935,-0.0782961
-35.6916,0.035836,-0.0708523,-0.0225842,-0.0784234
-35.6689,0.0369525,-0.0711524,-0.0215677,-0.0785306
-35.6463,0.03806,-0.0713523,-0.0205443,-0.0786178
-35.6236,0.039158,-0.0704038,-0.0195144,-0.078685
-35.6009,0.0402465,-0.067606,-0.0184782,-0.078732
-35.5782,0.0413251,-0.0712696,-0.017436,-0.0787589
-35.5556,0.0423935,-0.0700604,-0.016388,-0.0787656
-35.5329,0.0434516,-0.0684403,-0.0153346,-0.0787521
-35.5102,0.0444989,-0.0725115,-0.014276,-0.0787185
-35.4875,0.0455353,-0.0716783,-0.0132125,-0.0786646
-35.4649,0.0465606,-0.0710783,-0.0121445,-0.0785907
-35.4422,0.0475744,-0.0724374,-0.0110721,-0.0784965
-35.4195,0.0485765,-0.0698081,-0.00999572,-0.0783822
-35.3968,0.0495667,-0.0702165,-0.00891558,-0.0782477
-35.3741,0.0505447,-0.0720486,-0.00783206,-0.0780932
-35.3515,0.0515103,-0.070655,-0.00674536,-0.0779185
-35.3288,0.0524632,-0.0690005,-0.00565582,-0.0777239
-35.3061,0.0534033,-0.0704105,-0.00456373,-0.0775092
-35.2834,0.0543302,-0.0696525,-0.00346941,-0.0772747
-35.2608,0.0552438,-0.0704471,-0.0023731,-0.0770202
-35.2381,0.0561438,-0.0707706,-0.00127514,-0.0767459
-35.2154,0.0570301,-0.0691873,-0.000175825,-0.0764519
-35.1927,0.0579023,-0.0698793,0.00092456,-0.0761382
-35.1701,0.0587603,-0.069812,0.00202569,-0.0758049
-35.1474,0.0596039,-0.0693835,0.00312728,-0.0754521
-35.1247,0.0604328,-0.0686414,0.00422908,-0.0750798
-35.102,0.0612469,-0.0691959,0.0053307,-0.0746883
-35.0794,0.062046,-0.0667866,0.00643189,-0.0742776
-35.0567,0.0628298,-0.0701851,0.00753236,-0.0738477
-35.034,0.0635981,-0.068608,0.00863177,-0.0733988
-35.0113,0.0643509,-0.0680349,0.00972987,-0.0729311
-34.9887,0.0650878,-0.0669161,0.0108263,-0.0724446
-34.966,0.0658088,-0.0682301,0.0119208,-0.0719396
-34.9433,0.0665136,-0.0648969,0.0130131,-0.0714161
-34.9206,0.0672021,-0.0662049,0.0141029,-0.0708742
-34.898,0.067874,-0.0678907,0.0151898,-0.0703142
-34.8753,0.0685293,-0.0672719,0.0162736,-0.0697361
-34.8526,0.0691678,-0.0630812,0.0173539,-0.0691402
-34.8299,0.0697892,-0.0671701,0.0184306,-0.0685266
-34.8073,0.0703936,-0.0642956,0.0195032,-0.0678955
-34.7846,0.0709806,-0.064753,0.0205715,-0.0672471
-34.7619,0.0715502,-0.0625314,0.0216352,-0.0665815
-34.7392,0.0721022,-0.0622296,0.022694,-0.0658989
-34.7166,0.0726365,-0.062399,0.0237476,-0.0651995
-34.6939,0.073153,-0.0618041,0.0247958,-0.0644835
-34.6712,0.0736515,-0.0617073,0.0258382,-0.0637512
-34.6485,0.0741319,-0.0618946,0.0268745,-0.0630027
-34.6259,0.0745941,-0.0586726,0.0279045,-0.0622382
-34.6032,0.075038,-0.0593745,0.0289279,-0.0614581
-34.5805,0.0754635,-0.0581175,0.0299443,-0.0606623
-34.5578,0.0758704,-0.0579588,0.0309536,-0.0598513
-34.5351,0.0762587,-0.0553273,0.0319555,-0.0590252
-34.5125,0.0766283,-0.0560476,0.0329496,-0.0581843
-34.4898,0.076979,-0.0539062,0.0339357,-0.0573288
-34.4671,0.0773108,-0.0529442,0.0349135,-0.0564589
-34.4444,0.0776237,-0.0539529,0.0358827,-0.0555749
-34.4218,0.0779174,-0.0534495,0.0368431,-0.0546771
-34.3991,0.0781921,-0.0507646,0.0377945,-0.0537657
-34.3764,0.0784475,-0.051375,0.0387365,-0.0528409
-34.3537,0.0786837,-0.0505898,0.0396689,-0.051903
-34.3311,0.0789005,-0.0464644,0.0405914,-0.0509523
-34.3084,0.0790979,-0.0494721,0.0415037,-0.049989
-34.2857,0.079276,-0.0485251,0.0424058,-0.0490135
-34.263,0.0794345,-0.0456274,0.0432971,-0.048026
-34.2404,0.0795736,-0.0475752,0.0441776,-0.0470267
-34.2177,0.0796931,-0.0458369,0.045047,-0.0460159
-34.195,0.079793,-0.0453058,0.045905,-0.044994
-34.1723,0.0798733,-0.0436565,0.0467514,-0.0439612
-34.1497,0.0799341,-0.0423448,0.0475859,-0.0429177
-34.127,0.0799751,-0.0432206,0.0484084,-0.041864
-34.1043,0.0799966,-0.0406932,0.0492186,-0.0408002
-34.0816,0.0799984,-0.0373027,0.0500163,-0.0397266
-34.059,0.0799805,-0.0361476,0.0508011,-0.0386436
-34.0363,0.079943,-0.0377456,0.0515731,-0.0375515
-34.0136,0.0798858,-0.0357876,0.0523318,-0.0364505
-33.9909,0.0798091,-0.0340929,0.0530771,-0.0353408
-33.9683,0.0797127,-0.0333667,0.0538089,-0.034223
-33.9456,0.0795968,-0.0334999,0.0545267,-0.0330972
-33.9229,0.0794613,-0.0313465,0.0552306,-0.0319636
-33.9002,0.0793063,-0.0312627,0.0559202,-0.0308228
-33.8776,0.0791318,-0.0267516,0.0565955,-0.0296748
-33.8549,0.0789378,-0.0259035,0.0572561,-0.0285201
-33.8322,0.0787245,-0.032218,0.0579019,-0.0273589
-33.8095,0.0784919,-0.025145,0.0585328,-0.0261915
-33.7868,0.0782399,-0.0238608,0.0591485,-0.0250183
-33.7642,0.0779688,-0.0222938,0.0597488,-0.0238395
-33.7415,0.0776785,-0.0230485,0.0603337,-0.0226554
-33.7188,0.0773691,-0.0208502,0.0609029,-0.0214664
-33.6961,0.0770407,-0.0195556,0.0614562,-0.0202728
-33.6735,0.0766934,-0.0212476,0.0619936,-0.0190747
-33.6508,0.0763273,-0.0164535,0.0625148,-0.0178726
-33.6281,0.0759424,-0.0197335,0.0630197,-0.0166667
-33.6054,0.0755389,-0.0186851,0.0635082,-0.0154574
-33.5828,0.0751168,-0.0136606,0.0639801,-0.014245
-33.5601,0.0746762,-0.0126491,0.0644353,-0.0130296
-33.5374,0.0742173,-0.00999667,0.0648736,-0.0118117
-33.5147,0.0737402,-0.0136457,0.0652949,-0.0105915
-33.4921,0.073245,-0.00900558,0.0656991,-0.00936933
-33.4694,0.0727318,-0.00406555,0.0660861,-0.00814543
-33.4467,0.0722007,-0.00790542,0.0664558,-0.00692013
-33.424,0.0716519,-0.00551966,0.066808,-0.00569377
-33.4014,0.0710855,-0.00412362,0.0671426,-0.00446654
-33.3787,0.0705016,-0.00123895,0.0674596,-0.0032388
-33.356,0.0699004,-0.00169492,0.0677589,-0.0020108
-33.3333,0.069282,-0.000901064,0.0680403,-0.00078283
-33.3107,0.0686467,-0.000749067,0.0683037,0.000444836
-33.288,0.0679944,0.00195311,0.0685492,0.00167193
-33.2653,0.0673255,0.00374628,0.0687765,0.00289814
-33.2426,0.06664,0.00297354,0.0689858,0.00412322
-33.22,0.0659382,0.00605123,0.0691767,0.00534686
-33.1973,0.0652201,0.00602115,0.0693494,0.00656884
-33.1746,0.0644861,0.0100904,0.0695038,0.00778886
-33.1519,0.0637362,0.0123657,0.0696397,0.00900664
-33.1293,0.0629706,0.00967661,0.0697572,0.0102219
-33.1066,0.0621896,0.0100094,0.0698562,0.0114345
-33.0839,0.0613933,0.00992526,0.0699367,0.0126441
-33.0612,0.0605819,0.0159243,0.0699986,0.0138503
-33.0385,0.0597557,0.0155438,0.0700419,0.0150531
-33.0159,0.0589148,0.0148359,0.0700667,0.016252
-32.9932,0.0580594,0.0171974,0.0700728,0.017447
-32.9705,0.0571897,0.0169343,0.0700602,0.0186376
-32.9478,0.056306,0.0202649,0.070029,0.0198237
-32.9252,0.0554085,0.0211024,0.0699791,0.021005
-32.9025,0.0544973,0.0210645,0.0699107,0.0221814
-32.8798,0.0535728,0.0245197,0.0698235,0.0233524
-32.8571,0.0526351,0.0254101,0.0697177,0.024518
-32.8345,0.0516845,0.0271577,0.0695934,0.0256778
-32.8118,0.0507212,0.0288539,0.0694504,0.0268316
-32.7891,0.0497454,0.0291965,0.0692888,0.0279792
-32.7664,0.0487574,0.0280605,0.0691088,0.0291203
-32.7438,0.0477574,0.0316439,0.0689102,0.0302548
-32.7211,0.0467458,0.0345207,0.0686932,0.0313824
-32.6984,0.0457226,0.0306971,0.0684578,0.0325028
-32.6757,0.0446882,0.0356271,0.068204,0.0336159
-32.6531,0.0436428,0.0350533,0.067932,0.0347214
-32.6304,0.0425867,0.0407094,0.0676417,0.0358192
-32.6077,0.0415201,0.0368209,0.0673332,0.0369088
-32.585,0.0404434,0.0430299,0.0670066,0.0379903
-32.5624,0.0393567,0.0386376,0.066662,0.0390633
-32.5397,0.0382603,0.0406406,0.0662995,0.0401277
-32.517,0.0371546,0.0450532,0.0659192,0.0411831
-32.4943,0.0360397,0.0452081,0.065521,0.0422294
-32.4717,0.0349159,0.0457455,0.0651053,0.0432665
-32.449,0.0337836,0.0474731,0.0646719,0.044294
-32.4263,0.032643,0.0463324,0.0642211,0.0453118
-32.4036,0.0314944,0.0510547,0.0637529,0.0463197
-32.381,0.030338,0.0473256,0.0632675,0.0473175
-32.3583,0.0291742,0.0531407,0.062765,0.0483049
-32.3356,0.0280032,0.0524097,0.0622455,0.0492818
-32.3129,0.0268254,0.054632,0.0617092,0.0502479
-32.2902,0.0256409,0.0562602,0.061156,0.0512032
-32.2676,0.0244502,0.0551812,0.0605864,0.0521472
-32.2449,0.0232534,0.0567668,0.0600001,0.05308
-32.2222,0.022051,0.0540964,0.0593978,0.0540011
-32.1995,0.0208431,0.0591834,0.0587791,0.0549106
-32.1769,0.0196301,0.0623253,0.0581447,0.0558082
-32.1542,0.0184123,0.0611355,0.0574939,0.0566937
-32.1315,0.01719,0.0617115,0.0568279,0.0575668
-32.1088,0.0159634,0.0598717,0.0561462,0.0584274
-32.0862,0.0147329,0.062414,0.0554496,0.0592754
-32.0635,0.0134988,0.0647862,0.054737,0.0601104
-32.0408,0.0122614,0.0651897,0.0540107,0.0609324
-32.0181,0.011021,0.0660599,0.0532682,0.0617411
-31.9955,0.00977783,0.0644704,0.0525118,0.0625364
-31.9728,0.00853229,0.0651833,0.0517408,0.0633181
-31.9501,0.00728466,0.068554,0.0509562,0.0640859
-31.9274,0.00603524,0.0692236,0.0501563,0.0648397
-31.9048,0.00478433,0.0706412,0.049344,0.0655794
-31.8821,0.00353225,0.0728769,0.0485164,0.0663046
-31.8594,0.00227931,0.0728744,0.0476778,0.0670153
-31.8367,0.0010258,0.0730087,0.0468236,0.0677113
-31.8141,-0.000227961,0.075712,0.0459587,0.0683924
-31.7914,-0.00148166,0.0750014,0.0450785,0.0690584
-31.7687,-0.002735,0.0741593,0.0441886,0.069709
-31.746,-0.00398767,0.077321,0.0432838,0.0703443
-31.7234,-0.00523936,0.0775608,0.0423695,0.0709639
-31.7007,-0.00648976,0.0796644,0.0414411,0.0715678
-31.678,-0.00773857,0.0773157,0.0405035,0.0721556
-31.6553,-0.00898547,0.0779926,0.0395513,0.0727273
-31.6327,-0.0102302,0.0795499,0.0385914,0.0732827
-31.61,-0.0114724,0.0830709,0.0376172,0.0738216
-31.5873,-0.0127117,0.0840399,0.0366366,0.0743438
-31.5646,-0.013948,0.0820956,0.0356415,0.0748492
-31.542,-0.0151808,0.0820813,0.0346401,0.0753377
-31.5193,-0.0164099,0.0863302,0.033624,0.075809
-31.4966,-0.017635,0.0866271,0.0326035,0.0762629
-31.4739,-0.0188557,0.084046,0.0315691,0.0766994
-31.4512,-0.0200718,0.0859487,0.0305319,0.0771183
-31.4286,-0.0212829,0.0876544,0.0294796,0.0775193
-31.4059,-0.0224889,0.0857069,0.0284221,0.0779025
-31.3832,-0.0236893,0.0863676,0.0273545,0.0782675
-31.3605,-0.0248839,0.0868823,0.0262849,0.0786142
-31.3379,-0.0260724,0.0869389,0.0251985,0.0789427
-31.3152,-0.0272545,0.0871641,0.0241117,0.0792525
-31.2925,-0.0284299,0.0863129,0.0230128,0.0795437
-31.2698,-0.0295983,0.0887957,0.021914,0.0798161
-31.2472,-0.0307594,0.08618,0.0207999,0.0800695
-31.2245,-0.031913,0.0880787,0.0196864,0.0803038
-31.2018,-0.0330587,0.090823,0.018561,0.080519
-31.1791,-0.0341964,0.0859594,0.0174378,0.0807148
-31.1565,-0.0353256,0.0862117,0.0163018,0.0808911
-31.1338,-0.0364461,0.0909022,0.015167,0.0810478
-31.1111,-0.0375577,0.0892016,0.0140218,0.0811848
-31.0884,-0.0386601,0.0907512,0.0128769,0.0813021
-31.0658,-0.039753,0.0885347,0.0117216,0.0813994
-31.0431,-0.0408361,0.0871463,0.0105704,0.0814767
-31.0204,-0.0419092,0.0915482,0.00940875,0.0815338
-30.9977,-0.042972,0.0884633,0.00825289,0.0815708
-30.9751,-0.0440242,0.0894103,0.00708121,0.0815874
-30.9524,-0.0450656,0.0921038,0.00591813,0.0815837
-30.9297,-0.046096,0.0921098,0.00474622,0.0815595
-30.907,-0.047115,0.0931692,0.00357675,0.0815147
-30.8844,-0.0481224,0.0932617,0.00240196,0.0814493
-30.8617,-0.0491181,0.0902692,0.00123034,0.0813632
-30.839,-0.0501017,0.0888214,4.85595e-05,0.0812564
-30.8163,-0.0510729,0.0894199,-0.00112313,0.0811288
-30.7937,-0.0520316,0.0903373,-0.00230718,0.0809803
-30.771,-0.0529776,0.0927558,-0.0034787,0.0808109
-30.7483,-0.0539105,0.0915205,-0.00465891,0.0806207
-30.7256,-0.0548302,0.0914307,-0.00582995,0.0804094
-30.7029,-0.0557364,0.0900618,-0.00701314,0.0801772
-30.6803,-0.056629,0.0886545,-0.00818388,0.079924
-30.6576,-0.0575076,0.0895591,-0.00936291,0.0796497
-30.6349,-0.0583721,0.0932274,-0.0105278,0.0793544
-30.6122,-0.0592222,0.0880199,-0.011703,0.0790382
-30.5896,-0.0600579,0.0879102,-0.0128662,0.0787008
-30.5669,-0.0608787,0.088331,-0.0140344,0.0783426
-30.5442,-0.0616846,0.086939,-0.0151899,0.0779633
-30.5215,-0.0624754,0.0876665,-0.0163548,0.0775631
-30.4989,-0.0632508,0.0884043,-0.0175084,0.077142
-30.4762,-0.0640107,0.0872613,-0.0186693,0.0767001
-30.4535,-0.0647548,0.0859444,-0.0198045,0.0762374
-30.4308,-0.0654831,0.0867434,-0.0209647,0.0757539
-30.4082,-0.0661953,0.0855711,-0.0220885,0.0752497
-30.3855,-0.0668912,0.0839671,-0.0232324,0.074725
-30.3628,-0.0675706,0.0880624,-0.0243479,0.0741797
-30.3401,-0.0682335,0.0838674,-0.0254815,0.073614
-30.3175,-0.0688797,0.0850457,-0.026581,0.073028
-30.2948,-0.0695089,0.0854391,-0.0277091,0.0724218
-30.2721,-0.070121,0.0851468,-0.0288008,0.0717954
-30.2494,-0.0707159,0.0815407,-0.0299082,0.0711491
-30.2268,-0.0712935,0.0831927,-0.030988,0.070483
-30.2041,-0.0718535,0.0777723,-0.032085,0.0697972
-30.1814,-0.0723959,0.0834917,-0.0331399,0.0690918
-30.1587,-0.0729205,0.0785494,-0.0342277,0.0683669
-30.1361,-0.0734272,0.0775883,-0.0352657,0.0676229
-30.1134,-0.0739158,0.0793934,-0.0363275,0.0668599
-30.0907,-0.0743863,0.0793268,-0.0373581,0.0660779
-30.068,-0.0748385,0.0791599,-0.0384031,0.0652773
-30.0454,-0.0752724,0.0800142,-0.0394176,0.0644582
-30.0227,-0.0756878,0.0730546,-0.0404413,0.0636208
-30,-0.0760845,0.0800124,-0.0414262,0.0627653
-29.9773,-0.0764626,0.0740423,-0.0424434,0.061892
-29.9546,-0.0768219,0.0753635,-0.0434131,0.0610011
-29.932,-0.0771623,0.0716076,-0.0443916,0.0600928
-29.9093,-0.0774838,0.0749203,-0.0453402,0.0591674
-29.8866,-0.0777863,0.0726495,-0.0463061,0.0582251
-29.8639,-0.0780696,0.0685895,-0.0472258,0.0572662
-29.8413,-0.0783338,0.0717091,-0.0481716,0.056291
-29.8186,-0.0785787,0.0684075,-0.0490613,0.0552997
-29.7959,-0.0788043,0.0726129,-0.0499895,0.0542927
-29.7732,-0.0790106,0.0684781,-0.0508525,0.0532702
-29.7506,-0.0791975,0.0638311,-0.0517522,0.0522324
-29.7279,-0.0793649,0.0658674,-0.0526178,0.0511798
-29.7052,-0.0795128,0.0640941,-0.0534689,0.0501127
-29.6825,-0.0796412,0.0656202,-0.0542869,0.0490313
-29.6599,-0.07975,0.0619939,-0.0551337,0.0479361
-29.6372,-0.0798393,0.0646472,-0.0559244,0.0468272
-29.6145,-0.0799089,0.0630166,-0.0567322,0.0457051
-29.5918,-0.0799589,0.0574646,-0.0575106,0.0445701
-29.5692,-0.0799893,0.0577824,-0.0582969,0.0434226
-29.5465,-0.08,0.0595512,-0.059032,0.0422629
-29.5238,-0.0799911,0.0615538,-0.0597896,0.0410914
-29.5011,-0.0799625,0.0547666,-0.0604999,0.0399084
-29.4785,-0.0799142,0.0557445,-0.0612146,0.0387144
-29.4558,-0.0798464,0.0552239,-0.0618942,0.0375097
-29.4331,-0.0797589,0.0495548,-0.0625812,0.0362947
-29.4104,-0.0796519,0.052843,-0.0632434,0.0350698
-29.3878,-0.0795253,0.051768,-0.0638997,0.0338353
-29.3651,-0.0793791,0.0526462,-0.0644999,0.0325918
-29.3424,-0.0792135,0.0521285,-0.0651456,0.0313395
-29.3197,-0.0790284,0.0499795,-0.0657304,0.0300789
-29.2971,-0.0788239,0.0470885,-0.0663189,0.0288104
-29.2744,-0.0786,0.0450897,-0.0668574,0.0275344
-29.2517,-0.0783568,0.0476707,-0.0674212,0.0262513
-29.229,-0.0780944,0.042984,-0.0679403,0.0249616
-29.2063,-0.0778128,0.039122,-0.0684705,0.0236656
-29.1837,-0.0775121,0.041339,-0.0689527,0.0223638
-29.161,-0.0771923,0.0388921,-0.0694507,0.0210567
-29.1383,-0.0768536,0.0408931,-0.0698914,0.0197445
-29.1156,-0.076496,0.0360024,-0.0703451,0.0184278
-29.093,-0.0761197,0.0369826,-0.0707448,0.0171071
-29.0703,-0.0757246,0.0367157,-0.0711648,0.0157826
-29.0476,-0.0753109,0.0374911,-0.0715328,0.0144549
-29.0249,-0.0748787,0.0318462,-0.0719133,0.0131243
-29.0023,-0.0744282,0.030046,-0.0722576,0.0117914
-28.9796,-0.0739593,0.0303151,-0.0726093,0.0104565
-28.9569,-0.0734723,0.0287151,-0.0728834,0.00912009
-28.9342,-0.0729673,0.031561,-0.0732157,0.00778252
-28.9116,-0.0724443,0.0257187,-0.0734622,0.00644432
-28.8889,-0.0719035,0.0256686,-0.0737513,0.00510586
-28.8662,-0.0713451,0.0224385,-0.0739686,0.00376756
-28.8435,-0.0707691,0.0242004,-0.0742084,0.00242985
-28.8209,-0.0701758,0.0243761,-0.0744015,0.00109318
-28.7982,-0.0695652,0.0225031,-0.0746,-0.00024208
-28.7755,-0.0689376,0.0181765,-0.0747461,-0.00157547
-28.7528,-0.068293,0.0175629,-0.074904,-0.00290659
-28.7302,-0.0676316,0.017009,-0.0750027,-0.00423505
-28.7075,-0.0669536,0.0160922,-0.0751476,-0.00556042
-28.6848,-0.0662592,0.0181267,-0.0752001,-0.0068823
-28.6621,-0.0655485,0.0183773,-0.075264,-0.00820033
-28.6395,-0.0648217,0.0139561,-0.0753004,-0.00951404
-28.6168,-0.064079,0.00915881,-0.0753703,-0.0108231
-28.5941,-0.0633205,0.00899296,-0.0753212,-0.0121271
-28.5714,-0.0625465,0.00897371,-0.0753659,-0.0134257
-28.5488,-0.0617571,0.0103124,-0.0753008,-0.0147184
-28.5261,-0.0609526,0.00466527,-0.0752836,-0.0160049
-28.5034,-0.0601331,0.00255847,-0.0751633,-0.0172849
-28.4807,-0.0592988,0.00885208,-0.075117,-0.0185581
-28.458,-0.05845,0.00516655,-0.07498,-0.0198239
-28.4354,-0.0575868,-0.000606432,-0.074898,-0.0210821
-28.4127,-0.0567094,-0.0052141,-0.0747194,-0.0223323
-28.39,-0.0558181,0.00187512,-0.074598,-0.0235742
-28.3673,-0.0549131,-0.00334993,-0.0743667,-0.0248075
-28.3447,-0.0539947,0.000236547,-0.0741943,-0.0260319
-28.322,-0.0530629,-0.00168862,-0.0739085,-0.0272469
-28.2993,-0.0521182,-0.00754626,-0.0737338,-0.0284524
-28.2766,-0.0511606,-0.00620485,-0.0734293,-0.029648
-28.254,-0.0501905,-0.00610195,-0.0731948,-0.0308334
-28.2313,-0.049208,-0.00732132,-0.0728631,-0.0320082
-28.2086,-0.0482134,-0.0103716,-0.0725688,-0.0331724
-28.1859,-0.0472071,-0.00793619,-0.0721938,-0.0343255
-28.1633,-0.0461891,-0.0129053,-0.0718952,-0.0354673
-28.1406,-0.0451597,-0.0150386,-0.0714768,-0.0365975
-28.1179,-0.0441193,-0.0116126,-0.0711236,-0.0377159
-28.0952,-0.043068,-0.0165932,-0.0706908,-0.0388222
-28.0726,-0.0420062,-0.0179419,-0.0702688,-0.0399162
-28.0499,-0.0409341,-0.0205887,-0.0697911,-0.0409977
-28.0272,-0.0398518,-0.0177846,-0.0693682,-0.0420663
-28.0045,-0.0387598,-0.0169872,-0.0688425,-0.0431221
-27.9819,-0.0376583,-0.0187146,-0.0684015,-0.0441645
-27.9592,-0.0365476,-0.0221308,-0.0678457,-0.0451936
-27.9365,-0.0354278,-0.0227274,-0.0673276,-0.0462091
-27.9138,-0.0342994,-0.0248121,-0.0667283,-0.0472109
-27.8912,-0.0331625,-0.0275491,-0.0662211,-0.0481986
-27.8685,-0.0320175,-0.0255715,-0.0655422,-0.0491722
-27.8458,-0.0308646,-0.0261014,-0.0650138,-0.0501316
-27.8231,-0.0297041,-0.0292674,-0.0643647,-0.0510765
-27.8005,-0.0285364,-0.0326919,-0.0637824,-0.0520068
-27.7778,-0.0273616,-0.031079,-0.0630784,-0.0529223
-27.7551,-0.0261801,-0.0324292,-0.0624221,-0.053823
-27.7324,-0.0249922,-0.0308159,-0.0616899,-0.0547087
-27.7098,-0.0237982,-0.0352242,-0.0610776,-0.0555792
-27.6871,-0.0225982,-0.0342308,-0.0602745,-0.0564345
-27.6644,-0.0213928,-0.0393699,-0.059593,-0.0572745
-27.6417,-0.0201821,-0.0323885,-0.0587666,-0.058099
-27.619,-0.0189664,-0.0390212,-0.0581001,-0.058908
-27.5964,-0.0177461,-0.039346,-0.0572271,-0.0597013
-27.5737,-0.0165214,-0.0441107,-0.0565182,-0.060479
-27.551,-0.0152927,-0.0368453,-0.0556461,-0.0612409
-27.5283,-0.0140602,-0.0439369,-0.0548517,-0.0619869
-27.5057,-0.0128242,-0.0428264,-0.0539896,-0.062717
-27.483,-0.0115852,-0.0454619,-0.0531872,-0.0634311
-27.4603,-0.0103432,-0.0424956,-0.0522796,-0.0641292
-27.4376,-0.00909872,-0.0432646,-0.0514231,-0.0648113
-27.415,-0.00785201,-0.0438203,-0.0504755,-0.0654773
-27.3923,-0.00660336,-0.044958,-0.0496454,-0.0661271
-27.3696,-0.00535309,-0.0405417,-0.0486401,-0.0667607
-27.3469,-0.00410151,-0.0494905,-0.0477628,-0.0673781
-27.3243,-0.00284891,-0.0479288,-0.0467618,-0.0679794
-27.3016,-0.00159562,-0.0461282,-0.0458341,-0.0685644
-27.2789,-0.000341941,-0.04467,-0.0448468,-0.0691332
-27.2562,0.000911826,-0.0499435,-0.0439238,-0.0696857
-27.2336,0.00216537,-0.0520093,-0.0428853,-0.0702219
-27.2109,0.00341838,-0.0566426,-0.0419003,-0.0707419
-27.1882,0.00467055,-0.0529349,-0.0408095,-0.0712457
-27.1655,0.00592157,-0.0581668,-0.0398607,-0.0717332
-27.1429,0.00717114,-0.0573288,-0.0387803,-0.0722044
-27.1202,0.00841895,-0.0560616,-0.0377897,-0.0726595
-27.0975,0.00966469,-0.0542633,-0.0366576,-0.0730983
-27.0748,0.0109081,-0.0598624,-0.0356672,-0.073521
-27.0522,0.0121487,-0.0613651,-0.034497,-0.0739274
-27.0295,0.0133865,-0.0580413,-0.0334858,-0.0743177
-27.0068,0.0146209,-0.0585239,-0.0323255,-0.0746919
-26.9841,0.0158517,-0.0576565,-0.0313268,-0.07505
-26.9615,0.0170786,-0.0596716,-0.0301049,-0.0753921
-26.9388,0.0183014,-0.063748,-0.029079,-0.0757181
-26.9161,0.0195196,-0.0631133,-0.0278506,-0.0760281
-26.8934,0.020733,-0.0600819,-0.0267922,-0.076322
-26.8707,0.0219414,-0.0604216,-0.0256119,-0.0766001
-26.8481,0.0231444,-0.0626924,-0.0245018,-0.0768622
-26.8254,0.0243416,-0.0604905,-0.0232573,-0.0771085
-26.8027,0.0255329,-0.0638763,-0.0222161,-0.0773389
-26.78,0.026718,-0.0658469,-0.0209696,-0.0775536
-26.7574,0.0278964,-0.0632451,-0.0198912,-0.0777524
-26.7347,0.0290681,-0.0578949,-0.0185745,-0.0779356
-26.712,0.0302325,-0.0657255,-0.0174918,-0.0781029
-26.6893,0.0313896,-0.0620462,-0.0162272,-0.0782547
-26.6667,0.0325389,-0.0608246,-0.0151154,-0.0783908
-26.644,0.0336803,-0.0634004,-0.013831,-0.0785113
-26.6213,0.0348134,-0.063159,-0.01266,-0.0786162
-26.5986,0.0359379,-0.0668072,-0.0114119,-0.0787057
-26.576,0.0370536,-0.0655154,-0.0102999,-0.0787796
-26.5533,0.0381602,-0.0620848,-0.00895544,-0.078838
-26.5306,0.0392574,-0.0700385,-0.00786419,-0.078881
-26.5079,0.040345,-0.0669545,-0.00658856,-0.0789086
-26.4853,0.0414227,-0.0659875,-0.00543152,-0.0789208
-26.4626,0.0424902,-0.0691723,-0.00410291,-0.0789177
-26.4399,0.0435472,-0.0652204,-0.00296835,-0.0788992
-26.4172,0.0445936,-0.0626326,-0.00165187,-0.0788654
-26.3946,0.045629,-0.0628069,-0.000512506,-0.0788164
-26.3719,0.0466532,-0.0668671,0.000774165,-0.0787521
-26.3492,0.047666,-0.0674503,0.0019217,-0.0786725
-26.3265,0.048667,-0.0669157,0.00326855,-0.0785777
-26.3039,0.0496561,-0.0638495,0.00436444,-0.0784678
-26.2812,0.050633,-0.0677698,0.00566383,-0.0783426
-26.2585,0.0515974,-0.0696962,0.00681198,-0.0782023
-26.2358,0.0525492,-0.0637914,0.00814449,-0.0780468
-26.2132,0.0534881,-0.072337,0.00929049,-0.0778762
-26.1905,0.0544138,-0.0726473,0.0105463,-0.0776905
-26.1678,0.0553262,-0.0644772,0.0116967,-0.0774896
-26.1451,0.056225,-0.0628563,0.0130363,-0.0772736
-26.1224,0.0571099,-0.069467,0.014124,-0.0770425
-26.0998,0.0579809,-0.0691206,0.0153965,-0.0767964
-26.0771,0.0588376,-0.0646312,0.0165454,-0.0765351
-26.0544,0.0596798,-0.0667846,0.017873,-0.0762587
-26.0317,0.0605074,-0.0640123,0.0189345,-0.0759673
-26.0091,0.0613202,-0.0645756,0.0202248,-0.0756608
-25.9864,0.0621178,-0.0649433,0.0213157,-0.0753392
-25.9637,0.0629003,-0.0635868,0.0225769,-0.0750025
-25.941,0.0636672,-0.0627943,0.0236481,-0.0746508
-25.9184,0.0644185,-0.0630713,0.0249552,-0.074284
-25.8957,0.0651541,-0.0662643,0.0259799,-0.0739021
-25.873,0.0658736,-0.0622933,0.0272863,-0.0735051
-25.8503,0.0665769,-0.0629057,0.0283302,-0.0730931
-25.8277,0.0672638,-0.0563257,0.0295976,-0.072666
-25.805,0.0679343,-0.0614522,0.030644,-0.0722239
-25.7823,0.0685881,-0.0604413,0.0318177,-0.0717667
-25.7596,0.069225,-0.0518312,0.0329108,-0.0712944
-25.737,0.0698449,-0.0596129,0.0340977,-0.0708071
-25.7143,0.0704476,-0.0585263,0.0350969,-0.0703047
-25.6916,0.0710331,-0.0617496,0.0363374,-0.0697872
-25.6689,0.0716011,-0.0583605,0.0373405,-0.0692548
-25.6463,0.0721515,-0.0608605,0.0384454,-0.0687073
-25.6236,0.0726842,-0.0612339,0.0394523,-0.0681447
-25.6009,0.0731991,-0.0591729,0.0406531,-0.0675672
-25.5782,0.0736959,-0.0509785,0.0415719,-0.0669746
-25.5556,0.0741747,-0.0599363,0.042704,-0.0663671
-25.5329,0.0746353,-0.0558951,0.0436433,-0.0657446
-25.5102,0.0750775,-0.0580011,0.0448633,-0.0651072
-25.4875,0.0755012,-0.0569705,0.0456798,-0.0644549
-25.4649,0.0759065,-0.0546401,0.0468165,-0.0637877
-25.4422,0.0762931,-0.0524225,0.0476532,-0.0631056
-25.4195,0.0766609,-0.0561016,0.0487809,-0.0624087
-25.3968,0.0770099,-0.0508417,0.0495838,-0.061697
-25.3741,0.07734,-0.0496926,0.0506401,-0.0609706
-25.3515,0.0776512,-0.0472757,0.0515347,-0.0602295
-25.3288,0.0779432,-0.0547767,0.0525594,-0.0594736
-25.3061,0.0782161,-0.0431861,0.0533737,-0.0587033
-25.2834,0.0784698,-0.039755,0.0543471,-0.0579183
-25.2608,0.0787042,-0.0471167,0.055163,-0.0571189
-25.2381,0.0789192,-0.0431226,0.056118,-0.056305
-25.2154,0.0791149,-0.0434732,0.0569009,-0.0554769
-25.1927,0.0792912,-0.0466821,0.0578146,-0.0546344
-25.1701,0.079448,-0.038688,0.0584817,-0.0537777
-25.1474,0.0795853,-0.0379447,0.0594709,-0.052907
-25.1247,0.079703,-0.0435002,0.0600887,-0.0520223
-25.102,0.0798011,-0.0354591,0.0610451,-0.0511236
-25.0794,0.0798797,-0.0357509,0.0617582,-0.0502112
-25.0567,0.0799386,-0.0377419,0.0626092,-0.0492851
-25.034,0.0799779,-0.038155,0.063262,-0.0483454
-25.0113,0.0799975,-0.0322018,0.0641374,-0.0473923
-24.9887,0.0799975,-0.0312232,0.0647134,-0.0464258
-24.966,0.0799779,-0.0298221,0.0654813,-0.0454462
-24.9433,0.0799386,-0.0344928,0.066073,-0.0444535
-24.9206,0.0798797,-0.0278858,0.0668059,-0.043448
-24.898,0.0798011,-0.028611,0.0673405,-0.0424297
-24.8753,0.079703,-0.0212676,0.0681165,-0.0413989
-24.8526,0.0795853,-0.0276838,0.0686347,-0.0403556
-24.8299,0.079448,-0.0243349,0.0693441,-0.0393002
-24.8073,0.0792912,-0.0269893,0.0698243,-0.0382328
-24.7846,0.0791149,-0.0231394,0.0704504,-0.0371535
-24.7619,0.0789192,-0.0215656,0.0708696,-0.0360626
-24.7392,0.0787042,-0.0212378,0.0715842,-0.0349603
-24.7166,0.0784698,-0.0220427,0.07191,-0.0338467
-24.6939,0.0782161,-0.0126576,0.0725549,-0.0327222
-24.6712,0.0779432,-0.0181693,0.072848,-0.031587
-24.6485,0.0776512,-0.00908867,0.0734859,-0.0304412
-24.6259,0.07734,-0.0166832,0.0737995,-0.0292852
-24.6032,0.0770099,-0.0166613,0.0742971,-0.0281192
-24.5805,0.0766609,-0.0131085,0.0745787,-0.0269434
-24.5578,0.0762931,-0.00993545,0.0752126,-0.0257582
-24.5351,0.0759065,-0.0146681,0.0753524,-0.0245637
-24.5125,0.0755012,-0.0105823,0.0758526,-0.0233604
-24.4898,0.0750775,-0.00917554,0.0760392,-0.0221484
-24.4671,0.0746353,-0.00461228,0.0764817,-0.0209281
-24.4444,0.0741747,-0.00259915,0.0766583,-0.0196997
-24.4218,0.0736959,-0.00912041,0.0771113,-0.0184637
-24.3991,0.0731991,-0.0028293,0.077156,-0.0172203
-24.3764,0.0726842,0.000284913,0.0775918,-0.0159698
-24.3537,0.0721515,-0.00211026,0.0775966,-0.0147126
-24.3311,0.0716011,0.00148339,0.0779346,-0.013449
-24.3084,0.0710331,0.00126715,0.0779617,-0.0121794
-24.2857,0.0704476,0.00962478,0.0782469,-0.010904
-24.263,0.0698449,0.00598361,0.0782422,-0.00962342
-24.2404,0.069225,0.0101434,0.0784506,-0.00833784
-24.2177,0.0685881,0.00666285,0.0784098,-0.00704765
-24.195,0.0679343,0.0139043,0.0786926,-0.00575323
-24.1723,0.0672638,0.0132192,0.0785348,-0.00445502
-24.1497,0.0665769,0.013531,0.0787979,-0.00315341
-24.127,0.0658736,0.0144121,0.0785514,-0.00184873
-24.1043,0.0651541,0.012341,0.0788389,-0.000541433
-24.0816,0.0644185,0.0125273,0.0785349,0.000768131
-24.059,0.0636672,0.0223845,0.0787187,0.00207949
-24.0363,0.0629003,0.0187671,0.078443,0.00339228
-24.0136,0.0621178,0.02036,0.0784844,0.00470602
-23.9909,0.0613202,0.0204745,0.0782846,0.00602033
-23.9683,0.0605074,0.0210312,0.0783616,0.00733479
-23.9456,0.0596798,0.0220259,0.0780504,0.00864896
-23.9229,0.0588376,0.0291698,0.0780603,0.0099624
-23.9002,0.0579809,0.0284378,0.0777847,0.0112746
-23.8776,0.0571099,0.0225084,0.0776126,0.0125853
-23.8549,0.056225,0.0328222,0.0772981,0.013894
-23.8322,0.0553262,0.026778,0.0772524,0.0152001
-23.8095,0.0544138,0.0283072,0.0768079,0.0165033
-23.7868,0.0534881,0.0354932,0.0767056,0.0178031
-23.7642,0.0525492,0.0348879,0.0762431,0.0190992
-23.7415,0.0515974,0.0338301,0.0760538,0.0203909
-23.7188,0.050633,0.0355474,0.075542,0.0216778
-23.6961,0.0496561,0.0358173,0.0753902,0.0229596
-23.6735,0.048667,0.0336681,0.0749393,0.0242358
-23.6508,0.047666,0.0445205,0.074681,0.0255058
-23.6281,0.0466532,0.0340112,0.0740797,0.0267694
-23.6054,0.045629,0.042645,0.0737372,0.0280259
-23.5828,0.0445936,0.0443857,0.0732014,0.029275
-23.5601,0.0435472,0.0385911,0.0729929,0.0305161
-23.5374,0.0424902,0.044234,0.072181,0.0317489
-23.5147,0.0414227,0.0457701,0.0718624,0.032973
-23.4921,0.040345,0.0453245,0.0712574,0.0341878
-23.4694,0.0392574,0.0482569,0.0708331,0.035393
-23.4467,0.0381602,0.0542951,0.0700674,0.036588
-23.424,0.0370536,0.0496188,0.0696894,0.0377725
-23.4014,0.0359379,0.0509495,0.0689907,0.038946
-23.3787,0.0348134,0.0501217,0.0684784,0.040108
-23.356,0.0336803,0.0483261,0.0677445,0.0412583
-23.3333,0.0325389,0.0567627,0.0672624,0.0423963
-23.3107,0.0313896,0.0510414,0.0663878,0.0435217
-23.288,0.0302325,0.0561081,0.0659663,0.0446338
-23.2653,0.0290681,0.0490829,0.0650347,0.0457325
-23.2426,0.0278964,0.0590066,0.0645848,0.0468173
-23.22,0.026718,0.059952,0.063599,0.0478879
-23.1973,0.0255329,0.0630243,0.063017,0.0489437
-23.1746,0.0243416,0.0601279,0.0621948,0.0499844
-23.1519,0.0231444,0.0582399,0.0615773,0.0510097
-23.1293,0.0219414,0.0653482,0.0605668,0.0520192
-23.1066,0.020733,0.0611611,0.0598979,0.0530125
-23.0839,0.0195196,0.0651026,0.0589636,0.0539892
-23.0612,0.0183014,0.0687523,0.0581665,0.054949
-23.0385,0.0170786,0.0656933,0.0572481,0.0558915
-23.0159,0.0158517,0.0678755,0.0565301,0.0568165
-22.9932,0.0146209,0.072394,0.0555259,0.0577236
-22.9705,0.0133865,0.0627234,0.0548022,0.0586124
-22.9478,0.0121487,0.0709662,0.0536796,0.0594827
-22.9252,0.0109081,0.0683902,0.0531541,0.060334
-22.9025,0.00966469,0.0767062,0.0518688,0.0611663
-22.8798,0.00841895,0.0751646,0.0511322,0.0619791
-22.8571,0.00717114,0.0727072,0.0499911,0.0627722
-22.8345,0.00592157,0.0702277,0.0491308,0.0635452
-22.8118,0.00467055,0.0774935,0.0480077,0.0642981
-22.7891,0.00341838,0.0777542,0.0472193,0.0650304
-22.7664,0.00216537,0.0848751,0.0460034,0.065742
-22.7438,0.000911826,0.0850115,0.0452935,0.0664326
-22.7211,-0.000341941,0.0880021,0.0439232,0.0671019
-22.6984,-0.00159562,0.0836271,0.0431294,0.0677499
-22.6757,-0.00284891,0.0769372,0.0418363,0.0683763
-22.6531,-0.00410151,0.0812761,0.0410324,0.0689807
-22.6304,-0.00535309,0.0800551,0.0397949,0.0695633
-22.6077,-0.00660336,0.0910578,0.0388945,0.0701236
-22.585,-0.00785201,0.0851938,0.0377692,0.0706616
-22.5624,-0.00909872,0.080306,0.0368044,0.071177
-22.5397,-0.0103432,0.0856865,0.0354615,0.0716699
-22.517,-0.0115852,0.089213,0.0344425,0.0721398
-22.4943,-0.0128242,0.0908443,0.033194,0.0725871
-22.4717,-0.0140602,0.0907274,0.032138,0.0730112
-22.449,-0.0152927,0.0901495,0.0308074,0.0734122
-22.4263,-0.0165214,0.0905756,0.0297945,0.07379
-22.4036,-0.0177461,0.0923546,0.0285626,0.0741445
-22.381,-0.0189664,0.0854896,0.0276309,0.0744756
-22.3583,-0.0201821,0.0901405,0.0261668,0.0747833
-22.3356,-0.0213928,0.0923684,0.0252338,0.0750675
-22.3129,-0.0225982,0.0883121,0.0238291,0.0753282
-22.2902,-0.0237982,0.0954748,0.0227564,0.0755653
-22.2676,-0.0249922,0.0886827,0.021561,0.0757788
-22.2449,-0.0261801,0.100411,0.0204075,0.0759688
-22.2222,-0.0273616,0.0889741,0.0190634,0.0761351
-22.1995,-0.0285364,0.0880954,0.018041,0.0762778
-22.1769,-0.0297041,0.096763,0.0165488,0.076397
-22.1542,-0.0308646,0.0922898,0.0156113,0.0764925
-22.1315,-0.0320175,0.0956892,0.0141299,0.0765646
-22.1088,-0.0331625,0.0987139,0.0130083,0.0766131
-22.0862,-0.0342994,0.0896604,0.0117228,0.0766383
-22.0635,-0.0354278,0.0967219,0.0106185,0.07664
-22.0408,-0.0365476,0.100627,0.00922084,0.0766185
-22.0181,-0.0376583,0.0965214,0.00799333,0.0765737
-21.9955,-0.0387598,0.0951367,0.00673378,0.0765058
-21.9728,-0.0398518,0.0921131,0.00572614,0.0764149
-21.9501,-0.0409341,0.0934183,0.00434566,0.076301
-21.9274,-0.0420062,0.100299,0.00312406,0.0761643
-21.9048,-0.043068,0.0883408,0.00174874,0.0760048
-21.8821,-0.0441193,0.094845,0.000779702,0.0758228
-21.8594,-0.0451597,0.0901004,-0.000858968,0.0756184
-21.8367,-0.0461891,0.0876126,-0.00179915,0.0753916
-21.8141,-0.0472071,0.0999164,-0.00323447,0.0751427
-21.7914,-0.0482134,0.0937377,-0.00435205,0.0748718
-21.7687,-0.049208,0.0918748,-0.00584055,0.0745791
-21.746,-0.0501905,0.0967849,-0.00685855,0.0742646
-21.7234,-0.0511606,0.0967137,-0.00825305,0.0739288
-21.7007,-0.0521182,0.0933902,-0.00929975,0.0735716
-21.678,-0.0530629,0.0870697,-0.0108444,0.0731933
-21.6553,-0.0539947,0.0957478,-0.0116739,0.072794
-21.6327,-0.0549131,0.0968059,-0.0131652,0.072374
-21.61,-0.0558181,0.095811,-0.0143114,0.0719336
-21.5873,-0.0567094,0.0908168,-0.0157292,0.0714729
-21.5646,-0.0575868,0.0916947,-0.0165474,0.070992
-21.542,-0.05845,0.100061,-0.0183709,0.0704913
-21.5193,-0.0592988,0.0889793,-0.0190238,0.069971
-21.4966,-0.0601331,0.0942823,-0.0205692,0.0694313
-21.4739,-0.0609526,0.0953798,-0.0216285,0.0688723
-21.4512,-0.0617571,0.0914937,-0.0230853,0.0682945
-21.4286,-0.0625465,0.0912534,-0.0239639,0.0676979
-21.4059,-0.0633205,0.0916186,-0.0253443,0.067083
-21.3832,-0.064079,0.0999878,-0.026353,0.0664498
-21.3605,-0.0648217,0.0887981,-0.027933,0.0657987
-21.3379,-0.0655485,0.0879216,-0.0285796,0.06513
-21.3152,-0.0662592,0.0875495,-0.0301117,0.0644438
-21.2925,-0.0669536,0.0869193,-0.0309638,0.0637405
-21.2698,-0.0676316,0.0918206,-0.0323708,0.0630202
-21.2472,-0.068293,0.0804026,-0.0330902,0.0622834
-21.2245,-0.0689376,0.0811166,-0.0345633,0.0615302
-21.2018,-0.0695652,0.08772,-0.0355079,0.0607609
-21.1791,-0.0701758,0.0851096,-0.0370395,0.0599759
-21.1565,-0.0707691,0.0826862,-0.037725,0.0591753
-21.1338,-0.0713451,0.0820007,-0.0392029,0.0583595
-21.1111,-0.0719035,0.0858715,-0.0398915,0.0575287
-21.0884,-0.0724443,0.0887473,-0.0413334,0.0566832
-21.0658,-0.0729673,0.0903517,-0.0423734,0.0558233
-21.0431,-0.0734723,0.0805631,-0.0436823,0.0549494
-21.0204,-0.0739593,0.0795738,-0.044189,0.0540615
-20.9977,-0.0744282,0.0810455,-0.0456419,0.0531602
-20.9751,-0.0748787,0.0777247,-0.0463603,0.0522456
-20.9524,-0.0753109,0.0771653,-0.0476921,0.0513179
-20.9297,-0.0757246,0.0789305,-0.0482982,0.0503777
-20.907,-0.0761197,0.0751273,-0.0496012,0.0494249
-20.8844,-0.076496,0.0838467,-0.0503871,0.0484601
-20.8617,-0.0768536,0.0716831,-0.0515224,0.0474834
-20.839,-0.0771923,0.0729479,-0.0522468,0.0464952
-20.8163,-0.0775121,0.075721,-0.0536107,0.0454956
-20.7937,-0.0778128,0.0793698,-0.0542885,0.0444852
-20.771,-0.0780944,0.0689793,-0.0554313,0.0434641
-20.7483,-0.0783568,0.0793529,-0.0559749,0.0424324
-20.7256,-0.0786,0.0693221,-0.0571364,0.0413908
-20.7029,-0.0788239,0.0785732,-0.0578206,0.0403392
-20.6803,-0.0790284,0.0696895,-0.058776,0.0392781
-20.6576,-0.0792135,0.0761576,-0.0595519,0.0382077
-20.6349,-0.0793791,0.0639215,-0.0605681,0.0371283
-20.6122,-0.0795253,0.0678934,-0.06107,0.0360402
-20.5896,-0.0796519,0.0748229,-0.0622184,0.0349437
-20.5669,-0.0797589,0.0663131,-0.0628946,0.0338389
-20.5442,-0.0798464,0.0638432,-0.0638584,0.0327263
-20.5215,-0.0799142,0.0622962,-0.0644113,0.0316061
-20.4989,-0.0799625,0.0655103,-0.0651821,0.0304784
-20.4762,-0.0799911,0.0695112,-0.06588,0.0293438
-20.4535,-0.08,0.0690483,-0.0666218,0.0282023
-20.4308,-0.0799893,0.0628078,-0.0673028,0.0270543
-20.4082,-0.0799589,0.0677642,-0.0680142,0.0259
-20.3855,-0.0799089,0.0608227,-0.0687284,0.0247397
-20.3628,-0.0798393,0.0571479,-0.0695501,0.0235737
-20.3401,-0.07975,0.0574679,-0.0697576,0.0224022
-20.3175,-0.0796412,0.0480082,-0.0705757,0.0212255
-20.2948,-0.0795128,0.0564765,-0.0708505,0.0200438
-20.2721,-0.0793649,0.0487596,-0.0717348,0.0188574
-20.2494,-0.0791975,0.059349,-0.0721414,0.0176665
-20.2268,-0.0790106,0.0535882,-0.0728977,0.0164715
-20.2041,-0.0788043,0.0461446,-0.0733749,0.0152725
-20.1814,-0.0785787,0.0485799,-0.0740177,0.0140698
-20.1587,-0.0783338,0.0520283,-0.0740291,0.0128637
-20.1361,-0.0780696,0.0493452,-0.07487,0.0116543
-20.1134,-0.0777863,0.0468725,-0.0753046,0.0104421
-20.0907,-0.0774838,0.0509558,-0.0758372,0.0092271
-20.068,-0.0771623,0.051907,-0.0759471,0.00800969
-20.0454,-0.0768219,0.0412484,-0.0766255,0.00679005
-20.0227,-0.0764626,0.0505796,-0.07683,0.0055684
-20,-0.0760845,0.0418731,-0.0774377,0.00434506
-19.9773,-0.0756878,0.0369645,-0.077572,0.00312016
-19.9546,-0.0752724,0.0460223,-0.0779669,0.00189404
-19.932,-0.0748385,0.0315508,-0.0779065,0.00066681
-19.9093,-0.0743863,0.0358722,-0.0787648,-0.000561161
-19.8866,-0.0739158,0.0356311,-0.0784753,-0.00178973
-19.8639,-0.0734272,0.0282068,-0.0791991,-0.00301864
-19.8413,-0.0729205,0.027877,-0.0793225,-0.00424769
-19.8186,-0.0723959,0.0335762,-0.0792361,-0.00547664
-19.7959,-0.0718535,0.0282925,-0.0793781,-0.00670517
-19.7732,-0.0712935,0.0337421,-0.0799801,-0.00793328
-19.7506,-0.0707159,0.0194415,-0.0795053,-0.00916048
-19.7279,-0.070121,0.0238632,-0.0801918,-0.0103868
-19.7052,-0.0695089,0.0198373,-0.0799044,-0.0116118
-19.6825,-0.0688797,0.0255132,-0.0803853,-0.0128354
-19.6599,-0.0682335,0.0224396,-0.0799372,-0.0140573
-19.6372,-0.0675706,0.0105122,-0.0804735,-0.0152774
-19.6145,-0.0668912,0.0192857,-0.0801937,-0.0164953
-19.5918,-0.0661953,0.022727,-0.0802379,-0.017711
-19.5692,-0.0654831,0.0128886,-0.07987,-0.0189241
-19.5465,-0.0647548,0.0193254,-0.0805176,-0.0201345
-19.5238,-0.0640107,0.0127512,-0.0800984,-0.021342
-19.5011,-0.0632508,0.00949855,-0.0799651,-0.0225463
-19.4785,-0.0624754,0.0107519,-0.0800632,-0.0237473
-19.4558,-0.0616846,0.0126787,-0.0803293,-0.0249447
-19.4331,-0.0608787,-0.00136746,-0.0795107,-0.0261383
-19.4104,-0.0600579,0.00558114,-0.0797902,-0.0273279
-19.3878,-0.0592222,-0.00158478,-0.0791368,-0.0285133
-19.3651,-0.0583721,0.00171088,-0.0792505,-0.0296944
-19.3424,-0.0575076,0.00461694,-0.0788284,-0.0308708
-19.3197,-0.056629,-0.00377962,-0.078891,-0.0320425
-19.2971,-0.0557364,-0.0023341,-0.0781224,-0.0332091
-19.2744,-0.0548302,-0.00571767,-0.0783924,-0.0343705
-19.2517,-0.0539105,-0.0109414,-0.0776177,-0.0355265
-19.229,-0.0529776,0.00134281,-0.0776069,-0.0366769
-19.2063,-0.0520316,-0.00901338,-0.0770572,-0.0378216
-19.1837,-0.0510729,-0.00524672,-0.0768868,-0.0389601
-19.161,-0.0501017,-0.0159138,-0.076301,-0.0400926
-19.1383,-0.0491181,-0.01272,-0.0763113,-0.0412186
-19.1156,-0.0481224,-0.0138354,-0.0755438,-0.042338
-19.093,-0.047115,-0.0132721,-0.0752532,-0.0434507
-19.0703,-0.046096,-0.0190699,-0.0749379,-0.0445562
-19.0476,-0.0450656,-0.0226427,-0.0744951,-0.0456548
-19.0249,-0.0440242,-0.00911655,-0.0734379,-0.0467458
-19.0023,-0.042972,-0.0197147,-0.0734912,-0.0478294
-18.9796,-0.0419092,-0.0191823,-0.0727191,-0.0489052
-18.9569,-0.0408361,-0.0340664,-0.0722894,-0.049973
-18.9342,-0.039753,-0.0222667,-0.0716385,-0.0510327
-18.9116,-0.0386601,-0.0156409,-0.0712828,-0.0520841
-18.8889,-0.0375577,-0.0293087,-0.0705957,-0.053127
-18.8662,-0.0364461,-0.0266688,-0.0703788,-0.0541612
-18.8435,-0.0353256,-0.0320194,-0.0692807,-0.0551866
-18.8209,-0.0341964,-0.0305808,-0.0689539,-0.0562028
-18.7982,-0.0330587,-0.0236644,-0.0677559,-0.0572098
-18.7755,-0.031913,-0.0318762,-0.0676195,-0.0582073
-18.7528,-0.0307594,-0.0259241,-0.0664303,-0.0591953
-18.7302,-0.0295983,-0.0313498,-0.0662449,-0.0601735
-18.7075,-0.0284299,-0.0315585,-0.0649824,-0.0611417
-18.6848,-0.0272545,-0.0414227,-0.0648532,-0.0620997
-18.6621,-0.0260724,-0.0344857,-0.0637529,-0.0630474
-18.6395,-0.0248839,-0.0355332,-0.0631922,-0.0639846
-18.6168,-0.0236893,-0.0309089,-0.0621068,-0.0649111
-18.5941,-0.0224889,-0.0384316,-0.0616356,-0.0658268
-18.5714,-0.0212829,-0.0448394,-0.0601671,-0.0667314
-18.5488,-0.0200718,-0.037766,-0.0599428,-0.0676248
-18.5261,-0.0188557,-0.0491304,-0.0585313,-0.0685069
-18.5034,-0.017635,-0.0467029,-0.0580466,-0.0693774
-18.4807,-0.0164099,-0.0399294,-0.0568267,-0.0702362
-18.458,-0.0151808,-0.0510724,-0.0563442,-0.0710831
-18.4354,-0.013948,-0.0310068,-0.0552393,-0.0719179
-18.4127,-0.0127117,-0.0491373,-0.0547554,-0.0727406
-18.39,-0.0114724,-0.0451037,-0.0534163,-0.0735509
-18.3673,-0.0102302,-0.0539153,-0.0527972,-0.0743486
-18.3447,-0.00898547,-0.0487772,-0.0513096,-0.0751336
-18.322,-0.00773857,-0.0563698,-0.0511719,-0.0759058
-18.2993,-0.00648976,-0.0528735,-0.0496303,-0.076665
-18.2766,-0.00523936,-0.0424361,-0.0484948,-0.077411
-18.254,-0.00398767,-0.0519202,-0.047604,-0.0781437
-18.2313,-0.002735,-0.0592045,-0.0468475,-0.0788629
-18.2086,-0.00148166,-0.0397188,-0.0452052,-0.0795685
-18.1859,-0.000227961,-0.0553339,-0.044528,-0.0802603
-18.1633,0.0010258,-0.0517395,-0.0431775,-0.0809381
-18.1406,0.00227931,-0.056606,-0.0425242,-0.081602
-18.1179,0.00353225,-0.0562977,-0.0409191,-0.0822515
-18.0952,0.00478433,-0.0616706,-0.0402892,-0.0828868
-18.0726,0.00603524,-0.0581716,-0.0388629,-0.0835075
-18.0499,0.00728466,-0.0584735,-0.0380351,-0.0841136
-18.0272,0.00853229,-0.05616,-0.0368998,-0.084705
-18.0045,0.00977783,-0.0628419,-0.036095,-0.0852814
-17.9819,0.011021,-0.0718515,-0.0344433,-0.0858428
-17.9592,0.0122614,-0.0542332,-0.033812,-0.086389
-17.9365,0.0134988,-0.0564992,-0.0321837,-0.0869199
-17.9138,0.0147329,-0.0707328,-0.0316454,-0.0874354
-17.8912,0.0159634,-0.0590806,-0.0298957,-0.0879353
-17.8685,0.01719,-0.0674582,-0.0287667,-0.0884195
-17.8458,0.0184123,-0.0566544,-0.0276936,-0.0888879
-17.8231,0.0196301,-0.0746785,-0.0268562,-0.0893404
-17.8005,0.0208431,-0.0747735,-0.024959,-0.0897769
-17.7778,0.022051,-0.0580674,-0.0242421,-0.0901973
-17.7551,0.0232534,-0.0677531,-0.0228871,-0.0906013
-17.7324,0.0244502,-0.0720115,-0.0218544,-0.090989
-17.7098,0.0256409,-0.0661423,-0.0201165,-0.0913602
-17.6871,0.0268254,-0.0752075,-0.0192688,-0.0917148
-17.6644,0.0280032,-0.0680777,-0.0178512,-0.0920528
-17.6417,0.0291742,-0.0722444,-0.016993,-0.0923739
-17.619,0.030338,-0.0646884,-0.0152612,-0.0926781
-17.5964,0.0314944,-0.0692143,-0.0145719,-0.0929653
-17.5737,0.032643,-0.0682088,-0.0127463,-0.0932354
-17.551,0.0337836,-0.0710438,-0.0118974,-0.0934884
-17.5283,0.0349159,-0.0685536,-0.0102468,-0.0937241
-17.5057,0.0360397,-0.0678141,-0.00973232,-0.0939425
-17.483,0.0371546,-0.0767708,-0.0076463,-0.0941433
-17.4603,0.0382603,-0.0781144,-0.00675339,-0.0943267
-17.4376,0.0393567,-0.0748256,-0.00533674,-0.0944924
-17.415,0.0404434,-0.0826864,-0.00434171,-0.0946405
-17.3923,0.0415201,-0.081489,-0.00257908,-0.0947708
-17.3696,0.0425867,-0.0710152,-0.00185751,-0.0948833
-17.3469,0.0436428,-0.0747837,-0.000154704,-0.0949778
-17.3243,0.0446882,-0.0749932,0.00074666,-0.0950545
-17.3016,0.0457226,-0.0746963,0.00240392,-0.095113
-17.2789,0.0467458,-0.0771324,0.00310197,-0.0951535
-17.2562,0.0477574,-0.0741172,0.00487474,-0.0951758
-17.2336,0.0487574,-0.0804474,0.00565485,-0.09518
-17.2109,0.0497454,-0.0733236,0.00730896,-0.0951658
-17.1882,0.0507212,-0.0658551,0.00815552,-0.0951334
-17.1655,0.0516845,-0.0886679,0.00953589,-0.0950827
-17.1429,0.0526351,-0.0758403,0.0107718,-0.0950135
-17.1202,0.0535728,-0.0799192,0.012059,-0.0949258
-17.0975,0.0544973,-0.0806777,0.0129554,-0.0948198
-17.0748,0.0554085,-0.0766229,0.0148683,-0.0946951
-17.0522,0.056306,-0.0679511,0.0155856,-0.094552
-17.0295,0.0571897,-0.0729931,0.0170365,-0.0943903
-17.0068,0.0580594,-0.0702003,0.0181508,-0.09421
-16.9841,0.0589148,-0.0743998,0.0197162,-0.0940112
-16.9615,0.0597557,-0.0727139,0.0207083,-0.0937936
-16.9388,0.0605819,-0.0770584,0.0219293,-0.0935575
-16.9161,0.0613933,-0.0684658,0.0227488,-0.0933027
-16.8934,0.0621896,-0.0698023,0.0247373,-0.0930292
-16.8707,0.0629706,-0.0709518,0.0251628,-0.0927371
-16.8481,0.0637362,-0.0719365,0.0266151,-0.0924263
-16.8254,0.0644861,-0.072924,0.0276713,-0.0920969
-16.8027,0.0652201,-0.0747807,0.0288833,-0.0917489
-16.78,0.0659382,-0.0703573,0.0300056,-0.0913822
-16.7574,0.06664,-0.0727132,0.0317524,-0.0909969
-16.7347,0.0673255,-0.0651785,0.0320407,-0.0905931
-16.712,0.0679944,-0.0686922,0.0339447,-0.0901707
-16.6893,0.0686467,-0.0814514,0.0344554,-0.0897297
-16.6667,0.069282,-0.0712738,0.0362979,-0.0892703
-16.644,0.0699004,-0.0688292,0.0366484,-0.0887924
-16.6213,0.0705016,-0.0619685,0.0382563,-0.0882961
-16.5986,0.0710855,-0.0672416,0.038778,-0.0877815
-16.576,0.0716519,-0.0677028,0.0408405,-0.0872486
-16.5533,0.0722007,-0.059073,0.0413109,-0.0866974
-16.5306,0.0727318,-0.0674276,0.0423784,-0.086128
-16.5079,0.073245,-0.0678383,0.0431942,-0.0855405
-16.4853,0.0737402,-0.0779832,0.0441519,-0.084935
-16.4626,0.0742173,-0.0605546,0.0455338,-0.0843115
-16.4399,0.0746762,-0.069319,0.0466193,-0.0836703
-16.4172,0.0751168,-0.0529363,0.0471923,-0.0830111
-16.3946,0.0755389,-0.0632351,0.0483868,-0.0823343
-16.3719,0.0759424,-0.060882,0.0493105,-0.0816399
-16.3492,0.0763273,-0.056616,0.0507512,-0.080928
-16.3265,0.0766934,-0.0665447,0.0512147,-0.0801988
-16.3039,0.0770407,-0.0538165,0.052798,-0.0794523
-16.2812,0.0773691,-0.0619592,0.0530404,-0.0786887
-16.2585,0.0776785,-0.0518414,0.054516,-0.077908
-16.2358,0.0779688,-0.0429813,0.0546139,-0.0771106
-16.2132,0.0782399,-0.0506848,0.0560026,-0.0762964
-16.1905,0.0784919,-0.0497038,0.0565151,-0.0754657
-16.1678,0.0787245,-0.0607752,0.0575027,-0.0746186
-16.1451,0.0789378,-0.0425414,0.0582862,-0.0737552
-16.1224,0.0791318,-0.0435314,0.0599438,-0.0728758
-16.0998,0.0793063,-0.0497411,0.059544,-0.0719805
-16.0771,0.0794613,-0.0517502,0.0611007,-0.0710694
-16.0544,0.0795968,-0.0419127,0.0614602,-0.0701429
-16.0317,0.0797127,-0.0454015,0.0625518,-0.0692009
-16.0091,0.0798091,-0.048414,0.0626503,-0.068244
-15.9864,0.0798858,-0.0385967,0.0640131,-0.0672721
-15.9637,0.079943,-0.0553083,0.064343,-0.0662855
-15.941,0.0799805,-0.0389828,0.0652979,-0.0652844
-15.9184,0.0799984,-0.0404103,0.0652266,-0.0642692
-15.8957,0.0799966,-0.0464057,0.0669329,-0.0632399
-15.873,0.0799751,-0.0352891,0.0670285,-0.0621969
-15.8503,0.0799341,-0.0399723,0.0680387,-0.0611404
-15.8277,0.0798733,-0.0464012,0.0683287,-0.0600707
-15.805,0.079793,-0.0348627,0.0691627,-0.0589881
-15.7823,0.0796931,-0.0332724,0.0694425,-0.0578927
-15.7596,0.0795736,-0.0224359,0.07064,-0.056785
-15.737,0.0794345,-0.0405746,0.0703886,-0.0556652
-15.7143,0.079276,-0.0292862,0.0715784,-0.0545337
-15.6916,0.0790979,-0.0286063,0.0718656,-0.0533907
-15.6689,0.0789005,-0.023791,0.0721066,-0.0522364
-15.6463,0.0786837,-0.0244079,0.0726362,-0.0510714
-15.6236,0.0784475,-0.0247358,0.0731063,-0.0498959
-15.6009,0.0781921,-0.0269605,0.0735,-0.0487102
-15.5782,0.0779174,-0.0269594,0.0742396,-0.0475147
-15.5556,0.0776237,-0.0234472,0.0739856,-0.0463097
-15.5329,0.0773108,-0.0195136,0.0752882,-0.0450957
-15.5102,0.076979,-0.0162013,0.0744906,-0.0438729
-15.4875,0.0766283,0.00140141,0.0758865,-0.0426418
-15.4649,0.0762587,-0.0213519,0.0753489,-0.0414026
-15.4422,0.0758704,-0.0108401,0.0763529,-0.040156
-15.4195,0.0754635,-0.0158486,0.0763415,-0.0389021
-15.3968,0.075038,0.000346792,0.0773589,-0.0376415
-15.3741,0.0745941,-0.00488972,0.0767576,-0.0363745
-15.3515,0.0741319,-0.0193891,0.0775109,-0.0351017
-15.3288,0.0736515,-0.0148477,0.0768656,-0.0338233
-15.3061,0.073153,-0.00644989,0.0774953,-0.0325398
-15.2834,0.0726365,0.00234635,0.0775716,-0.0312518
-15.2608,0.0721022,-0.00802469,0.0780837,-0.0299595
-15.2381,0.0715502,-0.0176335,0.0771147,-0.0286636
-15.2154,0.0709806,-0.000372244,0.0788829,-0.0273643
-15.1927,0.0703936,-0.000362609,0.0776671,-0.0260623
-15.1701,0.0697892,0.00192721,0.0782461,-0.0247579
-15.1474,0.0691678,0.00668282,0.0781329,-0.0234517
-15.1247,0.0685293,0.00220507,0.0786577,-0.0221441
-15.102,0.067874,0.000409243,0.0783576,-0.0208357
-15.0794,0.0672021,0.0141514,0.078729,-0.0195269
-15.0567,0.0665136,0.0071468,0.0782517,-0.0182181
-15.034,0.0658088,0.00181732,0.0786482,-0.01691
-15.0113,0.0650878,0.00271863,0.0775552,-0.015603
-14.9887,0.0643509,0.00878585,0.0790467,-0.0142977
-14.966,0.0635981,0.00587665,0.0777379,-0.0129945
-14.9433,0.0628298,0.020136,0.0784636,-0.011694
-14.9206,0.062046,0.0165796,0.0777665,-0.0103967
-14.898,0.0612469,0.0166748,0.0783154,-0.00910302
-14.8753,0.0604328,0.00690587,0.0770033,-0.00781366
-14.8526,0.0596039,0.0164855,0.0771389,-0.00652903
-14.8299,0.0587603,0.0249814,0.0773334,-0.00524971
-14.8073,0.0579023,0.0249072,0.0770466,-0.00397624
-14.7846,0.0570301,0.0390217,0.0768207,-0.00270911
-14.7619,0.0561438,0.0168779,0.0767303,-0.00144888
-14.7392,0.0552438,0.0306341,0.0758919,-0.000196063
-14.7166,0.0543302,0.0146176,0.0758185,0.00104872
-14.6939,0.0534033,0.0299545,0.0748518,0.0022851
-14.6712,0.0524632,0.0297322,0.0752794,0.00351232
-14.6485,0.0515103,0.0300376,0.0740418,0.00473006
-14.6259,0.0505447,0.0340563,0.074748,0.00593763
-14.6032,0.0495667,0.0300969,0.0734987,0.00713458
-14.5805,0.0485765,0.0503532,0.0743506,0.00832036
-14.5578,0.0475744,0.0414969,0.0729671,0.00949442
-14.5351,0.0465606,0.0371016,0.0727209,0.0106563
-14.5125,0.0455353,0.0431379,0.0719635,0.0118054
-14.4898,0.0444989,0.0405498,0.0722732,0.0129412
-14.4671,0.0434516,0.0454801,0.0710566,0.0140632
-14.4444,0.0423935,0.0463105,0.0708314,0.015171
-14.4218,0.0413251,0.037891,0.069376,0.016264
-14.3991,0.0402465,0.0519793,0.0701485,0.0173416
-14.3764,0.039158,0.0465138,0.0693143,0.0184036
-14.3537,0.03806,0.0525601,0.0690836,0.0194491
-14.3311,0.0369525,0.0475719,0.0671571,0.020478
-14.3084,0.035836,0.0478358,0.0677697,0.0214895
-14.2857,0.0347107,0.0446436,0.0660214,0.0224835
-14.263,0.0335769,0.0637966,0.0663166,0.0234592
-14.2404,0.0324348,0.0573001,0.0649566,0.0244163
-14.2177,0.0312847,0.0595893,0.0645577,0.0253544
-14.195,0.030127,0.0631827,0.0640064,0.026273
-14.1723,0.0289618,0.0669455,0.0637229,0.0271716
-14.1497,0.0277896,0.0650775,0.0618538,0.02805
-14.127,0.0266105,0.0437639,0.062176,0.0289076
-14.1043,0.0254249,0.0604558,0.0606143,0.029744
-14.0816,0.024233,0.0802058,0.0611759,0.0305589
-14.059,0.0230352,0.0683809,0.0589739,0.031352
-14.0363,0.0218318,0.0696429,0.0589601,0.0321228
-14.0136,0.0206229,0.0627111,0.0577121,0.032871
-13.9909,0.019409,0.0672959,0.0572132,0.0335963
-13.9683,0.0181904,0.0719335,0.0556116,0.0342983
-13.9456,0.0169673,0.0671776,0.0556078,0.0349768
-13.9229,0.01574,0.0726882,0.0540025,0.0356314
-13.9002,0.0145088,0.0655531,0.0537244,0.0362618
-13.8776,0.0132741,0.0727759,0.0520576,0.0368678
-13.8549,0.0120361,0.0708061,0.0520526,0.0374492
-13.8322,0.0107951,0.0730995,0.0503385,0.0380057
-13.8095,0.00955154,0.076595,0.0502638,0.038537
-13.7868,0.0083056,0.0887977,0.0488708,0.039043
-13.7642,0.00705762,0.0829177,0.0483144,0.0395235
-13.7415,0.0058079,0.0803281,0.0465705,0.0399782
-13.7188,0.00455676,0.0725047,0.0461817,0.0404071
-13.6961,0.0033045,0.0771297,0.0443237,0.04081
-13.6735,0.00205143,0.0674251,0.0439721,0.0411868
-13.6508,0.000797852,0.0758775,0.0425998,0.0415373
-13.6281,-0.00045592,0.0838812,0.042279,0.0418614
-13.6054,-0.00170958,0.0933672,0.040077,0.0421591
-13.5828,-0.00296282,0.077266,0.0397867,0.0424303
-13.5601,-0.00421533,0.0903334,0.0381059,0.042675
-13.5374,-0.00546681,0.0891874,0.0380358,0.0428931
-13.5147,-0.00671694,0.0937857,0.036018,0.0430847
-13.4921,-0.00796543,0.0904154,0.0354421,0.0432496
-13.4694,-0.00921196,0.0903295,0.0347364,0.0433881
-13.4467,-0.0104562,0.103261,0.0343814,0.0435
-13.424,-0.0116979,0.0867298,0.0318613,0.0435856
-13.4014,-0.0129367,0.0960645,0.0309073,0.0436448
-13.3787,-0.0141724,0.0992315,0.0302624,0.0436777
-13.356,-0.0154046,0.0998394,0.0287738,0.0436844
-13.3333,-0.0166329,0.10276,0.0275706,0.0436652
-13.3107,-0.0178572,0.105581,0.0271608,0.0436201
-13.288,-0.0190771,0.101624,0.0254364,0.0435493
-13.2653,-0.0202924,0.099322,0.0242051,0.043453
-13.2426,-0.0215026,0.0899642,0.0229611,0.0433314
-13.22,-0.0227076,0.0940533,0.0225728,0.0431845
-13.1973,-0.0239069,0.0968203,0.0207516,0.0430129
-13.1746,-0.0251005,0.0988209,0.020345,0.0428167
-13.1519,-0.0262878,0.0839551,0.0184251,0.0425961
-13.1293,-0.0274687,0.104959,0.0177621,0.0423513
-13.1066,-0.0286428,0.0929793,0.016005,0.0420828
-13.0839,-0.0298099,0.098788,0.015959,0.0417908
-13.0612,-0.0309697,0.0877889,0.0134092,0.0414757
-13.0385,-0.0321219,0.099685,0.0127478,0.0411377
-13.0159,-0.0332662,0.0956747,0.0109132,0.0407773
-12.9932,-0.0344023,0.100035,0.0105087,0.0403947
-12.9705,-0.03553,0.104304,0.00953104,0.0399905
-12.9478,-0.0366489,0.0985618,0.00787625,0.0395649
-12.9252,-0.0377588,0.113299,0.00670568,0.0391185
-12.9025,-0.0388595,0.102492,0.00572661,0.0386515
-12.8798,-0.0399506,0.103051,0.00461993,0.0381645
-12.8571,-0.0410319,0.111123,0.00398795,0.0376578
-12.8345,-0.0421032,0.0978705,0.00124853,0.037132
-12.8118,-0.0431641,0.108507,0.00111555,0.0365874
-12.7891,-0.0442143,0.101556,-0.00128767,0.0360246
-12.7664,-0.0452538,0.101369,-0.000791646,0.035444
-12.7438,-0.0462821,0.102679,-0.00294748,0.0348462
-12.7211,-0.047299,0.118428,-0.00315161,0.0342315
-12.6984,-0.0483044,0.101961,-0.00604791,0.0336007
-12.6757,-0.0492978,0.104066,-0.00563133,0.032954
-12.6531,-0.0502792,0.110697,-0.00813437,0.032292
-12.6304,-0.0512482,0.109007,-0.00879086,0.0316153
-12.6077,-0.0522046,0.107002,-0.0105539,0.0309244
-12.585,-0.0531482,0.0990829,-0.0109682,0.0302198
-12.5624,-0.0540787,0.107498,-0.0129124,0.0295021
-12.5397,-0.054996,0.1083,-0.0130886,0.0287717
-12.517,-0.0558997,0.110266,-0.0155475,0.0280292
-12.4943,-0.0567897,0.11758,-0.0149519,0.0272752
-12.4717,-0.0576658,0.110744,-0.0171087,0.0265101
-12.449,-0.0585277,0.0964975,-0.0176003,0.0257346
-12.4263,-0.0593753,0.100212,-0.0199497,0.0249491
-12.4036,-0.0602082,0.110778,-0.0199129,0.0241541
-12.381,-0.0610264,0.110262,-0.0227969,0.0233503
-12.3583,-0.0618295,0.0946522,-0.0225179,0.0225381
-12.3356,-0.0626175,0.112254,-0.024163,0.0217181
-12.3129,-0.0633901,0.103861,-0.0249744,0.0208907
-12.2902,-0.0641472,0.105569,-0.0265405,0.0200565
-12.2676,-0.0648884,0.0939582,-0.0265695,0.019216
-12.2449,-0.0656138,0.101593,-0.0290031,0.0183697
-12.2222,-0.066323,0.0989242,-0.0290481,0.017518
-12.1995,-0.0670159,0.102616,-0.0304925,0.0166615
-12.1769,-0.0676924,0.118714,-0.031012,0.0158005
-12.1542,-0.0683523,0.0954131,-0.0328616,0.0149357
-12.1315,-0.0689953,0.0963551,-0.0326079,0.0140673
-12.1088,-0.0696214,0.110979,-0.0347249,0.013196
-12.0862,-0.0702305,0.0766259,-0.0358965,0.012322
-12.0635,-0.0708222,0.0923137,-0.0370234,0.0114458
-12.0408,-0.0713966,0.097032,-0.037763,0.0105677
-12.0181,-0.0719534,0.0899899,-0.0385695,0.00968828
-11.9955,-0.0724926,0.101206,-0.0404832,0.00880771
-11.9728,-0.0730139,0.0927226,-0.0416138,0.00792648
-11.9501,-0.0735174,0.0778668,-0.0414813,0.00704474
-11.9274,-0.0740027,0.111996,-0.0429511,0.00616299
-11.9048,-0.0744699,0.112018,-0.0437884,0.00528143
-11.8821,-0.0749188,0.0984588,-0.0453707,0.00440037
-11.8594,-0.0753493,0.0946972,-0.0460262,0.00352008
-11.8367,-0.0757613,0.0998196,-0.0468349,0.00264069
-11.8141,-0.0761547,0.10421,-0.0471983,0.00176254
-11.7914,-0.0765293,0.100351,-0.0490574,0.000885795
-11.7687,-0.0768852,0.101848,-0.0490796,1.05542e-05
-11.746,-0.0772222,0.0701338,-0.0503515,-0.000862882
-11.7234,-0.0775402,0.0930135,-0.0510987,-0.00173455
-11.7007,-0.0778392,0.0861579,-0.052834,-0.00260421
-11.678,-0.0781191,0.0889113,-0.0532746,-0.00347197
-11.6553,-0.0783797,0.0977386,-0.0541537,-0.00433748
-11.6327,-0.0786212,0.0869192,-0.0549916,-0.00520102
-11.61,-0.0788433,0.0844124,-0.0553308,-0.00606235
-11.5873,-0.079046,0.106832,-0.0565279,-0.0069217
-11.5646,-0.0792294,0.0864978,-0.0565452,-0.00777881
-11.542,-0.0793932,0.07574,-0.0578283,-0.00863403
-11.5193,-0.0795376,0.0876789,-0.0580041,-0.0094874
-11.4966,-0.0796624,0.0775538,-0.0596047,-0.010339
-11.4739,-0.0797677,0.0836134,-0.0609309,-0.0111889
-11.4512,-0.0798534,0.100415,-0.0605401,-0.0120375
-11.4286,-0.0799194,0.07583,-0.0619445,-0.0128847
-11.4059,-0.0799659,0.0633459,-0.0624471,-0.013731
-11.3832,-0.0799927,0.0900831,-0.0630245,-0.0145765
-11.3605,-0.0799998,0.0851731,-0.0635283,-0.0154215
-11.3379,-0.0799873,0.0861494,-0.0647754,-0.0162663
-11.3152,-0.0799552,0.0950396,-0.0639293,-0.0171115
-11.2925,-0.0799034,0.0726278,-0.0655822,-0.0179571
-11.2698,-0.079832,0.0771917,-0.0658618,-0.0188036
-11.2472,-0.0797409,0.0933948,-0.0668299,-0.0196515
-11.2245,-0.0796303,0.0581409,-0.067391,-0.0205013
-11.2018,-0.0795002,0.0845577,-0.067262,-0.0213532
-11.1791,-0.0793505,0.0732865,-0.0678665,-0.022208
-11.1565,-0.0791813,0.063907,-0.069424,-0.023066
-11.1338,-0.0789927,0.0653598,-0.0686326,-0.023928
-11.1111,-0.0787846,0.0802379,-0.0698123,-0.0247944
-11.0884,-0.0785572,0.0513537,-0.0701435,-0.0256657
-11.0658,-0.0783106,0.0613467,-0.0711236,-0.0265427
-11.0431,-0.0780446,0.0647253,-0.0705433,-0.0274261
-11.0204,-0.0777596,0.0470262,-0.0717891,-0.0283163
-10.9977,-0.0774554,0.0700966,-0.0715837,-0.0292143
-10.9751,-0.0771322,0.0743666,-0.0723658,-0.0301206
-10.9524,-0.07679,0.0354006,-0.0728015,-0.0310362
-10.9297,-0.076429,0.061914,-0.0742716,-0.0319616
-10.907,-0.0760492,0.0762589,-0.0729728,-0.0328977
-10.8844,-0.0756508,0.0483738,-0.0744472,-0.0338453
-10.8617,-0.0752337,0.0603417,-0.072861,-0.0348053
-10.839,-0.0747982,0.0445576,-0.0738607,-0.0357783
-10.8163,-0.0743443,0.0548244,-0.0736577,-0.0367654
-10.7937,-0.0738721,0.0570525,-0.0756123,-0.0377675
-10.771,-0.0733818,0.051115,-0.0752703,-0.0387853
-10.7483,-0.0728735,0.0549974,-0.0757696,-0.0398198
-10.7256,-0.0723473,0.0501418,-0.0752313,-0.040872
-10.7029,-0.0718033,0.0453751,-0.0759784,-0.0419427
-10.6803,-0.0712417,0.0579254,-0.0755874,-0.043033
-10.6576,-0.0706625,0.057028,-0.0767153,-0.0441438
-10.6349,-0.0700661,0.0493618,-0.0755683,-0.0452761
-10.6122,-0.0694524,0.0393724,-0.0770395,-0.0464308
-10.5896,-0.0688216,0.0336245,-0.0757665,-0.047609
-10.5669,-0.068174,0.0211054,-0.0757823,-0.0488117
-10.5442,-0.0675096,0.0372771,-0.0754804,-0.0500399
-10.5215,-0.0668286,0.0310951,-0.0759782,-0.0512945
-10.4989,-0.0661312,0.0212952,-0.0754117,-0.0525766
-10.4762,-0.0654176,0.0175074,-0.0767694,-0.0538873
-10.4535,-0.0646878,0.0444726,-0.0754307,-0.0552275
-10.4308,-0.0639423,0.013263,-0.0758016,-0.0565984
-10.4082,-0.063181,-0.00374272,-0.0753695,-0.0580008
-10.3855,-0.0624041,0.033706,-0.0752615,-0.059436
-10.3628,-0.061612,0.0250778,-0.0757192,-0.0609047
-10.3401,-0.0608047,0.00245213,-0.0755432,-0.0624082
-10.3175,-0.0599825,0.0248958,-0.0745229,-0.0639474
-10.2948,-0.0591456,0.00521723,-0.0759493,-0.0655232
-10.2721,-0.0582941,0.0262321,-0.0741443,-0.0671368
-10.2494,-0.0574283,-0.0048133,-0.0755994,-0.0687891
-10.2268,-0.0565484,0.00775885,-0.0743193,-0.0704812
-10.2041,-0.0556546,0.0203482,-0.0740907,-0.0722137
-10.1814,-0.0547471,0.00670009,-0.0733906,-0.073988
-10.1587,-0.0538262,-0.00806149,-0.0733762,-0.0758049
-10.1361,-0.0528921,0.00498919,-0.0733206,-0.0776652
-10.1134,-0.051945,-0.0108659,-0.0734538,-0.0795699
-10.0907,-0.0509851,-0.000989056,-0.071824,-0.0815199
-10.068,-0.0500127,-0.014112,-0.0730777,-0.0835161
-10.0454,-0.0490281,-0.00364467,-0.0718589,-0.0855592
-10.0227,-0.0480313,-0.0225281,-0.0713185,-0.0876503
-10,-0.0470228,-0.0308929,-0.0707194,-0.0897899
-9.97732,-0.0460028,-0.003833,-0.0716893,-0.0919791
-9.95465,-0.0449714,0.00472743,-0.0690849,-0.0942184
-9.93197,-0.043929,-0.0299574,-0.0690163,-0.0965087
-9.9093,-0.0428758,-0.0153752,-0.069618,-0.0988506
-9.88662,-0.041812,-0.0365113,-0.0691466,-0.101245
-9.86395,-0.040738,-0.0305061,-0.0668294,-0.103692
-9.84127,-0.039654,-0.0263626,-0.0678965,-0.106193
-9.81859,-0.0385603,-0.0334932,-0.0674145,-0.108748
-9.79592,-0.037457,-0.0260912,-0.0667437,-0.111357
-9.77324,-0.0363446,0.0100406,-0.0650182,-0.114022
-9.75057,-0.0352233,-0.0125105,-0.0660998,-0.116743
-9.72789,-0.0340933,-0.0513156,-0.0647032,-0.11952
-9.70522,-0.0329549,-0.0374314,-0.0644564,-0.122353
-9.68254,-0.0318084,-0.0526331,-0.0622001,-0.125243
-9.65986,-0.0306542,-0.00539952,-0.0635165,-0.128191
-9.63719,-0.0294924,-0.00809104,-0.0619466,-0.131196
-9.61451,-0.0283233,-0.0422969,-0.0613642,-0.134258
-9.59184,-0.0271473,-0.0513303,-0.061298,-0.137379
-9.56916,-0.0259646,-0.0398491,-0.0614847,-0.140558
-9.54649,-0.0247756,-0.0514637,-0.0588391,-0.143795
-9.52381,-0.0235804,-0.0594118,-0.0595185,-0.14709
-9.50113,-0.0223795,-0.0502677,-0.0571336,-0.150444
-9.47846,-0.0211731,-0.0491122,-0.0570672,-0.153856
-9.45578,-0.0199614,-0.0663287,-0.0562381,-0.157326
-9.43311,-0.0187449,-0.062976,-0.0554769,-0.160855
-9.41043,-0.0175238,-0.0822866,-0.0546189,-0.164441
-9.38776,-0.0162983,-0.0729328,-0.0543367,-0.168085
-9.36508,-0.0150689,-0.0546202,-0.0524438,-0.171786
-9.3424,-0.0138357,-0.0664826,-0.052352,-0.175545
-9.31973,-0.0125992,-0.0696496,-0.0511077,-0.17936
-9.29705,-0.0113595,-0.0383636,-0.0510314,-0.183231
-9.27438,-0.0101171,-0.0778364,-0.0490194,-0.187159
-9.2517,-0.00887221,-0.0711602,-0.0492015,-0.191141
-9.22902,-0.00762511,-0.0441678,-0.0473879,-0.195179
-9.20635,-0.00637615,-0.0513438,-0.0478622,-0.19927
-9.18367,-0.00512562,-0.0832591,-0.0456505,-0.203415
-9.161,-0.00387383,-0.0623375,-0.0452215,-0.207612
-9.13832,-0.00262109,-0.0609908,-0.0435614,-0.211862
-9.11565,-0.0013677,-0.0730237,-0.0431603,-0.216162
-9.09297,-0.000113981,-0.0457891,-0.0419675,-0.220512
-9.07029,0.00113977,-0.0601906,-0.0406485,-0.224912
-9.04762,0.00239324,-0.0755764,-0.0400151,-0.22936
-9.02494,0.00364612,-0.0579548,-0.0390478,-0.233854
-9.00227,0.0048981,-0.080109,-0.037678,-0.238395
-8.97959,0.00614889,-0.0868258,-0.0364183,-0.242981
-8.95692,0.00739816,-0.0717651,-0.036193,-0.24761
-8.93424,0.00864561,-0.0637389,-0.0351094,-0.252282
-8.91156,0.00989095,-0.0736165,-0.0330735,-0.256994
-8.88889,0.0111338,-0.0705405,-0.032904,-0.261746
-8.86621,0.012374,-0.098623,-0.0319302,-0.266537
-8.84354,0.0136111,-0.102428,-0.030412,-0.271364
-8.82086,0.0148449,-0.0631438,-0.0299599,-0.276226
-8.79819,0.0160751,-0.0904841,-0.0274724,-0.281122
-8.77551,0.0173013,-0.113681,-0.0266564,-0.28605
-8.75283,0.0185232,-0.0778593,-0.0269205,-0.291008
-8.73016,0.0197406,-0.108537,-0.0236932,-0.295995
-8.70748,0.0209531,-0.0911403,-0.0230991,-0.301009
-8.68481,0.0221605,-0.107294,-0.0217731,-0.306048
-8.66213,0.0233625,-0.078291,-0.0210912,-0.31111
-8.63946,0.0245587,-0.079796,-0.0200247,-0.316193
-8.61678,0.0257489,-0.0955241,-0.0193833,-0.321295
-8.5941,0.0269327,-0.112829,-0.0182651,-0.326415
-8.57143,0.02811,-0.118744,-0.0175258,-0.331551
-8.54875,0.0292803,-0.128165,-0.0160371,-0.336699
-8.52608,0.0304435,-0.110404,-0.014609,-0.341859
-8.5034,0.0315991,-0.0923502,-0.0129136,-0.347028
-8.48073,0.0327471,-0.0981092,-0.0124833,-0.352203
-8.45805,0.0338869,-0.137639,-0.00899159,-0.357383
-8.43537,0.0350185,-0.125011,-0.010018,-0.362566
-8.4127,0.0361414,-0.0795776,-0.00798604,-0.367749
-8.39002,0.0372555,-0.118714,-0.00704781,-0.372929
-8.36735,0.0383604,-0.0901219,-0.00568843,-0.378105
-8.34467,0.0394559,-0.0907935,-0.00568222,-0.383274
-8.322,0.0405417,-0.0987045,-0.0022192,-0.388433
-8.29932,0.0416175,-0.0999836,-0.00380583,-0.393581
-8.27664,0.0426831,-0.090956,-0.00057362,-0.398715
-8.25397,0.0437383,-0.106456,-0.0958628,-0.499751
-8.23129,0.0447827,-0.107227,-0.0887698,-0.498498
-8.20862,0.0458161,-0.0907611,0.0248951,-0.391138
-8.18594,0.0468382,-0.113851,0.0516042,-0.370733
-8.16327,0.0478488,-0.0761319,0.114512,-0.313635
-8.14059,0.0488477,-0.131183,-0.0353213,-0.471056
-8.11791,0.0498346,-0.117307,0.0479927,-0.392259
-8.09524,0.0508093,-0.0888436,0.0687302,-0.379634
-8.07256,0.0517714,-0.125544,0.0855055,-0.367929
-8.04989,0.0527209,-0.15042,0.132221,-0.32828
-8.02721,0.0536574,-0.133842,-0.00839222,-0.474796
-8.00454,0.0545807,-0.14242,0.139619,-0.331778
-7.98186,0.0554906,-0.13864,0.191096,-0.28512
-7.95918,0.0563869,-0.149271,0.0223691,-0.461264
-7.93651,0.0572693,-0.123339,0.154802,-0.333762
-7.91383,0.0581377,-0.145058,0.115323,-0.37928
-7.89116,0.0589918,-0.196927,0.110221,-0.389665
-7.86848,0.0598314,-0.154316,0.231831,-0.274647
-7.8458,0.0606563,-0.170201,0.128332,-0.382882
-7.82313,0.0614663,-0.129263,0.245966,-0.271073
-7.80045,0.0622612,-0.133091,0.260959,-0.260373
-7.77778,0.0630409,-0.156386,0.204099,-0.323813
-7.7551,0.063805,-0.159971,0.16315,-0.369378
-7.73243,0.0645535,-0.142737,0.188033,-0.351336
-7.70975,0.0652861,-0.171778,0.152231,-0.391186
-7.68707,0.0660026,-0.130075,0.188139,-0.361261
-7.6644,0.066703,-0.142139,0.245481,-0.308093
-7.64172,0.067387,-0.12644,0.14896,-0.409284
-7.61905,0.0680544,-0.117174,0.143399,-0.419733
-7.59637,0.0687051,-0.167929,0.303635,-0.264044
-7.5737,0.069339,-0.124387,0.201495,-0.369314
-7.55102,0.0699558,-0.144438,0.149517,-0.427208
-7.52834,0.0705554,-0.142093,0.246615,-0.333032
-7.50567,0.0711377,-0.119463,0.221055,-0.364122
-7.48299,0.0717025,-0.156847,0.283481,-0.304699
-7.46032,0.0722497,-0.138572,0.368338,-0.223624
-7.43764,0.0727792,-0.158853,0.18719,-0.409715
-7.41497,0.0732908,-0.110153,0.347414,-0.253529
-7.39229,0.0737843,-0.171527,0.25836,-0.345645
-7.36961,0.0742598,-0.145299,0.269102,-0.338424
-7.34694,0.074717,-0.103271,0.402877,-0.20815
-7.32426,0.0751559,-0.14131,0.32729,-0.286219
-7.30159,0.0755763,-0.14524,0.3567,-0.258509
-7.27891,0.0759782,-0.151251,0.364353,-0.256883
-7.25624,0.0763614,-0.111259,0.361794,-0.259844
-7.23356,0.0767258,-0.112616,0.277934,-0.348466
-7.21088,0.0770714,-0.112876,0.436731,-0.191028
-7.18821,0.077398,-0.149796,0.411912,-0.219417
-7.16553,0.0777057,-0.142297,0.354754,-0.277483
-7.14286,0.0779942,-0.0875041,0.415209,-0.21969
-7.12018,0.0782636,-0.144761,0.342206,-0.294334
-7.09751,0.0785138,-0.105637,0.424071,-0.213954
-7.07483,0.0787447,-0.121578,0.401338,-0.237002
-7.05215,0.0789563,-0.146617,0.445965,-0.195589
-7.02948,0.0791484,-0.0863731,0.388524,-0.254919
-7.0068,0.0793212,-0.116769,0.348666,-0.297798
-6.98413,0.0794744,-0.134412,0.401648,-0.243056
-6.96145,0.0796081,-0.0765595,0.451743,-0.19546
-6.93878,0.0797223,-0.098841,0.425579,-0.220948
-6.9161,0.0798169,-0.10207,0.501892,-0.145858
-6.89342,0.0798918,-0.121109,0.409246,-0.237255
-6.87075,0.0799472,-0.0714497,0.522792,-0.125556
-6.84807,0.0799829,-0.0641174,0.490407,-0.157274
-6.8254,0.079999,-0.117795,0.374965,-0.272122
-6.80272,0.0799954,-0.102386,0.489738,-0.158557
-6.78005,0.0799722,-0.0906087,0.428497,-0.220391
-6.75737,0.0799294,-0.110578,0.434067,-0.21354
-6.73469,0.0798669,-0.0896534,0.524838,-0.12125
-6.71202,0.0797847,-0.0721202,0.528796,-0.115178
-6.68934,0.079683,-0.0677902,0.410617,-0.233836
-6.66667,0.0795618,-0.0878706,0.401664,-0.239746
-6.64399,0.0794209,-0.0589859,0.464629,-0.177148
-6.62132,0.0792606,-0.0915167,0.561509,-0.0774033
-6.59864,0.0790808,-0.0934678,0.535515,-0.101903
-6.57596,0.0788816,-0.0530831,0.501612,-0.133651
-6.55329,0.078663,-0.0684409,0.448052,-0.185427
-6.53061,0.0784251,-0.0820963,0.479579,-0.15067
-6.50794,0.0781679,-0.0342149,0.57997,-0.0490823
-6.48526,0.0778915,-0.100577,0.570497,-0.0543766
-6.46259,0.077596,-0.10714,0.487654,-0.136584
-6.43991,0.0772814,-0.0844304,0.581718,-0.0383005
-6.41723,0.0769479,-0.0904911,0.557037,-0.0601024
-6.39456,0.0765954,-0.0658679,0.527012,-0.0866115
-6.37188,0.0762242,-0.0649309,0.602888,-0.00681827
-6.34921,0.0758342,-0.0991993,0.552408,-0.0532566
-6.32653,0.0754256,-0.0744488,0.6133,0.0109966
-6.30385,0.0749984,-0.0870747,0.50831,-0.0897646
-6.28118,0.0745529,-0.0564996,0.589447,-0.00332589
-6.2585,0.074089,-0.0199288,0.601433,0.0117067
-6.23583,0.0736069,-0.0449802,0.458969,-0.127385
-6.21315,0.0731068,-0.0867404,0.565038,-0.0164594
-6.19048,0.0725887,-0.0632315,0.564858,-0.0109693
-6.1678,0.0720528,-0.0517855,0.466453,-0.103886
-6.14512,0.0714991,-0.066932,0.562384,-0.00371133
-6.12245,0.0709279,-0.0285543,0.624481,0.0652616
-6.09977,0.0703393,-0.0567547,0.46809,-0.0871858
-6.0771,0.0697334,-0.0651494,0.505287,-0.0433032
-6.05442,0.0691104,-0.0656654,0.608259,0.064458
-6.03175,0.0684704,-0.0671587,0.598962,0.061648
-6.00907,0.0678136,-0.0644982,0.53059,-0.00201353
-5.98639,0.0671402,-0.0132005,0.491183,-0.0342099
-5.96372,0.0664502,-0.0546512,0.511258,-0.00657183
-5.94104,0.0657439,-0.039985,0.632061,0.120489
-5.91837,0.0650215,-0.0431201,0.536987,0.0298899
-5.89569,0.0642831,-0.0350415,0.611932,0.113841
-5.87302,0.0635289,-0.0525327,0.601419,0.109652
-5.85034,0.0627591,-0.0579172,0.4762,-0.00846959
-5.82766,0.0619739,-0.0471712,0.607105,0.128363
-5.80499,0.0611735,-0.0230758,0.625645,0.156636
-5.78231,0.0603581,-0.00606341,0.570054,0.107461
-5.75964,0.0595278,-0.0592931,0.50088,0.0456727
-5.73696,0.0586829,-0.0263129,0.639024,0.191111
-5.71429,0.0578236,-0.0482083,0.5361,0.0978834
-5.69161,0.0569501,-0.0134118,0.497789,0.0663573
-5.66893,0.0560626,0.0245506,0.59027,0.168592
-5.64626,0.0551613,-0.0530169,0.619233,0.204466
-5.62358,0.0542465,0.00741535,0.651877,0.247771
-5.60091,0.0533183,-0.0431602,0.454134,0.0560149
-5.57823,0.0523771,0.0294856,0.581952,0.194394
-5.55556,0.051423,-0.0157844,0.453777,0.0746432
-5.53288,0.0504563,-0.0535387,0.51725,0.148126
-5.5102,0.0494771,-0.0494139,0.469557,0.107089
-5.48753,0.0484859,-0.0328428,0.54625,0.194933
-5.46485,0.0474827,-0.0231624,0.625895,0.282644
-5.44218,0.0464678,-0.00832645,0.637561,0.304803
-5.4195,0.0454416,-0.0535098,0.502029,0.175977
-5.39683,0.0444041,-0.0288801,0.505432,0.190425
-5.37415,0.0433558,0.00776685,0.621107,0.315906
-5.35147,0.0422968,-0.0337431,0.612887,0.317918
-5.3288,0.0412275,-0.0385962,0.470042,0.181649
-5.30612,0.040148,0.0224303,0.571611,0.296964
-5.28345,0.0390586,0.0244931,0.547558,0.279841
-5.26077,0.0379597,-0.000479538,0.506549,0.25057
-5.2381,0.0368514,-0.0398228,0.488972,0.24267
-5.21542,0.0357341,-0.0494938,0.610451,0.376594
-5.19274,0.034608,-0.0368582,0.567789,0.342379
-5.17007,0.0334734,-0.00522989,0.540776,0.326648
-5.14739,0.0323305,-0.0405553,0.49758,0.292551
-5.12472,0.0311798,0.011331,0.499163,0.305524
-5.10204,0.0300214,0.0339761,0.500505,0.314647
-5.07937,0.0288556,-0.0172415,0.470815,0.298383
-5.05669,0.0276827,0.0340297,0.465408,0.301533
-5.03401,0.026503,-0.0346847,0.578177,0.426152
-5.01134,0.0253168,-0.0103453,0.463439,0.320905
-4.98866,0.0241244,0.0638903,0.403662,0.274235
-4.96599,0.0229261,0.0244801,0.502634,0.382953
-4.94331,0.0217221,-0.00283723,0.506424,0.398493
-4.92063,0.0205128,0.0137294,0.459065,0.360859
-4.89796,0.0192984,0.0387719,0.534252,0.447767
-4.87528,0.0180794,0.0121302,0.389212,0.312298
-4.85261,0.0168558,0.0306163,0.380936,0.316642
-4.82993,0.0156282,0.0603399,0.470972,0.417494
-4.80726,0.0143967,0.0284194,0.461018,0.418118
-4.78458,0.0131616,0.0798059,0.468123,0.437082
-4.7619,0.0119234,0.033276,0.426665,0.405912
-4.73923,0.0106822,0.0069842,0.423632,0.413526
-4.71655,0.00943836,0.0746123,0.441431,0.442698
-4.69388,0.00819222,0.0172143,0.394037,0.405668
-4.6712,0.00694407,0.0958533,0.442084,0.466255
-4.64853,0.00569422,-0.00152851,0.336082,0.369622
-4.62585,0.00444296,0.0568451,0.367918,0.412743
-4.60317,0.00319061,0.0752761,0.33837,0.393159
-4.5805,0.00193748,0.0454906,0.408928,0.477592
-4.55782,0.000683876,0.00618154,0.290097,0.367499
-4.53515,-0.000569899,0.0121076,0.304125,0.392339
-4.51247,-0.00182353,0.108917,0.452379,0.552488
-4.4898,-0.00307672,0.021394,0.320671,0.432694
-4.46712,-0.00432915,0.0702549,0.448532,0.571028
-4.44444,-0.00558052,0.0582436,0.277005,0.411549
-4.42177,-0.00683051,0.0385734,0.324072,0.468819
-4.39909,-0.00807883,0.0734335,0.355845,0.513217
-4.37642,-0.00932517,0.0900028,0.242134,0.408476
-4.35374,-0.0105692,0.0308047,0.277024,0.45427
-4.33107,-0.0118107,0.0478206,0.258411,0.445409
-4.30839,-0.0130492,0.110937,0.376564,0.574526
-4.28571,-0.0142846,0.039899,0.260395,0.469
-4.26304,-0.0155164,0.100405,0.209505,0.431437
-4.24036,-0.0167444,0.0916594,0.269335,0.499021
-4.21769,-0.0179683,0.0397786,0.312853,0.554944
-4.19501,-0.0191878,0.112203,0.264314,0.516533
-4.17234,-0.0204026,0.048937,0.316972,0.580208
-4.14966,-0.0216124,0.146312,0.320194,0.593051
-4.12698,-0.0228168,0.0906547,0.192337,0.475026
-4.10431,-0.0240157,0.0538942,0.181629,0.474162
-4.08163,-0.0252087,0.0734341,0.276253,0.579745
-4.05896,-0.0263954,0.029975,0.173677,0.486458
-4.03628,-0.0275757,0.0715497,0.217704,0.542503
-4.01361,-0.0287492,0.0733775,0.148684,0.482159
-3.99093,-0.0299157,0.035245,0.18068,0.524228
-3.96825,-0.0310748,0.0807697,0.273497,0.626654
-3.94558,-0.0322263,0.028684,0.163847,0.528519
-3.9229,-0.0333698,0.110626,0.210047,0.58275
-3.90023,-0.0345052,0.0326024,0.159144,0.543713
-3.87755,-0.0356321,0.0666313,0.172488,0.564454
-3.85488,-0.0367502,0.057038,0.226066,0.630775
-3.8322,-0.0378593,0.0482732,0.224074,0.63478
-3.80952,-0.0389591,0.00955125,0.0932049,0.513472
-3.78685,-0.0400493,0.0496138,0.19052,0.619226
-3.76417,-0.0411297,0.0554635,0.24872,0.689215
-3.7415,-0.0422,0.040097,0.0646681,0.511381
-3.71882,-0.04326,0.0761055,0.0845024,0.542434
-3.69615,-0.0443093,0.0312968,0.107196,0.572362
-3.67347,-0.0453477,0.0794125,0.193421,0.669879
-3.65079,-0.046375,0.0968001,0.201499,0.683773
-3.62812,-0.0473909,0.057568,0.0873883,0.581351
-3.60544,-0.0483952,0.086825,0.118869,0.617188
-3.58277,-0.0493875,0.0662301,0.0742645,0.582536
-3.56009,-0.0503678,0.0246878,0.0293672,0.54432
-3.53741,-0.0513356,0.104471,0.0147854,0.541314
-3.51474,-0.0522909,0.0854786,0.112042,0.643451
-3.49206,-0.0532333,0.0119478,0.105121,0.647745
-3.46939,-0.0541627,0.0970285,0.12345,0.671979
-3.44671,-0.0550787,0.0621061,0.00668032,0.56325
-3.42404,-0.0559812,0.0491815,0.0234596,0.584502
-3.40136,-0.05687,0.100283,0.00791197,0.57894
-3.37868,-0.0577448,0.085897,0.115011,0.693241
-3.35601,-0.0586054,0.0590746,-0.0562214,0.529015
-3.33333,-0.0594516,0.0890333,0.0124444,0.60529
-3.31066,-0.0602832,0.039048,0.0940997,0.695189
-3.28798,-0.0611,0.0758207,0.0348637,0.641717
-3.26531,-0.0619018,0.0741927,-0.0578151,0.554717
-3.24263,-0.0626884,0.0404721,-0.0597221,0.559313
-3.21995,-0.0634596,0.0137758,0.00464001,0.630238
-3.19728,-0.0642152,-0.0253898,-0.0624704,0.569479
-3.1746,-0.064955,0.0883326,0.0189107,0.656894
-3.15193,-0.0656789,0.0612845,-0.0517919,0.592628
-3.12925,-0.0663867,0.0548618,0.0012725,0.653473
-3.10658,-0.0670781,0.0720616,-0.0427271,0.61328
-3.0839,-0.0677531,0.0299065,-0.030769,0.632159
-3.06122,-0.0684114,0.0450618,-0.0436323,0.623069
-3.03855,-0.0690529,0.121118,-0.00453384,0.668413
-3.01587,-0.0696775,0.0465945,-0.106771,0.568788
-2.9932,-0.070285,0.0914786,-0.042203,0.640954
-2.97052,-0.0708752,-0.0130377,-0.213488,0.472772
-2.94785,-0.0714479,0.0694606,-0.0893952,0.604377
-2.92517,-0.0720032,0.118313,-0.220406,0.475945
-2.90249,-0.0725407,0.0695861,-0.0669391,0.636029
-2.87982,-0.0730604,0.0490302,-0.222791,0.482155
-2.85714,-0.0735622,0.0534967,-0.14371,0.566932
-2.83447,-0.0740459,0.0504846,-0.14462,0.56859
-2.81179,-0.0745115,0.0655093,-0.0933358,0.626272
-2.78912,-0.0749587,0.0336744,-0.23744,0.483464
-2.76644,-0.0753875,0.0525868,-0.163457,0.562759
-2.74376,-0.0757978,0.0446177,-0.138351,0.591466
-2.72109,-0.0761895,0.0755446,-0.117522,0.616515
-2.69841,-0.0765625,0.0558055,-0.272623,0.462013
-2.67574,-0.0769166,0.0655881,-0.274544,0.464559
-2.65306,-0.0772519,0.0687505,-0.204078,0.537725
-2.63039,-0.0775682,0.0573047,-0.231183,0.513942
-2.60771,-0.0778654,0.0432974,-0.262542,0.483251
-2.58503,-0.0781436,0.0432104,-0.219506,0.531617
-2.56236,-0.0784025,0.0775631,-0.242667,0.510079
-2.53968,-0.0786422,0.034188,-0.215382,0.541726
-2.51701,-0.0788625,-0.00443783,-0.242879,0.513768
-2.49433,-0.0790635,0.0239235,-0.307036,0.451666
-2.47166,-0.0792451,0.0558619,-0.300447,0.458699
-2.44898,-0.0794072,0.0588103,-0.212159,0.550511
-2.4263,-0.0795498,0.0625525,-0.348376,0.414368
-2.40363,-0.0796728,0.0738586,-0.246818,0.519652
-2.38095,-0.0797763,0.00388652,-0.366499,0.399
-2.35828,-0.0798602,0.0616464,-0.300071,0.468379
-2.3356,-0.0799245,0.0173267,-0.333935,0.433351
-2.31293,-0.0799691,0.0634309,-0.351235,0.419047
-2.29025,-0.0799941,0.00463852,-0.40592,0.362435
-2.26757,-0.0799995,0.0133413,-0.391224,0.379913
-2.2449,-0.0799852,-0.0193636,-0.391544,0.378102
-2.22222,-0.0799513,0.0559222,-0.249934,0.521326
-2.19955,-0.0798977,0.0280391,-0.386535,0.383422
-2.17687,-0.0798245,0.019578,-0.396765,0.374988
-2.1542,-0.0797317,-0.034547,-0.276696,0.493129
-2.13152,-0.0796193,-0.00672345,-0.301737,0.469228
-2.10884,-0.0794874,0.0466895,-0.293448,0.475525
-2.08617,-0.0793359,0.0305735,-0.412748,0.357913
-2.06349,-0.0791649,-0.0757427,-0.443587,0.322677
-2.04082,-0.0789745,0.0329088,-0.309311,0.459434
-2.01814,-0.0787647,0.064313,-0.366457,0.400022
-1.99546,-0.0785356,0.0444469,-0.310409,0.457551
-1.97279,-0.0782872,-0.0462345,-0.476809,0.286028
-1.95011,-0.0780195,-0.00936225,-0.472005,0.290285
-1.92744,-0.0777327,-0.0330993,-0.479622,0.279979
-1.90476,-0.0774268,-0.0105154,-0.428509,0.329042
-1.88209,-0.0771018,0.0133774,-0.411243,0.343628
-1.85941,-0.076758,0.00675709,-0.464352,0.290164
-1.83673,-0.0763953,-0.0264224,-0.388132,0.36296
-1.81406,-0.0760138,-0.0860858,-0.461923,0.287745
-1.79138,-0.0756136,0.0222448,-0.365366,0.382161
-1.76871,-0.0751949,-0.0238565,-0.453054,0.292161
-1.74603,-0.0747577,-0.0125837,-0.454715,0.285486
-1.72336,-0.0743021,-0.00422724,-0.47257,0.266043
-1.70068,-0.0738283,-0.0142477,-0.538491,0.196684
-1.678,-0.0733364,0.00330916,-0.46007,0.270666
-1.65533,-0.0728264,-0.0971959,-0.4839,0.242388
-1.63265,-0.0722986,-0.0464894,-0.493528,0.233615
-1.60998,-0.071753,-0.0603762,-0.523981,0.197965
-1.5873,-0.0711897,-0.0235306,-0.412429,0.305481
-1.56463,-0.070609,0.0609144,-0.400465,0.314161
-1.54195,-0.070011,-0.0639641,-0.5389,0.171814
-1.51927,-0.0693957,-0.0339471,-0.483505,0.223142
-1.4966,-0.0687634,-0.0648768,-0.513312,0.18912
-1.47392,-0.0681143,0.0131908,-0.440129,0.255454
-1.45125,-0.0674483,-0.0298017,-0.551289,0.142771
-1.42857,-0.0667659,-0.0170321,-0.410153,0.277824
-1.4059,-0.066067,-0.0544667,-0.440818,0.242873
-1.38322,-0.0653519,-0.0571696,-0.579452,0.0978106
-1.36054,-0.0646207,-0.0157355,-0.429987,0.24385
-1.33787,-0.0638737,-0.101768,-0.578626,0.08776
-1.31519,-0.063111,-0.108157,-0.507167,0.157308
-1.29252,-0.0623327,-0.0262501,-0.487802,0.169808
-1.26984,-0.0615392,-0.0869057,-0.563102,0.0880817
-1.24717,-0.0607306,-0.052967,-0.456195,0.18821
-1.22449,-0.059907,-0.144039,-0.519425,0.122791
-1.20181,-0.0590687,-0.0701474,-0.445545,0.187685
-1.17914,-0.058216,-0.102682,-0.52862,0.101194
-1.15646,-0.0573489,-0.0965383,-0.492693,0.129132
-1.13379,-0.0564677,-0.118202,-0.451821,0.165685
-1.11111,-0.0555727,-0.0946515,-0.490194,0.119618
-1.08844,-0.054664,-0.0419584,-0.427502,0.175873
-1.06576,-0.0537419,-0.0910404,-0.570646,0.0243146
-1.04308,-0.0528066,-0.0651958,-0.536542,0.0558338
-1.02041,-0.0518583,-0.102691,-0.604872,-0.0232566
-0.997732,-0.0508973,-0.106331,-0.50292,0.073879
-0.975057,-0.0499237,-0.0188427,-0.445775,0.12258
-0.952381,-0.0489379,-0.110262,-0.562943,0.000953366
-0.929705,-0.0479401,-0.0979051,-0.419717,0.134074
-0.907029,-0.0469306,-0.126802,-0.53165,0.0166275
-0.884354,-0.0459095,-0.0565306,-0.60992,-0.0708161
-0.861678,-0.0448771,-0.0835592,-0.539476,-0.00642658
-0.839002,-0.0438337,-0.0817833,-0.488862,0.0344128
-0.816327,-0.0427795,-0.165792,-0.563705,-0.0451156
-0.793651,-0.0417148,-0.115044,-0.453468,0.0555355
-0.770975,-0.0406399,-0.108611,-0.577092,-0.0738658
-0.748299,-0.039555,-0.160933,-0.513363,-0.0215938
-0.725624,-0.0384604,-0.116631,-0.428961,0.0581806
-0.702948,-0.0373563,-0.105021,-0.449925,0.0253594
-0.680272,-0.0362431,-0.228911,-0.428735,0.0398766
-0.657596,-0.0351209,-0.151313,-0.504316,-0.0461482
-0.634921,-0.0339901,-0.0724795,-0.437782,0.0145801
-0.612245,-0.032851,-0.161482,-0.526789,-0.084568
-0.589569,-0.0317038,-0.15852,-0.511433,-0.0768547
-0.566893,-0.0305488,-0.169303,-0.516166,-0.0926085
-0.544218,-0.0293864,-0.206909,-0.434964,-0.0185754
-0.521542,-0.0282167,-0.201299,-0.44804,-0.0409884
-0.498866,-0.02704,-0.119049,-0.474146,-0.0752696
-0.47619,-0.0258568,-0.165734,-0.478399,-0.0882892
-0.453515,-0.0246672,-0.233039,-0.504246,-0.122321
-0.430839,-0.0234715,-0.184301,-0.481185,-0.109912
-0.408163,-0.02227,-0.151796,-0.46756,-0.102126
-0.385488,-0.0210631,-0.214489,-0.423749,-0.0686299
-0.362812,-0.019851,-0.210027,-0.587683,-0.241495
-0.340136,-0.0186341,-0.193309,-0.477741,-0.14342
-0.31746,-0.0174125,-0.228975,-0.485644,-0.159433
-0.294785,-0.0161867,-0.218831,-0.574392,-0.259604
-0.272109,-0.0149569,-0.201064,-0.445541,-0.137316
-0.249433,-0.0137234,-0.281596,-0.516644,-0.219403
-0.226757,-0.0124866,-0.214951,-0.441415,-0.152246
-0.204082,-0.0112467,-0.254405,-0.483013,-0.205246
-0.181406,-0.010004,-0.240049,-0.496143,-0.226479
-0.15873,-0.00875892,-0.239857,-0.561525,-0.306093
-0.136054,-0.00751164,-0.23446,-0.407713,-0.158913
-0.113379,-0.00626252,-0.298856,-0.525133,-0.28717
-0.0907029,-0.00501187,-0.284178,-0.445103,-0.216158
-0.0680272,-0.00375998,-0.271025,-0.39031,-0.173288
-0.0453515,-0.00250716,-0.23896,-0.416735,-0.208164
-0.0226757,-0.00125374,-0.24825,-0.531732,-0.332957
0,-0.0959195,-0.246798,-0.381704,-0.194274
0.0226757,-0.0883156,-0.344509,-0.498624,-0.322122
0.0453515,0.0253743,-0.269579,-0.364183,-0.197413
0.0680272,0.0520839,-0.264094,-0.518719,-0.360284
0.0907029,0.115459,-0.275175,-0.331498,-0.184413
0.113379,-0.0357168,-0.319134,-0.391443,-0.255268
0.136054,0.0492932,-0.308353,-0.46448,-0.336636
0.15873,0.0680942,-0.242766,-0.371034,-0.253669
0.181406,0.0859366,-0.352682,-0.431537,-0.324774
0.204082,0.13168,-0.359978,-0.455675,-0.359445
0.226757,-0.00878645,-0.348438,-0.338652,-0.252223
0.249433,0.140234,-0.301473,-0.394424,-0.320708
0.272109,0.192842,-0.323038,-0.446071,-0.380507
0.294785,0.0225947,-0.39244,-0.476131,-0.422109
0.31746,0.155936,-0.360794,-0.281251,-0.235153
0.340136,0.116199,-0.379471,-0.457885,-0.424681
0.362812,0.111531,-0.296175,-0.273284,-0.248827
0.385488,0.2322,-0.439369,-0.367655,-0.354189
0.408163,0.129548,-0.408068,-0.271695,-0.267891
0.430839,0.246868,-0.339966,-0.332256,-0.340401
0.453515,0.263005,-0.38102,-0.249401,-0.266281
0.47619,0.204926,-0.486263,-0.41248,-0.440763
0.498866,0.16464,-0.377291,-0.375336,-0.414365
0.521542,0.187878,-0.389966,-0.280532,-0.330175
0.544218,0.153139,-0.440395,-0.420252,-0.477532
0.566893,0.188086,-0.431808,-0.32145,-0.391532
0.589569,0.246185,-0.376586,-0.230035,-0.307405
0.612245,0.14983,-0.423036,-0.396089,-0.486765
0.634921,0.14412,-0.466158,-0.27687,-0.375046
0.657596,0.304449,-0.466419,-0.303345,-0.412978
0.680272,0.203717,-0.405601,-0.299273,-0.418017
0.702948,0.150256,-0.43102,-0.212435,-0.340208
0.725624,0.248756,-0.439744,-0.230403,-0.369047
0.748299,0.221881,-0.467774,-0.324203,-0.474073
0.770975,0.285406,-0.457706,-0.183326,-0.340872
0.793651,0.370467,-0.480429,-0.205616,-0.375386
0.816327,0.188245,-0.438014,-0.219318,-0.397131
0.839002,0.34818,-0.471709,-0.298019,-0.48742
0.861678,0.259689,-0.467128,-0.28366,-0.480373
0.884354,0.270411,-0.4447,-0.249346,-0.457205
0.907029,0.404058,-0.422625,-0.216425,-0.432891
0.929705,0.329233,-0.490269,-0.248524,-0.477699
0.952381,0.360055,-0.473262,-0.235852,-0.471695
0.975057,0.364659,-0.461188,-0.26299,-0.510275
0.997732,0.364539,-0.453579,-0.146565,-0.402947
1.02041,0.278621,-0.500018,-0.0928604,-0.359288
1.04308,0.438622,-0.46463,-0.147827,-0.421146
1.06576,0.412655,-0.479776,-0.264256,-0.54995
1.08844,0.356866,-0.473698,-0.0795528,-0.371751
1.11111,0.41679,-0.45,-0.191856,-0.49495
1.13379,0.344129,-0.448342,-0.0918547,-0.400256
1.15646,0.426343,-0.544354,-0.189628,-0.511613
1.17914,0.404977,-0.463197,-0.0756516,-0.403534
1.20181,0.44792,-0.527619,-0.218148,-0.557433
1.22449,0.389965,-0.454537,-0.0342375,-0.377932
1.24717,0.348306,-0.527246,-0.119717,-0.475079
1.26984,0.40411,-0.438965,-0.098692,-0.460786
1.29252,0.452609,-0.471482,-0.195939,-0.56589
1.31519,0.427864,-0.517393,-0.144433,-0.525095
1.33787,0.503537,-0.508686,-0.0425711,-0.430989
1.36054,0.412559,-0.520948,-0.0545083,-0.448622
1.38322,0.524514,-0.441484,-0.112984,-0.518971
1.4059,0.492888,-0.485115,0.0351041,-0.376135
1.42857,0.377965,-0.503568,-0.0644369,-0.486073
1.45125,0.491289,-0.518493,-0.0388764,-0.464433
1.47392,0.429048,-0.463183,0.0397875,-0.396471
1.4966,0.435323,-0.51941,-0.0391575,-0.48159
1.51927,0.526867,-0.461634,-0.103341,-0.554149
1.54195,0.532024,-0.490281,-0.00527544,-0.46218
1.56463,0.412282,-0.42612,0.01465,-0.451406
1.5873,0.405116,-0.400047,-0.063553,-0.536401
1.60998,0.466288,-0.474839,-0.0492055,-0.529749
1.63265,0.564436,-0.512791,-0.00636753,-0.49071
1.65533,0.538167,-0.478697,0.0290557,-0.464401
1.678,0.504479,-0.407881,-0.0182052,-0.518135
1.70068,0.45059,-0.453011,0.015562,-0.49123
1.72336,0.483062,-0.503388,0.0971235,-0.415474
1.74603,0.582192,-0.415309,0.137582,-0.382244
1.76871,0.574269,-0.437011,0.00622447,-0.519541
1.79138,0.489261,-0.39689,0.102032,-0.430251
1.81406,0.584572,-0.434283,0.153271,-0.383017
1.83673,0.559627,-0.46726,0.0314852,-0.512509
1.85941,0.529803,-0.411481,0.0389152,-0.509817
1.88209,0.606111,-0.487834,-0.000629571,-0.554503
1.90476,0.556017,-0.441584,0.121291,-0.437617
1.92744,0.616445,-0.423505,0.168621,-0.396102
1.95011,0.51169,-0.405326,0.160647,-0.408962
1.97279,0.593967,-0.363984,0.214431,-0.360539
1.99546,0.60467,-0.417645,0.128808,-0.449443
2.01814,0.461082,-0.397953,0.157122,-0.42961
2.04082,0.567346,-0.390889,0.179445,-0.409593
2.06349,0.56801,-0.405412,0.170568,-0.423613
2.08617,0.470103,-0.423184,0.135734,-0.463621
2.10884,0.565125,-0.385458,0.14668,-0.459332
2.13152,0.628783,-0.283067,0.177005,-0.430592
2.1542,0.470861,-0.380293,0.212438,-0.401376
2.17687,0.50911,-0.324565,0.086808,-0.52956
2.19955,0.61108,-0.429038,0.100674,-0.518865
2.22222,0.602322,-0.313027,0.284513,-0.336968
2.2449,0.532558,-0.333089,0.128954,-0.498314
2.26757,0.494106,-0.311938,0.210111,-0.419943
2.29025,0.515337,-0.272068,0.202299,-0.432121
2.31293,0.63584,-0.229768,0.124852,-0.510302
2.3356,0.538535,-0.355395,0.250966,-0.387813
2.35828,0.615633,-0.308237,0.241436,-0.398724
2.38095,0.604447,-0.302424,0.289743,-0.353642
2.40363,0.479185,-0.27472,0.340983,-0.304159
2.4263,0.608736,-0.26754,0.310692,-0.338702
2.44898,0.629589,-0.299796,0.301989,-0.347537
2.47166,0.572855,-0.279606,0.184577,-0.468105
2.49433,0.503374,-0.273502,0.185729,-0.468826
2.51701,0.640987,-0.271798,0.214126,-0.443175
2.53968,0.539802,-0.253753,0.345331,-0.309868
2.56236,0.50019,-0.222999,0.238872,-0.420872
2.58503,0.594213,-0.205809,0.277353,-0.37977
2.60771,0.621751,-0.256176,0.270027,-0.392948
2.63039,0.656598,-0.250575,0.397066,-0.262388
2.65306,0.456264,-0.2135,0.262397,-0.401474
2.67574,0.585948,-0.256364,0.408456,-0.254178
2.69841,0.457388,-0.199844,0.26591,-0.400537
2.72109,0.521948,-0.177934,0.391005,-0.272795
2.74376,0.47188,-0.211152,0.313653,-0.351903
2.76644,0.550585,-0.194435,0.372167,-0.289956
2.78912,0.629052,-0.220674,0.2537,-0.412525
2.81179,0.641864,-0.16817,0.308178,-0.353563
2.83447,0.503594,-0.155502,0.343357,-0.321575
2.85714,0.508499,-0.191482,0.45123,-0.21157
2.87982,0.624344,-0.155909,0.352378,-0.311701
2.90249,0.616628,-0.149625,0.390498,-0.270966
2.92517,0.470542,-0.154931,0.320606,-0.340855
2.94785,0.575954,-0.156105,0.400163,-0.257089
2.97052,0.548844,-0.155351,0.303351,-0.354934
2.9932,0.509507,-0.057511,0.338139,-0.318742
3.01587,0.491463,-0.17012,0.318654,-0.33501
3.03855,0.615167,-0.0836446,0.461753,-0.190823
3.06122,0.570661,-0.166609,0.408101,-0.243674
3.0839,0.544571,-0.126565,0.433732,-0.215791
3.10658,0.500047,-0.0656386,0.497537,-0.150465
3.12925,0.502529,-0.124757,0.366441,-0.275917
3.15193,0.501102,-0.0790099,0.469264,-0.173933
3.1746,0.47423,0.0107552,0.400841,-0.23726
3.19728,0.466717,-0.129745,0.323215,-0.315239
3.21995,0.580621,-0.0594707,0.342612,-0.29128
3.24263,0.46461,-0.0328867,0.469256,-0.162643
3.26531,0.40713,-0.034095,0.388339,-0.238411
3.28798,0.504995,-0.0278698,0.519331,-0.105438
3.31066,0.509642,-0.0876211,0.392381,-0.227228
3.33333,0.461079,-0.0858403,0.522072,-0.0972522
3.35601,0.537023,-0.0520891,0.432686,-0.180635
3.37868,0.390558,-0.110105,0.372138,-0.239675
3.40136,0.383878,-0.00358674,0.362741,-0.244211
3.42404,0.47368,-0.025014,0.497088,-0.105439
3.44671,0.463232,-0.00979686,0.479581,-0.118983
3.46939,0.471105,-0.00506295,0.521762,-0.0732923
3.49206,0.428827,0.0338718,0.358967,-0.229003
3.51474,0.425318,-0.035981,0.391318,-0.191818
3.53741,0.443358,-0.00965504,0.418279,-0.160607
3.56009,0.395187,0.0241044,0.459088,-0.114274
3.58277,0.444627,0.111939,0.537804,-0.0327229
3.60544,0.336846,0.0281051,0.525896,-0.0385122
3.62812,0.36882,0.0381632,0.505624,-0.0534605
3.65079,0.338091,0.0229561,0.520307,-0.0327003
3.67347,0.411386,0.0846075,0.522668,-0.0250749
3.69615,0.290164,0.0301162,0.527312,-0.0164706
3.71882,0.303887,0.0871556,0.521009,-0.0146636
3.7415,0.452933,0.0790826,0.447895,-0.0856379
3.76417,0.322054,0.0290598,0.376873,-0.149165
3.78685,0.449323,0.0941353,0.516404,-0.00439843
3.80952,0.278802,0.0827738,0.554304,0.0421248
3.8322,0.325055,0.127737,0.47818,-0.0293358
3.85488,0.358464,0.117541,0.488188,-0.0112862
3.87755,0.242766,0.100251,0.532449,0.0378162
3.90023,0.277636,0.149647,0.45811,-0.029076
3.9229,0.257887,0.133647,0.541427,0.0594009
3.94558,0.376156,0.0736141,0.385027,-0.0900349
3.96825,0.259822,0.181746,0.512498,0.0443113
3.99093,0.211495,0.117391,0.550455,0.089882
4.01361,0.268362,0.10623,0.537057,0.0807834
4.03628,0.313617,0.16282,0.546369,0.100858
4.05896,0.264588,0.144718,0.560473,0.120217
4.08163,0.3177,0.0845721,0.53237,0.100574
4.10431,0.320036,0.101398,0.433796,0.0066798
4.12698,0.191563,0.136327,0.526933,0.111615
4.14966,0.180313,0.213827,0.533065,0.123503
4.17234,0.275571,0.12895,0.472161,0.0707786
4.19501,0.172026,0.224335,0.495989,0.100453
4.21769,0.21788,0.246734,0.567829,0.183032
4.24036,0.147417,0.204888,0.38231,0.00483662
4.26304,0.179438,0.272082,0.54092,0.171358
4.28571,0.27189,0.192983,0.405318,0.0401148
4.30839,0.163859,0.199226,0.470329,0.116271
4.33107,0.208272,0.262918,0.556808,0.20857
4.35374,0.159498,0.21838,0.445671,0.107861
4.37642,0.170586,0.225985,0.505414,0.172934
4.39909,0.227338,0.190625,0.471768,0.151432
4.42177,0.221862,0.212416,0.402436,0.087989
4.44444,0.0911612,0.281436,0.542454,0.237475
4.46712,0.187614,0.305486,0.480674,0.179604
4.4898,0.248394,0.253818,0.358361,0.0705491
4.51247,0.0614465,0.307367,0.42124,0.137941
4.53515,0.0834824,0.261802,0.482573,0.211967
4.55782,0.104491,0.263958,0.539648,0.276113
4.5805,0.193189,0.286384,0.443242,0.190617
4.60317,0.198366,0.306505,0.544471,0.297975
4.62585,0.0873321,0.281015,0.471222,0.237209
4.64853,0.114661,0.280206,0.360984,0.131431
4.6712,0.0716086,0.242983,0.378045,0.162287
4.69388,0.0251001,0.272341,0.441117,0.22911
4.71655,0.0139124,0.338378,0.490068,0.289945
4.73923,0.107979,0.32208,0.521242,0.329145
4.7619,0.104316,0.366164,0.521522,0.339849
4.78458,0.120707,0.225145,0.491177,0.317361
4.80726,0.00425159,0.326137,0.444133,0.282398
4.82993,0.0178949,0.321278,0.406538,0.251163
4.85261,0.00484306,0.38959,0.48458,0.33813
4.87528,0.111774,0.330369,0.345731,0.207157
4.89796,-0.0596999,0.390304,0.3416,0.215363
4.92063,0.00945095,0.425526,0.430619,0.311612
4.94331,0.0923486,0.34248,0.348515,0.24193
4.96599,0.0320011,0.410891,0.420266,0.317752
4.98866,-0.0617472,0.316716,0.297477,0.210393
5.01134,-0.0637729,0.257063,0.401629,0.319057
5.03401,0.000660306,0.350666,0.455202,0.38362
5.05669,-0.0664615,0.328595,0.311074,0.245779
5.07937,0.0147228,0.382962,0.414512,0.361721
5.10204,-0.0556426,0.403936,0.44152,0.395166
5.12472,-0.00076431,0.348162,0.289568,0.254535
5.14739,-0.0467892,0.458254,0.432209,0.407061
5.17007,-0.0336077,0.491778,0.413777,0.398522
5.19274,-0.0482592,0.351585,0.335935,0.327948
5.21542,-0.00834018,0.446283,0.363294,0.365775
5.2381,-0.113253,0.393875,0.310812,0.320803
5.26077,-0.0462356,0.418495,0.376493,0.398161
5.28345,-0.219427,0.422357,0.259841,0.287677
5.30612,-0.0926924,0.419459,0.284653,0.324049
5.3288,-0.225854,0.404776,0.340246,0.389288
5.35147,-0.070358,0.469488,0.382685,0.441041
5.37415,-0.228678,0.369073,0.217246,0.283648
5.39683,-0.148205,0.509931,0.360193,0.438177
5.4195,-0.150707,0.473287,0.39058,0.476212
5.44218,-0.0970421,0.380251,0.253551,0.34767
5.46485,-0.243723,0.447314,0.286653,0.389873
5.48753,-0.168155,0.433389,0.307289,0.421894
5.5102,-0.143031,0.372002,0.314439,0.436777
5.53288,-0.121418,0.48856,0.356561,0.488594
5.55556,-0.279211,0.482392,0.279084,0.417842
5.57823,-0.279809,0.473441,0.25938,0.408549
5.60091,-0.20964,0.500323,0.245616,0.402658
5.62358,-0.236273,0.501184,0.340803,0.507788
5.64626,-0.269666,0.46554,0.188877,0.364489
5.66893,-0.223854,0.438804,0.15856,0.343361
5.69161,-0.247799,0.37932,0.282031,0.474991
5.71429,-0.21841,0.439069,0.24974,0.450166
5.73696,-0.248478,0.512255,0.2015,0.413471
5.75964,-0.31254,0.419532,0.248208,0.468831
5.78231,-0.307319,0.534502,0.302206,0.52848
5.80499,-0.217169,0.499436,0.196318,0.433807
5.82766,-0.354826,0.521165,0.27216,0.517899
5.85034,-0.250907,0.454829,0.213858,0.468938
5.87302,-0.372774,0.515769,0.217897,0.479774
5.89569,-0.30446,0.49668,0.184323,0.457536
5.91837,-0.340405,0.496746,0.162135,0.44263
5.94104,-0.355477,0.550126,0.200128,0.487762
5.96372,-0.412707,0.506116,0.129195,0.423219
5.98639,-0.395698,0.511951,0.0794206,0.38448
6.00907,-0.397829,0.501416,0.0840882,0.394264
6.03175,-0.254776,0.50941,0.166825,0.488134
6.05442,-0.392703,0.544351,0.161963,0.487117
6.0771,-0.401011,0.489669,0.054472,0.392227
6.09977,-0.282595,0.443579,0.0734995,0.416953
6.12245,-0.306074,0.504138,0.11239,0.465956
6.14512,-0.299207,0.504506,0.156743,0.513629
6.1678,-0.416101,0.550745,0.0635086,0.430215
6.19048,-0.450472,0.473477,0.0112192,0.382164
6.21315,-0.312703,0.501904,0.104557,0.485809
6.23583,-0.370957,0.509744,0.128169,0.515419
6.2585,-0.312123,0.469691,0.0790313,0.474961
6.28118,-0.482196,0.484718,0.0496983,0.450502
6.30385,-0.476342,0.588291,0.141533,0.553474
6.32653,-0.484907,0.500935,0.0988802,0.512195
6.34921,-0.433959,0.486425,-0.00104242,0.423781
6.37188,-0.417343,0.564915,0.107215,0.53374
6.39456,-0.468635,0.520056,-0.0490948,0.390996
6.41723,-0.393523,0.440732,-0.0422975,0.400251
6.43991,-0.46628,0.467087,0.0661601,0.517603
6.46259,-0.369264,0.503614,0.0780709,0.535157
6.48526,-0.456523,0.455872,-0.0349353,0.429905
6.50794,-0.460316,0.47076,0.0907338,0.558143
6.53061,-0.476738,0.484343,-0.0423696,0.433507
6.55329,-0.542937,0.492902,-0.0818313,0.396332
6.57596,-0.465656,0.473027,-0.100836,0.388232
6.59864,-0.490496,0.444597,0.0492392,0.541623
6.62132,-0.495695,0.514931,-0.0622311,0.437619
6.64399,-0.527636,0.526724,-0.0732545,0.428502
6.66667,-0.416273,0.479048,-0.0653136,0.446937
6.68934,-0.403612,0.486489,-0.0428291,0.470955
6.71202,-0.541846,0.500514,-0.0846431,0.438982
6.73469,-0.48627,0.451062,-0.0671742,0.456617
6.75737,-0.515914,0.443634,-0.0386818,0.491377
6.78005,-0.445069,0.395909,-0.17128,0.363741
6.80272,-0.553111,0.406578,-0.108742,0.435024
6.8254,-0.413288,0.497804,0.0109033,0.554214
6.84807,-0.44334,0.449507,-0.0175667,0.533436
6.87075,-0.583377,0.4983,-0.0358771,0.516379
6.89342,-0.432185,0.454377,-0.0707956,0.489257
6.9161,-0.582997,0.421416,-0.162077,0.397243
6.93878,-0.508047,0.429825,-0.0897513,0.479945
6.96145,-0.490022,0.470356,-0.0821971,0.487276
6.98413,-0.566101,0.396957,-0.145939,0.431829
7.0068,-0.460204,0.405719,-0.0670206,0.514952
7.02948,-0.519735,0.45134,-0.119531,0.46302
7.05215,-0.448834,0.422569,-0.101395,0.484948
7.07483,-0.529201,0.442567,-0.0661854,0.523545
7.09751,-0.495021,0.324259,-0.226898,0.365977
7.12018,-0.452112,0.409319,-0.197971,0.39793
7.14286,-0.49171,0.360569,-0.18529,0.414125
7.16553,-0.428872,0.328177,-0.229641,0.373998
7.18821,-0.573736,0.407688,-0.186298,0.417746
7.21088,-0.535413,0.407567,-0.125087,0.484137
7.23356,-0.607591,0.350375,-0.126261,0.482989
7.25624,-0.503435,0.449468,-0.161116,0.454422
7.27891,-0.447608,0.362744,-0.154618,0.457334
7.30159,-0.562004,0.350372,-0.203676,0.415127
7.32426,-0.421549,0.341891,-0.293183,0.324673
7.34694,-0.53156,0.374891,-0.227891,0.395897
7.36961,-0.611467,0.339509,-0.21151,0.411884
7.39229,-0.539442,0.372246,-0.311088,0.312641
7.41497,-0.49087,0.415215,-0.191886,0.436138
7.43764,-0.56257,0.417736,-0.314969,0.313532
7.46032,-0.453996,0.346847,-0.218845,0.406723
7.48299,-0.575382,0.319896,-0.182278,0.450965
7.50567,-0.515003,0.334785,-0.240728,0.387562
7.52834,-0.427031,0.384392,-0.186663,0.447247
7.55102,-0.451567,0.357113,-0.191863,0.439303
7.5737,-0.428679,0.30148,-0.349267,0.286867
7.59637,-0.506247,0.354649,-0.327573,0.305357
7.61905,-0.436979,0.332962,-0.37801,0.259784
7.64172,-0.527505,0.324581,-0.338952,0.297082
7.6644,-0.511091,0.290728,-0.27711,0.360832
7.68707,-0.518065,0.206789,-0.254563,0.381951
7.70975,-0.435176,0.297806,-0.253524,0.382571
7.73243,-0.448658,0.338483,-0.236113,0.397478
7.7551,-0.473936,0.217519,-0.351502,0.285208
7.77778,-0.477881,0.228345,-0.218787,0.415443
7.80045,-0.502768,0.380744,-0.386628,0.250055
7.82313,-0.481147,0.279636,-0.353617,0.278017
7.8458,-0.464083,0.268323,-0.35037,0.284896
7.86848,-0.421245,0.21057,-0.397665,0.232279
7.89116,-0.584707,0.314667,-0.318335,0.313148
7.91383,-0.477167,0.158562,-0.317427,0.314806
7.93651,-0.483657,0.181489,-0.421963,0.206193
7.95918,-0.574249,0.240297,-0.329076,0.296044
7.98186,-0.442327,0.258967,-0.452465,0.172389
8.00454,-0.514727,0.204049,-0.326238,0.297442
8.02721,-0.437833,0.245098,-0.465048,0.159436
8.04989,-0.481047,0.314762,-0.364236,0.255529
8.07256,-0.492447,0.171746,-0.400109,0.221464
8.09524,-0.562183,0.205918,-0.276183,0.3385
8.11791,-0.405082,0.289,-0.404939,0.211054
8.14059,-0.523377,0.223028,-0.374094,0.235169
8.16327,-0.442365,0.171412,-0.365814,0.241699
8.18594,-0.389458,0.190951,-0.359602,0.245712
8.20862,-0.414261,0.131444,-0.411438,0.190662
8.23129,-0.528949,0.124467,-0.481251,0.120991
8.25397,-0.380129,0.147492,-0.362553,0.238157
8.27664,-0.497813,0.0989434,-0.458266,0.134967
8.29932,-0.362913,0.146075,-0.464901,0.128811
8.322,-0.515569,0.0931881,-0.444575,0.1452
8.34467,-0.329459,0.21286,-0.328256,0.257961
8.36735,-0.390055,0.172458,-0.467431,0.11226
8.39002,-0.461147,0.0388166,-0.488731,0.0910398
8.4127,-0.367887,0.119817,-0.448036,0.122517
8.43537,-0.428685,0.0897175,-0.388402,0.181468
8.45805,-0.453037,-0.0193853,-0.462793,0.102702
8.48073,-0.335485,0.154353,-0.337261,0.223832
8.5034,-0.393634,0.0702701,-0.414998,0.141403
8.52608,-0.443091,0.0746159,-0.425206,0.126917
8.54875,-0.474348,0.135845,-0.390741,0.154735
8.57143,-0.277045,-0.0469856,-0.467348,0.0781143
8.5941,-0.456228,0.0133393,-0.373227,0.163288
8.61678,-0.270032,-0.0367536,-0.375577,0.159186
8.63946,-0.365056,0.0523535,-0.329943,0.197664
8.66213,-0.268429,-0.00925157,-0.397839,0.125917
8.68481,-0.330619,-0.0613554,-0.48527,0.0329348
8.70748,-0.246191,-0.0320356,-0.471612,0.0432664
8.73016,-0.410378,0.0264626,-0.427139,0.0806318
8.75283,-0.373702,0.029243,-0.470055,0.0358281
8.77551,-0.279252,-0.0421611,-0.441048,0.0530642
8.79819,-0.41637,-0.0661379,-0.460871,0.0330961
8.82086,-0.320152,-0.0651247,-0.513551,-0.0288336
8.84354,-0.225833,-0.0116954,-0.357426,0.122858
8.86621,-0.395028,-0.0484232,-0.346798,0.126353
8.88889,-0.273172,-0.0874909,-0.533307,-0.063636
8.91156,-0.301,-0.0690348,-0.417313,0.0414245
8.93424,-0.295968,-0.164135,-0.420974,0.0383434
8.95692,-0.208123,-0.0856269,-0.531385,-0.0820497
8.97959,-0.226963,-0.0645221,-0.499536,-0.0540792
9.00227,-0.322031,-0.143055,-0.41372,0.0202529
9.02494,-0.178913,-0.00386504,-0.419031,0.0155151
9.04762,-0.203555,-0.0955064,-0.478765,-0.0583801
9.07029,-0.215475,-0.160043,-0.438744,-0.0215882
9.09297,-0.295986,-0.0624008,-0.36821,0.0391974
9.11565,-0.279212,-0.0992547,-0.368021,0.036358
9.13832,-0.246369,-0.214981,-0.473106,-0.0773554
9.161,-0.212434,-0.103415,-0.481369,-0.0892351
9.18367,-0.247679,-0.206988,-0.328306,0.0505807
9.20635,-0.23217,-0.138801,-0.442371,-0.06462
9.22902,-0.261307,-0.196903,-0.526599,-0.15939
9.2517,-0.144598,-0.185759,-0.405779,-0.0448473
9.27438,-0.0916231,-0.158018,-0.407527,-0.0542241
9.29705,-0.144232,-0.178168,-0.441636,-0.0940751
9.31973,-0.263855,-0.208684,-0.430926,-0.0948029
9.3424,-0.0765462,-0.236211,-0.472181,-0.136942
9.36508,-0.190709,-0.142759,-0.371912,-0.0481995
9.38776,-0.0870531,-0.267159,-0.393323,-0.0753544
9.41043,-0.189525,-0.290415,-0.340189,-0.0318883
9.43311,-0.0726405,-0.196451,-0.403996,-0.100937
9.45578,-0.217813,-0.218386,-0.357764,-0.0656442
9.47846,-0.0296699,-0.293081,-0.425999,-0.140231
9.50113,-0.118258,-0.238907,-0.348278,-0.0757355
9.52381,-0.0954925,-0.33124,-0.49719,-0.225004
9.54649,-0.192212,-0.275362,-0.375003,-0.114564
9.56916,-0.143123,-0.29787,-0.377302,-0.121227
9.59184,-0.0408149,-0.243588,-0.337695,-0.0946619
9.61451,-0.050338,-0.269103,-0.454712,-0.214954
9.63719,-0.112673,-0.197336,-0.301777,-0.0763673
9.65986,0.0380789,-0.221407,-0.399154,-0.178896
9.68254,-0.0640406,-0.256335,-0.29359,-0.0811367
9.70522,-0.0346829,-0.270893,-0.373068,-0.167515
9.72789,0.0408951,-0.35573,-0.411491,-0.214738
9.75057,-0.0367127,-0.305376,-0.339323,-0.148443
9.77324,-0.101865,-0.26872,-0.34433,-0.164076
9.79592,-0.00259664,-0.332189,-0.283219,-0.111383
9.81859,0.0153677,-0.337246,-0.327058,-0.165569
9.84127,-0.0625461,-0.377043,-0.398309,-0.240052
9.86395,-0.0489256,-0.299385,-0.265004,-0.119376
9.88662,-0.00303001,-0.404151,-0.262866,-0.125423
9.9093,0.0300204,-0.267297,-0.257621,-0.129815
9.93197,-0.0170885,-0.406198,-0.405535,-0.277305
9.95465,0.0163242,-0.282389,-0.287512,-0.175566
9.97732,0.0984688,-0.434632,-0.299358,-0.193395
10,0.137968,-0.35438,-0.436903,-0.341165
10.0227,0.00681766,-0.304083,-0.296118,-0.208056
10.0454,0.102131,-0.361761,-0.338742,-0.261452
10.068,0.155265,-0.340745,-0.376004,-0.304577
10.0907,0.0315478,-0.320539,-0.293754,-0.230378
10.1134,0.0398883,-0.422115,-0.22981,-0.172147
10.1361,0.000721909,-0.297105,-0.237088,-0.192631
10.1587,0.122999,-0.326024,-0.297068,-0.259662
10.1814,0.169775,-0.320205,-0.288015,-0.258184
10.2041,0.162045,-0.382212,-0.381341,-0.360328
10.2268,0.215465,-0.340259,-0.251476,-0.24374
10.2494,0.131425,-0.399786,-0.397283,-0.391297
10.2721,0.155989,-0.361375,-0.333283,-0.338615
10.2948,0.1806,-0.342411,-0.235034,-0.248768
10.3175,0.171039,-0.442159,-0.282137,-0.303332
10.3401,0.135353,-0.378633,-0.330808,-0.358659
10.3628,0.143825,-0.369225,-0.287062,-0.324633
10.3855,0.17661,-0.492892,-0.300965,-0.343525
10.4082,0.209732,-0.304187,-0.300983,-0.358233
10.4308,0.0853121,-0.34893,-0.263831,-0.325417
10.4535,0.0996316,-0.357854,-0.306563,-0.377944
10.4762,0.285011,-0.439952,-0.242479,-0.319355
10.4989,0.127005,-0.45587,-0.315391,-0.40428
10.5215,0.208572,-0.44864,-0.287855,-0.380473
10.5442,0.199449,-0.353841,-0.29263,-0.394866
10.5669,0.124176,-0.442155,-0.278756,-0.387226
10.5896,0.24943,-0.395724,-0.311822,-0.430286
10.6122,0.241138,-0.352746,-0.284666,-0.410849
10.6349,0.288694,-0.406099,-0.279658,-0.410123
10.6576,0.340505,-0.347643,-0.133136,-0.274922
10.6803,0.308143,-0.33877,-0.120243,-0.272132
10.7029,0.301344,-0.486103,-0.230796,-0.386102
10.7256,0.182663,-0.377577,-0.283756,-0.450449
10.7483,0.183683,-0.36002,-0.180387,-0.355108
10.771,0.210926,-0.432066,-0.100514,-0.283851
10.7937,0.345679,-0.483981,-0.17642,-0.36363
10.8163,0.235973,-0.503997,-0.264565,-0.459868
10.839,0.278224,-0.481169,-0.203731,-0.405229
10.8617,0.266047,-0.419096,-0.113614,-0.322574
10.8844,0.397461,-0.503388,-0.0592753,-0.27426
10.907,0.25908,-0.507749,-0.243836,-0.468527
10.9297,0.406933,-0.450589,-0.203174,-0.433622
10.9524,0.260983,-0.463213,-0.0551217,-0.294222
10.9751,0.388986,-0.518258,-0.050473,-0.297475
10.9977,0.309991,-0.444169,-0.0681666,-0.326965
11.0204,0.371903,-0.444823,-0.0982613,-0.356212
11.0431,0.249152,-0.424299,-0.191715,-0.456816
11.0658,0.307784,-0.589053,-0.11593,-0.385675
11.0884,0.339296,-0.445659,-0.195983,-0.477682
11.1111,0.448678,-0.456285,-0.174481,-0.458168
11.1338,0.347778,-0.454815,-0.136934,-0.428271
11.1565,0.387597,-0.433881,-0.147673,-0.446826
11.1791,0.316647,-0.44433,-0.0783244,-0.385885
11.2018,0.399207,-0.473998,-0.0154792,-0.324902
11.2245,0.30001,-0.461157,-0.0754353,-0.395572
11.2472,0.334707,-0.572146,-0.122779,-0.44489
11.2698,0.316801,-0.426642,-0.0642918,-0.401296
11.2925,0.459206,-0.46766,-0.143769,-0.476768
11.3152,0.40443,-0.381597,-0.0242768,-0.372177
11.3379,0.430247,-0.308429,-0.0793952,-0.4274
11.3605,0.493366,-0.502167,-0.0166803,-0.372886
11.3832,0.365566,-0.509139,0.0675325,-0.291856
11.4059,0.465062,-0.378467,0.0691746,-0.300549
11.4286,0.399109,-0.537382,-0.0751937,-0.439558
11.4512,0.318364,-0.420279,0.0885445,-0.288412
11.4739,0.339421,-0.430957,0.0293249,-0.351239
11.4966,0.46502,-0.490531,0.0435563,-0.346669
11.5193,0.386077,-0.488947,-0.0416113,-0.434233
11.542,0.515741,-0.503662,0.0371414,-0.360632
11.5646,0.390508,-0.472562,0.11302,-0.291067
11.5873,0.516908,-0.345098,0.130257,-0.283427
11.61,0.429818,-0.467798,-0.0299126,-0.437235
11.6327,0.36694,-0.420806,0.086059,-0.332085
11.6553,0.358436,-0.398779,0.0230081,-0.395859
11.678,0.493111,-0.426934,0.0186842,-0.40975
11.7007,0.475342,-0.443717,0.0486287,-0.377228
11.7234,0.516683,-0.287904,0.116308,-0.320289
11.746,0.356496,-0.439998,0.121652,-0.317391
11.7687,0.389081,-0.328033,0.0420559,-0.402342
11.7914,0.415569,-0.340575,0.104406,-0.339678
11.8141,0.457057,-0.347365,0.176271,-0.275247
11.8367,0.533644,-0.433509,-0.00101876,-0.453539
11.8594,0.522771,-0.50572,0.00825141,-0.44693
11.8821,0.50262,-0.337527,0.105834,-0.354192
11.9048,0.518063,-0.325745,0.198467,-0.271137
11.9274,0.520255,-0.32632,0.202026,-0.27146
11.9501,0.523312,-0.312928,0.127499,-0.345864
11.9728,0.51946,-0.325148,0.0990199,-0.374633
11.9955,0.442715,-0.349909,0.074436,-0.404053
12.0181,0.373309,-0.386269,0.065973,-0.409486
12.0408,0.512087,-0.218546,0.236605,-0.248961
12.0635,0.552517,-0.347587,0.225797,-0.261384
12.0862,0.474857,-0.36822,0.0684566,-0.417672
12.1088,0.486604,-0.281599,0.152466,-0.342099
12.1315,0.529301,-0.305469,0.0868651,-0.404475
12.1542,0.455904,-0.370921,0.167856,-0.32513
12.1769,0.537777,-0.251421,0.170811,-0.328738
12.1995,0.38164,-0.358209,0.156541,-0.342373
12.2222,0.50919,-0.26303,0.225079,-0.277052
12.2449,0.547869,-0.350356,0.158357,-0.34155
12.2676,0.531788,-0.206003,0.230327,-0.274208
12.2902,0.544788,-0.241278,0.284082,-0.226244
12.3129,0.556984,-0.243804,0.177205,-0.329552
12.3356,0.53009,-0.34854,0.213893,-0.29627
12.3583,0.42886,-0.20618,0.160358,-0.351971
12.381,0.526375,-0.305838,0.198696,-0.313
12.4036,0.530761,-0.361141,0.195508,-0.315612
12.4263,0.470454,-0.327602,0.245366,-0.269469
12.449,0.492466,-0.327633,0.136415,-0.376981
12.4717,0.567307,-0.267025,0.329912,-0.186351
12.4943,0.381297,-0.204928,0.237547,-0.279836
12.517,0.539931,-0.255434,0.294667,-0.219515
12.5397,0.400729,-0.240073,0.291723,-0.224705
12.5624,0.468855,-0.230496,0.325197,-0.190462
12.585,0.553057,-0.145549,0.307535,-0.212465
12.6077,0.444184,-0.252269,0.347352,-0.174985
12.6304,0.50103,-0.293574,0.3345,-0.183748
12.6531,0.471237,-0.208101,0.372608,-0.145319
12.6757,0.399443,-0.214967,0.264819,-0.255418
12.6984,0.540519,-0.231352,0.21932,-0.294478
12.7211,0.47418,-0.229389,0.222363,-0.28953
12.7438,0.356602,-0.225351,0.190534,-0.315811
12.7664,0.415418,-0.153178,0.208469,-0.306583
12.7891,0.480817,-0.0977119,0.307019,-0.203554
12.8118,0.536285,-0.165127,0.355104,-0.160895
12.8345,0.442065,-0.240649,0.293539,-0.218896
12.8571,0.540652,-0.0851749,0.294432,-0.219209
12.8798,0.471072,-0.179179,0.34221,-0.168215
12.9025,0.356436,-0.255893,0.297017,-0.211524
12.9252,0.378396,-0.0515542,0.297583,-0.203222
12.9478,0.436283,-0.164933,0.365767,-0.14331
12.9705,0.488147,-0.136919,0.284921,-0.214276
12.9932,0.518341,-0.132798,0.245011,-0.25803
13.0159,0.520007,-0.0149793,0.412618,-0.0855968
13.0385,0.48845,-0.215654,0.39472,-0.105917
13.0612,0.444389,-0.135434,0.238784,-0.252008
13.0839,0.40403,-0.00225308,0.401632,-0.0966033
13.1066,0.481847,-0.159317,0.408412,-0.0786541
13.1293,0.341701,0.00648872,0.415739,-0.0770892
13.1519,0.340713,-0.138078,0.266931,-0.215437
13.1746,0.427749,-0.0531788,0.309997,-0.17009
13.1973,0.348837,-0.0510653,0.283594,-0.194117
13.22,0.415413,-0.0726641,0.355489,-0.118527
13.2426,0.298795,0.0304055,0.297308,-0.175658
13.2653,0.398188,-0.0823414,0.270286,-0.197374
13.288,0.45347,0.0406936,0.407395,-0.056015
13.3107,0.306341,-0.122408,0.301303,-0.161689
13.3333,0.412989,0.0573107,0.317628,-0.13755
13.356,0.437136,-0.0729116,0.263869,-0.18694
13.3787,0.287204,0.0907878,0.44672,-0.00824328
13.4014,0.43043,-0.0719454,0.336056,-0.112271
13.424,0.412592,-0.053105,0.464711,0.0207298
13.4467,0.332722,0.0614598,0.440147,-0.00648661
13.4694,0.361259,0.068305,0.282533,-0.150827
13.4921,0.307004,0.0486731,0.303159,-0.127929
13.5147,0.375089,-0.102147,0.27765,-0.143888
13.5374,0.255341,0.0412949,0.391973,-0.030476
13.5601,0.282463,0.0497856,0.32905,-0.0892738
13.5828,0.338466,0.032241,0.349775,-0.066114
13.6054,0.381,0.0139538,0.366598,-0.0425494
13.6281,0.214407,0.031144,0.472624,0.0625167
13.6508,0.359755,0.0456127,0.478053,0.0686103
13.6735,0.388631,0.148384,0.352739,-0.0489083
13.6961,0.250954,0.119844,0.309877,-0.0785317
13.7188,0.284047,0.0879372,0.306371,-0.0792261
13.7415,0.306986,-0.0564247,0.360899,-0.0159262
13.7642,0.312815,0.236266,0.330574,-0.0417209
13.7868,0.35561,0.150409,0.419929,0.0484175
13.8095,0.275868,0.162497,0.373698,0.00684805
13.8322,0.25762,0.0793161,0.350514,-0.00744348
13.8549,0.24281,0.170427,0.466632,0.10727
13.8776,0.339058,0.120751,0.296512,-0.0518985
13.9002,0.186917,0.209321,0.368098,0.0195491
13.9229,0.156989,0.116398,0.392316,0.0582455
13.9456,0.279862,0.18844,0.302022,-0.029939
13.9683,0.246324,0.233634,0.42568,0.0968688
13.9909,0.200962,0.26223,0.297956,-0.0213774
14.0136,0.247704,0.128867,0.357712,0.0436648
14.0363,0.298785,0.230772,0.347532,0.0372708
14.059,0.195595,0.0715709,0.339578,0.0362093
14.0816,0.271222,0.198263,0.455298,0.150252
14.1043,0.213852,0.256094,0.298172,0.00993522
14.127,0.216335,0.216872,0.40427,0.115225
14.1497,0.185802,0.252198,0.435596,0.153578
14.1723,0.16266,0.304853,0.315891,0.0415045
14.195,0.199618,0.125596,0.377549,0.113316
14.2177,0.126962,0.359807,0.443122,0.174797
14.2404,0.0801758,0.253417,0.288778,0.0360676
14.263,0.081978,0.197498,0.388346,0.141846
14.2857,0.167934,0.204064,0.351896,0.11367
14.3084,0.159071,0.194107,0.286134,0.0551297
14.3311,0.0564062,0.264759,0.469984,0.237563
14.3537,0.0734282,0.174482,0.368528,0.139856
14.3764,0.114801,0.278004,0.377775,0.160456
14.3991,0.154918,0.285104,0.282091,0.0753663
14.4218,0.0640251,0.332105,0.351679,0.14999
14.4444,0.0085724,0.397343,0.394981,0.193254
14.4671,0.104895,0.293259,0.356908,0.171897
14.4898,0.127263,0.393434,0.444079,0.257517
14.5125,0.0796449,0.267286,0.287947,0.119298
14.5351,0.0481095,0.358351,0.456685,0.280383
14.5578,0.144089,0.387018,0.335448,0.172927
14.5805,0.0959032,0.401671,0.26934,0.113578
14.6032,0.000670526,0.275386,0.34101,0.196788
14.6259,0.103899,0.393519,0.24908,0.111253
14.6485,-0.0454853,0.386817,0.337544,0.207563
14.6712,-0.0427803,0.363013,0.332461,0.200038
14.6939,0.0681147,0.457609,0.284354,0.166421
14.7166,0.0793054,0.432083,0.236847,0.126284
14.7392,-0.0322153,0.305838,0.406528,0.291303
14.7619,0.0898499,0.311653,0.397516,0.29289
14.7846,-0.0408612,0.30888,0.225724,0.138729
14.8073,-0.0840128,0.516462,0.239953,0.160872
14.8299,-0.0979906,0.430763,0.399904,0.319204
14.8526,0.0496235,0.413452,0.359287,0.286275
14.8753,-0.0600544,0.365477,0.31136,0.251945
14.898,-0.0747437,0.48096,0.255698,0.203895
14.9206,-0.0617767,0.41838,0.349682,0.295229
14.9433,-0.0431221,0.407577,0.205302,0.167887
14.966,-0.0803513,0.476976,0.303292,0.270995
14.9887,-0.0678667,0.440812,0.357293,0.328291
15.0113,-0.0381479,0.329143,0.313904,0.298528
15.034,-0.170716,0.358874,0.285523,0.274258
15.0567,-0.104256,0.495858,0.331493,0.324962
15.0794,0.0102224,0.4844,0.32505,0.321836
15.102,-0.0151559,0.478818,0.239175,0.252245
15.1247,-0.0366997,0.51505,0.2601,0.279052
15.1474,-0.0681954,0.406145,0.250615,0.273646
15.1701,-0.164468,0.524418,0.374559,0.396233
15.1927,-0.0859099,0.462044,0.164981,0.210496
15.2154,-0.0826067,0.45473,0.172653,0.217492
15.2381,-0.141965,0.355217,0.193136,0.24386
15.2608,-0.0626348,0.581948,0.354728,0.402655
15.2834,-0.118242,0.46934,0.266464,0.329127
15.3061,-0.09987,0.53948,0.225175,0.300039
15.3288,-0.0647098,0.428617,0.245113,0.326071
15.3515,-0.225593,0.460567,0.142157,0.231861
15.3741,-0.196835,0.521897,0.238509,0.335901
15.3968,-0.183713,0.584677,0.218507,0.318469
15.4195,-0.226791,0.447558,0.163546,0.27202
15.4422,-0.185871,0.421347,0.214826,0.326982
15.4649,-0.122184,0.426377,0.246914,0.365712
15.4875,-0.125914,0.636176,0.164174,0.297439
15.5102,-0.156937,0.539922,0.143969,0.283946
15.5329,-0.156357,0.495438,0.139815,0.287171
15.5556,-0.200771,0.514396,0.120789,0.276465
15.5782,-0.293305,0.434805,0.136318,0.294695
15.6009,-0.224035,0.58825,0.275434,0.436026
15.6236,-0.209877,0.524758,0.227861,0.390155
15.6463,-0.310821,0.486348,0.233484,0.411242
15.6689,-0.188898,0.531707,0.117959,0.303052
15.6916,-0.312951,0.457392,0.127401,0.318695
15.7143,-0.22108,0.47886,0.114012,0.311891
15.737,-0.178029,0.589876,0.22559,0.422397
15.7596,-0.242496,0.501208,0.25814,0.457209
15.7823,-0.183746,0.478454,0.131316,0.346389
15.805,-0.192496,0.507569,0.154549,0.371385
15.8277,-0.345611,0.627804,0.199518,0.423182
15.8503,-0.32767,0.593802,0.17407,0.398652
15.873,-0.373664,0.498494,0.175633,0.419448
15.8957,-0.336658,0.604387,0.0306371,0.278874
15.9184,-0.273071,0.620881,0.129425,0.38251
15.941,-0.251987,0.491745,0.0399432,0.301604
15.9637,-0.251273,0.557089,0.00825525,0.280713
15.9864,-0.236143,0.494156,0.148454,0.415383
16.0091,-0.34806,0.537674,0.0511861,0.328564
16.0317,-0.217346,0.534258,0.0312546,0.31327
16.0544,-0.382125,0.427418,0.0670642,0.357484
16.0771,-0.353427,0.443331,0.0263795,0.321971
16.0998,-0.345684,0.586981,0.0761676,0.376751
16.1224,-0.397309,0.685997,0.11276,0.411509
16.1451,-0.31532,0.536118,0.0125136,0.329449
16.1678,-0.312415,0.465177,0.00567935,0.326515
16.1905,-0.419655,0.624739,0.130091,0.447786
16.2132,-0.328303,0.567593,0.00336145,0.332938
16.2358,-0.450332,0.586687,-0.0223675,0.313208
16.2585,-0.323527,0.40973,-0.0549035,0.286467
16.2812,-0.459656,0.525685,0.0530775,0.391331
16.3039,-0.36156,0.473904,-0.0744162,0.274685
16.3265,-0.393499,0.649128,0.0561223,0.404044
16.3492,-0.274212,0.527964,-0.0831334,0.275442
16.3719,-0.399284,0.465994,-0.0872698,0.281003
16.3946,-0.372673,0.647042,-0.0484642,0.322956
16.4172,-0.363524,0.535194,-0.0050025,0.365561
16.4399,-0.356771,0.620139,-0.0800763,0.291925
16.4626,-0.40896,0.561933,-0.0844993,0.296261
16.4853,-0.475649,0.527553,0.0350166,0.411431
16.5079,-0.355381,0.481801,-0.0810034,0.307721
16.5306,-0.455351,0.388216,-0.0762814,0.318201
16.5533,-0.45817,0.55285,0.0730183,0.456866
16.576,-0.438325,0.5638,-0.140587,0.2627
16.5986,-0.321992,0.529772,0.0461839,0.444026
16.6213,-0.464006,0.465801,-0.108465,0.307597
16.644,-0.481424,0.527467,-0.0905651,0.325457
16.6667,-0.44603,0.536449,0.00766679,0.415726
16.6893,-0.38305,0.356798,-0.151867,0.268576
16.712,-0.457675,0.378317,-0.0979299,0.327988
16.7347,-0.332292,0.418151,0.0254276,0.443937
16.7574,-0.410359,0.576154,-0.0744818,0.347716
16.78,-0.420373,0.431434,-0.0829025,0.345851
16.8027,-0.387976,0.512427,-0.0870209,0.34393
16.8254,-0.45991,0.488713,-0.0953526,0.341936
16.8481,-0.369944,0.459769,-0.0974048,0.339882
16.8707,-0.369148,0.45097,-0.102691,0.337759
16.8934,-0.325669,0.482845,-0.110247,0.335576
16.9161,-0.392313,0.405289,-0.111172,0.333325
16.9388,-0.48009,0.475935,-0.109188,0.331015
16.9615,-0.464454,0.477241,-0.120804,0.328639
16.9841,-0.421685,0.434321,-0.128205,0.326205
17.0068,-0.460987,0.357645,-0.128313,0.323705
17.0295,-0.438153,0.428347,-0.137578,0.321148
17.0522,-0.452428,0.412853,-0.14602,0.318528
17.0748,-0.508571,0.423842,-0.144771,0.315852
17.0975,-0.351,0.364326,-0.15092,0.313114
17.1202,-0.341536,0.440172,-0.154521,0.31032
17.1429,-0.525465,0.269966,-0.168324,0.307466
17.1655,-0.414256,0.375872,-0.161427,0.304559
17.1882,-0.411103,0.384234,-0.169141,0.301592
17.2109,-0.525175,0.472704,-0.171715,0.298573
17.2336,-0.490801,0.383972,-0.182328,0.295497
17.2562,-0.409982,0.359291,-0.180605,0.292369
17.2789,-0.408152,0.39232,-0.187008,0.289186
17.3016,-0.4754,0.350745,-0.180018,0.285953
17.3243,-0.431883,0.260565,-0.195816,0.282665
17.3469,-0.364295,0.434684,-0.196486,0.279329
17.3696,-0.360258,0.49222,-0.203518,0.275941
17.3923,-0.467022,0.316418,-0.20562,0.272506
17.415,-0.47188,0.301733,-0.209386,0.26902
17.4376,-0.324973,0.267394,-0.212864,0.265489
17.4603,-0.433014,0.434578,-0.220225,0.261908
17.483,-0.520558,0.316947,-0.21281,0.258284
17.5057,-0.398722,0.19029,-0.222,0.254612
17.5283,-0.400744,0.37139,-0.222318,0.250898
17.551,-0.433178,0.357457,-0.237584,0.247139
17.5737,-0.426429,0.251555,-0.239491,0.243339
17.5964,-0.461032,0.262414,-0.242823,0.239495
17.619,-0.364698,0.235866,-0.238846,0.235612
17.6417,-0.384205,0.290421,-0.245951,0.231687
17.6644,-0.333039,0.207996,-0.245933,0.227724
17.6871,-0.394336,0.263527,-0.25866,0.223722
17.7098,-0.351242,0.279705,-0.252454,0.219684
17.7324,-0.41798,0.188264,-0.266828,0.215607
17.7551,-0.345589,0.253088,-0.260378,0.211497
17.7778,-0.486917,0.289479,-0.264533,0.20735
17.8005,-0.368496,0.311693,-0.273042,0.203172
17.8231,-0.367136,0.259405,-0.277854,0.198958
17.8458,-0.332509,0.306615,-0.275271,0.194715
17.8685,-0.444702,0.208613,-0.283696,0.190438
17.8912,-0.297981,0.204586,-0.2858,0.186134
17.9138,-0.392343,0.168626,-0.291439,0.181798
17.9365,-0.286384,0.190297,-0.290712,0.177436
17.9592,-0.364534,0.172418,-0.29297,0.173045
17.9819,-0.4035,0.261285,-0.293076,0.168629
18.0045,-0.328922,0.096557,-0.297669,0.164187
18.0272,-0.336249,0.239045,-0.292275,0.159721
18.0499,-0.275226,0.211851,-0.300655,0.155231
18.0726,-0.321063,0.215341,-0.298451,0.15072
18.0952,-0.387177,0.193705,-0.307595,0.146185
18.1179,-0.258117,0.204133,-0.304656,0.141632
18.1406,-0.255764,0.0707117,-0.306058,0.137057
18.1633,-0.251744,0.166567,-0.309854,0.132465
18.1859,-0.390809,0.120649,-0.304761,0.127854
18.2086,-0.280637,0.0734013,-0.318813,0.123228
18.2313,-0.290026,0.0485673,-0.317754,0.118585
18.254,-0.42935,0.0394604,-0.323138,0.113929
18.2766,-0.287792,0.181491,-0.322174,0.109256
18.2993,-0.332736,0.084893,-0.326418,0.104574
18.322,-0.36741,0.0755718,-0.320319,0.099877
18.3447,-0.284761,0.0721884,-0.323543,0.0951713
18.3673,-0.218085,0.0618429,-0.320956,0.090454
18.39,-0.230128,-0.010933,-0.328322,0.0857294
18.4127,-0.288726,0.0308504,-0.327188,0.0809952
18.4354,-0.278826,-0.0496978,-0.332308,0.0762558
18.458,-0.372557,0.00715887,-0.331022,0.0715087
18.4807,-0.24757,0.0996983,-0.336529,0.0667583
18.5034,-0.386742,0.0880205,-0.339774,0.062002
18.5261,-0.325693,0.0594665,-0.33088,0.0572444
18.5488,-0.227496,0.123949,-0.332591,0.0524828
18.5714,-0.273731,0.0156238,-0.335405,0.0477219
18.5941,-0.320751,0.00612627,-0.341389,0.0429588
18.6168,-0.278441,-0.0324216,-0.338796,0.0381984
18.6395,-0.289075,0.0579393,-0.34255,0.0334378
18.6621,-0.295553,0.0377202,-0.342272,0.0286816
18.6848,-0.254535,0.0787712,-0.336407,0.0239273
18.7075,-0.298891,-0.02667,-0.332612,0.0191792
18.7302,-0.232164,-0.0900156,-0.340123,0.0144348
18.7528,-0.308985,-0.0939456,-0.33888,0.00969841
18.7755,-0.277109,-0.0986564,-0.341425,0.00496778
18.7982,-0.283471,-0.0201177,-0.343362,0.00024701
18.8209,-0.267841,0.0152248,-0.344446,-0.00446626
18.8435,-0.30295,-0.060898,-0.335212,-0.00916765
18.8662,-0.275606,0.0667593,-0.339107,-0.0138598
18.8889,-0.267017,-0.0507096,-0.336578,-0.0185383
18.9116,-0.123999,0.0506032,-0.342449,-0.0232057
18.9342,-0.113439,-0.117546,-0.339707,-0.0278576
18.9569,-0.219689,-0.0475007,-0.341131,-0.0324967
18.9796,-0.276367,-0.126387,-0.343756,-0.0371185
19.0023,-0.173409,-0.0609306,-0.336766,-0.0417256
19.0249,-0.094588,-0.0674855,-0.34095,-0.0463136
19.0476,-0.16686,-0.147745,-0.343969,-0.0508852
19.0703,-0.255647,-0.0621887,-0.337208,-0.0554361
19.093,-0.193616,-0.0766221,-0.335837,-0.0599687
19.1156,-0.103629,-0.300252,-0.330846,-0.064479
19.1383,-0.0480437,-0.157187,-0.339318,-0.0689692
19.161,-0.235104,-0.238247,-0.329072,-0.0734354
19.1837,-0.193056,-0.153974,-0.326256,-0.0778798
19.2063,-0.0465786,-0.125656,-0.330465,-0.0822984
19.229,-0.0428213,-0.126022,-0.328624,-0.0866937
19.2517,-0.0653705,-0.168462,-0.324427,-0.0910616
19.2744,-0.0877452,-0.148713,-0.328051,-0.0954045
19.2971,-0.18155,-0.204022,-0.319136,-0.0997184
19.3197,-0.103682,-0.235353,-0.326746,-0.104006
19.3424,-0.189036,-0.201285,-0.315064,-0.108262
19.3651,-0.162944,-0.208215,-0.323735,-0.112491
19.3878,-0.126546,-0.158523,-0.315607,-0.116687
19.4104,-0.138679,-0.264515,-0.317542,-0.120854
19.4331,-0.0713937,-0.248837,-0.310923,-0.124987
19.4558,-0.0041478,-0.280508,-0.316043,-0.129088
19.4785,-0.0686356,-0.281452,-0.315234,-0.133155
19.5011,-0.111855,-0.265251,-0.316436,-0.137188
19.5238,-0.0622463,-0.160244,-0.3035,-0.141185
19.5465,-0.131788,-0.22441,-0.301853,-0.145148
19.5692,-0.0213537,-0.15808,-0.304409,-0.149073
19.5918,-0.07082,-0.279064,-0.306768,-0.152962
19.6145,-0.0106386,-0.241048,-0.296634,-0.156811
19.6372,0.0759708,-0.254928,-0.293842,-0.160624
19.6599,0.0727656,-0.238733,-0.285547,-0.164396
19.6825,-0.0608466,-0.321967,-0.289298,-0.168129
19.7052,0.0956036,-0.280356,-0.28773,-0.17182
19.7279,0.0379867,-0.312014,-0.284639,-0.175472
19.7506,0.0476732,-0.344712,-0.282972,-0.17908
19.7732,-0.0348702,-0.370118,-0.27831,-0.182647
19.7959,0.0436558,-0.358518,-0.264391,-0.186169
19.8186,0.118048,-0.3839,-0.271368,-0.189649
19.8413,0.130418,-0.346886,-0.271817,-0.193083
19.8639,-0.0187587,-0.290677,-0.264532,-0.196474
19.8866,0.0909219,-0.396882,-0.264827,-0.199818
19.9093,0.0315789,-0.312709,-0.264697,-0.203117
19.932,0.0220184,-0.25767,-0.260288,-0.206367
19.9546,0.0587683,-0.392764,-0.256024,-0.209572
19.9773,0.119832,-0.393001,-0.257582,-0.212728
20,0.126752,-0.265817,-0.250358,-0.215837
20.0227,0.045719,-0.42248,-0.240824,-0.218895
20.0454,0.112197,-0.379119,-0.243157,-0.221906
20.068,0.180336,-0.401467,-0.234787,-0.224865
20.0907,0.00564638,-0.432687,-0.23501,-0.227775
20.1134,0.0157505,-0.409408,-0.233975,-0.230633
20.1361,0.111878,-0.410991,-0.235077,-0.233441
20.1587,0.198214,-0.35001,-0.220425,-0.236195
20.1814,0.201065,-0.434219,-0.22605,-0.238899
20.2041,0.129727,-0.383068,-0.213125,-0.241548
20.2268,0.103913,-0.34035,-0.213658,-0.244146
20.2494,0.0773404,-0.467755,-0.213919,-0.246688
20.2721,0.0746439,-0.368048,-0.203844,-0.249178
20.2948,0.237796,-0.363292,-0.199875,-0.251612
20.3175,0.227889,-0.471749,-0.203257,-0.253993
20.3401,0.074006,-0.414347,-0.19758,-0.256317
20.3628,0.151873,-0.481101,-0.191346,-0.258587
20.3855,0.0916799,-0.455138,-0.184026,-0.260799
20.4082,0.173096,-0.413606,-0.17611,-0.262957
20.4308,0.171447,-0.34419,-0.184118,-0.265056
20.4535,0.159659,-0.412964,-0.176268,-0.2671
20.4762,0.226713,-0.51409,-0.176067,-0.269085
20.4989,0.163837,-0.493675,-0.164752,-0.271014
20.5215,0.232688,-0.485057,-0.167788,-0.272883
20.5442,0.282049,-0.462986,-0.166103,-0.274696
20.5669,0.180024,-0.456161,-0.14859,-0.276449
20.5896,0.214476,-0.459549,-0.149903,-0.278144
20.6122,0.159832,-0.403754,-0.149858,-0.279779
20.6349,0.199747,-0.397691,-0.138686,-0.281357
20.6576,0.197965,-0.46726,-0.143053,-0.282873
20.6803,0.244826,-0.376853,-0.137326,-0.284331
20.7029,0.137918,-0.52374,-0.128961,-0.285727
20.7256,0.329039,-0.497025,-0.131308,-0.287066
20.7483,0.235933,-0.411086,-0.12891,-0.288342
20.771,0.29652,-0.406699,-0.119814,-0.289559
20.7937,0.291482,-0.444565,-0.110797,-0.290714
20.8163,0.325766,-0.347675,-0.114922,-0.29181
20.839,0.303691,-0.450892,-0.108036,-0.292844
20.8617,0.340986,-0.368844,-0.100252,-0.293818
20.8844,0.331927,-0.510799,-0.0886828,-0.294729
20.907,0.369948,-0.480628,-0.088425,-0.29558
20.9297,0.259329,-0.507122,-0.0778191,-0.296369
20.9524,0.219639,-0.454173,-0.0831857,-0.297098
20.9751,0.223845,-0.355066,-0.0719581,-0.297763
20.9977,0.196712,-0.421828,-0.0820542,-0.298369
21.0204,0.204979,-0.459248,-0.074325,-0.298911
21.0431,0.306935,-0.36583,-0.0606985,-0.299394
21.0658,0.348413,-0.419265,-0.0595068,-0.299813
21.0884,0.289122,-0.452114,-0.0687007,-0.300172
21.1111,0.287409,-0.508283,-0.0460842,-0.300467
21.1338,0.336896,-0.495178,-0.0507041,-0.300703
21.1565,0.291972,-0.354278,-0.0438545,-0.300875
21.1791,0.298552,-0.409959,-0.0308713,-0.300988
21.2018,0.356637,-0.477922,-0.0364507,-0.301037
21.2245,0.283736,-0.319117,-0.0338725,-0.301026
21.2472,0.237942,-0.387456,-0.0301598,-0.300952
21.2698,0.40823,-0.453808,-0.0159706,-0.300818
21.2925,0.38566,-0.36905,-0.00900937,-0.300622
21.3152,0.237217,-0.369713,-0.0155452,-0.300366
21.3379,0.390166,-0.424686,-0.00416043,-0.300047
21.3605,0.405556,-0.394342,-0.00959602,-0.299669
21.3832,0.404461,-0.450177,0.002447,-0.299228
21.4059,0.263352,-0.45014,0.00486409,-0.298728
21.4286,0.305838,-0.456219,0.0103582,-0.298166
21.4512,0.278851,-0.465488,0.014756,-0.297546
21.4739,0.351382,-0.377741,0.0263956,-0.296864
21.4966,0.291093,-0.357413,0.0232744,-0.296123
21.5193,0.266122,-0.405304,0.0312903,-0.295321
21.542,0.40413,-0.314896,0.0343403,-0.294461
21.5646,0.29501,-0.36601,0.0421888,-0.29354
21.5873,0.315608,-0.507092,0.03782,-0.292562
21.61,0.262583,-0.369801,0.0521948,-0.291523
21.6327,0.437551,-0.392628,0.0457271,-0.290428
21.6553,0.329704,-0.448601,0.0556305,-0.289272
21.678,0.458794,-0.414982,0.0654752,-0.288061
21.7007,0.427577,-0.350296,0.0670365,-0.286789
21.7234,0.279146,-0.381035,0.0665128,-0.285463
21.746,0.297866,-0.3228,0.0695514,-0.284077
21.7687,0.277641,-0.327783,0.0727433,-0.282636
21.7914,0.386702,-0.422483,0.0847151,-0.281138
21.8141,0.323467,-0.351164,0.0923752,-0.279585
21.8367,0.342106,-0.323169,0.0937142,-0.277974
21.8594,0.361067,-0.386788,0.0929796,-0.27631
21.8821,0.461447,-0.314951,0.102887,-0.27459
21.9048,0.462774,-0.348779,0.106294,-0.272816
21.9274,0.340409,-0.346304,0.0991617,-0.270987
21.9501,0.30586,-0.336126,0.111605,-0.269106
21.9728,0.300162,-0.419941,0.107337,-0.267169
21.9955,0.358383,-0.373157,0.117763,-0.265182
22.0181,0.327434,-0.33033,0.124574,-0.263141
22.0408,0.412344,-0.339013,0.126249,-0.261049
22.0635,0.365473,-0.305913,0.132821,-0.258904
22.0862,0.345808,-0.33837,0.13557,-0.25671
22.1088,0.455078,-0.325532,0.133825,-0.254464
22.1315,0.290396,-0.354314,0.140477,-0.252169
22.1542,0.356263,-0.357351,0.149632,-0.249824
22.1769,0.389312,-0.264366,0.151311,-0.247431
22.1995,0.295414,-0.296677,0.145344,-0.244988
22.2222,0.416445,-0.278925,0.154183,-0.242499
22.2449,0.292358,-0.33803,0.160958,-0.23996
22.2676,0.351498,-0.278885,0.161725,-0.237377
22.2902,0.339142,-0.436186,0.174048,-0.234746
22.3129,0.332059,-0.280298,0.164454,-0.23207
22.3356,0.440023,-0.231717,0.172395,-0.229349
22.3583,0.293571,-0.300795,0.177932,-0.226584
22.381,0.392671,-0.263456,0.18365,-0.223773
22.4036,0.42478,-0.232546,0.187615,-0.220922
22.4263,0.306411,-0.288659,0.190868,-0.218026
22.449,0.371876,-0.186685,0.193652,-0.215089
22.4717,0.426961,-0.230992,0.199224,-0.21211
22.4943,0.281787,-0.279374,0.192656,-0.209091
22.517,0.381074,-0.279406,0.208167,-0.206031
22.5397,0.346362,-0.262504,0.20057,-0.202933
22.5624,0.281241,-0.230229,0.214808,-0.199794
22.585,0.457052,-0.186063,0.209349,-0.196619
22.6077,0.352682,-0.261372,0.224069,-0.193406
22.6304,0.36658,-0.128864,0.221851,-0.190157
22.6531,0.274749,-0.247439,0.220854,-0.18687
22.6757,0.342595,-0.17914,0.220285,-0.18355
22.6984,0.379047,-0.298836,0.224412,-0.180194
22.7211,0.350843,-0.21787,0.228378,-0.176806
22.7438,0.429585,-0.304213,0.228984,-0.173382
22.7664,0.284457,-0.19267,0.237729,-0.169928
22.7891,0.438604,-0.175326,0.245121,-0.166441
22.8118,0.324182,-0.0948361,0.234873,-0.162925
22.8345,0.257841,-0.215672,0.248696,-0.159377
22.8571,0.334033,-0.126146,0.247609,-0.155801
22.8798,0.241458,-0.164931,0.249487,-0.152195
22.9025,0.330706,-0.235613,0.252614,-0.148562
22.9252,0.3161,-0.170482,0.256916,-0.144901
22.9478,0.275382,-0.220171,0.259618,-0.141216
22.9705,0.228127,-0.121904,0.2551,-0.137503
22.9932,0.386013,-0.119793,0.256722,-0.133767
23.0159,0.380451,-0.133817,0.255923,-0.130006
23.0385,0.219129,-0.0753526,0.252462,-0.126223
23.0612,0.234101,-0.0642287,0.264421,-0.122416
23.0839,0.385252,-0.112735,0.261498,-0.11859
23.1066,0.345133,-0.105411,0.267379,-0.114741
23.1293,0.303607,-0.0665793,0.271784,-0.110874
23.1519,0.248356,-0.0507946,0.27718,-0.106987
23.1746,0.332486,-0.0803771,0.269523,-0.103083
23.1973,0.197937,-0.0683496,0.27828,-0.0991596
23.22,0.293839,-0.0123835,0.267491,-0.0952217
23.2426,0.343928,-0.0919233,0.276988,-0.0912664
23.2653,0.306961,-0.14729,0.273748,-0.087298
23.288,0.275492,-0.0619922,0.285398,-0.083314
23.3107,0.319002,-0.0291879,0.282509,-0.0793184
23.3333,0.308688,-0.180936,0.281024,-0.0753089
23.356,0.231918,-0.0473088,0.282887,-0.0712895
23.3787,0.251557,0.00645137,0.296181,-0.0672581
23.4014,0.238995,-0.0715391,0.288647,-0.0632185
23.424,0.354437,0.0283214,0.277281,-0.0591683
23.4467,0.161569,-0.0449081,0.2848,-0.0551117
23.4694,0.161452,-0.0480798,0.294178,-0.0510464
23.4921,0.180725,0.00449179,0.281988,-0.0469764
23.5147,0.332444,-0.000677818,0.291403,-0.0428993
23.5374,0.251857,-0.0355003,0.284602,-0.0388192
23.5601,0.215735,0.0403367,0.2864,-0.0347338
23.5828,0.234754,0.0256923,0.283701,-0.0306471
23.6054,0.133558,0.0246964,0.292329,-0.0265569
23.6281,0.230637,0.0204025,0.289279,-0.0224671
23.6508,0.206272,0.0149048,0.289172,-0.0183753
23.6735,0.152918,0.0104379,0.30075,-0.0142858
23.6961,0.201008,0.0512454,0.296289,-0.010196
23.7188,0.232896,0.110332,0.295351,-0.00611011
23.7415,0.157813,0.0625722,0.298129,-0.00202585
23.7642,0.137545,0.105239,0.286288,0.00205288
23.7868,0.134034,0.094574,0.301581,0.00612839
23.8095,0.116626,0.0532411,0.29023,0.0101966
23.8322,0.128197,0.0346797,0.288295,0.0142598
23.8549,0.262907,0.0943545,0.298895,0.018314
23.8776,0.210455,0.0733074,0.297801,0.0223616
23.9002,0.225003,0.203878,0.29207,0.0263985
23.9229,0.110317,0.110157,0.291345,0.0304271
23.9456,0.119513,0.225536,0.292142,0.0344433
23.9683,0.106309,0.195367,0.290166,0.0384495
23.9909,0.210464,0.151245,0.290123,0.0424417
24.0136,0.238971,0.131684,0.297077,0.0464222
24.0363,0.121893,0.177694,0.292666,0.0503872
24.059,0.14069,0.103755,0.290772,0.0543387
24.0816,0.186337,0.242813,0.289716,0.058273
24.1043,0.155713,0.0824465,0.28486,0.0621924
24.127,0.170466,0.185909,0.284651,0.0660928
24.1497,0.0239072,0.13482,0.285873,0.0699767
24.1723,0.121622,0.185866,0.27592,0.0738402
24.195,0.0348447,0.169966,0.283311,0.0776855
24.2177,0.00815237,0.186816,0.279797,0.0815086
24.2404,0.137081,0.250195,0.285864,0.0853122
24.263,0.0445719,0.198605,0.276646,0.089092
24.2857,0.0236622,0.147304,0.272403,0.0928507
24.3084,0.0623221,0.251361,0.27567,0.0965841
24.3311,0.0213205,0.206361,0.27833,0.100295
24.3537,0.0706806,0.148886,0.274226,0.103979
24.3764,0.100083,0.208249,0.271465,0.107639
24.3991,0.0127313,0.17054,0.267806,0.11127
24.4218,0.00458822,0.204369,0.273793,0.114876
24.4444,0.120714,0.246411,0.264178,0.118452
24.4671,0.000784792,0.293171,0.267189,0.122002
24.4898,-0.0239466,0.367584,0.269358,0.12552
24.5125,-0.0556114,0.238743,0.274807,0.129009
24.5351,0.0444026,0.219189,0.255115,0.132466
24.5578,-0.0770261,0.249461,0.259779,0.135894
24.5805,0.0476403,0.185324,0.261262,0.139287
24.6032,-0.0855989,0.240028,0.253574,0.142649
24.6259,-0.0845751,0.288798,0.255797,0.145976
24.6485,-0.0470861,0.258651,0.255253,0.14927
24.6712,-0.00886671,0.446882,0.2482,0.152528
24.6939,-0.0868167,0.275729,0.253409,0.155752
24.7166,-0.0866964,0.405627,0.240421,0.158938
24.7392,0.0243356,0.284799,0.245312,0.162089
24.7619,-0.0834487,0.268954,0.239226,0.165201
24.7846,-0.0769301,0.396405,0.240435,0.168277
24.8073,0.0578418,0.416939,0.233731,0.171313
24.8299,-0.140145,0.368722,0.241554,0.174311
24.8526,0.037481,0.287781,0.223583,0.177268
24.8753,-0.102608,0.306287,0.227667,0.180186
24.898,-0.0882775,0.360282,0.218289,0.183062
24.9206,-0.00147393,0.356209,0.226744,0.185898
24.9433,-0.152007,0.211452,0.213727,0.18869
24.966,-0.0958606,0.332185,0.214603,0.191442
24.9887,0.0168978,0.359776,0.215099,0.194149
25.0113,-0.0824452,0.294814,0.211396,0.196814
25.034,-0.0873177,0.320208,0.211177,0.199434
25.0567,-0.0921659,0.41399,0.211842,0.202011
25.0794,-0.0969886,0.341105,0.200057,0.204541
25.102,-0.101785,0.379795,0.20356,0.207028
25.1247,-0.106554,0.319438,0.194885,0.209467
25.1474,-0.111294,0.388348,0.191541,0.211862
25.1701,-0.116006,0.331286,0.185852,0.214208
25.1927,-0.120687,0.435911,0.182106,0.216509
25.2154,-0.125336,0.413039,0.18196,0.218761
25.2381,-0.129954,0.428805,0.187499,0.220966
25.2608,-0.134539,0.34645,0.174221,0.223122
25.2834,-0.13909,0.431859,0.175942,0.22523
25.3061,-0.143606,0.432178,0.165207,0.227288
25.3288,-0.148086,0.372808,0.167235,0.229298
25.3515,-0.15253,0.349882,0.162651,0.231257
25.3741,-0.156936,0.449309,0.160622,0.233167
25.3968,-0.161304,0.321464,0.150754,0.235025
25.4195,-0.165632,0.407067,0.158793,0.236835
25.4422,-0.169921,0.389364,0.147149,0.238591
25.4649,-0.174168,0.368675,0.149489,0.240298
25.4875,-0.178374,0.456848,0.146071,0.241952
25.5102,-0.182537,0.382716,0.139231,0.243556
25.5329,-0.186657,0.355686,0.142499,0.245106
25.5556,-0.190733,0.375156,0.134281,0.246605
25.5782,-0.194763,0.358222,0.131429,0.248051
25.6009,-0.198748,0.488293,0.134263,0.249445
25.6236,-0.202687,0.454625,0.119641,0.250785
25.6463,-0.206578,0.326704,0.122689,0.252073
25.6689,-0.210421,0.423248,0.11456,0.253306
25.6916,-0.214216,0.431763,0.106964,0.254488
25.7143,-0.21796,0.420884,0.106771,0.255614
25.737,-0.221655,0.420567,0.105648,0.256688
25.7596,-0.225299,0.370425,0.0966762,0.257707
25.7823,-0.228891,0.39041,0.0991956,0.258673
25.805,-0.232431,0.465003,0.0908604,0.259584
25.8277,-0.235918,0.419189,0.0893944,0.260442
25.8503,-0.239352,0.420039,0.0870883,0.261244
25.873,-0.242731,0.482464,0.080278,0.261994
25.8957,-0.246055,0.386703,0.0761941,0.262687
25.9184,-0.249324,0.37823,0.0717109,0.263328
25.941,-0.252537,0.353538,0.0633202,0.263912
25.9637,-0.255693,0.437362,0.0674,0.264444
25.9864,-0.258792,0.34077,0.060123,0.264919
26.0091,-0.261832,0.432537,0.0606094,0.265342
26.0317,-0.264815,0.378561,0.0564117,0.265708
26.0544,-0.267739,0.339129,0.0545506,0.266022
26.0771,-0.270603,0.353325,0.04165,0.26628
26.0998,-0.273407,0.564026,0.0406156,0.266484
26.1224,-0.276151,0.459857,0.0437411,0.266633
26.1451,-0.278834,0.354785,0.0396642,0.266729
26.1678,-0.281455,0.398171,0.0280201,0.26677
26.1905,-0.284015,0.39221,0.0280404,0.266758
26.2132,-0.286512,0.379094,0.018757,0.26669
26.2358,-0.288946,0.265991,0.022176,0.26657
26.2585,-0.291317,0.38106,0.012102,0.266394
26.2812,-0.293625,0.405099,0.011797,0.266167
26.3039,-0.295869,0.424841,0.00423939,0.265885
26.3265,-0.298048,0.465897,0.0170452,0.26555
26.3492,-0.300162,0.451843,-0.00413435,0.265161
26.3719,-0.302211,0.440441,-0.00385733,0.264721
26.3946,-0.304195,0.47133,-0.00865124,0.264226
26.4172,-0.306114,0.45014,-0.00932434,0.263681
26.4399,-0.307966,0.337548,-0.0184906,0.263081
26.4626,-0.309751,0.29688,-0.017791,0.262431
26.4853,-0.311471,0.395342,-0.022715,0.261727
26.5079,-0.313123,0.391921,-0.031184,0.260974
26.5306,-0.314708,0.36809,-0.0323189,0.260167
26.5533,-0.316226,0.390017,-0.0284337,0.259311
26.576,-0.317676,0.452357,-0.0442272,0.258402
26.5986,-0.319058,0.389192,-0.0438904,0.257444
26.6213,-0.320372,0.313941,-0.0501597,0.256435
26.644,-0.321618,0.489622,-0.0386943,0.255377
26.6667,-0.322796,0.350312,-0.0497313,0.254267
26.6893,-0.323905,0.371624,-0.059387,0.25311
26.712,-0.324946,0.440741,-0.0628015,0.251903
26.7347,-0.325918,0.412276,-0.0647108,0.250648
26.7574,-0.326821,0.388453,-0.0690996,0.249344
26.78,-0.327655,0.387193,-0.06879,0.247993
26.8027,-0.32842,0.395963,-0.078796,0.246593
26.8254,-0.329115,0.387093,-0.0785054,0.245147
26.8481,-0.329742,0.474911,-0.0793465,0.243653
26.8707,-0.3303,0.339678,-0.0839009,0.242115
26.8934,-0.330788,0.467312,-0.0850667,0.240528
26.9161,-0.331207,0.315294,-0.0967432,0.238898
26.9388,-0.331557,0.373934,-0.101972,0.237221
26.9615,-0.331838,0.344321,-0.0956107,0.235501
26.9841,-0.33205,0.39158,-0.10322,0.233735
27.0068,-0.332192,0.368825,-0.111001,0.231927
27.0295,-0.332266,0.319258,-0.115594,0.230073
27.0522,-0.332271,0.350967,-0.112707,0.228179
27.0748,-0.332207,0.295212,-0.118996,0.22624
27.0975,-0.332074,0.404079,-0.121181,0.224261
27.1202,-0.331872,0.387821,-0.125358,0.222239
27.1429,-0.331602,0.276906,-0.128183,0.220178
27.1655,-0.331264,0.367593,-0.130247,0.218075
27.1882,-0.330858,0.369199,-0.133005,0.215933
27.2109,-0.330384,0.240258,-0.141754,0.21375
27.2336,-0.329842,0.247073,-0.140567,0.21153
27.2562,-0.329232,0.274324,-0.141013,0.20927
27.2789,-0.328555,0.261092,-0.142355,0.206974
27.3016,-0.327811,0.326328,-0.150964,0.204639
27.3243,-0.327,0.24119,-0.151212,0.202269
27.3469,-0.326123,0.239458,-0.157763,0.199861
27.3696,-0.325179,0.240303,-0.159617,0.197419
27.3923,-0.32417,0.233116,-0.158777,0.194941
27.415,-0.323094,0.360248,-0.169622,0.192429
27.4376,-0.321953,0.203183,-0.162483,0.189882
27.4603,-0.320748,0.1808,-0.163742,0.187304
27.483,-0.319477,0.220894,-0.172336,0.184691
27.5057,-0.318142,0.299264,-0.171185,0.182048
27.5283,-0.316743,0.262952,-0.179609,0.179371
27.551,-0.315281,0.205657,-0.181437,0.176666
27.5737,-0.313755,0.206247,-0.184925,0.173928
27.5964,-0.312167,0.311937,-0.181534,0.171163
27.619,-0.310516,0.226906,-0.190317,0.168366
27.6417,-0.308803,0.223536,-0.193837,0.165543
27.6644,-0.307029,0.181287,-0.195336,0.162691
27.6871,-0.305193,0.211817,-0.194262,0.159813
27.7098,-0.303297,0.104049,-0.20137,0.156907
27.7324,-0.301341,0.168888,-0.197631,0.153977
27.7551,-0.299326,0.201727,-0.205812,0.15102
27.7778,-0.297251,0.18228,-0.199803,0.148041
27.8005,-0.295118,0.151351,-0.199247,0.145035
27.8231,-0.292926,0.19284,-0.208384,0.142008
27.8458,-0.290678,0.155375,-0.212202,0.138957
27.8685,-0.288372,0.127787,-0.205606,0.135886
27.8912,-0.286009,0.143833,-0.21855,0.132792
27.9138,-0.283591,0.170605,-0.214208,0.129679
27.9365,-0.281118,0.207529,-0.21822,0.126544
27.9592,-0.27859,0.182456,-0.217047,0.123392
27.9819,-0.276008,0.0957017,-0.222629,0.12022
28.0045,-0.273373,0.200154,-0.217581,0.117032
28.0272,-0.270684,0.13014,-0.225699,0.113825
28.0499,-0.267944,0.13473,-0.224724,0.110602
28.0726,-0.265152,0.147644,-0.229618,0.107363
28.0952,-0.262309,0.0220992,-0.235638,0.10411
28.1179,-0.259416,0.084946,-0.234772,0.100841
28.1406,-0.256474,0.145594,-0.229962,0.0975602
28.1633,-0.253482,0.0569517,-0.236316,0.0942645
28.1859,-0.250442,0.0580879,-0.231892,0.0909582
28.2086,-0.247355,0.042958,-0.241075,0.0876387
28.2313,-0.244222,0.0398975,-0.237616,0.0843098
28.254,-0.241042,0.0721956,-0.239316,0.0809691
28.2766,-0.237817,0.0304352,-0.236771,0.0776204
28.2993,-0.234547,0.071658,-0.241684,0.0742614
28.322,-0.231233,0.046759,-0.243182,0.0708958
28.3447,-0.227876,0.0986238,-0.242792,0.0675211
28.3673,-0.224478,-0.00499468,-0.243108,0.0641413
28.39,-0.221037,0.0854213,-0.245828,0.0607539
28.4127,-0.217556,0.0298827,-0.251274,0.0573626
28.4354,-0.214034,0.0632729,-0.253607,0.0539651
28.458,-0.210474,-0.044432,-0.249555,0.0505653
28.4807,-0.206875,0.000875914,-0.247143,0.0471606
28.5034,-0.203238,0.0841485,-0.247645,0.0437549
28.5261,-0.199565,0.0717394,-0.254409,0.0403458
28.5488,-0.195856,0.00954266,-0.246783,0.0369369
28.5714,-0.192111,-0.107459,-0.258082,0.0335261
28.5941,-0.188332,0.0207966,-0.24433,0.0301169
28.6168,-0.18452,0.0892195,-0.247265,0.0267072
28.6395,-0.180675,-0.0658868,-0.253866,0.0233004
28.6621,-0.176798,-0.124521,-0.254018,0.0198944
28.6848,-0.172891,-0.0538392,-0.254124,0.0164929
28.7075,-0.168953,-0.043506,-0.250149,0.0130933
28.7302,-0.164986,-0.0813998,-0.252539,0.00969961
28.7528,-0.16099,-0.000678632,-0.252858,0.00630926
28.7755,-0.156967,-0.0358842,-0.249655,0.00292607
28.7982,-0.152918,-0.13678,-0.251599,-0.000452376
28.8209,-0.148842,-0.0789676,-0.25003,-0.0038223
28.8435,-0.144742,-0.05026,-0.249762,-0.00718618
28.8662,-0.140618,-0.0537234,-0.249204,-0.0105404
28.8889,-0.13647,-0.0178862,-0.249632,-0.013887
28.9116,-0.132301,-0.0228974,-0.254409,-0.0172227
28.9342,-0.12811,-0.126695,-0.250835,-0.0205496
28.9569,-0.123899,-0.100264,-0.248942,-0.0238642
28.9796,-0.119668,-0.104789,-0.25349,-0.0271688
29.0023,-0.115418,-0.101651,-0.248232,-0.0304597
29.0249,-0.111151,-0.0832541,-0.251135,-0.0337393
29.0476,-0.106867,-0.118592,-0.244915,-0.0370041
29.0703,-0.102568,-0.0722558,-0.244713,-0.0402563
29.093,-0.098253,-0.0847804,-0.249085,-0.0434924
29.1156,-0.0939243,-0.197664,-0.244595,-0.0467147
29.1383,-0.0895825,-0.161699,-0.245134,-0.0499198
29.161,-0.0852284,-0.0993982,-0.247036,-0.0531097
29.1837,-0.080863,-0.0357457,-0.239091,-0.0562811
29.2063,-0.0764873,-0.177973,-0.247591,-0.0594363
29.229,-0.0721021,-0.067859,-0.236214,-0.0625719
29.2517,-0.0677084,-0.146224,-0.2432,-0.0656899
29.2744,-0.0633071,-0.166509,-0.241246,-0.0687871
29.2971,-0.0588992,-0.205498,-0.239074,-0.0718657
29.3197,-0.0544854,-0.145595,-0.237663,-0.0749224
29.3424,-0.0500669,-0.218211,-0.235173,-0.0779593
29.3651,-0.0456444,-0.188307,-0.234951,-0.080973
29.3878,-0.0412189,-0.245459,-0.232872,-0.083966
29.4104,-0.0367914,-0.213257,-0.232994,-0.0869347
29.4331,-0.0323627,-0.132399,-0.229956,-0.0898815
29.4558,-0.0279337,-0.153788,-0.228311,-0.092803
29.4785,-0.0235055,-0.279606,-0.225949,-0.0957015
29.5011,-0.0190788,-0.152447,-0.222341,-0.0985736
29.5238,-0.0146547,-0.167205,-0.225756,-0.101422
29.5465,-0.0102339,-0.180325,-0.219891,-0.104242
29.5692,-0.00581755,-0.177769,-0.228917,-0.107038
29.5918,-0.00140639,-0.186095,-0.218671,-0.109805
29.6145,0.00299864,-0.221458,-0.215776,-0.112547
29.6372,0.00739662,-0.217323,-0.213833,-0.115259
29.6599,0.0117867,-0.166538,-0.212761,-0.117943
29.6825,0.0161679,-0.182291,-0.210711,-0.120598
29.7052,0.0205394,-0.294537,-0.213092,-0.123225
29.7279,0.0249002,-0.283058,-0.208563,-0.12582
29.7506,0.0292496,-0.219525,-0.206189,-0.128387
29.7732,0.0335866,-0.230555,-0.205925,-0.130921
29.7959,0.0379103,-0.196123,-0.201542,-0.133426
29.8186,0.0422199,-0.293764,-0.199899,-0.135898
29.8413,0.0465145,-0.334241,-0.197034,-0.138339
29.8639,0.0507932,-0.162995,-0.189461,-0.140746
29.8866,0.0550552,-0.274324,-0.193236,-0.143122
29.9093,0.0592996,-0.260903,-0.192788,-0.145463
29.932,0.0635256,-0.236151,-0.191148,-0.147773
29.9546,0.0677323,-0.267922,-0.185141,-0.150046
29.9773,0.0719189,-0.232281,-0.18604,-0.152287
30,0.0760845,-0.282569,-0.177327,-0.154492
30.0227,0.0802284,-0.353946,-0.181011,-0.156663
30.0454,0.0843496,-0.281772,-0.175754,-0.158797
30.068,0.0884475,-0.304346,-0.176056,-0.160897
30.0907,0.0925211,-0.273668,-0.173782,-0.162959
30.1134,0.0965697,-0.281414,-0.17269,-0.164986
30.1361,0.100592,-0.284026,-0.165042,-0.166976
30.1587,0.104589,-0.334644,-0.166814,-0.168929
30.1814,0.108557,-0.344005,-0.158847,-0.170844
30.2041,0.112498,-0.307568,-0.15904,-0.172722
30.2268,0.11641,-0.275488,-0.153069,-0.174561
30.2494,0.120291,-0.334514,-0.152137,-0.176363
30.2721,0.124143,-0.247826,-0.148544,-0.178126
30.2948,0.127963,-0.310933,-0.149893,-0.179851
30.3175,0.131751,-0.413708,-0.146178,-0.181535
30.3401,0.135507,-0.311336,-0.137889,-0.183182
30.3628,0.139229,-0.335886,-0.138816,-0.184788
30.3855,0.142917,-0.34613,-0.136201,-0.186355
30.4082,0.14657,-0.300878,-0.133621,-0.187881
30.4308,0.150188,-0.397653,-0.132184,-0.189368
30.4535,0.153769,-0.358914,-0.127327,-0.190814
30.4762,0.157314,-0.350116,-0.130758,-0.19222
30.4989,0.160821,-0.347995,-0.118419,-0.193584
30.5215,0.16429,-0.367911,-0.122157,-0.194909
30.5442,0.167719,-0.266629,-0.118631,-0.196191
30.5669,0.17111,-0.309048,-0.115029,-0.197434
30.5896,0.17446,-0.383289,-0.10938,-0.198633
30.6122,0.177769,-0.315434,-0.105866,-0.199792
30.6349,0.181037,-0.345033,-0.104684,-0.200909
30.6576,0.184263,-0.282294,-0.102699,-0.201984
30.6803,0.187446,-0.40584,-0.0990215,-0.203017
30.7029,0.190586,-0.342679,-0.0909457,-0.204009
30.7256,0.193682,-0.253218,-0.0880882,-0.204957
30.7483,0.196733,-0.380368,-0.0897844,-0.205864
30.771,0.19974,-0.2782,-0.0847217,-0.206728
30.7937,0.202701,-0.379108,-0.0827589,-0.20755
30.8163,0.205617,-0.319317,-0.0789528,-0.208329
30.839,0.208485,-0.338161,-0.0764353,-0.209066
30.8617,0.211307,-0.308593,-0.0737173,-0.20976
30.8844,0.214081,-0.300875,-0.0695115,-0.210412
30.907,0.216807,-0.364191,-0.0632792,-0.211021
30.9297,0.219484,-0.420632,-0.0613554,-0.211588
30.9524,0.222113,-0.306792,-0.0605855,-0.21211
30.9751,0.224691,-0.269094,-0.0548706,-0.212592
30.9977,0.22722,-0.363692,-0.0537191,-0.213029
31.0204,0.229699,-0.346974,-0.0511437,-0.213425
31.0431,0.232126,-0.259845,-0.0485878,-0.213777
31.0658,0.234503,-0.280102,-0.0423886,-0.214087
31.0884,0.236828,-0.301389,-0.0395791,-0.214354
31.1111,0.2391,-0.389654,-0.0359872,-0.214579
31.1338,0.241321,-0.341347,-0.0297175,-0.21476
31.1565,0.243488,-0.287214,-0.0337203,-0.2149
31.1791,0.245602,-0.325767,-0.0262522,-0.214997
31.2018,0.247663,-0.339761,-0.02618,-0.215052
31.2245,0.24967,-0.295988,-0.0210601,-0.215063
31.2472,0.251622,-0.351991,-0.0121941,-0.215034
31.2698,0.253521,-0.34334,-0.0157756,-0.214961
31.2925,0.255364,-0.322078,-0.0100931,-0.214848
31.3152,0.257152,-0.316237,-0.00717065,-0.214691
31.3379,0.258885,-0.352681,-0.00486634,-0.214494
31.3605,0.260562,-0.385491,0.000116472,-0.214254
31.3832,0.262184,-0.303094,-0.00242965,-0.213973
31.4059,0.263749,-0.309992,0.00603137,-0.21365
31.4286,0.265257,-0.340351,0.0100291,-0.213287
31.4512,0.26671,-0.235403,0.0157484,-0.212881
31.4739,0.268105,-0.3462,0.0108011,-0.212436
31.4966,0.269443,-0.245134,0.0215484,-0.211948
31.5193,0.270724,-0.317711,0.0206812,-0.211422
31.542,0.271948,-0.294179,0.0243675,-0.210854
31.5646,0.273114,-0.342381,0.02905,-0.210246
31.5873,0.274223,-0.324801,0.0334735,-0.209598
31.61,0.275273,-0.31459,0.0332006,-0.208911
31.6327,0.276266,-0.310668,0.0346446,-0.208183
31.6553,0.277201,-0.338243,0.0414065,-0.207417
31.678,0.278077,-0.219365,0.0417923,-0.20661
31.7007,0.278896,-0.320855,0.0429101,-0.205766
31.7234,0.279656,-0.275608,0.0529801,-0.204882
31.746,0.280357,-0.343242,0.0517632,-0.20396
31.7687,0.281001,-0.333483,0.0559071,-0.203
31.7914,0.281585,-0.262129,0.0582453,-0.202002
31.8141,0.282112,-0.25171,0.0621193,-0.200966
31.8367,0.28258,-0.222581,0.0642771,-0.199893
31.8594,0.282989,-0.228796,0.0707358,-0.198782
31.8821,0.28334,-0.233212,0.068897,-0.197636
31.9048,0.283632,-0.296441,0.0728774,-0.196452
31.9274,0.283866,-0.198308,0.0830902,-0.195232
31.9501,0.284041,-0.307487,0.0824676,-0.193976
31.9728,0.284159,-0.256046,0.082904,-0.192685
31.9955,0.284218,-0.24629,0.0856199,-0.191358
32.0181,0.284218,-0.196534,0.0921596,-0.189997
32.0408,0.284161,-0.242431,0.0943802,-0.1886
32.0635,0.284046,-0.240728,0.0943279,-0.18717
32.0862,0.283872,-0.179843,0.0963145,-0.185705
32.1088,0.283642,-0.204926,0.098113,-0.184207
32.1315,0.283353,-0.272757,0.103533,-0.182675
32.1542,0.283007,-0.224198,0.107943,-0.181111
32.1769,0.282604,-0.243093,0.106382,-0.179513
32.1995,0.282144,-0.276162,0.110359,-0.177885
32.2222,0.281626,-0.173514,0.114181,-0.176223
32.2449,0.281053,-0.196942,0.117812,-0.174531
32.2676,0.280422,-0.246043,0.120038,-0.172807
32.2902,0.279735,-0.15945,0.12405,-0.171053
32.3129,0.278993,-0.270346,0.124766,-0.169268
32.3356,0.278194,-0.220934,0.127128,-0.167454
32.3583,0.27734,-0.153464,0.131298,-0.165609
32.381,0.276431,-0.195253,0.129797,-0.163737
32.4036,0.275466,-0.164203,0.134916,-0.161834
32.4263,0.274447,-0.13397,0.134865,-0.159905
32.449,0.273374,-0.123198,0.141863,-0.157946
32.4717,0.272246,-0.24615,0.142316,-0.155961
32.4943,0.271064,-0.193801,0.147482,-0.153948
32.517,0.26983,-0.191665,0.147402,-0.15191
32.5397,0.268542,-0.119038,0.145603,-0.149844
32.5624,0.267201,-0.124895,0.150396,-0.147754
32.585,0.265808,-0.163265,0.153447,-0.145637
32.6077,0.264362,-0.0777822,0.151118,-0.143497
32.6304,0.262865,-0.0734405,0.155342,-0.141331
32.6531,0.261317,-0.16635,0.158299,-0.139142
32.6757,0.259718,-0.1092,0.158835,-0.136929
32.6984,0.258069,-0.0688122,0.163278,-0.134694
32.7211,0.256369,-0.109125,0.162717,-0.132435
32.7438,0.25462,-0.1091,0.164008,-0.130156
32.7664,0.252822,-0.0932356,0.168488,-0.127853
32.7891,0.250975,-0.101739,0.169003,-0.125531
32.8118,0.24908,-0.101163,0.173386,-0.123187
32.8345,0.247137,-0.129553,0.174443,-0.120824
32.8571,0.245146,-0.11844,0.174765,-0.11844
32.8798,0.243109,-0.0400455,0.179626,-0.116038
32.9025,0.241025,-0.0497549,0.177947,-0.113616
32.9252,0.238896,-0.0813172,0.183079,-0.111177
32.9478,0.236722,-0.0692701,0.18493,-0.108719
32.9705,0.234502,-0.0810908,0.182191,-0.106245
32.9932,0.232238,-0.0996753,0.18872,-0.103753
33.0159,0.229931,-0.0865147,0.18831,-0.101246
33.0385,0.22758,-0.100189,0.192567,-0.0987227
33.0612,0.225187,-0.0832408,0.189217,-0.0961848
33.0839,0.222752,-0.0314868,0.194251,-0.0936311
33.1066,0.220275,-0.0874431,0.190519,-0.0910644
33.1293,0.217757,-0.0124309,0.197895,-0.0884828
33.1519,0.215199,-0.0654559,0.19934,-0.0858891
33.1746,0.212601,-0.045094,0.201975,-0.0832816
33.1973,0.209964,-0.0747549,0.198308,-0.0806631
33.22,0.207288,0.0276559,0.203408,-0.0780317
33.2426,0.204575,-0.0493158,0.201126,-0.0753904
33.2653,0.201824,-0.0433424,0.200519,-0.0727373
33.288,0.199036,-0.0102962,0.199038,-0.0700752
33.3107,0.196213,-0.057872,0.203816,-0.0674025
33.3333,0.193353,-0.0283894,0.202502,-0.0647217
33.356,0.19046,0.0554529,0.208116,-0.0620314
33.3787,0.187531,0.0106192,0.204664,-0.0593341
33.4014,0.18457,-0.0173577,0.206754,-0.0566283
33.424,0.181576,0.0283136,0.207439,-0.0539165
33.4467,0.178549,-0.0153074,0.209334,-0.0511972
33.4694,0.175491,-0.00874166,0.208301,-0.048473
33.4921,0.172402,0.104995,0.210294,-0.0457424
33.5147,0.169283,0.010303,0.206951,-0.0430079
33.5374,0.166135,-0.010619,0.21173,-0.0402681
33.5601,0.162957,0.0306578,0.209146,-0.0375255
33.5828,0.159752,0.0207844,0.214583,-0.0347785
33.6054,0.15652,0.0985909,0.211759,-0.0320297
33.6281,0.15326,0.0365898,0.208892,-0.0292777
33.6508,0.149975,0.0553998,0.211418,-0.026525
33.6735,0.146665,0.104287,0.213595,-0.02377
33.6961,0.14333,0.0778736,0.211725,-0.0210154
33.7188,0.139971,0.152328,0.217591,-0.0182596
33.7415,0.136589,0.0830713,0.210876,-0.0155051
33.7642,0.133185,0.0453189,0.220309,-0.0127506
33.7868,0.129759,0.0350004,0.214789,-0.00999839
33.8095,0.126313,0.121691,0.213938,-0.00724708
33.8322,0.122846,0.130342,0.21661,-0.00449922
33.8549,0.11936,0.0999822,0.214554,-0.00175335
33.8776,0.115855,0.10423,0.211036,0.000988134
33.9002,0.112333,0.0647318,0.21345,0.00372659
33.9229,0.108793,0.171584,0.213608,0.00645958
33.9456,0.105236,0.154505,0.214846,0.00918861
33.9683,0.101665,0.14067,0.211424,0.0119111
33.9909,0.0980778,0.060214,0.217072,0.0146286
34.0136,0.0944769,0.134293,0.211554,0.0173385
34.0363,0.0908626,0.197338,0.214428,0.0200425
34.059,0.0872356,0.199949,0.212912,0.022738
34.0816,0.0835968,0.172474,0.211888,0.0254264
34.1043,0.079947,0.0965332,0.210414,0.0281052
34.127,0.0762867,0.188234,0.215299,0.0307761
34.1497,0.0726169,0.178307,0.209388,0.0334366
34.1723,0.0689382,0.132806,0.211389,0.0360879
34.195,0.0652516,0.184734,0.210955,0.0387279
34.2177,0.0615576,0.203811,0.209058,0.0413578
34.2404,0.0578571,0.278432,0.205837,0.0439753
34.263,0.0541508,0.235517,0.208815,0.0465818
34.2857,0.0504395,0.206404,0.204775,0.0491751
34.3084,0.046724,0.161418,0.204458,0.0517563
34.3311,0.0430051,0.237106,0.204624,0.0543233
34.3537,0.0392834,0.151894,0.200619,0.0568773
34.3764,0.0355598,0.217769,0.204498,0.0594162
34.3991,0.031835,0.194061,0.202821,0.0619413
34.4218,0.0281097,0.197358,0.197715,0.0644503
34.4444,0.0243848,0.239988,0.20112,0.0669445
34.4671,0.020661,0.205015,0.197474,0.0694216
34.4898,0.016939,0.242213,0.198874,0.0718831
34.5125,0.0132196,0.232539,0.194449,0.0743267
34.5351,0.00950359,0.187864,0.196195,0.0767539
34.5578,0.00579164,0.244949,0.193184,0.0791622
34.5805,0.00208455,0.235933,0.189857,0.0815531
34.6032,-0.00161697,0.242297,0.190416,0.0839244
34.6259,-0.00531215,0.215683,0.189646,0.0862773
34.6485,-0.00900026,0.24311,0.187115,0.0886099
34.6712,-0.0126806,0.25718,0.187738,0.0909234
34.6939,-0.0163523,0.171146,0.185916,0.0932155
34.7166,-0.0200148,0.204682,0.187334,0.0954877
34.7392,-0.0236673,0.282718,0.179456,0.0977378
34.7619,-0.0273091,0.25189,0.180788,0.0999672
34.7846,-0.0309394,0.296564,0.175115,0.102174
34.8073,-0.0345576,0.280235,0.179554,0.104359
34.8299,-0.0381629,0.249058,0.178542,0.10652
34.8526,-0.0417546,0.214339,0.177668,0.108659
34.8753,-0.045332,0.314777,0.174029,0.110774
34.898,-0.0488945,0.245161,0.171564,0.112865
34.9206,-0.0524412,0.29329,0.164266,0.114931
34.9433,-0.0559716,0.261907,0.167901,0.116974
34.966,-0.0594849,0.306037,0.16517,0.118991
34.9887,-0.0629805,0.3059,0.161745,0.120983
35.0113,-0.0664576,0.219229,0.159709,0.122949
35.034,-0.0699156,0.326923,0.158828,0.12489
35.0567,-0.0733539,0.335537,0.155362,0.126803
35.0794,-0.0767717,0.334674,0.155739,0.128691
35.102,-0.0801685,0.299747,0.150566,0.13055
35.1247,-0.0835435,0.349808,0.153409,0.132383
35.1474,-0.0868961,0.344139,0.14876,0.134188
35.1701,-0.0902257,0.289972,0.151545,0.135966
35.1927,-0.0935317,0.334901,0.13944,0.137714
35.2154,-0.0968133,0.284466,0.146994,0.139435
35.2381,-0.10007,0.301374,0.144303,0.141126
35.2608,-0.103301,0.31132,0.137448,0.142789
35.2834,-0.106506,0.31116,0.134969,0.144422
35.3061,-0.109685,0.301835,0.136447,0.146026
35.3288,-0.112836,0.378418,0.129986,0.147599
35.3515,-0.115959,0.308967,0.128934,0.149143
35.3741,-0.119053,0.293257,0.125706,0.150655
35.3968,-0.122119,0.383542,0.127223,0.152138
35.4195,-0.125155,0.308085,0.12245,0.153588
35.4422,-0.12816,0.309336,0.123723,0.155009
35.4649,-0.131135,0.277004,0.116078,0.156397
35.4875,-0.134079,0.297699,0.116232,0.157755
35.5102,-0.13699,0.321249,0.11107,0.159079
35.5329,-0.13987,0.270015,0.109862,0.160373
35.5556,-0.142716,0.329454,0.110508,0.161634
35.5782,-0.145529,0.298039,0.105936,0.162862
35.6009,-0.148308,0.377323,0.103492,0.164058
35.6236,-0.151052,0.326993,0.101298,0.165221
35.6463,-0.153762,0.283084,0.0982304,0.166351
35.6689,-0.156436,0.361256,0.0939798,0.167448
35.6916,-0.159074,0.330782,0.0926366,0.168511
35.7143,-0.161676,0.316902,0.0915166,0.169542
35.737,-0.164241,0.294303,0.0874095,0.170538
35.7596,-0.166769,0.309471,0.0871496,0.171501
35.7823,-0.169259,0.295594,0.0826657,0.172429
35.805,-0.171711,0.297119,0.0808837,0.173324
35.8277,-0.174124,0.319374,0.0750019,0.174184
35.8503,-0.176498,0.289285,0.0759932,0.175011
35.873,-0.178833,0.363724,0.0714014,0.175802
35.8957,-0.181128,0.355916,0.0655102,0.17656
35.9184,-0.183383,0.325193,0.0681711,0.177282
35.941,-0.185597,0.303858,0.0659552,0.177971
35.9637,-0.18777,0.328484,0.0640497,0.178623
35.9864,-0.189902,0.275314,0.0621745,0.179242
36.0091,-0.191992,0.324916,0.0557956,0.179825
36.0317,-0.19404,0.305689,0.0554355,0.180374
36.0544,-0.196045,0.294615,0.0510399,0.180887
36.0771,-0.198008,0.364537,0.0472102,0.181366
36.0998,-0.199928,0.326197,0.0473478,0.181808
36.1224,-0.201804,0.359333,0.0424245,0.182217
36.1451,-0.203637,0.312929,0.0344837,0.182589
36.1678,-0.205426,0.306514,0.0376801,0.182927
36.1905,-0.207171,0.359753,0.0317632,0.183229
36.2132,-0.208871,0.292583,0.0327433,0.183496
36.2358,-0.210526,0.355812,0.0268866,0.183728
36.2585,-0.212137,0.27208,0.0262898,0.183924
36.2812,-0.213702,0.300204,0.024703,0.184085
36.3039,-0.215221,0.350526,0.0181298,0.184212
36.3265,-0.216695,0.269587,0.0183736,0.184302
36.3492,-0.218123,0.297323,0.0189932,0.184358
36.3719,-0.219505,0.306909,0.0106796,0.184379
36.3946,-0.220841,0.304738,0.0106342,0.184365
36.4172,-0.22213,0.303776,0.00536768,0.184315
36.4399,-0.223372,0.247744,0.00696833,0.184231
36.4626,-0.224567,0.302195,-8.91695e-06,0.184111
36.4853,-0.225715,0.275714,-0.000673745,0.183957
36.5079,-0.226817,0.276171,-0.00341573,0.183768
36.5306,-0.227871,0.304873,-0.00300852,0.183545
36.5533,-0.228877,0.27477,-0.00882286,0.183286
36.576,-0.229836,0.285325,-0.0110122,0.182994
36.5986,-0.230747,0.29946,-0.0132571,0.182667
36.6213,-0.23161,0.328196,-0.0188283,0.182306
36.644,-0.232426,0.270975,-0.0250016,0.18191
36.6667,-0.233194,0.297648,-0.0195765,0.181481
36.6893,-0.233913,0.301869,-0.0289443,0.181018
36.712,-0.234585,0.302465,-0.026828,0.180521
36.7347,-0.235208,0.26121,-0.0333458,0.17999
36.7574,-0.235784,0.282357,-0.0309836,0.179427
36.78,-0.236311,0.307059,-0.0382437,0.178829
36.8027,-0.23679,0.274873,-0.0382802,0.178199
36.8254,-0.237221,0.322427,-0.0427707,0.177535
36.8481,-0.237603,0.26392,-0.0427683,0.176839
36.8707,-0.237938,0.270953,-0.0481552,0.17611
36.8934,-0.238224,0.269755,-0.0477155,0.175349
36.9161,-0.238462,0.27284,-0.0562575,0.174556
36.9388,-0.238652,0.283183,-0.052844,0.173731
36.9615,-0.238794,0.202543,-0.0572889,0.172873
36.9841,-0.238888,0.243781,-0.06083,0.171985
37.0068,-0.238934,0.264128,-0.0663542,0.171064
37.0295,-0.238932,0.285454,-0.0664246,0.170113
37.0522,-0.238883,0.223126,-0.0706867,0.169131
37.0748,-0.238785,0.232071,-0.0651849,0.168118
37.0975,-0.23864,0.182485,-0.0731276,0.167074
37.1202,-0.238448,0.197128,-0.0756707,0.166001
37.1429,-0.238209,0.237566,-0.0775752,0.164897
37.1655,-0.237922,0.211667,-0.0792035,0.163764
37.1882,-0.237588,0.245946,-0.0806845,0.162601
37.2109,-0.237207,0.177579,-0.0833697,0.161409
37.2336,-0.23678,0.191703,-0.08816,0.160188
37.2562,-0.236306,0.206954,-0.0905324,0.158939
37.2789,-0.235785,0.20323,-0.0907426,0.157661
37.3016,-0.235219,0.178376,-0.0897274,0.156355
37.3243,-0.234606,0.196583,-0.0961931,0.155022
37.3469,-0.233948,0.220612,-0.0986115,0.153661
37.3696,-0.233244,0.164602,-0.101047,0.152272
37.3923,-0.232494,0.189109,-0.10067,0.150858
37.415,-0.2317,0.193321,-0.10438,0.149416
37.4376,-0.23086,0.158899,-0.105451,0.147948
37.4603,-0.229976,0.185167,-0.112947,0.146454
37.483,-0.229048,0.115666,-0.110049,0.144935
37.5057,-0.228076,0.17847,-0.115919,0.14339
37.5283,-0.227059,0.167423,-0.119598,0.141821
37.551,-0.225999,0.147162,-0.120188,0.140227
37.5737,-0.224896,0.173657,-0.1188,0.138609
37.5964,-0.22375,0.156579,-0.118991,0.136966
37.619,-0.222562,0.136292,-0.121748,0.135301
37.6417,-0.221331,0.146271,-0.126298,0.133612
37.6644,-0.220057,0.109958,-0.125246,0.131901
37.6871,-0.218743,0.157213,-0.131534,0.130166
37.7098,-0.217387,0.0663254,-0.132272,0.12841
37.7324,-0.215989,0.128368,-0.134678,0.126632
37.7551,-0.214552,0.118801,-0.135647,0.124833
37.7778,-0.213074,0.107628,-0.137575,0.123013
37.8005,-0.211556,0.123131,-0.138125,0.121172
37.8231,-0.209998,0.131628,-0.140406,0.119311
37.8458,-0.208402,0.132744,-0.143098,0.117431
37.8685,-0.206766,0.106398,-0.145992,0.11553
37.8912,-0.205092,0.0960767,-0.143679,0.113611
37.9138,-0.203381,0.106506,-0.145393,0.111673
37.9365,-0.201631,0.0492481,-0.145299,0.109718
37.9592,-0.199845,0.067921,-0.148533,0.107744
37.9819,-0.198022,0.0613379,-0.151301,0.105753
38.0045,-0.196162,0.0694011,-0.153589,0.103744
38.0272,-0.194267,0.0787064,-0.154566,0.10172
38.0499,-0.192336,0.0318217,-0.158875,0.0996784
38.0726,-0.190371,0.035317,-0.156625,0.0976219
38.0952,-0.188371,0.0549343,-0.160465,0.0955496
38.1179,-0.186337,0.0185045,-0.160413,0.0934628
38.1406,-0.184269,0.0529864,-0.160503,0.0913611
38.1633,-0.182168,0.0293971,-0.161385,0.0892457
38.1859,-0.180035,0.0469762,-0.164446,0.0871163
38.2086,-0.177869,0.0206502,-0.161592,0.0849741
38.2313,-0.175672,0.0394594,-0.169377,0.0828187
38.254,-0.173444,0.0455164,-0.170368,0.0806513
38.2766,-0.171185,-0.0202302,-0.169093,0.0784716
38.2993,-0.168896,0.0493157,-0.1683,0.0762808
38.322,-0.166577,0.00482176,-0.170875,0.0740786
38.3447,-0.164229,-0.0341151,-0.168422,0.0718661
38.3673,-0.161853,0.0267559,-0.175689,0.0696431
38.39,-0.159448,-0.0551768,-0.170161,0.0674107
38.4127,-0.157016,-0.00701742,-0.171872,0.0651687
38.4354,-0.154557,-0.00903774,-0.173737,0.0629181
38.458,-0.152072,-0.024851,-0.178437,0.0606589
38.4807,-0.14956,-0.0413667,-0.176487,0.058392
38.5034,-0.147023,-0.0280726,-0.175638,0.0561172
38.5261,-0.144462,-0.0305788,-0.179134,0.0538357
38.5488,-0.141876,-0.0201189,-0.178132,0.0515472
38.5714,-0.139267,-0.0216419,-0.179436,0.0492529
38.5941,-0.136634,-0.0157183,-0.182957,0.0469526
38.6168,-0.133979,-0.0674965,-0.178336,0.0446472
38.6395,-0.131301,-0.0486303,-0.182165,0.0423367
38.6621,-0.128603,-0.0398468,-0.182968,0.040022
38.6848,-0.125883,-0.0608882,-0.179523,0.0377032
38.7075,-0.123143,-0.0924905,-0.181231,0.0353811
38.7302,-0.120384,-0.075816,-0.184721,0.0330557
38.7528,-0.117605,-0.071047,-0.183677,0.030728
38.7755,-0.114808,-0.0936609,-0.183006,0.0283978
38.7982,-0.111993,-0.0693134,-0.180421,0.0260661
38.8209,-0.10916,-0.0861151,-0.182603,0.023733
38.8435,-0.106311,-0.086032,-0.186005,0.0213992
38.8662,-0.103445,-0.110404,-0.184032,0.0190648
38.8889,-0.100564,-0.122849,-0.182505,0.0167307
38.9116,-0.0976685,-0.103782,-0.183564,0.0143969
38.9342,-0.0947582,-0.114285,-0.183711,0.0120642
38.9569,-0.0918341,-0.150791,-0.183279,0.00973262
38.9796,-0.0888969,-0.112539,-0.184946,0.00740314
39.0023,-0.0859471,-0.103815,-0.185697,0.00507568
39.0249,-0.0829854,-0.140579,-0.182492,0.00275107
39.0476,-0.0800124,-0.132892,-0.18726,0.000429393
39.0703,-0.0770286,-0.141146,-0.183799,-0.00188852
39.093,-0.0740348,-0.139369,-0.187524,-0.00420267
39.1156,-0.0710314,-0.170101,-0.184838,-0.00651219
39.1383,-0.0680192,-0.16438,-0.182747,-0.00881711
39.161,-0.0649986,-0.160625,-0.183984,-0.0111165
39.1837,-0.0619704,-0.150335,-0.184332,-0.0134105
39.2063,-0.0589352,-0.184159,-0.181841,-0.0156981
39.229,-0.0558935,-0.18554,-0.179578,-0.0179794
39.2517,-0.052846,-0.17706,-0.18112,-0.0202536
39.2744,-0.0497933,-0.185907,-0.18187,-0.0225206
39.2971,-0.046736,-0.166217,-0.17945,-0.0247796
39.3197,-0.0436748,-0.15581,-0.181159,-0.0270306
39.3424,-0.0406101,-0.201584,-0.178358,-0.0292729
39.3651,-0.0375427,-0.167432,-0.178292,-0.0315063
39.3878,-0.0344731,-0.187575,-0.177795,-0.0337302
39.4104,-0.031402,-0.171228,-0.176748,-0.0359445
39.4331,-0.02833,-0.197189,-0.174489,-0.0381484
39.4558,-0.0252577,-0.205471,-0.175331,-0.0403418
39.4785,-0.0221856,-0.184259,-0.174675,-0.0425241
39.5011,-0.0191144,-0.223918,-0.176047,-0.0446951
39.5238,-0.0160448,-0.18706,-0.172812,-0.0468543
39.5465,-0.0129772,-0.214322,-0.171786,-0.0490015
39.5692,-0.00991236,-0.197439,-0.171674,-0.051136
39.5918,-0.00685079,-0.170821,-0.1714,-0.0532577
39.6145,-0.00379314,-0.238964,-0.168761,-0.0553661
39.6372,-0.000739969,-0.221419,-0.170065,-0.0574609
39.6599,0.00230811,-0.226253,-0.170768,-0.0595416
39.6825,0.00535051,-0.23998,-0.166273,-0.061608
39.7052,0.00838664,-0.233086,-0.164007,-0.0636596
39.7279,0.0114159,-0.240179,-0.165829,-0.0656962
39.7506,0.0144377,-0.24586,-0.165162,-0.0677173
39.7732,0.0174516,-0.233411,-0.163401,-0.0697226
39.7959,0.0204568,-0.227922,-0.160531,-0.0717118
39.8186,0.0234528,-0.244299,-0.157606,-0.0736845
39.8413,0.0264391,-0.235846,-0.161117,-0.0756404
39.8639,0.0294151,-0.259193,-0.158356,-0.0775792
39.8866,0.0323802,-0.241727,-0.158198,-0.0795004
39.9093,0.0353338,-0.224803,-0.156571,-0.081404
39.932,0.0382755,-0.237376,-0.150681,-0.0832893
39.9546,0.0412046,-0.284199,-0.153649,-0.0851562
39.9773,0.0441205,-0.269801,-0.152225,-0.0870044
40,0.0470228,-0.257699,-0.152585,-0.0888335
40.0227,0.0499109,-0.235197,-0.145549,-0.0906432
40.0454,0.0527842,-0.248011,-0.145092,-0.0924333
40.068,0.0556423,-0.28867,-0.144375,-0.0942034
40.0907,0.0584845,-0.258805,-0.144487,-0.0959533
40.1134,0.0613104,-0.266231,-0.141209,-0.0976826
40.1361,0.0641194,-0.259004,-0.138926,-0.0993911
40.1587,0.066911,-0.269252,-0.137646,-0.101079
40.1814,0.0696847,-0.296336,-0.140901,-0.102745
40.2041,0.07244,-0.274735,-0.135084,-0.104389
40.2268,0.0751764,-0.269848,-0.133868,-0.106011
40.2494,0.0778933,-0.262259,-0.131426,-0.107612
40.2721,0.0805903,-0.289702,-0.129847,-0.10919
40.2948,0.0832669,-0.281308,-0.128425,-0.110745
40.3175,0.0859226,-0.280373,-0.127132,-0.112277
40.3401,0.0885569,-0.28506,-0.125457,-0.113786
40.3628,0.0911693,-0.274376,-0.123445,-0.115272
40.3855,0.0937594,-0.271186,-0.118997,-0.116734
40.4082,0.0963267,-0.294892,-0.120234,-0.118173
40.4308,0.0988708,-0.318335,-0.118504,-0.119587
40.4535,0.101391,-0.283589,-0.114832,-0.120977
40.4762,0.103887,-0.276292,-0.112355,-0.122342
40.4989,0.106359,-0.307792,-0.113384,-0.123683
40.5215,0.108805,-0.323933,-0.108141,-0.124999
40.5442,0.111226,-0.289855,-0.108956,-0.126289
40.5669,0.113622,-0.306551,-0.104285,-0.127555
40.5896,0.11599,-0.304636,-0.103907,-0.128795
40.6122,0.118332,-0.307186,-0.100446,-0.130009
40.6349,0.120647,-0.279427,-0.099784,-0.131197
40.6576,0.122935,-0.303013,-0.0960913,-0.13236
40.6803,0.125194,-0.335699,-0.096637,-0.133496
40.7029,0.127425,-0.291837,-0.0929432,-0.134606
40.7256,0.129628,-0.32499,-0.0906369,-0.13569
40.7483,0.131801,-0.3027,-0.0907198,-0.136746
40.771,0.133945,-0.306996,-0.0857247,-0.137776
40.7937,0.136059,-0.31353,-0.0866691,-0.13878
40.8163,0.138143,-0.282416,-0.0831112,-0.139756
40.839,0.140196,-0.301409,-0.0791329,-0.140705
40.8617,0.142218,-0.308886,-0.0769115,-0.141626
40.8844,0.144209,-0.274583,-0.0764024,-0.14252
40.907,0.146169,-0.300222,-0.0761956,-0.143387
40.9297,0.148097,-0.297166,-0.0700888,-0.144226
40.9524,0.149993,-0.308454,-0.0695599,-0.145037
40.9751,0.151856,-0.306983,-0.0659806,-0.14582
40.9977,0.153686,-0.272428,-0.0664858,-0.146575
41.0204,0.155483,-0.277127,-0.0637617,-0.147303
41.0431,0.157247,-0.286955,-0.0607123,-0.148002
41.0658,0.158977,-0.286216,-0.060121,-0.148673
41.0884,0.160673,-0.341194,-0.0525625,-0.149316
41.1111,0.162335,-0.306049,-0.0540512,-0.14993
41.1338,0.163963,-0.298855,-0.0492681,-0.150516
41.1565,0.165556,-0.288732,-0.0476873,-0.151074
41.1791,0.167114,-0.314013,-0.0466885,-0.151603
41.2018,0.168636,-0.288336,-0.0423688,-0.152104
41.2245,0.170124,-0.285712,-0.0435587,-0.152575
41.2472,0.171575,-0.291084,-0.0409439,-0.153019
41.2698,0.172991,-0.282778,-0.037961,-0.153433
41.2925,0.174371,-0.291295,-0.0353029,-0.153819
41.3152,0.175714,-0.292276,-0.0321169,-0.154177
41.3379,0.177021,-0.28387,-0.0315356,-0.154505
41.3605,0.178292,-0.282578,-0.0275904,-0.154805
41.3832,0.179525,-0.283919,-0.0247009,-0.155076
41.4059,0.180721,-0.301084,-0.0210186,-0.155319
41.4286,0.181881,-0.29476,-0.0183503,-0.155532
41.4512,0.183003,-0.280178,-0.0194402,-0.155717
41.4739,0.184087,-0.277267,-0.0165525,-0.155874
41.4966,0.185134,-0.255611,-0.0142468,-0.156001
41.5193,0.186143,-0.290813,-0.0115856,-0.1561
41.542,0.187115,-0.274393,-0.00837743,-0.15617
41.5646,0.188048,-0.262837,-0.00577054,-0.156212
41.5873,0.188943,-0.293677,-0.00370572,-0.156225
41.61,0.1898,-0.262959,0.0021294,-0.15621
41.6327,0.190619,-0.275213,-0.000591362,-0.156166
41.6553,0.191399,-0.286425,0.00257781,-0.156094
41.678,0.192141,-0.260839,0.00535727,-0.155993
41.7007,0.192845,-0.27671,0.00870724,-0.155865
41.7234,0.193509,-0.24761,0.0131541,-0.155708
41.746,0.194135,-0.222024,0.0131811,-0.155523
41.7687,0.194723,-0.253001,0.0161927,-0.155309
41.7914,0.195272,-0.236301,0.0150707,-0.155068
41.8141,0.195781,-0.265267,0.017113,-0.154799
41.8367,0.196253,-0.260612,0.0205382,-0.154503
41.8594,0.196685,-0.237503,0.0212417,-0.154178
41.8821,0.197078,-0.244959,0.0276625,-0.153826
41.9048,0.197433,-0.257794,0.027465,-0.153446
41.9274,0.197749,-0.25191,0.0322902,-0.15304
41.9501,0.198026,-0.2281,0.0316871,-0.152605
41.9728,0.198264,-0.229433,0.0349236,-0.152144
41.9955,0.198463,-0.230572,0.0363949,-0.151656
42.0181,0.198624,-0.232301,0.0384133,-0.151141
42.0408,0.198746,-0.213887,0.0428402,-0.150599
42.0635,0.19883,-0.211551,0.0422293,-0.150031
42.0862,0.198874,-0.207642,0.044674,-0.149435
42.1088,0.198881,-0.194377,0.051532,-0.148814
42.1315,0.198848,-0.215796,0.0497548,-0.148167
42.1542,0.198778,-0.219164,0.0536641,-0.147494
42.1769,0.198669,-0.208063,0.0556256,-0.146794
42.1995,0.198522,-0.194432,0.0584224,-0.146069
42.2222,0.198337,-0.203102,0.0577781,-0.145319
42.2449,0.198114,-0.191474,0.0644651,-0.144543
42.2676,0.197853,-0.17254,0.0666501,-0.143742
42.2902,0.197554,-0.164477,0.0667909,-0.142916
42.3129,0.197217,-0.195268,0.0673554,-0.142065
42.3356,0.196843,-0.196873,0.071784,-0.14119
42.3583,0.196432,-0.155415,0.0705486,-0.14029
42.381,0.195984,-0.172167,0.073834,-0.139366
42.4036,0.195498,-0.172514,0.0749339,-0.138417
42.4263,0.194976,-0.170503,0.0777463,-0.137445
42.449,0.194417,-0.167123,0.0797704,-0.13645
42.4717,0.193821,-0.151566,0.0827298,-0.135431
42.4943,0.193189,-0.172171,0.0841493,-0.134388
42.517,0.192521,-0.152519,0.0865025,-0.133323
42.5397,0.191817,-0.124519,0.0891846,-0.132235
42.5624,0.191077,-0.142911,0.0892201,-0.131124
42.585,0.190302,-0.1342,0.0936839,-0.129991
42.6077,0.189491,-0.115232,0.0942299,-0.128836
42.6304,0.188645,-0.142512,0.0932926,-0.127659
42.6531,0.187764,-0.127583,0.0973376,-0.126461
42.6757,0.186849,-0.124492,0.101964,-0.12524
42.6984,0.185899,-0.133224,0.098291,-0.124
42.7211,0.184915,-0.127538,0.102224,-0.122737
42.7438,0.183897,-0.121351,0.102881,-0.121455
42.7664,0.182846,-0.111397,0.104167,-0.120151
42.7891,0.181761,-0.0916691,0.109216,-0.118828
42.8118,0.180643,-0.0911344,0.109442,-0.117485
42.8345,0.179492,-0.107771,0.112941,-0.116122
42.8571,0.178308,-0.101645,0.112517,-0.11474
42.8798,0.177093,-0.060521,0.114776,-0.113339
42.9025,0.175845,-0.093345,0.115279,-0.111919
42.9252,0.174566,-0.0966189,0.116465,-0.11048
42.9478,0.173255,-0.0657613,0.119419,-0.109023
42.9705,0.171913,-0.0884072,0.12083,-0.107548
42.9932,0.17054,-0.0480464,0.120846,-0.106055
43.0159,0.169137,-0.050094,0.126398,-0.104545
43.0385,0.167704,-0.0700494,0.124397,-0.103018
43.0612,0.166241,-0.0632799,0.12445,-0.101474
43.0839,0.164749,-0.0363081,0.127702,-0.0999128
43.1066,0.163228,-0.0240052,0.12953,-0.098336
43.1293,0.161677,-0.0423317,0.129994,-0.0967426
43.1519,0.160099,-0.0382918,0.13249,-0.0951341
43.1746,0.158492,-0.0249937,0.131488,-0.0935096
43.1973,0.156858,-0.0168129,0.132841,-0.0918706
43.22,0.155196,-0.0332972,0.136306,-0.0902162
43.2426,0.153507,-0.0386994,0.134136,-0.0885478
43.2653,0.151792,-0.012146,0.139891,-0.0868647
43.288,0.150051,-0.00712168,0.140566,-0.0851682
43.3107,0.148283,-0.019503,0.139568,-0.0834576
43.3333,0.146491,-0.0145159,0.142101,-0.0817343
43.356,0.144673,0.00879332,0.143086,-0.0799974
43.3787,0.142831,-0.0116498,0.145467,-0.0782485
43.4014,0.140964,0.00566512,0.143422,-0.0764867
43.424,0.139073,0.0129197,0.147517,-0.0747134
43.4467,0.137159,0.019261,0.145444,-0.0729279
43.4694,0.135222,0.0241492,0.147467,-0.0711316
43.4921,0.133263,0.0141432,0.148215,-0.0693236
43.5147,0.131281,0.0213047,0.148095,-0.0675056
43.5374,0.129277,0.0316335,0.150235,-0.0656765
43.5601,0.127252,0.0244192,0.151118,-0.063838
43.5828,0.125206,0.0345746,0.15093,-0.061989
43.6054,0.123139,0.0586385,0.152694,-0.0601314
43.6281,0.121052,0.0431744,0.150983,-0.058264
43.6508,0.118946,0.0492556,0.152092,-0.0563885
43.6735,0.116821,0.070237,0.154984,-0.0545039
43.6961,0.114676,0.0633929,0.153595,-0.0526119
43.7188,0.112514,0.0755243,0.150995,-0.0507114
43.7415,0.110333,0.0713041,0.155704,-0.0488043
43.7642,0.108135,0.0620593,0.157142,-0.0468893
43.7868,0.10592,0.0841109,0.161756,-0.0449683
43.8095,0.103688,0.080212,0.158466,-0.0430402
43.8322,0.101441,0.0811037,0.158544,-0.0411067
43.8549,0.0991774,0.0758817,0.157077,-0.0391668
43.8776,0.0968989,0.0790964,0.159095,-0.0372222
43.9002,0.0946057,0.0891292,0.159844,-0.0352718
43.9229,0.0922982,0.110195,0.15985,-0.0333175
43.9456,0.089977,0.11585,0.158705,-0.031358
43.9683,0.0876424,0.0974692,0.161639,-0.0293952
43.9909,0.085295,0.117452,0.161481,-0.027428
44.0136,0.0829352,0.128185,0.159942,-0.0254582
44.0363,0.0805635,0.111261,0.158209,-0.0234847
44.059,0.0781803,0.104298,0.160951,-0.0215092
44.0816,0.0757862,0.132465,0.159918,-0.0195306
44.1043,0.0733815,0.123108,0.161606,-0.0175508
44.127,0.0709669,0.118215,0.161108,-0.0155686
44.1497,0.0685427,0.130224,0.162287,-0.0135859
44.1723,0.0661094,0.132651,0.161855,-0.0116014
44.195,0.0636675,0.148111,0.160613,-0.0096171
44.2177,0.0612175,0.152363,0.159999,-0.00763171
44.2404,0.0587599,0.131544,0.161359,-0.00564724
44.263,0.0562951,0.156544,0.160226,-0.00366232
44.2857,0.0538236,0.15939,0.161909,-0.00167898
44.3084,0.0513459,0.144479,0.162465,0.000304138
44.3311,0.0488625,0.15598,0.160277,0.00228497
44.3537,0.0463739,0.157454,0.157078,0.00426491
44.3764,0.0438805,0.161798,0.160383,0.00624185
44.3991,0.0413828,0.160647,0.160962,0.00821726
44.4218,0.0388813,0.167725,0.158297,0.010189
44.4444,0.0363765,0.174191,0.156572,0.0121585
44.4671,0.0338688,0.171213,0.158147,0.0141237
44.4898,0.0313588,0.185345,0.157787,0.016086
44.5125,0.0288469,0.18778,0.159335,0.0180433
44.5351,0.0263336,0.182473,0.159532,0.019997
44.5578,0.0238193,0.178824,0.153525,0.0219451
44.5805,0.0213046,0.183077,0.157782,0.0238889
44.6032,0.0187899,0.184913,0.155219,0.0258264
44.6259,0.0162757,0.213695,0.154095,0.0277591
44.6485,0.0137625,0.187794,0.157655,0.0296847
44.6712,0.0112507,0.192694,0.153591,0.0316048
44.6939,0.00874082,0.21779,0.153331,0.0335173
44.7166,0.0062333,0.209093,0.153603,0.0354236
44.7392,0.00372863,0.208281,0.150854,0.0373216
44.7619,0.00122727,0.218098,0.150241,0.0392128
44.7846,-0.00127032,0.20771,0.149847,0.041095
44.8073,-0.00376367,0.217712,0.150348,0.0429698
44.8299,-0.00625232,0.223378,0.148278,0.044835
44.8526,-0.00873581,0.216067,0.147216,0.0466922
44.8753,-0.0112137,0.222082,0.14773,0.0485391
44.898,-0.0136855,0.23448,0.146932,0.0503774
44.9206,-0.0161508,0.238059,0.144354,0.0522048
44.9433,-0.0186091,0.24542,0.144028,0.0540229
44.966,-0.0210599,0.229627,0.140977,0.0558295
44.9887,-0.023503,0.253687,0.140642,0.0576263
45.0113,-0.0259376,0.247366,0.144454,0.0594109
45.034,-0.0283636,0.238016,0.141085,0.0611851
45.0567,-0.0307803,0.257049,0.14049,0.0629466
45.0794,-0.0331874,0.238136,0.138489,0.064697
45.102,-0.0355844,0.23623,0.137078,0.066434
45.1247,-0.0379709,0.232952,0.134958,0.0681594
45.1474,-0.0403465,0.239636,0.134252,0.0698709
45.1701,-0.0427107,0.255226,0.132128,0.0715703
45.1927,-0.0450632,0.250857,0.131871,0.0732551
45.2154,-0.0474034,0.245814,0.129065,0.0749272
45.2381,-0.049731,0.250366,0.130714,0.0765841
45.2608,-0.0520456,0.254555,0.127119,0.0782279
45.2834,-0.0543468,0.253319,0.126608,0.0798559
45.3061,-0.0566341,0.258866,0.125104,0.0814701
45.3288,-0.0589072,0.259192,0.124633,0.0830681
45.3515,-0.0611656,0.262736,0.1222,0.0846517
45.3741,-0.0634089,0.261473,0.124501,0.0862186
45.3968,-0.0656369,0.261741,0.119506,0.0877706
45.4195,-0.067849,0.271624,0.119734,0.0893053
45.4422,-0.0700448,0.266414,0.117841,0.0908246
45.4649,-0.0722241,0.258788,0.114163,0.0923261
45.4875,-0.0743864,0.268746,0.115146,0.0938117
45.5102,-0.0765314,0.273136,0.111359,0.095279
45.5329,-0.0786586,0.264228,0.110252,0.0967299
45.5556,-0.0807678,0.277149,0.111656,0.0981621
45.5782,-0.0828585,0.26004,0.105403,0.0995773
45.6009,-0.0849304,0.264717,0.106424,0.100973
45.6236,-0.0869831,0.27108,0.106451,0.102352
45.6463,-0.0890164,0.270373,0.104951,0.103711
45.6689,-0.0910298,0.274383,0.100453,0.105052
45.6916,-0.093023,0.268144,0.101824,0.106373
45.7143,-0.0949956,0.274037,0.098565,0.107675
45.737,-0.0969474,0.287645,0.100273,0.108957
45.7596,-0.0988781,0.27957,0.0947675,0.11022
45.7823,-0.100787,0.280295,0.0958698,0.111462
45.805,-0.102674,0.273105,0.0925264,0.112686
45.8277,-0.10454,0.270409,0.089843,0.113887
45.8503,-0.106382,0.273026,0.0894371,0.115069
45.873,-0.108202,0.267269,0.0859778,0.116229
45.8957,-0.109999,0.285285,0.0850246,0.117369
45.9184,-0.111773,0.28152,0.0845004,0.118487
45.941,-0.113522,0.281281,0.0808177,0.119585
45.9637,-0.115248,0.269859,0.0797003,0.12066
45.9864,-0.11695,0.281639,0.0772109,0.121714
46.0091,-0.118628,0.280407,0.074121,0.122746
46.0317,-0.12028,0.275848,0.0723966,0.123756
46.0544,-0.121908,0.277436,0.0729436,0.124743
46.0771,-0.12351,0.270556,0.0687432,0.125709
46.0998,-0.125087,0.275599,0.0681576,0.12665
46.1224,-0.126638,0.272051,0.0660881,0.127571
46.1451,-0.128163,0.270909,0.0654223,0.128467
46.1678,-0.129661,0.268886,0.061485,0.129341
46.1905,-0.131133,0.2728,0.0572007,0.130191
46.2132,-0.132579,0.262722,0.0579992,0.131019
46.2358,-0.133997,0.274377,0.0555518,0.131822
46.2585,-0.135389,0.280299,0.0532272,0.132603
46.2812,-0.136753,0.266438,0.052773,0.133358
46.3039,-0.138089,0.264617,0.0513144,0.134091
46.3265,-0.139398,0.263871,0.0487504,0.134799
46.3492,-0.140679,0.276004,0.0448284,0.135483
46.3719,-0.141931,0.265309,0.044254,0.136143
46.3946,-0.143156,0.263579,0.043978,0.136779
46.4172,-0.144351,0.268239,0.0408898,0.137389
46.4399,-0.145518,0.257967,0.0366797,0.137976
46.4626,-0.146656,0.263488,0.0357755,0.138537
46.4853,-0.147766,0.256234,0.0364354,0.139075
46.5079,-0.148845,0.249608,0.0328371,0.139587
46.5306,-0.149896,0.255346,0.0280401,0.140074
46.5533,-0.150917,0.247864,0.0280752,0.140536
46.576,-0.151909,0.245461,0.0257991,0.140973
46.5986,-0.152871,0.253148,0.0235133,0.141385
46.6213,-0.153802,0.253209,0.0218183,0.141772
46.644,-0.154704,0.247896,0.0195969,0.142132
46.6667,-0.155576,0.250538,0.0153867,0.142469
46.6893,-0.156418,0.234618,0.016117,0.142778
46.712,-0.157229,0.23621,0.0118381,0.143064
46.7347,-0.15801,0.244981,0.0138935,0.143322
46.7574,-0.15876,0.236542,0.00936457,0.143557
46.78,-0.15948,0.235965,0.0071207,0.143764
46.8027,-0.160169,0.241221,0.00312655,0.143947
46.8254,-0.160827,0.225935,0.00278506,0.144103
46.8481,-0.161454,0.227825,0.00194641,0.144235
46.8707,-0.162051,0.228164,-0.00109563,0.144339
46.8934,-0.162616,0.220178,-0.00496801,0.144419
46.9161,-0.163151,0.222757,-0.00383301,0.144472
46.9388,-0.163654,0.219913,-0.00865655,0.1445
46.9615,-0.164127,0.22443,-0.00866368,0.144501
46.9841,-0.164568,0.214579,-0.0116364,0.144478
47.0068,-0.164978,0.210585,-0.0143719,0.144428
47.0295,-0.165357,0.209584,-0.0159917,0.144353
47.0522,-0.165704,0.201608,-0.0154197,0.144251
47.0748,-0.166021,0.196034,-0.0199541,0.144124
47.0975,-0.166306,0.2112,-0.0219136,0.143971
47.1202,-0.16656,0.205305,-0.0241431,0.143793
47.1429,-0.166782,0.200186,-0.024085,0.143588
47.1655,-0.166974,0.196061,-0.0296773,0.143358
47.1882,-0.167134,0.193439,-0.0300897,0.143102
47.2109,-0.167263,0.188295,-0.0330302,0.142822
47.2336,-0.167361,0.183142,-0.0347843,0.142514
47.2562,-0.167428,0.190567,-0.0365023,0.142182
47.2789,-0.167463,0.179105,-0.0376981,0.141824
47.3016,-0.167468,0.181204,-0.0410694,0.141442
47.3243,-0.167442,0.18219,-0.0407859,0.141033
47.3469,-0.167384,0.175139,-0.0443832,0.1406
47.3696,-0.167296,0.168724,-0.0432772,0.14014
47.3923,-0.167177,0.173082,-0.0481355,0.139657
47.415,-0.167027,0.160548,-0.0487226,0.139147
47.4376,-0.166847,0.163917,-0.053212,0.138614
47.4603,-0.166636,0.158239,-0.0535999,0.138055
47.483,-0.166394,0.150826,-0.0543896,0.137472
47.5057,-0.166122,0.148297,-0.0572549,0.136863
47.5283,-0.16582,0.150813,-0.0582301,0.136231
47.551,-0.165488,0.142556,-0.0617158,0.135573
47.5737,-0.165125,0.138362,-0.064451,0.134893
47.5964,-0.164733,0.150247,-0.063603,0.134186
47.619,-0.16431,0.131548,-0.0666122,0.133458
47.6417,-0.163858,0.132906,-0.0686686,0.132703
47.6644,-0.163376,0.132961,-0.072588,0.131926
47.6871,-0.162865,0.131166,-0.0715608,0.131125
47.7098,-0.162324,0.131222,-0.0728928,0.130301
47.7324,-0.161754,0.127029,-0.0771569,0.129452
47.7551,-0.161155,0.117366,-0.0777071,0.128581
47.7778,-0.160528,0.109463,-0.0772794,0.127686
47.8005,-0.159871,0.103833,-0.0802517,0.126769
47.8231,-0.159186,0.108348,-0.0833042,0.125828
47.8458,-0.158473,0.0999101,-0.0847705,0.124866
47.8685,-0.157731,0.0966685,-0.0845594,0.123879
47.8912,-0.156961,0.10132,-0.0874085,0.122872
47.9138,-0.156163,0.0916436,-0.0895953,0.121842
47.9365,-0.155338,0.0914588,-0.0896094,0.120791
47.9592,-0.154485,0.0932458,-0.0896243,0.119716
47.9819,-0.153605,0.0844628,-0.0940732,0.118622
48.0045,-0.152698,0.0754656,-0.0952396,0.117504
48.0272,-0.151764,0.0781679,-0.0949387,0.116367
48.0499,-0.150803,0.0726188,-0.0970238,0.115207
48.0726,-0.149816,0.0621712,-0.0997166,0.114028
48.0952,-0.148802,0.0654057,-0.0997616,0.112827
48.1179,-0.147763,0.060344,-0.103062,0.111607
48.1406,-0.146697,0.056541,-0.104841,0.110365
48.1633,-0.145607,0.0557278,-0.107781,0.109105
48.1859,-0.14449,0.0548522,-0.108039,0.107823
48.2086,-0.143349,0.0517895,-0.109012,0.106524
48.2313,-0.142183,0.0427662,-0.109671,0.105203
48.254,-0.140992,0.0520344,-0.112243,0.103866
48.2766,-0.139777,0.0420006,-0.110906,0.102507
48.2993,-0.138538,0.0401276,-0.113503,0.101132
48.322,-0.137275,0.0299007,-0.11625,0.0997363
48.3447,-0.135989,0.0204781,-0.118705,0.0983245
48.3673,-0.134679,0.0306321,-0.116319,0.096893
48.39,-0.133346,0.0233357,-0.12159,0.0954456
48.4127,-0.131991,0.0164126,-0.119661,0.0939791
48.4354,-0.130613,0.0156027,-0.121386,0.0924972
48.458,-0.129213,0.0149886,-0.12413,0.0909966
48.4807,-0.127791,-0.00386739,-0.123358,0.0894812
48.5034,-0.126347,0.00192119,-0.123025,0.0879477
48.5261,-0.124882,0.00046991,-0.125532,0.0863999
48.5488,-0.123396,-0.00471162,-0.129127,0.0848345
48.5714,-0.121889,-0.012959,-0.12835,0.0832553
48.5941,-0.120362,-0.00989017,-0.127786,0.0816591
48.6168,-0.118815,-0.0117288,-0.130619,0.0800497
48.6395,-0.117248,-0.0134689,-0.128398,0.0784238
48.6621,-0.115661,-0.0256388,-0.131874,0.0767853
48.6848,-0.114056,-0.0230172,-0.133165,0.0751309
48.7075,-0.112431,-0.0304843,-0.132447,0.0734644
48.7302,-0.110788,-0.0295479,-0.135146,0.0717826
48.7528,-0.109127,-0.0405857,-0.133381,0.0700893
48.7755,-0.107447,-0.0440202,-0.135829,0.0683813
48.7982,-0.105751,-0.0491332,-0.137889,0.0666625
48.8209,-0.104037,-0.0453203,-0.136411,0.0649295
48.8435,-0.102306,-0.0558405,-0.137984,0.0631863
48.8662,-0.100558,-0.0606307,-0.139184,0.0614295
48.8889,-0.0987945,-0.0577557,-0.141046,0.0596631
48.9116,-0.0970149,-0.062205,-0.140379,0.0578837
48.9342,-0.0952198,-0.0612458,-0.14049,0.0560954
48.9569,-0.0934094,-0.0664001,-0.140768,0.0542949
48.9796,-0.0915843,-0.06975,-0.143594,0.052486
49.0023,-0.0897446,-0.0639965,-0.142927,0.0506653
49.0249,-0.0878908,-0.0755765,-0.143177,0.0488371
49.0476,-0.0860231,-0.0805854,-0.143351,0.0469977
49.0703,-0.0841421,-0.0867363,-0.145656,0.0451514
49.093,-0.0822479,-0.0890864,-0.144107,0.0432946
49.1156,-0.0803411,-0.0856258,-0.145786,0.0414316
49.1383,-0.0784218,-0.0851044,-0.14416,0.0395587
49.161,-0.0764906,-0.089213,-0.145309,0.0376802
49.1837,-0.0745477,-0.101763,-0.146109,0.0357926
49.2063,-0.0725935,-0.0981656,-0.145713,0.0339
49.229,-0.0706284,-0.102961,-0.147216,0.0319989
49.2517,-0.0686528,-0.105564,-0.147868,0.0300936
49.2744,-0.0666671,-0.108719,-0.147321,0.0281805
49.2971,-0.0646714,-0.116478,-0.149302,0.0262637
49.3197,-0.0626664,-0.111761,-0.146793,0.0243399
49.3424,-0.0606523,-0.111423,-0.149006,0.0224132
49.3651,-0.0586296,-0.117736,-0.146707,0.02048
49.3878,-0.0565985,-0.13231,-0.14764,0.0185446
49.4104,-0.0545595,-0.129792,-0.149702,0.0166034
49.4331,-0.0525129,-0.125147,-0.147626,0.0146608
49.4558,-0.0504591,-0.125347,-0.148899,0.0127131
49.4785,-0.0483986,-0.12945,-0.14822,0.0107646
49.5011,-0.0463316,-0.137224,-0.148541,0.00881172
49.5238,-0.0442585,-0.143338,-0.149317,0.00685876
49.5465,-0.0421798,-0.135977,-0.148344,0.00490208
49.5692,-0.0400958,-0.139327,-0.148078,0.00294605
49.5918,-0.0380069,-0.144241,-0.149627,0.00098701
49.6145,-0.0359134,-0.150338,-0.147889,-0.000970678
49.6372,-0.0338158,-0.157495,-0.148582,-0.00293074
49.6599,-0.0317144,-0.157091,-0.146306,-0.00488867
49.6825,-0.0296097,-0.157183,-0.146712,-0.00684823
49.7052,-0.0275019,-0.169393,-0.146494,-0.00880501
49.7279,-0.0253915,-0.163778,-0.1468,-0.0107627
49.7506,-0.0232789,-0.165884,-0.145877,-0.0127169
49.7732,-0.0211643,-0.162294,-0.145309,-0.0146714
49.7959,-0.0190483,-0.170856,-0.147196,-0.0166216
49.8186,-0.0169312,-0.178295,-0.144862,-0.0185714
49.8413,-0.0148134,-0.174941,-0.144466,-0.0205162
49.8639,-0.0126952,-0.179416,-0.143361,-0.0224599
49.8866,-0.0105771,-0.181143,-0.142071,-0.0243979
49.9093,-0.00845933,-0.176066,-0.142791,-0.0263341
49.932,-0.00634238,-0.187768,-0.142732,-0.028264
49.9546,-0.00422659,-0.181455,-0.141814,-0.0301913
49.9773,-0.00211234,-0.181557,-0.141138,-0.0321115
50,-3.1339e-16,-0.193842,-0.140772,-0.0340285
50.0227,0.00211005,-0.190541,-0.140973,-0.0359377
50.0454,0.00421743,-0.189705,-0.138738,-0.037843
50.068,0.00632178,-0.188404,-0.139233,-0.0397398
50.0907,0.00842272,-0.193121,-0.139936,-0.0416321
50.1134,0.0105199,-0.199186,-0.137933,-0.0435151
50.1361,0.0126129,-0.202566,-0.138071,-0.0453929
50.1587,0.0147014,-0.193823,-0.134769,-0.0472608
50.1814,0.016785,-0.206807,-0.136435,-0.0491228
50.2041,0.0188634,-0.207765,-0.134615,-0.0509741
50.2268,0.0209362,-0.20395,-0.132644,-0.0528189
50.2494,0.023003,-0.201797,-0.12985,-0.0546524
50.2721,0.0250635,-0.204101,-0.131294,-0.0564786
50.2948,0.0271172,-0.209747,-0.130586,-0.0582929
50.3175,0.029164,-0.212211,-0.129882,-0.0600993
50.3401,0.0312033,-0.209607,-0.129957,-0.061893
50.3628,0.0332348,-0.213613,-0.128268,-0.0636782
50.3855,0.0352583,-0.217263,-0.128319,-0.06545
50.4082,0.0372733,-0.210473,-0.126664,-0.0672126
50.4308,0.0392794,-0.220756,-0.126232,-0.0689613
50.4535,0.0412765,-0.220646,-0.121635,-0.0707001
50.4762,0.043264,-0.216294,-0.122879,-0.0724243
50.4989,0.0452417,-0.21547,-0.122469,-0.074138
50.5215,0.0472092,-0.218059,-0.119787,-0.0758365
50.5442,0.0491661,-0.226523,-0.11915,-0.0775238
50.5669,0.0511122,-0.219445,-0.117822,-0.0791952
50.5896,0.0530471,-0.217214,-0.117563,-0.080855
50.6122,0.0549705,-0.222198,-0.11947,-0.0824982
50.6349,0.0568821,-0.221079,-0.114816,-0.0841291
50.6576,0.0587815,-0.221972,-0.111847,-0.0857428
50.6803,0.0606683,-0.232888,-0.111589,-0.0873436
50.7029,0.0625424,-0.216754,-0.110331,-0.0889267
50.7256,0.0644033,-0.229379,-0.107024,-0.0904963
50.7483,0.0662507,-0.23327,-0.107908,-0.0920474
50.771,0.0680844,-0.224479,-0.103858,-0.0935846
50.7937,0.069904,-0.223964,-0.103823,-0.0951027
50.8163,0.0717093,-0.231561,-0.104675,-0.0966063
50.839,0.0734998,-0.230222,-0.102091,-0.0980903
50.8617,0.0752753,-0.228018,-0.0987252,-0.0995591
50.8844,0.0770356,-0.227114,-0.0988867,-0.101008
50.907,0.0787803,-0.221815,-0.0982393,-0.102441
50.9297,0.0805091,-0.230039,-0.0978534,-0.103853
50.9524,0.0822217,-0.228194,-0.0970246,-0.105249
50.9751,0.0839178,-0.233214,-0.0941754,-0.106624
50.9977,0.0855973,-0.23477,-0.089971,-0.107982
51.0204,0.0872597,-0.22503,-0.0909265,-0.109319
51.0431,0.0889048,-0.230253,-0.0876149,-0.110638
51.0658,0.0905324,-0.224996,-0.0866171,-0.111935
51.0884,0.0921421,-0.22623,-0.0855973,-0.113214
51.1111,0.0937337,-0.230703,-0.0845014,-0.114471
51.1338,0.095307,-0.220944,-0.0828194,-0.115709
51.1565,0.0968616,-0.22569,-0.0800142,-0.116924
51.1791,0.0983973,-0.225383,-0.0790797,-0.11812
51.2018,0.099914,-0.22496,-0.0769954,-0.119293
51.2245,0.101411,-0.232918,-0.074592,-0.120446
51.2472,0.102889,-0.225837,-0.0739916,-0.121575
51.2698,0.104347,-0.223836,-0.0718299,-0.122685
51.2925,0.105784,-0.230196,-0.0705743,-0.12377
51.3152,0.107201,-0.22019,-0.0677669,-0.124835
51.3379,0.108598,-0.225611,-0.0667323,-0.125875
51.3605,0.109974,-0.216548,-0.064612,-0.126895
51.3832,0.111329,-0.218668,-0.0620905,-0.127889
51.4059,0.112663,-0.224622,-0.062468,-0.128863
51.4286,0.113975,-0.219848,-0.0611974,-0.129811
51.4512,0.115265,-0.219142,-0.0589663,-0.130737
51.4739,0.116534,-0.217479,-0.0540203,-0.131637
51.4966,0.117781,-0.216824,-0.0536437,-0.132516
51.5193,0.119005,-0.223097,-0.0522773,-0.133368
51.542,0.120207,-0.219382,-0.0504496,-0.134199
51.5646,0.121386,-0.215969,-0.0461199,-0.135002
51.5873,0.122542,-0.214368,-0.0461351,-0.135783
51.61,0.123676,-0.214714,-0.0444128,-0.136537
51.6327,0.124786,-0.2089,-0.0430348,-0.137269
51.6553,0.125872,-0.206364,-0.0429735,-0.137973
51.678,0.126936,-0.207984,-0.0390679,-0.138654
51.7007,0.127975,-0.201997,-0.0364567,-0.139307
51.7234,0.128991,-0.201357,-0.0350611,-0.139938
51.746,0.129982,-0.20589,-0.031972,-0.14054
51.7687,0.130949,-0.198562,-0.032673,-0.141119
51.7914,0.131892,-0.19515,-0.0289206,-0.141669
51.8141,0.132811,-0.202215,-0.0283951,-0.142196
51.8367,0.133705,-0.197532,-0.0265419,-0.142695
51.8594,0.134574,-0.196956,-0.0237614,-0.143169
51.8821,0.135418,-0.193952,-0.0221518,-0.143615
51.9048,0.136237,-0.189526,-0.0186301,-0.144037
51.9274,0.137031,-0.18613,-0.016354,-0.14443
51.9501,0.1378,-0.189891,-0.0133096,-0.144799
51.9728,0.138544,-0.180392,-0.0135282,-0.145138
51.9955,0.139262,-0.183107,-0.0125197,-0.145453
52.0181,0.139954,-0.187639,-0.0100435,-0.145739
52.0408,0.140621,-0.18335,-0.0068406,-0.146001
52.0635,0.141261,-0.182002,-0.00458021,-0.146233
52.0862,0.141876,-0.176663,-0.00273457,-0.14644
52.1088,0.142465,-0.172586,-0.000451777,-0.146618
52.1315,0.143028,-0.169651,7.98851e-05,-0.146771
52.1542,0.143565,-0.169061,0.000972875,-0.146894
52.1769,0.144076,-0.165221,0.0043848,-0.146993
52.1995,0.14456,-0.161901,0.00542002,-0.147062
52.2222,0.145018,-0.159297,0.00778697,-0.147106
52.2449,0.14545,-0.159983,0.0106065,-0.14712
52.2676,0.145855,-0.159975,0.0121063,-0.147109
52.2902,0.146234,-0.151022,0.014938,-0.147068
52.3129,0.146586,-0.150994,0.0167636,-0.147003
52.3356,0.146912,-0.152359,0.0179321,-0.146907
52.3583,0.147211,-0.148398,0.0207464,-0.146787
52.381,0.147483,-0.147543,0.0238808,-0.146636
52.4036,0.147729,-0.140617,0.0234955,-0.146461
52.4263,0.147948,-0.137652,0.027257,-0.146256
52.449,0.14814,-0.140749,0.0280751,-0.146026
52.4717,0.148306,-0.130832,0.0310022,-0.145766
52.4943,0.148445,-0.128596,0.0332543,-0.145482
52.517,0.148557,-0.137344,0.0339832,-0.145167
52.5397,0.148642,-0.127564,0.0341393,-0.144828
52.5624,0.148701,-0.119592,0.0359274,-0.144459
52.585,0.148733,-0.122961,0.0410894,-0.144066
52.6077,0.148738,-0.119716,0.0415326,-0.143642
52.6304,0.148716,-0.111845,0.0439807,-0.143195
52.6531,0.148668,-0.116544,0.0455507,-0.142717
52.6757,0.148593,-0.112107,0.0471272,-0.142216
52.6984,0.148492,-0.110752,0.0502873,-0.141685
52.7211,0.148364,-0.104764,0.0510371,-0.141129
52.7438,0.148209,-0.10136,0.0532547,-0.140545
52.7664,0.148028,-0.09597,0.053859,-0.139936
52.7891,0.14782,-0.101243,0.0561842,-0.139299
52.8118,0.147586,-0.0934191,0.0578325,-0.138637
52.8345,0.147326,-0.0866012,0.0599594,-0.137947
52.8571,0.14704,-0.0897386,0.0629022,-0.137233
52.8798,0.146727,-0.0844935,0.0628331,-0.13649
52.9025,0.146388,-0.0802965,0.0649129,-0.135724
52.9252,0.146023,-0.0798959,0.0658763,-0.134929
52.9478,0.145632,-0.0784568,0.0689932,-0.134112
52.9705,0.145215,-0.0760489,0.0713869,-0.133266
52.9932,0.144773,-0.0751234,0.0721888,-0.132397
53.0159,0.144305,-0.0722022,0.0752936,-0.131501
53.0385,0.143811,-0.0599547,0.0740489,-0.130581
53.0612,0.143291,-0.060469,0.0783551,-0.129635
53.0839,0.142747,-0.060116,0.078669,-0.128666
53.1066,0.142177,-0.0568952,0.0813816,-0.127669
53.1293,0.141581,-0.0580401,0.0809535,-0.126651
53.1519,0.140961,-0.0514669,0.0845407,-0.125605
53.1746,0.140316,-0.0504585,0.0858636,-0.124539
53.1973,0.139646,-0.0413959,0.0889434,-0.123445
53.22,0.138952,-0.0430508,0.091319,-0.12233
53.2426,0.138232,-0.0431071,0.0901004,-0.121189
53.2653,0.137489,-0.0377088,0.091054,-0.120028
53.288,0.136721,-0.0293514,0.0926804,-0.11884
53.3107,0.135929,-0.0269991,0.0951502,-0.117632
53.3333,0.135114,-0.0250494,0.0971329,-0.116398
53.356,0.134274,-0.0206752,0.0983242,-0.115144
53.3787,0.133411,-0.0213947,0.0997133,-0.113866
53.4014,0.132524,-0.0184614,0.0989413,-0.112567
53.424,0.131614,-0.0126426,0.104647,-0.111244
53.4467,0.130681,-0.0147702,0.103791,-0.109903
53.4694,0.129725,-0.00381699,0.10565,-0.108536
53.4921,0.128747,-0.00407335,0.107083,-0.107152
53.5147,0.127745,0.0025894,0.107104,-0.105743
53.5374,0.126721,0.00864957,0.109878,-0.104316
53.5601,0.125676,0.00826124,0.110202,-0.102866
53.5828,0.124608,0.00499262,0.110802,-0.101399
53.6054,0.123518,0.0178136,0.114193,-0.0999088
53.6281,0.122407,0.0189319,0.114732,-0.0984017
53.6508,0.121274,0.0184007,0.115179,-0.096872
53.6735,0.12012,0.0196664,0.115571,-0.0953261
53.6961,0.118945,0.0238864,0.118599,-0.0937582
53.7188,0.11775,0.0319025,0.11797,-0.0921747
53.7415,0.116533,0.0269992,0.120402,-0.0905697
53.7642,0.115297,0.0305769,0.120983,-0.0889496
53.7868,0.11404,0.0352671,0.122372,-0.0873087
53.8095,0.112764,0.0356999,0.122814,-0.0856532
53.8322,0.111468,0.0461307,0.123473,-0.0839774
53.8549,0.110152,0.0411879,0.126836,-0.0822877
53.8776,0.108818,0.0499164,0.125868,-0.0805783
53.9002,0.107464,0.0487408,0.128292,-0.0788556
53.9229,0.106092,0.0462957,0.128386,-0.0771138
53.9456,0.104702,0.0570598,0.129996,-0.0753593
53.9683,0.103293,0.061179,0.130906,-0.0735864
53.9909,0.101866,0.0547937,0.131395,-0.0718014
54.0136,0.100422,0.063717,0.132085,-0.0699986
54.0363,0.0989602,0.0736438,0.132236,-0.0681844
54.059,0.0974813,0.0678901,0.133728,-0.0663531
54.0816,0.0959857,0.0750432,0.134625,-0.0645109
54.1043,0.0944734,0.0783603,0.135697,-0.0626523
54.127,0.0929448,0.0855525,0.136122,-0.0607836
54.1497,0.0914001,0.0828575,0.136199,-0.0588991
54.1723,0.0898397,0.0882407,0.137222,-0.0570052
54.195,0.0882638,0.0852865,0.13861,-0.0550962
54.2177,0.0866727,0.0877644,0.139685,-0.0531784
54.2404,0.0850667,0.0943254,0.138368,-0.0512463
54.263,0.0834461,0.0923668,0.141701,-0.0493061
54.2857,0.0818111,0.0993164,0.141526,-0.0473522
54.3084,0.080162,0.0976097,0.14131,-0.045391
54.3311,0.0784992,0.102384,0.141529,-0.0434168
54.3537,0.0768229,0.107141,0.143574,-0.0414361
54.3764,0.0751335,0.1083,0.142699,-0.0394431
54.3991,0.0734312,0.109424,0.142839,-0.0374442
54.4218,0.0717163,0.110645,0.144165,-0.0354338
54.4444,0.0699892,0.116873,0.144985,-0.0334184
54.4671,0.0682501,0.120216,0.144677,-0.0313921
54.4898,0.0664994,0.118593,0.144426,-0.0293615
54.5125,0.0647374,0.122097,0.144687,-0.0273208
54.5351,0.0629644,0.127667,0.144763,-0.0252766
54.5578,0.0611806,0.123483,0.144991,-0.023223
54.5805,0.0593865,0.131189,0.146452,-0.0211668
54.6032,0.0575823,0.127498,0.144261,-0.0191019
54.6259,0.0557683,0.132625,0.145272,-0.017035
54.6485,0.0539449,0.1366,0.14528,-0.0149603
54.6712,0.0521125,0.134911,0.143951,-0.0128844
54.6939,0.0502712,0.139821,0.146797,-0.0108015
54.7166,0.0484215,0.147519,0.145568,-0.00871812
54.7392,0.0465636,0.147146,0.146069,-0.00662848
54.7619,0.044698,0.145537,0.1473,-0.00453927
54.7846,0.0428249,0.147575,0.145964,-0.00244451
54.8073,0.0409446,0.152676,0.146665,-0.000350972
54.8299,0.0390576,0.151463,0.14736,0.00174729
54.8526,0.037164,0.149975,0.147032,0.00384357
54.8753,0.0352643,0.158075,0.146388,0.00594381
54.898,0.0333589,0.161313,0.146718,0.00804124
54.9206,0.0314479,0.162427,0.145901,0.0101418
54.9433,0.0295318,0.163235,0.144526,0.0122388
54.966,0.0276109,0.160677,0.146577,0.0143381
54.9887,0.0256856,0.157866,0.144563,0.0164331
55.0113,0.0237561,0.16514,0.143981,0.0185296
55.034,0.0218229,0.171608,0.145381,0.0206209
55.0567,0.0198862,0.164893,0.14477,0.0227129
55.0794,0.0179465,0.16674,0.143862,0.024799
55.102,0.0160039,0.174461,0.143977,0.026885
55.1247,0.014059,0.175463,0.144015,0.0289642
55.1474,0.012112,0.177492,0.141994,0.0310426
55.1701,0.0101632,0.175848,0.141517,0.0331134
55.1927,0.0082131,0.180003,0.141692,0.0351825
55.2154,0.00626193,0.177536,0.141094,0.0372432
55.2381,0.00431005,0.180534,0.139702,0.0393015
55.2608,0.00235783,0.18835,0.139127,0.0413506
55.2834,0.00040558,0.17844,0.137962,0.0433965
55.3061,-0.00154633,0.186284,0.138295,0.0454323
55.3288,-0.00349757,0.185318,0.139051,0.0474642
55.3515,-0.0054478,0.193026,0.136149,0.0494852
55.3741,-0.00739667,0.193746,0.136524,0.0515015
55.3968,-0.00934383,0.185334,0.137206,0.0535061
55.4195,-0.011289,0.188705,0.135125,0.0555053
55.4422,-0.0132317,0.199726,0.133629,0.057492
55.4649,-0.0151717,0.18937,0.133275,0.0594724
55.4875,-0.0171086,0.192944,0.132254,0.0614395
55.5102,-0.0190422,0.195281,0.132906,0.0633997
55.5329,-0.020972,0.192948,0.131113,0.0653458
55.5556,-0.0228977,0.193514,0.129361,0.0672841
55.5782,-0.0248189,0.196204,0.130205,0.0692076
55.6009,-0.0267354,0.195941,0.126383,0.0711225
55.6236,-0.0286468,0.191319,0.127345,0.0730219
55.6463,-0.0305528,0.197171,0.127069,0.074912
55.6689,-0.032453,0.20134,0.125531,0.0767858
55.6916,-0.0343471,0.200105,0.125161,0.0786496
55.7143,-0.0362347,0.201535,0.12243,0.0804962
55.737,-0.0381156,0.201854,0.122331,0.0823321
55.7596,-0.0399894,0.199461,0.121223,0.0841501
55.7823,-0.0418557,0.200609,0.116104,0.0859568
55.805,-0.0437143,0.198914,0.118539,0.0877448
55.8277,-0.0455648,0.200201,0.117189,0.0895206
55.8503,-0.0474069,0.205214,0.117582,0.0912771
55.873,-0.0492402,0.199368,0.115352,0.0930208
55.8957,-0.0510645,0.200918,0.11255,0.0947445
55.9184,-0.0528793,0.201841,0.112943,0.0964545
55.941,-0.0546845,0.204018,0.111987,0.0981439
55.9637,-0.0564797,0.203747,0.108656,0.099819
55.9864,-0.0582645,0.204648,0.10758,0.101473
56.0091,-0.0600387,0.198995,0.106329,0.103111
56.0317,-0.0618019,0.202562,0.105882,0.104728
56.0544,-0.0635538,0.202016,0.104878,0.106329
56.0771,-0.0652941,0.199609,0.103744,0.107908
56.0998,-0.0670226,0.200646,0.100615,0.10947
56.1224,-0.0687388,0.195706,0.0991982,0.111008
56.1451,-0.0704425,0.198767,0.0991528,0.11253
56.1678,-0.0721335,0.199537,0.0983003,0.114028
56.1905,-0.0738113,0.196158,0.0950151,0.115509
56.2132,-0.0754757,0.198383,0.0940403,0.116964
56.2358,-0.0771264,0.201985,0.0933007,0.118402
56.2585,-0.0787632,0.201079,0.0909902,0.119814
56.2812,-0.0803856,0.197996,0.0885818,0.121208
56.3039,-0.0819935,0.193692,0.0870314,0.122576
56.3265,-0.0835866,0.194333,0.0853072,0.123924
56.3492,-0.0851645,0.19838,0.0828948,0.125246
56.3719,-0.086727,0.196872,0.0838453,0.126549
56.3946,-0.0882738,0.197448,0.079777,0.127824
56.4172,-0.0898046,0.193668,0.0801616,0.129079
56.4399,-0.0913192,0.193223,0.0777202,0.130307
56.4626,-0.0928173,0.193432,0.0763251,0.131513
56.4853,-0.0942987,0.191927,0.0753936,0.132692
56.5079,-0.0957629,0.1937,0.0717468,0.133849
56.5306,-0.0972099,0.193525,0.0708831,0.134978
56.5533,-0.0986394,0.189208,0.0697786,0.136084
56.576,-0.100051,0.191474,0.0666584,0.137162
56.5986,-0.101445,0.18477,0.0653177,0.138218
56.6213,-0.10282,0.183554,0.0632823,0.139243
56.644,-0.104176,0.185552,0.0619597,0.140247
56.6667,-0.105514,0.18033,0.05962,0.14122
56.6893,-0.106833,0.177357,0.057869,0.14217
56.712,-0.108133,0.186774,0.0564358,0.143089
56.7347,-0.109413,0.181704,0.0539248,0.143985
56.7574,-0.110673,0.180632,0.0528943,0.14485
56.78,-0.111913,0.181162,0.0505657,0.145691
56.8027,-0.113134,0.17455,0.047697,0.146501
56.8254,-0.114333,0.180029,0.0459434,0.147286
56.8481,-0.115512,0.174744,0.0436926,0.14804
56.8707,-0.116671,0.175753,0.0419502,0.148769
56.8934,-0.117808,0.168655,0.0406069,0.149466
56.9161,-0.118924,0.169448,0.0396804,0.150139
56.9388,-0.120018,0.168496,0.0371358,0.150778
56.9615,-0.121091,0.164045,0.0356641,0.151393
56.9841,-0.122142,0.170366,0.0319973,0.151975
57.0068,-0.123171,0.166313,0.0303321,0.152531
57.0295,-0.124178,0.161659,0.028961,0.153055
57.0522,-0.125162,0.159867,0.0265625,0.153552
57.0748,-0.126124,0.162322,0.0247071,0.154016
57.0975,-0.127063,0.15967,0.0227072,0.154455
57.1202,-0.127979,0.151393,0.0207051,0.15486
57.1429,-0.128872,0.150309,0.0193339,0.155238
57.1655,-0.129742,0.149741,0.0178772,0.155583
57.1882,-0.130588,0.152009,0.0140763,0.155901
57.2109,-0.131411,0.145325,0.0143265,0.156186
57.2336,-0.13221,0.145597,0.0110549,0.156444
57.2562,-0.132985,0.145176,0.010041,0.156668
57.2789,-0.133736,0.147888,0.00631928,0.156865
57.3016,-0.134463,0.137897,0.00462397,0.157027
57.3243,-0.135165,0.136808,0.00354704,0.157163
57.3469,-0.135843,0.142349,0.000316706,0.157265
57.3696,-0.136497,0.134455,-0.000465589,0.15734
57.3923,-0.137126,0.129244,-0.00174981,0.15738
57.415,-0.13773,0.130644,-0.00661214,0.157393
57.4376,-0.138309,0.127937,-0.00840234,0.157372
57.4603,-0.138863,0.121199,-0.00967556,0.157323
57.483,-0.139392,0.124753,-0.0114535,0.15724
57.5057,-0.139896,0.118193,-0.0149693,0.15713
57.5283,-0.140374,0.114279,-0.0176939,0.156985
57.551,-0.140827,0.122895,-0.0185901,0.156813
57.5737,-0.141255,0.114861,-0.0184652,0.156606
57.5964,-0.141657,0.114022,-0.0216125,0.156372
57.619,-0.142033,0.107844,-0.0244973,0.156104
57.6417,-0.142383,0.105292,-0.0270275,0.155808
57.6644,-0.142708,0.106452,-0.0267217,0.155479
57.6871,-0.143006,0.103815,-0.0299576,0.155122
57.7098,-0.143279,0.101929,-0.0319594,0.15473
57.7324,-0.143526,0.098015,-0.0332252,0.154312
57.7551,-0.143747,0.0969052,-0.0362413,0.153859
57.7778,-0.143941,0.0969692,-0.0386411,0.153379
57.8005,-0.14411,0.0906949,-0.0394658,0.152865
57.8231,-0.144252,0.0886974,-0.0419377,0.152325
57.8458,-0.144368,0.0884394,-0.0449746,0.15175
57.8685,-0.144458,0.0827298,-0.0455634,0.151149
57.8912,-0.144521,0.0828525,-0.048473,0.150514
57.9138,-0.144558,0.0782595,-0.0491476,0.149852
57.9365,-0.144569,0.0737135,-0.0512947,0.149157
57.9592,-0.144554,0.0727922,-0.0541509,0.148436
57.9819,-0.144512,0.0724472,-0.0559124,0.147681
58.0045,-0.144444,0.0664955,-0.0580873,0.1469
58.0272,-0.144349,0.0659813,-0.0587213,0.146086
58.0499,-0.144228,0.0609424,-0.0619484,0.145247
58.0726,-0.144081,0.0626992,-0.0628212,0.144374
58.0952,-0.143908,0.0604483,-0.0646421,0.143476
58.1179,-0.143708,0.0553673,-0.0669878,0.142545
58.1406,-0.143482,0.0550355,-0.0700555,0.141589
58.1633,-0.14323,0.0514903,-0.0699818,0.140601
58.1859,-0.142952,0.047856,-0.0731466,0.139588
58.2086,-0.142647,0.0458352,-0.0736616,0.138543
58.2313,-0.142316,0.0410998,-0.075413,0.137474
58.254,-0.14196,0.0349608,-0.0783995,0.136373
58.2766,-0.141577,0.0414834,-0.0793638,0.135248
58.2993,-0.141168,0.0331568,-0.0811168,0.134091
58.322,-0.140734,0.0258739,-0.0836957,0.132911
58.3447,-0.140273,0.0283498,-0.0846673,0.131701
58.3673,-0.139787,0.0266297,-0.0867568,0.130467
58.39,-0.139275,0.0257617,-0.0878197,0.129202
58.4127,-0.138738,0.0221411,-0.0888996,0.127915
58.4354,-0.138175,0.0180504,-0.0911167,0.126597
58.458,-0.137586,0.0165635,-0.0920953,0.125258
58.4807,-0.136973,0.015999,-0.0952378,0.123889
58.5034,-0.136334,0.0129729,-0.0958735,0.122498
58.5261,-0.13567,0.00478324,-0.09833,0.121078
58.5488,-0.134981,0.00332747,-0.100582,0.119637
58.5714,-0.134267,0.00705837,-0.101273,0.118167
58.5941,-0.133528,-0.0017863,-0.101751,0.116676
58.6168,-0.132765,0.000778938,-0.103786,0.115158
58.6395,-0.131977,-0.00488271,-0.105334,0.113619
58.6621,-0.131165,-0.00680316,-0.107701,0.112053
58.6848,-0.130328,-0.00679915,-0.109839,0.110467
58.7075,-0.129467,-0.00988305,-0.109054,0.108854
58.7302,-0.128583,-0.0156611,-0.111996,0.107223
58.7528,-0.127674,-0.0162782,-0.114395,0.105565
58.7755,-0.126742,-0.0247228,-0.114092,0.103888
58.7982,-0.125786,-0.0261545,-0.11548,0.102186
58.8209,-0.124807,-0.0225956,-0.115826,0.100466
58.8435,-0.123805,-0.0283317,-0.117554,0.0987214
58.8662,-0.122779,-0.0298405,-0.120095,0.0969595
58.8889,-0.121731,-0.0293771,-0.120439,0.095173
58.9116,-0.12066,-0.0329373,-0.122475,0.0933702
58.9342,-0.119567,-0.0392308,-0.123202,0.0915436
58.9569,-0.118451,-0.0441568,-0.123259,0.0897013
58.9796,-0.117313,-0.043127,-0.124768,0.0878359
59.0023,-0.116153,-0.0474522,-0.127,0.0859555
59.0249,-0.114972,-0.0484545,-0.127254,0.0840527
59.0476,-0.113769,-0.0526658,-0.12856,0.0821356
59.0703,-0.112544,-0.053387,-0.129823,0.0801968
59.093,-0.111299,-0.0530171,-0.132634,0.0782446
59.1156,-0.110033,-0.0616364,-0.132583,0.0762713
59.1383,-0.108745,-0.0612241,-0.132547,0.0742853
59.161,-0.107438,-0.0617445,-0.13506,0.072279
59.1837,-0.10611,-0.0633954,-0.135351,0.0702609
59.2063,-0.104762,-0.0627911,-0.135883,0.0682231
59.229,-0.103395,-0.068796,-0.13671,0.0661742
59.2517,-0.102008,-0.0719387,-0.138534,0.0641066
59.2744,-0.100601,-0.0736369,-0.138132,0.0620287
59.2971,-0.0991756,-0.0781825,-0.138398,0.0599327
59.3197,-0.0977314,-0.0784318,-0.140062,0.0578273
59.3424,-0.0962685,-0.0795195,-0.140497,0.0557047
59.3651,-0.0947874,-0.0865777,-0.141154,0.0535733
59.3878,-0.0932882,-0.085901,-0.142018,0.0514257
59.4104,-0.0917713,-0.0862299,-0.143665,0.0492701
59.4331,-0.0902368,-0.0893711,-0.145238,0.0470991
59.4558,-0.0886851,-0.0946484,-0.144702,0.044921
59.4785,-0.0871164,-0.0929092,-0.145382,0.0427283
59.5011,-0.085531,-0.0957549,-0.146904,0.0405293
59.5238,-0.0839292,-0.0976725,-0.14606,0.0383165
59.5465,-0.0823113,-0.102232,-0.14691,0.0360985
59.5692,-0.0806774,-0.10467,-0.147044,0.0338674
59.5918,-0.0790281,-0.104603,-0.149116,0.031632
59.6145,-0.0773634,-0.103308,-0.147906,0.0293844
59.6372,-0.0756838,-0.110639,-0.149399,0.0271333
59.6599,-0.0739895,-0.110643,-0.149688,0.024871
59.6825,-0.0722808,-0.113953,-0.149009,0.022606
59.7052,-0.070558,-0.115038,-0.149525,0.0203306
59.7279,-0.0688215,-0.11154,-0.150109,0.0180535
59.7506,-0.0670715,-0.119564,-0.150988,0.015767
59.7732,-0.0653083,-0.120765,-0.151868,0.0134796
59.7959,-0.0635322,-0.120848,-0.150707,0.0111837
59.8186,-0.0617437,-0.121855,-0.151712,0.00888782
59.8413,-0.0599429,-0.124034,-0.151317,0.00658433
59.8639,-0.0581302,-0.128754,-0.151037,0.00428176
59.8866,-0.056306,-0.128153,-0.151305,0.00197248
59.9093,-0.0544705,-0.125744,-0.151977,-0.000334893
59.932,-0.0526241,-0.129135,-0.151286,-0.00264812
59.9546,-0.0507672,-0.134158,-0.151819,-0.0049585
59.9773,-0.0489,-0.131269,-0.152574,-0.00727386
60,-0.0470228,-0.138418,-0.151974,-0.00958537
60.0227,-0.0451361,-0.138244,-0.151303,-0.011901
60.0454,-0.0432401,-0.138423,-0.151209,-0.0142118
60.068,-0.0413353,-0.140466,-0.151824,-0.0165258
60.0907,-0.0394219,-0.143304,-0.151347,-0.0188341
60.1134,-0.0375003,-0.1424,-0.151985,-0.0211446
60.1361,-0.0355708,-0.146857,-0.150502,-0.0234486
60.1587,-0.0336337,-0.150232,-0.151869,-0.0257538
60.1814,-0.0316896,-0.149241,-0.150127,-0.0280515
60.2041,-0.0297386,-0.147454,-0.149179,-0.0303496
60.2268,-0.0277811,-0.150069,-0.150583,-0.0326392
60.2494,-0.0258175,-0.151456,-0.149989,-0.0349282
60.2721,-0.0238482,-0.155585,-0.148821,-0.0372079
60.2948,-0.0218735,-0.15271,-0.147903,-0.039486
60.3175,-0.0198937,-0.156828,-0.14857,-0.0417539
60.3401,-0.0179093,-0.15391,-0.148555,-0.0440194
60.3628,-0.0159206,-0.159709,-0.147422,-0.0462736
60.3855,-0.0139279,-0.162446,-0.147234,-0.0485245
60.4082,-0.0119316,-0.162715,-0.145949,-0.0507633
60.4308,-0.00993203,-0.160714,-0.145813,-0.0529978
60.4535,-0.00792965,-0.160125,-0.143921,-0.0552193
60.4762,-0.00592477,-0.161802,-0.144842,-0.0574356
60.4989,-0.00391775,-0.164086,-0.144767,-0.059638
60.5215,-0.00190899,-0.164144,-0.142581,-0.0618343
60.5442,0.000101186,-0.15682,-0.142075,-0.0640157
60.5669,0.00211237,-0.162749,-0.142568,-0.0661903
60.5896,0.00412422,-0.167869,-0.139732,-0.068349
60.6122,0.00613634,-0.168325,-0.139961,-0.0704999
60.6349,0.00814838,-0.165006,-0.138417,-0.0726341
60.6576,0.01016,-0.16761,-0.13667,-0.0747597
60.6803,0.0121707,-0.170769,-0.137417,-0.0768677
60.7029,0.0141803,-0.172272,-0.137666,-0.0789662
60.7256,0.0161883,-0.169913,-0.135422,-0.0810462
60.7483,0.0181943,-0.170571,-0.134236,-0.0831158
60.771,0.020198,-0.172468,-0.133793,-0.0851661
60.7937,0.0221991,-0.173599,-0.131758,-0.0872051
60.8163,0.0241971,-0.170238,-0.132229,-0.089224
60.839,0.0261917,-0.172544,-0.130387,-0.0912308
60.8617,0.0281824,-0.1722,-0.128493,-0.0932166
60.8844,0.030169,-0.17155,-0.127923,-0.0951895
60.907,0.0321511,-0.16981,-0.127474,-0.0971405
60.9297,0.0341282,-0.17624,-0.124771,-0.0990777
60.9524,0.0361001,-0.17844,-0.125383,-0.100992
60.9751,0.0380663,-0.173734,-0.123515,-0.102892
60.9977,0.0400266,-0.177189,-0.122187,-0.104769
61.0204,0.0419804,-0.176047,-0.121019,-0.10663
61.0431,0.0439275,-0.172806,-0.119513,-0.108467
61.0658,0.0458674,-0.17469,-0.118366,-0.110288
61.0884,0.0477999,-0.172866,-0.117415,-0.112084
61.1111,0.0497246,-0.177372,-0.115992,-0.113863
61.1338,0.051641,-0.177054,-0.114408,-0.115616
61.1565,0.0535489,-0.176695,-0.112733,-0.117352
61.1791,0.0554479,-0.172828,-0.110547,-0.119061
61.2018,0.0573375,-0.176025,-0.109386,-0.120752
61.2245,0.0592175,-0.176952,-0.108735,-0.122415
61.2472,0.0610876,-0.176216,-0.107093,-0.12406
61.2698,0.0629472,-0.177021,-0.105534,-0.125676
61.2925,0.0647962,-0.177796,-0.103626,-0.127273
61.3152,0.0666341,-0.17736,-0.100828,-0.128841
61.3379,0.0684606,-0.171647,-0.0999889,-0.130388
61.3605,0.0702753,-0.175176,-0.0990086,-0.131906
61.3832,0.072078,-0.17098,-0.0969218,-0.133404
61.4059,0.0738681,-0.174122,-0.0950647,-0.134871
61.4286,0.0756455,-0.170465,-0.0939631,-0.136316
61.4512,0.0774098,-0.171564,-0.093128,-0.137731
61.4739,0.0791606,-0.172711,-0.0911409,-0.139123
61.4966,0.0808975,-0.171565,-0.0888814,-0.140484
61.5193,0.0826204,-0.166483,-0.0867096,-0.141822
61.542,0.0843287,-0.170319,-0.085377,-0.143129
61.5646,0.0860223,-0.167404,-0.0837164,-0.144411
61.5873,0.0877007,-0.16636,-0.0815127,-0.145662
61.61,0.0893637,-0.166533,-0.0803861,-0.146888
61.6327,0.0910109,-0.167529,-0.077884,-0.148081
61.6553,0.0926419,-0.169939,-0.0768771,-0.14925
61.678,0.0942566,-0.161669,-0.0733508,-0.150385
61.7007,0.0958545,-0.164475,-0.0725479,-0.151495
61.7234,0.0974354,-0.162994,-0.0709851,-0.15257
61.746,0.0989989,-0.162685,-0.067894,-0.153621
61.7687,0.100545,-0.16298,-0.0671988,-0.154636
61.7914,0.102073,-0.160707,-0.0642028,-0.155626
61.8141,0.103582,-0.158175,-0.0623948,-0.156581
61.8367,0.105073,-0.156727,-0.0613275,-0.157509
61.8594,0.106546,-0.158135,-0.0582546,-0.158401
61.8821,0.107999,-0.154133,-0.0576595,-0.159267
61.9048,0.109432,-0.158543,-0.0542189,-0.160097
61.9274,0.110846,-0.154989,-0.0533063,-0.1609
61.9501,0.11224,-0.155646,-0.0518085,-0.161666
61.9728,0.113614,-0.153982,-0.0494491,-0.162404
61.9955,0.114967,-0.150447,-0.0465816,-0.163106
62.0181,0.116299,-0.14785,-0.0444066,-0.16378
62.0408,0.117611,-0.148941,-0.0427917,-0.164417
62.0635,0.118901,-0.148099,-0.040647,-0.165026
62.0862,0.120169,-0.14743,-0.038191,-0.165597
62.1088,0.121415,-0.149119,-0.0368527,-0.16614
62.1315,0.122639,-0.142489,-0.0333186,-0.166645
62.1542,0.123841,-0.140294,-0.0325514,-0.167121
62.1769,0.125021,-0.138131,-0.0304081,-0.167559
62.1995,0.126177,-0.1392,-0.0284193,-0.167968
62.2222,0.12731,-0.136607,-0.0262067,-0.168339
62.2449,0.12842,-0.135871,-0.0243467,-0.168681
62.2676,0.129507,-0.135645,-0.0210486,-0.168985
62.2902,0.130569,-0.132889,-0.0203104,-0.169258
62.3129,0.131608,-0.132516,-0.0167185,-0.169494
62.3356,0.132623,-0.135723,-0.0148501,-0.1697
62.3583,0.133613,-0.129193,-0.0141518,-0.169867
62.381,0.134578,-0.12868,-0.011258,-0.170004
62.4036,0.135518,-0.125619,-0.00791294,-0.170102
62.4263,0.136434,-0.123308,-0.00525343,-0.170171
62.449,0.137324,-0.123181,-0.00424086,-0.170201
62.4717,0.138189,-0.122222,-0.0028795,-0.170201
62.4943,0.139028,-0.121108,0.00034711,-0.170161
62.517,0.139842,-0.117727,0.00270595,-0.170092
62.5397,0.140629,-0.112919,0.00592361,-0.169984
62.5624,0.141391,-0.115552,0.00748404,-0.169846
62.585,0.142126,-0.113589,0.00894549,-0.169668
62.6077,0.142835,-0.109735,0.0116877,-0.169461
62.6304,0.143517,-0.10436,0.0138633,-0.169215
62.6531,0.144172,-0.108669,0.0148467,-0.168938
62.6757,0.1448,-0.106163,0.0170733,-0.168623
62.6984,0.145402,-0.101864,0.0197521,-0.168278
62.7211,0.145976,-0.0965364,0.0213958,-0.167894
62.7438,0.146522,-0.0957874,0.0244947,-0.16748
62.7664,0.147042,-0.100084,0.0268721,-0.167027
62.7891,0.147533,-0.0925741,0.0289393,-0.166545
62.8118,0.147997,-0.0929118,0.0308031,-0.166024
62.8345,0.148434,-0.0947083,0.0332476,-0.165473
62.8571,0.148842,-0.0872862,0.0346769,-0.164884
62.8798,0.149222,-0.0844982,0.036108,-0.164265
62.9025,0.149574,-0.0851872,0.0400056,-0.163608
62.9252,0.149898,-0.0822988,0.0413038,-0.162922
62.9478,0.150194,-0.0802595,0.0434477,-0.162198
62.9705,0.150461,-0.0785729,0.0454328,-0.161445
62.9932,0.1507,-0.0814209,0.0474619,-0.160654
63.0159,0.15091,-0.074335,0.0502977,-0.159834
63.0385,0.151092,-0.0743068,0.0524401,-0.158977
63.0612,0.151245,-0.0718525,0.0536031,-0.158091
63.0839,0.151369,-0.0630368,0.0557527,-0.157168
63.1066,0.151464,-0.0677699,0.0580543,-0.156217
63.1293,0.151531,-0.0640206,0.0601658,-0.155229
63.1519,0.151569,-0.0608976,0.0616179,-0.154213
63.1746,0.151578,-0.0622058,0.0639597,-0.153161
63.1973,0.151558,-0.0577862,0.0648189,-0.152081
63.22,0.151509,-0.0585534,0.0675478,-0.150965
63.2426,0.151432,-0.0520647,0.0707702,-0.149822
63.2653,0.151325,-0.0476907,0.0719037,-0.148643
63.288,0.151189,-0.0494002,0.0738512,-0.147437
63.3107,0.151024,-0.0443604,0.0767126,-0.146197
63.3333,0.150831,-0.0445484,0.0777041,-0.14493
63.356,0.150608,-0.0438091,0.0803479,-0.143628
63.3787,0.150357,-0.038595,0.0822028,-0.1423
63.4014,0.150076,-0.0359978,0.0851481,-0.140938
63.424,0.149767,-0.0308688,0.0859434,-0.139551
63.4467,0.149429,-0.0292574,0.087571,-0.13813
63.4694,0.149062,-0.033272,0.0894979,-0.136684
63.4921,0.148666,-0.0266995,0.0913319,-0.135205
63.5147,0.148242,-0.0272591,0.0928871,-0.133701
63.5374,0.147788,-0.0247798,0.0952708,-0.132165
63.5601,0.147307,-0.0220646,0.0969381,-0.130606
63.5828,0.146796,-0.0206867,0.0994234,-0.129014
63.6054,0.146257,-0.0166255,0.100326,-0.127399
63.6281,0.14569,-0.0190906,0.102872,-0.125753
63.6508,0.145095,-0.013584,0.104345,-0.124084
63.6735,0.144471,-0.00950258,0.105158,-0.122384
63.6961,0.143819,-0.0101369,0.10681,-0.120663
63.7188,0.143139,-0.0071626,0.108366,-0.118911
63.7415,0.142431,-0.00350269,0.108986,-0.117138
63.7642,0.141695,-0.00255881,0.110812,-0.115336
63.7868,0.140932,-3.02716e-05,0.112674,-0.113513
63.8095,0.140141,0.00438736,0.115612,-0.111661
63.8322,0.139322,0.00380511,0.116755,-0.10979
63.8549,0.138476,0.00966132,0.119121,-0.10789
63.8776,0.137603,0.0101849,0.118934,-0.105972
63.9002,0.136703,0.0123131,0.119933,-0.104026
63.9229,0.135776,0.0176986,0.122702,-0.102062
63.9456,0.134822,0.0168152,0.124692,-0.100071
63.9683,0.133842,0.0176911,0.12484,-0.0980633
63.9909,0.132835,0.0226578,0.127157,-0.0960292
64.0136,0.131802,0.0252482,0.127212,-0.0939787
64.0363,0.130742,0.0282993,0.129933,-0.0919029
64.059,0.129657,0.025863,0.130681,-0.0898115
64.0816,0.128546,0.0303583,0.131418,-0.0876955
64.1043,0.127409,0.0316345,0.132873,-0.0855649
64.127,0.126247,0.0355935,0.134635,-0.0834106
64.1497,0.12506,0.0367376,0.136126,-0.0812424
64.1723,0.123848,0.0409474,0.136702,-0.0790514
64.195,0.122611,0.0403766,0.138742,-0.0768474
64.2177,0.12135,0.0439071,0.13899,-0.0746214
64.2404,0.120064,0.0475141,0.140349,-0.0723833
64.263,0.118755,0.04988,0.14122,-0.0701241
64.2857,0.117421,0.0505264,0.142776,-0.0678538
64.3084,0.116064,0.0496495,0.143252,-0.0655632
64.3311,0.114683,0.0538959,0.143592,-0.0632623
64.3537,0.113279,0.0554059,0.145195,-0.0609422
64.3764,0.111852,0.0554081,0.14578,-0.0586127
64.3991,0.110403,0.058335,0.14685,-0.0562648
64.4218,0.108931,0.0569247,0.148136,-0.0539085
64.4444,0.107437,0.0655442,0.148527,-0.0515348
64.4671,0.105921,0.0673961,0.149646,-0.0491537
64.4898,0.104384,0.0676243,0.150185,-0.0467561
64.5125,0.102825,0.072417,0.151085,-0.044352
64.5351,0.101245,0.072679,0.152219,-0.0419324
64.5578,0.0996444,0.0724644,0.152065,-0.0395073
64.5805,0.0980233,0.0766646,0.153141,-0.0370676
64.6032,0.096382,0.0765754,0.154053,-0.0346235
64.6259,0.0947208,0.078176,0.154262,-0.0321658
64.6485,0.0930401,0.0837645,0.155705,-0.0297045
64.6712,0.09134,0.078536,0.156276,-0.0272307
64.6939,0.089621,0.0841539,0.155972,-0.0247545
64.7166,0.0878833,0.0872504,0.157277,-0.0222666
64.7392,0.0861273,0.0862888,0.157467,-0.0197773
64.7619,0.0843532,0.0916768,0.15815,-0.0172774
64.7846,0.0825614,0.0917044,0.157882,-0.014777
64.8073,0.0807523,0.0952977,0.157984,-0.0122671
64.8299,0.0789262,0.0971974,0.159139,-0.00975778
64.8526,0.0770833,0.0973133,0.158443,-0.00723994
64.8753,0.0752241,0.097615,0.158965,-0.00472364
64.898,0.0733488,0.10264,0.159574,-0.00219994
64.9206,0.0714579,0.1022,0.159569,0.000321164
64.9433,0.0695517,0.10397,0.159668,0.00284876
64.966,0.0676305,0.107555,0.161323,0.00537263
64.9887,0.0656946,0.109395,0.16053,0.00790194
65.0113,0.0637446,0.108454,0.159882,0.0104266
65.034,0.0617806,0.11157,0.160224,0.0129555
65.0567,0.0598031,0.118704,0.159969,0.0154787
65.0794,0.0578125,0.115551,0.160418,0.0180053
65.102,0.0558091,0.112482,0.16044,0.0205251
65.1247,0.0537933,0.11974,0.159929,0.0230471
65.1474,0.0517655,0.118888,0.160141,0.0255613
65.1701,0.049726,0.117984,0.160144,0.0280768
65.1927,0.0476753,0.122843,0.159995,0.0305834
65.2154,0.0456137,0.12037,0.160218,0.0330902
65.2381,0.0435416,0.124805,0.158511,0.035587
65.2608,0.0414594,0.128115,0.159342,0.0380831
65.2834,0.0393676,0.124014,0.158859,0.0405681
65.3061,0.0372664,0.126417,0.159238,0.0430513
65.3288,0.0351563,0.130132,0.157954,0.0455225
65.3515,0.0330377,0.130037,0.157757,0.0479908
65.3741,0.0309111,0.134956,0.157424,0.050446
65.3968,0.0287767,0.132423,0.157409,0.0528973
65.4195,0.0266351,0.130168,0.155033,0.0553345
65.4422,0.0244865,0.135655,0.156485,0.0577668
65.4649,0.0223316,0.135689,0.155502,0.060184
65.4875,0.0201705,0.135663,0.154289,0.0625953
65.5102,0.0180039,0.138139,0.154964,0.0649904
65.5329,0.015832,0.139679,0.153711,0.0673786
65.5556,0.0136553,0.14256,0.152871,0.0697496
65.5782,0.0114742,0.139668,0.152119,0.0721127
65.6009,0.00928914,0.14361,0.150397,0.0744576
65.6236,0.00710054,0.141447,0.150216,0.0767936
65.6463,0.00490883,0.142225,0.150056,0.0791104
65.6689,0.00271443,0.144601,0.148998,0.0814174
65.6916,0.000517741,0.147155,0.147611,0.0837042
65.7143,-0.00168078,0.145952,0.147977,0.0859801
65.737,-0.00388072,0.146079,0.146485,0.088235
65.7596,-0.00608165,0.145378,0.145063,0.0904779
65.7823,-0.00828315,0.150354,0.144529,0.0926989
65.805,-0.0104848,0.150338,0.143675,0.094907
65.8277,-0.0126861,0.148495,0.142872,0.0970921
65.8503,-0.0148867,0.152013,0.14209,0.0992635
65.873,-0.0170861,0.151434,0.141508,0.101411
65.8957,-0.019284,0.15445,0.138827,0.103544
65.9184,-0.0214799,0.151518,0.137989,0.105652
65.941,-0.0236732,0.150104,0.136788,0.107744
65.9637,-0.0258638,0.15524,0.134722,0.109811
65.9864,-0.028051,0.156287,0.134065,0.111861
66.0091,-0.0302344,0.152376,0.133041,0.113885
66.0317,-0.0324137,0.154849,0.13177,0.115891
66.0544,-0.0345884,0.154126,0.131032,0.11787
66.0771,-0.036758,0.15753,0.128624,0.11983
66.0998,-0.0389222,0.154997,0.126667,0.121762
66.1224,-0.0410805,0.158061,0.125946,0.123675
66.1451,-0.0432325,0.156924,0.124563,0.125559
66.1678,-0.0453777,0.157179,0.12324,0.127424
66.1905,-0.0475158,0.162365,0.121445,0.129258
66.2132,-0.0496462,0.157314,0.120209,0.131071
66.2358,-0.0517686,0.156605,0.119038,0.132854
66.2585,-0.0538826,0.159389,0.117046,0.134615
66.2812,-0.0559877,0.159029,0.116403,0.136344
66.3039,-0.0580835,0.156674,0.114521,0.138052
66.3265,-0.0601696,0.159113,0.112088,0.139727
66.3492,-0.0622456,0.157062,0.111005,0.141379
66.3719,-0.064311,0.15772,0.109517,0.142998
66.3946,-0.0663654,0.159372,0.108131,0.144593
66.4172,-0.0684085,0.158885,0.105761,0.146155
66.4399,-0.0704397,0.15835,0.103427,0.147692
66.4626,-0.0724588,0.159256,0.102153,0.149195
66.4853,-0.0744652,0.156052,0.100471,0.150672
66.5079,-0.0764587,0.155044,0.0988367,0.152115
66.5306,-0.0784387,0.156523,0.0958541,0.153532
66.5533,-0.0804049,0.156862,0.0951463,0.154913
66.576,-0.0823568,0.153334,0.0935193,0.156268
66.5986,-0.0842941,0.154871,0.0911456,0.157586
66.6213,-0.0862164,0.15455,0.089606,0.158877
66.644,-0.0881234,0.154487,0.0873201,0.160132
66.6667,-0.0900144,0.155512,0.0856265,0.161359
66.6893,-0.0918893,0.156068,0.0834081,0.162548
66.712,-0.0937477,0.153855,0.0814056,0.163709
66.7347,-0.095589,0.151645,0.0794905,0.164833
66.7574,-0.097413,0.153068,0.0778673,0.165927
66.78,-0.0992194,0.155507,0.075681,0.166983
66.8027,-0.101008,0.154459,0.0735424,0.16801
66.8254,-0.102777,0.151531,0.0713142,0.168998
66.8481,-0.104528,0.148273,0.0693978,0.169956
66.8707,-0.10626,0.153633,0.0663334,0.170875
66.8934,-0.107972,0.149146,0.0647901,0.171764
66.9161,-0.109665,0.151992,0.0630898,0.172613
66.9388,-0.111337,0.146786,0.0610775,0.173431
66.9615,-0.112988,0.148387,0.0582313,0.17421
66.9841,-0.114618,0.147408,0.0567326,0.174957
67.0068,-0.116228,0.146201,0.0550255,0.175663
67.0295,-0.117815,0.146608,0.0521616,0.176339
67.0522,-0.119381,0.143375,0.0498288,0.176973
67.0748,-0.120924,0.141479,0.0478265,0.177576
67.0975,-0.122444,0.143296,0.0453927,0.178137
67.1202,-0.123942,0.142738,0.0435449,0.178667
67.1429,-0.125417,0.138829,0.0416094,0.179155
67.1655,-0.126867,0.1381,0.0387184,0.179611
67.1882,-0.128294,0.14244,0.0364484,0.180025
67.2109,-0.129697,0.137354,0.0335991,0.180407
67.2336,-0.131075,0.136111,0.0318239,0.180747
67.2562,-0.132428,0.135775,0.0296579,0.181054
67.2789,-0.133757,0.136135,0.0270441,0.181319
67.3016,-0.13506,0.132983,0.0250772,0.181551
67.3243,-0.136337,0.131773,0.0220824,0.181741
67.3469,-0.137588,0.131135,0.0212471,0.181898
67.3696,-0.138813,0.129573,0.0179938,0.182012
67.3923,-0.140012,0.130254,0.0157628,0.182094
67.415,-0.141184,0.128336,0.0139768,0.182133
67.4376,-0.142329,0.12747,0.0107568,0.182138
67.4603,-0.143446,0.1238,0.00894676,0.182101
67.483,-0.144536,0.122849,0.0065702,0.182031
67.5057,-0.145599,0.124251,0.00467395,0.181918
67.5283,-0.146633,0.122427,0.00212773,0.181773
67.551,-0.147639,0.117686,-0.000480107,0.181584
67.5737,-0.148617,0.118088,-0.00291135,0.181362
67.5964,-0.149566,0.118429,-0.00546084,0.181098
67.619,-0.150486,0.115314,-0.00775579,0.1808
67.6417,-0.151377,0.11082,-0.0102792,0.18046
67.6644,-0.152238,0.110059,-0.012152,0.180087
67.6871,-0.15307,0.11198,-0.0144699,0.179671
67.7098,-0.153873,0.11127,-0.0170406,0.179223
67.7324,-0.154645,0.105365,-0.0192503,0.178732
67.7551,-0.155388,0.106179,-0.0216347,0.178208
67.7778,-0.1561,0.105248,-0.0233954,0.177642
67.8005,-0.156782,0.10276,-0.0263587,0.177044
67.8231,-0.157433,0.10301,-0.028867,0.176403
67.8458,-0.158054,0.100664,-0.0312966,0.17573
67.8685,-0.158643,0.0975269,-0.0331608,0.175016
67.8912,-0.159202,0.0935059,-0.0354952,0.174269
67.9138,-0.159729,0.0974428,-0.0379915,0.17348
67.9365,-0.160225,0.0930646,-0.0407645,0.17266
67.9592,-0.16069,0.0902518,-0.0427714,0.171799
67.9819,-0.161123,0.0893712,-0.0443902,0.170906
68.0045,-0.161524,0.088683,-0.046988,0.169971
68.0272,-0.161894,0.087891,-0.0493898,0.169006
68.0499,-0.162231,0.0842542,-0.0517411,0.168
68.0726,-0.162537,0.0834592,-0.0543208,0.166964
68.0952,-0.16281,0.0810241,-0.0560077,0.165886
68.1179,-0.163052,0.0793365,-0.0587397,0.164779
68.1406,-0.163261,0.0750268,-0.0607482,0.163632
68.1633,-0.163437,0.0778263,-0.063488,0.162454
68.1859,-0.163581,0.0744374,-0.0642978,0.161237
68.2086,-0.163693,0.0688062,-0.067018,0.159991
68.2313,-0.163773,0.070237,-0.0689881,0.158706
68.254,-0.163819,0.0686147,-0.0712142,0.157392
68.2766,-0.163833,0.0687006,-0.0744902,0.156039
68.2993,-0.163815,0.0643056,-0.0753436,0.154657
68.322,-0.163764,0.0656669,-0.0786249,0.153238
68.3447,-0.16368,0.0600472,-0.080298,0.151791
68.3673,-0.163563,0.0572157,-0.0822847,0.150306
68.39,-0.163414,0.0552312,-0.084188,0.148794
68.4127,-0.163232,0.0548547,-0.0858472,0.147245
68.4354,-0.163017,0.0518785,-0.0888668,0.145669
68.458,-0.162769,0.0493439,-0.0902835,0.144057
68.4807,-0.162489,0.0493345,-0.0927735,0.142419
68.5034,-0.162176,0.0477853,-0.0943217,0.140745
68.5261,-0.161831,0.0450251,-0.0969531,0.139046
68.5488,-0.161453,0.0417555,-0.0982202,0.137311
68.5714,-0.161042,0.0381948,-0.1007,0.135552
68.5941,-0.160599,0.0389625,-0.102543,0.133759
68.6168,-0.160123,0.0379149,-0.104452,0.131942
68.6395,-0.159615,0.0356331,-0.106295,0.130091
68.6621,-0.159075,0.0315298,-0.108151,0.128216
68.6848,-0.158503,0.0287706,-0.110086,0.126309
68.7075,-0.157898,0.0292404,-0.111799,0.124379
68.7302,-0.157261,0.026174,-0.112984,0.122418
68.7528,-0.156593,0.0238565,-0.115496,0.120434
68.7755,-0.155892,0.0218466,-0.11654,0.118419
68.7982,-0.15516,0.0191885,-0.118571,0.116383
68.8209,-0.154396,0.0188898,-0.1204,0.114317
68.8435,-0.153601,0.0163106,-0.122153,0.11223
68.8662,-0.152774,0.012812,-0.124426,0.110114
68.8889,-0.151916,0.0115559,-0.125689,0.107979
68.9116,-0.151027,0.0120226,-0.126686,0.105814
68.9342,-0.150106,0.00597194,-0.128892,0.103632
68.9569,-0.149156,0.00588154,-0.130713,0.101421
68.9796,-0.148174,4.70831e-05,-0.131431,0.0991931
69.0023,-0.147162,0.000742229,-0.132609,0.0969379
69.0249,-0.14612,8.33171e-05,-0.133791,0.0946663
69.0476,-0.145047,-0.00270428,-0.136698,0.0923684
69.0703,-0.143945,-0.00406839,-0.138126,0.090055
69.093,-0.142813,-0.00553293,-0.138574,0.0877163
69.1156,-0.141651,-0.00683041,-0.140309,0.085363
69.1383,-0.14046,-0.0107801,-0.141462,0.0829855
69.161,-0.13924,-0.0134368,-0.143289,0.0805943
69.1837,-0.137991,-0.0136728,-0.144769,0.0781797
69.2063,-0.136713,-0.0172075,-0.145786,0.0757526
69.229,-0.135407,-0.0180753,-0.147017,0.0733031
69.2517,-0.134073,-0.020431,-0.147979,0.070842
69.2744,-0.132711,-0.0237803,-0.149508,0.0683595
69.2971,-0.13132,-0.0270328,-0.150011,0.0658665
69.3197,-0.129903,-0.0266339,-0.151598,0.0633531
69.3424,-0.128458,-0.0280735,-0.152155,0.0608302
69.3651,-0.126986,-0.0313347,-0.153684,0.058288
69.3878,-0.125488,-0.0329699,-0.155457,0.0557373
69.4104,-0.123963,-0.0359674,-0.155933,0.0531684
69.4331,-0.122412,-0.0364632,-0.157126,0.0505921
69.4558,-0.120836,-0.0383873,-0.157334,0.0479986
69.4785,-0.119233,-0.0435184,-0.158291,0.0453987
69.5011,-0.117606,-0.0442247,-0.159485,0.0427828
69.5238,-0.115953,-0.0456188,-0.160497,0.0401615
69.5465,-0.114276,-0.048512,-0.161386,0.0375253
69.5692,-0.112575,-0.0487193,-0.16202,0.0348849
69.5918,-0.110849,-0.0508393,-0.163079,0.0322307
69.6145,-0.1091,-0.0532469,-0.163374,0.0295733
69.6372,-0.107328,-0.0516913,-0.163715,0.0269032
69.6599,-0.105533,-0.0538096,-0.165313,0.0242311
69.6825,-0.103715,-0.0574577,-0.165294,0.0215473
69.7052,-0.101874,-0.0613052,-0.16607,0.0188628
69.7279,-0.100012,-0.0624908,-0.166569,0.0161676
69.7506,-0.0981279,-0.066291,-0.167073,0.0134728
69.7732,-0.0962227,-0.0677934,-0.167591,0.0107686
69.7959,-0.0942966,-0.0676985,-0.168227,0.00806574
69.8186,-0.09235,-0.0695322,-0.167707,0.00535467
69.8413,-0.0903833,-0.0720252,-0.168393,0.00264613
69.8639,-0.0883968,-0.0738468,-0.168519,-6.95345e-05
69.8866,-0.0863909,-0.0777132,-0.168819,-0.00278147
69.9093,-0.084366,-0.0767544,-0.170123,-0.0054994
69.932,-0.0823226,-0.0773111,-0.169621,-0.00821247
69.9546,-0.0802609,-0.0817322,-0.169658,-0.0109304
69.9773,-0.0781814,-0.0783903,-0.17034,-0.0136423
70,-0.0760845,-0.0823165,-0.170081,-0.0163579
70.0227,-0.0739707,-0.0865467,-0.170929,-0.0190664
70.0454,-0.0718402,-0.0875262,-0.170005,-0.0217774
70.068,-0.0696936,-0.0904035,-0.17049,-0.0244801
70.0907,-0.0675312,-0.0926982,-0.17097,-0.0271842
70.1134,-0.0653536,-0.092105,-0.170541,-0.0298788
70.1361,-0.063161,-0.0910646,-0.170401,-0.0325737
70.1587,-0.0609539,-0.0931898,-0.170252,-0.035258
70.1814,-0.0587329,-0.0942429,-0.170627,-0.0379414
70.2041,-0.0564982,-0.100791,-0.170173,-0.0406131
70.2268,-0.0542504,-0.0977556,-0.170106,-0.0432828
70.2494,-0.0519898,-0.100659,-0.169839,-0.0459396
70.2721,-0.0497171,-0.10464,-0.169382,-0.0485932
70.2948,-0.0474325,-0.105261,-0.168843,-0.0512328
70.3175,-0.0451365,-0.104559,-0.168511,-0.0538681
70.3401,-0.0428296,-0.10638,-0.167918,-0.0564883
70.3628,-0.0405123,-0.107488,-0.167876,-0.059103
70.3855,-0.038185,-0.110938,-0.167225,-0.0617015
70.4082,-0.0358481,-0.111283,-0.166982,-0.0642935
70.4308,-0.0335022,-0.112236,-0.166911,-0.0668681
70.4535,-0.0311477,-0.112551,-0.165964,-0.069435
70.4762,-0.0287851,-0.115789,-0.164534,-0.0719835
70.4989,-0.0264149,-0.114029,-0.164735,-0.0745233
70.5215,-0.0240374,-0.115995,-0.163862,-0.0770434
70.5442,-0.0216533,-0.119032,-0.163414,-0.0795538
70.5669,-0.0192629,-0.121355,-0.162578,-0.0820434
70.5896,-0.0168668,-0.121841,-0.161816,-0.0845223
70.6122,-0.0144655,-0.124274,-0.161036,-0.0869793
70.6349,-0.0120593,-0.12321,-0.160553,-0.0894244
70.6576,-0.00964891,-0.124199,-0.159505,-0.0918467
70.6803,-0.00723469,-0.124907,-0.15828,-0.094256
70.7029,-0.00481713,-0.126066,-0.157736,-0.0966415
70.7256,-0.00239675,-0.126645,-0.156458,-0.0990129
70.7483,2.59727e-05,-0.127626,-0.155016,-0.101359
70.771,0.00245054,-0.130573,-0.155172,-0.103691
70.7937,0.00487646,-0.130785,-0.153463,-0.105996
70.8163,0.00730326,-0.131034,-0.152402,-0.108286
70.839,0.00973042,-0.132076,-0.151274,-0.110549
70.8617,0.0121575,-0.133675,-0.150308,-0.112794
70.8844,0.0145839,-0.134328,-0.148724,-0.115012
70.907,0.0170092,-0.136285,-0.148063,-0.117212
70.9297,0.0194329,-0.136332,-0.146763,-0.119382
70.9524,0.0218545,-0.13496,-0.144899,-0.121534
70.9751,0.0242735,-0.135016,-0.143349,-0.123656
70.9977,0.0266894,-0.140293,-0.142629,-0.125758
71.0204,0.0291018,-0.139336,-0.141519,-0.12783
71.0431,0.03151,-0.141092,-0.139791,-0.129881
71.0658,0.0339137,-0.138431,-0.138087,-0.1319
71.0884,0.0363123,-0.141297,-0.136996,-0.133897
71.1111,0.0387054,-0.142948,-0.135613,-0.135862
71.1338,0.0410924,-0.140971,-0.13364,-0.137804
71.1565,0.0434728,-0.142438,-0.132197,-0.139713
71.1791,0.0458462,-0.143667,-0.130894,-0.141598
71.2018,0.0482121,-0.142412,-0.128789,-0.143449
71.2245,0.0505699,-0.143868,-0.12732,-0.145276
71.2472,0.0529193,-0.144006,-0.125848,-0.147068
71.2698,0.0552596,-0.144524,-0.124003,-0.148835
71.2925,0.0575905,-0.145251,-0.122551,-0.150566
71.3152,0.0599113,-0.14658,-0.120994,-0.152271
71.3379,0.0622218,-0.146444,-0.1198,-0.15394
71.3605,0.0645213,-0.14699,-0.117148,-0.155582
71.3832,0.0668094,-0.143112,-0.115279,-0.157186
71.4059,0.0690856,-0.148772,-0.113822,-0.158764
71.4286,0.0713495,-0.147225,-0.112224,-0.160303
71.4512,0.0736005,-0.14652,-0.109925,-0.161814
71.4739,0.0758382,-0.147251,-0.107997,-0.163287
71.4966,0.0780622,-0.148348,-0.10587,-0.164731
71.5193,0.0802718,-0.145738,-0.10395,-0.166136
71.542,0.0824668,-0.147148,-0.102148,-0.167511
71.5646,0.0846466,-0.146273,-0.0997001,-0.168846
71.5873,0.0868108,-0.147622,-0.0981054,-0.170152
71.61,0.0889589,-0.149081,-0.0960865,-0.171416
71.6327,0.0910905,-0.146783,-0.0936131,-0.172651
71.6553,0.093205,-0.14674,-0.0921468,-0.173844
71.678,0.0953022,-0.149919,-0.0897927,-0.175006
71.7007,0.0973814,-0.14748,-0.0874222,-0.176126
71.7234,0.0994423,-0.147977,-0.0856087,-0.177215
71.746,0.101484,-0.148034,-0.0833177,-0.178261
71.7687,0.103507,-0.148253,-0.0811295,-0.179275
71.7914,0.105511,-0.147192,-0.0792704,-0.180247
71.8141,0.107494,-0.144694,-0.0767002,-0.181186
71.8367,0.109457,-0.145948,-0.0746073,-0.182082
71.8594,0.111399,-0.144089,-0.0716944,-0.182945
71.8821,0.113319,-0.144753,-0.0698679,-0.183764
71.9048,0.115218,-0.144382,-0.0676557,-0.18455
71.9274,0.117095,-0.145952,-0.0652002,-0.185293
71.9501,0.118949,-0.144464,-0.0629208,-0.186001
71.9728,0.12078,-0.141502,-0.0606289,-0.186665
71.9955,0.122588,-0.142725,-0.0583445,-0.187295
72.0181,0.124372,-0.143924,-0.0561476,-0.18788
72.0408,0.126132,-0.142855,-0.05388,-0.188431
72.0635,0.127868,-0.140506,-0.0511973,-0.188937
72.0862,0.129579,-0.140203,-0.0492403,-0.189408
72.1088,0.131264,-0.142035,-0.0462197,-0.189835
72.1315,0.132924,-0.142266,-0.044086,-0.190226
72.1542,0.134558,-0.138424,-0.0414607,-0.190572
72.1769,0.136165,-0.138875,-0.0393478,-0.190883
72.1995,0.137746,-0.139308,-0.0361284,-0.191148
72.2222,0.1393,-0.137773,-0.034278,-0.191379
72.2449,0.140827,-0.139404,-0.0321308,-0.191563
72.2676,0.142325,-0.136555,-0.029742,-0.191712
72.2902,0.143796,-0.135344,-0.0271111,-0.191815
72.3129,0.145238,-0.13557,-0.0247048,-0.191883
72.3356,0.146652,-0.133712,-0.0222303,-0.191905
72.3583,0.148036,-0.132229,-0.0197177,-0.191891
72.381,0.149392,-0.130311,-0.0169651,-0.191832
72.4036,0.150717,-0.12985,-0.0143787,-0.191737
72.4263,0.152013,-0.129976,-0.0121306,-0.191596
72.449,0.153279,-0.128834,-0.00973006,-0.191419
72.4717,0.154514,-0.12683,-0.00720095,-0.191197
72.4943,0.155718,-0.12431,-0.0044803,-0.190939
72.517,0.156891,-0.125711,-0.00165554,-0.190635
72.5397,0.158033,-0.125603,0.00061526,-0.190296
72.5624,0.159144,-0.122651,0.00301468,-0.189911
72.585,0.160222,-0.122747,0.0055207,-0.18949
72.6077,0.161268,-0.121306,0.00826313,-0.189024
72.6304,0.162283,-0.119226,0.0106991,-0.188523
72.6531,0.163264,-0.119206,0.0133418,-0.187977
72.6757,0.164213,-0.118965,0.0157372,-0.187395
72.6984,0.165129,-0.113514,0.0182326,-0.186769
72.7211,0.166011,-0.117201,0.0208002,-0.186107
72.7438,0.16686,-0.115494,0.0235836,-0.185401
72.7664,0.167676,-0.111745,0.0262804,-0.18466
72.7891,0.168457,-0.111104,0.0282583,-0.183874
72.8118,0.169205,-0.109583,0.0303803,-0.183054
72.8345,0.169918,-0.108849,0.0333898,-0.182189
72.8571,0.170597,-0.108804,0.035634,-0.181291
72.8798,0.171241,-0.106502,0.0383631,-0.180349
72.9025,0.171851,-0.104804,0.0407858,-0.179373
72.9252,0.172426,-0.104438,0.0432277,-0.178353
72.9478,0.172966,-0.101921,0.0460804,-0.1773
72.9705,0.17347,-0.102059,0.0481348,-0.176204
72.9932,0.17394,-0.100538,0.0502523,-0.175075
73.0159,0.174374,-0.096379,0.0530249,-0.173904
73.0385,0.174772,-0.0963447,0.0550094,-0.172699
73.0612,0.175135,-0.0946857,0.0574157,-0.171453
73.0839,0.175462,-0.0943398,0.0604852,-0.170175
73.1066,0.175753,-0.0897235,0.0629167,-0.168855
73.1293,0.176008,-0.0878961,0.0646213,-0.167503
73.1519,0.176227,-0.0893742,0.0676284,-0.166111
73.1746,0.17641,-0.0861119,0.0700586,-0.164687
73.1973,0.176557,-0.0836241,0.071916,-0.163223
73.22,0.176668,-0.0836627,0.0744087,-0.161729
73.2426,0.176742,-0.082288,0.0769169,-0.160194
73.2653,0.17678,-0.0790412,0.0793913,-0.15863
73.288,0.176782,-0.0763144,0.0814393,-0.157026
73.3107,0.176747,-0.0778694,0.0837772,-0.155394
73.3333,0.176676,-0.0733187,0.0856728,-0.153723
73.356,0.176569,-0.0716174,0.0883932,-0.152023
73.3787,0.176425,-0.071281,0.0903716,-0.150285
73.4014,0.176245,-0.0690717,0.092395,-0.14852
73.424,0.176028,-0.0679718,0.0949301,-0.146717
73.4467,0.175775,-0.0649867,0.0970571,-0.144888
73.4694,0.175485,-0.063997,0.0989617,-0.143021
73.4921,0.175159,-0.0609745,0.101317,-0.141129
73.5147,0.174797,-0.0607374,0.103576,-0.139201
73.5374,0.174398,-0.0582949,0.104966,-0.137247
73.5601,0.173963,-0.0571034,0.107562,-0.135259
73.5828,0.173492,-0.0560584,0.10949,-0.133246
73.6054,0.172985,-0.0507916,0.111798,-0.131199
73.6281,0.172442,-0.0497804,0.113694,-0.129128
73.6508,0.171863,-0.0508865,0.115629,-0.127023
73.6735,0.171249,-0.0480726,0.117509,-0.124896
73.6961,0.170598,-0.042645,0.119455,-0.122737
73.7188,0.169912,-0.0420641,0.121523,-0.120556
73.7415,0.16919,-0.0416174,0.123284,-0.118343
73.7642,0.168433,-0.0393456,0.124928,-0.116109
73.7868,0.167641,-0.037625,0.127096,-0.113844
73.8095,0.166813,-0.0355593,0.128687,-0.111559
73.8322,0.16595,-0.0357877,0.130791,-0.109245
73.8549,0.165053,-0.0305814,0.132392,-0.106912
73.8776,0.164121,-0.0307001,0.134536,-0.10455
73.9002,0.163154,-0.0270483,0.135504,-0.102169
73.9229,0.162154,-0.02522,0.137699,-0.0997615
73.9456,0.161118,-0.0261326,0.139129,-0.0973366
73.9683,0.160049,-0.0200335,0.14058,-0.0948848
73.9909,0.158947,-0.0214072,0.142834,-0.0924172
74.0136,0.15781,-0.0186349,0.144217,-0.0899237
74.0363,0.15664,-0.0151797,0.145586,-0.0874154
74.059,0.155437,-0.0125008,0.147298,-0.0848824
74.0816,0.154202,-0.012205,0.148414,-0.0823355
74.1043,0.152933,-0.0117868,0.150041,-0.079765
74.127,0.151632,-0.00760389,0.151242,-0.0771817
74.1497,0.150299,-0.0057238,0.152645,-0.0745759
74.1723,0.148933,-0.00334198,0.154245,-0.0719584
74.195,0.147536,-0.00141642,0.155466,-0.0693195
74.2177,0.146108,-0.000124973,0.156639,-0.06667
74.2404,0.144649,0.00400491,0.158125,-0.0640002
74.263,0.143158,0.00449397,0.159006,-0.061321
74.2857,0.141637,0.00644907,0.160715,-0.0586226
74.3084,0.140086,0.00695238,0.161327,-0.055916
74.3311,0.138504,0.0126787,0.162833,-0.0531913
74.3537,0.136893,0.0122517,0.164058,-0.0504595
74.3764,0.135253,0.0142956,0.165158,-0.0477108
74.3991,0.133583,0.017583,0.16621,-0.0449561
74.4218,0.131885,0.0180311,0.167051,-0.0421858
74.4444,0.130158,0.0202171,0.167949,-0.0394107
74.4671,0.128403,0.0229146,0.169354,-0.0366211
74.4898,0.126621,0.0248645,0.169564,-0.0338279
74.5125,0.124811,0.026318,0.170782,-0.0310213
74.5351,0.122974,0.0285747,0.171206,-0.0282123
74.5578,0.12111,0.0292338,0.172336,-0.0253913
74.5805,0.11922,0.0298092,0.173095,-0.022569
74.6032,0.117304,0.0346102,0.173574,-0.0197358
74.6259,0.115363,0.0358338,0.174279,-0.0169027
74.6485,0.113396,0.0381735,0.174862,-0.0140599
74.6712,0.111405,0.0392382,0.175801,-0.0112182
74.6939,0.109389,0.0431676,0.17608,-0.00836809
74.7166,0.107349,0.0432824,0.176668,-0.00552041
74.7392,0.105286,0.0453482,0.177209,-0.00266549
74.7619,0.103199,0.0475171,0.177783,0.000185788
74.7846,0.10109,0.0505159,0.178255,0.00304306
74.8073,0.0989584,0.0511945,0.17849,0.00589549
74.8299,0.0968049,0.0531993,0.178941,0.00875268
74.8526,0.0946299,0.056049,0.179395,0.0116038
74.8753,0.0924339,0.0575714,0.179471,0.0144584
74.898,0.0902173,0.0570456,0.180079,0.0173058
74.9206,0.0879806,0.0606787,0.180262,0.0201554
74.9433,0.0857242,0.0600898,0.180211,0.0229966
74.966,0.0834485,0.0669056,0.180396,0.0258388
74.9887,0.0811541,0.064692,0.180409,0.0286712
75.0113,0.0788414,0.0691843,0.180397,0.0315035
75.034,0.0765108,0.0698271,0.180068,0.0343249
75.0567,0.0741628,0.0684272,0.180342,0.0371448
75.0794,0.071798,0.0718494,0.180474,0.0399526
75.102,0.0694168,0.0766075,0.180413,0.0427578
75.1247,0.0670196,0.0756906,0.180346,0.0455496
75.1474,0.064607,0.0780469,0.180183,0.0483376
75.1701,0.0621794,0.0796693,0.179796,0.051111
75.1927,0.0597374,0.0808828,0.179633,0.0538794
75.2154,0.0572814,0.083493,0.179289,0.056632
75.2381,0.054812,0.0825634,0.178859,0.0593784
75.2608,0.0523297,0.0857341,0.178525,0.0621079
75.2834,0.0498349,0.0890168,0.178662,0.0648299
75.3061,0.0473282,0.0879856,0.177895,0.0675338
75.3288,0.0448101,0.0934549,0.177235,0.0702291
75.3515,0.0422811,0.0948878,0.176857,0.072905
75.3741,0.0397417,0.0941635,0.176004,0.0755713
75.3968,0.0371925,0.0967358,0.175762,0.078217
75.4195,0.0346339,0.0972195,0.175032,0.0808519
75.4422,0.0320666,0.0996338,0.174001,0.0834651
75.4649,0.029491,0.100333,0.174046,0.0860663
75.4875,0.0269076,0.100105,0.17333,0.0886447
75.5102,0.0243171,0.103926,0.172311,0.0912099
75.5329,0.0217199,0.106413,0.171317,0.0937513
75.5556,0.0191166,0.105573,0.170605,0.0962784
75.5782,0.0165077,0.108119,0.16984,0.0987805
75.6009,0.0138938,0.109117,0.168906,0.101267
75.6236,0.0112753,0.110785,0.167829,0.103728
75.6463,0.00865294,0.110017,0.166953,0.106172
75.6689,0.00602715,0.112312,0.165843,0.108589
75.6916,0.00339849,0.113839,0.164965,0.110989
75.7143,0.000767522,0.113427,0.163936,0.11336
75.737,-0.00186522,0.115191,0.162724,0.115713
75.7596,-0.00449917,0.117909,0.161298,0.118036
75.7823,-0.00713379,0.117253,0.160169,0.12034
75.805,-0.00976852,0.12049,0.159076,0.122614
75.8277,-0.0124028,0.121634,0.158028,0.124867
75.8503,-0.0150361,0.121339,0.156438,0.127089
75.873,-0.0176679,0.123691,0.155168,0.129289
75.8957,-0.0202975,0.122752,0.153945,0.131457
75.9184,-0.0229246,0.124921,0.152477,0.133603
75.941,-0.0255484,0.125554,0.151176,0.135715
75.9637,-0.0281684,0.126232,0.149817,0.137804
75.9864,-0.0307842,0.12883,0.147993,0.139859
76.0091,-0.0333951,0.129481,0.146671,0.141889
76.0317,-0.0360007,0.129719,0.145065,0.143885
76.0544,-0.0386002,0.13099,0.143519,0.145855
76.0771,-0.0411933,0.131913,0.142034,0.14779
76.0998,-0.0437793,0.131926,0.140121,0.149698
76.1224,-0.0463577,0.134934,0.138444,0.15157
76.1451,-0.048928,0.134328,0.136917,0.153414
76.1678,-0.0514896,0.135902,0.135167,0.155221
76.1905,-0.054042,0.134492,0.133695,0.157001
76.2132,-0.0565845,0.135647,0.131693,0.158742
76.2358,-0.0591168,0.137199,0.129887,0.160454
76.2585,-0.0616383,0.13736,0.127809,0.162127
76.2812,-0.0641483,0.137648,0.12591,0.163771
76.3039,-0.0666464,0.137498,0.124167,0.165376
76.3265,-0.0691321,0.140905,0.122319,0.16695
76.3492,-0.0716048,0.140645,0.120342,0.168484
76.3719,-0.074064,0.140018,0.118383,0.169987
76.3946,-0.0765091,0.139659,0.116343,0.171448
76.4172,-0.0789397,0.14235,0.114214,0.172879
76.4399,-0.0813552,0.14043,0.112296,0.174268
76.4626,-0.0837552,0.141951,0.110149,0.175624
76.4853,-0.086139,0.143339,0.108077,0.176938
76.5079,-0.0885061,0.144346,0.106037,0.17822
76.5306,-0.0908562,0.144627,0.103757,0.179458
76.5533,-0.0931886,0.144738,0.101603,0.180663
76.576,-0.0955029,0.143733,0.0993602,0.181825
76.5986,-0.0977986,0.145353,0.0970055,0.182953
76.6213,-0.100075,0.144116,0.0948948,0.184037
76.644,-0.102332,0.14413,0.0925296,0.185087
76.6667,-0.104569,0.146828,0.0904605,0.186092
76.6893,-0.106785,0.143977,0.088173,0.187062
76.712,-0.10898,0.145653,0.0857919,0.187988
76.7347,-0.111154,0.146216,0.0836952,0.188878
76.7574,-0.113305,0.144784,0.0811585,0.189723
76.78,-0.115434,0.144068,0.0787519,0.190532
76.8027,-0.117541,0.145826,0.0765627,0.191295
76.8254,-0.119623,0.146763,0.0740596,0.192023
76.8481,-0.121682,0.145633,0.0714242,0.192704
76.8707,-0.123717,0.146118,0.0691221,0.19335
76.8934,-0.125727,0.145902,0.0666229,0.193948
76.9161,-0.127711,0.144394,0.0642536,0.19451
76.9388,-0.12967,0.143098,0.0616794,0.195026
76.9615,-0.131603,0.144558,0.0590997,0.195505
76.9841,-0.13351,0.14487,0.0567459,0.195936
77.0068,-0.135389,0.144699,0.0539564,0.196331
77.0295,-0.137242,0.143258,0.0514235,0.196679
77.0522,-0.139066,0.142363,0.0489922,0.196989
77.0748,-0.140863,0.145676,0.0464716,0.197252
77.0975,-0.142631,0.140765,0.0438418,0.197478
77.1202,-0.14437,0.141775,0.0410371,0.197656
77.1429,-0.146079,0.141763,0.0387883,0.197797
77.1655,-0.147759,0.142551,0.0359191,0.19789
77.1882,-0.149409,0.140018,0.0334151,0.197946
77.2109,-0.151029,0.14177,0.0309861,0.197954
77.2336,-0.152618,0.140214,0.028338,0.197925
77.2562,-0.154176,0.13901,0.0255341,0.197848
77.2789,-0.155702,0.139554,0.0229575,0.197733
77.3016,-0.157196,0.139081,0.0203488,0.197571
77.3243,-0.158659,0.136991,0.0178001,0.197371
77.3469,-0.160088,0.138247,0.0150362,0.197124
77.3696,-0.161485,0.137789,0.0123306,0.196839
77.3923,-0.162849,0.137038,0.00975192,0.196507
77.415,-0.16418,0.13628,0.00695553,0.196137
77.4376,-0.165477,0.136119,0.00435618,0.195721
77.4603,-0.166739,0.132559,0.00173837,0.195267
77.483,-0.167968,0.131786,-0.00102864,0.194766
77.5057,-0.169162,0.132496,-0.00379088,0.194227
77.5283,-0.170321,0.129824,-0.00633432,0.193642
77.551,-0.171445,0.131299,-0.00891182,0.19302
77.5737,-0.172533,0.129439,-0.011652,0.192352
77.5964,-0.173586,0.127905,-0.0143709,0.191647
77.619,-0.174603,0.129897,-0.0169633,0.190895
77.6417,-0.175584,0.12712,-0.0197915,0.190107
77.6644,-0.176528,0.124268,-0.0224194,0.189273
77.6871,-0.177436,0.125094,-0.0251525,0.188404
77.7098,-0.178307,0.123795,-0.0279319,0.187488
77.7324,-0.179141,0.124239,-0.0303826,0.186537
77.7551,-0.179938,0.122148,-0.0330604,0.18554
77.7778,-0.180698,0.119547,-0.0357602,0.184509
77.8005,-0.18142,0.120017,-0.0383505,0.183432
77.8231,-0.182104,0.117561,-0.040722,0.182321
77.8458,-0.18275,0.117126,-0.0436492,0.181165
77.8685,-0.183359,0.116845,-0.0463011,0.179975
77.8912,-0.183929,0.113728,-0.0486859,0.178741
77.9138,-0.18446,0.114478,-0.0513982,0.177473
77.9365,-0.184954,0.111664,-0.053976,0.176162
77.9592,-0.185408,0.10979,-0.0566417,0.174817
77.9819,-0.185824,0.108952,-0.0591613,0.17343
78.0045,-0.186201,0.106781,-0.061764,0.17201
78.0272,-0.186539,0.106187,-0.0642262,0.170548
78.0499,-0.186838,0.10542,-0.0667345,0.169053
78.0726,-0.187097,0.103854,-0.0692522,0.167517
78.0952,-0.187318,0.10222,-0.0716242,0.16595
78.1179,-0.187499,0.10151,-0.0741622,0.164341
78.1406,-0.187641,0.0998641,-0.076635,0.162702
78.1633,-0.187744,0.0993827,-0.0791867,0.161022
78.1859,-0.187807,0.0959107,-0.081517,0.159313
78.2086,-0.18783,0.0958047,-0.0841797,0.157564
78.2313,-0.187814,0.0949014,-0.0865081,0.155785
78.254,-0.187759,0.0910409,-0.0888655,0.153968
78.2766,-0.187664,0.0907539,-0.0913314,0.152122
78.2993,-0.187529,0.0888739,-0.0935008,0.150238
78.322,-0.187355,0.0877058,-0.0959061,0.148326
78.3447,-0.187141,0.0865832,-0.0982288,0.146377
78.3673,-0.186888,0.0841205,-0.1005,0.144401
78.39,-0.186595,0.0814955,-0.10283,0.142388
78.4127,-0.186263,0.0816119,-0.105053,0.14035
78.4354,-0.185891,0.0791517,-0.107192,0.138276
78.458,-0.185481,0.0782129,-0.109615,0.136176
78.4807,-0.18503,0.0768804,-0.111726,0.134043
78.5034,-0.184541,0.0742985,-0.113984,0.131884
78.5261,-0.184012,0.0733484,-0.115914,0.129692
78.5488,-0.183445,0.0706724,-0.118173,0.127477
78.5714,-0.182838,0.0678744,-0.120283,0.125229
78.5941,-0.182193,0.0654661,-0.122306,0.122958
78.6168,-0.181509,0.0644385,-0.124343,0.120656
78.6395,-0.180786,0.0646881,-0.1265,0.118332
78.6621,-0.180025,0.0623451,-0.128419,0.115977
78.6848,-0.179226,0.0602039,-0.130492,0.113602
78.7075,-0.178388,0.0586286,-0.132436,0.111197
78.7302,-0.177512,0.0559861,-0.134351,0.108772
78.7528,-0.176599,0.0543958,-0.136301,0.106319
78.7755,-0.175647,0.0531423,-0.138062,0.103847
78.7982,-0.174659,0.0529341,-0.139895,0.101348
78.8209,-0.173633,0.047307,-0.141943,0.0988312
78.8435,-0.172569,0.0473704,-0.143494,0.0962879
78.8662,-0.171469,0.0448587,-0.145266,0.0937283
78.8889,-0.170332,0.0428805,-0.146996,0.0911433
78.9116,-0.169159,0.0398452,-0.148698,0.088543
78.9342,-0.167949,0.040204,-0.150239,0.0859185
78.9569,-0.166704,0.038323,-0.151868,0.0832798
78.9796,-0.165422,0.0343907,-0.153579,0.0806179
79.0023,-0.164105,0.0328545,-0.155109,0.077943
79.0249,-0.162753,0.0318039,-0.156631,0.0752462
79.0476,-0.161366,0.0303849,-0.158155,0.0725375
79.0703,-0.159944,0.0273973,-0.159637,0.069808
79.093,-0.158488,0.024607,-0.161012,0.0670678
79.1156,-0.156997,0.0234487,-0.162435,0.064308
79.1383,-0.155472,0.0218962,-0.16385,0.0615387
79.161,-0.153914,0.0186829,-0.165178,0.0587509
79.1837,-0.152323,0.0158099,-0.166485,0.0559548
79.2063,-0.150699,0.0147086,-0.16773,0.0531415
79.229,-0.149042,0.012453,-0.168911,0.0503212
79.2517,-0.147353,0.0129268,-0.170215,0.0474848
79.2744,-0.145632,0.0101974,-0.171314,0.0446425
79.2971,-0.14388,0.00685341,-0.172418,0.0417855
79.3197,-0.142096,0.00372987,-0.173499,0.0389238
79.3424,-0.140281,0.00412669,-0.174644,0.0360486
79.3651,-0.138436,0.00215873,-0.175706,0.03317
79.3878,-0.136561,-0.000971046,-0.176654,0.0302791
79.4104,-0.134656,-0.00401859,-0.177518,0.0273861
79.4331,-0.132721,-0.00381259,-0.178358,0.024482
79.4558,-0.130758,-0.00709894,-0.179309,0.021577
79.4785,-0.128766,-0.00856707,-0.18015,0.0186623
79.5011,-0.126746,-0.0118383,-0.180956,0.0157479
79.5238,-0.124699,-0.0122323,-0.181758,0.012825
79.5465,-0.122623,-0.0149385,-0.182445,0.00990375
79.5692,-0.120522,-0.016484,-0.18315,0.00697526
79.5918,-0.118393,-0.0180511,-0.183896,0.00404964
79.6145,-0.116239,-0.0202369,-0.184415,0.00111807
79.6372,-0.114059,-0.0234954,-0.184729,-0.00180933
79.6599,-0.111854,-0.0249812,-0.185402,-0.00474144
79.6825,-0.109624,-0.0262874,-0.185966,-0.00766811
79.7052,-0.10737,-0.029455,-0.186427,-0.0105982
79.7279,-0.105092,-0.0310059,-0.186826,-0.0135215
79.7506,-0.102791,-0.0323724,-0.187147,-0.0164471
79.7732,-0.100467,-0.0336077,-0.187484,-0.0193646
79.7959,-0.0981213,-0.0352413,-0.187846,-0.022283
79.8186,-0.0957534,-0.0386318,-0.188033,-0.0251922
79.8413,-0.0933642,-0.0412193,-0.188248,-0.028101
79.8639,-0.0909541,-0.0413879,-0.188481,-0.0309993
79.8866,-0.0885237,-0.0450289,-0.188607,-0.0338959
79.9093,-0.0860734,-0.0482412,-0.188712,-0.0367807
79.932,-0.0836039,-0.0471803,-0.188762,-0.0396626
79.9546,-0.0811155,-0.0505445,-0.188707,-0.0425315
79.9773,-0.0786089,-0.0526339,-0.188773,-0.0453963
80,-0.0760845,-0.0536337,-0.188689,-0.0482468
80.0227,-0.0735429,-0.0564066,-0.188595,-0.0510918
80.0454,-0.0709846,-0.0571521,-0.188451,-0.0539214
80.068,-0.0684101,-0.0580335,-0.188147,-0.0567442
80.0907,-0.06582,-0.0606098,-0.188001,-0.0595504
80.1134,-0.0632149,-0.0640036,-0.187639,-0.0623486
80.1361,-0.0605952,-0.0649725,-0.187503,-0.065129
80.1587,-0.0579615,-0.0662198,-0.187063,-0.0679002
80.1814,-0.0553144,-0.0674863,-0.186733,-0.0706522
80.2041,-0.0526544,-0.0706441,-0.186204,-0.073394
80.2268,-0.0499821,-0.0732962,-0.185861,-0.0761153
80.2494,-0.0472981,-0.0742536,-0.185378,-0.0788252
80.2721,-0.0446029,-0.0756969,-0.184723,-0.0815135
80.2948,-0.0418971,-0.078567,-0.184155,-0.0841891
80.3175,-0.0391812,-0.0796389,-0.183539,-0.0868421
80.3401,-0.0364558,-0.0803142,-0.18285,-0.0894812
80.3628,-0.0337216,-0.0828273,-0.18222,-0.0920964
80.3855,-0.0309791,-0.0842889,-0.181461,-0.0946966
80.4082,-0.0282288,-0.086261,-0.180765,-0.0972719
80.4308,-0.0254713,-0.0885442,-0.179915,-0.0998309
80.4535,-0.0227073,-0.0891969,-0.179056,-0.102364
80.4762,-0.0199373,-0.0907248,-0.178114,-0.10488
80.4989,-0.017162,-0.0926974,-0.177308,-0.107368
80.5215,-0.0143818,-0.0936254,-0.176286,-0.109838
80.5442,-0.0115974,-0.0951727,-0.175224,-0.11228
80.5669,-0.00880932,-0.0962016,-0.174236,-0.114702
80.5896,-0.00601825,-0.0995017,-0.173119,-0.117096
80.6122,-0.00322475,-0.0988453,-0.172073,-0.119468
80.6349,-0.000429396,-0.101159,-0.170895,-0.12181
80.6576,0.00236721,-0.102155,-0.1697,-0.124131
80.6803,0.00516447,-0.104713,-0.168423,-0.12642
80.7029,0.00796178,-0.10669,-0.167258,-0.128687
80.7256,0.0107586,-0.107449,-0.165978,-0.130921
80.7483,0.0135542,-0.107805,-0.164582,-0.133132
80.771,0.0163481,-0.110377,-0.163272,-0.135309
80.7937,0.0191397,-0.110857,-0.16186,-0.137462
80.8163,0.0219283,-0.113338,-0.160427,-0.139581
80.839,0.0247135,-0.114778,-0.158982,-0.141674
80.8617,0.0274945,-0.116009,-0.157438,-0.143732
80.8844,0.0302708,-0.115869,-0.155906,-0.145763
80.907,0.0330418,-0.117359,-0.154312,-0.147759
80.9297,0.0358069,-0.119124,-0.152696,-0.149727
80.9524,0.0385655,-0.119195,-0.151064,-0.151658
80.9751,0.041317,-0.119729,-0.149483,-0.153561
80.9977,0.0440608,-0.12102,-0.147758,-0.155427
81.0204,0.0467964,-0.124264,-0.146032,-0.157263
81.0431,0.0495231,-0.12568,-0.144211,-0.159061
81.0658,0.0522404,-0.124822,-0.142417,-0.160829
81.0884,0.0549476,-0.126469,-0.140629,-0.162557
81.1111,0.0576442,-0.127842,-0.138796,-0.164255
81.1338,0.0603297,-0.129048,-0.136857,-0.165913
81.1565,0.0630034,-0.129376,-0.134938,-0.16754
81.1791,0.0656647,-0.130436,-0.133085,-0.169125
81.2018,0.0683131,-0.131266,-0.131088,-0.170679
81.2245,0.070948,-0.133624,-0.129025,-0.172191
81.2472,0.0735689,-0.134317,-0.127069,-0.173671
81.2698,0.0761752,-0.133473,-0.124895,-0.175108
81.2925,0.0787662,-0.135749,-0.12288,-0.176512
81.3152,0.0813415,-0.135996,-0.120725,-0.177873
81.3379,0.0839005,-0.136719,-0.118598,-0.179201
81.3605,0.0864427,-0.139065,-0.116447,-0.180485
81.3832,0.0889674,-0.139231,-0.114232,-0.181734
81.4059,0.0914742,-0.139101,-0.112081,-0.182939
81.4286,0.0939624,-0.140523,-0.109862,-0.184109
81.4512,0.0964316,-0.140248,-0.107556,-0.185235
81.4739,0.0988813,-0.140769,-0.10531,-0.186326
81.4966,0.101311,-0.141984,-0.102994,-0.187371
81.5193,0.10372,-0.142757,-0.10072,-0.18838
81.542,0.106107,-0.143097,-0.0983871,-0.189344
81.5646,0.108473,-0.144429,-0.0958738,-0.190271
81.5873,0.110817,-0.14232,-0.0935054,-0.191153
81.61,0.113138,-0.144053,-0.0911097,-0.191997
81.6327,0.115436,-0.145629,-0.0887154,-0.192796
81.6553,0.117711,-0.145822,-0.0862034,-0.193557
81.678,0.11996,-0.144486,-0.0837849,-0.194271
81.7007,0.122186,-0.145006,-0.081256,-0.194948
81.7234,0.124386,-0.145703,-0.0787672,-0.195578
81.746,0.12656,-0.146032,-0.0762601,-0.196171
81.7687,0.128708,-0.145981,-0.0736844,-0.196716
81.7914,0.13083,-0.14701,-0.0710866,-0.197223
81.8141,0.132925,-0.147417,-0.0685256,-0.197682
81.8367,0.134991,-0.147204,-0.0659091,-0.198103
81.8594,0.13703,-0.147222,-0.0633571,-0.198477
81.8821,0.139041,-0.147761,-0.0607332,-0.198812
81.9048,0.141023,-0.145141,-0.0580772,-0.199099
81.9274,0.142975,-0.148925,-0.0554554,-0.199348
81.9501,0.144897,-0.147098,-0.0527906,-0.199549
81.9728,0.14679,-0.148028,-0.0501133,-0.199711
81.9955,0.148651,-0.14815,-0.047392,-0.199825
82.0181,0.150482,-0.146574,-0.0447376,-0.1999
82.0408,0.152281,-0.147065,-0.0420381,-0.199927
82.0635,0.154049,-0.147013,-0.0392786,-0.199915
82.0862,0.155784,-0.148739,-0.0366139,-0.199856
82.1088,0.157487,-0.147839,-0.0338873,-0.199757
82.1315,0.159156,-0.148882,-0.0311256,-0.199611
82.1542,0.160793,-0.147274,-0.0283798,-0.199425
82.1769,0.162395,-0.146236,-0.0255708,-0.199192
82.1995,0.163964,-0.146667,-0.0228479,-0.19892
82.2222,0.165498,-0.146214,-0.0201003,-0.1986
82.2449,0.166997,-0.14571,-0.0173105,-0.198242
82.2676,0.168462,-0.145514,-0.0145945,-0.197836
82.2902,0.16989,-0.144881,-0.0117463,-0.197391
82.3129,0.171284,-0.145067,-0.0089838,-0.196899
82.3356,0.172641,-0.144957,-0.00616791,-0.196369
82.3583,0.173961,-0.145282,-0.00340367,-0.195792
82.381,0.175245,-0.143962,-0.000615392,-0.195176
82.4036,0.176492,-0.142454,0.00218922,-0.194514
82.4263,0.177702,-0.142628,0.00497155,-0.193813
82.449,0.178874,-0.142166,0.00776263,-0.193066
82.4717,0.180009,-0.140451,0.0105185,-0.192282
82.4943,0.181105,-0.139867,0.0133539,-0.191451
82.517,0.182164,-0.140273,0.016148,-0.190583
82.5397,0.183183,-0.139612,0.0189291,-0.189669
82.5624,0.184164,-0.139482,0.0216998,-0.188718
82.585,0.185106,-0.137799,0.0244861,-0.187722
82.6077,0.186009,-0.136869,0.0272434,-0.18669
82.6304,0.186872,-0.137344,0.0300101,-0.185612
82.6531,0.187696,-0.137322,0.032776,-0.184499
82.6757,0.18848,-0.135172,0.0355242,-0.183341
82.6984,0.189223,-0.133429,0.0382889,-0.182147
82.7211,0.189927,-0.132838,0.0410707,-0.180909
82.7438,0.19059,-0.131255,0.0437594,-0.179637
82.7664,0.191213,-0.132268,0.0464715,-0.178321
82.7891,0.191796,-0.130276,0.0491918,-0.17697
82.8118,0.192337,-0.12718,0.0518971,-0.175577
82.8345,0.192838,-0.128198,0.0546284,-0.17415
82.8571,0.193297,-0.127712,0.0572866,-0.17268
82.8798,0.193715,-0.125794,0.0599399,-0.171178
82.9025,0.194092,-0.124207,0.0626532,-0.169633
82.9252,0.194428,-0.124566,0.0652955,-0.168056
82.9478,0.194722,-0.12346,0.0679263,-0.166439
82.9705,0.194975,-0.121408,0.0705542,-0.164789
82.9932,0.195186,-0.120202,0.0731566,-0.163099
83.0159,0.195356,-0.119586,0.0757472,-0.161378
83.0385,0.195484,-0.117245,0.078348,-0.159618
83.0612,0.19557,-0.116327,0.0809127,-0.157827
83.0839,0.195614,-0.115677,0.0834408,-0.155998
83.1066,0.195616,-0.115325,0.0859774,-0.154139
83.1293,0.195577,-0.112931,0.0885014,-0.152242
83.1519,0.195496,-0.111701,0.0909778,-0.150316
83.1746,0.195373,-0.111187,0.0934526,-0.148354
83.1973,0.195208,-0.109789,0.095909,-0.146363
83.22,0.195001,-0.107571,0.0983512,-0.144336
83.2426,0.194753,-0.106954,0.10078,-0.142282
83.2653,0.194463,-0.104813,0.103176,-0.140193
83.288,0.194131,-0.103923,0.105558,-0.138078
83.3107,0.193757,-0.100709,0.107896,-0.135928
83.3333,0.193342,-0.0999824,0.110219,-0.133753
83.356,0.192886,-0.0994414,0.112527,-0.131545
83.3787,0.192388,-0.0971974,0.114824,-0.129312
83.4014,0.191849,-0.0949517,0.117093,-0.127048
83.424,0.191268,-0.0942914,0.119336,-0.124759
83.4467,0.190646,-0.0918137,0.121549,-0.12244
83.4694,0.189984,-0.0909948,0.123743,-0.120098
83.4921,0.18928,-0.0898606,0.125895,-0.117725
83.5147,0.188536,-0.0875503,0.128025,-0.115331
83.5374,0.187752,-0.0863195,0.130142,-0.112908
83.5601,0.186926,-0.0844033,0.132219,-0.110465
83.5828,0.186061,-0.0816786,0.134266,-0.107994
83.6054,0.185156,-0.0804495,0.136301,-0.105503
83.6281,0.18421,-0.0789908,0.138306,-0.102985
83.6508,0.183225,-0.0783957,0.140278,-0.100449
83.6735,0.1822,-0.076273,0.142209,-0.0978873
83.6961,0.181136,-0.0744225,0.144122,-0.0953084
83.7188,0.180033,-0.0726546,0.146005,-0.0927045
83.7415,0.178891,-0.0706432,0.147871,-0.0900847
83.7642,0.177711,-0.0678162,0.149686,-0.0874412
83.7868,0.176492,-0.0672454,0.151471,-0.084783
83.8095,0.175235,-0.063953,0.153233,-0.0821022
83.8322,0.17394,-0.0629406,0.154959,-0.0794078
83.8549,0.172607,-0.0611791,0.156644,-0.076692
83.8776,0.171237,-0.0585259,0.1583,-0.0739639
83.9002,0.16983,-0.0571122,0.159924,-0.0712155
83.9229,0.168386,-0.0541099,0.161523,-0.068456
83.9456,0.166906,-0.0526917,0.163081,-0.0656774
83.9683,0.165389,-0.0525258,0.164603,-0.0628889
83.9909,0.163837,-0.0498607,0.166094,-0.0600826
84.0136,0.162249,-0.0478798,0.167555,-0.0572675
84.0363,0.160626,-0.0455124,0.168972,-0.0544359
84.059,0.158968,-0.043281,0.170361,-0.0515968
84.0816,0.157275,-0.0421222,0.171709,-0.0487424
84.1043,0.155549,-0.0377362,0.173021,-0.0458816
84.127,0.153788,-0.0365734,0.174304,-0.0430069
84.1497,0.151994,-0.036657,0.175532,-0.0401272
84.1723,0.150167,-0.0333025,0.176744,-0.0372346
84.195,0.148307,-0.032761,0.177912,-0.0343383
84.2177,0.146415,-0.0294855,0.179031,-0.0314305
84.2404,0.144491,-0.0270096,0.180132,-0.0285202
84.263,0.142536,-0.0261469,0.181181,-0.0255997
84.2857,0.140549,-0.0234029,0.182197,-0.0226779
84.3084,0.138532,-0.020594,0.183171,-0.0197472
84.3311,0.136485,-0.0191617,0.184102,-0.0168165
84.3537,0.134407,-0.0174283,0.185006,-0.0138783
84.3764,0.132301,-0.015482,0.185871,-0.0109413
84.3991,0.130165,-0.0139284,0.186682,-0.00799798
84.4218,0.128001,-0.0105326,0.18747,-0.00505728
84.4444,0.125809,-0.00847787,0.18821,-0.00211151
84.4671,0.123589,-0.00628964,0.188909,0.000830387
84.4898,0.121343,-0.00560645,0.189571,0.00377598
84.5125,0.119069,-0.00356012,0.190193,0.00671645
84.5351,0.11677,0.000348725,0.190775,0.00965935
84.5578,0.114445,0.00144357,0.191314,0.0125959
84.5805,0.112095,0.00286264,0.191809,0.0155334
84.6032,0.10972,0.00577546,0.192275,0.0184633
84.6259,0.107321,0.00819993,0.192689,0.0213931
84.6485,0.104898,0.0107163,0.193072,0.0243138
84.6712,0.102452,0.0127714,0.193403,0.0272332
84.6939,0.0999838,0.0138382,0.193703,0.0301422
84.7166,0.0974933,0.01778,0.193953,0.0330485
84.7392,0.0949812,0.0182218,0.194167,0.0359433
84.7619,0.0924482,0.0197303,0.194339,0.0388342
84.7846,0.0898947,0.0241057,0.194474,0.0417121
84.8073,0.0873213,0.0250982,0.194558,0.0445849
84.8299,0.0847285,0.0251074,0.19461,0.0474436
84.8526,0.0821168,0.0287217,0.194614,0.0502957
84.8753,0.0794869,0.0306155,0.194582,0.0531326
84.898,0.0768393,0.03221,0.194502,0.0559616
84.9206,0.0741746,0.0335478,0.194389,0.0587742
84.9433,0.0714933,0.0377256,0.194225,0.0615777
84.966,0.068796,0.0400913,0.194029,0.0643635
84.9887,0.0660833,0.0409267,0.193784,0.067139
85.0113,0.0633558,0.0430404,0.193504,0.0698956
85.034,0.060614,0.0452502,0.193177,0.0726406
85.0567,0.0578585,0.0476256,0.192814,0.0753656
85.0794,0.05509,0.0488256,0.192403,0.0780778
85.102,0.052309,0.0497228,0.19196,0.0807687
85.1247,0.0495161,0.0539727,0.191467,0.0834457
85.1474,0.0467119,0.055843,0.190942,0.0861002
85.1701,0.0438971,0.0580178,0.190367,0.0887397
85.1927,0.0410722,0.0587287,0.18976,0.0913555
85.2154,0.0382378,0.062053,0.189105,0.0939551
85.2381,0.0353946,0.0627432,0.188417,0.0965299
85.2608,0.0325431,0.0660131,0.18768,0.0990873
85.2834,0.0296839,0.0669028,0.186912,0.101619
85.3061,0.0268178,0.06861,0.186095,0.104132
85.3288,0.0239453,0.0707266,0.185247,0.106618
85.3515,0.0210669,0.0734055,0.184351,0.109084
85.3741,0.0181835,0.0739978,0.183424,0.111523
85.3968,0.0152954,0.0759384,0.182449,0.113941
85.4195,0.0124035,0.0783258,0.181443,0.116329
85.4422,0.00950827,0.0800594,0.180391,0.118696
85.4649,0.00661037,0.0816302,0.179307,0.121033
85.4875,0.00371042,0.0835817,0.178177,0.123347
85.5102,0.000809059,0.0852443,0.177017,0.12563
85.5329,-0.0020931,0.0869382,0.175811,0.127889
85.5556,-0.00499541,0.0885112,0.174575,0.130116
85.5782,-0.00789727,0.0906496,0.173294,0.132318
85.6009,-0.010798,0.0915472,0.171983,0.134487
85.6236,-0.0136971,0.0944928,0.170628,0.13663
85.6463,-0.0165938,0.0951313,0.169243,0.138739
85.6689,-0.0194875,0.0968746,0.167815,0.140822
85.6916,-0.0223776,0.0992197,0.166358,0.14287
85.7143,-0.0252635,0.100756,0.164857,0.14489
85.737,-0.0281446,0.10222,0.163329,0.146874
85.7596,-0.0310202,0.104011,0.161758,0.14883
85.7823,-0.0338897,0.10581,0.16016,0.150749
85.805,-0.0367524,0.106873,0.15852,0.152638
85.8277,-0.0396079,0.108285,0.156853,0.154491
85.8503,-0.0424554,0.110613,0.155144,0.156313
85.873,-0.0452943,0.11175,0.15341,0.158097
85.8957,-0.048124,0.112714,0.151635,0.15985
85.9184,-0.0509439,0.114824,0.149835,0.161564
85.941,-0.0537533,0.116738,0.147995,0.163246
85.9637,-0.0565518,0.118136,0.14613,0.164888
85.9864,-0.0593386,0.11952,0.144226,0.166498
86.0091,-0.0621132,0.119964,0.142299,0.168067
86.0317,-0.0648749,0.120373,0.140333,0.169604
86.0544,-0.0676232,0.123365,0.138345,0.171099
86.0771,-0.0703574,0.123876,0.136319,0.17256
86.0998,-0.073077,0.125761,0.134271,0.17398
86.1224,-0.0757814,0.126451,0.132186,0.175365
86.1451,-0.0784699,0.127619,0.130081,0.176708
86.1678,-0.0811421,0.129171,0.127939,0.178016
86.1905,-0.0837972,0.13019,0.125777,0.179281
86.2132,-0.0864348,0.131128,0.12358,0.18051
86.2358,-0.0890542,0.131775,0.121365,0.181695
86.2585,-0.091655,0.133909,0.119115,0.182845
86.2812,-0.0942364,0.135675,0.116846,0.183951
86.3039,-0.096798,0.136537,0.114545,0.18502
86.3265,-0.0993392,0.136587,0.112227,0.186044
86.3492,-0.101859,0.137833,0.109876,0.187032
86.3719,-0.104358,0.13899,0.107509,0.187974
86.3946,-0.106835,0.139606,0.10511,0.188879
86.4172,-0.109289,0.141103,0.102697,0.189739
86.4399,-0.11172,0.141909,0.100253,0.190561
86.4626,-0.114127,0.14262,0.0977956,0.191338
86.4853,-0.11651,0.143019,0.0953085,0.192076
86.5079,-0.118869,0.144366,0.0928084,0.192768
86.5306,-0.121202,0.144803,0.0902802,0.193421
86.5533,-0.123509,0.144874,0.0877399,0.194029
86.576,-0.12579,0.146882,0.0851725,0.194597
86.5986,-0.128045,0.146426,0.0825942,0.19512
86.6213,-0.130272,0.149132,0.0799899,0.195603
86.644,-0.132471,0.148873,0.0773757,0.196039
86.6667,-0.134643,0.148682,0.0747368,0.196436
86.6893,-0.136785,0.150332,0.072089,0.196787
86.712,-0.138899,0.150896,0.0694175,0.197098
86.7347,-0.140982,0.150326,0.0667383,0.197362
86.7574,-0.143036,0.151641,0.0640366,0.197586
86.78,-0.145059,0.151589,0.0613284,0.197763
86.8027,-0.147051,0.152278,0.0585988,0.197901
86.8254,-0.149012,0.152447,0.0558638,0.197992
86.8481,-0.150941,0.153479,0.0531087,0.198043
86.8707,-0.152838,0.153613,0.0503492,0.198047
86.8934,-0.154702,0.154219,0.0475708,0.198011
86.9161,-0.156533,0.153433,0.0447893,0.197928
86.9388,-0.15833,0.154767,0.0419899,0.197806
86.9615,-0.160094,0.154901,0.0391887,0.197636
86.9841,-0.161823,0.154841,0.0363709,0.197427
87.0068,-0.163517,0.155559,0.0335524,0.197171
87.0295,-0.165177,0.1551,0.0307185,0.196876
87.0522,-0.166801,0.156127,0.027885,0.196533
87.0748,-0.168389,0.155132,0.0250374,0.196152
87.0975,-0.169941,0.155921,0.0221915,0.195724
87.1202,-0.171457,0.155743,0.0193327,0.195256
87.1429,-0.172936,0.155493,0.0164767,0.194743
87.1655,-0.174378,0.155111,0.0136091,0.19419
87.1882,-0.175782,0.155819,0.0107455,0.193591
87.2109,-0.177148,0.155483,0.00787157,0.192954
87.2336,-0.178477,0.155076,0.0050029,0.192271
87.2562,-0.179767,0.155162,0.00212499,0.191549
87.2789,-0.181019,0.154684,-0.000746398,0.190782
87.3016,-0.182231,0.15493,-0.00362572,0.189976
87.3243,-0.183404,0.154598,-0.00649729,0.189126
87.3469,-0.184538,0.154449,-0.00937559,0.188238
87.3696,-0.185633,0.154253,-0.0122449,0.187305
87.3923,-0.186687,0.153394,-0.0151197,0.186335
87.415,-0.187701,0.153412,-0.0179843,0.185321
87.4376,-0.188674,0.153353,-0.0208531,0.18427
87.4603,-0.189607,0.152783,-0.0237106,0.183175
87.483,-0.1905,0.152366,-0.0265709,0.182044
87.5057,-0.191351,0.151967,-0.0294187,0.180869
87.5283,-0.19216,0.151216,-0.0322683,0.179659
87.551,-0.192929,0.149959,-0.0351039,0.178406
87.5737,-0.193656,0.149913,-0.0379401,0.177117
87.5964,-0.194341,0.150418,-0.0407613,0.175786
87.619,-0.194984,0.148418,-0.0435817,0.174421
87.6417,-0.195585,0.148352,-0.0463859,0.173014
87.6644,-0.196144,0.147068,-0.0491882,0.171573
87.6871,-0.19666,0.147319,-0.051973,0.170091
87.7098,-0.197134,0.14517,-0.0547546,0.168576
87.7324,-0.197566,0.144174,-0.0575176,0.16702
87.7551,-0.197955,0.144499,-0.0602763,0.165432
87.7778,-0.198301,0.143903,-0.0630152,0.163804
87.8005,-0.198604,0.141896,-0.0657484,0.162144
87.8231,-0.198864,0.141979,-0.0684608,0.160445
87.8458,-0.199082,0.14119,-0.0711663,0.158715
87.8685,-0.199256,0.139397,-0.0738498,0.156946
87.8912,-0.199387,0.13908,-0.0765253,0.155148
87.9138,-0.199475,0.138076,-0.0791775,0.153312
87.9365,-0.19952,0.137397,-0.0818206,0.151446
87.9592,-0.199522,0.135738,-0.0844394,0.149544
87.9819,-0.199481,0.134563,-0.0870478,0.147613
88.0045,-0.199396,0.133959,-0.0896308,0.145647
88.0272,-0.199269,0.131916,-0.0922024,0.143653
88.0499,-0.199098,0.131823,-0.0947474,0.141624
88.0726,-0.198884,0.130075,-0.0972798,0.139567
88.0952,-0.198627,0.12943,-0.0997846,0.137477
88.1179,-0.198327,0.127957,-0.102276,0.135361
88.1406,-0.197984,0.125608,-0.104738,0.133212
88.1633,-0.197598,0.125821,-0.107186,0.131038
88.1859,-0.19717,0.12454,-0.109604,0.128832
88.2086,-0.196699,0.122113,-0.112006,0.126602
88.2313,-0.196185,0.121594,-0.114377,0.124341
88.254,-0.195628,0.120578,-0.116731,0.122057
88.2766,-0.19503,0.117997,-0.119054,0.119743
88.2993,-0.194388,0.116835,-0.121359,0.117406
88.322,-0.193705,0.115525,-0.12363,0.115041
88.3447,-0.19298,0.113784,-0.125883,0.112654
88.3673,-0.192213,0.112603,-0.128103,0.11024
88.39,-0.191404,0.110821,-0.130302,0.107806
88.4127,-0.190554,0.109465,-0.132466,0.105345
88.4354,-0.189662,0.108222,-0.13461,0.102865
88.458,-0.188729,0.105387,-0.136718,0.10036
88.4807,-0.187756,0.104661,-0.138805,0.0978359
88.5034,-0.186741,0.103592,-0.140854,0.0952881
88.5261,-0.185686,0.100902,-0.142881,0.0927233
88.5488,-0.184591,0.0987072,-0.144871,0.0901353
88.5714,-0.183456,0.0976521,-0.146837,0.0875315
88.5941,-0.18228,0.0960011,-0.148765,0.0849057
88.6168,-0.181066,0.0944599,-0.150668,0.0822653
88.6395,-0.179811,0.0925013,-0.152532,0.079604
88.6621,-0.178518,0.0906039,-0.154371,0.0769292
88.6848,-0.177186,0.0896428,-0.15617,0.0742348
88.7075,-0.175816,0.0874676,-0.157943,0.0715281
88.7302,-0.174407,0.0857961,-0.159675,0.0688029
88.7528,-0.172961,0.0835518,-0.16138,0.0660667
88.7755,-0.171476,0.081486,-0.163044,0.0633132
88.7982,-0.169955,0.0795133,-0.16468,0.0605498
88.8209,-0.168397,0.0776304,-0.166274,0.0577705
88.8435,-0.166802,0.075908,-0.16784,0.0549824
88.8662,-0.16517,0.0725359,-0.169363,0.0521797
88.8889,-0.163503,0.0728405,-0.170857,0.0493694
88.9116,-0.1618,0.0702549,-0.172307,0.0465457
88.9342,-0.160062,0.0675661,-0.173728,0.0437158
88.9569,-0.15829,0.0660319,-0.175105,0.0408736
88.9796,-0.156482,0.0644281,-0.176451,0.0380265
89.0023,-0.154641,0.0615185,-0.177752,0.0351684
89.0249,-0.152766,0.0589522,-0.179023,0.0323066
89.0476,-0.150858,0.0578848,-0.180249,0.0294351
89.0703,-0.148917,0.055093,-0.181443,0.0265611
89.093,-0.146944,0.0538431,-0.182591,0.0236788
89.1156,-0.144938,0.0513772,-0.183707,0.0207953
89.1383,-0.142902,0.0494648,-0.184777,0.0179046
89.161,-0.140834,0.0479754,-0.185814,0.015014
89.1837,-0.138735,0.0446339,-0.186805,0.0121176
89.2063,-0.136606,0.0431295,-0.187763,0.00922252
89.229,-0.134447,0.0408745,-0.188673,0.00632291
89.2517,-0.132259,0.0388636,-0.189551,0.00342587
89.2744,-0.130042,0.0367277,-0.19038,0.000525617
89.2971,-0.127797,0.0343186,-0.191176,-0.00237076
89.3197,-0.125524,0.0325837,-0.191924,-0.00526907
89.3424,-0.123224,0.0298343,-0.192638,-0.00816229
89.3651,-0.120897,0.0269994,-0.193303,-0.0110562
89.3878,-0.118543,0.0253229,-0.193934,-0.0139436
89.4104,-0.116164,0.0236749,-0.194517,-0.0168304
89.4331,-0.113759,0.0207659,-0.195065,-0.0197096
89.4558,-0.11133,0.0193753,-0.195564,-0.0225869
89.4785,-0.108876,0.0165522,-0.196028,-0.0254552
89.5011,-0.106398,0.0140341,-0.196443,-0.0283203
89.5238,-0.103898,0.0121416,-0.196823,-0.0311754
89.5465,-0.101374,0.00930236,-0.197154,-0.0340259
89.5692,-0.0988287,0.00727685,-0.197449,-0.036865
89.5918,-0.0962616,0.00533211,-0.197695,-0.0396983
89.6145,-0.0936735,0.00324139,-0.197905,-0.0425191
89.6372,-0.091065,0.0014006,-0.198067,-0.0453328
89.6599,-0.0884365,-0.00216062,-0.198192,-0.0481327
89.6825,-0.0857888,-0.00353732,-0.198268,-0.0509243
89.7052,-0.0831224,-0.00665143,-0.198308,-0.0537008
89.7279,-0.0804377,-0.00809108,-0.198299,-0.0564679
89.7506,-0.0777356,-0.0103703,-0.198254,-0.0592187
89.7732,-0.0750164,-0.0126937,-0.198159,-0.0619588
89.7959,-0.0722809,-0.0153488,-0.198029,-0.0646814
89.8186,-0.0695295,-0.0173326,-0.197849,-0.067392
89.8413,-0.066763,-0.0203309,-0.197634,-0.070084
89.8639,-0.0639819,-0.022196,-0.197369,-0.0727629
89.8866,-0.0611868,-0.0238473,-0.197069,-0.0754219
89.9093,-0.0583783,-0.0267775,-0.196719,-0.0780667
89.932,-0.055557,-0.0288605,-0.196334,-0.0806905
89.9546,-0.0527236,-0.0304499,-0.1959,-0.0832988
89.9773,-0.0498787,-0.0332752,-0.19543,-0.085885
90,-0.0470228,-0.0351049,-0.194912,-0.0884545
90.0227,-0.0441567,-0.0379866,-0.194358,-0.0910009
90.0454,-0.0412808,-0.0400237,-0.193755,-0.0935295
90.068,-0.038396,-0.041707,-0.193118,-0.0960337
90.0907,-0.0355027,-0.044392,-0.192432,-0.0985191
90.1134,-0.0326016,-0.045958,-0.191712,-0.100979
90.1361,-0.0296934,-0.0487222,-0.190943,-0.103419
90.1587,-0.0267787,-0.050659,-0.19014,-0.105833
90.1814,-0.0238581,-0.0533713,-0.189289,-0.108225
90.2041,-0.0209323,-0.0552548,-0.188404,-0.11059
90.2268,-0.0180018,-0.0572213,-0.187472,-0.112933
90.2494,-0.0150674,-0.0591822,-0.186506,-0.115247
90.2721,-0.0121296,-0.0615981,-0.185493,-0.117539
90.2948,-0.0091892,-0.063786,-0.184447,-0.1198
90.3175,-0.00624672,-0.0654514,-0.183354,-0.122038
90.3401,-0.00330285,-0.0681823,-0.182228,-0.124245
90.3628,-0.000358209,-0.0701174,-0.181057,-0.126427
90.3855,0.00258654,-0.0720989,-0.179852,-0.128578
90.4082,0.00553077,-0.0735275,-0.178603,-0.130703
90.4308,0.00847382,-0.0766393,-0.177321,-0.132795
90.4535,0.0114151,-0.0784326,-0.175994,-0.13486
90.4762,0.0143539,-0.0804256,-0.174636,-0.136892
90.4989,0.0172896,-0.0826881,-0.173234,-0.138896
90.5215,0.0202215,-0.0846915,-0.1718,-0.140866
90.5442,0.0231491,-0.0862982,-0.170323,-0.142807
90.5669,0.0260717,-0.0883946,-0.168816,-0.144714
90.5896,0.0289886,-0.0905484,-0.167266,-0.146591
90.6122,0.0318992,-0.0926572,-0.165686,-0.148432
90.6349,0.0348029,-0.0942426,-0.164063,-0.150242
90.6576,0.037699,-0.0963699,-0.162412,-0.152016
90.6803,0.0405869,-0.0983548,-0.160718,-0.153759
90.7029,0.043466,-0.0992583,-0.158997,-0.155465
90.7256,0.0463356,-0.102042,-0.157235,-0.157138
90.7483,0.0491952,-0.103933,-0.155445,-0.158774
90.771,0.0520441,-0.105384,-0.153614,-0.160377
90.7937,0.0548816,-0.106768,-0.151757,-0.161941
90.8163,0.0577071,-0.108953,-0.149861,-0.163472
90.839,0.0605201,-0.111135,-0.147939,-0.164963
90.8617,0.06332,-0.11242,-0.145978,-0.166421
90.8844,0.066106,-0.114015,-0.143992,-0.167839
90.907,0.0688776,-0.115633,-0.141968,-0.169221
90.9297,0.0716342,-0.118414,-0.139919,-0.170564
90.9524,0.0743752,-0.118509,-0.137834,-0.171871
90.9751,0.0770999,-0.120313,-0.135726,-0.173137
90.9977,0.0798079,-0.122113,-0.133582,-0.174367
91.0204,0.0824984,-0.123114,-0.131415,-0.175556
91.0431,0.085171,-0.12466,-0.129213,-0.176708
91.0658,0.087825,-0.127687,-0.126989,-0.177818
91.0884,0.0904598,-0.128365,-0.124731,-0.178892
91.1111,0.0930749,-0.129711,-0.122453,-0.179923
91.1338,0.0956697,-0.130894,-0.120141,-0.180916
91.1565,0.0982437,-0.132315,-0.11781,-0.181867
91.1791,0.100796,-0.134334,-0.115447,-0.18278
91.2018,0.103327,-0.13578,-0.113065,-0.183649
91.2245,0.105835,-0.136651,-0.110652,-0.184481
91.2472,0.108319,-0.13904,-0.108221,-0.185269
91.2698,0.110781,-0.139181,-0.105761,-0.186018
91.2925,0.113218,-0.140577,-0.103283,-0.186724
91.3152,0.11563,-0.141625,-0.100777,-0.18739
91.3379,0.118017,-0.143019,-0.0982554,-0.188013
91.3605,0.120378,-0.143974,-0.0957059,-0.188596
91.3832,0.122713,-0.145438,-0.0931417,-0.189135
91.4059,0.125022,-0.146495,-0.0905509,-0.189635
91.4286,0.127303,-0.147936,-0.0879466,-0.19009
91.4512,0.129556,-0.149136,-0.0853168,-0.190506
91.4739,0.131781,-0.149934,-0.0826746,-0.190877
91.4966,0.133977,-0.150718,-0.0800081,-0.191208
91.5193,0.136144,-0.15151,-0.0773303,-0.191494
91.542,0.138281,-0.152511,-0.0746294,-0.191741
91.5646,0.140388,-0.154058,-0.0719183,-0.191942
91.5873,0.142464,-0.154669,-0.0691852,-0.192104
91.61,0.144509,-0.154982,-0.0664432,-0.192221
91.6327,0.146523,-0.155781,-0.0636804,-0.192298
91.6553,0.148504,-0.157173,-0.0609098,-0.19233
91.678,0.150453,-0.158231,-0.0581196,-0.192322
91.7007,0.15237,-0.15832,-0.0553228,-0.192269
91.7234,0.154253,-0.159484,-0.0525077,-0.192176
91.746,0.156102,-0.16008,-0.0496871,-0.192038
91.7687,0.157917,-0.161513,-0.0468495,-0.19186
91.7914,0.159698,-0.161576,-0.0440076,-0.191638
91.8141,0.161444,-0.161722,-0.0411498,-0.191376
91.8367,0.163154,-0.162048,-0.038289,-0.191069
91.8594,0.164829,-0.163051,-0.0354136,-0.190723
91.8821,0.166468,-0.163324,-0.0325365,-0.190332
91.9048,0.168071,-0.163525,-0.0296459,-0.189902
91.9274,0.169636,-0.164108,-0.0267549,-0.189427
91.9501,0.171165,-0.164662,-0.0238517,-0.188914
91.9728,0.172657,-0.16525,-0.0209492,-0.188356
91.9955,0.17411,-0.165556,-0.0180359,-0.18776
92.0181,0.175526,-0.16545,-0.0151245,-0.187119
92.0408,0.176903,-0.165424,-0.0122037,-0.186441
92.0635,0.178242,-0.165571,-0.00928592,-0.185718
92.0862,0.179542,-0.166104,-0.00635991,-0.184958
92.1088,0.180802,-0.165429,-0.00343837,-0.184154
92.1315,0.182023,-0.167005,-0.000509819,-0.183313
92.1542,0.183204,-0.166382,0.00241302,-0.182429
92.1769,0.184346,-0.166672,0.00534161,-0.181507
92.1995,0.185446,-0.167229,0.00826326,-0.180544
92.2222,0.186507,-0.166282,0.0111893,-0.179543
92.2449,0.187527,-0.166549,0.0141072,-0.1785
92.2676,0.188505,-0.166641,0.0170281,-0.177421
92.2902,0.189443,-0.166362,0.0199397,-0.176301
92.3129,0.190339,-0.16642,0.0228531,-0.175144
92.3356,0.191194,-0.166203,0.0257558,-0.173947
92.3583,0.192006,-0.165792,0.0286591,-0.172715
92.381,0.192777,-0.165657,0.0315505,-0.171442
92.4036,0.193506,-0.165329,0.0344411,-0.170134
92.4263,0.194192,-0.164354,0.0373186,-0.168787
92.449,0.194837,-0.164977,0.0401942,-0.167406
92.4717,0.195438,-0.164312,0.0430552,-0.165985
92.4943,0.195997,-0.163781,0.0459132,-0.164531
92.517,0.196513,-0.16326,0.0487554,-0.163038
92.5397,0.196986,-0.163062,0.0515933,-0.161513
92.5624,0.197416,-0.162537,0.0544142,-0.15995
92.585,0.197803,-0.161781,0.0572294,-0.158355
92.6077,0.198147,-0.161458,0.0600266,-0.156723
92.6304,0.198447,-0.160515,0.0628168,-0.155059
92.6531,0.198705,-0.159707,0.0655877,-0.15336
92.6757,0.198918,-0.159549,0.0683504,-0.151629
92.6984,0.199089,-0.158747,0.0710927,-0.149864
92.7211,0.199216,-0.157993,0.0738256,-0.148068
92.7438,0.199299,-0.15736,0.0765369,-0.146238
92.7664,0.199339,-0.156182,0.0792376,-0.144378
92.7891,0.199335,-0.155595,0.0819154,-0.142486
92.8118,0.199288,-0.15496,0.0845816,-0.140564
92.8345,0.199197,-0.153278,0.0872237,-0.13861
92.8571,0.199063,-0.152673,0.0898529,-0.136629
92.8798,0.198885,-0.1518,0.0924571,-0.134616
92.9025,0.198664,-0.150699,0.0950471,-0.132576
92.9252,0.1984,-0.149744,0.097611,-0.130505
92.9478,0.198092,-0.14851,0.10016,-0.128409
92.9705,0.197741,-0.147762,0.102681,-0.126283
92.9932,0.197347,-0.146324,0.105186,-0.124132
93.0159,0.19691,-0.145084,0.107662,-0.121952
93.0385,0.19643,-0.144119,0.110122,-0.119748
93.0612,0.195907,-0.143035,0.112551,-0.117517
93.0839,0.195342,-0.142271,0.114962,-0.115263
93.1066,0.194733,-0.140935,0.117343,-0.112981
93.1293,0.194083,-0.138861,0.119704,-0.110679
93.1519,0.193389,-0.137682,0.122034,-0.10835
93.1746,0.192654,-0.136654,0.124343,-0.106
93.1973,0.191877,-0.134808,0.126619,-0.103626
93.22,0.191058,-0.132854,0.128874,-0.101232
93.2426,0.190197,-0.13199,0.131095,-0.0988147
93.2653,0.189295,-0.130553,0.133294,-0.0963786
93.288,0.188351,-0.129175,0.135458,-0.0939199
93.3107,0.187367,-0.127773,0.137599,-0.0914437
93.3333,0.186341,-0.125737,0.139704,-0.088946
93.356,0.185275,-0.124169,0.141785,-0.086432
93.3787,0.184169,-0.122878,0.143829,-0.0838976
93.4014,0.183023,-0.121646,0.145848,-0.0813481
93.424,0.181836,-0.119605,0.14783,-0.0787792
93.4467,0.18061,-0.117768,0.149786,-0.0761964
93.4694,0.179345,-0.116211,0.151703,-0.0735954
93.4921,0.178041,-0.114609,0.153594,-0.0709816
93.5147,0.176697,-0.112322,0.155445,-0.0683509
93.5374,0.175316,-0.111151,0.157269,-0.0657085
93.5601,0.173896,-0.108706,0.159053,-0.0630503
93.5828,0.172438,-0.107714,0.160808,-0.0603817
93.6054,0.170943,-0.105562,0.162522,-0.0576985
93.6281,0.169411,-0.103318,0.164208,-0.055006
93.6508,0.167842,-0.102047,0.165852,-0.0523002
93.6735,0.166236,-0.0996844,0.167465,-0.0495862
93.6961,0.164594,-0.0973629,0.169037,-0.0468602
93.7188,0.162917,-0.0959979,0.170578,-0.0441272
93.7415,0.161204,-0.094022,0.172076,-0.0413834
93.7642,0.159456,-0.0914205,0.173543,-0.0386338
93.7868,0.157673,-0.0895227,0.174966,-0.0358747
93.8095,0.155856,-0.0877948,0.176357,-0.033111
93.8322,0.154005,-0.0857576,0.177705,-0.030339
93.8549,0.152121,-0.0836459,0.179019,-0.0275637
93.8776,0.150204,-0.081494,0.180289,-0.0247813
93.9002,0.148254,-0.0794148,0.181526,-0.0219969
93.9229,0.146272,-0.0771664,0.182718,-0.0192066
93.9456,0.144258,-0.0750737,0.183875,-0.0164154
93.9683,0.142213,-0.0729666,0.184987,-0.0136197
93.9909,0.140137,-0.0710121,0.186065,-0.0108243
94.0136,0.138031,-0.068809,0.187097,-0.00802568
94.0363,0.135895,-0.0664798,0.188093,-0.00522865
94.059,0.133729,-0.063851,0.189044,-0.00242952
94.0816,0.131534,-0.0619603,0.189959,0.000366722
94.1043,0.129311,-0.0598578,0.190827,0.00316384
94.127,0.12706,-0.0573967,0.191659,0.00595683
94.1497,0.124782,-0.0548487,0.192445,0.00874943
94.1723,0.122476,-0.0532619,0.193194,0.0115366
94.195,0.120144,-0.050883,0.193895,0.0143222
94.2177,0.117786,-0.0484703,0.19456,0.0171012
94.2404,0.115403,-0.0456792,0.195178,0.0198774
94.263,0.112995,-0.0433674,0.195758,0.0226457
94.2857,0.110562,-0.0412184,0.196291,0.0254098
94.3084,0.108105,-0.0389316,0.196786,0.028165
94.3311,0.105626,-0.0360614,0.197233,0.0309148
94.3537,0.103123,-0.03362,0.197643,0.0336545
94.3764,0.100598,-0.0316577,0.198004,0.0363874
94.3991,0.098052,-0.0289715,0.198328,0.039109
94.4218,0.0954845,-0.0261523,0.198604,0.0418228
94.4444,0.0928966,-0.0246115,0.198841,0.044524
94.4671,0.0902886,-0.0220363,0.199031,0.0472162
94.4898,0.0876614,-0.0194395,0.199182,0.0498945
94.5125,0.0850153,-0.0172349,0.199285,0.0525627
94.5351,0.082351,-0.0146034,0.199349,0.0552159
94.5578,0.0796691,-0.0119438,0.199365,0.0578578
94.5805,0.0769702,-0.00961159,0.199344,0.0604835
94.6032,0.0742549,-0.00762962,0.199273,0.0630967
94.6259,0.0715238,-0.00502206,0.199165,0.0656926
94.6485,0.0687774,-0.00252112,0.199008,0.0682747
94.6712,0.0660164,8.31355e-05,0.198813,0.0708385
94.6939,0.0632414,0.00230691,0.198569,0.0733875
94.7166,0.060453,0.00455228,0.198288,0.075917
94.7392,0.0576518,0.00747605,0.197958,0.0784304
94.7619,0.0548385,0.00989454,0.197591,0.0809233
94.7846,0.0520136,0.0121247,0.197175,0.0833991
94.8073,0.0491778,0.0146491,0.196722,0.0858532
94.8299,0.0463317,0.0170806,0.196221,0.0882892
94.8526,0.0434759,0.0198898,0.195682,0.0907024
94.8753,0.0406111,0.0222364,0.195096,0.0930964
94.898,0.0377379,0.0244431,0.194473,0.0954666
94.9206,0.0348569,0.0269414,0.193802,0.0978165
94.9433,0.0319688,0.0293973,0.193094,0.100142
94.966,0.0290741,0.0317984,0.192339,0.102445
94.9887,0.0261736,0.0344626,0.191547,0.104723
95.0113,0.0232679,0.0362183,0.190708,0.106979
95.034,0.0203576,0.0387282,0.189834,0.109208
95.0567,0.0174433,0.041915,0.188912,0.111413
95.0794,0.0145257,0.0437203,0.187955,0.113591
95.102,0.0116055,0.0466191,0.186952,0.115745
95.1247,0.00868328,0.0487578,0.185913,0.11787
95.1474,0.00575966,0.0511452,0.184829,0.119969
95.1701,0.00283531,0.0536019,0.18371,0.122039
95.1927,-8.91266e-05,0.0559023,0.182546,0.124083
95.2154,-0.00301301,0.058005,0.181347,0.126097
95.2381,-0.00593568,0.0602651,0.180103,0.128083
95.2608,-0.00885652,0.0627517,0.178826,0.130039
95.2834,-0.0117749,0.0654625,0.177504,0.131966
95.3061,-0.0146901,0.0673556,0.176149,0.133861
95.3288,-0.0176015,0.0696556,0.174751,0.135727
95.3515,-0.0205086,0.0720106,0.17332,0.137561
95.3741,-0.0234106,0.0746343,0.171846,0.139365
95.3968,-0.0263069,0.0765252,0.170339,0.141135
95.4195,-0.0291969,0.0789392,0.168791,0.142875
95.4422,-0.0320799,0.0807853,0.167211,0.144581
95.4649,-0.0349554,0.0832968,0.165589,0.146255
95.4875,-0.0378226,0.0851824,0.163937,0.147895
95.5102,-0.0406809,0.0872801,0.162244,0.149502
95.5329,-0.0435298,0.0898865,0.16052,0.151074
95.5556,-0.0463686,0.0921134,0.158757,0.152614
95.5782,-0.0491966,0.093837,0.156964,0.154116
95.6009,-0.0520133,0.0963404,0.155132,0.155586
95.6236,-0.054818,0.0982307,0.153272,0.157019
95.6463,-0.0576101,0.100663,0.151373,0.158418
95.6689,-0.060389,0.10217,0.149446,0.159779
95.6916,-0.0631542,0.104557,0.147482,0.161106
95.7143,-0.0659049,0.106245,0.14549,0.162394
95.737,-0.0686405,0.108333,0.143462,0.163648
95.7596,-0.0713606,0.110188,0.141408,0.164863
95.7823,-0.0740644,0.112427,0.139318,0.166043
95.805,-0.0767515,0.113996,0.137203,0.167183
95.8277,-0.0794211,0.116109,0.135053,0.168288
95.8503,-0.0820728,0.117777,0.132878,0.169353
95.873,-0.0847058,0.119949,0.13067,0.170381
95.8957,-0.0873198,0.121701,0.128438,0.171369
95.9184,-0.089914,0.122846,0.126174,0.172321
95.941,-0.092488,0.125293,0.123887,0.173232
95.9637,-0.0950411,0.127128,0.121568,0.174106
95.9864,-0.0975728,0.128576,0.119228,0.174939
96.0091,-0.100083,0.130465,0.116857,0.175734
96.0317,-0.10257,0.131917,0.114465,0.176488
96.0544,-0.105034,0.133771,0.112044,0.177205
96.0771,-0.107475,0.135476,0.109603,0.17788
96.0998,-0.109891,0.136955,0.107134,0.178517
96.1224,-0.112283,0.138367,0.104646,0.179112
96.1451,-0.114649,0.140392,0.10213,0.179669
96.1678,-0.11699,0.141589,0.0995976,0.180184
96.1905,-0.119305,0.143164,0.0970386,0.18066
96.2132,-0.121593,0.144539,0.0944631,0.181094
96.2358,-0.123854,0.145876,0.0918626,0.18149
96.2585,-0.126087,0.14743,0.0892467,0.181843
96.2812,-0.128292,0.148635,0.086607,0.182158
96.3039,-0.130468,0.150192,0.083953,0.18243
96.3265,-0.132615,0.151332,0.0812762,0.182663
96.3492,-0.134733,0.152402,0.0785865,0.182854
96.3719,-0.13682,0.153815,0.0758752,0.183006
96.3946,-0.138877,0.155305,0.0731519,0.183115
96.4172,-0.140903,0.156314,0.0704084,0.183185
96.4399,-0.142898,0.157399,0.0676541,0.183213
96.4626,-0.14486,0.158643,0.0648807,0.183202
96.4853,-0.146791,0.160039,0.0620978,0.183148
96.5079,-0.148689,0.160764,0.059297,0.183056
96.5306,-0.150553,0.161675,0.0564879,0.182921
96.5533,-0.152384,0.162848,0.0536621,0.182748
96.576,-0.154181,0.163757,0.0508293,0.182532
96.5986,-0.155944,0.164764,0.047981,0.182277
96.6213,-0.157673,0.165579,0.0451269,0.181981
96.644,-0.159366,0.166365,0.0422587,0.181645
96.6667,-0.161023,0.167492,0.0393858,0.181268
96.6893,-0.162645,0.168298,0.0365,0.180853
96.712,-0.164231,0.168959,0.0336109,0.180396
96.7347,-0.165781,0.169798,0.0307102,0.1799
96.7574,-0.167293,0.170032,0.0278073,0.179364
96.78,-0.168769,0.171054,0.0248942,0.178789
96.8027,-0.170207,0.171649,0.0219801,0.178174
96.8254,-0.171607,0.17214,0.0190572,0.17752
96.8481,-0.172969,0.172474,0.0161345,0.176827
96.8707,-0.174293,0.173104,0.0132042,0.176095
96.8934,-0.175578,0.173797,0.0102754,0.175324
96.9161,-0.176824,0.17396,0.00734032,0.174515
96.9388,-0.178031,0.17448,0.00440815,0.173667
96.9615,-0.179199,0.174916,0.00147083,0.172782
96.9841,-0.180327,0.175129,-0.00146231,0.171857
97.0068,-0.181415,0.175394,-0.00439921,0.170897
97.0295,-0.182463,0.175948,-0.0073307,0.169897
97.0522,-0.183471,0.176022,-0.0102647,0.168862
97.0748,-0.184438,0.17583,-0.0131919,0.167788
97.0975,-0.185364,0.176356,-0.0161204,0.166679
97.1202,-0.186249,0.176056,-0.0190409,0.165532
97.1429,-0.187093,0.176451,-0.0219613,0.164351
97.1655,-0.187896,0.176413,-0.0248724,0.163132
97.1882,-0.188657,0.176669,-0.0277822,0.161879
97.2109,-0.189376,0.176581,-0.0306814,0.160589
97.2336,-0.190054,0.176578,-0.033578,0.159266
97.2562,-0.190689,0.176609,-0.0364628,0.157907
97.2789,-0.191283,0.17632,-0.0393437,0.156515
97.3016,-0.191834,0.176071,-0.0422115,0.155087
97.3243,-0.192343,0.17588,-0.0450741,0.153627
97.3469,-0.19281,0.175529,-0.0479225,0.152132
97.3696,-0.193234,0.175326,-0.0507644,0.150606
97.3923,-0.193615,0.175312,-0.0535908,0.149046
97.415,-0.193954,0.174569,-0.0564095,0.147455
97.4376,-0.19425,0.174288,-0.0592114,0.14583
97.4603,-0.194503,0.17393,-0.0620044,0.144176
97.483,-0.194714,0.173208,-0.0647794,0.142489
97.5057,-0.194881,0.17308,-0.0675442,0.140772
97.5283,-0.195006,0.172574,-0.07029,0.139024
97.551,-0.195087,0.171598,-0.0730242,0.137248
97.5737,-0.195126,0.171243,-0.0757382,0.13544
97.5964,-0.195122,0.170745,-0.0784394,0.133605
97.619,-0.195075,0.16987,-0.0811193,0.13174
97.6417,-0.194984,0.169106,-0.0837853,0.129848
97.6644,-0.194852,0.168227,-0.0864286,0.127927
97.6871,-0.194676,0.16763,-0.089057,0.12598
97.7098,-0.194457,0.166938,-0.0916615,0.124005
97.7324,-0.194196,0.166006,-0.0942499,0.122004
97.7551,-0.193892,0.16479,-0.0968134,0.119977
97.7778,-0.193545,0.164142,-0.0993596,0.117925
97.8005,-0.193156,0.1633,-0.10188,0.115846
97.8231,-0.192725,0.162248,-0.104381,0.113745
97.8458,-0.192251,0.161279,-0.106856,0.111618
97.8685,-0.191736,0.160208,-0.109311,0.109469
97.8912,-0.191178,0.159066,-0.111738,0.107295
97.9138,-0.190578,0.157763,-0.114144,0.105101
97.9365,-0.189936,0.156826,-0.116522,0.102882
97.9592,-0.189253,0.155446,-0.118877,0.100644
97.9819,-0.188528,0.154239,-0.121202,0.0983832
98.0045,-0.187763,0.153008,-0.123505,0.0961033
98.0272,-0.186956,0.151717,-0.125776,0.0938019
98.0499,-0.186108,0.150528,-0.128024,0.0914823
98.0726,-0.185219,0.14914,-0.130239,0.0891425
98.0952,-0.18429,0.14756,-0.13243,0.0867856
98.1179,-0.18332,0.146379,-0.134587,0.0844094
98.1406,-0.182311,0.144646,-0.136719,0.0820172
98.1633,-0.181262,0.143151,-0.138817,0.079607
98.1859,-0.180173,0.141713,-0.140888,0.0771817
98.2086,-0.179044,0.140151,-0.142924,0.0747394
98.2313,-0.177877,0.138789,-0.144932,0.0722834
98.254,-0.176671,0.137076,-0.146905,0.0698114
98.2766,-0.175426,0.13527,-0.148849,0.0673266
98.2993,-0.174143,0.133872,-0.150757,0.0648271
98.322,-0.172822,0.132103,-0.152635,0.062316
98.3447,-0.171464,0.130329,-0.154476,0.0597913
98.3673,-0.170068,0.128742,-0.156287,0.0572561
98.39,-0.168635,0.126827,-0.158059,0.0547084
98.4127,-0.167165,0.12522,-0.159801,0.0521514
98.4354,-0.16566,0.123292,-0.161503,0.0495831
98.458,-0.164118,0.121234,-0.163174,0.0470066
98.4807,-0.16254,0.119409,-0.164805,0.04442
98.5034,-0.160927,0.117538,-0.166404,0.0418263
98.5261,-0.159279,0.115821,-0.167962,0.0392237
98.5488,-0.157597,0.11391,-0.169487,0.0366152
98.5714,-0.15588,0.111956,-0.170971,0.033999
98.5941,-0.15413,0.109949,-0.172422,0.031378
98.6168,-0.152346,0.107767,-0.17383,0.0287505
98.6395,-0.150529,0.105598,-0.175204,0.0261194
98.6621,-0.14868,0.103671,-0.176536,0.023483
98.6848,-0.146799,0.101529,-0.177833,0.0208441
98.7075,-0.144885,0.0993813,-0.179087,0.0182012
98.7302,-0.142941,0.0972805,-0.180305,0.015557
98.7528,-0.140965,0.095234,-0.18148,0.0129098
98.7755,-0.13896,0.0929794,-0.182619,0.0102626
98.7982,-0.136924,0.0906804,-0.183714,0.00761366
98.8209,-0.134859,0.0884455,-0.184772,0.00496584
98.8435,-0.132764,0.086294,-0.185786,0.00231742
98.8662,-0.130641,0.0841002,-0.186763,-0.000328676
98.8889,-0.128491,0.0816589,-0.187695,-0.00297412
98.9116,-0.126312,0.0794344,-0.18859,-0.00561609
98.9342,-0.124106,0.077225,-0.189439,-0.00825627
98.9569,-0.121874,0.0749488,-0.190251,-0.0108918
98.9796,-0.119616,0.0724468,-0.191017,-0.0135243
99.0023,-0.117332,0.0700298,-0.191744,-0.0161509
99.0249,-0.115023,0.067658,-0.192426,-0.0187735
99.0476,-0.112689,0.0653369,-0.19307,-0.021389
99.0703,-0.110331,0.062867,-0.193667,-0.0239992
99.093,-0.10795,0.060545,-0.194226,-0.0266012
99.1156,-0.105546,0.0580207,-0.194738,-0.0291967
99.1383,-0.103119,0.0556412,-0.195211,-0.0317829
99.161,-0.100671,0.0530326,-0.195638,-0.0343615
99.1837,-0.0982009,0.0505985,-0.196025,-0.0369296
99.2063,-0.0957102,0.0482668,-0.196366,-0.0394889
99.229,-0.0931993,0.0456933,-0.196667,-0.0420367
99.2517,-0.0906687,0.0431768,-0.196921,-0.0445745
99.2744,-0.088119,0.0407277,-0.197136,-0.0470996
99.2971,-0.0855508,0.0380972,-0.197304,-0.0496136
99.3197,-0.0829646,0.0356244,-0.197432,-0.0521139
99.3424,-0.080361,0.033104,-0.197514,-0.0546019
99.3651,-0.0777406,0.0305904,-0.197555,-0.0570751
99.3878,-0.075104,0.0279213,-0.19755,-0.059535
99.4104,-0.0724517,0.0253721,-0.197505,-0.0619789
99.4331,-0.0697844,0.0228207,-0.197413,-0.0644084
99.4558,-0.0671027,0.0203474,-0.197281,-0.0668209
99.4785,-0.0644071,0.0176545,-0.197103,-0.069218
99.5011,-0.0616983,0.0151047,-0.196885,-0.071597
99.5238,-0.0589769,0.0127179,-0.19662,-0.0739594
99.5465,-0.0562434,0.00993531,-0.196316,-0.0763028
99.5692,-0.0534985,0.00721431,-0.195965,-0.0786286
99.5918,-0.0507428,0.00473688,-0.195574,-0.0809343
99.6145,-0.0479769,0.00216264,-0.195138,-0.0832214
99.6372,-0.0452014,-0.000709669,-0.194662,-0.0854874
99.6599,-0.042417,-0.00308648,-0.19414,-0.0877338
99.6825,-0.0396242,-0.00565098,-0.193578,-0.0899581
99.7052,-0.0368237,-0.00821497,-0.192972,-0.0921618
99.7279,-0.0340162,-0.0109259,-0.192326,-0.0943426
99.7506,-0.0312021,-0.0135718,-0.191634,-0.0965017
99.7732,-0.0283822,-0.0160536,-0.190904,-0.098637
99.7959,-0.0255571,-0.0186983,-0.190129,-0.10075
99.8186,-0.0227274,-0.0213543,-0.189316,-0.102838
99.8413,-0.0198937,-0.0238726,-0.188458,-0.104902
99.8639,-0.0170567,-0.0264774,-0.187562,-0.106941
99.8866,-0.014217,-0.0291255,-0.186621,-0.108955
99.9093,-0.0113752,-0.0317315,-0.185643,-0.110943
99.932,-0.00853199,-0.0341834,-0.184621,-0.112905
99.9546,-0.00568796,-0.0368308,-0.183563,-0.11484
99.9773,-0.00284376,-0.0394156,-0.18246,-0.116749
100,9.90717e-16,-0.0419818,-0.181321,-0.11863
100.023,0.00284267,-0.044518,-0.180139,-0.120484
100.045,0.00568364,-0.0470539,-0.178921,-0.122309
100.068,0.00852226,-0.0494424,-0.177661,-0.124106
100.091,0.0113579,-0.0519956,-0.176365,-0.125873
100.113,0.01419,-0.0545611,-0.175027,-0.127612
100.136,0.0170178,-0.0572262,-0.173654,-0.12932
100.159,0.0198408,-0.0594599,-0.17224,-0.131
100.181,0.0226583,-0.0620498,-0.170792,-0.132647
100.204,0.0254697,-0.0644786,-0.169303,-0.134265
100.227,0.0282744,-0.0669611,-0.167781,-0.135851
100.249,0.0310718,-0.0692401,-0.166218,-0.137407
100.272,0.0338612,-0.0717876,-0.164623,-0.138929
100.295,0.036642,-0.0743298,-0.162988,-0.140421
100.317,0.0394137,-0.0767136,-0.161321,-0.141879
100.34,0.0421756,-0.0790387,-0.159616,-0.143306
100.363,0.044927,-0.0814359,-0.157879,-0.144698
100.385,0.0476675,-0.0838352,-0.156104,-0.146058
100.408,0.0503963,-0.0860443,-0.154299,-0.147384
100.431,0.0531129,-0.0883713,-0.152457,-0.148677
100.454,0.0558167,-0.090781,-0.150584,-0.149934
100.476,0.0585071,-0.093013,-0.148676,-0.151158
100.499,0.0611835,-0.0952281,-0.146739,-0.152347
100.522,0.0638453,-0.097592,-0.144766,-0.153502
100.544,0.0664919,-0.0996707,-0.142765,-0.154621
100.567,0.0691228,-0.101884,-0.14073,-0.155705
100.59,0.0717373,-0.104029,-0.138668,-0.156753
100.612,0.074335,-0.106271,-0.136572,-0.157765
100.635,0.0769151,-0.108444,-0.134449,-0.158741
100.658,0.0794772,-0.110497,-0.132295,-0.159682
100.68,0.0820207,-0.112746,-0.130114,-0.160586
100.703,0.0845451,-0.114785,-0.127903,-0.161454
100.726,0.0870497,-0.116707,-0.125666,-0.162284
100.748,0.0895341,-0.118728,-0.1234,-0.163078
100.771,0.0919976,-0.120801,-0.121109,-0.163835
100.794,0.0944398,-0.122801,-0.118789,-0.164555
100.816,0.0968602,-0.124743,-0.116447,-0.165237
100.839,0.0992581,-0.126678,-0.114076,-0.165882
100.862,0.101633,-0.128639,-0.111684,-0.166489
100.884,0.103985,-0.130537,-0.109264,-0.167059
100.907,0.106312,-0.132298,-0.106824,-0.167591
100.93,0.108615,-0.134172,-0.104358,-0.168085
100.952,0.110893,-0.135954,-0.101872,-0.168541
100.975,0.113146,-0.137679,-0.0993615,-0.16896
100.998,0.115373,-0.139439,-0.0968323,-0.169339
101.02,0.117573,-0.141221,-0.0942793,-0.169682
101.043,0.119746,-0.14285,-0.0917088,-0.169985
101.066,0.121892,-0.14443,-0.0891158,-0.170251
101.088,0.12401,-0.146208,-0.0865064,-0.170478
101.111,0.1261,-0.147819,-0.0838756,-0.170667
101.134,0.128161,-0.149334,-0.0812297,-0.170818
101.156,0.130193,-0.150855,-0.0785635,-0.17093
101.179,0.132195,-0.152295,-0.0758833,-0.171004
101.202,0.134167,-0.153827,-0.073184,-0.17104
101.224,0.136108,-0.155234,-0.0704719,-0.171037
101.247,0.138019,-0.15667,-0.067742,-0.170997
101.27,0.139898,-0.158091,-0.0650004,-0.170918
101.293,0.141746,-0.159372,-0.0622423,-0.170801
101.315,0.143561,-0.160759,-0.0594736,-0.170645
101.338,0.145344,-0.161902,-0.0566897,-0.170452
101.361,0.147093,-0.163283,-0.0538965,-0.170221
101.383,0.14881,-0.164429,-0.0510891,-0.169952
101.406,0.150493,-0.165633,-0.0482738,-0.169644
101.429,0.152142,-0.166787,-0.0454456,-0.1693
101.451,0.153756,-0.167919,-0.0426106,-0.168917
101.474,0.155336,-0.168856,-0.039764,-0.168497
101.497,0.156881,-0.169954,-0.0369119,-0.16804
101.519,0.15839,-0.171033,-0.0340494,-0.167546
101.542,0.159864,-0.171984,-0.0311827,-0.167014
101.565,0.161301,-0.172889,-0.0283069,-0.166445
101.587,0.162702,-0.173827,-0.0254281,-0.165839
101.61,0.164067,-0.174684,-0.0225416,-0.165198
101.633,0.165395,-0.175518,-0.0196532,-0.164519
101.655,0.166685,-0.176245,-0.0167585,-0.163804
101.678,0.167938,-0.177058,-0.0138631,-0.163053
101.701,0.169153,-0.177765,-0.0109627,-0.162266
101.723,0.170331,-0.178446,-0.00806294,-0.161443
101.746,0.17147,-0.179103,-0.00515931,-0.160585
101.769,0.172571,-0.179655,-0.00225771,-0.159691
101.791,0.173633,-0.180221,0.000646435,-0.158763
101.814,0.174656,-0.180783,0.00354733,-0.157799
101.837,0.175639,-0.181244,0.00644951,-0.156801
101.859,0.176584,-0.18166,0.00934713,-0.155769
101.882,0.177489,-0.182111,0.0122447,-0.154702
101.905,0.178355,-0.182519,0.0151366,-0.153602
101.927,0.17918,-0.182847,0.018027,-0.152468
101.95,0.179965,-0.183206,0.0209105,-0.151301
101.973,0.180711,-0.183337,0.0237913,-0.150101
101.995,0.181416,-0.183601,0.0266638,-0.148868
102.018,0.18208,-0.183861,0.0295325,-0.147603
102.041,0.182704,-0.183951,0.0323915,-0.146306
102.063,0.183287,-0.184052,0.0352454,-0.144977
102.086,0.183829,-0.184211,0.0380885,-0.143616
102.109,0.18433,-0.184171,0.0409252,-0.142225
102.132,0.184791,-0.184143,0.0437498,-0.140802
102.154,0.18521,-0.18419,0.0465667,-0.139349
102.177,0.185588,-0.184055,0.0493704,-0.137866
102.2,0.185924,-0.183939,0.0521651,-0.136354
102.222,0.186219,-0.183788,0.0549453,-0.134812
102.245,0.186473,-0.183528,0.0577154,-0.133241
102.268,0.186686,-0.183381,0.0604697,-0.131641
102.29,0.186857,-0.183074,0.0632126,-0.130013
102.313,0.186986,-0.182655,0.0659386,-0.128357
102.336,0.187074,-0.182422,0.068652,-0.126674
102.358,0.187121,-0.182008,0.0713474,-0.124964
102.381,0.187126,-0.181592,0.0740288,-0.123227
102.404,0.18709,-0.181087,0.0766911,-0.121464
102.426,0.187012,-0.180602,0.0793383,-0.119675
102.449,0.186893,-0.180063,0.0819651,-0.11786
102.472,0.186733,-0.179463,0.0845757,-0.116021
102.494,0.186531,-0.178826,0.0871649,-0.114157
102.517,0.186288,-0.178249,0.0897366,-0.112269
102.54,0.186004,-0.177534,0.0922857,-0.110357
102.562,0.185678,-0.176739,0.0948163,-0.108422
102.585,0.185312,-0.175962,0.0973232,-0.106464
102.608,0.184905,-0.175207,0.0998104,-0.104484
102.63,0.184457,-0.174299,0.102273,-0.102482
102.653,0.183969,-0.173459,0.104714,-0.100459
102.676,0.18344,-0.172558,0.10713,-0.0984147
102.698,0.182871,-0.171598,0.109524,-0.0963503
102.721,0.182261,-0.170585,0.111891,-0.0942656
102.744,0.181611,-0.169621,0.114236,-0.0921617
102.766,0.180921,-0.168526,0.116552,-0.0900384
102.789,0.180192,-0.167418,0.118844,-0.0878971
102.812,0.179423,-0.166304,0.121108,-0.0857373
102.834,0.178615,-0.165114,0.123346,-0.0835605
102.857,0.177767,-0.163922,0.125555,-0.0813663
102.88,0.176881,-0.162603,0.127738,-0.079156
102.902,0.175955,-0.161352,0.12989,-0.0769293
102.925,0.174991,-0.160066,0.132015,-0.0746876
102.948,0.173989,-0.158729,0.134108,-0.0724305
102.971,0.172949,-0.157337,0.136174,-0.0701594
102.993,0.171871,-0.155944,0.138206,-0.067874
103.016,0.170756,-0.154516,0.14021,-0.0655756
103.039,0.169603,-0.152985,0.142181,-0.063264
103.061,0.168413,-0.151511,0.144122,-0.0609405
103.084,0.167186,-0.149985,0.146029,-0.0586048
103.107,0.165923,-0.148421,0.147905,-0.0562582
103.129,0.164624,-0.146801,0.149746,-0.0539006
103.152,0.163289,-0.145165,0.151556,-0.0515331
103.175,0.161918,-0.14352,0.15333,-0.0491556
103.197,0.160513,-0.141795,0.155071,-0.0467694
103.22,0.159072,-0.140084,0.156777,-0.0443744
103.243,0.157597,-0.138316,0.158449,-0.0419716
103.265,0.156087,-0.136538,0.160084,-0.0395611
103.288,0.154544,-0.134745,0.161685,-0.0371441
103.311,0.152967,-0.132877,0.163248,-0.0347203
103.333,0.151358,-0.131004,0.164777,-0.0322911
103.356,0.149715,-0.129093,0.166267,-0.0298563
103.379,0.14804,-0.127142,0.167722,-0.0274171
103.401,0.146333,-0.125172,0.169138,-0.0249735
103.424,0.144595,-0.123238,0.170519,-0.0225265
103.447,0.142825,-0.121209,0.171859,-0.0200763
103.469,0.141025,-0.119153,0.173163,-0.0176239
103.492,0.139195,-0.117124,0.174427,-0.0151693
103.515,0.137334,-0.115008,0.175654,-0.0127136
103.537,0.135444,-0.112883,0.17684,-0.0102567
103.56,0.133525,-0.11077,0.177988,-0.00779995
103.583,0.131577,-0.108579,0.179095,-0.00534318
103.605,0.129601,-0.106402,0.180165,-0.00288753
103.628,0.127598,-0.104222,0.181192,-0.000433023
103.651,0.125567,-0.101957,0.182181,0.0020193
103.673,0.123509,-0.0997294,0.183128,0.00446933
103.696,0.121425,-0.0974308,0.184036,0.00691608
103.719,0.119316,-0.0951363,0.184901,0.00935947
103.741,0.11718,-0.0928376,0.185727,0.0117985
103.764,0.11502,-0.0904712,0.18651,0.014233
103.787,0.112836,-0.0881302,0.187254,0.0166621
103.81,0.110628,-0.0857618,0.187954,0.0190855
103.832,0.108396,-0.0833464,0.188615,0.0215025
103.855,0.106142,-0.0809416,0.189232,0.0239128
103.878,0.103865,-0.0784888,0.189809,0.0263154
103.9,0.101567,-0.0760653,0.190342,0.0287104
103.923,0.099247,-0.0736062,0.190834,0.0310966
103.946,0.0969064,-0.0710977,0.191283,0.0334741
103.968,0.0945455,-0.0686137,0.191691,0.0358418
103.991,0.092165,-0.0660915,0.192055,0.0381996
104.014,0.0897653,-0.0635818,0.192378,0.0405467
104.036,0.087347,-0.0610428,0.192657,0.0428828
104.059,0.0849107,-0.0584832,0.192895,0.0452072
104.082,0.0824568,-0.0558945,0.193089,0.0475196
104.104,0.079986,-0.0533171,0.193242,0.0498191
104.127,0.0774987,-0.050716,0.19335,0.0521057
104.15,0.0749957,-0.0481337,0.193418,0.0543784
104.172,0.0724774,-0.0454968,0.193441,0.0566371
104.195,0.0699444,-0.0428515,0.193422,0.058881
104.218,0.0673973,-0.0402505,0.19336,0.0611099
104.24,0.0648366,-0.0375858,0.193257,0.063323
104.263,0.0622629,-0.0349308,0.193109,0.0655201
104.286,0.0596769,-0.032269,0.19292,0.0677004
104.308,0.0570791,-0.0295876,0.192687,0.0698639
104.331,0.05447,-0.0269316,0.192413,0.0720095
104.354,0.0518503,-0.0242451,0.192096,0.0741373
104.376,0.0492206,-0.0215505,0.191737,0.0762464
104.399,0.0465814,-0.0188541,0.191335,0.0783367
104.422,0.0439334,-0.0161579,0.190892,0.0804074
104.444,0.0412771,-0.0134328,0.190405,0.0824584
104.467,0.0386132,-0.010746,0.189878,0.084489
104.49,0.0359422,-0.00802267,0.189308,0.0864989
104.512,0.0332647,-0.00531183,0.188697,0.0884875
104.535,0.0305814,-0.00259173,0.188044,0.0904546
104.558,0.0278928,0.000125729,0.187351,0.0923995
104.58,0.0251995,0.00283692,0.186614,0.0943221
104.603,0.0225022,0.00556988,0.185839,0.0962216
104.626,0.0198014,0.00827874,0.185021,0.098098
104.649,0.0170978,0.0109875,0.184164,0.0999505
104.671,0.014392,0.0137174,0.183265,0.101779
104.694,0.0116845,0.0164321,0.182327,0.103583
104.717,0.00897596,0.0191471,0.181347,0.105362
104.739,0.00626701,0.0218617,0.18033,0.107116
104.762,0.00355825,0.0245595,0.179271,0.108844
104.785,0.000850267,0.0272662,0.178174,0.110546
104.807,-0.00185633,0.0299551,0.177037,0.112222
104.83,-0.00456093,0.032642,0.175863,0.113871
104.853,-0.00726294,0.0353217,0.174648,0.115494
104.875,-0.00996176,0.0380163,0.173397,0.117088
104.898,-0.0126568,0.0406843,0.172106,0.118655
104.921,-0.0153474,0.0433383,0.170779,0.120194
104.943,-0.018033,0.045997,0.169413,0.121704
104.966,-0.0207131,0.0486475,0.168011,0.123186
104.989,-0.0233869,0.051282,0.166571,0.124638
105.011,-0.026054,0.0539031,0.165096,0.126062
105.034,-0.0287137,0.0565219,0.163584,0.127455
105.057,-0.0313655,0.0591227,0.162037,0.128819
105.079,-0.0340087,0.0617155,0.160454,0.130153
105.102,-0.0366427,0.0643008,0.158837,0.131456
105.125,-0.0392671,0.0668679,0.157183,0.132728
105.147,-0.0418811,0.0694261,0.155497,0.133969
105.17,-0.0444843,0.0719648,0.153776,0.135179
105.193,-0.047076,0.0744927,0.152022,0.136358
105.215,-0.0496557,0.0770074,0.150234,0.137505
105.238,-0.0522228,0.0795064,0.148415,0.138619
105.261,-0.0547768,0.0819788,0.146561,0.139702
105.283,-0.057317,0.0844476,0.144678,0.140752
105.306,-0.059843,0.0868974,0.142761,0.14177
105.329,-0.0623541,0.0893202,0.140815,0.142754
105.351,-0.0648498,0.0917299,0.138836,0.143706
105.374,-0.0673296,0.0941262,0.136829,0.144624
105.397,-0.0697929,0.0964988,0.134791,0.145509
105.42,-0.0722392,0.0988534,0.132725,0.146361
105.442,-0.0746679,0.101189,0.130629,0.147179
105.465,-0.0770785,0.103502,0.128505,0.147963
105.488,-0.0794705,0.105792,0.126353,0.148712
105.51,-0.0818434,0.108066,0.124174,0.149428
105.533,-0.0841966,0.110311,0.121968,0.150109
105.556,-0.0865296,0.112537,0.119736,0.150756
105.578,-0.0888419,0.114741,0.117477,0.151369
105.601,-0.0911331,0.116922,0.115194,0.151947
105.624,-0.0934025,0.119076,0.112885,0.15249
105.646,-0.0956498,0.121207,0.110553,0.152998
105.669,-0.0978744,0.123312,0.108196,0.153471
105.692,-0.100076,0.125396,0.105816,0.153909
105.714,-0.102254,0.127449,0.103413,0.154313
105.737,-0.104407,0.129478,0.100989,0.154681
105.76,-0.106536,0.131479,0.0985414,0.155014
105.782,-0.10864,0.133456,0.0960743,0.155311
105.805,-0.110719,0.135402,0.0935853,0.155574
105.828,-0.112772,0.137322,0.0910776,0.155801
105.85,-0.114798,0.139213,0.0885492,0.155993
105.873,-0.116797,0.141076,0.0860031,0.156149
105.896,-0.118769,0.142908,0.0834375,0.15627
105.918,-0.120714,0.144712,0.0808553,0.156356
105.941,-0.12263,0.146485,0.0782547,0.156407
105.964,-0.124518,0.148228,0.0756388,0.156422
105.986,-0.126377,0.14994,0.0730056,0.156402
106.009,-0.128207,0.151622,0.0703582,0.156347
106.032,-0.130007,0.153271,0.0676948,0.156256
106.054,-0.131777,0.15489,0.0650183,0.156131
106.077,-0.133516,0.156474,0.062327,0.15597
106.1,-0.135224,0.158029,0.0596238,0.155775
106.122,-0.136902,0.159547,0.056907,0.155544
106.145,-0.138548,0.161036,0.0541796,0.155279
106.168,-0.140162,0.162488,0.0514397,0.154979
106.19,-0.141743,0.163909,0.0486904,0.154644
106.213,-0.143292,0.165293,0.0459299,0.154275
106.236,-0.144808,0.166646,0.0431613,0.153871
106.259,-0.146291,0.167961,0.0403826,0.153433
106.281,-0.147741,0.169243,0.037597,0.152961
106.304,-0.149156,0.170488,0.0348026,0.152455
106.327,-0.150538,0.1717,0.0320025,0.151915
106.349,-0.151885,0.172872,0.029195,0.151341
106.372,-0.153197,0.174012,0.0263829,0.150733
106.395,-0.154474,0.175113,0.0235647,0.150093
106.417,-0.155716,0.176179,0.0207431,0.149419
106.44,-0.156923,0.177206,0.0179167,0.148712
106.463,-0.158094,0.178199,0.0150882,0.147972
106.485,-0.159228,0.179152,0.012256,0.147199
106.508,-0.160327,0.18007,0.00942309,0.146394
106.531,-0.161389,0.180947,0.00658774,0.145557
106.553,-0.162415,0.181789,0.00375286,0.144688
106.576,-0.163403,0.182591,0.000916867,0.143787
106.599,-0.164355,0.183356,-0.00191743,0.142854
106.621,-0.165269,0.184081,-0.00475159,0.14189
106.644,-0.166146,0.18477,-0.00758278,0.140895
106.667,-0.166986,0.185417,-0.0104126,0.139869
106.689,-0.167787,0.186028,-0.0132382,0.138813
106.712,-0.168551,0.186597,-0.0160611,0.137726
106.735,-0.169276,0.187129,-0.0188786,0.13661
106.757,-0.169964,0.18762,-0.0216921,0.135463
106.78,-0.170613,0.188074,-0.024499,0.134287
106.803,-0.171223,0.188485,-0.0273007,0.133082
106.825,-0.171795,0.18886,-0.0300945,0.131849
106.848,-0.172328,0.189191,-0.0328819,0.130586
106.871,-0.172823,0.189486,-0.0356601,0.129296
106.893,-0.173279,0.189739,-0.0384307,0.127977
106.916,-0.173695,0.189954,-0.0411909,0.126631
106.939,-0.174073,0.190126,-0.0439423,0.125258
106.961,-0.174412,0.190261,-0.046682,0.123857
106.984,-0.174711,0.190353,-0.0494116,0.122431
107.007,-0.174972,0.190407,-0.0521285,0.120978
107.029,-0.175193,0.190419,-0.0548341,0.119499
107.052,-0.175375,0.190393,-0.0575257,0.117994
107.075,-0.175518,0.190324,-0.0602048,0.116465
107.098,-0.175622,0.190218,-0.0628688,0.11491
107.12,-0.175686,0.190069,-0.065519,0.113331
107.143,-0.175711,0.189882,-0.068153,0.111729
107.166,-0.175697,0.189653,-0.0707721,0.110102
107.188,-0.175644,0.189386,-0.0733737,0.108453
107.211,-0.175551,0.189076,-0.0759593,0.10678
107.234,-0.17542,0.188729,-0.0785264,0.105085
107.256,-0.175249,0.188339,-0.0810762,0.103368
107.279,-0.17504,0.187912,-0.0836065,0.10163
107.302,-0.174792,0.187443,-0.0861183,0.0998698
107.324,-0.174505,0.186936,-0.0886094,0.0980892
107.347,-0.174179,0.186388,-0.091081,0.0962882
107.37,-0.173814,0.185802,-0.0935308,0.0944673
107.392,-0.173411,0.185174,-0.0959601,0.0926269
107.415,-0.17297,0.18451,-0.0983665,0.0907674
107.438,-0.17249,0.183804,-0.100751,0.0888893
107.46,-0.171972,0.183061,-0.103112,0.086993
107.483,-0.171416,0.182277,-0.10545,0.085079
107.506,-0.170823,0.181457,-0.107764,0.0831476
107.528,-0.170191,0.180596,-0.110053,0.0811995
107.551,-0.169523,0.179699,-0.112317,0.079235
107.574,-0.168816,0.178761,-0.114556,0.0772545
107.596,-0.168073,0.177787,-0.116768,0.0752586
107.619,-0.167293,0.176773,-0.118954,0.0732478
107.642,-0.166475,0.175725,-0.121112,0.0712224
107.664,-0.165622,0.174636,-0.123244,0.069183
107.687,-0.164732,0.173512,-0.125347,0.0671301
107.71,-0.163805,0.172349,-0.127422,0.0650641
107.732,-0.162843,0.171152,-0.129468,0.0629854
107.755,-0.161845,0.169915,-0.131485,0.0608947
107.778,-0.160812,0.168646,-0.133472,0.0587923
107.8,-0.159744,0.167337,-0.135429,0.0566788
107.823,-0.158641,0.165995,-0.137355,0.0545547
107.846,-0.157503,0.164616,-0.139251,0.0524204
107.868,-0.156331,0.163203,-0.141114,0.0502764
107.891,-0.155125,0.161753,-0.142946,0.0481233
107.914,-0.153885,0.160272,-0.144746,0.0459615
107.937,-0.152611,0.158753,-0.146513,0.0437916
107.959,-0.151305,0.157203,-0.148247,0.041614
107.982,-0.149965,0.155617,-0.149948,0.0394292
108.005,-0.148593,0.154,-0.151614,0.0372378
108.027,-0.147189,0.152347,-0.153248,0.0350402
108.05,-0.145753,0.150665,-0.154846,0.032837
108.073,-0.144286,0.148947,-0.156409,0.0306286
108.095,-0.142787,0.1472,-0.157937,0.0284156
108.118,-0.141258,0.145419,-0.159431,0.0261985
108.141,-0.139698,0.143609,-0.160887,0.0239777
108.163,-0.138108,0.141766,-0.162309,0.0217539
108.186,-0.136489,0.139895,-0.163693,0.0195274
108.209,-0.13484,0.137991,-0.165041,0.0172989
108.231,-0.133162,0.13606,-0.166351,0.0150687
108.254,-0.131456,0.134097,-0.167625,0.0128375
108.277,-0.129721,0.132109,-0.168861,0.0106057
108.299,-0.127959,0.130088,-0.170059,0.00837383
108.322,-0.12617,0.128043,-0.171219,0.00614245
108.345,-0.124354,0.125967,-0.172341,0.00391199
108.367,-0.122511,0.123867,-0.173424,0.00168299
108.39,-0.120643,0.121737,-0.174469,-0.000544053
108.413,-0.118748,0.119584,-0.175474,-0.0027686
108.435,-0.116829,0.117402,-0.17644,-0.00499021
108.458,-0.114885,0.115197,-0.177367,-0.00720834
108.481,-0.112917,0.112965,-0.178254,-0.00942249
108.503,-0.110925,0.110711,-0.179101,-0.0116322
108.526,-0.10891,0.10843,-0.179909,-0.0138369
108.549,-0.106872,0.106128,-0.180676,-0.0160361
108.571,-0.104811,0.103801,-0.181403,-0.0182294
108.594,-0.102729,0.101454,-0.182089,-0.0204162
108.617,-0.100626,0.0990815,-0.182735,-0.0225961
108.639,-0.0985009,0.0966907,-0.18334,-0.0247686
108.662,-0.096356,0.0942759,-0.183905,-0.0269331
108.685,-0.0941911,0.0918434,-0.184428,-0.0290892
108.707,-0.0920068,0.0893879,-0.18491,-0.0312365
108.73,-0.0898036,0.0869159,-0.185351,-0.0333744
108.753,-0.087582,0.0844218,-0.185751,-0.0355024
108.776,-0.0853425,0.0819122,-0.18611,-0.0376201
108.798,-0.0830856,0.0793816,-0.186427,-0.0397271
108.821,-0.0808119,0.0768365,-0.186702,-0.0418228
108.844,-0.0785218,0.0742716,-0.186937,-0.0439067
108.866,-0.076216,0.0716933,-0.187129,-0.0459785
108.889,-0.0738949,0.0690961,-0.187281,-0.0480377
108.912,-0.071559,0.0664866,-0.18739,-0.0500837
108.934,-0.0692089,0.0638594,-0.187458,-0.0521162
108.957,-0.0668451,0.061221,-0.187484,-0.0541347
108.98,-0.0644683,0.058566,-0.187469,-0.0561388
109.002,-0.0620788,0.0559009,-0.187412,-0.058128
109.025,-0.0596773,0.0532203,-0.187314,-0.0601019
109.048,-0.0572643,0.0505306,-0.187174,-0.06206
109.07,-0.0548404,0.0478267,-0.186993,-0.0640019
109.093,-0.0524061,0.0451149,-0.18677,-0.0659273
109.116,-0.0499619,0.0423899,-0.186506,-0.0678356
109.138,-0.0475085,0.0396583,-0.186201,-0.0697264
109.161,-0.0450464,0.0369145,-0.185854,-0.0715994
109.184,-0.0425761,0.0341652,-0.185467,-0.0734542
109.206,-0.0400982,0.031405,-0.185038,-0.0752902
109.229,-0.0376132,0.0286404,-0.184568,-0.0771073
109.252,-0.0351218,0.0258661,-0.184058,-0.0789048
109.274,-0.0326245,0.0230887,-0.183507,-0.0806825
109.297,-0.0301218,0.0203026,-0.182916,-0.08244
109.32,-0.0276144,0.0175145,-0.182283,-0.0841769
109.342,-0.0251028,0.014719,-0.181611,-0.0858927
109.365,-0.0225875,0.0119227,-0.180899,-0.0875873
109.388,-0.0200691,0.00912022,-0.180147,-0.0892601
109.41,-0.0175483,0.00631807,-0.179355,-0.0909108
109.433,-0.0150255,0.00351091,-0.178524,-0.0925392
109.456,-0.0125013,0.000705257,-0.177653,-0.0941447
109.478,-0.00997637,-0.0021042,-0.176744,-0.0957271
109.501,-0.00745118,-0.00491094,-0.175795,-0.0972861
109.524,-0.00492633,-0.00772029,-0.174808,-0.0988213
109.546,-0.00240239,-0.0105257,-0.173782,-0.100332
109.569,0.000120094,-0.0133326,-0.172718,-0.101819
109.592,0.00264053,-0.0161344,-0.171615,-0.103281
109.615,0.00515837,-0.0189364,-0.170476,-0.104718
109.637,0.00767305,-0.0217321,-0.169299,-0.106129
109.66,0.010184,-0.0245269,-0.168085,-0.107515
109.683,0.0126906,-0.0273142,-0.166833,-0.108875
109.705,0.0151924,-0.0300993,-0.165546,-0.110209
109.728,0.0176888,-0.0328758,-0.164221,-0.111516
109.751,0.0201793,-0.035649,-0.162861,-0.112797
109.773,0.0226632,-0.0384123,-0.161466,-0.114051
109.796,0.02514,-0.0411711,-0.160035,-0.115277
109.819,0.0276092,-0.0439189,-0.158568,-0.116476
109.841,0.0300702,-0.046661,-0.157068,-0.117646
109.864,0.0325225,-0.0493909,-0.155532,-0.118789
109.887,0.0349656,-0.052114,-0.153963,-0.119904
109.909,0.0373988,-0.0548237,-0.152361,-0.12099
109.932,0.0398217,-0.0575254,-0.150725,-0.122048
109.955,0.0422336,-0.0602126,-0.149056,-0.123077
109.977,0.0446342,-0.0628907,-0.147354,-0.124076
110,0.0470228,-0.0655531,-0.145621,-0.125047
110.023,0.049399,-0.0682051,-0.143856,-0.125988
110.045,0.0517621,-0.0708405,-0.142059,-0.126899
110.068,0.0541117,-0.0734643,-0.140232,-0.12778
110.091,0.0564472,-0.0760703,-0.138374,-0.128632
110.113,0.0587682,-0.0786637,-0.136486,-0.129453
110.136,0.0610742,-0.0812381,-0.134568,-0.130244
110.159,0.0633645,-0.0837988,-0.132621,-0.131004
110.181,0.0656388,-0.0863394,-0.130645,-0.131734
110.204,0.0678965,-0.0888653,-0.128642,-0.132433
110.227,0.0701371,-0.0913699,-0.12661,-0.133101
110.249,0.0723601,-0.0938587,-0.124551,-0.133739
110.272,0.0745651,-0.0963252,-0.122464,-0.134345
110.295,0.0767516,-0.0987748,-0.120352,-0.13492
110.317,0.0789191,-0.101201,-0.118213,-0.135464
110.34,0.0810671,-0.103609,-0.116049,-0.135976
110.363,0.0831951,-0.105993,-0.11386,-0.136457
110.385,0.0853027,-0.108358,-0.111647,-0.136906
110.408,0.0873895,-0.110698,-0.109409,-0.137324
110.431,0.0894549,-0.113018,-0.107148,-0.13771
110.454,0.0914985,-0.115311,-0.104864,-0.138064
110.476,0.09352,-0.117583,-0.102558,-0.138387
110.499,0.0955187,-0.119828,-0.100229,-0.138678
110.522,0.0974944,-0.122051,-0.0978796,-0.138937
110.544,0.0994466,-0.124246,-0.0955088,-0.139164
110.567,0.101375,-0.126417,-0.0931178,-0.139359
110.59,0.103279,-0.12856,-0.0907068,-0.139522
110.612,0.105158,-0.130678,-0.0882766,-0.139654
110.635,0.107012,-0.132766,-0.0858276,-0.139753
110.658,0.10884,-0.13483,-0.0833606,-0.139821
110.68,0.110643,-0.136862,-0.0808757,-0.139857
110.703,0.112419,-0.138869,-0.078374,-0.139861
110.726,0.114169,-0.140844,-0.0758556,-0.139833
110.748,0.115891,-0.142793,-0.0733214,-0.139774
110.771,0.117586,-0.144708,-0.0707716,-0.139683
110.794,0.119253,-0.146596,-0.0682073,-0.13956
110.816,0.120892,-0.148451,-0.0656285,-0.139405
110.839,0.122502,-0.150277,-0.0630363,-0.13922
110.862,0.124084,-0.152069,-0.0604309,-0.139002
110.884,0.125636,-0.153832,-0.0578131,-0.138754
110.907,0.127159,-0.15556,-0.0551833,-0.138474
110.93,0.128653,-0.157258,-0.0525423,-0.138163
110.952,0.130116,-0.15892,-0.0498905,-0.137821
110.975,0.131548,-0.160552,-0.0472287,-0.137448
110.998,0.13295,-0.162147,-0.0445573,-0.137044
111.02,0.134321,-0.163711,-0.041877,-0.13661
111.043,0.13566,-0.165237,-0.0391883,-0.136145
111.066,0.136968,-0.166732,-0.036492,-0.135649
111.088,0.138244,-0.168189,-0.0337885,-0.135124
111.111,0.139488,-0.169613,-0.0310785,-0.134568
111.134,0.1407,-0.170998,-0.0283626,-0.133982
111.156,0.141879,-0.172351,-0.0256414,-0.133367
111.179,0.143025,-0.173664,-0.0229155,-0.132722
111.202,0.144138,-0.174943,-0.0201855,-0.132047
111.224,0.145217,-0.176183,-0.017452,-0.131344
111.247,0.146264,-0.177389,-0.0147157,-0.130611
111.27,0.147276,-0.178554,-0.011977,-0.129849
111.293,0.148255,-0.179684,-0.00923683,-0.129059
111.315,0.149199,-0.180773,-0.00649547,-0.128241
111.338,0.150109,-0.181828,-0.00375379,-0.127394
111.361,0.150985,-0.18284,-0.00101221,-0.126519
111.383,0.151826,-0.183818,0.00172852,-0.125617
111.406,0.152632,-0.184753,0.00446794,-0.124687
111.429,0.153403,-0.185652,0.00720522,-0.12373
111.451,0.154139,-0.186509,0.00994001,-0.122745
111.474,0.15484,-0.18733,0.0126715,-0.121734
111.497,0.155506,-0.188107,0.0153992,-0.120697
111.519,0.156136,-0.188848,0.0181224,-0.119634
111.542,0.15673,-0.189546,0.0208406,-0.118544
111.565,0.157289,-0.190207,0.0235531,-0.117429
111.587,0.157812,-0.190825,0.0262595,-0.116288
111.61,0.158299,-0.191405,0.0289589,-0.115123
111.633,0.15875,-0.191941,0.0316509,-0.113932
111.655,0.159165,-0.19244,0.0343348,-0.112717
111.678,0.159544,-0.192895,0.0370102,-0.111478
111.701,0.159886,-0.193312,0.0396763,-0.110215
111.723,0.160193,-0.193685,0.0423326,-0.108929
111.746,0.160463,-0.19402,0.0449784,-0.107619
111.769,0.160697,-0.194311,0.0476133,-0.106286
111.791,0.160895,-0.194563,0.0502366,-0.104931
111.814,0.161056,-0.194771,0.0528478,-0.103554
111.837,0.161182,-0.194941,0.0554461,-0.102155
111.859,0.16127,-0.195066,0.0580313,-0.100734
111.882,0.161323,-0.195152,0.0606025,-0.0992917
111.905,0.161339,-0.195195,0.0631593,-0.0978288
111.927,0.161319,-0.195198,0.0657011,-0.0963454
111.95,0.161263,-0.195158,0.0682273,-0.094842
111.973,0.161171,-0.195078,0.0707374,-0.0933188
111.995,0.161042,-0.194954,0.0732308,-0.0917763
112.018,0.160878,-0.194792,0.075707,-0.0902147
112.041,0.160677,-0.194585,0.0781654,-0.0886345
112.063,0.160441,-0.194339,0.0806055,-0.0870361
112.086,0.160169,-0.194049,0.0830268,-0.0854199
112.109,0.159861,-0.193721,0.0854286,-0.0837862
112.132,0.159517,-0.193349,0.0878106,-0.0821354
112.154,0.159138,-0.192938,0.0901721,-0.080468
112.177,0.158724,-0.192483,0.0925127,-0.0787844
112.2,0.158274,-0.19199,0.0948318,-0.0770849
112.222,0.157789,-0.191453,0.097129,-0.0753699
112.245,0.157269,-0.190878,0.0994036,-0.0736399
112.268,0.156714,-0.190259,0.101655,-0.0718953
112.29,0.156125,-0.189603,0.103884,-0.0701365
112.313,0.155501,-0.188903,0.106088,-0.0683639
112.336,0.154842,-0.188165,0.108268,-0.066578
112.358,0.15415,-0.187385,0.110423,-0.0647791
112.381,0.153423,-0.186567,0.112552,-0.0629678
112.404,0.152663,-0.185707,0.114656,-0.0611443
112.426,0.151869,-0.18481,0.116733,-0.0593093
112.449,0.151042,-0.18387,0.118784,-0.057463
112.472,0.150181,-0.182894,0.120807,-0.0556059
112.494,0.149288,-0.181875,0.122803,-0.0537385
112.517,0.148362,-0.180821,0.124771,-0.0518613
112.54,0.147403,-0.179725,0.12671,-0.0499746
112.562,0.146412,-0.178594,0.12862,-0.0480789
112.585,0.145389,-0.177421,0.130501,-0.0461746
112.608,0.144335,-0.176213,0.132352,-0.0442622
112.63,0.143249,-0.174964,0.134173,-0.0423421
112.653,0.142131,-0.173681,0.135964,-0.0404149
112.676,0.140983,-0.172357,0.137724,-0.0384809
112.698,0.139805,-0.171,0.139452,-0.0365406
112.721,0.138595,-0.169603,0.141148,-0.0345944
112.744,0.137356,-0.168172,0.142813,-0.0326428
112.766,0.136088,-0.166702,0.144445,-0.0306863
112.789,0.13479,-0.165199,0.146044,-0.0287253
112.812,0.133462,-0.163658,0.14761,-0.0267602
112.834,0.132106,-0.162085,0.149143,-0.0247915
112.857,0.130722,-0.160473,0.150642,-0.0228198
112.88,0.129309,-0.15883,0.152107,-0.0208453
112.902,0.127869,-0.15715,0.153538,-0.0188687
112.925,0.126402,-0.155439,0.154934,-0.0168903
112.948,0.124907,-0.153692,0.156294,-0.0149106
112.971,0.123386,-0.151915,0.15762,-0.0129301
112.993,0.121838,-0.150101,0.15891,-0.0109491
113.016,0.120265,-0.148259,0.160164,-0.00896823
113.039,0.118666,-0.146381,0.161382,-0.0069879
113.061,0.117042,-0.144475,0.162563,-0.00500852
113.084,0.115393,-0.142534,0.163708,-0.00303056
113.107,0.113719,-0.140566,0.164816,-0.0010545
113.129,0.112022,-0.138564,0.165887,0.00091923
113.152,0.110301,-0.136536,0.166921,0.00289018
113.175,0.108557,-0.134475,0.167917,0.00485791
113.197,0.106791,-0.132388,0.168876,0.00682198
113.22,0.105002,-0.130269,0.169796,0.0087819
113.243,0.103191,-0.128125,0.170678,0.0107373
113.265,0.101359,-0.12595,0.171522,0.0126876
113.288,0.0995052,-0.123751,0.172328,0.0146324
113.311,0.0976313,-0.121522,0.173095,0.0165715
113.333,0.0957372,-0.119269,0.173823,0.0185041
113.356,0.0938235,-0.116988,0.174512,0.02043
113.379,0.0918905,-0.114684,0.175162,0.0223487
113.401,0.0899387,-0.112353,0.175773,0.0242598
113.424,0.0879686,-0.109999,0.176344,0.0261627
113.447,0.0859806,-0.10762,0.176876,0.0280572
113.469,0.0839752,-0.105219,0.177369,0.0299428
113.492,0.0819529,-0.102793,0.177821,0.0318191
113.515,0.0799142,-0.100347,0.178234,0.0336856
113.537,0.0778594,-0.0978762,0.178608,0.0355419
113.56,0.0757892,-0.0953871,0.178941,0.0373876
113.583,0.073704,-0.0928743,0.179235,0.0392224
113.605,0.0716043,-0.090344,0.179488,0.0410457
113.628,0.0694905,-0.087791,0.179701,0.0428572
113.651,0.0673631,-0.0852217,0.179875,0.0446565
113.673,0.0652228,-0.0826309,0.180008,0.0464432
113.696,0.0630698,-0.0800247,0.180101,0.0482169
113.719,0.0609048,-0.0773982,0.180154,0.0499773
113.741,0.0587283,-0.0747574,0.180167,0.0517238
113.764,0.0565407,-0.0720973,0.18014,0.0534561
113.787,0.0543426,-0.0694241,0.180073,0.055174
113.81,0.0521344,-0.0667328,0.179966,0.0568769
113.832,0.0499168,-0.0640295,0.179819,0.0585645
113.855,0.0476901,-0.0613092,0.179632,0.0602364
113.878,0.0454549,-0.0585781,0.179405,0.0618923
113.9,0.0432117,-0.0558313,0.179138,0.0635318
113.923,0.040961,-0.0530747,0.178831,0.0651546
113.946,0.0387034,-0.0503035,0.178485,0.0667603
113.968,0.0364394,-0.0475238,0.178099,0.0683486
113.991,0.0341695,-0.0447307,0.177674,0.069919
114.014,0.0318941,-0.0419302,0.17721,0.0714714
114.036,0.0296139,-0.0391175,0.176706,0.0730052
114.059,0.0273293,-0.0362987,0.176163,0.0745203
114.082,0.0250409,-0.0334689,0.175581,0.0760163
114.104,0.0227492,-0.0306341,0.174961,0.0774929
114.127,0.0204546,-0.0277895,0.174301,0.0789497
114.15,0.0181579,-0.0249412,0.173603,0.0803864
114.172,0.0158593,-0.0220842,0.172867,0.0818028
114.195,0.0135596,-0.0192248,0.172093,0.0831986
114.218,0.0112592,-0.016358,0.171281,0.0845733
114.24,0.00895854,-0.0134899,0.170431,0.0859269
114.263,0.00665827,-0.0106157,0.169543,0.0872589
114.286,0.00435887,-0.00774143,0.168618,0.0885692
114.308,0.00206084,-0.0048622,0.167656,0.0898573
114.331,-0.000235274,-0.00198419,0.166658,0.0911231
114.354,-0.00252897,0.00089751,0.165622,0.0923663
114.376,-0.00481972,0.0037768,0.16455,0.0935866
114.399,-0.00710702,0.00665857,0.163442,0.0947839
114.422,-0.00939034,0.00953662,0.162298,0.0959578
114.444,-0.0116692,0.012416,0.161118,0.097108
114.467,-0.013943,0.0152904,0.159904,0.0982345
114.49,-0.0162114,0.0181648,0.158654,0.0993369
114.512,-0.0184737,0.0210331,0.157369,0.100415
114.535,-0.0207295,0.0239001,0.15605,0.101469
114.558,-0.0229782,0.0267598,0.154696,0.102497
114.58,-0.0252195,0.0296171,0.153309,0.103501
114.603,-0.0274527,0.0324657,0.151889,0.10448
114.626,-0.0296773,0.0353107,0.150435,0.105434
114.649,-0.031893,0.0381458,0.148948,0.106362
114.671,-0.0340991,0.040976,0.147429,0.107264
114.694,-0.0362952,0.0437952,0.145878,0.108141
114.717,-0.0384809,0.0466083,0.144294,0.108992
114.739,-0.0406555,0.0494091,0.14268,0.109816
114.762,-0.0428187,0.0522026,0.141034,0.110614
114.785,-0.0449699,0.0549827,0.139358,0.111386
114.807,-0.0471087,0.0577542,0.137652,0.112131
114.83,-0.0492346,0.0605111,0.135916,0.112849
114.853,-0.0513472,0.0632582,0.13415,0.11354
114.875,-0.0534459,0.0659895,0.132355,0.114205
114.898,-0.0555304,0.06871,0.130531,0.114842
114.921,-0.0576001,0.0714134,0.12868,0.115452
114.943,-0.0596546,0.0741047,0.1268,0.116034
114.966,-0.0616934,0.0767779,0.124893,0.11659
114.989,-0.0637162,0.0794379,0.122959,0.117117
115.011,-0.0657224,0.0820785,0.120999,0.117617
115.034,-0.0677116,0.0847047,0.119012,0.11809
115.057,-0.0696834,0.0873105,0.117,0.118534
115.079,-0.0716374,0.0899008,0.114963,0.118951
115.102,-0.0735731,0.0924695,0.112902,0.11934
115.125,-0.0754901,0.0950216,0.110816,0.119701
115.147,-0.077388,0.097551,0.108706,0.120034
115.17,-0.0792664,0.100063,0.106573,0.120339
115.193,-0.0811249,0.102551,0.104417,0.120616
115.215,-0.0829631,0.10502,0.102239,0.120865
115.238,-0.0847805,0.107464,0.100039,0.121086
115.261,-0.0865768,0.109888,0.0978185,0.121279
115.283,-0.0883517,0.112287,0.0955767,0.121443
115.306,-0.0901047,0.114664,0.0933148,0.12158
115.329,-0.0918354,0.117015,0.0910331,0.121688
115.351,-0.0935435,0.119344,0.0887321,0.121768
115.374,-0.0952286,0.121644,0.0864125,0.12182
115.397,-0.0968903,0.123922,0.0840747,0.121844
115.42,-0.0985284,0.126171,0.0817193,0.121841
115.442,-0.100142,0.128396,0.0793468,0.121809
115.465,-0.101732,0.130591,0.0769577,0.121749
115.488,-0.103297,0.132761,0.0745526,0.121661
115.51,-0.104837,0.1349,0.0721321,0.121546
115.533,-0.106351,0.137014,0.0696966,0.121403
115.556,-0.10784,0.139095,0.0672467,0.121232
115.578,-0.109303,0.14115,0.064783,0.121033
115.601,-0.11074,0.143172,0.062306,0.120807
115.624,-0.112149,0.145167,0.0598163,0.120554
115.646,-0.113532,0.147128,0.0573145,0.120273
115.669,-0.114888,0.14906,0.0548011,0.119965
115.692,-0.116217,0.150958,0.0522767,0.11963
115.714,-0.117517,0.152827,0.0497418,0.119268
115.737,-0.11879,0.154661,0.0471971,0.118879
115.76,-0.120034,0.156464,0.044643,0.118463
115.782,-0.12125,0.158231,0.0420802,0.118021
115.805,-0.122437,0.159968,0.0395093,0.117552
115.828,-0.123595,0.161667,0.0369308,0.117057
115.85,-0.124724,0.163335,0.0343453,0.116535
115.873,-0.125824,0.164966,0.0317534,0.115988
115.896,-0.126893,0.166564,0.0291557,0.115415
115.918,-0.127933,0.168124,0.0265527,0.114816
115.941,-0.128943,0.16965,0.0239451,0.114191
115.964,-0.129923,0.171138,0.0213333,0.113541
115.986,-0.130872,0.172592,0.0187181,0.112866
116.009,-0.13179,0.174006,0.0161,0.112167
116.032,-0.132677,0.175386,0.0134796,0.111442
116.054,-0.133534,0.176726,0.0108575,0.110693
116.077,-0.134359,0.178031,0.00823416,0.109919
116.1,-0.135153,0.179295,0.00561032,0.109121
116.122,-0.135916,0.180524,0.00298645,0.1083
116.145,-0.136647,0.181711,0.00036325,0.107454
116.168,-0.137346,0.182862,-0.00225876,0.106585
116.19,-0.138014,0.183971,-0.00487898,0.105693
116.213,-0.138649,0.185044,-0.00749685,0.104778
116.236,-0.139252,0.186075,-0.0101117,0.10384
116.259,-0.139824,0.187068,-0.0127231,0.10288
116.281,-0.140362,0.188019,-0.0153303,0.101898
116.304,-0.140869,0.188932,-0.0179329,0.100893
116.327,-0.141343,0.189801,-0.0205301,0.0998668
116.349,-0.141784,0.190633,-0.0231215,0.098819
116.372,-0.142193,0.191422,-0.0257065,0.0977502
116.395,-0.14257,0.192172,-0.0282844,0.0966604
116.417,-0.142913,0.192878,-0.0308547,0.0955499
116.44,-0.143224,0.193546,-0.0334169,0.0944192
116.463,-0.143502,0.194169,-0.0359704,0.0932684
116.485,-0.143748,0.194754,-0.0385146,0.0920979
116.508,-0.14396,0.195294,-0.0410489,0.0909079
116.531,-0.14414,0.195795,-0.0435728,0.0896988
116.553,-0.144286,0.196251,-0.0460857,0.0884708
116.576,-0.1444,0.196668,-0.0485871,0.0872243
116.599,-0.144482,0.19704,-0.0510763,0.0859596
116.621,-0.14453,0.197372,-0.053553,0.084677
116.644,-0.144546,0.197659,-0.0560164,0.0833769
116.667,-0.144528,0.197907,-0.0584662,0.0820595
116.689,-0.144478,0.198109,-0.0609016,0.0807253
116.712,-0.144396,0.198272,-0.0633223,0.0793744
116.735,-0.144281,0.198389,-0.0657275,0.0780073
116.757,-0.144133,0.198466,-0.0681169,0.0766243
116.78,-0.143953,0.198498,-0.0704899,0.0752257
116.803,-0.143741,0.19849,-0.072846,0.073812
116.825,-0.143496,0.198436,-0.0751846,0.0723834
116.848,-0.143219,0.198343,-0.0775053,0.0709402
116.871,-0.14291,0.198204,-0.0798075,0.069483
116.893,-0.142568,0.198026,-0.0820907,0.0680119
116.916,-0.142195,0.197802,-0.0843544,0.0665275
116.939,-0.14179,0.197538,-0.0865981,0.0650299
116.961,-0.141354,0.197229,-0.0888214,0.0635197
116.984,-0.140886,0.19688,-0.0910238,0.0619972
117.007,-0.140387,0.196486,-0.0932046,0.0604626
117.029,-0.139856,0.196053,-0.0953636,0.0589166
117.052,-0.139294,0.195574,-0.0975002,0.0573593
117.075,-0.138702,0.195056,-0.0996139,0.0557911
117.098,-0.138079,0.194494,-0.101704,0.0542126
117.12,-0.137425,0.193892,-0.103771,0.0526239
117.143,-0.136741,0.193246,-0.105813,0.0510256
117.166,-0.136026,0.192561,-0.107831,0.049418
117.188,-0.135282,0.191831,-0.109824,0.0478015
117.211,-0.134508,0.191063,-0.111791,0.0461764
117.234,-0.133704,0.190251,-0.113732,0.0445433
117.256,-0.132871,0.189401,-0.115646,0.0429024
117.279,-0.132009,0.188507,-0.117534,0.0412541
117.302,-0.131118,0.187575,-0.119395,0.0395989
117.324,-0.130198,0.1866,-0.121228,0.0379371
117.347,-0.12925,0.185588,-0.123033,0.0362692
117.37,-0.128274,0.184532,-0.12481,0.0345955
117.392,-0.12727,0.18344,-0.126557,0.0329164
117.415,-0.126238,0.182305,-0.128276,0.0312324
117.438,-0.125179,0.181134,-0.129965,0.0295438
117.46,-0.124092,0.17992,-0.131624,0.027851
117.483,-0.122979,0.178671,-0.133253,0.0261544
117.506,-0.121839,0.17738,-0.134852,0.0244545
117.528,-0.120674,0.176054,-0.136419,0.0227516
117.551,-0.119482,0.174687,-0.137955,0.0210461
117.574,-0.118264,0.173284,-0.13946,0.0193385
117.596,-0.117021,0.171842,-0.140932,0.017629
117.619,-0.115753,0.170365,-0.142372,0.0159183
117.642,-0.11446,0.168849,-0.14378,0.0142065
117.664,-0.113143,0.167299,-0.145155,0.0124942
117.687,-0.111802,0.16571,-0.146497,0.0107817
117.71,-0.110437,0.164087,-0.147805,0.00906938
117.732,-0.109049,0.162427,-0.14908,0.00735772
117.755,-0.107638,0.160734,-0.15032,0.00564709
117.778,-0.106204,0.159004,-0.151527,0.00393789
117.8,-0.104747,0.157242,-0.152698,0.00223046
117.823,-0.103269,0.155443,-0.153836,0.000525272
117.846,-0.101769,0.153613,-0.154938,-0.00117733
117.868,-0.100248,0.151747,-0.156005,-0.00287693
117.891,-0.0987056,0.149851,-0.157036,-0.00457314
117.914,-0.097143,0.14792,-0.158032,-0.00626562
117.937,-0.0955603,0.145959,-0.158992,-0.0079539
117.959,-0.0939578,0.143964,-0.159916,-0.00963763
117.982,-0.0923359,0.141941,-0.160804,-0.0113164
118.005,-0.0906952,0.139884,-0.161656,-0.0129899
118.027,-0.0890358,0.137799,-0.16247,-0.0146577
118.05,-0.0873583,0.135682,-0.163248,-0.0163194
118.073,-0.085663,0.133538,-0.16399,-0.0179747
118.095,-0.0839504,0.131363,-0.164694,-0.0196231
118.118,-0.0822209,0.129161,-0.165361,-0.0212643
118.141,-0.0804748,0.126929,-0.16599,-0.022898
118.163,-0.0787126,0.124672,-0.166583,-0.0245237
118.186,-0.0769348,0.122385,-0.167137,-0.0261411
118.209,-0.0751417,0.120074,-0.167654,-0.0277498
118.231,-0.0733337,0.117735,-0.168134,-0.0293495
118.254,-0.0715114,0.115372,-0.168575,-0.0309398
118.277,-0.0696751,0.112982,-0.168979,-0.0325203
118.299,-0.0678253,0.11057,-0.169344,-0.0340907
118.322,-0.0659624,0.108131,-0.169672,-0.0356507
118.345,-0.0640869,0.105671,-0.169961,-0.0371999
118.367,-0.0621991,0.103186,-0.170212,-0.0387379
118.39,-0.0602996,0.10068,-0.170426,-0.0402645
118.413,-0.0583888,0.0981507,-0.1706,-0.0417791
118.435,-0.0564672,0.095602,-0.170737,-0.0432817
118.458,-0.0545351,0.0930301,-0.170836,-0.0447718
118.481,-0.0525931,0.0904403,-0.170896,-0.046249
118.503,-0.0506415,0.0878284,-0.170918,-0.0477131
118.526,-0.048681,0.0851997,-0.170901,-0.0491638
118.549,-0.0467119,0.08255,-0.170847,-0.0506006
118.571,-0.0447346,0.0798846,-0.170754,-0.0520234
118.594,-0.0427497,0.0771994,-0.170623,-0.0534317
118.617,-0.0407576,0.0744998,-0.170455,-0.0548254
118.639,-0.0387588,0.0717815,-0.170248,-0.056204
118.662,-0.0367537,0.0690499,-0.170003,-0.0575673
118.685,-0.0347428,0.0663007,-0.16972,-0.058915
118.707,-0.0327266,0.0635394,-0.1694,-0.0602468
118.73,-0.0307055,0.0607618,-0.169042,-0.0615624
118.753,-0.02868,0.0579733,-0.168646,-0.0628616
118.776,-0.0266506,0.0551696,-0.168213,-0.064144
118.798,-0.0246178,0.0523563,-0.167742,-0.0654094
118.821,-0.0225819,0.049529,-0.167234,-0.0666576
118.844,-0.0205436,0.0466932,-0.16669,-0.0678881
118.866,-0.0185032,0.0438448,-0.166108,-0.0691009
118.889,-0.0164612,0.040989,-0.165489,-0.0702956
118.912,-0.0144181,0.0381219,-0.164834,-0.071472
118.934,-0.0123743,0.0352486,-0.164142,-0.0726299
118.957,-0.0103304,0.0323652,-0.163414,-0.0737689
118.98,-0.00828679,0.029477,-0.162649,-0.0748889
119.002,-0.00624394,0.0265799,-0.161849,-0.0759897
119.025,-0.00420231,0.0236792,-0.161013,-0.077071
119.048,-0.00216237,0.0207708,-0.160142,-0.0781325
119.07,-0.0001246,0.0178601,-0.159235,-0.0791741
119.093,0.00191055,0.014943,-0.158293,-0.0801956
119.116,0.00394262,0.0120248,-0.157316,-0.0811967
119.138,0.00597114,0.00910152,-0.156305,-0.0821773
119.161,0.00799566,0.00617845,-0.155259,-0.0831371
119.184,0.0100157,0.00325149,-0.154179,-0.084076
119.206,0.0120308,0.000326019,-0.153065,-0.0849938
119.229,0.0140406,-0.00260205,-0.151918,-0.0858902
119.252,0.0160445,-0.0055274,-0.150737,-0.0867652
119.274,0.0180422,-0.00845405,-0.149523,-0.0876185
119.297,0.0200331,-0.0113767,-0.148277,-0.08845
119.32,0.0220168,-0.0142994,-0.146998,-0.0892596
119.342,0.0239929,-0.0172168,-0.145687,-0.090047
119.365,0.0259609,-0.020133,-0.144344,-0.0908122
119.388,0.0279205,-0.0230427,-0.142969,-0.0915549
119.41,0.0298711,-0.0259499,-0.141564,-0.0922751
119.433,0.0318123,-0.0288493,-0.140127,-0.0929725
119.456,0.0337437,-0.0317449,-0.13866,-0.0936472
119.478,0.0356648,-0.0346315,-0.137163,-0.0942989
119.501,0.0375753,-0.0375131,-0.135636,-0.0949276
119.524,0.0394747,-0.0403843,-0.13408,-0.0955331
119.546,0.0413626,-0.0432493,-0.132494,-0.0961154
119.569,0.0432385,-0.0461028,-0.13088,-0.0966743
119.592,0.0451021,-0.0489487,-0.129238,-0.0972097
119.615,0.0469529,-0.0517819,-0.127567,-0.0977216
119.637,0.0487906,-0.0546063,-0.125869,-0.0982099
119.66,0.0506147,-0.0574167,-0.124144,-0.0986745
119.683,0.0524248,-0.0602171,-0.122392,-0.0991153
119.705,0.0542206,-0.0630023,-0.120614,-0.0995322
119.728,0.0560016,-0.0657763,-0.11881,-0.0999253
119.751,0.0577674,-0.0685338,-0.11698,-0.100294
119.773,0.0595177,-0.071279,-0.115125,-0.10064
119.796,0.0612521,-0.0740065,-0.113245,-0.100961
119.819,0.0629702,-0.0767205,-0.111342,-0.101258
119.841,0.0646716,-0.0794156,-0.109414,-0.101531
119.864,0.066356,-0.0820959,-0.107463,-0.101779
119.887,0.068023,-0.0847563,-0.10549,-0.102004
119.909,0.0696722,-0.0874007,-0.103493,-0.102205
119.932,0.0713033,-0.090024,-0.101475,-0.102381
119.955,0.072916,-0.0926301,-0.0994357,-0.102533
119.977,0.0745098,-0.0952141,-0.097375,-0.102661
120,0.0760845,-0.0977797,-0.0952938,-0.102765
120.023,0.0776397,-0.100322,-0.0931925,-0.102845
120.045,0.0791751,-0.102845,-0.0910717,-0.1029
120.068,0.0806903,-0.105343,-0.0889317,-0.102932
120.091,0.0821851,-0.107821,-0.0867731,-0.102939
120.113,0.0836591,-0.110274,-0.0845964,-0.102923
120.136,0.085112,-0.112705,-0.0824022,-0.102882
120.159,0.0865434,-0.115109,-0.0801907,-0.102818
120.181,0.0879532,-0.117491,-0.0779627,-0.10273
120.204,0.089341,-0.119845,-0.0757186,-0.102618
120.227,0.0907065,-0.122175,-0.0734589,-0.102482
120.249,0.0920494,-0.124477,-0.0711841,-0.102322
120.272,0.0933695,-0.126754,-0.0688949,-0.102139
120.295,0.0946665,-0.129001,-0.0665915,-0.101933
120.317,0.0959401,-0.131223,-0.0642748,-0.101703
120.34,0.09719,-0.133414,-0.061945,-0.101449
120.363,0.098416,-0.135578,-0.0596028,-0.101173
120.385,0.0996179,-0.137711,-0.0572487,-0.100873
120.408,0.100795,-0.139816,-0.0548833,-0.10055
120.431,0.101948,-0.141889,-0.052507,-0.100205
120.454,0.103076,-0.143933,-0.0501204,-0.0998365
120.476,0.104179,-0.145944,-0.0477241,-0.0994454
120.499,0.105257,-0.147926,-0.0453186,-0.0990319
120.522,0.106309,-0.149873,-0.0429045,-0.098596
120.544,0.107335,-0.15179,-0.0404823,-0.0981378
120.567,0.108335,-0.153672,-0.0380525,-0.0976575
120.59,0.109309,-0.155523,-0.0356157,-0.0971552
120.612,0.110257,-0.157337,-0.0331725,-0.0966312
120.635,0.111179,-0.15912,-0.0307234,-0.0960855
120.658,0.112073,-0.160867,-0.0282689,-0.0955184
120.68,0.112941,-0.16258,-0.0258097,-0.0949299
120.703,0.113782,-0.164256,-0.0233462,-0.0943203
120.726,0.114596,-0.165899,-0.0208791,-0.0936898
120.748,0.115382,-0.167504,-0.0184088,-0.0930385
120.771,0.116141,-0.169074,-0.015936,-0.0923667
120.794,0.116872,-0.170605,-0.0134612,-0.0916744
120.816,0.117576,-0.172102,-0.010985,-0.090962
120.839,0.118252,-0.173559,-0.00850784,-0.0902296
120.862,0.118899,-0.174981,-0.00603042,-0.0894774
120.884,0.119519,-0.176362,-0.00355321,-0.0887057
120.907,0.120111,-0.177708,-0.0010768,-0.0879146
120.93,0.120674,-0.179012,0.00139825,-0.0871044
120.952,0.121209,-0.18028,0.00387142,-0.0862753
120.975,0.121715,-0.181507,0.00634209,-0.0854275
120.998,0.122193,-0.182696,0.0088098,-0.0845613
121.02,0.122642,-0.183844,0.0112739,-0.0836768
121.043,0.123062,-0.184954,0.0137339,-0.0827744
121.066,0.123454,-0.186021,0.0161892,-0.0818543
121.088,0.123817,-0.18705,0.0186393,-0.0809167
121.111,0.124151,-0.188037,0.0210836,-0.0799618
121.134,0.124457,-0.188985,0.0235216,-0.07899
121.156,0.124733,-0.189889,0.0259527,-0.0780015
121.179,0.124981,-0.190754,0.0283764,-0.0769966
121.202,0.125199,-0.191576,0.0307922,-0.0759754
121.224,0.125389,-0.192359,0.0331995,-0.0749383
121.247,0.12555,-0.193097,0.0355978,-0.0738856
121.27,0.125681,-0.193796,0.0379865,-0.0728176
121.293,0.125784,-0.19445,0.0403651,-0.0717344
121.315,0.125858,-0.195064,0.0427331,-0.0706364
121.338,0.125903,-0.195634,0.0450899,-0.0695239
121.361,0.125919,-0.196163,0.0474351,-0.0683972
121.383,0.125906,-0.196647,0.0497681,-0.0672566
121.406,0.125865,-0.197091,0.0520884,-0.0661023
121.429,0.125795,-0.19749,0.0543955,-0.0649346
121.451,0.125696,-0.197848,0.0566888,-0.0637539
121.474,0.125568,-0.198161,0.0589678,-0.0625604
121.497,0.125412,-0.198433,0.0612322,-0.0613545
121.519,0.125227,-0.19866,0.0634812,-0.0601364
121.542,0.125014,-0.198845,0.0657145,-0.0589066
121.565,0.124773,-0.198985,0.0679317,-0.0576651
121.587,0.124504,-0.199084,0.070132,-0.0564126
121.61,0.124206,-0.199138,0.0723152,-0.0551491
121.633,0.12388,-0.19915,0.0744806,-0.053875
121.655,0.123527,-0.199117,0.0766279,-0.0525906
121.678,0.123146,-0.199043,0.0787565,-0.0512964
121.701,0.122737,-0.198923,0.080866,-0.0499925
121.723,0.1223,-0.198763,0.082956,-0.0486794
121.746,0.121837,-0.198556,0.0850259,-0.0473573
121.769,0.121346,-0.198309,0.0870753,-0.0460266
121.791,0.120828,-0.198017,0.0891038,-0.0446876
121.814,0.120283,-0.197683,0.0911109,-0.0433406
121.837,0.119711,-0.197304,0.0930962,-0.041986
121.859,0.119113,-0.196885,0.0950592,-0.0406241
121.882,0.118488,-0.196421,0.0969996,-0.0392552
121.905,0.117837,-0.195915,0.0989168,-0.0378797
121.927,0.11716,-0.195366,0.100811,-0.0364979
121.95,0.116458,-0.194775,0.10268,-0.0351102
121.973,0.115729,-0.194141,0.104526,-0.0337168
121.995,0.114975,-0.193466,0.106346,-0.0323182
122.018,0.114196,-0.192747,0.108142,-0.0309146
122.041,0.113392,-0.191988,0.109912,-0.0295065
122.063,0.112563,-0.191185,0.111656,-0.0280941
122.086,0.11171,-0.190343,0.113374,-0.0266778
122.109,0.110832,-0.189457,0.115065,-0.025258
122.132,0.10993,-0.188532,0.116729,-0.0238349
122.154,0.109005,-0.187564,0.118366,-0.0224089
122.177,0.108055,-0.186557,0.119975,-0.0209805
122.2,0.107083,-0.185507,0.121556,-0.0195498
122.222,0.106087,-0.184419,0.123109,-0.0181173
122.245,0.105068,-0.183289,0.124633,-0.0166833
122.268,0.104027,-0.182121,0.126127,-0.0152481
122.29,0.102964,-0.180911,0.127593,-0.0138121
122.313,0.101879,-0.179664,0.129029,-0.0123756
122.336,0.100771,-0.178376,0.130434,-0.010939
122.358,0.0996429,-0.177051,0.13181,-0.00950255
122.381,0.0984932,-0.175686,0.133154,-0.00806669
122.404,0.0973226,-0.174284,0.134468,-0.00663169
122.426,0.0961315,-0.172842,0.135751,-0.00519793
122.449,0.0949202,-0.171365,0.137003,-0.00376574
122.472,0.0936889,-0.169849,0.138222,-0.00233544
122.494,0.092438,-0.168297,0.13941,-0.000907383
122.517,0.0911678,-0.166707,0.140566,0.000518115
122.54,0.0898786,-0.165082,0.141689,0.00194069
122.562,0.0885707,-0.16342,0.142779,0.00336004
122.585,0.0872446,-0.161724,0.143837,0.00477582
122.608,0.0859004,-0.159991,0.144861,0.00618771
122.63,0.0845386,-0.158224,0.145853,0.00759538
122.653,0.0831594,-0.156422,0.14681,0.00899848
122.676,0.0817633,-0.154587,0.147734,0.0103967
122.698,0.0803505,-0.152717,0.148624,0.0117898
122.721,0.0789215,-0.150816,0.149481,0.0131772
122.744,0.0774766,-0.14888,0.150302,0.0145589
122.766,0.0760161,-0.146913,0.15109,0.0159344
122.789,0.0745404,-0.144913,0.151843,0.0173035
122.812,0.0730499,-0.142882,0.152561,0.0186657
122.834,0.0715449,-0.140819,0.153244,0.0200209
122.857,0.0700257,-0.138728,0.153893,0.0213686
122.88,0.0684929,-0.136604,0.154506,0.0227086
122.902,0.0669467,-0.134452,0.155084,0.0240406
122.925,0.0653875,-0.132269,0.155627,0.0253643
122.948,0.0638158,-0.130059,0.156134,0.0266794
122.971,0.0622318,-0.127819,0.156606,0.0279855
122.993,0.060636,-0.125554,0.157042,0.0292824
123.016,0.0590287,-0.123258,0.157443,0.0305699
123.039,0.0574104,-0.120939,0.157808,0.0318475
123.061,0.0557815,-0.118591,0.158137,0.033115
123.084,0.0541422,-0.116219,0.15843,0.0343722
123.107,0.0524931,-0.11382,0.158688,0.0356188
123.129,0.0508345,-0.111398,0.158909,0.0368544
123.152,0.0491668,-0.10895,0.159095,0.0380788
123.175,0.0474905,-0.10648,0.159244,0.0392918
123.197,0.0458058,-0.103985,0.159358,0.040493
123.22,0.0441133,-0.10147,0.159435,0.0416823
123.243,0.0424133,-0.0989302,0.159477,0.0428593
123.265,0.0407063,-0.0963712,0.159483,0.0440238
123.288,0.0389926,-0.0937895,0.159453,0.0451755
123.311,0.0372726,-0.0911892,0.159387,0.0463142
123.333,0.0355468,-0.0885674,0.159285,0.0474396
123.356,0.0338155,-0.0859282,0.159147,0.0485515
123.379,0.0320792,-0.0832686,0.158974,0.0496497
123.401,0.0303383,-0.0805928,0.158765,0.0507339
123.424,0.0285932,-0.0778976,0.15852,0.0518038
123.447,0.0268442,-0.0751875,0.15824,0.0528593
123.469,0.0250919,-0.0724592,0.157924,0.0539002
123.492,0.0233366,-0.0697171,0.157573,0.0549262
123.515,0.0215788,-0.0669582,0.157187,0.055937
123.537,0.0198188,-0.0641865,0.156766,0.0569326
123.56,0.018057,-0.0613993,0.156309,0.0579126
123.583,0.0162939,-0.0586005,0.155818,0.0588769
123.605,0.0145299,-0.0557874,0.155292,0.0598252
123.628,0.0127654,-0.052964,0.154731,0.0607574
123.651,0.0110007,-0.0501274,0.154136,0.0616734
123.673,0.00923643,-0.0472819,0.153507,0.0625727
123.696,0.00747282,-0.0444244,0.152843,0.0634554
123.719,0.00571035,-0.0415592,0.152146,0.0643213
123.741,0.0039494,-0.0386833,0.151415,0.0651701
123.764,0.00219039,-0.0358009,0.15065,0.0660017
123.787,0.000433724,-0.0329091,0.149852,0.0668158
123.81,-0.0013202,-0.0300121,0.149021,0.0676125
123.832,-0.00307097,-0.027107,0.148156,0.0683914
123.855,-0.0048182,-0.0241979,0.147259,0.0691525
123.878,-0.00656148,-0.0212819,0.14633,0.0698956
123.9,-0.0083004,-0.0183633,0.145368,0.0706206
123.923,-0.0100346,-0.0154391,0.144374,0.0713273
123.946,-0.0117636,-0.0125135,0.143348,0.0720155
123.968,-0.0134871,-0.00958357,0.142291,0.0726853
123.991,-0.0152047,-0.00665351,0.141202,0.0733363
124.014,-0.016916,-0.00372048,0.140083,0.0739686
124.036,-0.0186206,-0.000788619,0.138932,0.0745819
124.059,-0.0203181,0.00214495,0.137752,0.0751763
124.082,-0.0220081,0.00507606,0.136541,0.0757516
124.104,-0.0236903,0.00800763,0.1353,0.0763076
124.127,-0.0253642,0.0109355,0.13403,0.0768443
124.15,-0.0270295,0.0138624,0.13273,0.0773616
124.172,-0.0286859,0.0167844,0.131401,0.0778594
124.195,-0.0303329,0.0197042,0.130044,0.0783376
124.218,-0.0319702,0.0226178,0.128659,0.0787962
124.24,-0.0335974,0.0255278,0.127245,0.079235
124.263,-0.0352142,0.0284304,0.125804,0.0796541
124.286,-0.0368202,0.0313281,0.124336,0.0800534
124.308,-0.038415,0.0342172,0.12284,0.0804327
124.331,-0.0399983,0.0371002,0.121318,0.080792
124.354,-0.0415697,0.0399731,0.11977,0.0811314
124.376,-0.043129,0.0428388,0.118196,0.0814507
124.399,-0.0446756,0.0456931,0.116597,0.0817499
124.422,-0.0462094,0.0485389,0.114973,0.082029
124.444,-0.04773,0.0513721,0.113323,0.082288
124.467,-0.049237,0.0541956,0.11165,0.0825268
124.49,-0.0507301,0.0570053,0.109953,0.0827454
124.512,-0.0522091,0.0598039,0.108232,0.0829438
124.535,-0.0536734,0.0625875,0.106488,0.083122
124.558,-0.055123,0.0653588,0.104721,0.08328
124.58,-0.0565573,0.0681139,0.102932,0.0834178
124.603,-0.0579762,0.0708556,0.101122,0.0835354
124.626,-0.0593794,0.0735798,0.0992894,0.0836328
124.649,-0.0607664,0.0762893,0.0974362,0.0837101
124.671,-0.0621371,0.0789802,0.0955625,0.0837672
124.694,-0.0634911,0.0816553,0.0936687,0.0838042
124.717,-0.0648281,0.0843105,0.0917551,0.083821
124.739,-0.0661479,0.0869487,0.0898224,0.0838178
124.762,-0.0674502,0.089566,0.087871,0.0837947
124.785,-0.0687347,0.092165,0.0859011,0.0837515
124.807,-0.0700011,0.094742,0.0839135,0.0836884
124.83,-0.0712492,0.0972996,0.0819084,0.0836055
124.853,-0.0724787,0.0998341,0.0798865,0.0835028
124.875,-0.0736893,0.102348,0.0778481,0.0833803
124.898,-0.0748809,0.104838,0.0757937,0.0832381
124.921,-0.0760531,0.107306,0.0737238,0.0830764
124.943,-0.0772057,0.109749,0.0716388,0.0828951
124.966,-0.0783385,0.112169,0.0695394,0.0826944
124.989,-0.0794512,0.114562,0.0674259,0.0824743
125.011,-0.0805437,0.116932,0.0652988,0.082235
125.034,-0.0816156,0.119275,0.0631587,0.0819765
125.057,-0.0826669,0.121592,0.061006,0.081699
125.079,-0.0836972,0.123881,0.0588413,0.0814025
125.102,-0.0847064,0.126145,0.0566649,0.0810871
125.125,-0.0856942,0.128379,0.0544775,0.0807531
125.147,-0.0866605,0.130586,0.0522795,0.0804004
125.17,-0.0876051,0.132763,0.0500715,0.0800293
125.193,-0.0885278,0.134912,0.0478539,0.0796397
125.215,-0.0894284,0.13703,0.0456273,0.079232
125.238,-0.0903067,0.139119,0.0433921,0.0788061
125.261,-0.0911626,0.141175,0.0411489,0.0783623
125.283,-0.0919959,0.143202,0.0388982,0.0779007
125.306,-0.0928065,0.145196,0.0366406,0.0774214
125.329,-0.0935942,0.14716,0.0343765,0.0769246
125.351,-0.0943588,0.149089,0.0321064,0.0764104
125.374,-0.0951003,0.150987,0.0298309,0.0758791
125.397,-0.0958184,0.15285,0.0275504,0.0753307
125.42,-0.0965131,0.154682,0.0252656,0.0747655
125.442,-0.0971842,0.156477,0.022977,0.0741835
125.465,-0.0978316,0.158239,0.0206849,0.073585
125.488,-0.0984553,0.159965,0.0183901,0.0729702
125.51,-0.099055,0.161658,0.016093,0.0723392
125.533,-0.0996307,0.163313,0.0137941,0.0716923
125.556,-0.100182,0.164933,0.0114939,0.0710295
125.578,-0.10071,0.166516,0.00919299,0.0703512
125.601,-0.101213,0.168064,0.00689187,0.0696575
125.624,-0.101692,0.169573,0.00459111,0.0689486
125.646,-0.102146,0.171046,0.00229117,0.0682247
125.669,-0.102576,0.17248,-7.42078e-06,0.0674859
125.692,-0.102981,0.173877,-0.00230413,0.0667326
125.714,-0.103362,0.175235,-0.00459843,0.065965
125.737,-0.103718,0.176556,-0.00688982,0.0651832
125.76,-0.10405,0.177836,-0.00917777,0.0643875
125.782,-0.104357,0.179078,-0.0114618,0.063578
125.805,-0.104639,0.18028,-0.0137413,0.0627551
125.828,-0.104896,0.181443,-0.0160158,0.0619189
125.85,-0.105128,0.182565,-0.0182848,0.0610697
125.873,-0.105336,0.183649,-0.0205479,0.0602077
125.896,-0.105519,0.18469,-0.0228044,0.0593331
125.918,-0.105677,0.185692,-0.0250539,0.0584463
125.941,-0.10581,0.186652,-0.0272958,0.0575473
125.964,-0.105918,0.187572,-0.0295298,0.0566365
125.986,-0.106002,0.18845,-0.0317552,0.0557141
126.009,-0.106061,0.189287,-0.0339715,0.0547803
126.032,-0.106095,0.190082,-0.0361783,0.0538355
126.054,-0.106104,0.190836,-0.0383751,0.0528798
126.077,-0.106089,0.191546,-0.0405614,0.0519136
126.1,-0.106049,0.192216,-0.0427367,0.050937
126.122,-0.105985,0.192842,-0.0449005,0.0499503
126.145,-0.105896,0.193428,-0.0470523,0.0489539
126.168,-0.105782,0.193969,-0.0491917,0.0479478
126.19,-0.105645,0.194469,-0.0513181,0.0469326
126.213,-0.105483,0.194925,-0.0534311,0.0459082
126.236,-0.105297,0.195339,-0.0555303,0.0448752
126.259,-0.105086,0.195709,-0.0576151,0.0438336
126.281,-0.104852,0.196038,-0.0596852,0.0427839
126.304,-0.104594,0.196322,-0.0617399,0.0417262
126.327,-0.104311,0.196564,-0.063779,0.0406609
126.349,-0.104005,0.196762,-0.0658019,0.0395881
126.372,-0.103676,0.196918,-0.0678081,0.0385083
126.395,-0.103323,0.197029,-0.0697974,0.0374216
126.417,-0.102947,0.197098,-0.0717691,0.0363284
126.44,-0.102547,0.197123,-0.0737229,0.0352289
126.463,-0.102124,0.197106,-0.0756583,0.0341234
126.485,-0.101679,0.197044,-0.077575,0.0330123
126.508,-0.10121,0.19694,-0.0794725,0.0318957
126.531,-0.100719,0.196792,-0.0813503,0.0307739
126.553,-0.100205,0.196601,-0.0832081,0.0296473
126.576,-0.0996688,0.196367,-0.0850454,0.0285161
126.599,-0.0991105,0.19609,-0.086862,0.0273807
126.621,-0.0985302,0.195769,-0.0886572,0.0262412
126.644,-0.0979279,0.195407,-0.0904309,0.025098
126.667,-0.097304,0.195,-0.0921825,0.0239514
126.689,-0.0966587,0.194552,-0.0939118,0.0228016
126.712,-0.095992,0.19406,-0.0956182,0.021649
126.735,-0.0953042,0.193526,-0.0973016,0.0204938
126.757,-0.0945954,0.192949,-0.0989614,0.0193364
126.78,-0.093866,0.192331,-0.100597,0.0181769
126.803,-0.0931161,0.191669,-0.102209,0.0170158
126.825,-0.0923459,0.190967,-0.103796,0.0158532
126.848,-0.0915556,0.190222,-0.105359,0.0146896
126.871,-0.0907454,0.189436,-0.106896,0.013525
126.893,-0.0899157,0.188607,-0.108407,0.0123599
126.916,-0.0890665,0.187739,-0.109893,0.0111946
126.939,-0.0881982,0.186828,-0.111352,0.0100292
126.961,-0.0873109,0.185877,-0.112785,0.00886419
126.984,-0.086405,0.184884,-0.114191,0.00769972
127.007,-0.0854806,0.183852,-0.11557,0.00653614
127.029,-0.0845381,0.182779,-0.116921,0.0053737
127.052,-0.0835776,0.181667,-0.118245,0.0042127
127.075,-0.0825994,0.180514,-0.119541,0.0030534
127.098,-0.0816039,0.179322,-0.120808,0.00189611
127.12,-0.0805911,0.17809,-0.122047,0.000741077
127.143,-0.0795615,0.176821,-0.123258,-0.000411389
127.166,-0.0785153,0.175511,-0.124439,-0.00156104
127.188,-0.0774528,0.174165,-0.125591,-0.00270757
127.211,-0.0763742,0.172779,-0.126713,-0.00385073
127.234,-0.0752798,0.171356,-0.127806,-0.00499025
127.256,-0.0741699,0.169895,-0.128869,-0.00612583
127.279,-0.0730449,0.168398,-0.129901,-0.00725724
127.302,-0.0719049,0.166863,-0.130903,-0.00838417
127.324,-0.0707504,0.165293,-0.131875,-0.00950638
127.347,-0.0695815,0.163685,-0.132816,-0.0106236
127.37,-0.0683986,0.162043,-0.133726,-0.0117356
127.392,-0.067202,0.160364,-0.134604,-0.012842
127.415,-0.0659921,0.158652,-0.135451,-0.0139427
127.438,-0.064769,0.156904,-0.136267,-0.0150373
127.46,-0.0635331,0.155123,-0.137051,-0.0161257
127.483,-0.0622848,0.153306,-0.137804,-0.0172075
127.506,-0.0610243,0.151458,-0.138524,-0.0182825
127.528,-0.059752,0.149575,-0.139212,-0.0193505
127.551,-0.0584682,0.147661,-0.139868,-0.0204112
127.574,-0.0571732,0.145714,-0.140492,-0.0214643
127.596,-0.0558674,0.143736,-0.141083,-0.0225097
127.619,-0.054551,0.141725,-0.141641,-0.023547
127.642,-0.0532244,0.139685,-0.142167,-0.0245761
127.664,-0.0518879,0.137614,-0.14266,-0.0255967
127.687,-0.0505419,0.135514,-0.143121,-0.0266086
127.71,-0.0491867,0.133383,-0.143548,-0.0276116
127.732,-0.0478227,0.131224,-0.143942,-0.0286053
127.755,-0.04645,0.129035,-0.144304,-0.0295897
127.778,-0.0450693,0.12682,-0.144632,-0.0305644
127.8,-0.0436806,0.124576,-0.144927,-0.0315293
127.823,-0.0422845,0.122307,-0.145189,-0.0324841
127.846,-0.0408811,0.120009,-0.145417,-0.0334287
127.868,-0.039471,0.117687,-0.145612,-0.0343628
127.891,-0.0380544,0.115338,-0.145774,-0.0352862
127.914,-0.0366317,0.112965,-0.145903,-0.0361987
127.937,-0.0352031,0.110567,-0.145998,-0.0371001
127.959,-0.0337692,0.108146,-0.146061,-0.0379902
127.982,-0.0323301,0.1057,-0.146089,-0.0388688
128.005,-0.0308863,0.103233,-0.146085,-0.0397358
128.027,-0.0294382,0.100742,-0.146047,-0.0405909
128.05,-0.027986,0.0982311,-0.145977,-0.0414339
128.073,-0.0265301,0.0956976,-0.145873,-0.0422648
128.095,-0.0250708,0.0931446,-0.145736,-0.0430832
128.118,-0.0236086,0.0905704,-0.145566,-0.043889
128.141,-0.0221438,0.0879779,-0.145363,-0.0446821
128.163,-0.0206766,0.0853655,-0.145127,-0.0454622
128.186,-0.0192075,0.0827358,-0.144858,-0.0462293
128.209,-0.0177369,0.0800873,-0.144557,-0.0469831
128.231,-0.016265,0.0774227,-0.144223,-0.0477236
128.254,-0.0147922,0.0747405,-0.143856,-0.0484504
128.277,-0.0133189,0.0720435,-0.143457,-0.0491636
128.299,-0.0118454,0.06933,-0.143026,-0.0498629
128.322,-0.0103721,0.0666029,-0.142563,-0.0505483
128.345,-0.00889929,0.0638605,-0.142067,-0.0512195
128.367,-0.00742733,0.0611057,-0.14154,-0.0518764
128.39,-0.00595659,0.0583368,-0.140981,-0.052519
128.413,-0.0044874,0.0555568,-0.14039,-0.053147
128.435,-0.0030201,0.0527639,-0.139768,-0.0537604
128.458,-0.00155505,0.0499611,-0.139115,-0.054359
128.481,-9.25772e-05,0.0471467,-0.138431,-0.0549428
128.503,0.00136697,0.0443236,-0.137716,-0.0555116
128.526,0.00282326,0.0414902,-0.13697,-0.0560653
128.549,0.00427594,0.0386492,-0.136193,-0.0566038
128.571,0.00572469,0.0357993,-0.135386,-0.057127
128.594,0.00716916,0.0329431,-0.13455,-0.0576348
128.617,0.00860902,0.0300791,-0.133683,-0.0581271
128.639,0.0100439,0.0272102,-0.132786,-0.0586038
128.662,0.0114736,0.0243347,-0.131861,-0.059065
128.685,0.0128977,0.0214556,-0.130906,-0.0595103
128.707,0.0143158,0.0185712,-0.129922,-0.0599399
128.73,0.0157277,0.0156843,-0.128909,-0.0603536
128.753,0.017133,0.0127936,-0.127868,-0.0607514
128.776,0.0185314,0.00990169,-0.126799,-0.0611331
128.798,0.0199226,0.00700713,-0.125702,-0.0614988
128.821,0.0213063,0.00411262,-0.124577,-0.0618484
128.844,0.0226821,0.00121679,-0.123425,-0.0621818
128.866,0.0240498,-0.0016777,-0.122246,-0.062499
128.889,0.025409,-0.00457226,-0.12104,-0.0628
128.912,0.0267595,-0.00746419,-0.119808,-0.0630847
128.934,0.0281009,-0.0103549,-0.118549,-0.063353
128.957,0.0294329,-0.0132417,-0.117265,-0.063605
128.98,0.0307553,-0.016126,-0.115955,-0.0638406
129.002,0.0320677,-0.0190051,-0.11462,-0.0640598
129.025,0.0333698,-0.0218804,-0.11326,-0.0642626
129.048,0.0346614,-0.0247493,-0.111875,-0.064449
129.07,0.0359422,-0.0276132,-0.110466,-0.064619
129.093,0.0372119,-0.0304694,-0.109034,-0.0647725
129.116,0.0384701,-0.0333193,-0.107577,-0.0649095
129.138,0.0397167,-0.0361601,-0.106098,-0.0650302
129.161,0.0409514,-0.0389935,-0.104596,-0.0651343
129.184,0.0421738,-0.0418166,-0.103071,-0.0652221
129.206,0.0433838,-0.0446309,-0.101524,-0.0652935
129.229,0.044581,-0.0474338,-0.099956,-0.0653485
129.252,0.0457653,-0.0502266,-0.0983662,-0.0653872
129.274,0.0469362,-0.0530067,-0.0967555,-0.0654095
129.297,0.0480937,-0.0557755,-0.0951242,-0.0654155
129.32,0.0492374,-0.0585305,-0.0934728,-0.0654053
129.342,0.0503671,-0.0612729,-0.0918016,-0.0653789
129.365,0.0514826,-0.0640003,-0.090111,-0.0653363
129.388,0.0525836,-0.0667139,-0.0884014,-0.0652775
129.41,0.0536699,-0.0694112,-0.0866733,-0.0652027
129.433,0.0547412,-0.0720936,-0.084927,-0.0651119
129.456,0.0557974,-0.0747586,-0.083163,-0.0650051
129.478,0.0568382,-0.0774074,-0.0813817,-0.0648824
129.501,0.0578634,-0.0800376,-0.0795834,-0.064744
129.524,0.0588727,-0.0826505,-0.0777687,-0.0645897
129.546,0.0598661,-0.0852437,-0.075938,-0.0644198
129.569,0.0608432,-0.0878185,-0.0740917,-0.0642343
129.592,0.0618039,-0.0903723,-0.0722302,-0.0640333
129.615,0.0627479,-0.0929066,-0.0703539,-0.0638168
129.637,0.0636751,-0.095419,-0.0684634,-0.063585
129.66,0.0645854,-0.0979105,-0.066559,-0.063338
129.683,0.0654784,-0.100379,-0.0646413,-0.0630759
129.705,0.0663541,-0.102826,-0.0627106,-0.0627987
129.728,0.0672122,-0.105248,-0.0607674,-0.0625065
129.751,0.0680526,-0.107648,-0.0588122,-0.0621996
129.773,0.0688751,-0.110023,-0.0568454,-0.0618779
129.796,0.0696796,-0.112373,-0.0548675,-0.0615416
129.819,0.070466,-0.114698,-0.0528789,-0.0611908
129.841,0.0712339,-0.116997,-0.0508802,-0.0608257
129.864,0.0719834,-0.119269,-0.0488717,-0.0604464
129.887,0.0727143,-0.121515,-0.046854,-0.0600529
129.909,0.0734264,-0.123733,-0.0448275,-0.0596455
129.932,0.0741196,-0.125925,-0.0427927,-0.0592243
129.955,0.0747937,-0.128087,-0.04075,-0.0587893
129.977,0.0754488,-0.13022,-0.0387,-0.0583409
130,0.0760845,-0.132324,-0.0366431,-0.0578789
130.023,0.0767009,-0.134399,-0.0345798,-0.0574038
130.045,0.0772978,-0.136444,-0.0325106,-0.0569155
130.068,0.0778751,-0.138458,-0.0304359,-0.0564143
130.091,0.0784327,-0.14044,-0.0283563,-0.0559003
130.113,0.0789706,-0.142392,-0.0262721,-0.0553736
130.136,0.0794886,-0.144311,-0.024184,-0.0548345
130.159,0.0799866,-0.146199,-0.0220923,-0.0542831
130.181,0.0804646,-0.148053,-0.0199976,-0.0537195
130.204,0.0809225,-0.149875,-0.0179003,-0.053144
130.227,0.0813602,-0.151662,-0.015801,-0.0525566
130.249,0.0817777,-0.153416,-0.0137,-0.0519577
130.272,0.0821749,-0.155135,-0.0115979,-0.0513473
130.295,0.0825518,-0.156821,-0.00949528,-0.0507257
130.317,0.0829082,-0.15847,-0.00739243,-0.050093
130.34,0.0832443,-0.160085,-0.00528993,-0.0494494
130.363,0.0835598,-0.161664,-0.00318824,-0.0487951
130.385,0.0838549,-0.163207,-0.00108782,-0.0481303
130.408,0.0841294,-0.164713,0.00101079,-0.0474552
130.431,0.0843833,-0.166183,0.00310715,-0.04677
130.454,0.0846167,-0.167615,0.00520078,-0.0460749
130.476,0.0848295,-0.16901,0.00729121,-0.04537
130.499,0.0850216,-0.170367,0.00937792,-0.0446557
130.522,0.0851932,-0.171687,0.0114605,-0.043932
130.544,0.0853442,-0.172968,0.0135384,-0.0431992
130.567,0.0854746,-0.174211,0.0156112,-0.0424576
130.59,0.0855844,-0.175415,0.0176785,-0.0417072
130.612,0.0856736,-0.17658,0.0197397,-0.0409484
130.635,0.0857423,-0.177705,0.0217944,-0.0401813
130.658,0.0857904,-0.178792,0.0238421,-0.0394061
130.68,0.0858181,-0.179838,0.0258823,-0.0386232
130.703,0.0858253,-0.180844,0.0279147,-0.0378326
130.726,0.0858121,-0.18181,0.0299387,-0.0370346
130.748,0.0857786,-0.182736,0.0319539,-0.0362294
130.771,0.0857247,-0.183621,0.0339598,-0.0354173
130.794,0.0856506,-0.184465,0.0359559,-0.0345985
130.816,0.0855563,-0.185268,0.0379419,-0.0337732
130.839,0.0854418,-0.186031,0.0399173,-0.0329415
130.862,0.0853073,-0.186751,0.0418816,-0.0321039
130.884,0.0851528,-0.187431,0.0438345,-0.0312604
130.907,0.0849784,-0.188069,0.0457753,-0.0304113
130.93,0.0847841,-0.188665,0.0477039,-0.0295569
130.952,0.0845701,-0.189219,0.0496196,-0.0286973
130.975,0.0843365,-0.189732,0.051522,-0.0278328
130.998,0.0840833,-0.190202,0.0534108,-0.0269636
131.02,0.0838107,-0.19063,0.0552856,-0.0260901
131.043,0.0835187,-0.191016,0.0571458,-0.0252123
131.066,0.0832075,-0.19136,0.0589911,-0.0243305
131.088,0.0828772,-0.19166,0.0608212,-0.023445
131.111,0.082528,-0.19192,0.0626355,-0.022556
131.134,0.0821598,-0.192135,0.0644336,-0.0216638
131.156,0.0817729,-0.192309,0.0662153,-0.0207685
131.179,0.0813674,-0.19244,0.06798,-0.0198705
131.202,0.0809434,-0.192529,0.0697275,-0.0189698
131.224,0.0805011,-0.192575,0.0714572,-0.0180669
131.247,0.0800406,-0.192578,0.0731689,-0.0171619
131.27,0.0795621,-0.192539,0.0748621,-0.016255
131.293,0.0790657,-0.192457,0.0765365,-0.0153465
131.315,0.0785516,-0.192333,0.0781917,-0.0144367
131.338,0.0780199,-0.192166,0.0798274,-0.0135257
131.361,0.0774709,-0.191957,0.0814432,-0.0126138
131.383,0.0769046,-0.191706,0.0830387,-0.0117013
131.406,0.0763212,-0.191411,0.0846137,-0.0107883
131.429,0.075721,-0.191075,0.0861676,-0.00987512
131.451,0.0751041,-0.190697,0.0877003,-0.008962
131.474,0.0744707,-0.190277,0.0892114,-0.00804915
131.497,0.0738209,-0.189814,0.0907005,-0.0071368
131.519,0.0731551,-0.18931,0.0921674,-0.00622521
131.542,0.0724733,-0.188764,0.0936117,-0.00531459
131.565,0.0717758,-0.188176,0.0950331,-0.00440517
131.587,0.0710627,-0.187547,0.0964314,-0.00349718
131.61,0.0703343,-0.186877,0.0978061,-0.00259087
131.633,0.0695908,-0.186165,0.099157,-0.00168644
131.655,0.0688324,-0.185413,0.100484,-0.000784141
131.678,0.0680593,-0.184619,0.101786,0.000115798
131.701,0.0672718,-0.183785,0.103064,0.0010132
131.723,0.0664699,-0.182911,0.104317,0.00190779
131.746,0.0656541,-0.181996,0.105545,0.00279934
131.769,0.0648245,-0.181041,0.106748,0.00368766
131.791,0.0639813,-0.180047,0.107924,0.0045725
131.814,0.0631247,-0.179013,0.109075,0.00545368
131.837,0.0622551,-0.17794,0.1102,0.00633095
131.859,0.0613726,-0.176827,0.111298,0.0072041
131.882,0.0604775,-0.175676,0.11237,0.00807292
131.905,0.0595701,-0.174486,0.113414,0.00893718
131.927,0.0586504,-0.173258,0.114432,0.0097967
131.95,0.057719,-0.171991,0.115423,0.0106512
131.973,0.0567759,-0.170688,0.116386,0.0115006
131.995,0.0558214,-0.169346,0.117321,0.0123446
132.018,0.0548558,-0.167968,0.118228,0.013183
132.041,0.0538794,-0.166553,0.119108,0.0140156
132.063,0.0528923,-0.165101,0.119959,0.0148422
132.086,0.0518949,-0.163613,0.120782,0.0156627
132.109,0.0508875,-0.16209,0.121576,0.0164767
132.132,0.0498703,-0.160531,0.122342,0.0172842
132.154,0.0488435,-0.158937,0.123079,0.0180849
132.177,0.0478074,-0.157307,0.123787,0.0188787
132.2,0.0467624,-0.155644,0.124465,0.0196653
132.222,0.0457086,-0.153947,0.125115,0.0204445
132.245,0.0446464,-0.152216,0.125735,0.0212162
132.268,0.043576,-0.150452,0.126325,0.0219803
132.29,0.0424977,-0.148655,0.126886,0.0227364
132.313,0.0414118,-0.146826,0.127418,0.0234845
132.336,0.0403186,-0.144964,0.127919,0.0242244
132.358,0.0392183,-0.143071,0.128391,0.0249559
132.381,0.0381113,-0.141147,0.128833,0.0256788
132.404,0.0369978,-0.139192,0.129244,0.0263929
132.426,0.035878,-0.137207,0.129626,0.0270982
132.449,0.0347524,-0.135192,0.129977,0.0277945
132.472,0.0336211,-0.133148,0.130299,0.0284815
132.494,0.0324845,-0.131075,0.13059,0.0291591
132.517,0.0313428,-0.128973,0.13085,0.0298272
132.54,0.0301964,-0.126843,0.131081,0.0304856
132.562,0.0290455,-0.124687,0.131281,0.0311343
132.585,0.0278904,-0.122502,0.131451,0.0317729
132.608,0.0267315,-0.120292,0.13159,0.0324014
132.63,0.0255689,-0.118055,0.131699,0.0330197
132.653,0.024403,-0.115793,0.131778,0.0336276
132.676,0.0232341,-0.113506,0.131826,0.0342251
132.698,0.0220624,-0.111194,0.131844,0.0348118
132.721,0.0208883,-0.108858,0.131832,0.0353878
132.744,0.0197121,-0.106499,0.131789,0.0359529
132.766,0.018534,-0.104117,0.131716,0.036507
132.789,0.0173543,-0.101713,0.131613,0.03705
132.812,0.0161734,-0.0992863,0.13148,0.0375818
132.834,0.0149915,-0.0968389,0.131317,0.0381022
132.857,0.0138089,-0.0943703,0.131124,0.0386111
132.88,0.0126259,-0.0918819,0.130901,0.0391085
132.902,0.0114427,-0.0893735,0.130648,0.0395942
132.925,0.0102598,-0.0868464,0.130365,0.0400682
132.948,0.00907728,-0.0843003,0.130052,0.0405303
132.971,0.00789553,-0.0817368,0.12971,0.0409804
132.993,0.00671481,-0.0791554,0.129339,0.0414186
133.016,0.00553542,-0.0765576,0.128938,0.0418446
133.039,0.00435764,-0.0739432,0.128508,0.0422584
133.061,0.00318173,-0.0713136,0.128049,0.04266
133.084,0.00200801,-0.0686685,0.127561,0.0430492
133.107,0.000836726,-0.0660094,0.127044,0.043426
133.129,-0.000331819,-0.063336,0.126498,0.0437903
133.152,-0.00149734,-0.0606497,0.125924,0.0441421
133.175,-0.00265959,-0.0579503,0.125322,0.0444812
133.197,-0.00381826,-0.0552393,0.124691,0.0448077
133.22,-0.0049731,-0.0525165,0.124033,0.0451215
133.243,-0.00612381,-0.0497831,0.123346,0.0454225
133.265,-0.00727015,-0.0470391,0.122632,0.0457107
133.288,-0.00841182,-0.0442859,0.12189,0.0459861
133.311,-0.00954857,-0.0415233,0.121121,0.0462485
133.333,-0.0106801,-0.0387526,0.120325,0.046498
133.356,-0.0118062,-0.0359738,0.119503,0.0467346
133.379,-0.0129266,-0.0331882,0.118653,0.0469581
133.401,-0.014041,-0.0303956,0.117777,0.0471687
133.424,-0.0151492,-0.0275975,0.116875,0.0473662
133.447,-0.0162509,-0.0247937,0.115947,0.0475506
133.469,-0.0173458,-0.0219856,0.114994,0.047722
133.492,-0.0184337,-0.0191731,0.114014,0.0478803
133.515,-0.0195144,-0.0163575,0.11301,0.0480255
133.537,-0.0205876,-0.0135387,0.111981,0.0481576
133.56,-0.021653,-0.0107181,0.110927,0.0482766
133.583,-0.0227104,-0.00789562,0.109848,0.0483825
133.605,-0.0237596,-0.00507248,0.108746,0.0484753
133.628,-0.0248003,-0.00224876,0.107619,0.048555
133.651,-0.0258324,0.000574306,0.106469,0.0486217
133.673,-0.0268555,0.00339677,0.105296,0.0486753
133.696,-0.0278694,0.00621732,0.104099,0.0487159
133.719,-0.028874,0.00903601,0.10288,0.0487434
133.741,-0.0298689,0.0118515,0.101639,0.048758
133.764,-0.030854,0.014664,0.100375,0.0487597
133.787,-0.031829,0.017472,0.0990897,0.0487484
133.81,-0.0327938,0.0202756,0.0977828,0.0487242
133.832,-0.033748,0.0230736,0.0964548,0.0486872
133.855,-0.0346916,0.025866,0.095106,0.0486373
133.878,-0.0356243,0.0286515,0.0937367,0.0485748
133.9,-0.0365459,0.0314302,0.0923472,0.0484995
133.923,-0.0374561,0.0342008,0.0909379,0.0484115
133.946,-0.0383549,0.0369633,0.0895092,0.048311
133.968,-0.039242,0.0397165,0.0880614,0.0481979
133.991,-0.0401171,0.0424603,0.0865948,0.0480724
134.014,-0.0409803,0.0451936,0.0851097,0.0479345
134.036,-0.0418311,0.0479164,0.0836067,0.0477842
134.059,-0.0426695,0.0506275,0.082086,0.0476216
134.082,-0.0434953,0.0533269,0.080548,0.0474468
134.104,-0.0443083,0.0560133,0.078993,0.04726
134.127,-0.0451084,0.0586869,0.0774215,0.0470611
134.15,-0.0458953,0.0613463,0.0758337,0.0468502
134.172,-0.046669,0.0639916,0.0742302,0.0466275
134.195,-0.0474292,0.0666217,0.0726113,0.0463931
134.218,-0.0481758,0.0692365,0.0709773,0.0461469
134.24,-0.0489087,0.0718349,0.0693288,0.0458892
134.263,-0.0496276,0.0744168,0.067666,0.0456199
134.286,-0.0503325,0.0769813,0.0659893,0.0453394
134.308,-0.0510233,0.0795282,0.0642992,0.0450475
134.331,-0.0516997,0.0820564,0.0625961,0.0447444
134.354,-0.0523617,0.0845659,0.0608804,0.0444303
134.376,-0.053009,0.0870557,0.0591524,0.0441053
134.399,-0.0536417,0.0895256,0.0574126,0.0437694
134.422,-0.0542596,0.0919748,0.0556615,0.0434228
134.444,-0.0548625,0.094403,0.0538993,0.0430657
134.467,-0.0554504,0.0968093,0.0521266,0.042698
134.49,-0.0560231,0.0991937,0.0503438,0.04232
134.512,-0.0565805,0.101555,0.0485512,0.0419318
134.535,-0.0571225,0.103894,0.0467494,0.0415335
134.558,-0.0576491,0.106208,0.0449387,0.0411253
134.58,-0.0581602,0.108499,0.0431195,0.0407073
134.603,-0.0586556,0.110764,0.0412924,0.0402796
134.626,-0.0591352,0.113005,0.0394576,0.0398423
134.649,-0.0595991,0.115219,0.0376157,0.0393956
134.671,-0.0600471,0.117408,0.0357671,0.0389398
134.694,-0.0604791,0.119569,0.0339122,0.0384748
134.717,-0.060895,0.121704,0.0320515,0.0380008
134.739,-0.0612949,0.123811,0.0301853,0.0375181
134.762,-0.0616787,0.125889,0.0283142,0.0370267
134.785,-0.0620462,0.12794,0.0264385,0.0365268
134.807,-0.0623975,0.129961,0.0245587,0.0360186
134.83,-0.0627324,0.131953,0.0226753,0.0355022
134.853,-0.0630511,0.133915,0.0207886,0.0349778
134.875,-0.0633533,0.135846,0.0188992,0.0344455
134.898,-0.0636391,0.137747,0.0170074,0.0339055
134.921,-0.0639085,0.139617,0.0151137,0.0333581
134.943,-0.0641614,0.141455,0.0132186,0.0328032
134.966,-0.0643978,0.143262,0.0113224,0.0322412
134.989,-0.0646176,0.145036,0.00942563,0.0316722
135.011,-0.064821,0.146777,0.00752872,0.0310963
135.034,-0.0650078,0.148485,0.00563211,0.0305138
135.057,-0.065178,0.15016,0.00373622,0.0299247
135.079,-0.0653317,0.151801,0.00184149,0.0293294
135.102,-0.0654689,0.153408,-5.16617e-05,0.0287279
135.125,-0.0655895,0.15498,-0.00194273,0.0281204
135.147,-0.0656936,0.156517,-0.00383132,0.0275072
135.17,-0.0657812,0.15802,-0.00571705,0.0268884
135.193,-0.0658523,0.159486,-0.00759941,0.0262642
135.215,-0.0659069,0.160917,-0.00947796,0.0256347
135.238,-0.0659451,0.162312,-0.0113524,0.0250002
135.261,-0.0659669,0.16367,-0.0132221,0.0243608
135.283,-0.0659723,0.164992,-0.0150868,0.0237168
135.306,-0.0659614,0.166276,-0.016946,0.0230682
135.329,-0.0659341,0.167524,-0.0187993,0.0224154
135.351,-0.0658907,0.168733,-0.0206463,0.0217585
135.374,-0.065831,0.169905,-0.0224865,0.0210976
135.397,-0.0657552,0.171039,-0.0243195,0.020433
135.42,-0.0656634,0.172135,-0.026145,0.0197649
135.442,-0.0655555,0.173192,-0.0279624,0.0190935
135.465,-0.0654317,0.17421,-0.0297714,0.0184189
135.488,-0.065292,0.17519,-0.0315716,0.0177413
135.51,-0.0651365,0.17613,-0.0333626,0.017061
135.533,-0.0649653,0.177031,-0.035144,0.0163781
135.556,-0.0647785,0.177892,-0.0369153,0.0156928
135.578,-0.0645761,0.178713,-0.0386761,0.0150053
135.601,-0.0643583,0.179495,-0.0404261,0.0143159
135.624,-0.064125,0.180237,-0.042165,0.0136246
135.646,-0.0638766,0.180938,-0.0438921,0.0129317
135.669,-0.0636129,0.181599,-0.0456073,0.0122375
135.692,-0.0633342,0.18222,-0.0473101,0.011542
135.714,-0.0630405,0.1828,-0.0490001,0.0108455
135.737,-0.062732,0.183339,-0.050677,0.0101481
135.76,-0.0624088,0.183837,-0.0523403,0.00945015
135.782,-0.0620709,0.184294,-0.0539898,0.00875175
135.805,-0.0617186,0.184711,-0.0556249,0.00805309
135.828,-0.0613519,0.185086,-0.0572455,0.00735437
135.85,-0.060971,0.18542,-0.0588511,0.00665581
135.873,-0.0605759,0.185713,-0.0604413,0.00595758
135.896,-0.0601669,0.185965,-0.0620159,0.00525986
135.918,-0.0597441,0.186175,-0.0635744,0.00456286
135.941,-0.0593076,0.186344,-0.0651165,0.00386676
135.964,-0.0588575,0.186471,-0.0666419,0.00317176
135.986,-0.0583941,0.186557,-0.0681502,0.00247804
136.009,-0.0579174,0.186602,-0.0696411,0.00178579
136.032,-0.0574276,0.186605,-0.0711144,0.0010952
136.054,-0.0569249,0.186567,-0.0725696,0.000406456
136.077,-0.0564095,0.186487,-0.0740064,-0.000280269
136.1,-0.0558814,0.186367,-0.0754245,-0.000964773
136.122,-0.0553409,0.186204,-0.0768237,-0.00164687
136.145,-0.0547881,0.186001,-0.0782036,-0.00232639
136.168,-0.0542232,0.185756,-0.0795639,-0.00300315
136.19,-0.0536464,0.185471,-0.0809043,-0.00367697
136.213,-0.0530578,0.185144,-0.0822246,-0.00434765
136.236,-0.0524576,0.184776,-0.0835244,-0.00501504
136.259,-0.0518461,0.184367,-0.0848035,-0.00567894
136.281,-0.0512233,0.183918,-0.0860615,-0.00633921
136.304,-0.0505896,0.183428,-0.0872983,-0.00699563
136.327,-0.049945,0.182897,-0.0885136,-0.00764806
136.349,-0.0492897,0.182326,-0.089707,-0.00829631
136.372,-0.048624,0.181715,-0.0908785,-0.00894024
136.395,-0.0479481,0.181063,-0.0920276,-0.00957963
136.417,-0.0472621,0.180372,-0.0931541,-0.0102144
136.44,-0.0465662,0.179641,-0.0942579,-0.0108443
136.463,-0.0458607,0.17887,-0.0953387,-0.0114692
136.485,-0.0451457,0.17806,-0.0963962,-0.0120889
136.508,-0.0444215,0.177211,-0.0974303,-0.0127033
136.531,-0.0436883,0.176322,-0.0984407,-0.0133122
136.553,-0.0429462,0.175395,-0.0994272,-0.0139155
136.576,-0.0421955,0.174429,-0.10039,-0.0145129
136.599,-0.0414364,0.173425,-0.101328,-0.0151045
136.621,-0.0406692,0.172382,-0.102242,-0.0156899
136.644,-0.0398939,0.171302,-0.103131,-0.0162691
136.667,-0.0391109,0.170184,-0.103995,-0.0168419
136.689,-0.0383204,0.169029,-0.104834,-0.0174082
136.712,-0.0375225,0.167836,-0.105648,-0.0179678
136.735,-0.0367176,0.166607,-0.106437,-0.0185206
136.757,-0.0359057,0.165341,-0.1072,-0.0190664
136.78,-0.0350873,0.164039,-0.107937,-0.0196052
136.803,-0.0342624,0.162701,-0.108649,-0.0201367
136.825,-0.0334313,0.161327,-0.109335,-0.0206609
136.848,-0.0325943,0.159918,-0.109995,-0.0211776
136.871,-0.0317515,0.158474,-0.110628,-0.0216866
136.893,-0.0309032,0.156995,-0.111235,-0.022188
136.916,-0.0300497,0.155482,-0.111816,-0.0226815
136.939,-0.029191,0.153935,-0.11237,-0.023167
136.961,-0.0283276,0.152354,-0.112898,-0.0236444
136.984,-0.0274596,0.15074,-0.113399,-0.0241136
137.007,-0.0265873,0.149093,-0.113873,-0.0245745
137.029,-0.0257108,0.147414,-0.114321,-0.025027
137.052,-0.0248305,0.145703,-0.114741,-0.025471
137.075,-0.0239465,0.143959,-0.115134,-0.0259063
137.098,-0.0230591,0.142185,-0.1155,-0.0263328
137.12,-0.0221685,0.140379,-0.115839,-0.0267506
137.143,-0.021275,0.138543,-0.116151,-0.0271594
137.166,-0.0203788,0.136677,-0.116436,-0.0275592
137.188,-0.0194802,0.134781,-0.116693,-0.0279498
137.211,-0.0185793,0.132856,-0.116923,-0.0283313
137.234,-0.0176764,0.130902,-0.117126,-0.0287035
137.256,-0.0167718,0.128919,-0.117301,-0.0290663
137.279,-0.0158656,0.126909,-0.117449,-0.0294196
137.302,-0.0149582,0.124871,-0.11757,-0.0297635
137.324,-0.0140497,0.122807,-0.117663,-0.0300977
137.347,-0.0131404,0.120715,-0.117729,-0.0304222
137.37,-0.0122305,0.118598,-0.117768,-0.0307371
137.392,-0.0113203,0.116455,-0.117779,-0.0310421
137.415,-0.01041,0.114287,-0.117763,-0.0313372
137.438,-0.0094998,0.112095,-0.11772,-0.0316224
137.46,-0.00858996,0.109878,-0.117649,-0.0318976
137.483,-0.00768073,0.107638,-0.117551,-0.0321628
137.506,-0.00677231,0.105374,-0.117427,-0.0324179
137.528,-0.00586495,0.103088,-0.117275,-0.0326628
137.551,-0.00495887,0.10078,-0.117096,-0.0328976
137.574,-0.00405432,0.0984503,-0.11689,-0.0331221
137.596,-0.0031515,0.0960996,-0.116657,-0.0333364
137.619,-0.00225066,0.0937285,-0.116398,-0.0335404
137.642,-0.00135201,0.0913373,-0.116112,-0.033734
137.664,-0.000455789,0.0889268,-0.115799,-0.0339173
137.687,0.000437789,0.0864973,-0.11546,-0.0340902
137.71,0.00132849,0.0840496,-0.115095,-0.0342526
137.732,0.00221611,0.081584,-0.114703,-0.0344047
137.755,0.00310041,0.0791012,-0.114285,-0.0345462
137.778,0.00398118,0.0766017,-0.113841,-0.0346773
137.8,0.0048582,0.0740862,-0.113371,-0.0347979
137.823,0.00573125,0.0715551,-0.112876,-0.034908
137.846,0.00660013,0.069009,-0.112354,-0.0350077
137.868,0.00746461,0.0664485,-0.111808,-0.0350968
137.891,0.00832449,0.0638742,-0.111236,-0.0351754
137.914,0.00917956,0.0612867,-0.110639,-0.0352435
137.937,0.0100296,0.0586865,-0.110017,-0.0353011
137.959,0.0108744,0.0560741,-0.10937,-0.0353482
137.982,0.0117138,0.0534503,-0.108698,-0.0353849
138.005,0.0125475,0.0508156,-0.108003,-0.0354111
138.027,0.0133755,0.0481705,-0.107282,-0.0354268
138.05,0.0141973,0.0455158,-0.106538,-0.0354321
138.073,0.015013,0.0428519,-0.10577,-0.035427
138.095,0.0158222,0.0401794,-0.104978,-0.0354115
138.118,0.0166248,0.037499,-0.104163,-0.0353857
138.141,0.0174206,0.0348113,-0.103325,-0.0353496
138.163,0.0182095,0.0321168,-0.102464,-0.0353032
138.186,0.0189911,0.0294162,-0.101579,-0.0352465
138.209,0.0197654,0.0267101,-0.100673,-0.0351796
138.231,0.0205321,0.023999,-0.0997436,-0.0351026
138.254,0.0212911,0.0212836,-0.0987925,-0.0350155
138.277,0.0220422,0.0185644,-0.0978195,-0.0349183
138.299,0.0227852,0.0158422,-0.096825,-0.0348111
138.322,0.02352,0.0131174,-0.0958092,-0.0346939
138.345,0.0242464,0.0103908,-0.0947722,-0.0345668
138.367,0.0249642,0.00766284,-0.0937145,-0.0344299
138.39,0.0256733,0.00493421,-0.0926363,-0.0342831
138.413,0.0263734,0.00220551,-0.0915378,-0.0341267
138.435,0.0270645,-0.000522673,-0.0904193,-0.0339606
138.458,0.0277464,-0.00324972,-0.0892811,-0.033785
138.481,0.028419,-0.00597501,-0.0881235,-0.0335998
138.503,0.029082,-0.00869797,-0.0869468,-0.0334052
138.526,0.0297353,-0.0114179,-0.0857512,-0.0332012
138.549,0.0303788,-0.0141343,-0.0845372,-0.032988
138.571,0.0310124,-0.0168466,-0.0833048,-0.0327656
138.594,0.031636,-0.0195541,-0.0820546,-0.0325341
138.617,0.0322492,-0.0222562,-0.0807868,-0.0322935
138.639,0.0328522,-0.0249524,-0.0795017,-0.0320441
138.662,0.0334446,-0.027642,-0.0781996,-0.0317858
138.685,0.0340265,-0.0303244,-0.0768809,-0.0315187
138.707,0.0345976,-0.0329991,-0.0755458,-0.0312431
138.73,0.0351578,-0.0356654,-0.0741947,-0.0309588
138.753,0.0357071,-0.0383228,-0.072828,-0.0306662
138.776,0.0362453,-0.0409707,-0.0714459,-0.0303652
138.798,0.0367724,-0.0436084,-0.0700489,-0.0300559
138.821,0.0372881,-0.0462355,-0.0686371,-0.0297386
138.844,0.0377924,-0.0488512,-0.0672111,-0.0294132
138.866,0.0382852,-0.0514552,-0.0657712,-0.02908
138.889,0.0387664,-0.0540466,-0.0643176,-0.0287389
138.912,0.039236,-0.0566251,-0.0628508,-0.0283902
138.934,0.0396937,-0.05919,-0.061371,-0.028034
138.957,0.0401396,-0.0617408,-0.0598787,-0.0276703
138.98,0.0405735,-0.0642768,-0.0583743,-0.0272993
139.002,0.0409954,-0.0667976,-0.056858,-0.0269211
139.025,0.0414051,-0.0693026,-0.0553303,-0.0265359
139.048,0.0418027,-0.0717912,-0.0537915,-0.0261438
139.07,0.042188,-0.0742628,-0.052242,-0.0257448
139.093,0.042561,-0.076717,-0.0506821,-0.0253392
139.116,0.0429215,-0.0791532,-0.0491124,-0.0249271
139.138,0.0432697,-0.0815709,-0.047533,-0.0245086
139.161,0.0436053,-0.0839695,-0.0459444,-0.0240838
139.184,0.0439284,-0.0863485,-0.044347,-0.0236529
139.206,0.0442388,-0.0887074,-0.0427411,-0.023216
139.229,0.0445366,-0.0910456,-0.0411272,-0.0227733
139.252,0.0448217,-0.0933627,-0.0395056,-0.0223249
139.274,0.045094,-0.0956581,-0.0378767,-0.0218709
139.297,0.0453536,-0.0979314,-0.0362409,-0.0214115
139.32,0.0456003,-0.100182,-0.0345986,-0.0209469
139.342,0.0458343,-0.102409,-0.0329502,-0.0204772
139.365,0.0460553,-0.104613,-0.031296,-0.0200025
139.388,0.0462635,-0.106793,-0.0296365,-0.019523
139.41,0.0464587,-0.108948,-0.0279721,-0.0190388
139.433,0.046641,-0.111078,-0.0263031,-0.0185501
139.456,0.0468104,-0.113182,-0.0246299,-0.0180571
139.478,0.0469668,-0.115261,-0.022953,-0.0175599
139.501,0.0471103,-0.117313,-0.0212727,-0.0170586
139.524,0.0472408,-0.119338,-0.0195894,-0.0165534
139.546,0.0473584,-0.121336,-0.0179035,-0.0160445
139.569,0.0474631,-0.123306,-0.0162155,-0.0155321
139.592,0.0475548,-0.125248,-0.0145257,-0.0150162
139.615,0.0476335,-0.127161,-0.0128344,-0.0144971
139.637,0.0476994,-0.129045,-0.0111422,-0.0139749
139.66,0.0477524,-0.1309,-0.00944935,-0.0134498
139.683,0.0477925,-0.132725,-0.00775631,-0.0129219
139.705,0.0478197,-0.134519,-0.00606345,-0.0123914
139.728,0.0478341,-0.136283,-0.00437119,-0.0118584
139.751,0.0478358,-0.138016,-0.00267988,-0.0113232
139.773,0.0478247,-0.139718,-0.000989977,-0.0107859
139.796,0.0478009,-0.141387,0.000698225,-0.0102466
139.819,0.0477644,-0.143025,0.00238426,-0.00970552
139.841,0.0477154,-0.14463,0.00406772,-0.00916283
139.864,0.0476537,-0.146203,0.00574827,-0.00861869
139.887,0.0475795,-0.147742,0.00742549,-0.00807325
139.909,0.0474929,-0.149248,0.00909901,-0.00752668
139.932,0.0473938,-0.15072,0.0107684,-0.00697916
139.955,0.0472824,-0.152158,0.0124334,-0.00643085
139.977,0.0471587,-0.153561,0.0140935,-0.00588189
140,0.0470228,-0.15493,0.0157483,-0.00533249
140.023,0.0468748,-0.156264,0.0173975,-0.00478277
140.045,0.0467147,-0.157562,0.0190407,-0.00423293
140.068,0.0465426,-0.158825,0.0206776,-0.00368312
140.091,0.0463586,-0.160052,0.0223077,-0.0031335
140.113,0.0461627,-0.161243,0.0239307,-0.00258424
140.136,0.0459551,-0.162397,0.0255461,-0.00203551
140.159,0.0457359,-0.163515,0.0271538,-0.00148746
140.181,0.0455051,-0.164596,0.0287532,-0.000940251
140.204,0.0452628,-0.16564,0.0303439,-0.000394082
140.227,0.0450092,-0.166647,0.0319258,0.000150928
140.249,0.0447443,-0.167616,0.0334983,0.000694607
140.272,0.0444682,-0.168548,0.0350612,0.00123678
140.295,0.044181,-0.169441,0.036614,0.0017773
140.317,0.0438829,-0.170297,0.0381565,0.00231599
140.34,0.043574,-0.171114,0.0396883,0.00285273
140.363,0.0432543,-0.171893,0.041209,0.00338731
140.385,0.0429241,-0.172634,0.0427183,0.00391961
140.408,0.0425833,-0.173335,0.0442158,0.00444946
140.431,0.0422322,-0.173998,0.0457013,0.00497672
140.454,0.0418708,-0.174622,0.0471743,0.00550121
140.476,0.0414993,-0.175207,0.0486346,0.00602279
140.499,0.0411178,-0.175752,0.0500819,0.00654131
140.522,0.0407265,-0.176258,0.0515157,0.00705661
140.544,0.0403254,-0.176725,0.0529359,0.00756857
140.567,0.0399147,-0.177152,0.054342,0.00807699
140.59,0.0394946,-0.17754,0.0557338,0.00858174
140.612,0.0390652,-0.177888,0.0571109,0.00908272
140.635,0.0386266,-0.178196,0.0584731,0.00957973
140.658,0.038179,-0.178465,0.05982,0.0100726
140.68,0.0377225,-0.178693,0.0611514,0.0105613
140.703,0.0372573,-0.178882,0.0624669,0.0110456
140.726,0.0367835,-0.179031,0.0637664,0.0115254
140.748,0.0363013,-0.17914,0.0650494,0.0120005
140.771,0.0358108,-0.179209,0.0663157,0.0124708
140.794,0.0353123,-0.179238,0.067565,0.0129362
140.816,0.0348057,-0.179227,0.0687971,0.0133966
140.839,0.0342914,-0.179176,0.0700117,0.0138517
140.862,0.0337694,-0.179086,0.0712085,0.0143016
140.884,0.03324,-0.178955,0.0723873,0.0147459
140.907,0.0327033,-0.178785,0.0735478,0.0151847
140.93,0.0321594,-0.178575,0.0746898,0.0156178
140.952,0.0316086,-0.178326,0.075813,0.0160451
140.975,0.031051,-0.178037,0.0769172,0.0164664
140.998,0.0304868,-0.177708,0.0780021,0.0168817
141.02,0.0299161,-0.17734,0.0790676,0.0172908
141.043,0.0293391,-0.176933,0.0801133,0.0176936
141.066,0.0287561,-0.176486,0.0811391,0.0180899
141.088,0.0281671,-0.176001,0.0821447,0.0184798
141.111,0.0275724,-0.175476,0.08313,0.018863
141.134,0.0269721,-0.174912,0.0840947,0.0192395
141.156,0.0263664,-0.17431,0.0850387,0.0196092
141.179,0.0257555,-0.17367,0.0859617,0.0199719
141.202,0.0251397,-0.172991,0.0868635,0.0203275
141.224,0.0245189,-0.172273,0.087744,0.0206761
141.247,0.0238935,-0.171518,0.088603,0.0210173
141.27,0.0232637,-0.170725,0.0894403,0.0213513
141.293,0.0226295,-0.169894,0.0902557,0.0216778
141.315,0.0219913,-0.169025,0.0910491,0.0219968
141.338,0.0213492,-0.16812,0.0918203,0.0223082
141.361,0.0207033,-0.167177,0.0925691,0.0226119
141.383,0.0200539,-0.166198,0.0932955,0.0229079
141.406,0.0194012,-0.165182,0.0939992,0.023196
141.429,0.0187453,-0.164129,0.0946802,0.0234761
141.451,0.0180864,-0.163041,0.0953383,0.0237483
141.474,0.0174248,-0.161917,0.0959733,0.0240124
141.497,0.0167606,-0.160757,0.0965852,0.0242684
141.519,0.016094,-0.159562,0.0971738,0.0245161
141.542,0.0154252,-0.158332,0.097739,0.0247556
141.565,0.0147544,-0.157067,0.0982808,0.0249867
141.587,0.0140817,-0.155768,0.098799,0.0252094
141.61,0.0134075,-0.154434,0.0992935,0.0254237
141.633,0.0127318,-0.153067,0.0997643,0.0256294
141.655,0.0120549,-0.151666,0.100211,0.0258266
141.678,0.0113769,-0.150233,0.100634,0.0260152
141.701,0.010698,-0.148766,0.101033,0.0261951
141.723,0.0100185,-0.147267,0.101408,0.0263663
141.746,0.00933852,-0.145736,0.101759,0.0265288
141.769,0.00865823,-0.144173,0.102086,0.0266824
141.791,0.00797785,-0.142578,0.102388,0.0268272
141.814,0.00729755,-0.140953,0.102666,0.0269632
141.837,0.00661754,-0.139297,0.10292,0.0270903
141.859,0.005938,-0.13761,0.10315,0.0272085
141.882,0.00525911,-0.135894,0.103355,0.0273177
141.905,0.00458107,-0.134148,0.103536,0.0274179
141.927,0.00390406,-0.132373,0.103693,0.0275092
141.95,0.00322827,-0.13057,0.103825,0.0275914
141.973,0.00255388,-0.128738,0.103933,0.0276646
141.995,0.00188107,-0.126878,0.104016,0.0277288
142.018,0.00121005,-0.124991,0.104075,0.0277839
142.041,0.000540972,-0.123077,0.10411,0.02783
142.063,-0.000125967,-0.121136,0.10412,0.027867
142.086,-0.000790585,-0.11917,0.104106,0.0278949
142.109,-0.00145271,-0.117177,0.104068,0.0279138
142.132,-0.00211216,-0.11516,0.104006,0.0279236
142.154,-0.00276875,-0.113117,0.103919,0.0279244
142.177,-0.00342231,-0.111051,0.103808,0.0279161
142.2,-0.00407267,-0.10896,0.103673,0.0278988
142.222,-0.00471964,-0.106847,0.103515,0.0278725
142.245,-0.00536307,-0.10471,0.103332,0.0278372
142.268,-0.00600277,-0.102551,0.103125,0.0277929
142.29,-0.00663858,-0.10037,0.102895,0.0277396
142.313,-0.00727032,-0.0981683,0.10264,0.0276774
142.336,-0.00789784,-0.0959453,0.102363,0.0276063
142.358,-0.00852096,-0.093702,0.102061,0.0275263
142.381,-0.00913953,-0.0914389,0.101736,0.0274375
142.404,-0.00975337,-0.0891564,0.101388,0.0273398
142.426,-0.0103623,-0.0868551,0.101017,0.0272334
142.449,-0.0109663,-0.0845355,0.100622,0.0271182
142.472,-0.011565,-0.0821982,0.100205,0.0269944
142.494,-0.0121584,-0.0798436,0.0997647,0.0268619
142.517,-0.0127462,-0.0774723,0.0993017,0.0267208
142.54,-0.0133284,-0.0750849,0.098816,0.0265712
142.562,-0.0139048,-0.0726819,0.098308,0.0264131
142.585,-0.0144753,-0.0702638,0.0977776,0.0262466
142.608,-0.0150397,-0.0678311,0.097225,0.0260716
142.63,-0.0155978,-0.0653845,0.0966505,0.0258884
142.653,-0.0161495,-0.0629245,0.0960542,0.0256969
142.676,-0.0166947,-0.0604516,0.0954362,0.0254972
142.698,-0.0172332,-0.0579664,0.0947966,0.0252894
142.721,-0.017765,-0.0554694,0.0941358,0.0250735
142.744,-0.0182898,-0.0529613,0.0934539,0.0248497
142.766,-0.0188075,-0.0504426,0.092751,0.0246179
142.789,-0.0193181,-0.0479138,0.0920273,0.0243783
142.812,-0.0198213,-0.0453755,0.0912831,0.024131
142.834,-0.0203171,-0.0428283,0.0905185,0.023876
142.857,-0.0208054,-0.0402728,0.0897337,0.0236135
142.88,-0.0212859,-0.0377095,0.0889291,0.0233434
142.902,-0.0217587,-0.0351391,0.0881046,0.0230659
142.925,-0.0222235,-0.032562,0.0872607,0.0227811
142.948,-0.0226804,-0.0299789,0.0863975,0.0224891
142.971,-0.0231291,-0.0273904,0.0855152,0.02219
142.993,-0.0235695,-0.024797,0.0846141,0.0218838
143.016,-0.0240016,-0.0221993,0.0836944,0.0215707
143.039,-0.0244253,-0.019598,0.0827563,0.0212508
143.061,-0.0248404,-0.0169935,0.0818001,0.0209241
143.084,-0.0252469,-0.0143865,0.080826,0.0205908
143.107,-0.0256446,-0.0117775,0.0798343,0.020251
143.129,-0.0260335,-0.00916719,0.0788253,0.0199048
143.152,-0.0264135,-0.00655613,0.0777991,0.0195522
143.175,-0.0267845,-0.00394479,0.0767561,0.0191935
143.197,-0.0271464,-0.00133391,0.0756966,0.0188288
143.22,-0.0274991,0.00127603,0.0746207,0.018458
143.243,-0.0278426,0.0038844,0.0735288,0.0180814
143.265,-0.0281768,0.00649061,0.0724211,0.0176992
143.288,-0.0285015,0.00909413,0.071298,0.0173113
143.311,-0.0288168,0.0116943,0.0701597,0.0169179
143.333,-0.0291226,0.0142907,0.0690064,0.0165192
143.356,-0.0294188,0.0168825,0.0678386,0.0161152
143.379,-0.0297054,0.0194693,0.0666564,0.0157062
143.401,-0.0299822,0.0220505,0.0654602,0.0152922
143.424,-0.0302493,0.0246255,0.0642503,0.0148733
143.447,-0.0305065,0.0271938,0.0630269,0.0144498
143.469,-0.0307539,0.0297547,0.0617905,0.0140217
143.492,-0.0309914,0.0323077,0.0605412,0.0135891
143.515,-0.0312189,0.0348522,0.0592794,0.0131522
143.537,-0.0314364,0.0373877,0.0580054,0.0127112
143.56,-0.0316439,0.0399136,0.0567196,0.0122661
143.583,-0.0318413,0.0424293,0.0554221,0.0118172
143.605,-0.0320286,0.0449343,0.0541135,0.0113644
143.628,-0.0322058,0.047428,0.0527939,0.0109081
143.651,-0.0323728,0.0499099,0.0514637,0.0104483
143.673,-0.0325297,0.0523794,0.0501233,0.00998523
143.696,-0.0326763,0.054836,0.0487729,0.00951895
143.719,-0.0328127,0.0572791,0.0474129,0.00904962
143.741,-0.0329389,0.0597082,0.0460437,0.00857743
143.764,-0.0330549,0.0621228,0.0446655,0.00810249
143.787,-0.0331605,0.0645223,0.0432787,0.00762495
143.81,-0.033256,0.0669062,0.0418835,0.00714498
143.832,-0.0333411,0.0692739,0.0404805,0.0066627
143.855,-0.0334161,0.0716249,0.03907,0.0061783
143.878,-0.0334807,0.0739588,0.0376521,0.00569188
143.9,-0.0335351,0.0762751,0.0362274,0.00520364
143.923,-0.0335793,0.0785731,0.034796,0.0047137
143.946,-0.0336132,0.0808524,0.0333585,0.00422223
143.968,-0.0336369,0.0831125,0.0319151,0.00372937
143.991,-0.0336505,0.0853529,0.0304661,0.00323527
144.014,-0.0336538,0.0875731,0.029012,0.00274011
144.036,-0.033647,0.0897726,0.0275531,0.00224401
144.059,-0.0336301,0.091951,0.0260897,0.00174714
144.082,-0.0336031,0.0941077,0.0246221,0.00124965
144.104,-0.033566,0.0962423,0.0231508,0.000751709
144.127,-0.0335189,0.0983543,0.0216761,0.000253452
144.15,-0.0334617,0.100443,0.0201983,-0.000244967
144.172,-0.0333947,0.102509,0.0187177,-0.000743369
144.195,-0.0333177,0.10455,0.0172348,-0.00124162
144.218,-0.0332309,0.106567,0.0157499,-0.00173957
144.24,-0.0331342,0.10856,0.0142633,-0.00223704
144.263,-0.0330279,0.110527,0.0127754,-0.00273392
144.286,-0.0329117,0.112468,0.0112865,-0.00323001
144.308,-0.032786,0.114383,0.00979707,-0.00372517
144.331,-0.0326506,0.116272,0.00830734,-0.00421926
144.354,-0.0325057,0.118133,0.00681771,-0.00471211
144.376,-0.0323514,0.119968,0.00532849,-0.00520358
144.399,-0.0321877,0.121774,0.00384011,-0.0056935
144.422,-0.0320146,0.123553,0.00235286,-0.00618174
144.444,-0.0318323,0.125303,0.000867081,-0.00666815
144.467,-0.0316408,0.127024,-0.00061685,-0.00715254
144.49,-0.0314402,0.128716,-0.00209857,-0.0076348
144.512,-0.0312306,0.130378,-0.00357779,-0.00811476
144.535,-0.031012,0.13201,-0.00505412,-0.00859229
144.558,-0.0307846,0.133612,-0.00652723,-0.00906722
144.58,-0.0305485,0.135183,-0.00799676,-0.00953941
144.603,-0.0303036,0.136723,-0.00946237,-0.0100087
144.626,-0.0300502,0.138232,-0.0109238,-0.010475
144.649,-0.0297883,0.139709,-0.0123805,-0.0109381
144.671,-0.029518,0.141154,-0.0138324,-0.0113979
144.694,-0.0292394,0.142567,-0.015279,-0.0118542
144.717,-0.0289526,0.143947,-0.0167201,-0.0123069
144.739,-0.0286578,0.145294,-0.0181552,-0.0127559
144.762,-0.0283549,0.146608,-0.019584,-0.013201
144.785,-0.0280442,0.147889,-0.0210063,-0.013642
144.807,-0.0277257,0.149136,-0.0224216,-0.0140789
144.83,-0.0273995,0.150349,-0.0238297,-0.0145115
144.853,-0.0270659,0.151527,-0.0252303,-0.0149397
144.875,-0.0267247,0.152672,-0.026623,-0.0153633
144.898,-0.0263763,0.153781,-0.0280075,-0.0157822
144.921,-0.0260207,0.154856,-0.0293834,-0.0161962
144.943,-0.0256581,0.155895,-0.0307506,-0.0166053
144.966,-0.0252885,0.156899,-0.0321086,-0.0170093
144.989,-0.0249121,0.157867,-0.0334571,-0.0174081
145.011,-0.024529,0.1588,-0.034796,-0.0178015
145.034,-0.0241393,0.159696,-0.0361248,-0.0181895
145.057,-0.0237432,0.160557,-0.0374432,-0.0185719
145.079,-0.0233409,0.161381,-0.0387509,-0.0189486
145.102,-0.0229323,0.162168,-0.0400478,-0.0193194
145.125,-0.0225178,0.162919,-0.0413334,-0.0196843
145.147,-0.0220973,0.163633,-0.0426075,-0.0200431
145.17,-0.0216711,0.16431,-0.0438697,-0.0203958
145.193,-0.0212393,0.16495,-0.0451199,-0.0207422
145.215,-0.020802,0.165553,-0.0463578,-0.0210821
145.238,-0.0203594,0.166118,-0.047583,-0.0214156
145.261,-0.0199116,0.166646,-0.0487952,-0.0217424
145.283,-0.0194588,0.167137,-0.0499943,-0.0220626
145.306,-0.0190011,0.167589,-0.0511799,-0.0223759
145.329,-0.0185386,0.168004,-0.0523519,-0.0226823
145.351,-0.0180715,0.168382,-0.0535098,-0.0229817
145.374,-0.0176,0.168721,-0.0546536,-0.0232739
145.397,-0.0171243,0.169023,-0.0557828,-0.023559
145.42,-0.0166443,0.169286,-0.0568974,-0.0238367
145.442,-0.0161604,0.169512,-0.057997,-0.0241071
145.465,-0.0156726,0.169699,-0.0590813,-0.02437
145.488,-0.0151812,0.169849,-0.0601503,-0.0246253
145.51,-0.0146862,0.16996,-0.0612036,-0.024873
145.533,-0.0141879,0.170034,-0.062241,-0.0251129
145.556,-0.0136864,0.170069,-0.0632622,-0.025345
145.578,-0.0131818,0.170066,-0.0642672,-0.0255693
145.601,-0.0126743,0.170026,-0.0652556,-0.0257855
145.624,-0.0121641,0.169947,-0.0662272,-0.0259938
145.646,-0.0116513,0.16983,-0.0671818,-0.0261939
145.669,-0.0111361,0.169676,-0.0681193,-0.0263859
145.692,-0.0106187,0.169483,-0.0690394,-0.0265696
145.714,-0.0100992,0.169253,-0.069942,-0.0267451
145.737,-0.00957769,0.168985,-0.0708267,-0.0269122
145.76,-0.00905445,0.168679,-0.0716936,-0.0270708
145.782,-0.00852961,0.168336,-0.0725423,-0.027221
145.805,-0.00800333,0.167956,-0.0733728,-0.0273627
145.828,-0.00747577,0.167538,-0.0741848,-0.0274958
145.85,-0.00694709,0.167082,-0.0749781,-0.0276203
145.873,-0.00641746,0.16659,-0.0757527,-0.0277361
145.896,-0.00588704,0.166061,-0.0765083,-0.0278432
145.918,-0.00535599,0.165495,-0.0772449,-0.0279415
145.941,-0.00482448,0.164892,-0.0779621,-0.0280311
145.964,-0.00429267,0.164252,-0.07866,-0.0281118
145.986,-0.00376071,0.163577,-0.0793384,-0.0281837
146.009,-0.00322878,0.162865,-0.0799971,-0.0282467
146.032,-0.00269704,0.162117,-0.080636,-0.0283007
146.054,-0.00216565,0.161333,-0.081255,-0.0283459
146.077,-0.00163477,0.160513,-0.0818539,-0.0283821
146.1,-0.00110456,0.159658,-0.0824328,-0.0284093
146.122,-0.000575185,0.158768,-0.0829913,-0.0284275
146.145,-4.68045e-05,0.157843,-0.0835295,-0.0284367
146.168,0.000480425,0.156883,-0.0840473,-0.0284368
146.19,0.00100634,0.155889,-0.0845445,-0.028428
146.213,0.00153078,0.15486,-0.0850211,-0.0284101
146.236,0.00205358,0.153797,-0.0854769,-0.0283831
146.259,0.00257461,0.1527,-0.0859119,-0.0283472
146.281,0.00309368,0.15157,-0.0863261,-0.0283022
146.304,0.00361065,0.150407,-0.0867194,-0.0282481
146.327,0.00412536,0.14921,-0.0870916,-0.028185
146.349,0.00463767,0.147981,-0.0874428,-0.0281129
146.372,0.0051474,0.14672,-0.0877728,-0.0280318
146.395,0.00565442,0.145426,-0.0880817,-0.0279417
146.417,0.00615856,0.144101,-0.0883694,-0.0278427
146.44,0.00665969,0.142744,-0.0886358,-0.0277347
146.463,0.00715764,0.141356,-0.0888809,-0.0276177
146.485,0.00765228,0.139937,-0.0891048,-0.0274919
146.508,0.00814344,0.138488,-0.0893073,-0.0273571
146.531,0.008631,0.137008,-0.0894885,-0.0272136
146.553,0.00911479,0.135499,-0.0896483,-0.0270612
146.576,0.00959469,0.13396,-0.0897868,-0.0269001
146.599,0.0100705,0.132393,-0.0899038,-0.0267302
146.621,0.0105422,0.130796,-0.0899996,-0.0265516
146.644,0.0110095,0.129171,-0.090074,-0.0263644
146.667,0.0114724,0.127519,-0.090127,-0.0261685
146.689,0.0119307,0.125838,-0.0901586,-0.0259642
146.712,0.0123842,0.124131,-0.0901691,-0.0257513
146.735,0.0128329,0.122397,-0.0901582,-0.0255299
146.757,0.0132766,0.120636,-0.0901261,-0.0253002
146.78,0.0137151,0.11885,-0.0900728,-0.0250622
146.803,0.0141484,0.117037,-0.0899983,-0.0248159
146.825,0.0145763,0.1152,-0.0899027,-0.0245613
146.848,0.0149986,0.113338,-0.0897861,-0.0242987
146.871,0.0154154,0.111452,-0.0896484,-0.0240279
146.893,0.0158264,0.109542,-0.0894899,-0.0237492
146.916,0.0162315,0.107609,-0.0893104,-0.0234625
146.939,0.0166306,0.105653,-0.0891102,-0.023168
146.961,0.0170236,0.103674,-0.0888893,-0.0228658
146.984,0.0174103,0.101673,-0.0886477,-0.0225558
147.007,0.0177907,0.099651,-0.0883856,-0.0222383
147.029,0.0181647,0.0976076,-0.088103,-0.0219132
147.052,0.0185321,0.0955436,-0.0878001,-0.0215807
147.075,0.0188929,0.0934596,-0.0874769,-0.0212408
147.098,0.0192469,0.0913558,-0.0871336,-0.0208938
147.12,0.019594,0.0892329,-0.0867702,-0.0205395
147.143,0.0199341,0.0870913,-0.086387,-0.0201782
147.166,0.0202672,0.0849315,-0.0859839,-0.01981
147.188,0.0205931,0.082754,-0.0855612,-0.0194348
147.211,0.0209117,0.0805593,-0.0851189,-0.019053
147.234,0.021223,0.0783479,-0.0846572,-0.0186645
147.256,0.0215269,0.0761203,-0.0841762,-0.0182694
147.279,0.0218232,0.0738771,-0.0836761,-0.0178679
147.302,0.0221119,0.0716187,-0.0831571,-0.0174602
147.324,0.0223929,0.0693457,-0.0826192,-0.0170462
147.347,0.0226662,0.0670586,-0.0820626,-0.0166261
147.37,0.0229316,0.0647578,-0.0814875,-0.0162
147.392,0.023189,0.062444,-0.0808941,-0.0157681
147.415,0.0234385,0.0601177,-0.0802824,-0.0153305
147.438,0.0236799,0.0577793,-0.0796528,-0.0148872
147.46,0.0239132,0.0554295,-0.0790053,-0.0144385
147.483,0.0241383,0.0530687,-0.0783402,-0.0139843
147.506,0.0243551,0.0506975,-0.0776577,-0.013525
147.528,0.0245636,0.0483164,-0.0769578,-0.0130606
147.551,0.0247637,0.045926,-0.0762409,-0.0125912
147.574,0.0249554,0.0435269,-0.075507,-0.0121169
147.596,0.0251386,0.0411195,-0.0747565,-0.011638
147.619,0.0253133,0.0387044,-0.0739896,-0.0111545
147.642,0.0254793,0.0362822,-0.0732063,-0.0106665
147.664,0.0256368,0.0338534,-0.072407,-0.0101743
147.687,0.0257855,0.0314185,-0.0715918,-0.0096779
147.71,0.0259256,0.0289782,-0.070761,-0.0091775
147.732,0.0260569,0.0265329,-0.0699147,-0.00867322
147.755,0.0261794,0.0240833,-0.0690533,-0.00816524
147.778,0.0262932,0.0216298,-0.068177,-0.00765367
147.8,0.026398,0.0191731,-0.0672859,-0.00713865
147.823,0.026494,0.0167136,-0.0663803,-0.00662036
147.846,0.0265811,0.014252,-0.0654604,-0.00609894
147.868,0.0266593,0.0117888,-0.0645266,-0.00557452
147.891,0.0267286,0.00932449,-0.063579,-0.00504726
147.914,0.0267889,0.00685971,-0.0626178,-0.00451733
147.937,0.0268402,0.00439501,-0.0616434,-0.00398487
147.959,0.0268826,0.00193091,-0.060656,-0.00345001
147.982,0.026916,-0.000532013,-0.0596558,-0.00291295
148.005,0.0269404,-0.00299323,-0.0586431,-0.00237381
148.027,0.0269559,-0.00545214,-0.0576182,-0.00183277
148.05,0.0269623,-0.00790824,-0.0565813,-0.00128996
148.073,0.0269598,-0.010361,-0.0555326,-0.000745563
148.095,0.0269483,-0.0128097,-0.0544726,-0.000199718
148.118,0.0269278,-0.015254,-0.0534013,0.000347392
148.141,0.0268983,-0.0176933,-0.0523192,0.000895641
148.163,0.0268599,-0.020127,-0.0512263,0.00144484
148.186,0.0268126,-0.0225546,-0.0501232,0.00199485
148.209,0.0267564,-0.0249755,-0.04901,0.00254549
148.231,0.0266913,-0.0273891,-0.047887,0.00309662
148.254,0.0266173,-0.0297951,-0.0467545,0.00364806
148.277,0.0265345,-0.0321928,-0.0456128,0.00419965
148.299,0.0264429,-0.0345817,-0.0444621,0.00475124
148.322,0.0263425,-0.0369612,-0.0433028,0.00530266
148.345,0.0262334,-0.0393308,-0.0421352,0.00585376
148.367,0.0261156,-0.04169,-0.0409595,0.00640436
148.39,0.0259891,-0.0440383,-0.039776,0.0069543
148.413,0.025854,-0.0463751,-0.038585,0.00750344
148.435,0.0257104,-0.0487,-0.0373869,0.00805158
148.458,0.0255582,-0.0510123,-0.0361818,0.00859858
148.481,0.0253975,-0.0533117,-0.0349703,0.00914428
148.503,0.0252284,-0.0555975,-0.0337524,0.00968852
148.526,0.025051,-0.0578693,-0.0325285,0.0102311
148.549,0.0248652,-0.0601266,-0.031299,0.0107719
148.571,0.0246712,-0.0623689,-0.0300641,0.0113108
148.594,0.024469,-0.0645956,-0.0288241,0.0118475
148.617,0.0242587,-0.0668064,-0.0275794,0.012382
148.639,0.0240404,-0.0690006,-0.0263301,0.0129141
148.662,0.023814,-0.0711778,-0.0250768,0.0134435
148.685,0.0235798,-0.0733376,-0.0238196,0.0139702
148.707,0.0233377,-0.0754794,-0.0225588,0.014494
148.73,0.0230878,-0.0776028,-0.0212949,0.0150147
148.753,0.0228303,-0.0797074,-0.020028,0.0155322
148.776,0.0225652,-0.0817925,-0.0187584,0.0160463
148.798,0.0222926,-0.0838579,-0.0174866,0.0165569
148.821,0.0220125,-0.0859031,-0.0162128,0.0170638
148.844,0.0217251,-0.0879275,-0.0149373,0.0175668
148.866,0.0214305,-0.0899308,-0.0136604,0.0180658
148.889,0.0211287,-0.0919125,-0.0123824,0.0185607
148.912,0.0208199,-0.0938722,-0.0111036,0.0190513
148.934,0.020504,-0.0958094,-0.00982442,0.0195374
148.957,0.0201814,-0.0977238,-0.00854507,0.020019
148.98,0.0198519,-0.0996149,-0.00726587,0.0204957
149.002,0.0195158,-0.101482,-0.00598714,0.0209676
149.025,0.0191732,-0.103326,-0.00470916,0.0214344
149.048,0.0188241,-0.105144,-0.00343225,0.0218961
149.07,0.0184686,-0.106938,-0.00215673,0.0223524
149.093,0.0181069,-0.108707,-0.000882885,0.0228032
149.116,0.0177392,-0.11045,0.000388958,0.0232485
149.138,0.0173654,-0.112167,0.00165853,0.0236879
149.161,0.0169857,-0.113857,0.00292551,0.0241215
149.184,0.0166003,-0.115521,0.00418963,0.0245491
149.206,0.0162092,-0.117157,0.00545051,0.0249705
149.229,0.0158126,-0.118766,0.00670795,0.0253856
149.252,0.0154106,-0.120348,0.0079616,0.0257943
149.274,0.0150033,-0.121901,0.00921116,0.0261964
149.297,0.0145908,-0.123425,0.0104564,0.0265919
149.32,0.0141734,-0.124921,0.0116969,0.0269805
149.342,0.013751,-0.126387,0.0129325,0.0273622
149.365,0.0133239,-0.127824,0.0141628,0.0277368
149.388,0.0128921,-0.129232,0.0153876,0.0281043
149.41,0.0124559,-0.130609,0.0166067,0.0284645
149.433,0.0120153,-0.131956,0.0178195,0.0288173
149.456,0.0115704,-0.133272,0.0190261,0.0291625
149.478,0.0111215,-0.134558,0.0202259,0.0295001
149.501,0.0106686,-0.135812,0.0214189,0.0298299
149.524,0.0102119,-0.137034,0.0226046,0.0301519
149.546,0.00975158,-0.138226,0.0237828,0.0304659
149.569,0.0092877,-0.139385,0.0249533,0.0307718
149.592,0.00882044,-0.140511,0.0261158,0.0310695
149.615,0.00834994,-0.141606,0.0272699,0.031359
149.637,0.00787634,-0.142668,0.0284155,0.0316401
149.66,0.0073998,-0.143697,0.0295523,0.0319127
149.683,0.00692046,-0.144692,0.03068,0.0321768
149.705,0.00643846,-0.145655,0.0317984,0.0324322
149.728,0.00595397,-0.146584,0.0329072,0.0326788
149.751,0.00546712,-0.147479,0.0340061,0.0329166
149.773,0.00497807,-0.148341,0.035095,0.0331455
149.796,0.00448697,-0.149169,0.0361735,0.0333653
149.819,0.00399397,-0.149962,0.0372415,0.0335761
149.841,0.00349922,-0.150721,0.0382986,0.0337778
149.864,0.00300288,-0.151446,0.0393447,0.0339701
149.887,0.0025051,-0.152135,0.0403795,0.0341532
149.909,0.00200604,-0.152791,0.0414027,0.0343269
149.932,0.00150584,-0.153411,0.0424142,0.0344912
149.955,0.00100466,-0.153996,0.0434138,0.0346459
149.977,0.000502664,-0.154546,0.0444012,0.0347911
150,1.01569e-16,-0.155061,0.0453761,0.0349266
